candidate_id,phase,state_sha256,snapshot_context_sha256,parent_group_id,root_cell,full_cell,trajectory_id,trajectory_step,frontwheel_tangent_mps,hip_deg,hip_rate_degps,knee_deg,knee_rate_degps,pitch_deg,rearwheel_tangent_mps,roll_deg,root_vx_mps,root_vy_mps,root_vz_mps,root_wx_degps,root_wy_degps,root_wz_degps,root_x_m,root_y_m,root_z_m,steering_deg,steering_rate_degps,yaw_deg,pi_0,pi_1,pi_2,pi_3,pi_4,pi_5,union
pi0_causal_upstream_000000,upstream,c5320fc2012b263ab477b4356c4bc68995cbe53d5a44c314a8528bac2e0fdcee,e7fa97272f6f7e9b8ea20234984d4db4761dc0f0c6f9050328bf362b5092a88e,dense_v1_train_x2.88_family0,f4c84c0e49bc2a7bfa82e4b9292d2b9acda8304c6aa2cb0e4d1d3ab8bb02dab2,70f5c00a7ae3293f0dc8c8ee065bcb53f4b5a0ae302ae7b28858485f75a2df36,dense_v1_train_x2.88_family0/variant_0,8,2.1717411613464357,-61.77248357059461,300.5249903482461,136.80123050878174,-378.7011772484343,0.591226322462935,0.8961340618133545,-2.3048014856589627,1.8638012409210205,0.21727809309959412,-0.3953997790813446,36.65433995446766,-139.47665658781077,-9.592880307198786,2.7895309925079346,-0.005349702201783657,0.12026948481798172,12.88933023745381,5.995555421362825,-6.1686276875984465,1,1,1,1,1,1,1
pi0_causal_upstream_000001,upstream,ac978f5719b45527466a9f3c290adbba5ba8e713b3683faf58d4ad3afbbc5981,47a6b642c1b60250ae07eef19b53eb062aa269922ebb974bdea0d68a6ea511af,dense_v1_train_x2.88_family0,fe0344e28c8aea930ad8715f7671507c21b632b431fabee5fa68d9df473f31ec,6c305eab968202ea904d85f21d06ae93745ad4957098d86de589814dd6ddf6c8,dense_v1_train_x2.88_family0/variant_0,10,0.6914955997467042,-44.291847239092164,533.4972787860451,114.54138445652173,-816.9653196822883,-0.20553878050182223,-0.5961006927490234,-2.6068488290952763,0.3512807786464691,0.04996239021420479,0.07928917557001114,-17.705537385398042,69.7282332743121,23.37114515097777,2.8285956382751465,-0.0024075317196547985,0.11920846998691559,4.452166176032193,117.85957231758397,-5.182689259333147,1,1,1,1,1,1,1
pi0_causal_upstream_000002,upstream,7b2fa9c6db13632a8094bc7c6b3e25beb8f00c71539565a109c9115fd00e667c,efd85608fa524c64768d538752c8b7b39634b985072d7413d976973f1ce62b1b,dense_v1_train_x2.88_family0,959c62fc5fe8016b480ecb22103c4f4fdb4603bad04e143cae0985a590ec37ac,221af31daabe5d2dab76429cf19442b56f6bf13f22ef509e2b549f2981f7f26b,dense_v1_train_x2.88_family0/variant_0,14,0.0187802529335022,-50.311808633906736,-193.814499737414,64.3521162465142,432.8943843121734,27.329509338302696,0.7830743980407716,-3.7877170437638146,1.8497318029403687,0.1311715692281723,2.9240214824676514,-21.27785438736165,-16.81737032158085,40.10533401375162,2.90097975730896,0.0032264525070786476,0.24716484546661377,4.723737485639663,181.16787173438013,-4.1511676807953375,1,1,1,0,1,1,1
pi0_causal_upstream_000003,upstream,81620bcc5e4f116f2cfeb7f7ff1eb2b675d63731170319808118c419316a7d5e,70de031b5fad5f972999072fbe73de17021c5d7bbac9395d5de3781837558b4a,dense_v1_train_x2.88_family0,bd74f66853bb54fae5a49ae6390e056ea9396c32e1883c3b4b7f2c2973acea83,16ed3774813a58b85248a1417f6d202bc3bff662e5f15b47d9897c01e3b5de71,dense_v1_train_x2.88_family0/variant_0,15,0.2621258091926575,-55.91500213085089,-198.9746939949803,80.39388785198884,991.411247084622,25.355328686303256,1.0592166328430177,-3.8067268686710594,2.2668111324310303,0.1646699160337448,3.4943552017211914,-19.826304292497834,-242.82666680623987,28.71703859169837,2.9430251121520996,0.006296706851571798,0.3139354884624481,25.644744370945766,228.23719149379588,-3.310318147869055,1,1,1,1,1,1,1
pi0_causal_upstream_000004,upstream,5a50683b9606ec1359e15441506eee4d8857967e14204b3d06bc93a0eaedbcd8,1191d344f95e553a38a917b424159e0cccc410da46f4691ab808f291124d51b5,dense_v1_train_x2.88_family0,b2084eaf07b54fdb0991ed4445ce2679dc721ab6d9589af45881476c71397004,71470c3d98c83c861d86bfe6caf169378cf1659a15a81d6afbcc96e385970270,dense_v1_train_x2.88_family0/variant_0,16,0.03289610713720322,-59.38479970091989,-133.05066435250103,92.95825988684824,334.3678400252289,23.16551005447382,0.7908065509796144,-3.877897553461571,1.8205162286758423,0.13831642270088196,2.56577467918396,-19.91258836473531,-23.13786345497057,31.55092505947168,2.983466386795044,0.009360537864267826,0.3745925724506378,35.612469728663086,-116.00827686380869,-2.5237874102240325,1,1,1,0,1,1,1
pi0_causal_upstream_000005,upstream,0f1df11d901c48f833c1f4bc441a8f73b67d74fac1d4b29ee6733378748063b7,ea34e62e5cbf07c785845266db09612b81a81f67169fc38548d80a6982f69c26,dense_v1_train_x2.88_family0,432b733dd78838f43dbf6324fd49f8b34551db14d27db7e92ea3d024266a4b7f,3ec99dd49d10c3cedb1d1636ef704a7dd8dc1c08e43c7d043738134c69883614,dense_v1_train_x2.88_family0/variant_0,18,-0.16845262050628665,-58.92361166778229,199.82950582998572,82.22572409681874,-783.0586213969442,27.80072115868797,0.5422752952575685,-4.195861931049997,1.0311883687973022,0.03885818272829056,0.5178003907203674,-21.10291787479199,180.28363544443027,40.55500976304317,3.038538694381714,0.012843693606555462,0.43274354934692383,36.07195362960277,-28.93382538085999,-1.3485434196673103,1,1,1,0,1,1,1
pi0_causal_upstream_000006,upstream,ca4e0a75cfcaa7cfc87881ba1c91b5263f4b83f84156fafb16c597c7449fdd97,704644968dbffa70381a553d3b20b603e0b19504678dabd99f841ae6c27fd52d,dense_v1_train_x2.88_family0,025ffc966ab7244b6173120d7a46e59afdd272d2c1e06fc8b48a770fa0b4d913,43842ce18e66b8446d8258f5b3665f0bdb5915ab4362b77605f2f148ac05030f,dense_v1_train_x2.88_family0/variant_0,20,-0.01497214883565903,-40.45148800088787,345.0318143763698,57.09451432880956,-692.1216467119345,24.171614651663674,0.7412068176269532,-3.973932635188982,1.157812237739563,0.04787469282746315,0.41759249567985535,-16.520405649299743,17.463292773652494,51.03374938389333,3.0853710174560547,0.014432222582399845,0.44850417971611023,30.801769420737173,64.22610608651664,0.8372221661402373,1,1,1,1,1,1,1
pi0_causal_upstream_000007,upstream,30557fc8cb16ba30d0999f9ffd59fb3446977557c5d00ff8086d96c3e5b3204d,516428470229491c137f40a0bc2550fd54d520ef48454a2a6b793564d89fb7c5,dense_v1_train_x2.88_family0,356ffd70475eda8547a3070635767743102349e1b9f6bbe1b6d2d0f996dda925,35bad84da986dde09c89f60a19815aa444cba685cb2d621181646caf8627c977,dense_v1_train_x2.88_family0/variant_0,22,0.027172878682613377,-27.28479061142901,345.59754528494364,32.77564969464125,-600.8553476259035,24.059940386957656,0.7941347980499268,-3.5893267061753615,1.2968802452087402,0.06108887493610382,0.40518277883529663,-16.09146293923377,-25.83341127129444,63.549008943525756,3.135232925415039,0.016749657690525055,0.46661919355392456,30.22604253031304,-0.9912529745260799,3.370873173518483,1,1,1,1,1,1,1
pi0_causal_upstream_000008,upstream,691cac33511d6b5938125564eb269de2938a3fec7df11aff4fd97ffe418a0286,b411eb2d724054b5a409594bf2be2d24a809a35ea0fe2f536daf2fd3219c274d,dense_v1_train_x2.88_family0,192d6210f34e1f1b63ed1c9435229e06dd5809deddf3780bfce010f41b94586e,4b13f9a8fc16edad8aff1da95e316645675317bfc77d39edd3e77d46586b7f18,dense_v1_train_x2.88_family0/variant_0,24,0.17443738698959352,-22.114308381425385,193.59813300488634,32.40999551742462,42.77086997886246,20.535917121869442,0.9643619918823243,-3.0472844324062573,1.6751917600631714,0.12040700763463974,0.3597215414047241,-11.072051687066136,-165.20409405903789,57.98800552508477,3.199943780899048,0.02117261290550232,0.4888298809528351,29.642112582695727,14.59582226573023,6.208498011966491,1,1,1,1,1,1,1
pi0_causal_upstream_000009,upstream,271e4371af88dde84d28882c4cc0f65b025b44a610dc1600bfd1f3e2a256439e,863315064c7f6e6b9ec60da01d78127284e2ca5f81d4ed3409cc7ec04ec14f47,dense_v1_train_x2.88_family0,8e4384073fe1c6a3b0ba6d80c82b4e7661aac695cc08581d22c00ecb3644bf73,60a7a176a08395d7c024637c59e2919a1ebe87ac6e37d82ec44fdb99e39e6cf4,dense_v1_train_x2.88_family0/variant_0,25,0.12189281821250916,-21.893853780679468,98.04413485605562,36.16568090048827,107.39359149010339,19.075453919597646,0.9019023513793946,-2.7964224019527326,1.7173563241958618,0.1366695761680603,0.29728442430496216,-9.3368071237049,-114.0801349516816,57.76504766000805,3.2347633838653564,0.02399100363254547,0.4980863332748413,30.082219236960086,7.582811129751041,7.546119347551972,1,1,1,1,1,1,1
pi0_causal_upstream_000010,upstream,5b857b212cc7a08ae2d0ddaf32cbf3547c678e047359f21dfe5ac83a1c07cebd,76ee076fe06beaf30848c3092521897da05e948aedc7b0138aef1c9fa08a7d5c,dense_v1_train_x2.88_family0,a822e3ffd6a0c62cfc9d91bc16979e03df8cda8d694008f6a388d2b26282b399,0bc5243e8c64d625363c78f12e67be92630c2fce1adf0ea171103c5a66e44586,dense_v1_train_x2.88_family0/variant_0,27,0.1205853867530823,-23.414002880472307,66.28004642277702,41.06377689393908,174.9304473616761,18.772555976929237,1.0165259361267092,-2.32531735563596,1.7758209705352783,0.15720000863075256,0.00822245329618454,-8.702674431914346,-115.47643735389647,54.5777398838216,3.303226947784424,0.029738131910562515,0.5071935653686523,29.623783770057997,25.50144870970619,10.091975684700103,1,1,1,1,1,1,1
pi0_causal_downstream_000011,downstream,98d4a39179fa0e6c5bc8e2e950cf355f8f970eded56713202b67461e44688074,e9b4ea847e3c2b7aba5699d4d773c4a5f7a30bfef807301c8a34f57b62c738e8,dense_v1_train_x2.88_family0,7b10996a02d147be9b5b960b024b5e90cfe987bd885c166990fb28326a42a466,10d99aa8c1f25f6fc98d7632a1004c309c1f6f691c1ee50ecc18172e344f570d,dense_v1_train_x2.88_family0/variant_0,28,0.04593672811985016,-24.913125242905263,-10.502155216872259,45.645553166548254,166.1457312587725,18.346369279135256,0.9367105579376221,-2.1111385365017346,1.7693860530853271,0.16241589188575745,-0.10546955466270447,-8.29510679885593,-50.14307222555615,53.76727305200247,3.3390557765960693,0.03308570384979248,0.5082695484161377,28.601130281483254,35.89109022038083,11.292246947610737,1,1,1,1,1,1,1
pi0_causal_downstream_000012,downstream,13f4940602618bd95f17166460b328db713b121be0e3d2ad6df164b7c1383fca,f720a8f15984013322ae8fca549332bfb1dd24c75dfccffe85ce6ba930937894,dense_v1_train_x2.88_family0,a126baee4e551d727980ccd25faba8f3cd8b9c5e0b091aa6be2580a2dcd0584b,c145c3f379adacc11da258e35706a155d2f22689a2173a1c6edea9ff98cc1467,dense_v1_train_x2.88_family0/variant_0,30,-0.4503252601623536,-35.95464854570238,-496.5862808131358,60.49781317711932,13.67000207656605,21.54757004017293,-0.05947508037090302,-1.7959166382769574,1.6119178533554077,0.1362636238336563,-0.1972467601299286,-11.47651756046772,396.08277925206613,55.33357886265897,3.4144210815429688,0.04116595908999443,0.5104804039001465,20.895783850474892,75.096154075106,13.389093749842992,1,1,1,1,1,1,1
pi0_causal_downstream_000013,downstream,c15be8bf4655c5ce772b360aa2709dd0c3a1180656b74667e76fdee626b7f710,2b5ab996b451bc0de5778c9767bbb19f524a2ae5ebee79cc833df915e2502efb,dense_v1_train_x2.88_family0,4188ea1f63abd9a07e5bd9250df3f4aad215d042769f9e2a02479de238843d1f,20c20479ee2d872f15384f8c0bcaed1237a74dd5e0e40fe6d5172ebf353ae379,dense_v1_train_x2.88_family0/variant_0,31,0.2952210092544556,-38.5140706918679,-47.74420392111554,67.2818507589103,710.4379737638609,21.05258508689419,0.7133103179931641,-1.6562750647890296,2.196870803833008,0.29655584692955017,-0.07724066823720932,-11.185406360305315,-236.46827978333494,36.1321685773256,3.4524357318878174,0.04534138739109039,0.5046286582946777,13.972829612475966,129.99106745341547,14.398340437667668,1,1,1,1,1,1,1
pi0_causal_downstream_000014,downstream,2fd78e4dc047e686dd3d567d35cd58b3dd9fb3906f1ae3ffcb0cf8a4b08e97d8,e70d2d12e2f46ce300624b9955548a540946ab7c1ce2f0e73e82239516350d73,dense_v1_train_x2.88_family0,f37c92c9b16e706a0fd5a0c0be54a61e74b8f4f50e5420093534db9ce0c04b0d,6f04cab31b372a86c669f531513f73006e4127f6a2292f80d57ef5d089ebe454,dense_v1_train_x2.88_family0/variant_0,34,0.07722499012947083,-57.32217136403525,-243.14468041399567,111.67200832582104,616.7204563884957,18.681339905133086,0.47607077598571784,-1.6915956452802339,2.2035205364227295,0.3188856840133667,-0.1626296192407608,-16.688301944382413,-42.322553437215745,27.344508662889723,3.5878684520721436,0.06531831622123718,0.5127243995666504,4.428932860683572,102.11734548834941,16.623943876846266,1,1,1,1,1,1,1
pi0_causal_downstream_000015,downstream,618febfc1de864c83e2621bf11dff3b8254376c618e54d27bfd1ecee9358b1c1,8975c6c54cfe81c5ad752f67e0fb533528624c8f17a26daaea1bbefae56c9b5a,dense_v1_train_x2.88_family0,a4fffd461c6a440f2b4c6ad8134caeee68865ec92fd9dda97b978d3d149e2367,96e37baf2c25d3fd3b9723f7ffc426f83bae6671787776558a2dd0fa6ce9d9cf,dense_v1_train_x2.88_family0/variant_0,35,0.039358456730842595,-61.104873560360886,-192.5473493822149,122.20172847863617,444.87021943682026,17.770693242443866,0.43795361518859866,-1.8676033971286836,2.061864137649536,0.26786643266677856,-0.6199805736541748,-19.49234219303006,-11.144006876198574,26.889870781166163,3.6306405067443848,0.07121077179908752,0.5044254064559937,4.365412528289276,18.0575431371057,17.22177465448417,1,1,1,1,1,1,1
pi0_causal_downstream_000016,downstream,3468cfb790e7fb23159285594bc497aba0cc977531b702e757ee8d0e22d368b7,54f4b5ffd53190f131aa4006a881db0fa91e217b9e692d2ecf4f805d955b73e1,dense_v1_train_x2.88_family0,bb302446165e723669f18a9cb85f521f0bd95db9a3989568b2a8af45773e12f9,3408d479c7a197f91de74a1eee94a6086def360fb636444efcee1685a3061127,dense_v1_train_x2.88_family0/variant_0,37,0.0007380750589072705,-65.74569340325024,-109.85441985559977,134.63390220211,204.76144882586854,17.27580969230339,0.3952199935913086,-2.410325128213847,1.8482745885849,0.1819993406534195,-1.4650224447250366,-24.470820975275455,23.8093905786933,26.834465994166315,3.708786725997925,0.08015354722738266,0.4609379768371582,-1.7597122219589254,46.940939523776194,18.373713547406574,1,1,1,1,1,1,1
pi0_causal_downstream_000017,downstream,81a1bd32d987da1ba0162617c8e326246fc5e8137fa625eae9aebc8402e4ab4d,17ba219d9b075876e09882f6eeab6aa6b17d2ac561604bd02f542489c7aa0cfd,dense_v1_train_x2.88_family0,552546b8d417c82e6ec623f5e6b31c810e07d4a8b2179da06562bbfc1b0346cd,726b66d62ce1074901669bcb10d32776439afa192f3ba8ea6550b30024e01611,dense_v1_train_x2.88_family0/variant_0,38,-0.007735811546444893,-66.92800597876861,-80.43549053422338,137.9151250793841,132.63200107713593,17.388240552849194,0.3859231185913086,-2.7507948940835227,1.7829275131225586,0.15281182527542114,-1.8107510805130005,-26.083235685471415,31.428657843139284,27.163780149903893,3.745243787765503,0.08351926505565643,0.42746487259864807,-3.7493640429867994,37.99142461657853,18.93673526844146,1,1,1,1,1,1,1
pi0_causal_downstream_000018,downstream,a3db61b0bc0804ceecf8a066fa3140de82230203ccd3094beb7724c00460c7be,ea6c381618c907fc2b8659737eda020f902a455975a412fcc438fdb5d22f4507,dense_v1_train_x2.88_family0,4dcd86596dcff3d842e9f0d8cc1a51a96c60b26e2b5afddcddee498d131e2655,38141cc99ef3a7874277ddf8a1239f2095fab99c44c4fdf8dc5d0017ed0ecd72,dense_v1_train_x2.88_family0/variant_0,39,-0.011150968670845033,-67.58019342185645,-57.723260562665914,139.99816885169793,83.92205621870477,17.610132459492707,0.3817431831359864,-3.11462009370631,1.7394710779190063,0.13200844824314117,-2.110532760620117,-27.08584086128488,34.85263850425584,27.506910070785118,3.7806291580200195,0.0863877534866333,0.3875409960746765,-6.50297529744495,48.3849303067761,19.503183133718103,1,1,1,1,1,1,1
pi0_causal_upstream_000019,upstream,f45f66d9a9eb6ab93f23cd71512be8cd2e413431113668bc577a0a786bb51454,fe2487bbfb4778cd0353176e52fa2422aa20f523a2c723e0949be3e6e9da73ea,dense_v1_train_x2.88_family0,46c07e22738c7ecf1acafcbf5592a791be110a522240a49da2fc48bf4c3eaa9a,cb796bc70cf3b3bdf9b49c1c4fb1ceb4ccf289706098647ca8cc94a3727b7a1d,dense_v1_train_x2.88_family0/variant_5,8,1.855517101287842,-59.18981829068354,280.7713729288955,136.1510511413099,-367.03857459912416,-0.535298991415684,1.0977160453796388,-2.2023795397468584,1.6439279317855835,0.14061711728572845,-0.22754137217998505,20.865606367174482,-82.34054640695582,58.70540078417872,2.7888035774230957,-0.0049882433377206326,0.1170814037322998,18.411389624794673,-138.039461843035,-5.862907505213417,0,1,1,1,1,0,1
pi0_causal_upstream_000020,upstream,5c5fd1116bf87eeb4de3667b4de882f4af24b76b3a2bac4f89d9d4271ed1128f,770f15461eb8bb1b40a07246e1525c6c896bc7b867de8ef785de97a5bfcd3a8e,dense_v1_train_x2.88_family0,7c9557d983dd55d71706a9037c8d2a08144af967e0b8100b0827d0d363870e20,3fd6c226fa7624c1e976fc4acffa2394ff132df3e54b8a6cc684f4bd0a47c7e6,dense_v1_train_x2.88_family0/variant_5,11,0.41266014575958254,-30.90482673002891,438.3659122524872,94.40436119830169,-1001.2660625851698,1.4774216611617823,0.9051603031158448,-2.715181384081469,0.5792829394340515,0.0055932095274329185,0.35676881670951843,-9.493245776454872,90.60785518966345,35.17631433883358,2.828470468521118,-0.00217259768396616,0.12102954834699631,18.910299085170962,241.8896194936275,-3.320534812452662,0,1,1,0,1,1,1
pi0_causal_upstream_000021,upstream,ec54ab63846a44ab1ce0dff92db828564bdcb6648bff3b17cad7d074ff10ca7b,257a02125cdaf4355e7f6b76d3e09af762a6359e17e4eaf1111f4c834bf8ed94,dense_v1_train_x2.88_family0,c9592ce2ff47533510694977b6236a403ba37588577911e71ac903abe6a91272,4e9fdaa4c106e9c0a10bdc393396e4832c10b9885068c44a401b361bf9f32c80,dense_v1_train_x2.88_family0/variant_5,14,-0.04615611732006073,-42.59129064520448,-134.75771987138398,54.91066037944095,242.45857425148955,26.48658772381453,0.364005093574524,-3.9544942356156065,1.8172998428344727,0.01739412359893322,2.5647518634796143,-20.417537419885186,8.235441681361284,-2.35972171554292,2.8914380073547363,-0.0015278449282050133,0.22975289821624756,6.99448424785553,-61.342099690613765,-3.651843116554866,0,1,1,0,1,1,1
pi0_causal_upstream_000022,upstream,4fc14204e8cb7f29ce8f70deb1d450b6172318fb933d494a6685e80fdd5baff3,5f4704d89cbb1dc3161da978e98e80dd6ceb0ebbc765ece1451d5f6305057475,dense_v1_train_x2.88_family0,cf5433dd6a30228c181dc4b90e83decdfac11040cfe2863b5ca62fb78ba19270,1593169a3c8a34b4e7c747e960f4304cf26be050e1c15c7ea5debcd3fdd8ea03,dense_v1_train_x2.88_family0/variant_5,15,0.20769288778305056,-48.28336880891259,-272.0398230184913,69.51111522097574,1073.960585544316,24.99086261151502,0.6490411567687989,-4.412831900569924,2.4117825031280518,0.05591805651783943,3.346461057662964,-22.482669021100634,-225.08591979567043,-11.322133940884276,2.9344093799591064,-0.0007152766338549554,0.29029685258865356,24.651725365632412,216.03559129632336,-3.764861055101014,0,0,1,0,1,0,1
pi0_causal_upstream_000023,upstream,b9dcc4bf8b27fde9fdd8d44365b3c0a7976a3871f1c885235fa5840c56bed2f4,97b57e5a8c34e609e78aa7e873d6cb4460b2413bddd313caf05c77ffb60ccca0,dense_v1_train_x2.88_family0,015f2de7f379c6b4d099da206138fc2bd59d9526b381635d4c91a44c6c72d2dd,efa8abbb5050a81da5a1f1070bd8e4653213b1829f12db5e7521ae25aa12915d,dense_v1_train_x2.88_family0/variant_5,16,-0.01590413048863411,-53.75862944760782,-234.0705282148236,83.75681345211466,482.8018115962695,23.459664293198266,0.39274503707885744,-4.931568674632882,2.0229501724243164,0.0339055098593235,2.6866016387939453,-26.747474997349737,-15.300253825779496,-4.8251009080172365,2.977863311767578,0.00020100073015782982,0.35040852427482605,35.76667490955446,-72.00494023035245,-3.8307228578847083,0,0,0,0,1,1,1
pi0_causal_upstream_000024,upstream,51da348c0475bb46814fd5ea82634c79b6b921916d79dc3f6806dd16da875156,60d978fbeba5669523dfe4bb4a3e7fd219e1b806839c233c11d27a295f398d3f,dense_v1_train_x2.88_family0,37c3b56046e4b988a9fd70be0bb5e71f4acf9a050b7c6c5087d3c079228690a5,16a740708c7892edc20d4512c137fb655050e6df4b912c1eb053b66daf4b02b2,dense_v1_train_x2.88_family0/variant_5,18,-0.2987944889068604,-56.6281695028486,136.0571223798439,75.8596599412867,-917.9474809003924,28.92426547717084,0.5574535465240479,-6.310292475306848,1.0395132303237915,-0.08967652916908264,0.4483276605606079,-25.282638477002955,274.65422818747544,3.518066730376899,3.0388362407684326,-0.0008486812585033476,0.4126100242137909,36.336579063711156,-11.143188107271818,-4.5076030858357825,0,0,1,0,0,1,1
pi0_causal_upstream_000025,upstream,0a3a4673451c414924a299098e93cfe75de79acf67aab2bed72f396b093addb0,412bacec65e26a5a459bbfa140924d93f21f5035a3dca8f8a9ad2eb38b29d73d,dense_v1_train_x2.88_family0,32202089443e78497b424aca640782a68a7fa7c066e6ad2dbe4c9cc730b78177,2f43f943e1925a0257d5f7c16f51f4f3d83af463c12aa579d830e12e2bd656e3,dense_v1_train_x2.88_family0/variant_5,20,-0.010939236730337145,-37.56262875557971,363.47070234276293,52.186709221453576,-666.4199180727433,23.630547566935803,1.0287840270996094,-6.918491655264597,1.277703046798706,-0.06327002495527267,0.3954315483570099,-19.773754524571046,-17.968610659017546,0.6935170244772905,3.0906431674957275,-0.004220528993755579,0.42809489369392395,34.00374502816622,36.86058093155078,-3.9378916048560533,0,0,0,0,1,1,1
pi0_causal_upstream_000026,upstream,e1b098009ee16fe3f3f62564cc2ec17526cef3ab96c8463dd5074aa56c0465b7,9052974567f916a70926f16e001c0a2ad723464508e6d08d205ec8ba6b3fc6b2,dense_v1_train_x2.88_family0,a1588164aa85f591eca210f473002f52d8f7e5c9035197c24408971ac5d57b0f,2dd095b3d3cf1d6161afd05d3a17b54372d0abfa0b0385d0e09a82857b59e4c4,dense_v1_train_x2.88_family0/variant_5,22,7.80847144778818e-05,-23.665265049469568,388.1888837414723,30.517746249385947,-693.1206028591839,21.33685658090725,1.04563307762146,-7.543777045532239,1.344664216041565,-0.03286261111497879,0.2943805754184723,-17.69372798832309,-31.75033584738479,1.9652215150272079,3.146087646484375,-0.005876584909856319,0.44494715332984924,33.73829655626285,-11.426042462501325,-3.6246289138522494,0,0,0,0,1,1,1
pi0_causal_upstream_000027,upstream,4e54fd41a4eba6e99d6404b6a6cf8e771d10760379994996de9f6c8dab2cb494,34ad1e92099a3b3ddbff707f0573beb33eead5a8c072bdbd512ef1f5cca6fbb9,dense_v1_train_x2.88_family0,2fd5a312f9ed59f9ba4abae6e5cc9d439771d224efcf1aad0e51c8c3cb6e3924,b4dc1d5f3468a8bafa1ddb4d0159ce8b34c7d24eeff5a5f169e4eefc26c893a6,dense_v1_train_x2.88_family0/variant_5,23,0.14400037527084353,-19.830241896554345,293.8543270764881,26.429113049946274,-151.95397786169835,19.91861721164063,1.221849594116211,-7.8317084817894616,1.657088041305542,-0.007515707518905401,0.3373977243900299,-17.206151519327147,-176.04673249848798,-5.819758304957745,3.178088665008545,-0.0059166583232581615,0.45445331931114197,32.69336982080469,26.90621883894459,-3.453999277939523,0,0,0,0,1,1,1
pi0_causal_upstream_000028,upstream,77b0a7bc031b5c9c795139160d9b8a7f23924f7b84eb3b9da931c5471531e7a2,d6818c53ec6fbd76e2b7b9a61eb84a16f13308caafa3e355878cf1b1aecada2e,dense_v1_train_x2.88_family0,7b73b53806eed9f999da5fa66639ba51347f2ffcd300b077a01e42ba7ca9bcc8,69df8d05fa09a1ef674536050d8558c5b7533e62ea80f588f3b8b0a16ceaa9d1,dense_v1_train_x2.88_family0/variant_5,25,0.0976152515411377,-15.923208059219679,136.37734896889074,30.08492399187141,44.407352568146244,15.299324627201717,1.1641676330566408,-8.407350968504359,1.7903542518615723,0.02353350631892681,0.21152421832084656,-18.13574709555505,-128.85400488114843,-6.532152158031952,3.2494022846221924,-0.005060162395238876,0.46971896290779114,33.87426854716488,-4.473615104460149,-3.0269112191795777,0,0,1,0,1,1,1
pi0_causal_upstream_000029,upstream,920ffcf1784ffef2c1aa9f133c6fd293eda300d1587b1c902837a78558c6aa81,6b426a0f5757aa7cae0b799a8d2f4616e4a1a85405ba96541d7ca071c0db9315,dense_v1_train_x2.88_family0,1f84c31ce1c890c9d81f99d368ba4977920723a33445b666878c945ba1e038e1,b0fad172659ae929721aa2fcb9a36d6865a0b8d43317d6f779b4f2e3ef201b41,dense_v1_train_x2.88_family0/variant_5,26,-0.009980988204479218,-15.910176058283295,73.0062049815413,30.36309027600935,-101.85376848827862,15.153953693921576,1.0303221797943116,-8.77973617376681,1.7029354572296143,0.029089897871017456,0.05177323520183563,-18.140996095932206,-19.325275765931547,-2.5997093766546038,3.2843260765075684,-0.004321945831179619,0.4738398492336273,34.57757995619026,1.656255026435625,-3.068804281920291,0,0,1,0,1,1,1
pi0_causal_upstream_000030,upstream,1d2fd13be874f81c09b50b8ec39a50997c2387324755aa8f5160fd4ba9f5f73e,56f3810b529a6984c4c551c0105da45af9f8097e575544002fc7ed54ae26b16f,dense_v1_train_x2.88_family0,85f3be230dca7c51ab9da9ae9d3aee89b43f7be8f16ba5f01c377c5a26497c34,1e2dea3a9abef4b1b33997f3a2107181a94d6321453f584e6716ad5bdb683dd3,dense_v1_train_x2.88_family0/variant_5,28,0.03252642661333084,-17.694465648753454,26.518421188438776,38.23229465275361,96.6328538489909,13.35638861988665,1.0830508899688722,-9.514807759918876,1.8451638221740723,0.05065536871552467,-0.16929100453853607,-19.454453426156707,-62.492645056302415,-5.409901704753728,3.3592655658721924,-0.0020305425859987736,0.4763876795768738,34.92721050961404,12.471929693311514,-2.9922744579338665,0,0,1,0,1,1,1
pi0_causal_upstream_000031,upstream,2f17f84c5c01b6f389dc7b11982551c145710f6d742188f0f775038c12e70bd4,18bf5f69abb28196632d1e15e15f911fb00bfa4163b1a2cb1ebcd7dad3a23997,dense_v1_train_x2.88_family0,6d58e0446bd4b8638afc9ab0fdfde62078203b246f67b9c319f32413ed9d77bc,7ee507ad6b1ca40ca616997fbc2e6240e682d6a589c2c49544996ccec5d52ceb,dense_v1_train_x2.88_family0/variant_5,29,-0.04635183691978455,-21.392311282378138,-92.83175112304126,42.575017719506924,139.90271012785783,14.504292942471668,0.9883197498321534,-9.968171403665059,1.8629705905914307,0.07177960127592087,-0.22865185141563416,-19.92105096911696,15.044324930031825,-3.387894210410446,3.3969292640686035,-0.0003518543962854892,0.47524356842041016,35.01568536502781,16.66231819723239,-3.24787650663768,0,0,1,0,1,0,1
pi0_causal_upstream_000032,upstream,feb28900dcbea2c170ff82286f3897be3cdca33d31519a7d90bb49b2efd0f34f,81b37f60706184465a9385b2205548c45e7f0148d18040145154806725c7bedf,dense_v1_train_x2.88_family0,aee99e48f58925682c5551ef4727910f4b7f5c2ccc40cc05a9dce578a121aef3,65df858efd38e79959f0e37d2bdb98314553bbb469b28667ffb61170e2359a4a,dense_v1_train_x2.88_family0/variant_5,30,-0.009418423175811768,-24.46634037117993,-61.14472771416791,46.79719477759869,164.93419230379564,15.190649201882549,1.0320332336425782,-10.422193363792578,1.8958765268325806,0.07428126782178879,-0.4025532901287079,-20.52698607869276,-20.717635441448035,-4.298704205099877,3.4349262714385986,0.001385941868647933,0.47057488560676575,35.60799253966214,4.6028162434605795,-3.442820009715248,0,0,0,0,0,0,0
pi0_causal_upstream_000033,upstream,368b21461b5bbbd9ac34d1d4a19ac2c61d15cba68c4a9861a5df860e6d95d89a,7482cd73e86916e7a39b0d873cacb644d76498c01ddbb0748e17a48251bddac2,dense_v1_train_x2.88_family0,77b568a834ea1d20921e89799258277e31e4ede95283a2a6ad04b1db98fae910,a94dbddb119041f798abdd72e6eebc0e3d5277445ec6f18dfbb6387cc99f69ce,dense_v1_train_x2.88_family0/variant_5,31,0.01523835986852646,-28.596569422664977,-115.24712058270246,54.014139994268824,340.8611096238633,15.504002391712152,1.0663447666168213,-10.883376968354431,2.024378538131714,0.10781775414943695,-0.39123424887657166,-21.79332876402251,-48.78575654312371,-5.649129934207071,3.475094795227051,0.0037155889440327883,0.4655629098415375,35.23430605998157,17.90562948468086,-3.5875961771471543,0,0,0,0,0,0,0
pi0_causal_upstream_000034,upstream,83f26b0d87686e4f36426e5f3c7b5a8c39b6012bf6c68012e2ae57bf9dfd4781,96292f3caecaab63f4a869b87e8607df1a95b982d1ec3d28eb6af9642304f3d2,dense_v1_train_x2.88_family0,0d8bf4db6d1ebbfd96fe941af43488c5bf944b63f3d2d64f87b4755dd3d6139d,338d435739e78297536db549178b1825a75ee3f4035dba5c61d7a7852002c3d7,dense_v1_train_x2.88_family0/variant_5,33,-0.022330964207649233,-43.59452932106346,-296.37108786109775,72.52001162585229,598.1914645665718,19.63857458636991,1.0411686229705812,-12.118232591476575,2.2264223098754883,0.20712503790855408,-0.24064242839813232,-25.82807518600537,-14.003387025048957,-5.6937703430749815,3.5585243701934814,0.010758616030216217,0.45675066113471985,35.732568359934,3.518774935616465,-4.573484298872863,0,0,0,0,0,0,0
pi0_causal_upstream_000035,upstream,a14818e050aa5e80c3e0bfa92645e1c892d509c383481c21033270d39075bc1a,d92c2f8c8b18edb582845c8c3bc114862cc173a18f04623f6ff15d7ffb0bdb41,dense_v1_train_x2.88_family0,94f31b02024eb571ea3027aecaeebb4b5d16362d723a607ecde4c619f8fb1149,b135c35433486ff3545f1aca126a95d00a6203b8587c51bb0a9c9b77457260a1,dense_v1_train_x2.88_family0/variant_5,34,0.008461468070745468,-50.9521456987846,-285.7146540388006,86.3071855976299,654.2742024830599,19.682759150936043,1.0833274650573732,-12.724561558951102,2.301823854446411,0.24571442604064941,-0.2247936874628067,-30.458866603645852,-48.521759486418965,-6.667647316352549,3.604515314102173,0.015820421278476715,0.4547423720359802,35.78669077891718,5.479564511645981,-4.707358187744943,0,0,0,0,0,0,0
pi0_causal_upstream_000036,upstream,af24cf5805805c879be2c8def7e92085d9ada9b34c613989d5bd3d0c0a720bd6,7215148a368c971f52f8fb11808c63cf680f5c7dfd7d5d997ff409e21559d567,dense_v1_train_x2.88_family0,644d3ec6181947eec924ef9cc99542cfedda9949896e3067d71781249ce2b05a,09c0054c5ec5eb91db79acc5b4e001bf67f3e0d22ea1ff9473ba37cb732e259b,dense_v1_train_x2.88_family0/variant_5,35,0.092836971282959,-56.83584481965742,-210.07652445305405,101.33590354540824,733.9917445128665,18.066697720643575,1.1936915397644043,-13.329096464773786,2.4082696437835693,0.2851298451423645,-0.2010483294725418,-38.08315747222638,-138.86804575162762,-7.94367392926491,3.6523303985595703,0.02161058969795704,0.45274630188941956,36.50282586810926,-6.899041745714711,-4.472589537234595,0,0,0,0,0,0,0
pi0_causal_upstream_000037,upstream,1d0cdab06609c3280fcdaea3f4710442be09f8f2f82a35e1ebaf22996b25d3d1,e619469dc53d9c68991ca2324e5c7cf23aec61ffb129169e23be24e762e0e0e7,dense_v1_train_x2.88_family0,a8b13a9425d38ada71f52746a698f35182713c1ae895574206bd13f8b02842e0,bdcad2ea9080937eafa1b20f56e4f3657ab9d2540aa76e4e45191b1ad035dc6a,dense_v1_train_x2.88_family0/variant_5,36,0.06388115584850312,-61.098378050460205,-151.60936749731454,114.4411036191276,566.1372228671619,15.99344925151919,1.1656137275695801,-14.07435264617686,2.2967748641967773,0.23656600713729858,-0.5826222896575928,-47.65727610354879,-115.91870576303315,-6.465195813598317,3.699312210083008,0.027030382305383682,0.44575968384742737,37.213408013506125,-9.636445815046068,-4.096583541597061,0,0,0,0,0,0,0
pi0_causal_upstream_000038,upstream,6c9af081316347c9d1bbb2fae714c93edb936ea0d514cf1ff7245efd0daa0350,e8c4bbc222f5db75f347f7795dd0017e5d9458ead2a45be889e55982c2d909e1,dense_v1_train_x2.88_family0,8deebe415d99b93ea16b3adfdd68728ec0c83e9d85092bf9fce8443e976cebc8,066221f1998bdcae65dce0068de4a51acb960c0eeca4bc17d0e7f85363e3175d,dense_v1_train_x2.88_family0/variant_5,37,0.02924958258867264,-64.28010556209475,-105.26042778966003,124.13468567412812,404.20931100579065,14.443854841742144,1.1303173255920411,-15.048393689327,2.173274517059326,0.1695195734500885,-1.0287034511566162,-57.586759232103205,-87.00679504412514,-4.899698526584824,3.7438101768493652,0.031237974762916565,0.4301970303058624,38.030565015617285,-11.734162541244356,-3.798608765815335,0,0,0,0,0,0,0
pi0_causal_upstream_000039,upstream,611ae0fac5ae3284bc50e3abf8134622638f0c46360c1720e4692d7ccab145a9,bdd7ced98c1d1a97874fe6bd72e8dbbb73f84d46637cbe21ce1e05870d51f552,dense_v1_train_x2.88_family0,38d4844c15ed069e2b4f148ee8d1a001ecae5d4048495c06d5b44d2f16e423e1,08d04e5353358aee3ea713913b03cdecc0610ac0ec13207054b81685d1412085,dense_v1_train_x2.88_family0/variant_5,38,0.003922178857028485,-66.53832319605188,-64.51908022077515,130.9102469911591,275.89704940885093,13.336379349269423,1.1062199783325197,-16.23659346376781,2.0720419883728027,0.10344846546649933,-1.4540934562683105,-66.68670222558123,-67.28625623092495,-3.6140255521302893,3.7860236167907715,0.03408968448638916,0.40578335523605347,38.36806173798054,-4.314038833560202,-3.5660255828365535,0,0,0,0,0,0,0
pi0_causal_upstream_000040,upstream,54e6b6d1cb6aaed6229f622691f64568ef1f5c01932232b432ad21df8d9a68fc,7fe7316dcb05c0fd3deb702cd0bab87db8c703f1f4d96b45d61677d308ef1d89,dense_v1_train_x2.88_family0,b174a921c595e37318c33105272eb5e78999916366d322950bbb9027d9ae286c,c2ad6855e091d7f935ccc88a47473fc72351548fe4c77d7dfd9eaddfa1f6afb2,dense_v1_train_x2.88_family0/variant_5,39,-0.013633327931165697,-68.0278166993024,-31.20273567596277,135.4627319975127,181.45598277394961,12.519839942633118,1.0913805866241457,-17.603137529564744,1.9978735446929932,0.046976931393146515,-1.8301160335540771,-74.14119117630067,-55.12656948929422,-2.608757669757578,3.8264708518981934,0.035710569471120834,0.3733067214488983,38.05754084774425,7.5906812152221885,-3.3710145866577585,0,0,0,0,0,0,0
pi0_causal_upstream_000041,upstream,457ffa7f046fe64d3247ad624b15225a801a38f107ce82f59a00e2f6817d3f4c,166c545f3e59029f29cb9fec07276af43aed79af5130cbb660d03e1dd1dd7951,dense_v1_train_x2.88_family0,4e847a7aad45a3242534ff10d723b5ec73b3aa0b2aa4d92b54e5ec5bcd0b39ba,e8f13f5c64345c0e3aa848ccf53aa3fae60277e21dcb6cf0064823f906dad61b,dense_v1_train_x2.88_family0/variant_5,41,1.4954766845703127,-68.61156564690671,69.3433726051494,142.29609037530034,434.27596765672683,9.927169522541753,1.3091742897033694,-20.80508593042858,2.0405519008636475,0.5187363028526306,-0.7314237356185913,-90.63848858809096,-233.39955775151824,-10.72800481328884,3.905582904815674,0.03838318958878517,0.2969643175601959,49.560836164853,1454.0189760223452,-2.7343521709906393,0,0,0,0,0,0,0
pi0_causal_upstream_000042,upstream,038c066cc0e8a4c69faa6e61d4a0f3dc2f603d51381860a0f8f44c37e15da593,1e6fb7aa2651ab0c679467b4f1e3be107b1f50114b33dbc2d31b1b770ba9aaa1,dense_v1_train_x2.88_family0,3f86b5e87e31a3fd4d210828aac23dcea79423c323e6dd236a648907c4563e9f,955726a29aaf1e9452ef8f6a56c71d61d4912ae7be8afdeabf3f7456a2d03bc4,dense_v1_train_x2.88_family0/variant_5,42,0.43795041084289554,-67.75165166059128,28.056250232898194,147.51495595783703,84.48487746669215,7.323441647607307,1.0847135448455811,-22.769676881345593,0.9141907095909119,0.6460309624671936,0.051462359726428986,-128.08828603367664,-49.675907776894796,-15.877153801193575,3.9343905448913574,0.05126599967479706,0.29254189133644104,60.290919916970466,-230.76365114702693,-1.8567513363868937,0,0,0,0,0,0,0
pi0_causal_upstream_000043,upstream,0086b35f760ecb712476423469eeb655ae8fb507222587d8b1870f061c02c91b,f4f3fa87b5868f4173926358198cdcf10e14b88dafcd764780e5116535eaf142,dense_v1_train_x2.88_family0,3c0d9fadd2e86e2dc76050f072df116138b233729a4f791432c6ad09aff38b64,63bc9b924c0f62320fec0dd994ebf603e43ab54ce6366bd0ff00f67e421cecf6,dense_v1_train_x2.88_family0/variant_10,8,2.1837344932556153,-61.786075647042935,299.4195378914579,136.81904364213713,-376.7307496351557,0.6152516102241113,0.8931869983673096,-2.1831852839951114,1.8558074235916138,0.2962101697921753,-0.3856953978538513,52.684575370434146,-137.0424044883749,8.379811389847843,2.7894797325134277,-0.004773613531142473,0.12035354226827621,18.36209102691281,-64.47812640651176,-6.0574149323675455,1,1,0,1,1,1,1
pi0_causal_upstream_000044,upstream,ea5ab8fd53acc4f5a15b0c072c9de0a86454d2fceb3af2e84acf591b032e15f1,5486ce6ccd93bba841953fd9fe0b6c59a3d7feee9002f46a4a02e769c35d19f4,dense_v1_train_x2.88_family0,fa4a61a27c755f38b7a515eeb730dbb6a7273177a4e81a154f990ed0cca20e45,a71fae7f98a1e0923f9c1a2bb99510c9ed46f39b4bba576615199b3385aae534,dense_v1_train_x2.88_family0/variant_10,10,0.5894631576538086,-44.850413279226636,572.3270135005943,114.6491511812462,-845.0418777751362,0.09155429853589114,0.44148273468017585,-2.1489037222137113,0.3141302466392517,0.06526694446802139,-0.10353508591651917,-12.248360526304072,43.8408771689529,31.354502479320455,2.8277342319488525,-0.00027031704667024314,0.11902471631765366,5.911935122901652,54.15026907952176,-4.526694141997108,1,1,1,0,1,1,1
pi0_causal_upstream_000045,upstream,ab0af41ce6c36475fa4ce357a8af88ca9832abdf65f62d536372c4943f2656f1,a6edcc078f253f540102eca9fc31fecefc6583a9c20fdde11342f7398ff70823,dense_v1_train_x2.88_family0,8880322ae69f0316d2b470a5a4aaf1ca6a778a3cde23ea8cc44c99eacd9bcfe3,f10379a4e5060197ae3722c1c4d8dac05effbc9f0bcf4bd51f985165707cd952,dense_v1_train_x2.88_family0/variant_10,14,-0.8661328411102296,-44.350289752725374,-342.7615141377709,37.3458624569856,-201.01406553774103,32.81263084350147,-0.29088529586791995,-4.0589644324559115,1.526723861694336,0.08239816874265671,2.910431385040283,-16.391806847606745,354.366743198053,-0.3717695177208948,2.8836207389831543,0.0034169238060712814,0.22833582758903503,-2.0972001931423065,-7.093949731417487,-5.667790601174957,1,1,1,1,1,1,1
pi0_causal_upstream_000046,upstream,6e5587f733eab0f72649a7a3c227054971a55b68798b05b893c7b9efa261df1c,fc1621169a58a22360137bb59ad7718958112cf531a47de956cca031eeadd320,dense_v1_train_x2.88_family0,21e1e9c5bc50cafd3f44e2b1afd90859c983d07d78bd62824962a67fb11381be,76f81decf8d1d6d2c11354055d8f4f3f115b8bd2e6da6624e0bb303fea6fc50f,dense_v1_train_x2.88_family0/variant_10,16,-0.03536175310611725,-56.82371098859689,-154.1703742473675,71.85803652168381,1209.9144627846658,27.936622894995345,0.6256322097778321,-4.786756305539306,2.3648674488067627,0.08494432270526886,3.5017337799072266,-17.119326154597946,-395.83489802670806,-20.136524654410643,2.967287302017212,0.006626683287322521,0.35765179991722107,34.21611268493485,152.84045445369597,-6.036222489460252,1,1,1,1,1,1,1
pi0_causal_upstream_000047,upstream,2b30382c12367ff9185e53bf038ab688883ef2ee2344fb2d64f3f8d8cf5a8169,1be1986d56baf17dfc826bf2d935de3b13835503adddc95232cb80008ef8c328,dense_v1_train_x2.88_family0,e04bbe63b9c00015baaa4527967ade7be5c30f4e3f385e74a7d9ea019faae436,caabf9736c23431c29e947d8b98d53a18f844ca2af5c464b8beb84ce9e933515,dense_v1_train_x2.88_family0/variant_10,17,-0.3483556699752808,-59.84502467738452,-120.53156964164964,87.44176881122823,409.32842850568846,23.57064191980612,0.2515861320495606,-5.166772391611461,1.8935803174972534,0.06117255985736847,2.6306874752044678,-22.861365444537405,-89.66858123538164,-12.021167090168293,3.0096518993377686,0.008165781386196613,0.4198761284351349,37.746149108388785,-20.418826618091025,-5.973053577721129,1,1,1,1,1,0,1
pi0_causal_upstream_000048,upstream,5e41659e0f148040eb7da19715484f856e86631bf253063d339341ec2052ac54,aea72da603095cec8ac37b9e6ee00b0cf6e90ccf65b582d78268e658b5607b10,dense_v1_train_x2.88_family0,37f1f6970e1e0e383cd15928ba87df2e1f6a54f22bae8781f3d434fb3011ec1a,f67e1951c8009961279db6b942835569038175361188e52efbf4b8d0599688c2,dense_v1_train_x2.88_family0/variant_10,18,-0.5785193824768067,-62.42307274941666,-89.03092160465842,89.31162188897844,-222.67805954718747,24.4672413102721,0.7783848381042481,-5.759563874567231,1.4747233390808105,0.021665966138243675,1.6042832136154175,-23.47258882807809,145.09924099180859,-7.476277254171767,3.0432300567626953,0.009054099209606647,0.46276551485061646,36.93989650328755,18.670431379256573,-6.274512002470629,1,1,1,0,1,1,1
pi0_causal_upstream_000049,upstream,e4955e5eb031cd16248a1eef6ac4b1400353f3cb1bf20650acac623c593c0872,66cb40a89b65426d6a06aaece102b255de4de87e269114991bdbcc00f4fd25db,dense_v1_train_x2.88_family0,1a7b60e88a1d3f4a71f59e61d70aad4d2be7f28a4d5a6971046a68a3db630d18,52ccaa0843da3fff975b3baf9415e72f5d9f362f642624d1e0c3b732da8d3777,dense_v1_train_x2.88_family0/variant_10,20,-0.05522574663162232,-48.49294291831068,577.3275862372573,65.40808398276567,-221.78632370952897,22.936449954187417,1.4162396240234376,-6.631444624121052,1.5412660837173462,-0.026783768087625504,0.6730422377586365,-16.30787236044375,-376.96890467113565,-15.970875949437199,3.093935966491699,0.007659770082682371,0.48759153485298157,34.67347922723182,50.578124539834704,-6.4434619760889875,1,1,1,1,1,1,1
pi0_causal_upstream_000050,upstream,235888e65b855e5d104c745294f98fa857f3e6fda2c0e87d1f24ba96bb9c2981,dd94e41744dfd13282fb57b7cdcc77cb40993fcdcdc892c92d616647fe910f40,dense_v1_train_x2.88_family0,2c47ba70e833e3664d9a447dae723fed740acb377eda9f4190f9df162e7ad585,dc5dc25b96fb0e745a59b934ebab0308f667b43d591aaac2ea2f790ff2fdfda8,dense_v1_train_x2.88_family0/variant_10,22,-0.29575036048889164,-33.95314698679477,309.44475295141916,47.28751698264098,-288.53986616632795,18.350768309681055,1.1274693298339844,-7.213194969020166,1.502745270729065,0.014703799039125443,0.6069936156272888,-14.945548441802394,-140.58489576178036,-12.744736840271933,3.1495773792266846,0.007462732028216124,0.5103338360786438,32.025507093571676,46.37140419983468,-6.2880792333145115,1,1,1,1,1,1,1
pi0_causal_upstream_000051,upstream,3ee903b344084e2fadc738d53994984c2bd9460598e7081204ebcc073b4431c9,2d09dd2b00f35778208ecc35a92c45468736da1903aa7fd46a27013fe06d7e22,dense_v1_train_x2.88_family0,5b7dfbc6c2b378197ca60804b3e98db1f33ce6875df62abe6ad5d85b5af8d819,dc6db9750928a62129edf4cc0768663665291626a2a7f6e90585a23c2ac86a78,dense_v1_train_x2.88_family0/variant_10,23,-0.39267814636230475,-26.633537196710172,345.8608627378259,36.07367483727361,-596.283983976684,16.82845041937346,1.0119898509979248,-7.51174752634302,1.3521060943603516,0.01945120468735695,0.3507397472858429,-14.35352984266049,-46.108120897898196,-9.573398900138619,3.1767494678497314,0.007652961649000645,0.5178400874137878,33.41318638195941,-4.404006939081257,-6.3063129963462945,1,1,1,1,1,1,1
pi0_causal_upstream_000052,upstream,09bc28880656bda4c388cb524891210e3e6987a18d5008a24365542dd73b5652,e7bd68e814880f56e4fea6b543656e0080cd62731040e8731c40c53bdc5c2776,dense_v1_train_x2.88_family0,32fed7873e46f9f5626e2b4e67a6c2361181ebb2eb73c0d4f411f52ac7b5a8b7,9bac519ad51f4fb75188723fd80c037715f31df4d89e877a03f3d36d89d94126,dense_v1_train_x2.88_family0/variant_10,25,-0.287589225769043,-20.002410474962858,223.98548069773298,30.84121717828858,-93.24126877510771,13.188818153228828,1.1426473808288575,-8.101260899699026,1.6391748189926147,0.04379240423440933,0.3167007267475128,-14.608497389282482,-153.04108443037592,-17.17923032871354,3.2403156757354736,0.00951383076608181,0.537864625453949,32.80094871532698,23.079231403587887,-6.372432406327543,1,1,1,1,0,1,1
pi0_causal_upstream_000053,upstream,0da2479a6d69b31f0f0dd3ff3a19c182dfcd4c3a27e3496ae143926ab5169d86,80e6a49ac2df4a3963fced26834f023a5cdf73d3b527a49fd3c34e7a94123d9d,dense_v1_train_x2.88_family0,faad76543962539c9f9baa9dd1608e2974779b3716f2414f48514c6648de8cc0,2da5ebb68805cc9b21763933eb7ff38dc6abcb996c79fa7ddd5b366d4d2d99d3,dense_v1_train_x2.88_family0/variant_10,26,-0.2761163830757141,-19.603250804772728,127.03504354290399,34.37197418669995,126.26838212932674,11.213236194013152,1.1559107017517092,-8.416513473148209,1.7595367431640625,0.059048041701316833,0.31554949283599854,-15.50056278356846,-163.89563471973852,-18.929763416758203,3.2753491401672363,0.010900838300585747,0.547352135181427,33.4849136135283,10.743794503102615,-6.4370807722026555,1,1,1,1,0,0,1
pi0_causal_upstream_000054,upstream,c25ae02bfee16be95b761ecfebc9a438c20b29d3d66d79754618584f0f180c97,a04fe0e7de5e0706f4326d00361e4cc743969b0b1a4aff5afe080a6cb914e724,dense_v1_train_x2.88_family0,fe1863f92e4a36cc009422d5cad3a8ccac91268166f81651375b81f979037754,660bdb99263dac04ade9420f7176dada665c9c520d02f11a87f048e11e103f41,dense_v1_train_x2.88_family0/variant_10,28,-0.3432085227966309,-22.930505741958154,11.162409967143528,40.12670567566459,184.2686956552959,11.048077657799904,1.071886682510376,-9.152295631306783,1.7852674722671509,0.08028417825698853,0.09887862950563431,-15.992346649093133,-95.08178619037271,-16.79045766870371,3.344360828399658,0.014403055422008038,0.5593552589416504,34.78771755619487,12.226772005884955,-7.0056970582888365,1,1,0,1,1,1,1
pi0_causal_upstream_000055,upstream,2c3f96f45b740bc4104f0b3de016afe253aea4092a789766fc3a5fe873c761a8,4797d6c77685e17e2744d9a95eb757bb5518f0967a0d580a48cb0fed62db48dc,dense_v1_train_x2.88_family0,daa8fad21333a1b361698805504099ec7c3ad2bab244a5f40d0a9a4d235a2727,e8b34035393583fd917825c9a82a5368b47cded24cfa4ddf56e4b62a548ac146,dense_v1_train_x2.88_family0/variant_10,29,-0.39804676055908206,-25.75891439801711,-64.9275323633311,45.39123107280283,200.05359067627552,10.91289712288979,1.0060009288787843,-9.53053175701813,1.7865179777145386,0.09459905326366425,0.0047686402685940266,-16.52131747955394,-41.1718475620816,-14.891615560568681,3.380324125289917,0.016500746831297874,0.5627380609512329,34.97641519239482,17.11865508851199,-7.2817222221770885,1,1,0,1,1,1,1
pi0_causal_upstream_000056,upstream,d281b5fa42aeefba7d73700e5435170dad582a03a96c111a0471089b8caa43ff,cb2d516f6d6317d13013177836656f99a3e228cb62b58650954edbc5a14e465c,dense_v1_train_x2.88_family0,d7a66ea729ef9c928f73fdc3ee4a2816e199572c14e77b95360b0e20e6c3f819,95808d564c2bde4bb2008471848fc732bb9a052c0bdb1a3d58b963df3696ce2f,dense_v1_train_x2.88_family0/variant_10,31,-0.5109998464584351,-40.28002634705845,-326.3486515245003,62.087628498899,430.5166588583085,15.041556992528673,1.2470210647583009,-10.49424271210684,1.9000481367111206,0.16798906028270721,0.12749379873275757,-18.2168453466652,68.36676483686429,-11.48101353248888,3.4549248218536377,0.022868383675813675,0.5726026892662048,35.13153561863498,15.934465918519152,-8.49970410950978,1,1,1,1,1,1,1
pi0_causal_upstream_000057,upstream,11ad7a0181d6f1cbb96b07c2467b6f9893685d74b6956427e592d6d3df62b4c7,f1b99f9da35513935eba7c0cac4c9226d717776b7196fac4065d6f82386dafb6,dense_v1_train_x2.88_family0,11f3dea785ec8f6f313dc8b5128a99518d6f98edfea5c94d2f036fc0f80c73e6,be4f92fcd2a4e2ca1c3303d3e9293e8dce5c002f3618df68bdb85bfd3277f415,dense_v1_train_x2.88_family0/variant_10,32,-0.32312865734100343,-48.96390836724515,-325.52949327696234,77.52412240050545,886.1705995227984,15.238808644636757,1.480588493347168,-10.970088907829522,2.205613851547241,0.25302672386169434,0.6021058559417725,-21.47859706216291,-122.79924708760723,-15.553682872290942,3.496887445449829,0.027629349380731583,0.583430290222168,35.07966033188873,12.86025753725165,-8.81364215184035,1,1,1,1,1,1,1
pi0_causal_upstream_000058,upstream,63a2c5d65f9aa112a0a96fbe6b3f307301b39ec352c8d198f01f5ef2fe367573,280bd1d1ec1cf574b251b3d62e74e3f7d38cbb2f7d3910aa0f79c6456f3e1421,dense_v1_train_x2.88_family0,3472465e3a9df2387db5bd83df3ea10aa64039ad6560fdf8b132b29e85fb7f8a,0ba50d939a61637358baac8bb6182a13471297945835753c7f4cb3639d07e4ec,dense_v1_train_x2.88_family0/variant_10,33,-0.2737331509590149,-55.40837967935436,-237.85393392063375,95.76016740892754,844.5750206849875,12.48910877284756,1.5468176460266114,-11.40553893411313,2.221040964126587,0.27226245403289795,0.5565914511680603,-28.123659077364344,-177.01185188858912,-14.707962019070793,3.541532278060913,0.033224835991859436,0.5970350503921509,36.045879382446245,-6.634752271536121,-8.573006311798924,1,1,1,1,1,1,1
pi0_causal_upstream_000059,upstream,9215595257e8a47d7ea55988c71879f62b057325a68c38cd4887925d0ad4bf85,bc830abb0bb6c613434f2a44010f174f728f60f8b6c1d68a682fe7a07459e833,dense_v1_train_x2.88_family0,3ddef07c6cbcf12303225dd6204ec2cd5ba08dffc11c51294c8d2636c48c787b,c6865224f95fb5ec6ab964299e6c8bef12025244d40b15bfd98b46f55829f9d6,dense_v1_train_x2.88_family0/variant_10,34,-0.3141733455657959,-60.26008161286786,-179.72179774368337,110.61709926889091,636.4277924460303,9.808957870966188,1.5028772544860842,-11.991311708113678,2.106261730194092,0.23661677539348602,0.1530202329158783,-36.068500968977325,-141.0478323233455,-12.49664814791779,3.584622383117676,0.03851230442523956,0.6049988269805908,37.548797622510435,-18.88823928169911,-8.289493581889953,1,1,1,1,1,1,1
pi0_causal_downstream_000060,downstream,32370d23b010adedbe2c8403226f135ad8a48d8c5bcfa3bf398548cd999e1079,f19202c798ce44f019771948f06dae02c0664076bda6645bbd07d0438d26e26c,dense_v1_train_x2.88_family0,8ae2d52fec5a15309793b4e5872c070a78eea2d2de14aa93dcbb2d8bb98957c7,17ce8d828df37a561e15b9388def47ec4f04d5cb5d2247eaa825ff527eb0bf0c,dense_v1_train_x2.88_family0/variant_10,35,-0.34712032794952397,-63.927975159434745,-126.70554155696423,121.49595137132042,454.238315657113,7.736399387949754,1.4675330543518068,-12.76148856719324,1.9986921548843384,0.1830134242773056,-0.32384052872657776,-44.294743239300246,-112.11015813088818,-11.002759417936357,3.625410318374634,0.0428600013256073,0.6038245558738708,38.77071504993113,-16.49746304387767,-8.071542822497106,1,1,1,1,1,1,1
pi0_causal_downstream_000061,downstream,700a7555e5f21e4dda605175383c52819a6cc6a3a7e8749b8766c6407d06509e,8d90d7b58b39eed854a63846bfd1c7d79e667238e13bc4c9b09cc11da5118e3c,dense_v1_train_x2.88_family0,c4796faf011d1c2be4c6691c56534aa477c7e74cb77631b6d9d363c51d7c0252,a1a0b7dae0fad267e489083fb12f86970d218d0979cb0cb8f6e66b528d3e676c,dense_v1_train_x2.88_family0/variant_10,37,-0.39212359428405763,-68.53349658469347,-49.03272252313303,134.29289817760792,206.98120566460932,4.855640636723115,1.426370029449463,-14.79702295886421,1.853680968284607,0.08022255450487137,-1.1834148168563843,-58.393759742918554,-78.41365891725123,-9.752810894161929,3.701616048812866,0.04834243655204773,0.5739593505859375,36.977254222952936,17.734951595058703,-7.772530721280013,1,1,1,1,1,1,1
pi0_causal_downstream_000062,downstream,cedd3f544dd56561b09ae37afcabb51c2442b390aa551decb5a309c8138defd7,771ae39f42447294215ec11dd8402a8f66ff1df7e23dfd8c7312e6461e60903d,dense_v1_train_x2.88_family0,b679c9022dd2c7f50546a43bccb9007c30d88426dd44a1da71e5e93dc4a37661,c80164b7a967c5b1dfe43d37706b4a8b076440e8440af0a84cbaf3534378d49d,dense_v1_train_x2.88_family0/variant_10,38,-0.4042293787002564,-69.82091211116,-23.915948359934667,137.6776257415644,132.94124472199744,3.759827100032673,1.415837345123291,-16.007227893396532,1.8130030632019043,0.04170941561460495,-1.529873251914978,-63.264982357079944,-69.78815452390063,-9.689092913168526,3.737973213195801,0.049702227115631104,0.5471783876419067,37.506020147738646,1.9061973680974849,-7.667095759590397,1,1,1,1,1,0,1
pi0_causal_downstream_000063,downstream,3324e474cafb3de551c4dcb9691323311c8e22f3277196d07600ab92abf45590,8988c0c2cc7a48506a1b9edabf7177493911577fe1ef25fb47b8e56d2617a6d9,dense_v1_train_x2.88_family0,e6d83cdcea38d26eba58726e5ffb4c0f3bd168d4bc63dc8e796e609d91901340,f1f18c1ad444db2ff60d4c8855277b52997c6cd18b0e081fa198edffca6a39a1,dense_v1_train_x2.88_family0/variant_10,40,-0.4405649566650391,-71.13777258313847,9.06559482591568,140.18702358224877,-27.17454965067771,2.177405016794315,1.3733065986633302,-18.64048907934492,1.726444125175476,-0.05122821405529976,-2.248900890350342,-66.70853834035776,-34.98036304173508,-10.637737886991596,3.8083739280700684,0.05005180835723877,0.4731051027774811,37.74991937281063,9.808233610408351,-7.588242657412329,1,1,1,1,1,1,1
pi0_causal_downstream_000064,downstream,cd1725cf3f079696bfec7bd0d076272a814f794fdd18af4c0818f29cdb83644a,6f13772e0e01402b60587bc83f9f604fe520c709d493004cf85cf5e584fe2706,dense_v1_train_x2.88_family0,f97c1784f218b7ef24248295e6628a3ba92eda1391638cb3fba42750c93760bd,b26a8d917f3ed79f043d467602e6c5d9809193a57bc307d18cf63d9780503b20,dense_v1_train_x2.88_family0/variant_10,41,-0.4578381156921387,-71.30804236895771,20.45736596048282,138.70690792872867,-102.05339442715058,1.9999274352212915,1.6989896202087404,-19.95286111830357,1.6916306018829346,-0.09710440784692764,-2.5958802700042725,-63.73545261729959,-14.86212621882715,-11.975509836887696,3.8421764373779297,0.048592183738946915,0.4245608448982239,37.95675116125695,5.746657351592037,-7.7599886483304825,1,1,1,1,1,1,1
pi0_causal_downstream_000065,downstream,3a1a516ce847058892e7336743ebc2a4442910a89097ab4bc1ae665b332ca9b3,b353d051c84b4916873fbd1889c8979fab4026a5cc3d2304e0609913653d8a6f,dense_v1_train_x2.88_family0,75f2514837a48ff540ab3522ccd10428d9b7a7089b68e35d9b49e8c51ea91723,4d57dbbc9b130050836902d7c41c426f26206af9335a72276ac5e978341c6393,dense_v1_train_x2.88_family0/variant_10,43,-0.4835314273834229,-70.80791542736186,43.003793089938235,129.6945689415452,-223.37393288020672,3.319793424978231,1.6537514686584474,-22.27299004534964,1.641399621963501,-0.16427959501743317,-3.2167956829071045,-50.150903037439576,22.184507358167483,-15.602023536141706,3.9069690704345703,0.041933584958314896,0.30377140641212463,38.109013153329464,9.95461907847371,-8.84844126726686,1,1,1,1,1,1,1
pi0_causal_downstream_000066,downstream,8a2c89effc1b5ea9d9c127ff099d03be09b46055b16461640ecfdaa66148c3ce,6c43be62bd43cc5dbb3ab7d0e571bb5e5d0d0ac345c998ea7af8cc7274f9f19c,dense_v1_train_x2.88_family0,0f6ecd7a7bebb05e9185699aa5807476a8bac925ee62435c040eb4c9797f5c3c,ed9b1861afcb18a8ea9be4872f627744c81a6bfb6eabbe27c6fb9d08d6bd8845,dense_v1_train_x2.88_family0/variant_10,44,0.8856146621704103,-68.67612459494168,-50.63665243083254,130.5209671896034,406.2997313824081,0.04123728567742175,1.5556477546691896,-23.8058503612239,1.4614192247390747,0.5093700289726257,-0.16836978495121002,-164.57137265508456,-206.96833758821302,40.588979708880224,3.9415292739868164,0.0447620190680027,0.2620950937271118,52.54277381307551,26.94302843592908,-8.11703284538864,1,1,1,1,1,1,1
pi0_causal_upstream_000067,upstream,0086b35f760ecb712476423469eeb655ae8fb507222587d8b1870f061c02c91b,26e2ad504d02d1be658527b2b379a889adabae117334b86059b1d30b2e87e1b7,dense_v1_train_x2.88_family0,3c0d9fadd2e86e2dc76050f072df116138b233729a4f791432c6ad09aff38b64,63bc9b924c0f62320fec0dd994ebf603e43ab54ce6366bd0ff00f67e421cecf6,dense_v1_train_x2.88_family0/variant_15,8,2.1837344932556153,-61.786075647042935,299.4195378914579,136.81904364213713,-376.7307496351557,0.6152516102241113,0.8931869983673096,-2.1831852839951114,1.8558074235916138,0.2962101697921753,-0.3856953978538513,52.684575370434146,-137.0424044883749,8.379811389847843,2.7894797325134277,-0.004773613531142473,0.12035354226827621,18.36209102691281,-64.47812640651176,-6.0574149323675455,1,0,1,1,1,1,1
pi0_causal_upstream_000068,upstream,b19435f463f11678d1827edc179eb41fc729a6301a669d54547ab34bf602b4ff,ac99137d299df479c472a326d54fd09795638a80b1aa81ecc01a50f2567b24bc,dense_v1_train_x2.88_family0,a65e37c1941aa29fe03360dd39de1c8c75140db0a097b6592df2582f94ee3dfb,6ec1e03a4e8e5af7480230032ec103c0387099b95c254fc12951435e32ba06b2,dense_v1_train_x2.88_family0/variant_15,10,0.8005037021636964,-44.456082552779705,543.5516997348973,114.74407715033104,-813.8393879859835,-0.2547687281297307,-0.6265454483032227,-2.10697314509281,0.3365132808685303,0.08009971678256989,0.08003167062997818,-8.101631445331563,63.289857906037135,43.90023834302948,2.8289642333984375,-0.00027178245363757014,0.11952025443315506,10.001533940335236,103.26139534413737,-4.32691537415197,1,1,1,1,1,1,1
pi0_causal_upstream_000069,upstream,0b55844b20485ae18907ec80db45036572ce53de69433a47ad37ad4175e4d0ea,64f9ef47914a457753d5fd20bbf74130239cbba77291728c33986ef2cdba77c9,dense_v1_train_x2.88_family0,bbce314d75ef1fb6e678354dbfa1a48a97c5aa633ebdf5c3f5427ab6ce273a39,73588a506844e80202d381e2787841660e724169fdd1d504eaab1917de432fba,dense_v1_train_x2.88_family0/variant_15,14,-0.13926718950271608,-50.15525386794087,-228.6256516726512,64.76081427588025,469.3781949336333,27.07001096891172,-0.5469421911239625,-3.542212014752243,1.8267064094543457,0.06829968839883804,2.957773208618164,-20.17294493061244,-1.8895812253941364,12.520441965665176,2.8982763290405273,0.0028522463981062174,0.24510443210601807,7.059054721834715,4.658670115398359,-3.9574864449863307,1,1,1,1,1,1,1
pi0_causal_upstream_000070,upstream,672be3ac3779fed70e34c0264f672ea08b235361ea7b8553b94ccddce8039609,86b4ec54cb1473096d1d7283adb618f4351ee6c0cd0ddab32fc57720b467ae4d,dense_v1_train_x2.88_family0,fc96fee320ee305faf4165beb8625fcbc0633e08692eaed0ab79cdcd695d31e8,f614146b29493b8a05e56044e60c3465533fc7ec42bc97be860c9c95e62d4e98,dense_v1_train_x2.88_family0/variant_15,15,0.08010058999061585,-55.7863999140633,-248.89143765710432,81.22652889294841,991.1663438217421,24.932571049746077,-0.30390865802764894,-3.827394457159584,2.2215006351470947,0.0936049148440361,3.5236756801605225,-21.940184661366956,-200.8410841668213,4.6462891168672416,2.9398751258850098,0.004529393743723631,0.3117695152759552,21.64491046090543,105.24570873199865,-3.6881444679266164,1,1,1,0,1,1,1
pi0_causal_upstream_000071,upstream,499fdd6a251277786c0e2ec3eeeb30b878445346ec8746faeec5198f132e807a,6c4f69e3d0db79ce58c1c2e6ac9c121ffe017c020205b0632cdb08ce26872921,dense_v1_train_x2.88_family0,eaf9e3693a5f2ad95434d398510fa411a7c9a42f4a7dc98a80bdbe5909e01b00,4dbd76d4d2488f197ac11cfb2d2f8bc98537c294c15b920c49ea7079309973d3,dense_v1_train_x2.88_family0/variant_15,16,-0.18782073736190796,-59.13589394718629,-169.2370885374986,93.73192907451393,303.1824257090013,22.6730862882954,-0.5734706020355225,-4.184579419155318,1.7460850477218628,0.06197473406791687,2.525959014892578,-24.800235876303294,19.793492063725093,9.241616484789725,2.979543447494507,0.006055202800780535,0.3717009723186493,31.181374259333555,-121.1863252358654,-3.415908061202341,1,1,1,0,1,1,1
pi0_causal_upstream_000072,upstream,857643405451960e1d75620aaa1bf813f0209c31a46138a0480474724057e9bd,97ada893adc4fd1d247d98d4736f7faf278df6be26560d604868b1889b961060,dense_v1_train_x2.88_family0,6379bd833f0479624f3ff6dd0bdfc030820a1340fb89eb3bf060de2a21c232f2,4d742fc5905d789eedccb8211f20b9a2bce6dcdd47c7736cbfed0d9f37027bdd,dense_v1_train_x2.88_family0/variant_15,18,-0.23902738332748416,-56.006403722323995,292.132682273538,82.9334614684263,-691.5614619169668,25.252422726583884,-0.6360289096832276,-5.044387084730762,1.0412132740020752,-0.03373778238892555,0.48957493901252747,-21.945174114555652,71.03056593392594,14.15001325728256,3.0329651832580566,0.006310460157692432,0.42565861344337463,29.63231809142593,-12.669238490507551,-3.152996880177583,1,1,1,1,1,1,1
pi0_causal_upstream_000073,upstream,3cd4d61b43d388f2ff27e624e49871eb7c9bd999c28cd8f4a216404ca075a82d,df3a7e1d3aa03413e0f269230a97bca2784ffda9db28d1409397bf25fcdcd9e3,dense_v1_train_x2.88_family0,726539edccd96a4db9510b7de9d94da6bec769ad7a684825fe0042f42f492008,8a441fed859391765a896eb48382c62c5cae5b90dfd28af9d3ae9f179865ae9d,dense_v1_train_x2.88_family0/variant_15,20,-0.234403612613678,-35.996261473220684,315.6285876598953,53.455030954095335,-781.0163948351104,22.08233965391169,-0.642735471725464,-5.396349159741566,1.0590088367462158,-0.011447723023593426,0.4077717661857605,-16.7128359838811,76.52844474405767,23.003961011387055,3.0754661560058594,0.0047603873535990715,0.4359384775161743,26.677149662107993,7.261252653816011,-2.147150549712407,1,1,1,0,1,1,1
pi0_causal_upstream_000074,upstream,ccc1ad5621a8cc4213bab9147f1d2fc01ff7f4be5da7e461bb387598151cc211,4f8de67ff605e77d6807b2623ba86e94c763be9f4cb0a72b5c67397d5f0ca0f1,dense_v1_train_x2.88_family0,e98ae5047d8050c26b5b057bf503374696178fcf9026d2d5d717228bed0ff1b6,e762f0d8616fc8b2b67ca7af34fb2ed409cfbe0594d6d8b5a5a8057d76d4f80f,dense_v1_train_x2.88_family0/variant_15,23,-0.1469321346282959,-21.28088186871126,10.023956597606741,24.38324087464297,23.790054313152993,22.766440663415512,-0.5390665769577027,-5.757558243749646,1.582287311553955,0.05896396189928055,0.6276571750640869,-15.223129037219005,-8.283386194240187,24.1056278358278,3.1533493995666504,0.00606936402618885,0.46770450472831726,30.129494391300327,-63.72092480493498,-0.6303820059305479,1,1,1,0,1,1,1
pi0_causal_upstream_000075,upstream,655f42a8dd3bb4f8f1c101d0aa9316e1b388bddae312c76832e3e75ba4b3f060,d894b667bc49a82976cef0c38e1a0403ceed15efd327907ae79f8d70d3dee773,dense_v1_train_x2.88_family0,86e6c945a37d5b3553b6e58ec0d7dd438c2c13f76d7d5b1a53453a6173122c42,f5e928fc591ca50e8ce741166bbc7fd66c7a4c3ca94407381a7835faddfb9381,dense_v1_train_x2.88_family0/variant_15,24,-0.19063098192214967,-21.79531122642911,-113.2685240631765,26.094551601378832,164.28719580447702,22.717240806089528,-0.591452922821045,-5.857431149660034,1.6493613719940186,0.07347684353590012,0.5559541583061218,-15.093862584534635,34.52466306559559,23.834568363521257,3.1856634616851807,0.007338688708841801,0.47900390625,28.511082775013097,6.786104140901727,-0.10406096817928336,1,1,1,1,1,1,1
pi0_causal_upstream_000076,upstream,caf5f181f058c4a1b88db5b0d8050a4f0b6358f32f7dd21f6abb6a88ce7c1806,18f5e5d0bb6df38728b8d8ef212dbd4f03ba2f4f2e4c3e8ad0341e79e32cd9ee,dense_v1_train_x2.88_family0,871a077702c31dac8b6c5148b0714963f35554bbfe7d2de359564e351c9b2462,030619c12db9cd0392de1ebcc6158d0ab47e28edc7ee51eabd652b87ec737290,dense_v1_train_x2.88_family0/variant_15,26,-0.2507013154029846,-28.456794723942544,-241.0791219259571,36.45652401572575,275.6762430533628,24.341564131102444,-0.6620198917388916,-6.15562174046549,1.7212144136428833,0.09717762470245361,0.355309396982193,-16.01254351846886,92.21392636166776,22.62293037080143,3.254023790359497,0.01074935868382454,0.49685972929000854,27.654629987059568,30.047757517502784,0.7035454878370948,1,1,1,1,1,1,1
pi0_causal_upstream_000077,upstream,f03a769c60c91180657bc4543121a1ededc42f30491e95ff51a0a20146d91312,ab65a9667d1d284ff99cbb8e977c9eb4a6c3b6a89b0f25b11461a45ad2353333,dense_v1_train_x2.88_family0,822744c3a4b30f11c4a2bf2e1d854112502ee1dcf4a3b88049bdcee072c257b3,d41a43a256e16be723374677d5bd15c5077df69688d416295f3c0030510469d8,dense_v1_train_x2.88_family0/variant_15,27,-0.09367990612983705,-32.638079439473444,-184.8233343366576,46.440614506694416,517.9961917854578,23.876398225983387,-0.4859106540679932,-6.287719334968702,1.8991050720214844,0.12335363775491714,0.29524073004722595,-15.917699511654064,-51.913276258410455,16.123477743420914,3.291485071182251,0.013073033653199673,0.503838062286377,27.34153923814806,4.557038181209038,1.1560058920355607,1,1,1,1,1,1,1
pi0_causal_upstream_000078,upstream,6a8e046a9807acc78770665c9ce9701eda0cc5884e427c7500fd0d361e999705,0bb9d01491471626b44788f8c3d53d1cdd8e605669c29b7087452f64c4663d7f,dense_v1_train_x2.88_family0,0ec6fb1c3f68540c4d9861083fa44dab9a40ca90a190b20ea775d9a9ac334d07,f02605c350dc7a06de628623965f2e4e540e8c481e14aba92146c540dad0cfc3,dense_v1_train_x2.88_family0/variant_15,28,-0.1589014506340027,-36.675411088057146,-215.02349386511088,56.23512626706021,432.8145803819109,23.36732879697676,-0.5576115942001343,-6.448568559664689,1.8650791645050049,0.1295267790555954,0.1680484116077423,-16.5802278611453,6.779568076752848,16.16729340694655,3.3294081687927246,0.01564757712185383,0.5087326169013977,27.870199295001633,-15.103144811616684,1.5648028067907542,1,1,1,1,1,1,1
pi0_causal_downstream_000079,downstream,caa95f267d02af01ef592920ac6a03596ac7af1e33696cac18aa6bebf7af674d,7980371d5de0285d6653fb42973a644826eac4224cfd6d72ec5c05a23227126a,dense_v1_train_x2.88_family0,990a42b0fc3918694d9a86f2d0e7560d6af2000a5d8e220dacfd4e65fc4901a8,a83108529a4c93bc7098d9a8e71514d08f6d676b0276987cf53e64558b8e1875,dense_v1_train_x2.88_family0/variant_15,30,-0.19176595449447634,-44.62575128195199,-198.14966178475612,74.29801914983332,328.3481211021299,22.864495195685624,-0.5927504825592042,-6.889416525498675,1.823440432548523,0.13003551959991455,-0.1947804093360901,-18.62309816830839,35.52076077867732,13.820863879858706,3.405585289001465,0.02128853090107441,0.5107489824295044,27.916969015343295,-6.620133105391356,2.23299553507751,1,1,1,1,1,1,1
pi0_causal_downstream_000080,downstream,5f413c8c8074ac32ead0c0cc6c08eac6582a4b5c02bd78ed781613ce4abeb1f1,e56e52642d21f31319d88268e36112cf8ffd64341270c4e309bbd1337e884998,dense_v1_train_x2.88_family0,b12bce975c0e5dc9bd3cbb68c017d92e4fa8d555f4c714b68bc73d2742c26be1,87468df890a2f3404f446b6ef0be2eb81c3cab32944f7f8c22ea81f9439ddf1d,dense_v1_train_x2.88_family0/variant_15,31,0.05383132636547089,-46.16961650609041,-54.94371507992922,84.50529290212133,557.8733496696068,20.30439164887792,-0.34995881080627445,-7.058864469554362,2.05546498298645,0.1749723106622696,-0.15494702756404877,-20.011767834125774,-163.2087362552887,8.223991722991403,3.4455764293670654,0.024488145485520363,0.5077218413352966,20.513346190920245,118.30439521747022,2.8187924328603784,1,1,1,1,1,1,1
pi0_causal_downstream_000081,downstream,3b523099889f6113a463545dfa88e217a8e6d3b54bf3a8a82b3f3eec6b7ff88f,ed26049f84772fe5d53afaeeb485bd6f101f89496428980d06760818950af14c,dense_v1_train_x2.88_family0,ac887701079d03ddf72f180c156f4b49fc55c1a64381330fac5deee60281c235,16af0a0260c4848fb0a7c46dcf1558c7f640c9e8ea266e53888922672b9f9329,dense_v1_train_x2.88_family0/variant_15,32,-0.2939571285247803,-49.964595967449135,-242.59192686484488,90.8068254303751,146.8935590075276,21.017889303175522,-0.7216910839080811,-7.415096524119118,1.6818739175796509,0.10182524472475052,-0.6984395384788513,-21.155076614388793,141.04522319108253,13.877019987667259,3.482313394546509,0.027183745056390762,0.49898797273635864,20.933269636187216,12.80581836824571,2.980817801097454,1,1,1,1,1,1,1
pi0_causal_downstream_000082,downstream,478853e2189f51ba4eaa4c196dcf8cc96b75cd6bd75f55129222f8a666bc1679,d74324ae6e2abb08e9420d85946f5103d60197934523f60fea7081ba008a72f6,dense_v1_train_x2.88_family0,c3e3075256b0466f84ce21ee3b6024e56f66036f34411f8d5bc2bed4a1999087,556b1f839a7341c0085e642ad29bc2875d111f96fadb9025623e2b05d7199ea9,dense_v1_train_x2.88_family0/variant_15,34,-0.2869800329208374,-54.22998421732498,-262.33223907569226,106.1055270956657,183.28173332022905,18.985253438185545,-0.720226230621338,-8.110652495733945,1.7202560901641846,0.11190379410982132,-0.984804093837738,-25.658488419103122,139.82363019764742,12.802755882176607,3.5594124794006348,0.03335857391357422,0.4735107421875,16.593205220568326,20.152573891412878,3.714485902486282,1,1,1,1,1,1,1
pi0_causal_downstream_000083,downstream,9611484d9f64d8da00295ded6580254e3d5bcce0871ab5a2e485c1ff045be581,97933675c52e08b78d165fa6eee8c913a6a22e155998d634743bfb2cd6c94086,dense_v1_train_x2.88_family0,c6533cd8ffc42dd78df2afb9f3254fd86a39d8d25b986d3d06dbf6ae08baba10,e3baa3c02fbc8c161df4e3b8b3360e3e9c4a136abd166185fbf7175c746f4e24,dense_v1_train_x2.88_family0/variant_15,35,-0.0038568913564085965,-56.08598908653298,-71.21109466387855,113.20871892680387,456.58325620296176,18.063577774484497,-0.4291441345214844,-8.546801079118193,2.0312912464141846,0.18877841532230377,-0.8409764766693115,-29.736785834781273,-98.41682412811737,9.233057403986052,3.597872495651245,0.03644665330648422,0.455173134803772,14.713656689291291,29.904388431729632,4.077367473823849,1,1,1,1,1,1,1
pi0_causal_downstream_000084,downstream,b0a2f72776fdf835196fab04eafc5d801e946512f10c131d8db60b446a2b8d6f,04453260e0688f1bef173aec8dc18621202a496b0610dc7966207d00bbf96b12,dense_v1_train_x2.88_family0,3f48ac7c06710768c74930ab16bf30a61ae444cb0fef07bc3bc38bac85444ab9,db16274dd236ee13494928b2e52d0e7845c77fd362fb47d6ef9f923b3e353916,dense_v1_train_x2.88_family0/variant_15,36,-0.1230625629425049,-59.30511871406252,-189.48670063399717,122.22280644241484,413.058777302026,17.463141833175982,-0.5546408653259278,-9.092677360306489,1.9816827774047852,0.18892861902713776,-0.9817306995391846,-35.0062562888786,4.30876550063413,11.121914629328169,3.6383399963378906,0.040404267609119415,0.4378965198993683,12.3913710271458,40.08612069161637,4.404365817520206,1,1,1,1,1,1,1
pi0_causal_downstream_000085,downstream,943233ee8ce535b7b3170c202435708acc4ed790cd710b205fe65322551fa65d,c3c536364640657475cdb9fd4d4ca498c44353a5321068da630ca5af928cdd90,dense_v1_train_x2.88_family0,aff3870796f676bbb9fe3c674fa315e697a3e39a589c5d127a892f0178224940,6a98dc9faf0b975aed3c16506b072ae90d1e9a2643d2c14b9c1af700c430e091,dense_v1_train_x2.88_family0/variant_15,37,-0.14414847612380982,-62.07781351706169,-150.06526663164976,129.33120287770055,302.74116816786176,17.311550965723427,-0.573326005935669,-9.770539367778316,1.880394458770752,0.1441151350736618,-1.3704389333724976,-40.50417949523993,19.60998707884165,12.299418751670856,3.67712664604187,0.04367572069168091,0.4138696789741516,13.306333776850598,-10.46606022842968,4.6707675771208,1,1,1,1,1,1,1
pi0_causal_downstream_000086,downstream,9445423b7a2da2aae6ba3195032e303600d4e4b7c9ed3d115d51e35b03e68e8f,ed474e68a34a03e486aee11c67026cf212a0d17022f9a29ddb6db5536344263e,dense_v1_train_x2.88_family0,bb386f427a975bffcf4875754142616c0a3c8ee84eea82126f2e5227f80ad302,6922f15d0fe149b63257c5fff5159306286395f27d4bda1afec018c185aa177b,dense_v1_train_x2.88_family0/variant_15,39,-0.16705878019332887,-65.31188076830605,-87.45206190630743,137.68889555369495,136.41144527322746,17.705995835774463,-0.5986504173278809,-11.429167479109255,1.7201071977615356,0.0636652410030365,-2.0831358432769775,-48.802575883954866,40.320816236781766,14.4989360323536,3.7492077350616455,0.0475502647459507,0.34302079677581787,11.40802271592354,-18.68338141792292,5.154736985695927,1,1,1,1,1,1,1
pi0_causal_upstream_000087,upstream,c1097bb03005bb57bf1f6c58135257010b0bd2fa0357b221ff90339eddefe2f0,b3d085b748ebceaebf255aba08d24a10b80cb6877fe445b2e773c16284783733,dense_v1_train_x2.88_family1,3c31ef9fec94a649ff3920f2f198087b2cf7463741d5b6877907634b7618b454,dbc9fb2def8a873c6045a61cbeb1c1f5641b2379924dc0353aed57a779441f9a,dense_v1_train_x2.88_family1/variant_1,8,2.192233352661133,-61.80858112035813,297.6040462893118,136.84214334191012,-374.1680626585669,0.653983944179067,0.8880165195465088,-2.054907118158597,1.838276743888855,0.3814186751842499,-0.37094631791114807,69.77124980570484,-132.83230320473572,27.27858879966264,2.7893617153167725,-0.004159106872975826,0.12047889083623886,23.757740688189664,-31.786706604715107,-5.93966430892879,1,0,1,1,1,1,1
pi0_causal_upstream_000088,upstream,95175b184afb3f735001d788d6cd5f2230e64570556ad928b83e9c81c458e5e2,1215d9307cd87aef7e55df3ffd40425b6f65c17149d107f8d4ce451d63f7338f,dense_v1_train_x2.88_family1,de2c77ff91dd860025b12817647dc6eb0a55b7db6879332726a64bc5ace61f7f,3907e51a88e7de57f207346aab3ceba355cd1d7292957d67bc272db749e3c9e1,dense_v1_train_x2.88_family1/variant_1,10,0.8837798404693604,-44.42154911633612,563.6884634459288,114.91302870964047,-807.4963279075761,-0.3877956945191336,-0.5751192378997804,-1.5487671970189099,0.35087159276008606,0.10775834321975708,0.0895373672246933,2.111181163486499,45.40574180969452,65.72014166556522,2.829136371612549,0.0020959849935024977,0.11978186666965485,16.005170329259833,96.63779207576083,-3.3156928825112537,1,1,1,1,1,1,1
pi0_causal_upstream_000089,upstream,70cce55d134ffa795a46fd57dd8b5fd34f52a1830f1306fd6277838ce992567f,aa969c7fa7040de26867b9ab42084deed733e0b73f2e3e6faa7c3129214993df,dense_v1_train_x2.88_family1,35ee14ee8d97d9b9ebe55dab12fb14c0ebe659063bf1e91c848160ecec1f547e,ab11cffbb82c0943408c1d90831fa5d92eb81019b1f1de743225ee4904bdb024,dense_v1_train_x2.88_family1/variant_1,14,-0.7196581935882569,-47.63283768669849,-302.2526183969091,43.95441198843144,-52.458844448554395,33.45705562355186,-0.8489184951782227,-2.8670656808693873,1.574774980545044,0.007415961008518934,2.8146793842315674,-25.201422405129623,269.5637974820916,17.801925014965263,2.8874759674072266,0.002245553070679307,0.23449073731899261,4.55728278735869,-136.07641083406,-2.1127682219657293,1,1,1,1,1,1,1
pi0_causal_upstream_000090,upstream,12dfad06a7bede45aba5f209f23fe2ef8f4be4fa9c102a51ec32d741303247d2,d745fb9d8f444cd0f1059939d382fe39bef14b08626d50fc64b745601c76debd,dense_v1_train_x2.88_family1,01884ecd9b79cf360abab7594d75e41a4fa4ded00d6acd3e98a34cdc9e4be1be,ca2d5a353ea46fca4ff67242e0afb1998e36ece2a99c80cc8e23354332c260b6,dense_v1_train_x2.88_family1/variant_1,15,-0.18380185365676882,-54.94327794782234,-326.05757618283104,55.16935037916059,1073.3963572773596,34.685142923121795,-0.28855113029479984,-3.273714426870132,2.190316677093506,0.03465874493122101,3.2899153232574463,-22.51546417440045,-189.13080679710447,1.90192892675305,2.9256069660186768,0.0026844353415071964,0.2959473729133606,18.60454737452263,110.46840605065972,-2.026905214656002,1,1,1,1,1,1,1
pi0_causal_upstream_000091,upstream,55fb7148019416354348d7a9c15044414c9fb129c9ec046c3496fd7553f06e7a,4e4e225d8994d40eb8b75f72ecea5f02572abd73afb6d708481d3d5f33f2b37c,dense_v1_train_x2.88_family1,e49fbda68521442aeee427a89114374dc55ab2d27e5f3f24250eb110d8064bfc,937f0329b251666dc2c3b8c9de54b36ba4ccd58037bdb58ae8bc5f556bef1a6c,dense_v1_train_x2.88_family1/variant_1,17,-0.3629541683197022,-61.6483517126188,-138.0303093895472,93.25650692714602,382.9684881965615,24.128219112948578,-0.4594822120666504,-3.986477472360695,1.8587337732315063,0.00820167362689972,2.5664002895355225,-29.92556884834584,-49.21162566806318,1.8348716235857458,3.0136356353759766,0.004132863134145737,0.4244445562362671,33.23636644472612,2.2637498737414243,-1.4166149370941072,1,1,1,1,1,1,1
pi0_causal_upstream_000092,upstream,6932da70b22976de593096351318c0f860c47527da63cc1fd52ad84716c1c882,3b33eee41d111965e7267658c8b0412240efe78f1f3836d6e6eaf711c6e8ff24,dense_v1_train_x2.88_family1,a9e802272ce5fdc58a6325d4b6b14015778e661e051fafca96837043ba2b5d95,7c56f6ae5527fb46a56fecc1e26ffa5b96a0ce408e940446e108d008342c8bbb,dense_v1_train_x2.88_family1/variant_1,18,-0.5863553428649902,-63.67393310344529,-109.78774354892211,94.9927068632174,-205.94801660923983,24.990022663729114,-0.7275480937957765,-4.59533613532776,1.4334527254104614,-0.045425742864608765,1.5488524436950684,-30.602515727174975,170.197276531019,5.756342132948292,3.0466418266296387,0.0037414750549942255,0.4651467800140381,31.834627211931917,17.7583210873039,-1.4085774300368659,1,1,1,1,1,1,1
pi0_causal_upstream_000093,upstream,a82570372de6f53a74775b2a3e5005eb002aa4f2464b0e566de426b7d57ea535,a231f86cb72485515456d619cc8190b25855e34a9782e0f0c7c6855a886da41c,dense_v1_train_x2.88_family1,332d84619dfb7a7a3dde4d24b5e9df7b4571b2e815a21e1869a50b36de96484f,681b415cf7c2dc6b87b3e119391122b1370b875a2fc8c9aba1c5f2072918a449,dense_v1_train_x2.88_family1/variant_1,20,-0.13107253432273866,-48.6806433468918,519.2359530820851,73.29383107767971,-396.05062272145375,22.435136556013386,-0.2246831297874451,-5.450940588938118,1.3697978258132935,-0.09312276542186737,0.4724288880825043,-22.874573322844917,-241.38948572184248,4.243199526583415,3.096243381500244,-0.0005524868029169738,0.48636773228645325,27.844750010154165,35.62897488079242,-0.8880223245395996,1,1,1,1,1,1,1
pi0_causal_upstream_000094,upstream,069d3bebfa0c01eec4f59cf0ed1a04d773e9e116635d0961c12138804ce54b53,05384d912541c2dbefa702f0e639c2e3f538ce5e219f2d2d53d471f242eab8d0,dense_v1_train_x2.88_family1,5d08197c76bf119dfe4e4ea720de2b4294d4f47b614a132c23bb030f83ca359b,7a7ffc81a82ac16f0a99ae2838c1ed632050ad21bfaefe3f468de469834fd148,dense_v1_train_x2.88_family1/variant_1,22,-0.3336368083953858,-31.48906062106429,309.0157351092723,47.187256635814364,-496.82506422651943,19.576776890993344,-0.4668128871917725,-5.996611540499045,1.3328588008880615,-0.05936707556247711,0.4313056766986847,-18.652257953422463,-43.229428389169605,13.111065498669104,3.144923686981201,-0.0044181086122989655,0.4967963397502899,25.401482061013883,25.216552981688494,-0.10360124530822933,1,1,1,1,1,1,1
pi0_causal_upstream_000095,upstream,b08c0951136afce07ad07bca8d2d3de51bf1b94bd537c6c631689a136f6452aa,7dd5832c0e096e4f55395391b3ec0ccc92099499f7eb79c60e16af4621a14127,dense_v1_train_x2.88_family1,cd52045e6cde88f581f379f36694d2b815f1415e590ecaef8ab5cc32f817e36f,0d7c01cf6afdbde3d6ab0f6a2a41c71f980c3a619df9123264f685e080e95950,dense_v1_train_x2.88_family1/variant_1,24,-0.3692717027664185,-20.877081084980105,65.53242074641659,27.8033556486893,-73.11671061212294,19.04364133697549,-0.49378940582275394,-6.473810875370845,1.5827841758728027,-0.0009921034798026085,0.5257763266563416,-17.376906248577466,-21.063936277651436,14.704299330128373,3.1994736194610596,-0.006170548498630524,0.5121944546699524,28.53294621054631,-37.97543855882611,0.6105214411687025,1,1,1,1,1,1,1
pi0_causal_upstream_000096,upstream,85ca603c7206de28cebf99b379635788eec8b21197d6aa116b312862f5013b25,1349720b6b7546efab65adcbe8658d108c15cccccad90602c74ddaa924e5b0da,dense_v1_train_x2.88_family1,6243811650734b29c12ce081213be050a9a5b4277e34da6c6cd76e4f15887f10,0d3dfc0ece80bb08beb168864e3e6f1c754c9db286232e1b6115270234f20085,dense_v1_train_x2.88_family1/variant_1,25,-0.4512207078933716,-19.893491155815955,-58.948009103497576,26.04294439955751,1.9363259728566458,19.03046915457083,-0.5794136619567871,-6.719848348914386,1.6124978065490723,0.014211578294634819,0.4587666988372803,-17.530153495437748,49.02912301344043,16.42737847280417,3.2310354709625244,-0.006161361001431942,0.521072268486023,29.978034946455296,-50.48118366494471,0.922577735080761,1,1,1,1,1,1,1
pi0_causal_upstream_000097,upstream,17034393d2cd6743d019f258bff693a2eeb3d6092024bda6977613c3f83c93bc,a204e981ae2bdad23effb22207056f7428ece739bc3b1d0dfccf630fb378590c,dense_v1_train_x2.88_family1,25f8c9dbc64ace0248e9053b4497c1c82069a5240db56d56d72c2f9c4aa5ed39,3509d656596059bfc860054ea61beec809d6d4ca7463a257ca6faae94109151e,dense_v1_train_x2.88_family1/variant_1,27,-0.45589464664459234,-27.1883773686524,-252.4507585166247,38.26681784391344,378.7454095534993,20.075798811176508,-0.5822679328918458,-7.2881554360948195,1.8176039457321167,0.06554902344942093,0.3929877281188965,-18.550305427228977,51.42266377032844,12.14172846675548,3.302037000656128,-0.004321944434195757,0.5392294526100159,26.145545793722146,39.24794036723992,1.3721066728315077,1,1,1,1,1,1,1
pi0_causal_upstream_000098,upstream,f6a9473099224d54d4d51609e027161b395893fafc9ac355bc5b63778ce2fa93,75c0badf042e5082557da1785f45613e68835dea3a68d8a4a46821f5eddc6b79,dense_v1_train_x2.88_family1,2563f816c79c52ced9ce6c5543419348900037b06314efd4a2ff14cc2a3bcc71,2d2cbc43b1c8881ea8abcbfb4513be83f504ce22550bd321386ba2e6d645f4ed,dense_v1_train_x2.88_family1/variant_1,28,-0.3878309059143067,-32.48715274938367,-249.50407830489777,49.08673224399491,530.8800049376094,19.989026512745905,-0.5026117372512818,-7.597275309481884,1.9361437559127808,0.09610100090503693,0.3775184750556946,-19.5707766703639,-13.73316937355762,8.87353246777586,3.3406295776367188,-0.002526672789826989,0.5478122234344482,28.222401414647926,-37.50412477024396,1.5757950390062185,1,1,1,1,1,1,1
pi0_causal_upstream_000099,upstream,feb9fbe2bf1273d3ae0408fdf46bf44cbeb0c7c0892ef35a702d0b176f8b51b3,2719fa18ff8351acf0b8bb5f34f10500b1ce1cf54c2afeb5ecf6e8bd56373977,dense_v1_train_x2.88_family1,9f82ff8eda6cd2820dd9ad26bf96705f3c699a30ae07f67bb62c7dac0c5d8dd6,cb822dbffd278012403645508a8dbd0483ee794e765b7d8e25bbb145fe7a1daa,dense_v1_train_x2.88_family1/variant_1,29,-0.4404466962814331,-38.55350137394638,-301.2965831584041,60.370819469881276,511.644279781886,20.294591402382334,-0.5605021476745606,-7.9582124694501895,1.9415146112442017,0.11552093178033829,0.33018365502357483,-21.27208287751299,33.688682062131875,8.419912284238634,3.3799726963043213,-0.00023817093460820615,0.5559381246566772,28.268035616040073,-16.617025505298745,1.712747449730076,1,1,1,1,1,1,1
pi0_causal_upstream_000100,upstream,53d5f30db43fa9d21b484373d5813e06475a3796cb6f9564b691307708faf0b0,6ae07cf42e31651b2f6850ec209cdac1c02436ea2c053e3607fe254010f44c49,dense_v1_train_x2.88_family1,f3de25e35b6bf140c913d6510f853b8d77f361695ef73a3261218ae84dfafd9b,d4e22cd9ced9bb3c18160447a3efd7eae958659ac97c46131d3ca31834428cc2,dense_v1_train_x2.88_family1/variant_1,31,-0.37399584293365484,-52.01463968078803,-314.91286579714796,88.66635342751982,690.4626210832951,19.50048378468832,-0.479510407447815,-8.813140836308177,2.126390218734741,0.1962808221578598,0.4516132175922394,-28.353020244787956,-32.580582907040274,3.448543088588986,3.464334011077881,0.006857666652649641,0.5762708783149719,28.360209018889396,-9.054148282640385,2.0565594757696317,1,1,1,1,1,1,1
pi0_causal_upstream_000101,upstream,f09a83291c5c09a1ee57100e2f1baf549cde1d64490cbee724f1aaaa98d48627,2d80bf45c53c56ce3bd42a77e88ef6c95c5a758958c87df58ee6dec2727c1b91,dense_v1_train_x2.88_family1,b9f5b0a68906baf52f6b2ddec36d9cb3c9fd3984afe156e61611b648c604f70a,2637bf41658cd03c3160527ab8668a0966b85046af4ea452c76250cfffb0f347,dense_v1_train_x2.88_family1/variant_1,32,-0.3086111688613892,-57.27443517192604,-241.30148556457604,103.49356713440444,711.2592357096632,17.66809664535571,-0.4017636680603028,-9.330933119544888,2.1814205646514893,0.2167462259531021,0.39181649684906006,-35.02132710128223,-96.22857495201785,1.744480900109797,3.508176565170288,0.011183995753526688,0.5855984687805176,28.067692507305257,-3.306995955776934,2.4086192505860926,1,1,1,1,1,1,1
pi0_causal_upstream_000102,upstream,784e678e5aef2caad32a0c3d505683f6ffad46e4d38abe860f90c418cf5f9ab8,03bc98785658173d402a52316eac7bb6b17a0d04cd046f0b2e52fbb28ccd0de9,dense_v1_train_x2.88_family1,60c6219dda886ac1caaaa7164929a96b06ec1238cdc9742b5c350a9ca20f48f8,cde0e0b900d970552b3d72e10f12dd6eb135007f5a763f38ef841a13100d0dec,dense_v1_train_x2.88_family1/variant_1,33,-0.34064267635345463,-61.07635752057608,-190.6276154329561,116.05192177260507,543.6216408719982,15.676841661633304,-0.43779049396514896,-9.998167084811834,2.0692086219787598,0.16977736353874207,-0.005812329705804586,-43.17504642299796,-66.72554551139109,2.66771479545607,3.5508978366851807,0.0150330550968647,0.5892189145088196,26.813357294536388,14.041569490056622,2.805846987431635,1,1,1,1,1,1,1
pi0_causal_downstream_000103,downstream,dbefc72ba90a909cf605416dafac960bdeafd6ff2c11e1d6311ef31323aa5448,88aab0b65c8238991bcb096f5dac1cf7c60e3a575bd5f7a23b75838139dcaa8f,dense_v1_train_x2.88_family1,7da1cf5f6c3395949b5cc1e1296a792c1ba0717708073853e89642ca1ae522ad,ac0b7d0e9ded8239156e88ac335f761220a5a9ba4996b504fde0a158992f00fc,dense_v1_train_x2.88_family1/variant_1,34,-0.3775530338287354,-63.91525734720018,-151.21064837432587,125.27734900151458,387.1858568014776,14.306179216209946,-0.4772545146942139,-10.862276976619292,1.9513005018234253,0.11066778749227524,-0.4532908499240875,-51.578170102256706,-34.420898831724756,4.055951598034808,3.591259479522705,0.017767665907740593,0.5841237306594849,26.004589472273302,10.235634405269192,3.133864275071042,1,1,1,1,1,1,1
pi0_causal_downstream_000104,downstream,18047a2f9c28421da663be5d2fa2e03a5152ae8b9197aafcf70126e1cd85ada9,3a7421e29766eaaaea01017cb1abb94f3b001d94fe5666528a2837109619c93d,dense_v1_train_x2.88_family1,9c9871c9014c1ec9d4802e05b27d93186590efe0ab7add8ea27310199b0ad65f,9bf5059ad5b6c513f95754f73d1c0430df1f862efd4d940dc845ce5a6f177d8a,dense_v1_train_x2.88_family1/variant_1,35,-0.3818078374862671,-66.02185844196136,-120.40950050080316,131.6995846327808,264.331435445755,13.502159067212595,-0.5074596118927003,-11.902166930016751,1.8546230792999268,0.055255405604839325,-0.8723844885826111,-59.09538409521894,-9.67107316659074,5.011533909620496,3.6294822692871094,0.019337812438607216,0.5702736377716064,17.47492629335632,127.27621752249715,3.4195530531613203,1,1,1,1,1,1,1
pi0_causal_downstream_000105,downstream,42fd2da04a9fa5920135c62bd9136ed63d51c33ce183f283b0283335b656ce99,43a218e47815f28276bacca6630388b39e068ad5d0ef2feab71bf8eaf3722a69,dense_v1_train_x2.88_family1,7d94e80e2393932b509da8c3efdebcea7b1300f76dca64120826a0b05a10be26,c1bbcf329ce14c401db3cfc5335fcda6e2a06cd20e74d88cd8ee786b0aeb63f3,dense_v1_train_x2.88_family1/variant_1,37,-0.4021429824829102,-68.2881835104633,-67.87051744271702,138.76859819731223,111.7561767469631,12.73795065903322,-0.5329118633270264,-14.4023024221971,1.7375599145889282,-0.02764199860394001,-1.566244125366211,-69.72649840626292,11.161796103891872,7.3343937345430925,3.7015249729156494,0.019523445516824722,0.5196181535720825,15.284995183173688,15.745882687987807,3.863370503308089,1,1,1,1,1,1,1
pi0_causal_downstream_000106,downstream,6dc92110aa5e9ca67c75e5ba1937d8d392ce7597513169bc2523e42e1b9ec9d2,05d8a7bee345ef228a6699a9848968e1d40a62685f28d15d3cbe4281692b3f77,dense_v1_train_x2.88_family1,7acb251d6ed142832bd54cd95c6a3c5d03c540fe0e939599d7243cc11abe5d38,7a985e1d6345744a1454edc85ac8137bb6bbb362b583608702c92ede01270d75,dense_v1_train_x2.88_family1/variant_1,38,-0.40963213920593267,-68.80160200018398,-51.74008315162644,140.51466775673427,70.03780476825376,12.608899981939537,-0.5384711027145386,-15.78958490941447,1.7072759866714478,-0.05319749936461449,-1.844386339187622,-72.80832074090769,15.703303288701948,8.126262815025921,3.736207962036133,0.018576690927147865,0.4848792850971222,15.755584971703811,-8.881546840993224,4.055410179105978,1,1,1,1,1,1,1
pi0_causal_downstream_000107,downstream,bced756efbda0bf0d376cc53a90e7c537d03276003196f475db846c6db9ea972,46d1664c00def5d2f3d361c46e73911cc2ad11e3674f421a405365428add64d7,dense_v1_train_x2.88_family1,537e1a9602c0e7ee34d93461a14c8d6932f9566ff04df8e660b16b89778c4565,56939e7cd8eaf07d01b24bbf44a543d8b963803f49f6e407544b0e14465ec63c,dense_v1_train_x2.88_family1/variant_1,40,-0.4194121360778809,-69.06282941518029,-31.332485364530918,142.22466025696033,26.54594172815205,12.521149243118309,-0.5415147304534913,-18.69650514970866,1.6799254417419434,-0.0803169310092926,-2.3159451484680176,-75.95743409925544,18.195927892332033,9.378872551255716,3.804378032684326,0.0155361108481884,0.4002431631088257,17.746048944912683,-34.58002516391313,4.437348123180727,1,1,1,1,1,1,1
pi0_causal_downstream_000108,downstream,95b09dc40b1331001039b11b783bc6399b28b127354d1160e7e0b6ac47ffe53c,e78dbba262abc7f896635ec5a0d775f950f6137889528443780cfcfd5bdc7cdd,dense_v1_train_x2.88_family1,d90ca37ead96d0eb64ddf6f180928fea4fbdaa7c07ddfbc69cd57224a3f244a9,8bd2a34971dbf2bf96654107f42b43824e2399f56ba4c25348f507303be72a72,dense_v1_train_x2.88_family1/variant_1,41,-0.46306006431579594,-68.85060860747882,-24.188378992717087,141.36085989300716,-81.86254244808165,12.851805238946023,-0.582142095565796,-20.18469486608633,1.5866423845291138,-0.16113536059856415,-2.715102195739746,-73.68107548286275,51.45155547051759,9.65791480715471,3.8370981216430664,0.012742476537823677,0.34879565238952637,19.753267372155594,-43.66101438244437,4.51103095475854,1,1,1,1,1,1,1
pi0_causal_upstream_000109,upstream,0086b35f760ecb712476423469eeb655ae8fb507222587d8b1870f061c02c91b,da275caff4b37c5f3c02899eeab47b75023bd757ce2dd730e7fedc437048400e,dense_v1_train_x2.88_family1,3c0d9fadd2e86e2dc76050f072df116138b233729a4f791432c6ad09aff38b64,63bc9b924c0f62320fec0dd994ebf603e43ab54ce6366bd0ff00f67e421cecf6,dense_v1_train_x2.88_family1/variant_6,8,2.1837344932556153,-61.786075647042935,299.4195378914579,136.81904364213713,-376.7307496351557,0.6152516102241113,0.8931869983673096,-2.1831852839951114,1.8558074235916138,0.2962101697921753,-0.3856953978538513,52.684575370434146,-137.0424044883749,8.379811389847843,2.7894797325134277,-0.004773613531142473,0.12035354226827621,18.36209102691281,-64.47812640651176,-6.0574149323675455,1,1,1,1,1,1,1
pi0_causal_upstream_000110,upstream,e24d6b414cd2d052034273880354f7154de5fdb79410d7dd65ae11b178fbbd43,8e927c997fbc51f410c12ce4bfc06ba8ad8febbb037929a71e25ca9dd2d24604,dense_v1_train_x2.88_family1,36fad0f665e6ace6fd0785cb8a8555526e8d96b232f11522a2843767363f8712,79aebe8aabcb0fd839d69d836c45da2dc9f8bdf9a81a116c284230995bcbd394,dense_v1_train_x2.88_family1/variant_6,10,0.7920740699768067,-44.108965508970485,544.530984937337,114.66173238969736,-813.660546312756,-0.34255215458969634,-0.5777773761749269,-2.1138066455930393,0.34941545128822327,0.07704252004623413,0.08844780176877975,-8.237597459818069,61.35039154026616,43.94210057245249,2.828589677810669,-0.0002903872518800199,0.1195363849401474,9.945169511756998,111.65480307930177,-4.325635360459618,1,1,1,1,1,1,1
pi0_causal_upstream_000111,upstream,90982710ab293fd7d5fca63fcfb1f1483bcef4ac194a593b35f4087e298aaaab,bd01775be56ea9e14a7c4dda33a4d464eccbbb200aa492a4fa744642ee052593,dense_v1_train_x2.88_family1,48af91cd9e043502fe5173a28ac838dce1e91bc44b95c416d3c61d61f7019294,f26558c4d8394e6550693beac05cce9f74d2a7787baa251b0dbe13c1496e35f6,dense_v1_train_x2.88_family1/variant_6,14,-0.6548864173889161,-48.19170084006185,-273.26097887981956,44.17659462703737,-42.095968741689745,34.10034594723889,0.4515419435501099,-3.243622187582968,1.5997991561889648,0.07342299818992615,2.798341989517212,-30.965711036290404,243.5561856511106,47.78279448992611,2.8887481689453125,0.0028626504354178905,0.23734986782073975,4.109469972163266,54.33478663994966,-2.6944791002181887,1,1,1,1,1,1,1
pi0_causal_upstream_000112,upstream,5254acbaef6cd6c47ac8865dda7d7c2b258ff86d94922ae2eb416113169b89bb,975c2f7b1658350902559f00741d13ad789779039e4f04baaa66cd92cf47da10,dense_v1_train_x2.88_family1,77c96f0ed23843aa68db87a434f811bff2666b6869636a64b7c58885195241d8,df0cf63461f518cf841157835c5ff30011fc2ad8ad67b25661c60a9282a5777a,dense_v1_train_x2.88_family1/variant_6,15,-0.12229521393775941,-55.37377111082991,-282.92165308339895,55.66725067908701,1080.0189086966038,35.18383718269678,1.794165897369385,-3.3542650720800595,2.2184107303619385,0.10496514290571213,3.2581050395965576,-27.358363701621094,-225.7441587863629,29.78587098925157,2.927433967590332,0.004673316143453121,0.29905399680137634,23.55351803200628,217.56137359463418,-1.8984613330162812,1,1,1,1,1,1,1
pi0_causal_upstream_000113,upstream,174e1f8f1d7eb088e004d887e4f1450447363507a9d261e54d137c184f011b85,f2d65e7347227d84a0dd448aeddeb9aaac2175d9e772a0a7734d383893f659ce,dense_v1_train_x2.88_family1,e38782a59721d3320dee5aab853f282490bae60d1a2b7c2048c8116d55bcf97c,19d3d7a7fa4a3522417617f50c21f69003a1502676a7f37f225dff0993c463f0,dense_v1_train_x2.88_family1/variant_6,17,-0.28854582309722904,-62.240324207983804,-98.93853446749046,93.6534911820855,381.47409744767606,24.97415308845301,1.6113940238952638,-3.4729973741786613,1.884422779083252,0.09335605800151825,2.532867908477783,-25.15929721342357,-76.13581131961948,24.513183516055168,3.0161964893341064,0.009438715875148773,0.42807793617248535,35.97719500015259,32.56521156631316,-0.14132746081767747,1,1,1,1,1,1,1
pi0_causal_upstream_000114,upstream,03e57a73c7fd47d376a290a08804ab2b92ffa9176c1fc5e2bd06f90503b5b85e,9f304d2a6b38e2cd8da0f3cc488616532c9d7c9cd186d78057d40a2e155cccea,dense_v1_train_x2.88_family1,bc94e67ec5d165c27523c20644478784d1d6faa9c94a0b40e75272693d38d145,aa86f090c469b9ed2156b009357cc20116d99e6cd06b735efb0e2c681d81af22,dense_v1_train_x2.88_family1/variant_6,18,-0.4988543748855591,-64.39839077814104,-68.42685684118206,95.39468398644017,-205.6763663255701,26.04438576309475,1.3453314590454102,-3.768998609396992,1.4548159837722778,0.03876712918281555,1.5171080827713013,-25.940933816756075,141.6327424031087,28.41582041911164,3.0494511127471924,0.010804678313434124,0.4690873920917511,37.598384795884726,-11.507482223069973,0.36381077003364254,1,1,1,1,1,1,1
pi0_causal_upstream_000115,upstream,a2fce975a114311d7b7eb0dfce50cf95d84eede11802072a495cc08ac6d164b1,053ca100af64c5560ffa69d5b9e440bf8216b32b6020f4a6b2b713c43aff3bf8,dense_v1_train_x2.88_family1,bd6f292d8cbdbca1b95e37f19ff25bd7e87745e9a144ce895e2d93479bd51ad1,bb874eae716caa68970237d07d927755260615e35c1d9889face89bd4b557a12,dense_v1_train_x2.88_family1/variant_6,20,-0.05106773257255555,-52.69197588039985,561.2076294563535,75.1041453964349,-295.0784882210512,25.699136388964064,1.8995745849609378,-4.09829852416476,1.4387357234954834,0.0011664372868835926,0.5067893266677856,-21.240891111120835,-311.98621170006754,29.180569379721288,3.0998141765594482,0.010400881990790367,0.4949251413345337,35.866685954476374,29.928980527836263,1.781770102096557,1,1,1,1,1,1,1
pi0_causal_upstream_000116,upstream,3720c5a24c46e57abe500261f932197c34e39bd5dd5f26aa5096d889a7528139,c3cad9aba6be286ad033e5543c264262254c0ab4e43b00ab1541d8fe036313c4,dense_v1_train_x2.88_family1,0e7033705fad72b7215e93b30dfa33a5b8788535b1df5b2a45d203cb8185ea7f,f491cafa1a103ee65e0c3de19140ba590df58ce7cbfeeb6e7f938c2d484dc31b,dense_v1_train_x2.88_family1/variant_6,21,-0.3087892770767212,-43.95962000767357,364.1273020880546,65.03719788064481,-554.2501255602117,23.131893787163147,1.58767879486084,-4.091737460899303,1.268593668937683,-0.008369960822165012,0.343982070684433,-18.97615406160093,-56.662439977009136,39.174392890257224,3.12568736076355,0.010193005204200745,0.5022879838943481,31.773968301913033,83.62018234795772,2.7815858365495836,1,1,1,1,1,1,1
pi0_causal_upstream_000117,upstream,f533730e6f5035f3f06aca22083b0e4bef18125c007618f8d1a90a034181f7f1,835c52254d902ad1a4163ccce74576ec0ae2d58087b0d711f99deec29580d0c3,dense_v1_train_x2.88_family1,006f34562fb3e8f078d97975a18f2a27963633672e6f272e5b9b91667a713de8,0bae12144e73e787fe428c63717e8e16d591f5981413a7c5074dbef7967c0b29,dense_v1_train_x2.88_family1/variant_6,23,-0.36089774608612063,-30.094055954791717,347.7660757049093,44.450420325957765,-650.8688340874315,20.812037807557083,1.5307438468933108,-4.004136748439024,1.2611082792282104,-0.005897264461964369,0.1610179841518402,-15.887583500056184,-10.086276097367584,51.942728034111546,3.1782848834991455,0.010256918147206306,0.5147462487220764,30.074825557183544,21.60318483526582,4.880304967552696,1,1,1,1,1,1,1
pi0_causal_upstream_000118,upstream,848ab3d52d542bf4de174d3c60091c419e0efa6dcf9874ddbf16478d913056cc,d90ca1baa8288306e9ce01d35fde23c423c511f950aadda9bb12f50a6d01415b,dense_v1_train_x2.88_family1,3c9a81f28b52ac5b87a32793269e135d92297d58e23278aebe6ac791adbb9a9c,1c68aad1670a7e778b1a790b34dcd763295e9eacad4e2e704d11f0c799dfb855,dense_v1_train_x2.88_family1/variant_6,25,-0.23658056497573854,-22.684960441296194,203.44600903323743,38.30880643183609,-71.98520781384029,17.701260455454502,1.676897659301758,-3.7791855871572895,1.6262052059173584,0.0658164992928505,0.2235417366027832,-12.366044685703391,-129.7460958886438,49.80771335240311,3.2405989170074463,0.01238290499895811,0.5295327305793762,29.185876436706387,23.604298780938034,7.25979136034193,1,1,1,1,1,1,1
pi0_causal_upstream_000119,upstream,4fcfbee753151e62382a4867dd2b7fe76a05b3892ba89f379a02969595966714,4c72eaabb45e3849376397ff428c89a692d5867b504a0e3fd2117ec06698323f,dense_v1_train_x2.88_family1,aef06254b0a6d0bb2f6cd8af9d1f0536933c9d9e9f65114ac6c771a7b751d16b,3dd23dd0b8bd9667ba4cdfa307b22259365efcbe22ca19bc2add6b4ff417ee9d,dense_v1_train_x2.88_family1/variant_6,26,-0.19140584945678712,-22.370816135705212,110.07810855091769,42.850738795922,223.40727786373472,15.790517654155499,1.7299466705322268,-3.6800281030025856,1.8119595050811768,0.11315625160932541,0.2674446702003479,-11.02462029214863,-173.17790278292088,45.26552827131791,3.2762837409973145,0.014562106691300869,0.5376669764518738,29.042865935864658,23.500032528163203,8.407638387704662,1,1,1,1,1,1,1
pi0_causal_upstream_000120,upstream,4daf50feb13944f579f52b441423e7dbc2107d770abd1371235e5f4ae1c6ad03,7259191970886d1d1090a129366c76557fa3fa3cca385ff41b2a1e4f00703a12,dense_v1_train_x2.88_family1,3dd0d521542e43157ddd84d31f4189c2195bef40d23fd8deaa4299d504f2197a,aa5a8c3664d8f802e5288130c8f9fe844dd2db0eb4a6ad3d1cf6b4681f77b1f0,dense_v1_train_x2.88_family1/variant_6,28,-0.3227504110336304,-27.222294380523394,-76.36983409115163,52.31750734405932,291.53501340040526,16.189739090373724,1.580984516143799,-3.5838805205519133,1.8458932638168335,0.14041362702846527,0.12144419550895691,-11.980398544786132,-51.29388055352785,43.42641104483277,3.3476357460021973,0.019506167620420456,0.5485010743141174,29.50424521429902,20.91444563483466,10.38228410552907,1,1,1,1,1,1,1
pi0_causal_upstream_000121,upstream,3e8035b9febb398ba594c1ed28b30c6af2ced183a142b8f254f8f1b9f7ce0182,7171330d322e91db784da9f41968abd5b08aeeb77381c4c953d0fb4eca8e1a77,dense_v1_train_x2.88_family1,648cda94c951c24e82ca8408af1ce3d5635bd6c194f14ecf1155fdb3fd5e0a87,b886c2d69b8012f5214fe15413632b3a65dafbdb5807c4e8af6898177a84f719,dense_v1_train_x2.88_family1/variant_6,29,-0.34411004543304446,-31.093001856757347,-123.58945899344269,59.94886404333623,340.44504182038276,16.366663798852713,1.5589812088012698,-3.584043660451999,1.8870573043823242,0.15918375551700592,0.0534217543900013,-12.907512201024383,-33.28079682527706,40.06938331305526,3.3854734897613525,0.022744137793779373,0.552523672580719,29.356467241416624,20.397041729733267,11.263823129051064,1,1,1,1,1,1,1
pi0_causal_upstream_000122,upstream,59b8aad5d37f8eef7ba2c9822ce29dffa2889d9f05e644791c71ff9bbc19c616,400ea0365644b5c8b76f36fd41aa0300d2028d17fcebefc9b76b7d66dd860ec9,dense_v1_train_x2.88_family1,c023365ca16aa4f5c7fcddc1b07d116eb2d95ec5d1e0921c02aa9b9f3cdc7b76,862ef3eab92e4e244f6adc3d77be620abb490be1ef5eca3da0a990430b1709ac,dense_v1_train_x2.88_family1/variant_6,30,-0.36538239479064943,-37.56522081236973,-243.8209237833403,70.85897792159689,535.856808615961,17.263508592869687,1.5394970512390138,-3.6447984133927065,2.0358145236968994,0.21646535396575928,0.22753460705280304,-15.157229664559429,-17.330988594334762,35.038395744018096,3.425706386566162,0.02695143222808838,0.5591450929641724,28.89836645378387,24.80539096157936,12.018952888043,1,1,1,1,1,1,1
pi0_causal_upstream_000123,upstream,a9d5bfd8b4629106b68538c787356210ef29413608919b2e67d5496886157e7e,424d8ef518f33a588f7472ce527ea398aa3297558e882a6bfe5679344e7212ed,dense_v1_train_x2.88_family1,e3029b983adbddeefdf64131626c88875a6037cd80d31a7538e626100216ea25,162724ba111198689ca5372d0634e71ebc943e40f75f9e5f76cb25f0ce768a12,dense_v1_train_x2.88_family1/variant_6,32,-0.2808277225494385,-53.37892557126847,-255.77181505713833,98.32966408411883,763.0149121831648,18.871897497158564,1.6406818771362306,-4.0041787182723025,2.276047468185425,0.3143582046031952,0.44018328189849854,-22.616226540131063,-100.15262108302773,24.60578039063303,3.512000560760498,0.037926387041807175,0.577981173992157,29.912557337976967,-0.3167782506505205,13.227010330686225,1,1,1,1,1,1,1
pi0_causal_upstream_000124,upstream,87e657126f1a7d455302ab252e4cbe0c6b1cb90b424e1a4a9e7cbcf8e9c06f0e,ba8748985c5c06935185a6823e91d4b8139a4c71bb12ea656eb33a4b6b7a8956,dense_v1_train_x2.88_family1,37342a0b839d1a84c17ede118741f8488ac991f09489130c64752ae0b788530c,63f32b271ac58259ac1a5edd12222285d87c5be38f09ccf0b129399a8a152ca6,dense_v1_train_x2.88_family1/variant_6,33,-0.2960333108901978,-58.44641367123018,-183.54312465976543,112.14379681255049,601.8420640741601,17.469881718427956,1.6263962364196778,-4.3108548530822315,2.175666570663452,0.2756049633026123,0.0727231353521347,-27.328703605150313,-88.44816986467293,22.78414332578124,3.556504011154175,0.043899063020944595,0.584084689617157,30.074258651482435,3.733372435705684,13.837410684522563,1,1,1,1,1,1,1
pi0_causal_downstream_000125,downstream,d29963675d68bf23648049783979b0ff7ba172638fd5e3052d7640f6c7566f61,0117b1237afc36ecd1559b1996597c22fc3f2b96887354c36c571bb586d27c45,dense_v1_train_x2.88_family1,c7d705299186f1764837de145fb4c13228ed52ba58cd2aa48980d5de119a987e,c57e9ea8dc8d64ca4da3aeb88fba1681637fa1f64c79a158c7ce0120677e7ef3,dense_v1_train_x2.88_family1/variant_6,34,-0.3286443042755127,-62.30519051453142,-134.01605695016897,122.51177808581973,434.03852296042055,16.546242233555557,1.5890128707885744,-4.749124665213496,2.048846960067749,0.2199936807155609,-0.38192206621170044,-32.62921043883618,-57.87550547926549,22.51169732507319,3.598567247390747,0.04886469617486,0.5816494226455688,32.405791535990474,-30.370429314272528,14.385566164533484,1,1,1,1,1,1,1
pi0_causal_downstream_000126,downstream,44e78ae4e4a3498b2683472b881d19087fadd3cf4976681a73ca3d2643bed047,15558b161d733943219e84d7f21a4e3e30642f6dd0da5c9b5a62ddc1a82608eb,dense_v1_train_x2.88_family1,1b4b71ef98790957174898e62db694f5a4fee5a89c443619a8f2f55caa41f073,4e3bde9ccb4d8081e8856dfc3df0e7f2d1fbf532f1b3f4c217376cd39c32b10e,dense_v1_train_x2.88_family1/variant_6,35,-0.3631151199340821,-65.25319578295729,-94.76098586543556,129.82365951685847,298.503964693596,16.160492889096624,1.5586586380004885,-5.304938228866247,1.9401206970214844,0.16703104972839355,-0.8228446841239929,-37.77217212912653,-33.026348373031986,22.35322839859243,3.6382265090942383,0.05272810906171799,0.5701319575309753,28.462397186609248,63.53295116878706,14.90897732758062,1,1,1,1,1,1,1
pi0_causal_downstream_000127,downstream,ac7c6d99c725a5cb71e522cfcc704c5c1b08dcc4a11b4aef84e4a53548f77364,cd585ec6fd08e6736d827a44945d60049492297308415f6e0f3b5801c14db393,dense_v1_train_x2.88_family1,50ba88da380e2933ec63091cd22d6dc9509e5c793329ec3a808533e21ef79731,17b9b5a23337a484dc1923af461f671ae8138ba7456e221707566adf07a1d950,dense_v1_train_x2.88_family1/variant_6,36,-0.3790034341812134,-67.31903430875184,-55.563322520676095,134.76403096617707,197.4307570538556,16.07272694599511,1.5440585708618166,-5.96908044419816,1.859775185585022,0.12245803326368332,-1.2226067781448364,-42.101654874173775,-21.0749687407083,22.747765738261755,3.6759891510009766,0.055602651089429855,0.5500938296318054,29.01443527344448,9.932813699548444,15.395208066150335,1,1,1,1,1,1,1
pi0_causal_downstream_000128,downstream,01288c430acb999cff9ed23404d61ba57624234fbc4791bb007ceb11d4b106df,04fc37b5a49e5f70cce1789aab1deb5ea9dc4ea862eaa2f79d7fcadfc9e2799e,dense_v1_train_x2.88_family1,a1245f8e3153af3b28d550625ad82539526f51e6c5dbb1fceff544d465fe7c10,1bbbbd2e1217c46f85bb95e511c1ba5cba9a43ed31971890498b0390bb44c02d,dense_v1_train_x2.88_family1/variant_6,38,-0.39656551837921145,-69.61532341714262,-6.676866364184774,140.0429748926532,78.44856118390999,16.420120951129356,1.5284204292297365,-7.512224566475228,1.7672227621078491,0.06333619356155396,-1.863667368888855,-47.60437970352162,-8.305888252460795,23.42905320230843,3.747858762741089,0.05919025465846062,0.4887641966342926,28.89031707584701,9.634674234730095,16.331640701355518,1,1,1,1,1,1,1
pi0_causal_downstream_000129,downstream,22501bb811879c6426b916699bc2947221f03356d1a3649b2c6c34beebe2dfd3,93cc7403b74f473a1f2297b118bb2f59bfc1715f66eb6119d3825d0a1a907342,dense_v1_train_x2.88_family1,8af0b500a0b130324a1cb9af00b55b7ce6828ac40ec669c3f9c6fd0b0c373b4e,14ec2bd794b5d6e0db011c62440cf628ea874d2b4ca9c5545971ee14494965b5,dense_v1_train_x2.88_family1/variant_6,39,-0.3998741722106934,-70.13167205801724,9.687072030947848,141.30966079498876,47.26818071710067,16.706921948440698,1.526876335144043,-8.345506322707806,1.7451363801956177,0.04629254713654518,-2.1263234615325928,-49.00042938873721,-7.044289987283263,23.77932237841961,3.782752513885498,0.06027737632393837,0.44930654764175415,28.142964607053383,19.614749428240444,16.79526614928573,1,1,1,1,1,1,1
pi0_causal_downstream_000130,downstream,ef4ad24403e1f5ba808a1dcfdc5872d485ed994e24603c14bd44b46207cdda80,655b10452bb477a15187e225a2af9d9e7080667d8ccd722f6fcb3d2ed27098c2,dense_v1_train_x2.88_family1,4acf5886471d25a59565d5c0b73f0ca52eca25067eeaa7e11dc24aefdc5cc42f,192ac17eab2da26ad84548856558a8dc86aeb815abf3301940e4241c1e0d1665,dense_v1_train_x2.88_family1/variant_6,41,-0.3997844171524048,-70.33878388421954,32.193833690572056,142.52979212794148,15.609497470640994,17.272220804669644,1.5295821380615235,-10.053904744517862,1.7270526885986328,0.028564052656292915,-2.5850419998168945,-50.1327893757607,-9.26078455692172,24.709443879213605,3.8516905307769775,0.06173107028007507,0.35581931471824646,27.326043246468593,13.685070327648745,17.74055309487384,1,1,1,1,1,1,1
pi0_causal_upstream_000131,upstream,0086b35f760ecb712476423469eeb655ae8fb507222587d8b1870f061c02c91b,b9b40bbcaacc99a15ccedbaa1f8b02405097a377da239d3e69fb870a1b550e2d,dense_v1_train_x2.88_family1,3c0d9fadd2e86e2dc76050f072df116138b233729a4f791432c6ad09aff38b64,63bc9b924c0f62320fec0dd994ebf603e43ab54ce6366bd0ff00f67e421cecf6,dense_v1_train_x2.88_family1/variant_11,8,2.1837344932556153,-61.786075647042935,299.4195378914579,136.81904364213713,-376.7307496351557,0.6152516102241113,0.8931869983673096,-2.1831852839951114,1.8558074235916138,0.2962101697921753,-0.3856953978538513,52.684575370434146,-137.0424044883749,8.379811389847843,2.7894797325134277,-0.004773613531142473,0.12035354226827621,18.36209102691281,-64.47812640651176,-6.0574149323675455,1,1,1,1,1,1,1
pi0_causal_upstream_000132,upstream,6b962395ce41545eadb4562292b89ef50b214c0c1d9c50cc84e620f0ff48f46c,bbe8c907ba92eaa5ad9104e34b16a75f7f061a8e3f60d38cdc5a55d3b835ef25,dense_v1_train_x2.88_family1,fe2ac2033f3620c4f92d4e7e81a1acab75e3a6eb6cb548ebef1167addda04c12,a6b89ddd58d9b7afd955c99d1a4ebe303493915b0c7361a8c84a16e583a0e255,dense_v1_train_x2.88_family1/variant_11,10,0.8630830383300782,-44.260332746261724,526.2149310929774,114.89779738779134,-792.7590746222497,-0.6089198841873416,0.18998745918273927,-2.0472935416058893,0.5161427855491638,0.08621907979249954,0.12199973315000534,-2.68215552290877,49.27396480461788,54.518880728649016,2.8312177658081055,-0.0002998580748680979,0.11996620148420334,10.479620715253095,127.14535109799971,-4.057704854766698,1,0,1,1,1,1,1
pi0_causal_upstream_000133,upstream,7442bc4d0102a297476fc970f9ff206a33dc2e5001242cc7ca4fac220ef746d6,88ccc4e0807e709a5b32e5ef0420fd358e6109d2dcf89a0dcd44b395f01f6673,dense_v1_train_x2.88_family1,0a71444b11d6c9ba2835d5d3c81b3ea1dda57a8611b58d330feb8b86290db4c0,6f891a2015e893cf12fa6e2cb7789c83de08b91f1c60ff3ee62ca68319272a1b,dense_v1_train_x2.88_family1/variant_11,14,-0.34759757518768314,-49.80025137073488,-296.79562509914905,50.69053579319477,111.40777562758993,31.747712981626247,-0.4370671129226685,-3.241982386269386,1.7512317895889282,0.03943818807601929,2.7347559928894043,-29.597087975687003,193.19289788142947,37.83490400155851,2.9036922454833984,0.0007383376942016184,0.23408760130405426,4.304634089959918,-100.15181512070566,-2.3107630864806787,1,1,1,0,1,1,1
pi0_causal_upstream_000134,upstream,8a2983f85d861b75979caa931a259ac8c6e558f403898dc06da783b92f954cbc,c9553ee629802743a52d69174885fd45b60a26a72704b430b424a617668c18ad,dense_v1_train_x2.88_family1,ea1438e88d4cce6f9baf8cb34933a3006c06057357ec735a8503692c0c5801bb,112e28275ab818ae29e97738ee2c9ce50f2f72a3b690cddf013176693b9afe0c,dense_v1_train_x2.88_family1/variant_11,15,0.13518503665924073,-56.27330019433141,-284.0787144495558,63.47789984407675,1075.4964492018416,31.594664414182308,0.07496630191802979,-3.454994545655919,2.3147287368774414,0.07790805399417877,3.2908854484558105,-26.763606196622018,-225.91257759091707,20.915678483979846,2.944749593734741,0.001902395044453442,0.2944399118423462,20.86415836707044,209.05886724785717,-1.686512890991545,1,1,1,0,1,1,1
pi0_causal_upstream_000135,upstream,585040bb68d2f3012f786f4688d09325b569509895e30f16264782ea03f17bc5,8d68504efa060eec24dca852ac729a1ea8aec9a335d00e5aafd8ee9c2b28c163,dense_v1_train_x2.88_family1,0e259daa96221bc356e232debcdc817da741f5527833cb16ccb48df3d58b9096,d50b91441846db616f72d4fea1dc65a1412f3a681c948908dedcac19437d6286,dense_v1_train_x2.88_family1/variant_11,16,0.15764214277267458,-60.15135183147042,-167.36539813886168,85.49278799194343,1010.4427769049188,25.472295634460096,-0.026533184051513673,-3.6077295113033854,2.3664915561676025,0.09540802985429764,3.3596858978271484,-27.381979080676413,-287.47503967472295,15.700000892238247,2.992385149002075,0.003676899243146181,0.36155951023101807,33.70954145985709,-5.4118111695135696,-0.9188471044349663,1,1,1,0,1,1,1
pi0_causal_upstream_000136,upstream,8915e43a6606c87cd08e32ccc183c9e7d5380a2d5c64af494fd94d65fbef89d8,257de67b49446eb5217b59b51a84028210c936f5e05472890acb12c08c904364,dense_v1_train_x2.88_family1,8bd51fc20bbd209c17312453256b8e48cf09e5aee53c3e4be67fb4c4140970b7,ec88a005cff7e3d4de9dc34b79cb0ccf9002fa181dc7edb24a2bcc5d29a415c9,dense_v1_train_x2.88_family1/variant_11,17,-0.09533102035522462,-62.64031374615809,-138.41696639846162,98.7312996978831,352.84762716437206,21.97370490283022,-0.3306707191467285,-3.9369484277951847,1.9329752922058105,0.04865008220076561,2.414682626724243,-29.838808370413755,-38.52478384358106,18.285951493140093,3.03540301322937,0.005116195883601904,0.41902267932891846,33.161920797867566,4.244375599781127,-0.30400744932319557,1,1,1,0,1,1,1
pi0_causal_upstream_000137,upstream,bf34d4684bb59bf0debc9e40e0133bbe26b29d5b2357a1bb84beceea042e8b37,1a45f27af5ccda14f3756cdb968352024ab0f69a0085982fcde156a8b7db094b,dense_v1_train_x2.88_family1,e21d84bd4d9b82e84e84029b133080b8c134a62222233eca65477bc9137c7843,59ad24989e3a331f5392146eca0d6a569057015085c304f41c5f89b8e3fb4268,dense_v1_train_x2.88_family1/variant_11,19,-0.2585307002067566,-61.213015945489694,163.3724968708289,90.86896649144387,-615.0796263838052,24.170955673684333,-0.5356332540512085,-4.844521463033673,1.2730355262756348,-0.07576201111078262,0.4239579141139984,-27.796549365181384,129.2404706447661,24.777870421866087,3.097686767578125,0.0042311944998800755,0.4699699580669403,29.540981386749934,31.655928972676872,0.4230662791813018,1,1,1,0,1,1,1
pi0_causal_upstream_000138,upstream,396bdd2414a831b5c2b96fcbe07ea7660e2c74a9b119fd3e3521f2abf523bbb7,0eda883a9650055cf7acc8fff0887ec52ad101efd162ccc34fd2d69fa8c0b7ef,dense_v1_train_x2.88_family1,ea02e72e33863e17e0cd6584a9aeb54b5557c19694f1b6ea0dfc6d2b353c914d,897da0b5249b520ad6bb6d56d22c10fb6cf2b3ee0dfea82a6fdf752005fc65dd,dense_v1_train_x2.88_family1/variant_11,21,-0.16683269023895264,-41.33089534709452,350.58585100185735,65.05178033452279,-815.5642566382219,19.414644584281586,-0.4454690408706665,-5.202693009923234,1.1928656101226807,-0.09026671946048737,-0.03300762549042702,-20.1428886831698,55.40987890587718,35.60795838871629,3.1498568058013916,0.0005052429623901844,0.4711231291294098,26.160602945747442,25.067706084200992,2.0127577132154104,1,1,1,0,1,1,1
pi0_causal_upstream_000139,upstream,bf8e1cbd07504ee33fef2370f6fbe34a352155f0b2949a2e00c52907f6c04e74,2c1d6cf14946e15f3acd53e0be6979c7a179f9336da9a4fc3d50eb766b9dec11,dense_v1_train_x2.88_family1,0820ef1b9758a35ab896cacb830430786bf47bf7c38ff42ea4a3c204822cf5dd,a0aab719c3f49cbd59602cb1f2760b41c78c527e0f1352f8aba8eb98dda10527,dense_v1_train_x2.88_family1/variant_11,22,-0.10181987047195436,-33.07308735752238,319.33000377490856,49.722165233048706,-632.1349365904073,19.16577660701401,-0.38140065193176276,-5.312959371273445,1.3512159585952759,-0.05118565261363983,0.16414718329906464,-18.606280535024524,2.9711914127805494,40.66581592194828,3.175077438354492,-0.001078387605957687,0.4707372486591339,24.108149883178825,33.78947857880834,2.849277744577725,1,1,1,0,1,1,1
pi0_causal_upstream_000140,upstream,383167b38e00b5abb37e240637b67c7e32c3f5dd6e80c38f6217743b953bc7d2,aa35026026247c15b8dc48d03aa2ee2b3ab873b9adb9ca7ff853a0df61bbf1b0,dense_v1_train_x2.88_family1,aae733d1444e21b0cf218e870593206eabcbce90e5eb283c98a207d5b65c603b,93ee6bd82ad4768e4d8f9eec7a5b151f2be72886acd75286abf86158778cc9b8,dense_v1_train_x2.88_family1/variant_11,24,-0.11775041699409486,-22.589276321213486,56.466109604411706,27.480175002826392,-132.51494529514025,19.979832195587424,-0.3898088550567627,-5.421920084415061,1.648373007774353,0.020296750590205193,0.376090407371521,-18.546439540158747,9.851588236165007,47.575669003345475,3.232052803039551,-0.0022937916219234467,0.47870466113090515,26.863525033990133,-32.56986634023252,4.732778375996939,1,1,1,1,1,1,1
pi0_causal_upstream_000141,upstream,5c8345832f1db6e31a13f6bb1d7b7b654c6ec5fedee9f1a50e3506e1e3e40f30,5d350a995283ae9d662475c65f6261632f013a8eae062653f0a66d030da3a357,dense_v1_train_x2.88_family1,06f08ca1c5b1a798a7cab9fedd3bbf7d31c625cc4ff09b6fe3006d7289afe39a,26fc4ea7cfc12bb592af60e9708fb845e4904b0a9ca48d0baa424cc82e47db1e,dense_v1_train_x2.88_family1/variant_11,26,-0.15527838706970215,-25.20788034898987,-178.45952414355165,30.275820948984094,264.63715471300475,21.18276231235759,-0.42471429347991946,-5.5274064794292475,1.8392293453216553,0.073470838367939,0.28206753730773926,-19.516457883442083,38.4208454398864,44.60902414867463,3.301928758621216,-0.0004721327859442681,0.4916674494743347,27.825797942754672,0.6017727496069156,6.5981700123710345,1,1,1,1,1,1,1
pi0_causal_upstream_000142,upstream,4fe8244582274b0df1ec7f5512a244ed93cfb8d2cff4368955ad5e03a9d45b0e,c69795b86950feeb10accc6434bd50762c6ccc18674a314961f12db16223b791,dense_v1_train_x2.88_family1,3b1fdef668fe347872a3cbf654fe0c12126b4c95ac4f89d9487189ba692bc5c8,982d600ed18979891680ae4d316f97f9cbfac4eec7a4b0695edd64329650c321,dense_v1_train_x2.88_family1/variant_11,27,-0.193340539932251,-30.48216096381018,-277.09361658916714,38.011419995373736,376.4700549749146,22.394662698261936,-0.4654481029510498,-5.627376303473258,1.9031403064727783,0.10317893326282501,0.2668249011039734,-20.656786993679685,71.73044858798798,41.472929130884935,3.340040922164917,0.0014721601037308574,0.4980292320251465,25.147928363550086,43.43115119611676,7.418355783582083,1,1,1,1,1,1,1
pi0_causal_upstream_000143,upstream,18182fbd1fe793158860cbb087f549d3dfd3e773e624b6ea559a8da534bf41de,2860272d33555c61c346788e0d308bbc1bca8a348de64fdcce76ab4b8e7386d5,dense_v1_train_x2.88_family1,31d474da098adb3c7e372478dba1f760d074613003e042cd4fd793d968d080f1,d4b83f8ec41cd2ce430605c3e8d4c81f50248e5b0021d6d960083144edf946a6,dense_v1_train_x2.88_family1/variant_11,28,-0.11290297627449036,-36.46118561983428,-273.72633332835085,49.23870395302769,549.8427410925859,22.716715200162724,-0.37394113540649415,-5.748482006475969,2.026611566543579,0.14675283432006836,0.26230958104133606,-21.139245943439995,-3.177827687061884,35.00150930740544,3.380458116531372,0.004263921175152063,0.5044226050376892,26.919416471968347,-28.583423016059996,8.18518642981217,1,1,1,1,1,1,1
pi0_causal_upstream_000144,upstream,d9f168c89c180dc7b064be2ad847aa427ec8907eaf96792c0f1aeb2b0c91cbdd,6f3a9b4a5a0ab087863792a91c86167e8ac8a2bde25d2b178d62b815e630efa9,dense_v1_train_x2.88_family1,1a3182ea5d55be14e9e821d7dc84400da7f69056204f066391210f474f0c0aab,b5e66fd4ff15e8522bfeddf427a50d19862ee2dbaf0e720500a33687ae30dbd3,dense_v1_train_x2.88_family1/variant_11,30,-0.09884622097015382,-49.87027105501126,-317.7699339269643,74.52977429856102,663.5093285805907,23.208932810929564,-0.3542463254928589,-6.150364232726048,2.1455838680267334,0.21850165724754333,0.3030577600002289,-24.101138693995807,-19.304179019132672,25.076392377277955,3.464489221572876,0.01184803806245327,0.5174689292907715,27.522429968126676,-11.31352534120912,9.451695194824369,1,1,1,1,1,1,1
pi0_causal_upstream_000145,upstream,c07dab65ac3b046bdf74bfec84f37a034ed9d2689e4ab0b2968727392043875c,e3ea1193beb03ee181617d04665d50309ffaef41e58eea05c10036b4b3a8a040,dense_v1_train_x2.88_family1,654376724f6e0a6f299296196cf986b09affc75dfa08e641be56709f3745594d,d63587cd3aae4410a5c3bad64fed38247693d589cd10a0500cfd77e3b6b433a4,dense_v1_train_x2.88_family1/variant_11,31,-0.06691106915473939,-55.42542783152271,-257.40821909924665,87.96864277361385,618.2314035159293,22.15273135377988,-0.31734464645385746,-6.416783378054548,2.1436350345611572,0.2240511178970337,0.15228986740112305,-26.471905892643697,-49.543559201347456,20.867614442790465,3.5079212188720703,0.016448544338345528,0.5226165056228638,27.262973279672696,-2.4895185751050226,10.067883263012648,1,1,1,1,1,1,1
pi0_causal_upstream_000146,upstream,bc25582d90bf84810f0778d5f1fa69b0f9f0c66291a1196c48381c9d05e7dc30,1c14fe3af9be9bf7da615b755d604c46637dcbc75cf99daa37727769bbd971c4,dense_v1_train_x2.88_family1,7fe8d441ddc60cec4f387b7c82ae69863fdbb2adbf7a5dba81a7fca3d25510cb,b8ab8970488f29e8d17a2d2c9f55ceec34479558b5c75382323f8471b1469cbd,dense_v1_train_x2.88_family1/variant_11,32,0.025956526994705204,-59.69104489273575,-194.86003777480286,102.41666486834687,716.5705000912919,19.702213435822685,-0.2130386543273926,-6.73681803346232,2.2491772174835205,0.2719480097293854,0.1976543366909027,-30.71664135801672,-134.91299739197504,16.542260547096493,3.5527431964874268,0.02173122949898243,0.527310848236084,26.57471390003073,7.2050666639298395,10.76129012182331,1,1,1,1,1,1,1
pi0_causal_downstream_000147,downstream,0c30036641f9c222b72a66ef6c4a9140c81d0b0a278d8f030100c93ede8f9ceb,ee0df105adbb7a76d1654d9536d7c08f046c53a32a143bb8290b091b8cff90c6,dense_v1_train_x2.88_family1,39685c7e0442db152fcecebc96fb55d20db49717fc4252a7dc6ee822e15dbcdd,924b30f03e7190e13db1c9a702c9064e3b82652276decaf05f43113c22aa9011,dense_v1_train_x2.88_family1/variant_11,33,-0.014973899126052858,-62.73851137585537,-157.77477435540993,115.18544397449726,555.5142023302843,17.070569977566652,-0.26103846788406376,-7.194269269407927,2.1511714458465576,0.22714397311210632,-0.17055140435695648,-36.62725483931397,-95.64167728720616,16.089273863604785,3.596975326538086,0.02675977721810341,0.5274155139923096,25.159686534206262,21.07108577816515,11.443180523437432,1,1,1,1,1,1,1
pi0_causal_downstream_000148,downstream,f281a1f3cf57ef372be3603a18a69b152d2171e31a9453fb5b0f5603b45c4938,c146e58a9c47ec8fd4ebfb573ad620c17787bda559e8b9276e8f548d965bed55,dense_v1_train_x2.88_family1,767a1dbdada9de8a52c0feee9b76ed1947eedcfd4643a8ec9125326df1e101a3,b206a71ca98eba8a2fa49ff7b2f25facf1cfea3a33db80bf921120756301f2c7,dense_v1_train_x2.88_family1/variant_11,34,-0.11355405926704408,-64.94214213796575,-129.59980689700046,122.376922830847,222.63609486492692,16.031673663700495,-0.3926885271072388,-7.8254630560973215,1.8964346647262573,0.09323176741600037,-0.9374737739562988,-40.78880372323812,12.096493831429777,17.243150654061104,3.6372265815734863,0.02974495105445385,0.5149044394493103,16.27514550903563,113.0223503851109,11.964903688207341,1,1,1,1,1,1,1
pi0_causal_downstream_000149,downstream,e2fecee73492ca23f57fc3715d6a21a82f8a4aa131a8f47b4c38681283231d27,a566d11a1d7706f67176150ec119f4921ff68805bc64235c4760385b8c83f033,dense_v1_train_x2.88_family1,5d131f22e23b91a9a965e2cbba4bf5f23227033313ccc90ba98d748d36f107da,8fd2e9f1e2dddb13e9f8ab0a03137fe5735a9935e18d36f9c4bbdcd8b70ab695,dense_v1_train_x2.88_family1/variant_11,35,-0.0616467171907425,-66.67127282824617,-97.3020211423554,127.65441875721909,273.9353644377099,15.405560263711289,-0.34281225204467775,-8.566487413722099,1.9490118026733398,0.11635039746761322,-1.0438411235809326,-45.684768697667884,-28.72643351690172,16.719314418308855,3.6761386394500732,0.03196808695793152,0.4952129125595093,14.344724021273052,50.20507326774695,12.418081171890163,1,1,1,1,1,1,1
pi0_causal_downstream_000150,downstream,738600b0dcedf1a11573a633757ead1ec816bacdef8d7e64c38a2e8e66cc1f9b,4ba9e370777d368feb22098278da4f6fce1109d4194c59d1ee24bc67cf103f77,dense_v1_train_x2.88_family1,fde27675736e68fc80c48cc34a46c325aa48b9291ad2e2c06815bc6e800088de,66b228f7f585a10e5a9438e3907c63adfc6ceef81fbaeab5249cd83fde1a7541,dense_v1_train_x2.88_family1/variant_11,37,-0.07757264494895935,-68.38157951717405,-57.4760418656573,136.36752715686427,157.2364734865429,13.761936501771434,-0.36547245025634767,-10.338744927237578,1.8719364404678345,0.055990397930145264,-1.6569339036941528,-55.02459818008051,-10.209792384544448,18.429730390263448,3.753178834915161,0.0354657880961895,0.44039878249168396,10.804332177263731,25.81044988285215,13.430935516118595,1,1,1,1,1,1,1
pi0_causal_downstream_000151,downstream,7a78603319d6f01f448f27a561dfa598845859b49fe7801ae2e9b82e258ccf02,c423e697c92c23b2dfdf11ab27c9630099212317ef40c4a7a52aadf8f3af915f,dense_v1_train_x2.88_family1,36d101dc688d7581ba9e5cade1d722756485092002b4e186d55ab30b21b752e9,923af5415e721a3ccb4d82f6fa7368dd98d628c3466a050bc75684a62d11cf96,dense_v1_train_x2.88_family1/variant_11,38,-0.09205939173698426,-68.7626699219149,-46.21118162228452,138.92789186913527,105.07580777639458,13.327335322411349,-0.3802044296264649,-11.363490677524663,1.8353204727172852,0.025651758536696434,-1.9534615278244019,-58.281362149936825,1.8487608132629667,19.489208843748315,3.7904834747314453,0.03623058274388313,0.40368402004241943,10.532517115280257,6.299989759274988,13.909053445853532,1,1,1,1,1,1,1
pi0_causal_downstream_000152,downstream,8e7c163a3ddb720db66f0fb072ec8bf5591c23cb69c9ff858ed529454b2f85c6,bb4a5eeedc606cafe55b2c32e44ab016cc05f281a20e78f7d1e4492cf98a3dc0,dense_v1_train_x2.88_family1,95661fe5c4b18f158cc6f59ec4632e59c7d1f8def1c1a2125528b0827968fccd,96faa913d451fdc750b51139dd1d7bd217d1e78e5761c3f72a2e3b6a46bd3bea,dense_v1_train_x2.88_family1/variant_11,39,-0.10084652543067933,-68.91121970617351,-36.30443277838249,140.5894173470109,67.5413023247224,13.086403947318978,-0.3892312717437745,-12.448557621158557,1.8102415800094604,0.0025395278353244066,-2.2222096920013428,-60.504575064397635,9.24956255611539,20.395462248487704,3.82718563079834,0.03645128384232521,0.3613010346889496,10.257552482315761,2.467666878959448,14.374597095607145,1,1,1,1,1,1,1
pi0_causal_upstream_000153,upstream,0086b35f760ecb712476423469eeb655ae8fb507222587d8b1870f061c02c91b,fb5cbae4b6836e90e3b0d89a0b1e877f5eb51ec9313e0d3e04add8f7d0749c6e,dense_v1_train_x2.88_family2,3c0d9fadd2e86e2dc76050f072df116138b233729a4f791432c6ad09aff38b64,63bc9b924c0f62320fec0dd994ebf603e43ab54ce6366bd0ff00f67e421cecf6,dense_v1_train_x2.88_family2/variant_2,8,2.1837344932556153,-61.786075647042935,299.4195378914579,136.81904364213713,-376.7307496351557,0.6152516102241113,0.8931869983673096,-2.1831852839951114,1.8558074235916138,0.2962101697921753,-0.3856953978538513,52.684575370434146,-137.0424044883749,8.379811389847843,2.7894797325134277,-0.004773613531142473,0.12035354226827621,18.36209102691281,-64.47812640651176,-6.0574149323675455,1,1,0,1,1,1,1
pi0_causal_upstream_000154,upstream,0086b35f760ecb712476423469eeb655ae8fb507222587d8b1870f061c02c91b,3f7009d94d6330158368703489f3ec3140676dc4d5c102ed565fdde4f8efa961,dense_v1_train_x2.88_family2,3c0d9fadd2e86e2dc76050f072df116138b233729a4f791432c6ad09aff38b64,63bc9b924c0f62320fec0dd994ebf603e43ab54ce6366bd0ff00f67e421cecf6,dense_v1_train_x2.88_family2/variant_7,8,2.1837344932556153,-61.786075647042935,299.4195378914579,136.81904364213713,-376.7307496351557,0.6152516102241113,0.8931869983673096,-2.1831852839951114,1.8558074235916138,0.2962101697921753,-0.3856953978538513,52.684575370434146,-137.0424044883749,8.379811389847843,2.7894797325134277,-0.004773613531142473,0.12035354226827621,18.36209102691281,-64.47812640651176,-6.0574149323675455,1,0,1,1,1,1,1
pi0_causal_upstream_000155,upstream,9c5afffe100b923a28707a66ded9a3657b283cbf91aa17256629b24ca23c2d52,b398d2c2d128d983d0cc380b44f0abb999a1e54748c87c3da0d0156ea1f64681,dense_v1_train_x2.88_family2,a65e37c1941aa29fe03360dd39de1c8c75140db0a097b6592df2582f94ee3dfb,b4bdf354dc42774c73679d30f8b8f62fad25017fa031d7b12b52e565cad2fd3d,dense_v1_train_x2.88_family2/variant_7,10,0.7929481220245362,-44.350542469724665,545.349296241418,114.70593737400569,-815.3306095270941,-0.25665656183827873,-0.6366351318359376,-2.1078142073286283,0.3268451392650604,0.0805455669760704,0.08159821480512619,-8.126402833903906,63.96575976592325,43.76136693682478,2.828704595565796,-0.00025614656624384224,0.11952076107263565,10.032615569927025,104.45019659936726,-4.330130019614884,1,1,1,1,1,1,1
pi0_causal_upstream_000156,upstream,31f5787fdcdaf58c0c71b4d439f7366078a54e6d502de7d4f45df59c83c14bc4,55f39f4cfee3e38150a998f785ccd16cea3138083cff8733b3fb4d081ea59d50,dense_v1_train_x2.88_family2,577f9820ccd5ddb6ee5037ad100446f2052115590919c1c2b51b076bd16ae3a2,603c2dd2fe2b8492f96e7f3e9b8c10ed281cfc06993dfb95ec5e96d8aec95e2b,dense_v1_train_x2.88_family2/variant_7,14,-0.16307115554809573,-50.3257558801919,-245.21242456256866,64.72012683899449,471.59128550774415,27.396183121159048,-0.5724223136901856,-3.5284940489131467,1.823380708694458,0.07160751521587372,2.985734701156616,-20.21695525452942,11.447138355526556,13.588914070739659,2.8973121643066406,0.0030252248980104923,0.24599654972553253,6.782482433094327,17.737017727282634,-3.9396136318631516,1,1,1,1,1,1,1
pi0_causal_upstream_000157,upstream,36e34db85b9481300894346fa018e20168aff9769c5216b6cda6cb4c2abdc0d9,425d3d09349d8fb9c0f0a0a94c0f901718ab698fa43addc7ef9b35e9b22aab97,dense_v1_train_x2.88_family2,f31c7f10ce1556400ed9ee3d5a1c53583b12177d839a7b9c1f21bcf35b0166dd,26cecab8d58a5202b807e5352c7cfc961a56a0c976819d6174b57a1dd2d9e4dd,dense_v1_train_x2.88_family2/variant_7,15,0.07317815184593202,-55.97663092773191,-246.51816548657834,81.18413390877014,991.4684021075967,25.297500559625682,-0.3119905519485474,-3.804616935953127,2.219306230545044,0.09571889787912369,3.528913736343384,-21.815830822243118,-201.70032196440891,5.336811423558599,2.9388458728790283,0.004748472478240728,0.31284376978874207,21.89991386602056,124.49917188899668,-3.655923646663126,1,1,1,1,1,1,1
pi0_causal_upstream_000158,upstream,5dd27ea0afbcd8d6cb50bd6905aa3584c63fb27f3d8df291da31d073f99907c7,f104d92ce749009ac5bc22f0253650ad217242b155b6c2bf46ce142eff7f2740,dense_v1_train_x2.88_family2,fa60b9bea14c011988469c9b830774156d853397a21cf42ed356c01bfde08480,87c3befb8a5f56018bcc0d2c362f83898face588b9402e65ceaf1789f45d326d,dense_v1_train_x2.88_family2/variant_7,16,-0.19564373016357423,-59.28172531615523,-167.24313775271847,93.68578431648132,302.5685829479139,23.03243954048708,-0.5828845691680908,-4.150157328701144,1.7412055730819702,0.06454236805438995,2.533446788787842,-24.588764681863235,20.0048147015507,9.977036613103339,2.9784414768218994,0.006321693304926157,0.37290048599243164,31.436222277645072,-125.06214340114582,-3.3675053359145912,1,1,1,1,1,1,1
pi0_causal_upstream_000159,upstream,62defcbfa6d4ebb0ac67eb1cf88baed1b58d07158d7bccb0b87b6b1d2fb7959c,2e247334093a86cdea07519f7ae9b0f70f0c8e0b1feba0983a3a9be68f07f26b,dense_v1_train_x2.88_family2,2150ef3963d43cab06ebc9b9720c32f6895ee08515b3d23ea83d989db1ddf1cb,f2b7b700b0a77ab1a1358891dc5cf574ce6f06ea0ee46ccbac6368fdb3a21a11,dense_v1_train_x2.88_family2/variant_7,18,-0.252016065120697,-56.17279737578926,288.0050896750726,82.81856402620834,-693.6915520322835,25.71999474449256,-0.6519812774658204,-4.9885303395977845,1.0284490585327148,-0.029820280149579048,0.5059982538223267,-21.8198213602657,76.58011512512881,15.04906166622123,3.03147554397583,0.006708415225148201,0.427293986082077,29.650209771956778,-9.174176050698666,-3.075575319371792,1,1,1,1,1,1,1
pi0_causal_upstream_000160,upstream,1aa6bc4e0dc1844cad3703a3934772885d1044c96054e8b311b52c5dcfe49dcd,7f2ca5abb67128466eab13c3667d3b449e648c247e4c926104aadfd01b72e418,dense_v1_train_x2.88_family2,547bdc14bf8c517ec2ea445290d2b62b15a74a6f6d82b0c48dbdd1f00354071f,7b6fa6ec0f0d2ef1a88be7058ac05b32df79a383265cea8913f9e58ed9d94d25,dense_v1_train_x2.88_family2/variant_7,21,-0.2039857602119446,-28.7415623859133,264.84550280344683,38.729931990396985,-612.3901164547076,22.863286383988356,-0.6158232402801515,-5.437355455763828,1.2080447673797607,0.01736709102988243,0.5723450779914856,-15.778411463909993,46.97504607339665,26.753550450616466,3.0959224700927734,0.0052553690038621426,0.44663557410240173,24.98378525741634,22.180252150314566,-1.5152886743721181,1,1,1,1,1,1,1
pi0_causal_upstream_000161,upstream,62e2086ac638910ad26e35c8fa3232013ac357117486392ba3829cf42bdcb2c6,11b1ab234c2dc4b5110cecc725f087bca904f5ed3e18fe752618dcf49bd178b1,dense_v1_train_x2.88_family2,27322a0288a9d8d14cc416908fea136b0f6ba45eda3094ab0809db74e5c46af6,f9b822388c04b450d88da72771da7fbe1b0df942ce1889237e7daca632d2644a,dense_v1_train_x2.88_family2/variant_7,23,-0.15593990087509157,-21.103445506905373,9.09067698809526,24.62666027892576,24.097523816377578,22.931233178626048,-0.5502540493011475,-5.616407192689595,1.577640414237976,0.06125558167695999,0.6393083930015564,-14.997007087009269,-6.688982692885554,25.528424541833154,3.151174783706665,0.006735003087669611,0.4704814553260803,29.99291792865675,-62.99542211129622,-0.4070431449734798,1,1,1,1,1,1,1
pi0_causal_upstream_000162,upstream,e4d9095cf7ff17c15ba2cb80d9fa880b846eb57722e090a6c174be5847709104,29ec28824195ed26a68a2afee41077f83dad5381a69fe4ae4b32f1e71e6350ab,dense_v1_train_x2.88_family2,854719253b5f9420a3697e233a93f054ae812326d801f78d4f54ab3c2050c764,efd62505367ecce048f12ce2fb6e12937630337f12a5aca41378b6013c8628a8,dense_v1_train_x2.88_family2/variant_7,24,-0.1977824640274048,-21.58755565489754,-109.95117631538217,26.30579056938711,160.92903767639186,22.891286029836227,-0.6001421737670899,-5.698906135951143,1.6442887783050537,0.07537543773651123,0.5642330050468445,-14.847320076253855,34.16465403972797,25.24539857810075,3.18338680267334,0.008047166280448437,0.4819715917110443,28.560999505014845,3.082772798156463,0.14776398652584044,1,1,1,1,1,1,1
pi0_causal_upstream_000163,upstream,862008e560874035e65899855440502a8820d37cd3f75bb601c10bc98e40d12c,e0741767849ae30f2370965a088ab8106ccb52949f0a1765081b6179c51177f4,dense_v1_train_x2.88_family2,012d21fabeb3b70c4832be9958878b2b94c8f1b843d052858b3140c1d106e05e,fb13706689d27aaea0c778a99d52e03e2955886bad7e9674c052118cf8bc29c2,dense_v1_train_x2.88_family2/variant_7,26,-0.2517210149765015,-28.379779218408775,-241.0007659957987,37.36445423190637,291.08979434954716,24.379631747404662,-0.6643905735015869,-5.95402532277268,1.7287206649780273,0.1007603257894516,0.3748053312301636,-15.653205558687198,86.82072020056648,23.525606463963022,3.2520394325256348,0.011605286970734596,0.5006334781646729,27.00564931778705,35.017891516129716,1.0298541113346822,1,1,1,1,1,1,1
pi0_causal_upstream_000164,upstream,d85e77a83f24427cd40f780a834d181c968599ec91988b39031f361f2bdfcd74,35c798a784a68655e25fe27cc66a1307d17f19e9196d84fce8f0ab4982d1d687,dense_v1_train_x2.88_family2,4de443d874d4740cd0bdde1f46823993f484bdc4a75bcfa1a5f678e8f5a8bba9,6cc2ebc8086e47b9e82a00e9b5e7e73c5f0734ce945a8fbfa1581a4ab62df520,dense_v1_train_x2.88_family2/variant_7,27,-0.10719757199287415,-32.47570535233473,-183.44378638847675,47.18398839029651,504.70639218904046,23.93489726082404,-0.5015441894531251,-6.072271217290725,1.8916457891464233,0.12532493472099304,0.3047458529472351,-15.621060980905824,-46.462679432808144,17.469626066560387,3.2894208431243896,0.013977639377117157,0.5078349709510803,27.387562760322897,-6.9652459155659985,1.4991028691003065,1,1,1,1,1,1,1
pi0_causal_upstream_000165,upstream,e7ca0ed9a4c084b49c633c2dd1adbe16c62550fd68ed7f98c0c1f9f4b1f43c2b,cb1cb18b811045a6cf4cff59446362ee6f66bee0c67f9ade395a2803670d4761,dense_v1_train_x2.88_family2,2b89f17f98cff889a4cddc9d31aa2818584257043e8872893385e2e1a2d9c624,3241fbf3b43b4d8671be22736668fa056e8bb58c2f1c7680bd9c551645cc27e2,dense_v1_train_x2.88_family2/variant_7,28,-0.16955361366271973,-36.36091161262932,-208.35034440449505,56.591713368153655,414.8453908643612,23.48602915703837,-0.5704856872558595,-6.218195005166041,1.852940320968628,0.12939180433750153,0.1623719036579132,-16.204951654935414,9.952616125499604,17.36851877627669,3.3271069526672363,0.016558321192860603,0.5126661658287048,27.67353595068216,-13.445831852911647,1.927185026108823,1,1,1,1,1,1,1
pi0_causal_downstream_000166,downstream,8b2d3bf4ac45084b1cfd61124b470167fe589267552fefa27d2e35f9238002df,65ef3d5f0b02244f22964d58f83fee728a778e97a0fe7c699d701cd8b41052c0,dense_v1_train_x2.88_family2,fbf4d4ae7daf0f55e9144808193cad8451bbf1cf789e63d2dcd93069b53fa5ca,00cff310575cbbaff32a7fffd384e4f1e43299fc4c973aca906965d7e5438dd7,dense_v1_train_x2.88_family2/variant_7,30,-0.20235434770584107,-43.93937191187907,-196.22230534438359,74.47608901168472,319.41745751704144,22.82055521030069,-0.606015739440918,-6.6168153523121935,1.8160349130630493,0.13052964210510254,-0.19532914459705353,-18.06965135495684,39.03162827622562,14.922199440124706,3.4032158851623535,0.0222471933811903,0.5146907567977905,27.55054131920316,-6.155521866819109,2.655348549607914,1,1,1,1,1,1,1
pi0_causal_downstream_000167,downstream,dd7d15bc8b13a308fddfc7e802db208b6515746d7ff737960c17596f3aef4fb6,8bac0f1037ee05a847dd8a6902ad47c81c757cf3dae5d70829a4ee8a4113553d,dense_v1_train_x2.88_family2,78b4fc579350e2e66d847f628a1daca4f7941ff6b8c01ce5254e5a1b09f37e53,80b2c4f96219086405fe94da94d962c23701d0d221f00c35a6e551cdd0fac83e,dense_v1_train_x2.88_family2/variant_7,31,0.0573127019405365,-45.41651301801563,-50.95700879347365,84.76360382634203,574.3151996057148,20.213132336728343,-0.34981898784637455,-6.77035969066445,2.07529616355896,0.181605726480484,-0.12428264319896698,-19.44665847276643,-170.6856623774316,8.99739367950581,3.443347215652466,0.025522585958242416,0.5119530558586121,19.852257303796588,123.26852206472212,3.2547859470188665,1,1,1,1,1,1,1
pi0_causal_downstream_000168,downstream,61e179e48b793b0c7309e3bea90aa3143ddb251bd2eda6b4bb8a11c405375748,2b1ba78c894d9de4350024861808b9c33b55d85fe0fd70ffdf5be15dee1d489c,dense_v1_train_x2.88_family2,35407bb95f1686e9f7a2a3f894ddf52fc1fc0200344923587738e38215ba5a77,a00ded4c9f0322d83552a5fabae1ee80e87a03789a3fbb7f8afafffedf677cfa,dense_v1_train_x2.88_family2/variant_7,32,-0.3177908182144165,-49.41928049430449,-255.08114632826664,91.20140545872673,136.0941966466587,21.064832461249274,-0.7491172122955323,-7.111691298687828,1.6679377555847168,0.10190162062644958,-0.693450927734375,-20.504816992194193,156.1344771054747,15.048610873736008,3.480186939239502,0.028308793902397156,0.5037635564804077,20.247769652969932,14.256142444153511,3.424783929756012,1,1,1,1,1,1,1
pi0_causal_downstream_000169,downstream,fe336c2ae15d6fe2f77004e133ceb3fc1104db8e15802d671024a73f8a79bec2,fdd8b6ea97fc1b1269013c4802db7857990d7df57ddc3a3297067e897ed8c273,dense_v1_train_x2.88_family2,16a7e1d078b1ac3e0ba6f8f6789eaa3de9d06d349587658e9d9e50b1ddab9b77,d1549558d8292a5bf5b5afb7cf59e1b90544370fb5f303d17ead35c40b2479d4,dense_v1_train_x2.88_family2/variant_7,34,-0.29456405162811283,-53.76750186333967,-272.0361073955828,106.22944038758807,203.31430932566127,19.275376296399582,-0.7307013702392579,-7.775590862493034,1.7374438047409058,0.12066040933132172,-0.9373997449874878,-24.85477152173126,141.07041292874155,13.650940726139837,3.5571022033691406,0.034528013318777084,0.4783855974674225,15.557016004605908,21.75869970493055,4.158075517447776,1,1,1,1,1,1,1
pi0_causal_downstream_000170,downstream,4f4cbcf4617e590e29daedfe2e1c36587e0c8bed1e10de73376e247f09238a41,548cc824b297a7b9056bddc17decce6852c712f34c352891c7da2f2be127d0cd,dense_v1_train_x2.88_family2,1470a34b058828d984ae681f728cdf22d2630e3cd440902d1c1ceac6db5adbb7,71a01ba395f93bd6fdf35c79e07fce57434a3fa19a9c45324a0e1242b38e01c2,dense_v1_train_x2.88_family2/variant_7,35,-0.013325598090887071,-55.69583160566893,-73.81390217165199,113.55824019720093,458.08671744306497,18.36535358661932,-0.44281287193298347,-8.190984444337344,2.0372390747070312,0.19200189411640167,-0.8262423872947693,-28.929617984331262,-94.58220566391047,10.157540583620204,3.5958218574523926,0.037744779139757156,0.46066439151763916,13.71691096201205,29.511157365739074,4.531749492988702,1,1,1,1,1,1,1
pi0_causal_downstream_000171,downstream,1144472c43886f8b2194e0ca6b4d4f6a6cc004673ff7332d294bfbe03badd951,d75e2bb6eb0f5354fa54d01716e91c1a3e27b69cedfca1163b23735fca13bdb3,dense_v1_train_x2.88_family2,76a9e9af89a7e4ad111cfa94a3f842568e9e06d71086bae7af619ee12329dcef,4ed8e52ffe2a26fb8d6eb5d62a84731b064f36eceae92228a5f79bebd04aad31,dense_v1_train_x2.88_family2/variant_7,36,-0.13663622975349426,-59.009289560730934,-194.39241570346712,122.53733665369391,409.46568798724905,17.89470201553025,-0.5725461483001709,-8.717659321727638,1.9816499948501587,0.18971878290176392,-0.9756014943122864,-34.030444237631805,11.605204300846284,12.03955310564032,3.636340856552124,0.04173630475997925,0.44357988238334656,10.912853637891478,47.75835948817039,4.856537577630765,1,1,1,1,1,1,1
pi0_causal_downstream_000172,downstream,da37993a42646f27b9c91fada79f195388114a957404deb2c29125789f96b4fb,b68b03e086b743999ba6e2f6b71cbe457b53418ed253f134862eee38267984db,dense_v1_train_x2.88_family2,ee733726a55cf12eb5881ab771539f48c2449b5f28a0caa214c37469e6e3e114,3bc7f53b97cb70302dc19339f5687b719bbad1f1653a30e4187a905239547a54,dense_v1_train_x2.88_family2/variant_7,37,-0.15699261188507083,-61.85651538795328,-153.44196189314232,129.56474070580163,298.77823776990704,17.87591356552669,-0.590129795074463,-9.373421749921901,1.877465009689331,0.1450108289718628,-1.3659090995788574,-39.334598392334456,25.993302584669856,13.197861835094333,3.675088882446289,0.045025572180747986,0.41964462399482727,12.204147858032933,-14.984289274774707,5.118387357864618,1,1,1,1,1,1,1
pi0_causal_downstream_000173,downstream,8da87c0b3c69bc8ffc5ad452d7fa4b7a51f0cd57873b33bf18e1d4d0cec2ffc4,2e493a365a5e16e8a3d9040c4282bff77fd08467fd2d3d43cef6fd72a0fd9341,dense_v1_train_x2.88_family2,0a13696e18f9242bebda0babf0071148750c53ee0e809caa85a996bc67d68135,940ebc136f98ce3cbda94737cd77366bacb02020e402ad1955772c3193a3215b,dense_v1_train_x2.88_family2/variant_7,39,-0.16927753925323488,-64.97179198915278,-78.8413926838341,137.78144461694862,133.94761845468545,18.35858641187778,-0.6055091190338135,-10.963732915416681,1.7168124914169312,0.06509306281805038,-2.0828471183776855,-47.20364225963322,38.58430894219773,15.34823248960425,3.7470109462738037,0.04894997179508209,0.34885868430137634,9.772249612539785,-17.452405452115492,5.628194533936514,1,1,1,1,1,1,1
pi0_causal_upstream_000174,upstream,c6a6da901b4a94deb072fb5a32a390411d61373f27971bc85c5d64125884186a,2aa77dd843a7e5c3ed7daced96f24d8a1f5cdc4934df737180fa6a21fee70e45,dense_v1_train_x2.88_family2,52b8c5222ba1af2b6ed2644fb886a1ba87a5cfa02731e287e2f7236722d08926,8a0b07cc621fa6ce590bdd22902a238dcd4874f6937fdc5d8fec991231ebbb6d,dense_v1_train_x2.88_family2/variant_12,8,1.9459323883056643,-66.3609090323608,51.30008919548339,137.95514998792038,-311.2003028134092,2.828447572708515,0.7444572257995606,-2.3180174829029117,1.8854310512542725,0.26847001910209656,-0.03750099986791611,46.34568853760958,-15.338513130415322,1.7248485885576532,2.7897789478302,-0.005177358631044626,0.12663714587688446,18.284302002455536,15.713077289404236,-6.2756164368995915,1,1,1,1,0,1,1
pi0_causal_upstream_000175,upstream,0883538f965669646d298a3131fb79b06fecda4519957f6d070a2f046d7dc194,d0d64972215fcce49ec579e7b3a4612b7fe8bfb7e22a4aff8f28e7f55d971691,dense_v1_train_x2.88_family2,1f44f1a04fde4b63485b1cfa45997eee9bf42ded3c7833835d553184aaa40541,1c867f38c3cf28da8a1edf1296d90434acfb1510a4659520749f7c8765d50a35,dense_v1_train_x2.88_family2/variant_12,9,2.518997840881348,-61.407382638700746,282.33026798430257,129.24762868301627,-523.3143956392831,0.37290418667810216,0.9093848323822022,-1.1506984259872413,2.1251468658447266,0.3686092495918274,-0.42536062002182007,61.50889974033465,-150.34483993475672,37.93156142359795,2.829695701599121,0.0014291665283963084,0.11974458396434784,19.46746664407287,-5.2594864250780615,-5.757899892380165,1,0,1,1,1,1,1
pi0_causal_upstream_000176,upstream,ade2a1fb730492e17fa40e95de814277cccda3bc5e6a18398d1ef14262a18963,d164868dfe8eb19b35e56b0faab25058c88dcd2636ebefe8350c7d084507289b,dense_v1_train_x2.88_family2,c445096aa4ca04ad8122ef6c53de997fb5f71fb6232d89b9c272b11744b75b33,b24cd712eb3dad866ece14aab4c17c1813510faba0f5c845830b516fce88486a,dense_v1_train_x2.88_family2/variant_12,11,1.1227872467041016,-47.69028640780746,506.6062776085712,101.07102880939516,-970.5561113974452,0.1902317984731332,-0.1740064859390259,-1.0812502260454502,1.1047724485397339,0.031030550599098206,0.021250411868095398,-11.663637422969389,1.5475063552962687,46.54878079748533,2.8849339485168457,0.005750352516770363,0.11888973414897919,10.609823757627401,4.623135629354544,-3.5635406671348697,1,1,1,1,1,0,1
pi0_causal_upstream_000177,upstream,82c27dfbdf65a2126b5226958a9fd9f46325acedc3f8be9b3d67e36f23ef70f5,5b536292f8af4544311554d1e29d3c08b1006d6a435cf28d3d9639e70bc81d78,dense_v1_train_x2.88_family2,01697a5bf28ac3672f7168b1bef262b9da1de2d3ca570ce38e9c8fe338b5e497,22e153e936d90fdfe77c789a9ea21a853fedc2c2e6a879c52687c540e272130e,dense_v1_train_x2.88_family2/variant_12,13,0.004889576509594918,-28.824897523976627,124.872004595031,46.93029808904931,-1707.8097903333696,5.742410232565674,1.106014165878296,-1.5319068936125018,1.1746169328689575,-0.016460003331303596,1.456323266029358,-17.138215042747614,519.0745966931327,13.934729109738344,2.9310429096221924,0.006421005353331566,0.13488493859767914,9.4416266218025,-15.783255775578825,-2.4446913017297303,1,1,1,1,1,1,1
pi0_causal_upstream_000178,upstream,255612c1c5e46c4f09980b5996257ce6f019b8af9a14273a3a5ebbbff83f0972,1662e0a70a9e1d40bff91a9a92e66601a7bd58cf54569e626558b014bd2ecc7c,dense_v1_train_x2.88_family2,e01af323f7694eb1b6092103cd91a6924c2d3d1377ff537cd1e30d5a4102e7ae,63ee4648c2b396af81a0239bce8a501aa37f6e1cdaa3794233e6614a3ab8d4e5,dense_v1_train_x2.88_family2/variant_12,15,0.8555616378784181,-46.32745534762023,-242.83368824070666,30.974170225577463,866.2243161273401,23.792394596088407,2.6504486465454105,-2.4021794873532825,2.303840160369873,-0.0073306807316839695,2.797236204147339,-13.992037811969334,-235.62652727002256,-15.044490562119199,2.999178409576416,0.006568355485796928,0.24740879237651825,11.515653690638247,148.60420720591398,-2.7632018122185578,1,1,1,1,1,1,1
pi0_causal_upstream_000179,upstream,145a65256baea1e97610d764a7caf15ea4c42b25432db2e3ef4590d4a5e5db8b,da8aa83a3556d3a5541e32ec47f9e0d93fd10e3c1b7c0e98a37c9ac6a2a79b53,dense_v1_train_x2.88_family2,0613cabdbb1d28d7724ece79c55b99a039538ae694852d38e8911dbaa647eb16,d3d64710e73216df7ec4032d099f2b0c5f05c6a37b9ef6efb1966312d7b531da,dense_v1_train_x2.88_family2/variant_12,16,1.1199931240081789,-53.136508497246375,-216.85923014795685,58.1505367065744,1409.0538189801568,16.400028116991113,2.9705197906494143,-2.7039308064512837,2.506246328353882,0.015931615605950356,3.5492589473724365,-15.292875513928589,-497.6040882824944,-23.242387547386567,3.048530101776123,0.0067735640332102776,0.3137916326522827,29.18778888967399,207.07618627520753,-2.9202986417025314,1,1,1,1,1,1,1
pi0_causal_upstream_000180,upstream,864b1b25420a7ff8189b157a722c176dc9c74df73e1c719fe8bdf90549e8fefa,784a0376f404a980131e50a9ffe4c46a5cc79f86ab892f13a4183157b64992e5,dense_v1_train_x2.88_family2,462365065956ad23ed63be107e99302478ee41ec29f6c788bd23c9fcd8cd1de2,8d10c2cb7c1ef38093dd82ffe73e854c01298eb7cd2e1a5c4e2f7253e4c64fb4,dense_v1_train_x2.88_family2/variant_12,17,0.7080939769744874,-57.5499308520985,-194.62241549357813,75.64229600114021,425.802434972409,10.87743480255219,2.5031665039062503,-3.0994666158496,2.1402320861816406,-0.004198955371975899,2.7283406257629395,-21.5344031227765,-115.05067068179456,-12.368142407552233,3.0944061279296875,0.006966568063944578,0.37795206904411316,34.671884378060625,-56.18927520716192,-3.0048668713994866,1,1,1,1,1,1,1
pi0_causal_upstream_000181,upstream,e55557bf61dbdae65d3451285f4c1a0f7ca8767d4a80defbc32415cde9c46c43,63cc98df4d9ef8c0154aee50e3955808c3c5f37cb8b2bdd8ce0fb3800fd54d7b,dense_v1_train_x2.88_family2,1cac115c0c105cef336d8638ef9717c3b2319a5e3bb656107f3fc0284e76c1e8,53df0a34d170756fc4263c399145246c5a9f72ca7540bd4f31ad3c0c468173e8,dense_v1_train_x2.88_family2/variant_12,18,0.42721071243286135,-61.41952671504503,-142.14282093032523,76.50658813871362,-342.76025738296363,11.711825194093942,2.1622174453735354,-3.5914408825418036,1.9252110719680786,-0.042994145303964615,1.6135733127593994,-22.43123086646127,164.0327575975157,-6.7273324975278825,3.1347241401672363,0.006543672643601894,0.42188572883605957,34.43204228535563,-9.760525592829458,-3.248859818650904,1,1,1,1,1,1,1
pi0_causal_upstream_000182,upstream,a5a2f65ba8818a22e8b841deb34dcf7c2130ad378b5ff8524489662e79ad208f,a27aae1d684555b2ae4ac49e7362008992b27bd0494cc87bc9628076b460711f,dense_v1_train_x2.88_family2,78f207b3ab71f5e13de45fd9d28e1aafb39f7a43e0ab9b0019bac8a4bfc6d903,c6438292cb3d057a55481e926fdd70728a126304e173e894fae4f0e1fe76eacb,dense_v1_train_x2.88_family2/variant_12,20,0.9892472743988038,-59.76163489780784,296.6775721095346,64.8110708077932,169.42825187198895,11.867473188039975,2.8434033966064454,-4.480401798412095,2.1960856914520264,-0.04507891461253166,1.3320900201797485,-16.80146281100389,-393.52954525728865,-17.34024350066013,3.214235305786133,0.004600696265697479,0.4752362072467804,35.6552642789078,-6.51925846842626,-3.620184001029012,1,1,1,1,1,1,1
pi0_causal_upstream_000183,upstream,f6f2095f0ab5d3acdaac2680accd5a2983d85c18a2826f7adfaf4cbd21db0ee0,d1f5daba68558112df84e69bb2244e37a869324b0d2b8272b0841c23689816f3,dense_v1_train_x2.88_family2,aabe1d5f287e77a29b735c3f3c1d75697d67e36ee0fe883d9b6885fcfbf989f7,6993b453c946859aeef1768f450388fcbdf3296cbdc0b9429454a60c885fa9e4,dense_v1_train_x2.88_family2/variant_12,21,0.48831441402435305,-59.60189043349958,-66.86112476641586,61.92619014767658,-307.3302903089233,11.296730656926162,2.237525577545166,-4.888579532722468,1.9423105716705322,-0.03255833312869072,1.128820776939392,-19.146440922893103,102.39170735711966,-7.974064855976882,3.2543959617614746,0.003940921276807785,0.5006713271141052,33.454092384898615,31.85877193064791,-3.7821310351847512,1,1,1,1,1,1,1
pi0_causal_upstream_000184,upstream,7871e492cefbff01e223c402ea3f7346757d0cf4885de62a6128aca5136e9ac1,e7b482502c0a68b09cb88f83fb5a262bc3b997d4440c27465a8112152611fea5,dense_v1_train_x2.88_family2,42c26aa3d13bfad428ecc6e777b1ce3793b2164fc2c259e7bd0aa4efcb3abd7e,b19e74fa61b06a38f88696996f6ffb8313f2e60ede142bcde8aaf108a0cd568f,dense_v1_train_x2.88_family2/variant_12,22,0.6242168903350831,-62.590521667108696,-109.10036697123036,61.54141827097308,78.3346541191217,12.21539627575603,2.3973448562622073,-5.31672418651665,2.004438877105713,-0.001966085284948349,1.3274470567703247,-18.021093832599924,-28.42129993837328,-11.526744210303056,3.2937092781066895,0.0038589839823544025,0.5282512307167053,34.91326667842346,-17.586398395705512,-4.073316821819094,1,1,1,1,1,1,1
pi0_causal_upstream_000185,upstream,6423c466cf938490aadafbf721818041755c36c01321feb312e0fc85a06419e8,825b1d544d2c4aabeb06d18424a2a60df4e9c57cfad81600449ed0ee4ae3d534,dense_v1_train_x2.88_family2,1f2d1ba7fa9830019875adaec38ea593389c4c116a3b073acf69b4b8ea6acc1b,058693cf269a69218bac52ade24b915e1b8958b6a1545aa5d3d1fc1ad53790c7,dense_v1_train_x2.88_family2/variant_12,23,0.6326631450653076,-64.49611712478557,-61.8388798395163,62.10189676407516,10.311534882420958,11.841764482122935,2.409120025634766,-5.7214174907215405,2.0080583095550537,-0.01046961359679699,1.0377799272537231,-17.95349545038431,-38.03839241240612,-11.943324277971303,3.3336055278778076,0.003742534201592207,0.5518509745597839,33.65017687068593,16.787851951535348,-4.2664263780361615,1,1,1,1,1,1,1
pi0_causal_upstream_000186,upstream,0f5e8eedb8e634e3916a148fc90f19acae7d629f4afc5579c20c676c2d70ef78,be9d41fd4ffc82f9ba8964ce12c16f4b9c0ea2eb25b1b03743420b113d41715c,dense_v1_train_x2.88_family2,05e9a5d103351dfbc033656e8a2489e0c3d8c91d99315b21eeca13b7b414c9a5,b5eddebfe2d8029c47eefe658bc1fe107b2bf55b3f013fa2f3b36119c85d4ff5,dense_v1_train_x2.88_family2/variant_12,25,0.7863979721069336,-67.74071652773009,-45.38439063834906,78.2545906416708,308.6620679140491,3.9437247838409952,2.595849533081055,-6.4194921773708895,2.0328116416931152,0.01847022958099842,1.017124891281128,-19.865501040597245,-190.88611077228438,-16.80818200959989,3.415006399154663,0.0048613944090902805,0.6028096675872803,34.67626594441319,-0.8003014292608863,-4.083394371914579,1,1,1,1,1,1,1
pi0_causal_upstream_000187,upstream,ad177e5f5da77a9645c7bce11ce61fe85d3ccb4a1ca7422dc02aad5b3503b784,6ea2abea227844142bfde213302f4dd256cbae4771045a4cfcce956d4d53866b,dense_v1_train_x2.88_family2,909ced74666ce8a56862ee0630b87e3912cad76b365e97813b518ed655ab7fa7,15da63f9f7116cd2f236a48cf509a0019be6a982b3d346c5fd519cd71e0a275d,dense_v1_train_x2.88_family2/variant_12,26,0.8889648056030274,-69.28755629925205,-39.02775214387163,88.1206418034033,526.8895352169212,-1.0209358540969946,2.7254164505004885,-6.83249998663228,1.9963529109954834,0.05768664553761482,1.1922763586044312,-22.46245507625198,-296.92425122159875,-19.704166849759666,3.45485520362854,0.005918350536376238,0.6272632479667664,35.9316410534832,-23.0834422152112,-3.884630804284578,1,1,1,1,1,1,1
pi0_causal_upstream_000188,upstream,5e260c7bcc2369885273de50ba675c691742292b52af2c88493f78b765bed8db,c32aa978e75b40768b6a0daaa050eef0f2a8840d3cecdbfc138e4752fa2b69bb,dense_v1_train_x2.88_family2,5171f40467c5a34c322f4bd7c5efb1076a5783dbdb809963a6a4be8086bb08e6,8efcd81d147ddaf5d89913a2c9939bd8dc62476e71fcdbbb052c09cbdf6b3891,dense_v1_train_x2.88_family2/variant_12,27,0.8463671016693116,-70.38473056676622,-27.72605327521039,97.23829547739918,387.59099630228604,-6.190556939031995,2.674250259399414,-7.336655997821747,1.985998272895813,0.041590820997953415,0.892825722694397,-26.11540929155676,-255.0494269297611,-19.66932605480343,3.4942972660064697,0.006994551979005337,0.6485581994056702,35.207883473177375,3.6085387757926535,-3.632504698086328,1,1,1,1,1,1,1
pi0_causal_upstream_000189,upstream,a48ad3a71a064f52b812cada5bae499e29b30dae678363fc703bc588b1f489d8,61ac1f166fee1a7f682a9aa723a44cdf43ba7a4efc1d64335a16bfcf83ac451f,dense_v1_train_x2.88_family2,897c479f978c690ed0ce7921ead002630d4a4c13b1c4c56aa995c749af428f92,4c049abeece6e2670141c0253b8f523afb8d0922931bdb574641ed90fa7875e2,dense_v1_train_x2.88_family2/variant_12,28,0.8641811275482179,-71.36497882587894,-17.638483710768735,105.6120186073756,402.4261671795538,-11.315057797167059,2.7026028442382817,-7.94007672896816,1.9517168998718262,0.05246873199939728,0.799795389175415,-30.134985863393016,-278.2661415036049,-20.71212860142971,3.533147096633911,0.008122557774186134,0.6666090488433838,36.830814967147866,-29.050071785439023,-3.354447062200822,1,1,1,1,1,1,1
pi0_causal_downstream_000190,downstream,c0793b5f7168ee029f619b848ed0db8dbc825964a33588d3b68bffb73de308cb,c6240f8d061066d96ba7275269660320120435e22d8495fecd282a5b0eba545d,dense_v1_train_x2.88_family2,9acecacc281eab5159d760fa32259baee02b68015fb5d84e04fe748ec50d0bdf,a9cc354a80423cdeb283fd61f4c4d9a2265ffbbbc04e9aa1d235020fe7690175,dense_v1_train_x2.88_family2/variant_12,30,0.6991406345367432,-72.42617848703465,0.2979838912517462,110.92835098936838,-57.90008733008837,-17.98709221704697,2.4966467285156253,-9.259895459514143,2.1149675846099854,-0.06284702569246292,-0.28912657499313354,-31.55204862559015,-109.71938018551946,-19.824639433887643,3.6140434741973877,0.007718225941061974,0.6749973893165588,36.961650655794045,-14.776096571136256,-3.152023216310387,1,1,1,1,1,1,1
pi0_causal_downstream_000191,downstream,2c70aedf3d9d5d25eb785830e37ad4ede2b8c4f266c5b063c7416dcb1436063d,7ace731062671a34c9cf816cd83b99aab1f017926e36a0b80dd001331a0849b8,dense_v1_train_x2.88_family2,e3bf0dc72c5aa60347f735623fa584874a7bb70c196a173b6ede0b66e317e1b4,8e44db7505562c44d3c2d9b37d4fbdb34c00a450f1342aeeb4e5ebc5385130f9,dense_v1_train_x2.88_family2/variant_12,31,0.4869609117507935,-72.54335038224622,24.800456149904026,104.5128021132996,-596.176558761418,-17.879901811754173,2.2317140960693362,-9.720715545097002,2.392462730407715,-0.21549734473228455,-1.3047645092010498,-26.443719409486345,107.11884713073962,-17.23775138952221,3.6587679386138916,0.0050003803335130215,0.6591718792915344,35.560136819242445,16.500145600674195,-3.5627689286523156,1,1,1,1,1,1,1
pi0_causal_downstream_000192,downstream,06f272471f6cb313152e554de350fdb199c16d00b9ff3811aedc69539f1176c9,03c441952bbec28c45a060b1b5bfe52fb5860df0492db64fa2150ab24035c9d3,dense_v1_train_x2.88_family2,fbc0c9ef78623ce3bc4059be27e99500bff5902930366e2aa36d45c69cf434a1,eb61038f299ffd24b2cdf2e92de395edbe314c9413f07e8f9940b4e975aafe05,dense_v1_train_x2.88_family2/variant_12,32,0.22242401599884035,-72.12351231434387,47.89340598843989,86.12548890532922,-1195.5153311840118,-12.765112057916767,1.9034236717224122,-9.848745440389974,2.5260560512542725,-0.3122125267982483,-2.0589122772216797,-19.105007287840515,375.840092967386,-12.403791726151468,3.708418369293213,-0.0005556386313401163,0.6241223812103271,35.19607749119701,8.911264140298304,-4.788096152510983,1,1,1,1,1,1,1
pi0_causal_downstream_000193,downstream,0f89e4f1c0e6aa24dc5be0445ebe4f030b15604cdbf83fe289e79896a52ed813,32943ae5f0ae3b8656c877f8d92072714d5b909b6d1fd32cc6cd41c3ed62e0bd,dense_v1_train_x2.88_family2,3e3d51514298314e478654925f4a67ea726463ff58b9ca08741e7de61fe69f27,5cd625ebf8cf630b2ac424ad9cfa7ab551f623cc2e60175e5e179e09ea493768,dense_v1_train_x2.88_family2/variant_12,33,0.4704502201080323,-71.79180417730221,7.939173688375518,68.30978056861888,-515.3243857066889,-7.271184474620294,2.2023625564575195,-9.950435595167463,2.0959441661834717,-0.08260243386030197,-1.2501614093780518,-12.914235668488615,131.1539891218802,-17.047749187190796,3.7539918422698975,-0.004350920673459768,0.5914929509162903,35.070982576548225,5.761706392767691,-6.052038953761465,1,1,1,1,1,1,1
pi0_causal_downstream_000194,downstream,81a3ceb322013e1a6de47898ecd5aac169cb4929e1b99f2e49d2610e1408cb65,f946f33845a14105553ab8ab5541b776b24b72d06596e6cd6de2cfe3bf4d557f,dense_v1_train_x2.88_family2,9be5137ec390d67d20ccdd878b85eb80034ac8deeba702ad6ac5dbeb6f6e715d,7ca64a762d2641359ed93ea478f654d173374a05ce9c9f03c7d8d4f556d834e5,dense_v1_train_x2.88_family2/variant_12,34,0.8683154010772706,-72.22355409511705,-3.5492324566728444,67.30306532647235,402.77753943121587,-8.27492804139689,2.6836502075195314,-10.13581731121719,1.8620387315750122,0.08735721558332443,-0.6481794714927673,-8.748401694633934,-262.7815562400524,-25.06201482907508,3.793046236038208,-0.0041230348870158195,0.5731122493743896,34.23381653526352,17.063832575138882,-6.292009082989891,1,1,1,1,1,1,1
pi0_causal_downstream_000195,downstream,869e75839bb7a0c11c05a27ddcf72695ccca0211881e820d33aaf12e6fb3b4eb,26c4f725363eb09f804c1cb68a329400099d6c9e551c1ddd5fdc2229fa2fd1ea,dense_v1_train_x2.88_family2,f331a4926efb6795a8e44640894f5c50a8cb8008c4216c191a68b55624b2c586,8b84e32cba4df44b731aa70ff3ad07c5a080aef0f8d5dea7dd52e70ad018fb01,dense_v1_train_x2.88_family2/variant_12,35,0.49657585144042976,-71.93551135743927,39.3244521463224,65.88703050774531,-527.5005912608273,-9.701919574870244,2.2246398353576664,-10.304384313301563,2.117804527282715,-0.08617185056209564,-1.6245039701461792,-11.295060778561638,112.9318093974732,-17.203801934252663,3.8327996730804443,-0.004146328661590815,0.5501742362976074,37.245195713903364,-51.22990217157234,-6.481017845938264,1,1,1,1,1,1,1
pi0_causal_downstream_000196,downstream,a1f03d9d19c685ba5678d8ea4f18d55ed061604bc113234d2a96714bf2edf1a6,db79822d944d585c77e1d7371f7fee5c2471af401e11879cafdeb30d4589b86f,dense_v1_train_x2.88_family2,3b54e5b7fa1d985aa6a3538bd3f8e50b16014b0b516b306d9b93f13023e7dd09,b2deefb9a2bc8d150ffacf19fa8a49643fdc8b61e6af44af27fa2a70256aa465,dense_v1_train_x2.88_family2/variant_12,37,0.5098564624786377,-72.1007268032727,19.228299032548414,57.93807001206281,-437.17377103475314,-9.605458403480002,2.2473569107055664,-10.52825610421379,2.022158622741699,-0.04008031636476517,-1.8422307968139648,-8.556737195013268,94.34427602417308,-17.696711073443094,3.911832809448242,-0.004422715865075588,0.4903157651424408,34.719005853144544,22.248455004271726,-7.30268831825933,1,1,1,1,1,1,1
pi0_causal_downstream_000197,downstream,3d5ed919e940150262fccc5d31c5e001e066c3dbcbe462e807988c840cc00e74,06277ede442b988d0495203fc54ba19ee546f4a2fdb4008ea3ce481ea421984a,dense_v1_train_x2.88_family2,6c474496fdd759a117e3aac29c4b042629f7452e30b6b5b50906fa04976d738c,713539adbc2671a7d504467ec22bf165779eab403e721d83e674c8894bb291b8,dense_v1_train_x2.88_family2/variant_12,38,0.7484504413604737,-72.57519272415682,9.948383115761489,57.025276701193135,112.03730050301165,-10.518150776893544,2.5352262496948246,-10.61316723968299,1.9059242010116577,0.04629699885845184,-1.6732456684112549,-5.291730040602399,-141.29011279358417,-22.16159719614397,3.949855327606201,-0.0037480895407497883,0.45733726024627686,35.70933888656679,-12.010580296954773,-7.555794711602548,1,1,1,1,1,1,1
pi0_causal_downstream_000198,downstream,e711b8fcd39021e18c16d114bd8ccdc85854c84e871a9c43e6976389ed95271b,207847465220708982f8b3a87b22be6dc401bac86778229800f9127d48071bfc,dense_v1_train_x2.88_family2,a9680871119488edbc0d3416d216348a03a1336fffe226f0efa46e02980219f4,573e3a5f0bf44a9ca46dc1da43928233ce78f5e88c55e7468bc88dea19538ab7,dense_v1_train_x2.88_family2/variant_12,39,0.49625207901000984,-71.95129592461117,23.627518009021493,50.73491836242152,-466.3413289041055,-9.952591360930928,2.2317761802673344,-10.662867322003406,1.9734750986099243,-0.021539069712162018,-2.1808524131774902,-6.769489705745671,107.06975173098557,-17.073055038065693,3.9895405769348145,-0.004055576398968697,0.4166643023490906,34.02292078426104,22.833120904772112,-8.04369419029262,1,1,1,1,1,1,1
pi0_causal_downstream_000199,downstream,483ff5121dd40be66655c2478f167cbdf8b7f3bc801d637f5ae3a7a77c9e9e61,7a0f8dfcee7febee885366d77edd47eb76b694151fe174a3431fcd177c3d513a,dense_v1_train_x2.88_family2,f7fa14d33da23e2a31039c2a3ecbaac7d1830bfe0ccd3598090a4da9bffb7d95,82ea19c6fd1181c6b74655ffdda7cda298033be1e1483f942c2f473e6753dedb,dense_v1_train_x2.88_family2/variant_12,40,0.7248695278167725,-72.34692097190582,15.924724361215421,49.129752190482236,51.6490059941389,-10.562799486167561,2.5050479888916017,-10.702720939898507,1.9050047397613525,0.042687371373176575,-2.102928638458252,-3.2519098397905464,-116.62052136063029,-21.117437149420144,4.0271453857421875,-0.0032540163956582546,0.37582695484161377,34.176702493423875,1.7381472870367853,-8.334143557816319,1,1,1,1,1,1,1
pi0_causal_downstream_000200,downstream,f16aa4d0a59a7934675c768baa9c69d51a7d530bdcbfd938997e6ae6607e0596,8f3491da3f9a0ac87a6a98bf4fd08424635271de6ddc517a0d82ef70c2bcdb13,dense_v1_train_x2.88_family2,d4a7aeef59f20f27809647383b47078b1b6f0517e9036b7c1e727435e7cd7b69,875d7defe96ef972d701b9b48145cd123e78eb482660e752427fadad6e063785,dense_v1_train_x2.88_family2/variant_12,42,0.209309196472168,-73.63388570588714,-499.4941928711337,40.43834671692476,-40.66489384641033,-8.977081310772375,1.0683442783355714,-11.11092792061971,1.5151468515396118,0.11931266635656357,-1.1462489366531372,-122.09875654670905,307.3577749901434,79.70344451935975,4.1015424728393555,-0.0019612510222941637,0.2839667797088623,32.46643678563102,6.1542984091840305,-9.061966393489874,1,1,1,1,1,1,1
pi0_causal_upstream_000201,upstream,0086b35f760ecb712476423469eeb655ae8fb507222587d8b1870f061c02c91b,f636424374f92b13b4767cd303c2b3f06a247eb66e68a36b252c5dddd976c540,dense_v1_train_x2.88_family3,3c0d9fadd2e86e2dc76050f072df116138b233729a4f791432c6ad09aff38b64,63bc9b924c0f62320fec0dd994ebf603e43ab54ce6366bd0ff00f67e421cecf6,dense_v1_train_x2.88_family3/variant_3,8,2.1837344932556153,-61.786075647042935,299.4195378914579,136.81904364213713,-376.7307496351557,0.6152516102241113,0.8931869983673096,-2.1831852839951114,1.8558074235916138,0.2962101697921753,-0.3856953978538513,52.684575370434146,-137.0424044883749,8.379811389847843,2.7894797325134277,-0.004773613531142473,0.12035354226827621,18.36209102691281,-64.47812640651176,-6.0574149323675455,1,1,1,1,1,1,1
pi0_causal_upstream_000202,upstream,399f71991280944a867b2acf4ec5f7eaecc9877aa6513bdfb086f9a84d9ea731,9f9e6b524fd9a90a4df9f2fa73db89eff92ec4b3be166f33db8f83673aa91a51,dense_v1_train_x2.88_family3,61796b7ed51da10106265c8a88a0927e205449d9d257f4a36192e079e5fabdf1,6cfbd5857da6ef26bce0c49f5c2eef1c518eb0abcdeb1a529f52c71b886adcf9,dense_v1_train_x2.88_family3/variant_3,10,0.8630786991119386,-44.25945506695338,561.413464037181,114.7607564722842,-797.7724334730391,-0.3857864951985744,0.17056745529174808,-2.091348789640128,0.4890488088130951,0.05805202201008797,0.11239742487668991,-8.646372328812284,28.563217608947806,49.01926022027894,2.8295233249664307,-0.00030345196137204766,0.11971461772918701,10.283659172870843,113.96470475470838,-4.231917267278947,1,1,1,1,1,1,1
pi0_causal_upstream_000203,upstream,fa02979e378ebc17ade71b15586993b9b8bc551864ff410d190252916e7211c0,0abf1f774a4254aa0d0e56224af66093af8086e7025c5ae4fe517064747e0ec5,dense_v1_train_x2.88_family3,03485038b82a0b2dcf0d651079b33579f24726dc94f63dfa19223dd88ed6d431,51a7e14a11bb5aad8d1aa7ce643b485be140fe884712e69cad82d34b34b617a1,dense_v1_train_x2.88_family3/variant_3,14,-0.2378071451187134,-48.90054811740953,-226.1711548925154,52.68967410664956,147.95229297039293,30.500364358715245,-0.4167748260498047,-3.521756767107561,1.7377861738204956,0.02826322242617607,2.6953606605529785,-27.457155557776158,122.34546297952993,28.49856816090634,2.900545597076416,3.774778451770544e-05,0.23565375804901123,5.2338732156905134,-159.19188834402584,-2.955576319362133,1,1,1,1,1,1,1
pi0_causal_upstream_000204,upstream,2991497f098473c28c3c0df927e44f9524a03ff44d6667580fd8e250de19fe60,1c209368a60bef9f05641126edc07a33cb089df27dad8f4f243fa24dbbe57d62,dense_v1_train_x2.88_family3,2f139caa25abc603c1c1bec1150f37e60cfca7865a5d3b5b90f905c7a447826d,717cbf9a9d51a2e166b52ca9f86e1dc436dec26bfc952ff789f9af482c38cad3,dense_v1_train_x2.88_family3/variant_3,15,0.14458530187606813,-55.31946086164455,-295.56750244486744,66.07456701178636,1077.617960599561,30.09087660387501,-0.00577929824590683,-3.809542267034495,2.3091044425964355,0.0693826973438263,3.3819243907928467,-25.91321349400958,-214.08794919411588,13.535519066903085,2.9415345191955566,0.001044719247147441,0.29726213216781616,21.85461775899233,207.84134504716738,-2.5136155439724885,1,1,1,0,1,1,1
pi0_causal_upstream_000205,upstream,1421eb747f46e48567478d83f6d440e3c16869feda0c457da64cec0b77050272,132a088a0330c7f109da53c722f406d809ff873822eedb185c74bb007b248e03,dense_v1_train_x2.88_family3,cac8ec6814fca9fb90d70b674bd7ced48e2002d654120e918511de465e2c8127,e06978e12a6775f3b7bfc9e053344cd58226039c6e885d81284b6afdd739032a,dense_v1_train_x2.88_family3/variant_3,16,0.05799175620079041,-59.27454678733755,-186.42427603659522,84.1997717103575,767.8532542666618,25.71262067185424,-0.05967528104782105,-4.069667152402553,2.1746714115142822,0.06645014137029648,3.0827715396881104,-28.220801442834848,-169.93992866347128,12.435477827484803,2.986365556716919,0.0023717547301203012,0.36123618483543396,33.437570157296356,-57.716676260306016,-1.9410943245921195,1,1,1,1,1,1,1
pi0_causal_upstream_000206,upstream,ecc6fe34934e24e5a6811d2a167c919cb3ef5213a2e2b6eb4d345f883d168bbe,242db9610fac9822f6f6e237645c268d596be6d81f82149fde330f4321e561aa,dense_v1_train_x2.88_family3,b39863f0dd114422908e49199451d36fd3e30a0b6dd53ade487fa537caa8fe48,605b10708415982fecd6de4554107f60069cbb99eea5625c17fcb0db63029de7,dense_v1_train_x2.88_family3/variant_3,17,-0.1782269096374512,-61.87804414421716,-136.44133418103544,92.72817813446719,111.914179513033,24.269630553805772,-0.3417675018310547,-4.482717255073878,1.726260781288147,0.015561072155833244,2.0727152824401855,-30.185098961333402,60.98171841943638,15.542469409221074,3.0254034996032715,0.003174154320731759,0.4123174846172333,32.681847291674885,-3.4003667761651237,-1.5247884237284453,1,1,1,0,1,1,1
pi0_causal_upstream_000207,upstream,32b0e965368b647f037f870acfc1b06980617c31b3d5a676530cde85d2a1b1eb,2d1902f115a797bb08898e93d8c2202bb6e747d22adeed6491957492431f409f,dense_v1_train_x2.88_family3,a7d80597a76a286f89c58c37426f512dadfa463d86948a59418c9238dd362eee,c0f28de9fe0daa2bb9962f0e232db526527e2f8c5e90a4c972dc3bef4a0a74e9,dense_v1_train_x2.88_family3/variant_3,19,0.11365358591079713,-55.20152398524594,517.3867749869526,78.27861241698173,-456.1827612307889,25.23018923039546,-0.00933575063943863,-5.339690589285994,1.380599856376648,-0.08234269171953201,0.4127877950668335,-25.87625704795793,-211.11162596139113,16.800054084487577,3.0822081565856934,0.0011122048599645495,0.45223528146743774,30.811232647832224,19.619083183268817,-0.8201334554013103,1,1,1,0,1,1,1
pi0_causal_upstream_000208,upstream,a6a64c323dbdf351b1075fde1c0aaa09b4ca0811e0e5dec83cb3a96b01f3c0d2,d1a932b62a07c592c08569bd6b0be0a44c0dd2f446a40f526fbffac26e867fcc,dense_v1_train_x2.88_family3,529f4bb34a7b07ec2ec925765cdeee3d80d2750d7027342a421af26c88aa5fe5,cc73d14fb14be2228e7443a944f2494565f9fbd53fc5e4aa2b545db158a92dd3,dense_v1_train_x2.88_family3/variant_3,21,-0.027438518106937412,-35.675679714336965,362.0581099393776,50.005782008144315,-554.6450197772652,21.604108169150376,-0.1936023783683777,-5.679408870876958,1.36332106590271,-0.05225485935807228,0.38236138224601746,-20.667054475549506,-60.286077312848924,29.947182981974347,3.1320090293884277,-0.0025147388223558664,0.458978533744812,27.290012291049482,27.142294082322326,0.662858876271383,1,1,1,0,1,1,1
pi0_causal_upstream_000209,upstream,bb4151e1621df54d1a204bb4b7f096037eb2d68f1237c1c9273d4a1dd278606d,9402e69d42a6b48639eeb04ee87085eaa6148bb8b0ed1d88a622b4b357562ed9,dense_v1_train_x2.88_family3,9279220d83a12c1474636c96f7a3ffdb9c3673beb3f63ecc6140b97846db0ff1,7e85dec91b42f41e8e48f83c289c150c9bdd4c92988c5fe2ba4dd4666ff634b7,dense_v1_train_x2.88_family3/variant_3,23,-0.10553168773651124,-22.265276052650176,115.65829797073724,23.459386072412457,-241.65436045785557,21.8646233073955,-0.2766442322731018,-5.907224497244433,1.5696461200714111,0.0040305121801793575,0.5445162653923035,-19.913839996900716,7.6500987383594214,38.6116023781211,3.1855432987213135,-0.00429063243791461,0.47238826751708984,28.80616231508328,-24.202307455982037,2.237151475118653,1,1,1,0,1,1,1
pi0_causal_upstream_000210,upstream,9200504d978a2451324ef3b947dc21e33460daaf767c50888fd989aadee0c44c,d37f300df7349d24d6813e268b2c49f67f9bbb55c2f0af95c96cfb17278985b7,dense_v1_train_x2.88_family3,06187e9dd2d5efa055fbdac49472c0521a934c354154e08b81c583642ef233ec,84bf10d5003dc67fd29abe0e20697fbdd51fb0783deeef0a78076dc0c5db2371,dense_v1_train_x2.88_family3/variant_3,25,-0.09833535313606263,-22.90928775930151,-89.75222373195761,23.801194351689283,206.71491024924887,22.503717548689853,-0.25709243297576906,-6.123360344273422,1.7884410619735718,0.048297733068466187,0.3971501886844635,-20.04167040231209,-8.384183564690296,35.13732761905115,3.2532055377960205,-0.003168848343193531,0.4920301139354706,29.91972903660548,7.088674264057299,3.7813110685504707,1,1,1,1,1,1,1
pi0_causal_upstream_000211,upstream,32b3e1924c7f13c6477838991ee7a0d1a2bd00988d0d84796e9c25d4e91f6440,30a01f5a96d8784b1c79f07cb6635a6ba43ca34ab39dc4513a33fccc1b998faf,dense_v1_train_x2.88_family3,a2d699bda88a28aeddbd365360aa66a3173ded430bc2852243eb00f7c227f26c,2736a10f3fa1a50e5e7f39fe235c76f3c3c7896cefd4a846412ed9ecd6f88782,dense_v1_train_x2.88_family3/variant_3,26,-0.1379052257537842,-27.582095085621326,-242.79257050190319,32.28475375370868,431.2066445682632,22.951226658367027,-0.29588667869567875,-6.257546394200646,1.9094843864440918,0.08984938263893127,0.4454739987850189,-20.519312361160253,23.365486339250413,32.03533915088191,3.291184663772583,-0.0015646159881725907,0.5017462968826294,25.298697959288948,82.00622913765122,4.497240710714427,1,1,1,1,1,1,1
pi0_causal_upstream_000212,upstream,b9a9f04ffce9771a95d1a2c06af74ed7224f21afb52649d4e64c35da5dcabbdb,2a065e31ac2861ae63578a7824703eb3cfcaef191697301e3152a7875f7082be,dense_v1_train_x2.88_family3,239f02ff5180c010eca1eb4060ef2da06c19e5049896a058df4015f6631ec81c,d97951dbf5d0973d7ce1642047cf1b4c8835c4774e3d7d038934f018f4213f75,dense_v1_train_x2.88_family3/variant_3,27,-0.1880027174949646,-32.50047503335978,-262.89663126718875,40.568393518721805,380.6782438055862,23.65060088822201,-0.3399516391754151,-6.451074088822685,1.8971196413040161,0.09868961572647095,0.3282151222229004,-21.674095859228892,59.42803479836607,31.834613551553577,3.3294262886047363,0.0003472977550700307,0.5094217658042908,31.703654919502338,-106.12644796509345,5.059772741800384,1,1,1,1,1,1,1
pi0_causal_upstream_000213,upstream,50b7c27d6cd34785d3fc02332123b0948706237a000b2f716d3eeb9b6ab85766,d8fd6ae1f061cbc63e5aeff9242312a016d3af7537e33a2a8eeedce0db7768e5,dense_v1_train_x2.88_family3,814fc3a58c8b57e4a4ff2e972384f3f1de7a268f26172b374221bd857ec07ba8,120f7eacf2ef5aae03be15c48ebb5175b24e6a24208a4349ec59452c301320a2,dense_v1_train_x2.88_family3/variant_3,29,-0.022962710559368136,-41.385178275523195,-187.19021345012047,59.942846646677445,602.4118657754793,23.095905225620868,-0.1537943744659424,-6.827931962707409,2.083003520965576,0.16040100157260895,0.19847173988819122,-22.348961237908465,-92.96269950980874,21.184881852379437,3.408830404281616,0.005365090444684029,0.5188052654266357,29.21086126869029,0.7081763713442832,6.3124776483171114,1,1,1,1,1,1,1
pi0_causal_upstream_000214,upstream,6ef9a8c5113d58bc6ea8e7915511e081808770efca71d0fd81358a612b7ba082,ca04690a9296f707aba9a144ea4816c0eb89881e55ad7b0ff99136797fdb3118,dense_v1_train_x2.88_family3,770752da9a4fa2461495fca896d8f2c9dff2b657c9d7d766382ea672be9b5dae,93c9840beff10e366acfbfb6b604c3f3744cdc288fe3f0348f0255607a8e0b18,dense_v1_train_x2.88_family3/variant_3,30,-0.18320279121398927,-46.81845715648494,-289.0471852971198,70.3327118460474,431.45941620906706,23.274036971278388,-0.33529659271240236,-7.115442423192711,1.9771506786346436,0.15027332305908203,0.045487359166145325,-24.195183568677713,55.61448405265408,21.819481558354493,3.449502468109131,0.008572223596274853,0.522009551525116,29.640657752402515,-12.386115196579475,6.7664804839342745,1,1,1,1,1,1,1
pi0_causal_upstream_000215,upstream,4b2a67e3a66764db34ca157484df43b02eb3b9434996c5521d68b8869a91a23f,c73b853640da53963f7d3066a7f62072731b958377104425b785882224b259fa,dense_v1_train_x2.88_family3,aa3886152d9c3f7b9eda994f65a401c1d83637c7dd5d5fe4fcbf34a4a4b39920,40eeee6ae271cefe1125f777dec9e4e1d026e53271a22907a167f7f850264953,dense_v1_train_x2.88_family3/variant_3,31,-0.03862519979476929,-52.107359498770954,-232.1393605288942,82.89804010739061,655.0645373323003,22.426389455693982,-0.16896373033523562,-7.4208212049354865,2.1640846729278564,0.21899166703224182,0.16601668298244476,-26.495287337719944,-80.51724106839926,15.62556036802157,3.492140054702759,0.012658167630434036,0.5257609486579895,29.131077828995373,1.1685304277120552,7.277937184055223,1,1,1,1,1,1,1
pi0_causal_downstream_000216,downstream,9be1a6413f5dc897c903240425cee0752b72f23e1014d561261f59c3fc939d56,2fa84f853e69b96bb0e2af860e66d392b8cb6a75158ccf5338c4b4405cfd005c,dense_v1_train_x2.88_family3,78f3005e1cf632184a3701671de4a751a8c28bcad2b7f106cb2c67a1639f6b68,c3a6ec568db67708b8ded0a9d17a107cd2d5657ebc973f01eaa25dc48ad9c5fd,dense_v1_train_x2.88_family3/variant_3,32,-0.1026580822467804,-56.7506860210857,-233.83297423549058,94.61373381711925,506.0565293426552,21.40094223067287,-0.24273786544799808,-7.806099679095267,2.0715105533599854,0.19286909699440002,-0.10737130790948868,-29.856013616933016,-20.147919117493515,14.622868107296188,3.534687042236328,0.016845013946294785,0.5265994071960449,28.24011892535494,10.77634633091325,7.755704814669684,1,1,1,1,1,1,1
pi0_causal_downstream_000217,downstream,b544556e05866b77fe1fcaa44744eaffdd9a002f51d5fa53601b5b3e05bc72ab,9c43fed5fb31083aa9c25055dcdf95a56fa4588dbf444eb75d63a583741404f6,dense_v1_train_x2.88_family3,4c5ed3a6f9dcb3635863bf1190e2e7f26bc96cc16b30282e02c5b8772bf4c6b3,8d8a589931809b889ac2cf35aa128708cc241624f36ddaddb3f9392a88810d9a,dense_v1_train_x2.88_family3/variant_3,33,-0.03316848069429398,-60.54539227487763,-181.2022002651486,105.4913701458765,523.5178259935228,20.07314214925422,-0.18666488647460938,-8.267920048402164,2.106691360473633,0.20637843012809753,-0.23448213934898376,-34.379067338153014,-66.02523255541135,11.961332925491687,3.577047109603882,0.021015655249357224,0.5237042307853699,21.31811664497158,111.88415400144163,8.264266526862768,1,1,1,1,1,1,1
pi0_causal_downstream_000218,downstream,30b5d8130a5a26cdd54f7219dd8442d76938ecfbd0d1f10cce1770b784f2dba1,4d188ae0f5bde239fb3f8f0cdb24d45163294e0b6efdebaf352314b6a7a61ab7,dense_v1_train_x2.88_family3,2567b3b6cbcedc5c0131e6866ec01a9dd5e769b6eec16fa3ca4370adcec584be,e913710d3ba39336dc5e2d57a7fbd4aa0ca7694c19f10f461721b39c11f5fcb1,dense_v1_train_x2.88_family3/variant_3,35,-0.03398070722818375,-65.22357325252695,-110.5197963939749,121.57515424493589,387.24517016423,17.587953541120648,-0.19318721532821656,-9.539143786996908,2.0268394947052,0.16226749122142792,-0.8051539063453674,-44.88837205553898,-60.682931794194175,11.64448642631032,3.658369302749634,0.02754240110516548,0.49869397282600403,18.566561277453605,34.71826136252501,9.192798553895328,1,1,1,1,1,1,1
pi0_causal_downstream_000219,downstream,38f6ad4dfc1d640a3eeba76d7cd4b98c4657b0262e9be46ab70935e0ea73a589,1f92ded4966d7445b0e7594ad8e8f2f3788a0cfec81d6225117c94e03071e1f1,dense_v1_train_x2.88_family3,8b35f6f1bcad067725cd8c339e9b7a3b933139dd5a6a67756eeb08cc0c96e11b,bf6e8958c041689c08d85d7fb2350b5d35597c9f5c287982c55be392b1dc85a3,dense_v1_train_x2.88_family3/variant_3,36,-0.05392305910587311,-66.63156210841173,-87.93903390356184,128.53689285836307,305.301423597106,16.182073871771134,-0.21482123851776125,-10.355050808759248,1.9701879024505615,0.12486033141613007,-1.1335268020629883,-51.440275413103315,-42.973658295320135,12.662163268301063,3.6985864639282227,0.030405312776565552,0.4789404273033142,17.589448075169923,19.305920717371023,9.704989639377892,1,1,1,1,1,1,1
pi0_causal_downstream_000220,downstream,b81fc2d8472e3bb9888cbb0a01c55beb955f3a7985f33757e2372876dfc7ab94,719291dacecac6e2710c81f3bd3ffaa115cdffbca0d1d752c662a0d30488dad7,dense_v1_train_x2.88_family3,7979e2aba3de655aca54bb14ff02a812b8585df963dc281ea37dc45ca7cc2329,735ff32c73208748cd854dd8fff37c4e6e5c44ad6bd2a8a695774c7679b2d677,dense_v1_train_x2.88_family3/variant_3,37,-0.0806756615638733,-67.61903670766631,-71.89677735465614,133.69756522917126,216.0055384639753,15.215897852295925,-0.24397906541824343,-11.318474384817458,1.9024698734283447,0.07799417525529861,-1.4886221885681152,-57.36860982020217,-19.1057159199669,14.069245416573512,3.7375106811523438,0.032376859337091446,0.45216652750968933,16.457088088146435,18.6391303298377,10.177192902944856,1,1,1,1,1,1,1
pi0_causal_downstream_000221,downstream,b928546e67d59d24e598cc0b92c8bc6ac92d0a07523d39d8af4f7a9806839f8e,24118e46d750039d3ea54893880950d55ec23b801ee2932af83618e12403258f,dense_v1_train_x2.88_family3,9471f4b75cbeac11ae3833fbdc6035070fc622ea51d72d68fce32cc2068e817a,0cda48cd9df5d98da5e3930e9c2f6b92cf131a86906eee54ccdbb90ee9f99b1b,dense_v1_train_x2.88_family3/variant_3,38,-0.10061625480651856,-68.25992701786696,-57.33049053444433,137.23052155849538,144.49546592955778,14.6538602574971,-0.2652339577674866,-12.405806083424654,1.847808599472046,0.036286577582359314,-1.818840742111206,-62.07475359231353,-1.716485235362384,15.460860601470468,3.775217294692993,0.03343987092375755,0.4184686839580536,15.728802092420898,12.001024008532278,10.607909224391847,1,1,1,1,1,1,1
pi0_causal_downstream_000222,downstream,a71810f1d038dc3b421b7f6a6ff80d7c59e9d03aacd98f95ef9cbc8d00505061,3239e5840ff036b4d5d2c719a088e214860dc3ac150a11e2b1b46a6528e629cb,dense_v1_train_x2.88_family3,3343fc4041f7a367619514fde229dcdbadaaba6f542d294c127597c94a83b6d6,608a1428e2e78357770afd1042322ef01fe939028e071661a50093494acc28de,dense_v1_train_x2.88_family3/variant_3,40,-0.14143030643463136,-68.62896213872274,-32.97129021813251,140.35701333031204,9.177551871695945,14.419981808079013,-0.3057517242431641,-14.821180541218082,1.7410874366760254,-0.05312301218509674,-2.4708542823791504,-66.3004823487737,31.45266595807188,17.766992012455233,3.847654104232788,0.033060889691114426,0.3317345976829529,15.920819200557467,-8.582596291210937,11.35768443688356,1,1,1,1,1,1,1
pi0_causal_upstream_000223,upstream,81797a2ebfa235df09e6c7240841ae63a204e34fc3be0a6c60395eb12b73ad8b,06954020c5637c72bbe6ee93ee0a96db89eaad3c222cf7eba84977d0c5f1d510,dense_v1_train_x2.88_family3,2f7ef40d9eea38470a0af70c4ecc9a1066b6d6a574dc708bd6ed76247ed8a844,3582a25151a3cc8faf688487bf97fc60fcbe58a38b4d4c8386964d85519eaa32,dense_v1_train_x2.88_family3/variant_8,8,2.161292991638184,-61.76547579650618,301.02023370458534,136.78836243238544,-380.0516695718859,0.5773223468075521,0.897483892440796,-2.4060799745021253,1.8655765056610107,0.1544000655412674,-0.4008880853652954,23.795404058820406,-140.56503357167395,-24.036709519555078,2.7895450592041016,-0.005825933534651995,0.1202164962887764,8.519233480054375,64.01174742960495,-6.261906527924176,1,1,1,1,1,1,1
pi0_causal_upstream_000224,upstream,49dc1ce35dda470a0993ba7cf0b71a450b9026ffa04803e55a913c39e81acf0b,febb4fa37404a43ed4f5d38c3e5f9b67f9af7f07c2d4407f5e81f1d731592dc6,dense_v1_train_x2.88_family3,561ea12990b9dca2d870e977d4898954e7a54683902e58c4c960de491e9658c4,db744ff6d517a8a7e67005f25faf0b3bd7335d1f15283ba811f3e02d9dc5fdcb,dense_v1_train_x2.88_family3/variant_8,10,0.8400981998443604,-44.52207925563495,542.3758143673879,114.62016385840866,-805.836428014723,-0.22977312079735163,-0.17302747488021852,-2.9519794733899354,0.4638226330280304,0.01717616245150566,0.091236911714077,-22.19722175530746,46.783783701163365,24.0815292208887,2.8293962478637695,-0.004012981429696083,0.11933065950870514,-0.04279086834586543,134.58913714228973,-5.684423592215338,1,1,1,0,1,0,1
pi0_causal_upstream_000225,upstream,8e15da060be962bd9592c001760a6f99c753ac7a8bbf242c5f78b44628ff04ab,1e8c7084e0e2a02c87ba3ddba3c2127f4d47207e815a4dcf1fc70d30e5ef2a26,dense_v1_train_x2.88_family3,96a9293bb63ecba740272de475ef82a2457d23223cd4af7eb39f5b36d27badfe,1d9a94daacdc652b37f72179dcfd0876757e470258305790fccb7faf60441fab,dense_v1_train_x2.88_family3/variant_8,13,-0.5729656505584717,-45.65889252599729,-464.1983433916357,63.549992490766236,-499.1816434147139,23.08709050480065,-0.8068690013885499,-4.229802459429125,1.290979027748108,0.1267244666814804,2.515434741973877,-22.57236135773395,573.162755447437,61.22053598376588,2.8753721714019775,-0.002345830900594592,0.19043289124965668,-10.303440254480845,-46.587268913458345,-5.3908849687538964,1,1,1,1,1,1,1
pi0_causal_upstream_000226,upstream,81e59ef310ea280b1f6b4f678a2597a58c38ddbb20dffca5cc5bd123a41df0d3,ada0b185652a6b436a281754b17bf169e514a339c69c71b58e586ccbbf9f8bae,dense_v1_train_x2.88_family3,346d06c7cf911c311d4c5d659c33af281d85809784cb6be47e773882d44b4077,cc5dd4d3c4e0c00ad5d1588992f4cfe7def179a9ec9d08d731fe0698a69f879d,dense_v1_train_x2.88_family3/variant_8,15,0.34347875595092775,-56.41393037424739,-245.07669504338216,76.5114922145377,1017.0811743630376,26.38564006575718,0.17108525753021242,-4.457609841404224,2.3217179775238037,0.16359956562519073,3.4470226764678955,-24.333476116350255,-227.3483379959671,33.04835865763235,2.949606418609619,0.002837692154571414,0.30604249238967896,25.11983408794653,164.74330217687213,-3.7390259187516603,1,1,1,0,1,1,1
pi0_causal_upstream_000227,upstream,285e8fcfda5ddc8ced2474d5aae68c6608026eb4a70a2c79436e4dd65607dda2,c00ed3c61f83d2340d3c19733ebd05b9153b8eed100b96952ce405976f11f418,dense_v1_train_x2.88_family3,4f93e6e6cf039218fb719c0b9a5428beed275145974859041cdb9c0fde625b8f,1250c12263709c60440eb2af5a9fea3a5fdf6a712d16e7b810726b4c07833564,dense_v1_train_x2.88_family3/variant_8,16,0.07042284011840821,-59.68023953346879,-169.9605558347647,89.02299175503204,313.44612365402276,23.861122179502456,-0.6855394554138184,-4.548775622486726,1.8676855564117432,0.13018812239170074,2.5044872760772705,-24.534493706265607,4.855000914882614,35.30245085733079,2.9912302494049072,0.005735993850976229,0.3645850718021393,33.70024557239671,-112.47842827055693,-2.8132251689698076,1,1,1,1,1,1,1
pi0_causal_upstream_000228,upstream,771fb981ac1db937c857900f14651daee25f3b3f3fe3d623eeef6f4bbf293845,146dc25fcf389bff5ed5155132de2c99c45ae921567144dbb4ccd969ed0b8105,dense_v1_train_x2.88_family3,f580fe76d906565bd05366e78e131a0ca9ad89e177ce1f095977ab3b46c67eae,7469d85e6f72223cf8eb28c11a299f6c2c9356a1bb9ee1a81d7c8f604a5175a8,dense_v1_train_x2.88_family3/variant_8,18,-0.04662713944911957,-57.65267055759383,228.73911477514343,77.10129270974663,-711.3048067318056,27.437150221451933,-0.8266317367553712,-4.9667466731102,1.201193928718567,0.018069438636302948,0.5748058557510376,-25.747116953773208,120.33502411809334,43.90425107916686,3.049734115600586,0.008288171142339706,0.4184594750404358,31.52880207675001,6.436731854005935,-1.4368378943138644,1,1,1,0,1,1,1
pi0_causal_upstream_000229,upstream,aa56148f47e69800083511efdf0f97c9dd2e67d5ba1806a29127705cd30d8593,9e0d5a9b154842046eb05151dc01bbf8cfbd1d3e4e92110c5cba4dcb27672a11,dense_v1_train_x2.88_family3,4d0acb8fe4139757a2aaa4cb8006e3a6e31b89bf52b4e8c4c26b23cf25a83bfb,0345482a0de04dbc86c0c3f648f8d46a4c8cfbe1a452822bcc1e9ac05525e602,dense_v1_train_x2.88_family3/variant_8,19,0.3323543024063111,-47.228377789712425,500.98098844966205,65.90617552798885,-407.98359157886966,24.010995337941516,-0.4052090406417847,-4.876793376946113,1.4384063482284546,0.03118100017309189,0.5383012294769287,-21.131034348510347,-224.58047213671114,43.57372114975702,3.076317310333252,0.008532064966857433,0.42664259672164917,28.451653299044818,51.44934590432109,-0.15503002730912993,1,1,1,1,1,1,1
pi0_causal_upstream_000230,upstream,faca3bb54b8369eca0c910cb76f3f115c8f777d014b3ecbf5df49a16edb1b2c7,09ef0843c4b21164723ffc84d2a7da572d99b864511ba2100b344c9deb73736d,dense_v1_train_x2.88_family3,d00f6000332850b4020dd6471d43a4d06042b0970b5cafbf82cf4fb041c3b430,3bd4b0a172432b2c680d6131321303e8b2b1fda52dd51574066667b2429adf26,dense_v1_train_x2.88_family3/variant_8,21,0.09200362443923951,-31.081260761574093,272.0743564549349,37.93125748017988,-547.0160809649544,22.875519044643635,-0.6887259101867677,-4.67838121932173,1.393754243850708,0.047145336866378784,0.5551158785820007,-20.375161218727133,7.452139365644942,65.5763525231581,3.127530574798584,0.009383968077600002,0.44157740473747253,26.08671054421166,34.33655624075885,2.4546715985157386,1,1,1,1,1,1,1
pi0_causal_upstream_000231,upstream,5896baf7b2dcc6a61a3377edb5e138ea793ec45322ef18fcc5dcbbb6a5fd049e,7a5ba8947a14266269ba329d43173f6a07fdbf5191a22862ae391468fbb2e29f,dense_v1_train_x2.88_family3,957a2f9fc9ddd23d655ca9ec031ad4bf1e6ffd0dc11b9d485bbf4a4f62dfff9a,bdf5326077c3cd718ade135f2a4ec65b5de8470478f7d142b411228084adcff0,dense_v1_train_x2.88_family3/variant_8,23,0.07841742396354676,-23.383381434875847,12.137111258876551,20.847996431946896,-38.77005935177081,23.946834600613233,-0.6910571384429932,-4.350774904480944,1.6703062057495117,0.09284206479787827,0.6079469919204712,-21.670351208016434,9.36280282368597,70.45565525110763,3.1867849826812744,0.011832409538328648,0.4641484320163727,29.977590984159242,-36.33395627106987,5.417626174334178,1,1,1,1,1,1,1
pi0_causal_upstream_000232,upstream,7d4d192fcf86652e4bb0ad66f7f4bcc3ac2dafef4229cf5a3834131935e4ea76,1d5ae31718b8e840eeae37c6028e37d4b075a126a39586ce33b061d2385028af,dense_v1_train_x2.88_family3,694b5dd98038c51f2963028ed1dceb2712d03af9089e0e7b9680509764c78f93,157a0e8caf5d911dec3de83f363d8288b0693207801d317e429b2ccb2adb7f6c,dense_v1_train_x2.88_family3/variant_8,25,0.11169034004211427,-28.352086216418957,-156.9463407109791,28.548291938064036,373.23642485577716,25.15267191604646,-0.6529842376708985,-4.017078653795665,1.8722033500671387,0.14489789307117462,0.43927937746047974,-22.0274556959395,-21.779149291305565,63.886638854577825,3.2579503059387207,0.01661219447851181,0.4862370789051056,28.18039916634693,-1.4442486226410738,8.345442565363488,1,1,1,1,1,1,1
pi0_causal_upstream_000233,upstream,23b7cc2bbfb2e503faf0b22b5865b80b7740e59e6be69b6918b2180216b61782,4e5297c864fb613a217c291c0c5d9833742906942f787bc554e8ee6092221c57,dense_v1_train_x2.88_family3,7e73a7576adbe6aa129893696c38acb6adb93075426e9d1e15546c6cf2a2d931,27d42cf430594dbc33ca0665a491436dc563dccb2417c65fcb5aa80eb66f5e59,dense_v1_train_x2.88_family3/variant_8,26,-0.06655118107795716,-32.7668694864632,-283.33354081110735,33.63324141663888,225.38616125120583,26.79968959282243,-0.851953411102295,-3.9028627062642163,1.8000106811523438,0.14192454516887665,0.3766648471355438,-24.430635557293687,141.08239308054573,65.68590192725594,3.294264554977417,0.01940581388771534,0.4942588806152344,29.16601424659999,-25.218038547832972,9.669112121687865,1,1,1,1,1,0,1
pi0_causal_upstream_000234,upstream,97b4d4ceee39b847e32ba119c107c16eebac69309c9a9058bea5b68b96930e57,44622baf05af93ed53fa1eabed7ab38cfbc54fafd902f45d16da51b9c9de20fb,dense_v1_train_x2.88_family3,20c96436ce468853791037b99cf6a28b088f54b9adfd1ed721f2a0b3228bb99d,473ce00db8d97205bad9899e6a1a5a3c6fd1a005c76984cf65b05e85a559c1bc,dense_v1_train_x2.88_family3/variant_8,27,0.10599998116493226,-37.45093125698791,-200.69636611868708,42.323871663725555,451.03465640805354,27.16467843975655,-0.6559327697753907,-3.7827588776424186,1.9390084743499756,0.18167299032211304,0.23745426535606384,-23.380473481836717,-19.38290548705353,56.242038418500265,3.3327198028564453,0.022869465872645378,0.5006150007247925,28.63765130297531,-1.1164818249156192,10.980276123158188,1,1,1,1,1,1,1
pi0_causal_upstream_000235,upstream,ed2fe3469d7ea5ba5a550a862aeea4571210e2881c0ce10e1303f05116ebc785,04d28afc97bfdc97be0995c88f3e2e65a9098a1db5e7ada79578c8621369a27d,dense_v1_train_x2.88_family3,0ff94539340b91ee3bf5cb2c28e18224040b2a7f56f930e63734cef6dd07b9bb,f509bf1aef10c0e16cca8068be864c2bab1901c11bf4ecef40a1c4dec20217a6,dense_v1_train_x2.88_family3/variant_8,29,0.22872935056686403,-45.49096207996877,-156.63956959459713,62.5340564932402,623.0591997873477,25.59663302051424,-0.5258178758621216,-3.5961827844678114,2.0886919498443604,0.2506430745124817,0.130613774061203,-20.896618841100928,-125.85107123141731,43.686839327696184,3.4124579429626465,0.03124878741800785,0.5073153376579285,26.621164309028693,12.395274480256461,13.400609606446906,1,1,1,1,1,1,1
pi0_causal_downstream_000236,downstream,316d1422cf3141c2334a66902292e0d877ca2917ea8f74ebede9905c1a306a5d,08a9e66971abed4e489c7de0c9c7f296318009990162b62332d826036d0b747f,dense_v1_train_x2.88_family3,7daab2d05ee9db88b0c592917f0b7d1ee477e25d638781a5c82c94f5054116a8,aca26e59e2491487a543c86b2b6d51cb8953becd24f541d4a0a1929513b7c6db,dense_v1_train_x2.88_family3/variant_8,30,-0.0813751518726349,-50.922652941948485,-310.6858802858805,69.88756109708099,226.34338494262644,27.021564624235577,-0.8717572689056398,-3.625414010903981,1.8346837759017944,0.17735005915164948,-0.20257404446601868,-22.960543206380578,157.33082571973745,46.29745032659637,3.4509992599487305,0.03535604849457741,0.5065107941627502,26.082600477878604,7.660181805121653,14.331119967949178,1,1,1,1,1,1,1
pi0_causal_downstream_000237,downstream,46692685b5b6c081be747fd986b1be7e66a9d98e6a50ed25c4a8fafd40d40b50,40ca879c1eadbc18152c4f06ae061473eae49d734271554e755b52ed142b4f93,dense_v1_train_x2.88_family3,c2ecd57514189f3b3fa96e52c7d8b82c30e8380b10246df140c833f7481fe6d2,7c8699a695e0724be37b8e05e80487ad987e556c87724e6193c491c3b31069cd,dense_v1_train_x2.88_family3/variant_8,32,0.00844726026058197,-56.12789912728018,-224.7389871669688,91.31807875012889,206.42174486969358,22.671199017730274,-0.7957794284820557,-3.6553120273203885,1.8342458009719849,0.17724962532520294,-0.6246276497840881,-20.902421086800853,95.13288283555357,36.86947383785014,3.53387451171875,0.04583417624235153,0.499466210603714,15.367990519325804,51.57624057381617,16.301858378889424,1,1,1,1,1,1,1
pi0_causal_downstream_000238,downstream,0dd695f2777859dcf7665d636557d75d4c86b6eae8006eb79bcff816bd37f6a4,47d8055abe682e829833d86cc773e34f541bd1620cb4c3133513625731180c7a,dense_v1_train_x2.88_family3,5edd624f7d0060fcd17fb41fb03dc0fdc0d23f1545919edeff5ffd5e4c416709,3c0ada93dc30e9a8f2f1ebb9fc5ff5124adad53d8aae59f53984a85c9efd13ac,dense_v1_train_x2.88_family3/variant_8,34,0.1340856456756592,-61.94735690391445,-151.04549440019497,109.40254820049007,309.9890917075125,20.231966115147138,-0.6776994895935059,-3.982157343161997,1.9341135025024414,0.2164129912853241,-0.8543173670768738,-23.93927345595026,-1.4994983430024242,30.023780138421454,3.615513801574707,0.05633443221449852,0.479599267244339,7.711029148397813,70.02835861663164,17.86184023345024,1,1,1,1,1,1,1
pi0_causal_downstream_000239,downstream,c1855e4991d9332a84e66bf2290692d1aa637ffe47369e36bb25fb0adbb8a76f,b34d371c3ee6e3a6fe80505151c51a8b52581d5d413d85f8270f7ad687117f54,dense_v1_train_x2.88_family3,76f13e19082ec839d7769384e1cd26dad50237714454ae6ab7123ca1c8e94ad0,7f8ebf252a8601a0fbcb0b0a87cbaff5a2a43199c16037b030a8346379371be4,dense_v1_train_x2.88_family3/variant_8,35,0.2228513288497925,-64.25954669269301,-117.70026498538259,117.59674663832187,438.05789804167625,18.95418262648318,-0.5900751209259034,-4.252268342239063,2.0514869689941406,0.27204370498657227,-0.8199300765991211,-26.94377121900132,-73.21538635506211,27.46920913411394,3.6560678482055664,0.06151000037789345,0.46364542841911316,6.1618483295378335,36.249514642361,18.570737806518853,1,1,1,1,1,1,1
pi0_causal_downstream_000240,downstream,ecb11d058e426138a224d38179c0544140cc97e7d56f79e3d9f009ed6f8f52db,dccc31a35d98cf5df41ab8154f9ba71529ac1be1de4452987adf44b1188e2273,dense_v1_train_x2.88_family3,56f13aa0943411f11f6f408082042e787e1fa446d8202b3f5a4be693d9fccea1,822276c13c30ae4a9a58c156609154a46b5a425ecb01b56ea81c3394e6cdf5ee,dense_v1_train_x2.88_family3/variant_8,36,0.20848157405853274,-65.8121443136853,-93.36591972746045,125.62690442285749,356.7970884292836,17.269210191157974,-0.6112527084350586,-4.599999014646847,1.9983174800872803,0.24255116283893585,-1.1377499103546143,-30.322935593878842,-55.88813558175064,26.92831962355146,3.696823835372925,0.06673230230808258,0.44379258155822754,0.4462294652880235,96.24809563266575,19.29664171681494,1,1,1,1,1,1,1
pi0_causal_downstream_000241,downstream,0ee99f3ff23fabb3e8c76af0d37c2811ce15b07896e531e9f58d0bf18cb20017,527da79ab426035b8f1c28b01e0bf0b2505ee53d2a2f5b1de770befca48bc86e,dense_v1_train_x2.88_family3,022c03900ff6c01347acb9f4606cd7a3d2d31277d60831c3cb91f9eed6c2c460,21f99a305fc467cd18c6ce2a885f7836d25e079a7e26350ae98ddc6f8217538b,dense_v1_train_x2.88_family3/variant_8,37,0.1745344686508179,-66.91748065725763,-76.9855961353958,131.71278055825726,256.4142899712264,16.079734995476464,-0.6464392948150636,-5.047479364799486,1.92266047000885,0.1985577940940857,-1.509770154953003,-33.64295394563864,-27.083322229028436,27.532502789605154,3.7362124919891357,0.0711679756641388,0.4167872369289398,-1.1152291255331566,41.10300950053163,19.974029700133656,1,1,1,1,1,1,1
pi0_causal_downstream_000242,downstream,a1ae36744cece8eb3afb6b3dd7d150fa4f93e371b8f8df1d5bd7e58068d0ad58,878b89e5aa3fb322a5d93d70630339fac0ff183842d638fd832c527a4c56dbeb,dense_v1_train_x2.88_family3,469fb1ea9a2059a1134279dc6e124d8a9421fc7b94dffe82d97fb3b5f4ee857f,7ac48714dbfe63a387bb002b0e4bbce9270490b88513dbddbeccd6a7dcdbfa42,dense_v1_train_x2.88_family3/variant_8,39,0.1349208950996399,-68.06909836264596,-47.78334773524888,138.72711162829356,113.03176921597634,15.032935765259397,-0.689754638671875,-6.158660742411468,1.8120243549346924,0.12619677186012268,-2.1794309616088867,-38.487060708795084,8.366559969084372,28.867442772316636,3.8111014366149902,0.07759734243154526,0.34133633971214294,-7.522775474493922,45.52067340285833,21.265493029889893,1,1,1,1,1,1,1
pi0_causal_upstream_000243,upstream,83118f2d9236286733b4f9255ecf6954f71a5eda060a7647e03b63f1a7a51083,f1a80bea1670e58655686d3ad45bd78ff3750b2e05dc99d78af0a7845d83c9ba,dense_v1_train_x2.88_family3,3ea3818d49a3362495d0a8ae8cd8cdc5e4ef5679619809719613b45cabfcac3a,4edc7bc36e12823173f49d6c4f885287eecaa950097db9fc3876ce5633a5fa28,dense_v1_train_x2.88_family3/variant_13,8,1.4541650581359864,-57.60727029018076,339.1554747843277,135.59999147907325,-379.73045943559856,-1.0160290389761095,0.76973464012146,-2.3632547753956974,1.3185230493545532,0.10990536212921143,-0.17439252138137817,6.979491982627352,-50.71085902107014,38.56102824241174,2.787411689758301,-0.005728791002184153,0.11486257612705231,18.26755779370525,-76.180385134143,-5.895015616205988,0,1,1,1,1,0,1
pi0_causal_upstream_000244,upstream,f5325d1c9c9b250c6c10f6f7844a951885757a8efe034c64ebdfce32500ea90b,4e66635d126656727070b5baed57ff2caed07c83f9597a6555aabfdfb08f252b,dense_v1_train_x2.88_family4,e81dbbc602700f2e681af18ff5cad75b9161751e03cad14c8618242d6ab869c3,c1e35c528e8f36ddc607da101943c6875475c64fd4feefae5a80f5bb61e2fb42,dense_v1_train_x2.88_family4/variant_4,8,2.0309207153320314,-64.81684914783104,135.0397383822138,137.58410679144862,-331.94560905873226,2.079224034646506,0.7949682617187501,-2.270769538437163,1.877301573753357,0.2785509526729584,-0.1548985093832016,48.66893298755981,-56.685000091837686,4.2799190504482265,2.789696216583252,-0.005040009506046772,0.12451648712158203,18.313250051705342,-12.888616482685544,-6.1996070870329465,0,0,1,1,1,1,1
pi0_causal_upstream_000245,upstream,da419cd17cf56072bf34952f95713c77777f1f503c3b09f0d2dfe80b07c925ec,40d33ea2d2c3220f77d43aae945019eeee705ade1c4c6d5fc648b2e6ccdd91e8,dense_v1_train_x2.88_family4,b0015869b22b69904f3edb0f181fbc5baead41a7661b7f4eea55eb9d677ca13c,46b64ac47b1104489f33ecb5f42495889b8227a2ad63b885c9418c5bf82ed222,dense_v1_train_x2.88_family4/variant_4,9,1.6399686431884768,-58.562547377687906,173.95471385760476,128.58214969180358,-475.71688369097194,-0.5518394290732352,0.7608509254455567,-1.3593408620605034,1.5691710710525513,0.12378017604351044,0.027437230572104454,10.019892635050583,7.665710843254779,77.46441971697037,2.826988935470581,0.00033594240085221827,0.11710008978843689,18.794464199489422,-28.72127330898378,-5.288816379216028,1,1,1,0,1,1,1
pi0_causal_upstream_000246,upstream,6884bbbedd82f186be906c58971813443d7eed336a8d8afc2d180e7bb34fc208,61cbef1056e2caa0f7120149f076f168ee2e62d191887b2cd6ba9d49fb4b724c,dense_v1_train_x2.88_family4,c08eae592e8914378c89ef5fc41a09b754be5b66ec599e9c5a3052d21f552cbb,9d804a1e1a3d6b052ba11fa18b5862781c60e5fdadaebee4ef709425a0834ba1,dense_v1_train_x2.88_family4/variant_4,12,0.30688869953155523,-37.73009133365008,-9.122251245080935,79.26560890299443,-1065.1754323093055,4.314489768616733,0.9809875392913819,-2.085523971058676,1.143247127532959,0.01623479463160038,1.0696972608566284,-14.426769961130537,378.0696033162616,14.693128555740817,2.888265609741211,0.002518976340070367,0.13081103563308716,12.961347752062425,-22.270309902068476,-3.7087310521334844,1,1,1,1,1,1,1
pi0_causal_upstream_000247,upstream,43e401039f393b917bfdc42b86b973d7031eec14d31ee88cc4b8200d3344dd3b,c90751e208194d2bf3fbb3c2c96d14f67df552ad1ed2b8ff2314e6a394e76e4b,dense_v1_train_x2.88_family4,dce28e774f602fc7ad289584300107b9a1484df8a909dc99614c2686abde92f0,4415e77b3a66b8ec4fe02fda840ab741bccb183f72235c69361447d4752a6a22,dense_v1_train_x2.88_family4/variant_4,14,-0.0961001217365265,-43.99929316146759,-203.17013769266063,34.03545418138801,-413.0240526202856,25.271657712827352,1.4659351539611818,-2.993682230702174,1.766326665878296,0.027929311618208885,2.6353416442871094,-13.97482658903455,278.59912688602134,-7.6114270610524555,2.9408202171325684,0.0030409658793359995,0.20515327155590057,6.136693596598323,-30.33017559439906,-4.5574872296608095,1,1,1,1,1,1,1
pi0_causal_upstream_000248,upstream,44110c673f98072d31ca6b09c34da451f4d0f59eb40b538a3f5d495ddabce581,0203dade46153f71be0b182f01a77043b29bc9e57185bf93bc331cc17e48b18a,dense_v1_train_x2.88_family4,9da812a68338987b6ad632098a5eb2485539a12317f376963e39eaf4b616062b,72385ca051cdda8bdf04cf8b895f6e81d0389f6e6fd7e365f6355926d4b9c6d4,dense_v1_train_x2.88_family4/variant_4,15,0.5084591674804688,-51.14023203305383,-289.4821590642229,40.96451716982587,985.1740276175931,26.95061380339897,2.1047790145874026,-3.418201343718719,2.3475899696350098,0.02370847575366497,2.9895167350769043,-7.777352846559576,-244.3325869144443,-23.986063666859433,2.982246160507202,0.0036804138217121363,0.2634214162826538,23.088419715568847,218.68226227894664,-5.0784531737793515,1,1,1,1,1,1,1
pi0_causal_upstream_000249,upstream,1a4b4e5f35dd5b67f050100514fa4a6b0b1f63667b6bf36b668401e2693f59bb,6b2ecc12198cc5d43286a09eba9af47652e2acb35fe7c381aa7b930fa65cf447,dense_v1_train_x2.88_family4,1270ab30a23a90cb1423636f686559de300e2a2e7e1bf4838fd1adce6c08d5eb,f54bf92b6dc70d668e7add6febca3973d3106d8a600559591354adc32f2c3bbd,dense_v1_train_x2.88_family4/variant_4,16,0.7321212959289551,-56.57855159362304,-163.77714459801714,66.84227344430661,1281.7838988920746,19.042770123581924,2.395122909545899,-3.631337704403701,2.5167086124420166,0.038983382284641266,3.5083653926849365,-12.38413700304111,-481.97945682019997,-27.10406039089589,3.031982898712158,0.00438066478818655,0.3306119441986084,35.25074632531379,-36.255450076749746,-5.188742379983357,1,1,1,1,1,1,1
pi0_causal_upstream_000250,upstream,aeeb6907c75fb2d0bb80f3915d25dfa508ab779a313fcedb0ae7933a571a2a95,3a5197f0ec828ce245abc878def4a7407dc448aa47d8fd3a8d33a93be37bf5e2,dense_v1_train_x2.88_family4,31ad7b8c27b02c8a90b481b60ae3d951d0fb7274696e58ccedf5cb7e1bb42e9e,bd874962bcd150762fe23f421e9504b56841f737a8e18be142b79fcacab27b90,dense_v1_train_x2.88_family4/variant_4,17,0.3904954862594605,-60.02920072835391,-146.45593512702655,83.11430438708072,414.3471695455438,13.364667364360765,1.9806521415710452,-3.9684635536708632,2.1628167629241943,0.017017461359500885,2.632437229156494,-18.267559501252542,-142.7252584816089,-18.197599581131396,3.0783326625823975,0.0050288233906030655,0.3931553363800049,36.12341568990423,-24.349042117468713,-5.26240975515678,1,1,1,1,1,1,1
pi0_causal_upstream_000251,upstream,09b3b38700eeff06aa0ecb4ecd99130d060ae0aa4021ab039a58240a767470f4,f4c3bbc341ac3528b602594ab87696b10209d97ae0bd995715fbcda27e5fde4f,dense_v1_train_x2.88_family4,68a1643f7eb64ff3726b07dbe49438f1e45417c8a9f6f9d32f3ccb716ee68eaa,ca8ae2f920f8b7692acbea3f44f09772cfa0dd30722a531ab821e280cb11f12e,dense_v1_train_x2.88_family4/variant_4,19,0.006386739760637284,-64.6062812459087,-45.766826590356416,73.33113074073715,-688.7916836047432,17.659481961618855,1.4989497947692874,-4.919000619227078,1.7991868257522583,-0.039961960166692734,0.9242657423019409,-15.861637318946599,251.5615225282024,-10.310211533269268,3.155385732650757,0.0042597269639372826,0.4575154185295105,36.55985453258429,7.625428948850982,-6.180488966390888,1,1,1,1,1,1,1
pi0_causal_upstream_000252,upstream,136821ce875d65c68b66228f7c30717b7fd2d9c3c61aa25bdc3164a9010a4582,65fce823917c4b13935122c2c254bed9b0fe309d6fb6855b5354bc58c18eebcb,dense_v1_train_x2.88_family4,ea1a149fae7147327176f1f46ba4656278a98cd4db561cd50ef0a6470c36382d,6b8cb8733dd904975364e7b7d7dce983b2110ef85989f480d6cb98a1ad988d56,dense_v1_train_x2.88_family4/variant_4,20,0.7355749130249024,-57.47024303505196,493.7094051347264,66.40785975271547,48.20754004874711,13.4076748548076,2.401318511962891,-5.171147050468085,2.180640697479248,-0.05667903274297714,0.933752179145813,-10.731734950349312,-487.014016578173,-24.695081698936363,3.195526361465454,0.002998122712597251,0.4727800190448761,36.4003662003699,7.548220490473158,-6.171670599640645,1,1,1,1,1,1,1
pi0_causal_upstream_000253,upstream,e04ab9e50e431a68641643b81bdbe75b5205690b50742f711f5392ab7225bda2,95efe44fd839149c30b33b948d1c189461b5b5aff2eecaa5f8daece66fb1fd4b,dense_v1_train_x2.88_family4,c04c421a86d8c2f838933b4463e518a330164df506c03693c7615b8a575776fa,c49739c403ed91754c0002398fdc06a1c6e679c73ecb5e8420939104f88ac63f,dense_v1_train_x2.88_family4/variant_4,21,0.267826406955719,-52.41810578524985,167.0933243834634,60.90755622542839,-439.99513093558863,10.241834330866661,1.8300207901000978,-5.428569175769613,1.9228968620300293,-0.03895772248506546,0.6690682768821716,-12.108058195468255,-19.405801988698705,-15.873378414129851,3.2355666160583496,0.0021239102352410555,0.4888562560081482,33.37456166220299,52.272120737024586,-6.237218053921334,1,1,1,1,1,1,1
pi0_causal_upstream_000254,upstream,cd62099eae84bec3408605459153a11df2c9b7a00587a8cea4b35ea33114bf1e,26367291508e3e5a7338dae9747388a931ec195811a8975d837941a76a0d97e7,dense_v1_train_x2.88_family4,29613a2d25b772cf6cd74b05661dacfab2eaa933b34c2781169d21c6901264fb,90f01f71bd68a6962f9adc74103054cdde23b162af75b542c62a6d0ab7ded57a,dense_v1_train_x2.88_family4/variant_4,23,0.2905921316146851,-50.671295150302846,160.94388650764748,49.073730978909786,-371.3278514356221,11.04507581457848,1.8546670150756839,-6.003558497209987,1.9339312314987183,-0.021992195397615433,0.45056989789009094,-9.333806963111972,-39.56880216387961,-16.761764044000483,3.3123128414154053,0.0017302181804552674,0.5196899771690369,33.55001897669686,14.235601503998343,-6.954954277003507,1,1,1,1,1,1,1
pi0_causal_upstream_000255,upstream,03d047d33a2e4adc9a7b19ddce322aa3c66fff1dc52f6a22459e0825feeefb9c,5a8c0f46fe60f0eaff053488ed3b72e7e7785085c6630c7e2b5db8ea3338732c,dense_v1_train_x2.88_family4,23d98ecc8fcf2f76657242f33ef11afa837f3ecac8526a1e96603417afa6d7fd,1884043823b5c3e367ac79c451c284b3bd21bb5bc978118fc08ea83f3f5d96b4,dense_v1_train_x2.88_family4/variant_4,24,0.5321166515350342,-48.06469688754005,175.08900337306878,49.62004707476785,166.24606673768,7.39076015079849,2.1439160919189457,-6.171341713500822,2.111948251724243,-0.005005135666579008,0.6067931652069092,-7.616332844423817,-276.32254287338606,-23.83983102427675,3.3532018661499023,0.0016658990643918514,0.532573401927948,33.88596524611852,-1.3286530070238969,-6.992760522870418,1,1,1,1,1,1,1
pi0_causal_upstream_000256,upstream,5d2f8796ff1cb0e10973b80a0b7028bafb94890c7064e22598d8bd7029917d98,6ec1bed88c71704ae41aa5182e3e07ad5eda870750d1922629932c391b712049,dense_v1_train_x2.88_family4,ab871175d924360d4cf683ffc49ea362ecd0bfa3b22f41b4614e6b7bea071982,7029968b04a340c2103eafa5ca43963ebfcacfb96d19fb09bd7d445a039bb757,dense_v1_train_x2.88_family4/variant_4,25,0.06339919805526734,-51.391712768104526,-239.43987652515403,48.9542641401371,-129.20842339718038,9.02514898409995,1.5821224594116212,-6.431024970429736,1.8528707027435303,0.050095316022634506,0.6554128527641296,-9.692391894537641,183.44736540760184,-13.660560193812154,3.3913562297821045,0.002468141494318843,0.5470522046089172,33.65592105977791,7.097279875524691,-7.501660071067702,1,1,1,1,1,1,1
pi0_causal_upstream_000257,upstream,65f3a62e2626482888a5061fcfad99d81259960f3c3fcd0eb08660fd06425b58,372f4c6edd363217e9e3bdd77406076cf2bc9b048bf34ab224bf8915e616417a,dense_v1_train_x2.88_family4,76f2388c177f1332418bb6c151d2559fc0e6e2ec8f01651d623a17bf4d3b1dd8,0b08acf3efee9eec4f8db8676d6d75fc525c0c22a468b2ccf82e9fddf6b0017b,dense_v1_train_x2.88_family4/variant_4,26,0.2907982110977173,-57.12369972713302,-202.1933523394571,53.44584434966167,311.4770620785781,10.407374982366914,1.851001777648926,-6.685674588125984,1.978872537612915,0.06715869903564453,0.7393269538879395,-7.715431205317886,-36.65438435069726,-18.735850931126958,3.429824113845825,0.00397204514592886,0.5640340447425842,34.95109568114158,-18.054129750067986,-8.011723953802852,1,1,1,1,1,1,1
pi0_causal_upstream_000258,upstream,b5ba462696eddc0aa2ce158045575f9e32615876685e0820e223def67d2cae42,0cff1f15dc8ec66e9c78abc214b95a22bff9d105151847ca7243157a88eb41e5,dense_v1_train_x2.88_family4,cf11d362542ff5c1c6842012b2a134dcd0853e6d1f81bcb5435b0e44fe8875ac,b7ff7305d4ea5b2dfbb8d2a138d04283f6c878c3af87b720542eb46a5816fd08,dense_v1_train_x2.88_family4/variant_4,28,0.6214554119110108,-64.28306986419453,-98.04338353524692,80.62179760421382,860.3572382718124,1.600866532744167,2.2580965423583987,-7.0227972903582785,2.0114386081695557,0.1423347443342209,1.1149954795837402,-11.571810652220446,-369.91487654164325,-24.743746796772704,3.5103330612182617,0.008316506631672382,0.6028082370758057,35.19903496310763,-18.062303778957197,-7.858642915706153,1,1,1,1,1,1,1
pi0_causal_upstream_000259,upstream,73c3d75e95f8f28a76422b7cfd023b5567747dea03bf6c202888b5a36cc188a6,e8e2339a893754f3e5655d820e795e497c56e8ae85db506995187d281816ea82,dense_v1_train_x2.88_family4,2503b6e04d5c4a089075c3bceaa7ca2dc3888d55b838efff6753069a2a4e9eaf,424bc3b3a82b9fc0de929b201111290b1e065f69c872da0e5a15b90a132b0da3,dense_v1_train_x2.88_family4/variant_4,29,0.5237634897232056,-66.60297093654604,-85.55082410932103,94.82720454943883,588.9939318302326,-4.3472063904667895,2.142593364715576,-7.313461934016276,1.9560602903366089,0.12253724783658981,0.747478723526001,-16.46845864556721,-275.3825722398089,-22.048960546541288,3.549561023712158,0.01107611134648323,0.6218481063842773,35.37415759833217,-7.8323879495706,-7.575973496128917,1,1,1,1,1,1,1
pi0_causal_upstream_000260,upstream,cd36e123a69a7ba0349c5dc8e3d8db539c37df05a21a6b6737ec2e308a566a79,4e37c40621b915b9c56127a4a89ba490873e4fa678a3b33f56b9732e908ed2e9,dense_v1_train_x2.88_family4,97f389f69e8d688d24862ad203022df24bc67d7dd6ca730c8814af87de1f1601,c3c5f5b617452db934f23032b025957cbe7e45d791519194030f36ed953c60e4,dense_v1_train_x2.88_family4/variant_4,30,0.5355809164047242,-68.6518637630098,-61.674477186194096,106.78675650310444,556.9749885484533,-9.780590883329518,2.1622398757934573,-7.723536037567905,1.9222255945205688,0.13015106320381165,0.6201476454734802,-21.178808106660004,-291.4503190546971,-21.820861256566833,3.587862491607666,0.013837270438671112,0.6367965936660767,36.05838204372195,-13.504986413765835,-7.30071494864002,1,1,1,1,1,1,1
pi0_causal_upstream_000261,upstream,974d6fca01a1fc86f32392890a52d2a92faf33860ef1619780b4bfe44f55010f,684c2b31fe06772c8e7af1809127e9721b01b65ac6cf506993837fe74c704479,dense_v1_train_x2.88_family4,5ded1a224de22a570a495ce05c33f88c8618c096ab802362d3fe7c7585d8b233,3bfa265a532aca2249044a320140a5553fbf4172fa309d1cc15cfeb5d5f01b6c,dense_v1_train_x2.88_family4/variant_4,31,0.5003049755096436,-70.08888775305628,-36.16682154207966,116.2951038278142,398.86548028219937,-14.905981950022154,2.120873775482178,-8.257607180531144,1.9339046478271484,0.09690254926681519,0.22517907619476318,-25.578141488801677,-257.60216915091837,-21.046380983937212,3.626020669937134,0.016216307878494263,0.6455608606338501,35.18312403743608,10.58701946353602,-6.999642323757286,1,1,1,1,1,1,1
pi0_causal_downstream_000262,downstream,07254cf7a9ee16532a36e66a2034e3707e68879a6fdb77ee7620302ebb4ffeb2,6fff207bdd61d2717102520af4f1b965cc81ca66375dc70922795943ee7acc73,dense_v1_train_x2.88_family4,6e21cd60e2cb96b5ea8cabe50b76b0968e6d77324cdab5fb42eb220e8a54fc9f,cb6718e2467c88e1ec63113d70b2481b5c91c4f96e419bca8da1157bcb67b802,dense_v1_train_x2.88_family4/variant_4,32,0.4188341856002808,-71.05846042649628,-18.7540175267719,121.27085565703348,145.87890708556554,-18.776695823983705,2.0231344223022463,-8.84268688714272,2.011931896209717,0.02169901505112648,-0.4028131365776062,-27.39598096847494,-177.61561329046157,-20.075455933041557,3.6652262210845947,0.017369436100125313,0.6432088017463684,35.94906145096131,-10.900153754903487,-6.820864508698048,1,1,1,1,1,1,1
pi0_causal_downstream_000263,downstream,9476cc6522da5ae6a62d2f200950b4422e44a709871eaa4466894475680834cd,ed0a785f2786c7a922c814b37af63cc44a2a170036874358d3794668665252d0,dense_v1_train_x2.88_family4,45bfdf5e0c23267e4d76d1d4b25ad4cae6b230a6d2a9ac5b130d3ab25a47d516,c321b275d89de927547dd8b79d30daab825ce55a982e3e0f83f9b2ffc70dc21e,dense_v1_train_x2.88_family4/variant_4,33,0.25253231525421144,-71.60835212638483,5.959016043737373,119.65108995574329,-310.73240753450665,-20.4300520516919,1.8194688796997072,-9.32638191023582,2.232569932937622,-0.137004092335701,-1.4285032749176025,-24.399787007907324,-10.930950224097428,-18.753916781481642,3.707223892211914,0.01633031666278839,0.6250715851783752,33.90580353056283,30.716252037234028,-6.94734940601278,1,1,1,1,1,1,1
pi0_causal_downstream_000264,downstream,651da1ee2c344feaec0ebd2861faba98b833946c36ff031d904de864ba30dfb1,f757adb19411eaf8605725cb62fb79975cb29dc1b1aef7ca6e91af1d4620954b,dense_v1_train_x2.88_family4,4cc9ae2edefe34cb40be1914615c9d7a8b6f1eb0a6b91e84f51cc100c08668ca,ad444f50aa62fc5080202a8dc3951a4f5a26593e16bd9d6c07ae3d448aa71998,dense_v1_train_x2.88_family4/variant_4,34,0.023914864361286165,-71.7525374197638,25.64390938031973,108.43107673446082,-832.6621872252448,-18.298414997689203,1.547718334197998,-9.495781687433842,2.4667155742645264,-0.2954096496105194,-2.421290636062622,-17.094578671687696,211.47652198760989,-16.643676903440134,3.753861427307129,0.012100562453269958,0.5867048501968384,32.24653543020788,34.945225133549954,-7.696094553511917,1,1,1,1,1,1,1
pi0_causal_downstream_000265,downstream,8dd21fa31a08364ac7599588fcd8be501795fcde50e95fec65f116f2c28fcc94,75148c34035b9a12402dcab0bc29f0484d930843233ad0f1b7dd5efe345bd972,dense_v1_train_x2.88_family4,67c04b70b6e9b938ab049443e66690031e9a03097356a0b0756db21fd7ad500e,c2714bc2a25fb469668308b7fb6dec6daeb1ff747c5aaba5b4f68576a0df3234,dense_v1_train_x2.88_family4/variant_4,35,0.0581888109445572,-71.78761044115181,13.493870280891638,92.85037704890789,-680.6480763780936,-13.90082621604792,1.580626564025879,-9.459312404709191,2.286302328109741,-0.18513743579387665,-2.1857473850250244,-10.826798376991196,184.5345675989278,-18.263760208526723,3.801163673400879,0.0073015764355659485,0.5403867363929749,32.975804973173894,-1.714667764712926,-8.82262923559538,1,1,1,1,1,1,1
pi0_causal_downstream_000266,downstream,7a42b7676e80db086dd4999df7d6fb9eeb2ae46be0e4e3467f2a16643f4030bd,ec2cd8196b5da3d2a7d1ed961bd0954a243f72af4f7a55c7002ff3b2ee13c199,dense_v1_train_x2.88_family4,c4ba660b1f1c8d1bdac14e7e80a3efdf1b9794333c6890368913b6885849e530,65f6f7b00930f13c83427cac697d5989e7e9a6e94f1075668b1f4af48306e66f,dense_v1_train_x2.88_family4/variant_4,36,0.28274886131286625,-71.95684203821722,11.950507929430863,85.0344071665547,-148.6314186795673,-12.308783918136536,1.847053623199463,-9.478070236361665,2.0424675941467285,-0.015147753991186619,-1.6472293138504028,-6.8884511105197825,-33.5463204292613,-23.102464292049685,3.8437013626098633,0.005656542722135782,0.5033168196678162,31.96898044800065,18.2651552746647,-9.520309009199403,1,1,1,1,1,1,1
pi0_causal_downstream_000267,downstream,f3f9d8e27959a607e783758a902350530fc91c702b28c31f79ef23649185c73e,18138a0e4a3a206ab35089b07604250f6ff9d10bf431c79134bd69aa467ff60f,dense_v1_train_x2.88_family4,71fa81fa1385cd3533e9eb41ec58d9129d249865625f22d34127f289f448ecac,35438d7efc3457dca5c7cc3f940824ff6a59ead66aa7cb84b9da055acb61608b,dense_v1_train_x2.88_family4/variant_4,37,0.18637057065963747,-71.90227565693799,14.737215719285958,78.61907002635019,-366.7711863534965,-11.366861943981212,1.7276770591735842,-9.469815576644775,2.0956220626831055,-0.05685235559940338,-2.0528252124786377,-4.701337453369782,64.15733291176377,-21.347839920692184,3.885345935821533,0.004654556512832642,0.46491673588752747,33.38394634212259,-17.812846487448112,-10.133728697181764,1,1,1,1,1,1,1
pi0_causal_downstream_000268,downstream,9e37ea1433298195acac751533e26ecdf8fbe89924fb457798a128d51db9e719,9305387cd838d5bb1171f326bdfff4ef2349f6a305c49400f0c327b76e096a48,dense_v1_train_x2.88_family4,ee349d4a8388778911e38fe0ca7b2f5bb0785d927063b848d5109fc3b51bf5bb,a000f10112a63e9ce50a964e281546c96630612af595f7f57452399e125dae54,dense_v1_train_x2.88_family4/variant_4,39,0.15434777498245242,-71.9180602241099,21.39631718832635,71.03693850042157,-432.7399127539043,-11.440444331957345,1.6918514060974124,-9.39660372666741,2.085435390472412,-0.05146847665309906,-2.439244508743286,-1.4786023397321222,93.47297611251123,-21.12557190472163,3.9657280445098877,0.004594140220433474,0.38378751277923584,31.828999136055824,27.4688078605002,-11.060865077230629,1,1,1,1,1,1,1
pi0_causal_downstream_000269,downstream,6b351f669f7b6cfcd7870f9961f050fe0b3c733f86f95e416e6ef9deac3def6d,9884725104f5647cf6585b155a16bed91a0716fbaf4505554959db2074f60f49,dense_v1_train_x2.88_family4,ffb584710d86d9fefe97cf7893e62092c64aae81c33c79801069b87cc410d57e,3ea7467b42fa04e959e4f79bf6a133500775b57a306dff1e40cef4fa2d4a1d9a,dense_v1_train_x2.88_family4/variant_4,40,0.37844073772430425,-72.12562967298658,16.741000268923646,69.05347888620655,67.16754754315014,-12.019242132070296,1.9538935852050783,-9.313755863531505,1.9269500970840454,0.06009842827916145,-2.1800620555877686,1.4247061707651978,-121.03126628132777,-25.31136625265203,4.004735946655273,0.00527717312797904,0.33961522579193115,31.803051247398948,7.280261070276156,-11.451843946654822,1,1,1,1,1,1,1
pi0_causal_upstream_000270,upstream,a39b14d5294c6fe65523976e2317e87b5b0840ffc64cd098cd933f4703992f78,30141b762d9f57ed1f0c75361080b67da7a436ca868a8981f5a58e60d5b2e34c,dense_v1_train_x2.88_family4,7d6eb51f3e84577f56493e6b884a9aa36488be9168df3aab3347465f812e14b2,46d09b7901ebb24bb81ea37d9f058c71e3963dcc492a1e544f8262098f8f996e,dense_v1_train_x2.88_family4/variant_9,8,2.1922699356079103,-61.837568443195664,295.47584130620584,136.8679751173511,-371.45426457678076,0.7047102603869096,0.8814525508880616,-1.9439421365738145,1.8129026889801025,0.45508626103401184,-0.3534412682056427,84.28792213178568,-127.45661647885552,43.072460396758956,2.7891745567321777,-0.0036184866912662983,0.12063546478748322,27.99244089812464,107.1100361867103,-5.8374318473342335,1,0,0,1,1,1,1
pi0_causal_upstream_000271,upstream,0b51738b9ddea37c97a40b70efc2e4d8a0ffe7d22510688e3c3fa3aba69c3235,42529f83e96eefd94a3895f1a56c3fb6b4de9e01c3740f4fbe3ae5d6c2481a53,dense_v1_train_x2.88_family4,27e2ba5f209e6d7c3c60b8c71049893d243dec55163733ca5e7b29129a7cd4ac,9a710b767a133a4936db264f763085093cc2520eec3e47784920ea67bb620bd7,dense_v1_train_x2.88_family4/variant_9,10,1.0760246944427492,-45.366560429520746,580.5904495660425,115.36599319501737,-785.2932953688322,-0.5034895552820956,0.40818257331848146,-0.8867039825405436,0.41718825697898865,0.13466665148735046,0.11544299125671387,11.351828188300907,18.325904684690084,90.00576035394849,2.831450939178467,0.005074418615549803,0.1197282001376152,20.7364116314764,85.26009710729944,-2.361589556046088,1,1,1,1,1,1,1
pi0_causal_upstream_000272,upstream,641d71a3cd79122b647a16a1efedfb5e2cc119302deb9abbe1a1a95f6734a23b,70a4cbc16f0e1ed08778cd3319c55390955a0b047c03ffa0e683848c9f4c034d,dense_v1_train_x2.88_family4,c2547eae3347a54525c9872072b51a99875ba36b2ff93a691e24264f087f0c06,932a3b9941cfa1671601a6a8ad823203cf8fe667d2cae77f855f5b3251a169bb,dense_v1_train_x2.88_family4/variant_9,14,-0.8232297897338868,-46.03533840210254,-365.37744527222037,38.70563359242466,-181.08149716213615,33.11053651746427,-0.5900096988677979,-2.02251537202713,1.6031039953231812,-0.08388572186231613,2.968914031982422,-27.36864655141655,362.2414595374574,6.447388656658448,2.891611337661743,0.0012631557183340192,0.23046289384365082,7.081934574893788,-50.59343782395387,0.07997845072836332,1,1,1,0,1,1,1
pi0_causal_upstream_000273,upstream,11866ea697fc004d27d6761b1c19e013a42dd229d6e317e9d765e74b533a5472,c29def8df034ce10fd7278d9c5b6356de15018c77b450749b2fa454e9048e8c2,dense_v1_train_x2.88_family4,bbc16f6e4da4887bcb2d2e9395744479eb7829991ab62ab97873c126c1658ba5,b6a873792451b0c18bbf6e326a3da76c25e34a24a2bd6b291884e7c197637f18,dense_v1_train_x2.88_family4/variant_9,15,-0.1802561116218567,-53.73449155908099,-333.6909682784806,48.207208784572366,1047.8772405758177,35.11279559061789,0.0798580527305603,-2.630703148814266,2.2121517658233643,-0.052212849259376526,3.251176118850708,-24.178553765596025,-186.03505087655287,-9.834517885881851,2.9301891326904297,-7.396770524792373e-05,0.29268237948417664,18.290112785891925,-24.83966997347636,-0.12093013596763603,1,0,1,0,1,1,1
pi0_causal_upstream_000274,upstream,b0ceb617d379d337bc369ef1467ede756553a818512ab28032a171e02cfa4c9b,0cd0ab74a460b73fa478d862f5ad4c78404453bfcd0c3ed92d6191c3cb81d814,dense_v1_train_x2.88_family4,2a22b264b15441838c82b56c821073ea501858022ef768c69d2d43b845796fb0,5c61f2952555acc3d569443d27cc1205d51117f24b85885b1699292cf1c99e83,dense_v1_train_x2.88_family4/variant_9,16,-0.014876307398080827,-58.39225710130115,-175.3755571295075,73.07353015619012,1192.059364747012,28.05158807246501,0.0485379308462143,-3.1241554753657246,2.3989174365997314,-0.03523598983883858,3.565826177597046,-28.73626215911737,-376.0221038483885,-16.484082703293616,2.97757625579834,-0.000867630704306066,0.3616701066493988,33.00869574912209,117.42254949372987,-0.12940342550111425,1,0,1,1,1,1,1
pi0_causal_upstream_000275,upstream,22ffe5f7a905640695d08a122769f7266a6dced95541eb8b1eaa249357bc4226,7a3dd53defdf9cff8f886a2e08c9893ca74710e84f5ca51be4ffde6cb45cd393,dense_v1_train_x2.88_family4,41939cd9550da8f824a137d961c5e89520e0f81cd874fa7868139928fee9c7d1,4d31863cf86152899ec06f469c901dbe296413dfc02e527a9b00fbee28906b13,dense_v1_train_x2.88_family4/variant_9,18,-0.5750737762451172,-63.30588836001915,-118.84552378465365,90.08876081274248,-228.94171184630437,24.04419623181658,-0.6160013484954835,-4.595329245371339,1.5401161909103394,-0.14621876180171967,1.6533924341201782,-36.60688380011441,167.91037893273702,-5.731384621721065,3.055906295776367,-0.004407932981848717,0.4671212136745453,32.777343581555414,14.592427661712735,-0.3480342314102266,1,1,1,1,1,1,1
pi0_causal_upstream_000276,upstream,66aca9d3c2e2ff2fe6fe4ec5d81e1172af2824a815068de7b9d3b269df147d4c,8596514c14115058f7e3fcc06317ce6ef4992a9567897dda89a8a1fdd5e20428,dense_v1_train_x2.88_family4,11cf9a9a239b0a1c693c684c0cd983c60b8fc11bc8dbadea1425a453d9891b7d,52f95eba7cda2efbba44a858467a05d7c97ffce8fa5d0d7526ea2bd2fe57f0fc,dense_v1_train_x2.88_family4/variant_9,19,-0.5844994258880616,-60.126059640973864,163.93616506227337,78.77416996202284,-782.34921062899,25.929506864530886,-0.6346061801910401,-5.40909908940889,1.236860990524292,-0.21368210017681122,0.6161260008811951,-32.276161375732805,183.15709602825464,-2.5596001579707615,3.083170175552368,-0.008376605808734894,0.4850541055202484,30.69851062086492,29.783056951313526,-0.6419003851219384,1,0,1,1,1,1,1
pi0_causal_upstream_000277,upstream,55faa3f480330af82f3e575213c2c573ffb026c487e2094a76e862c47514c53e,c37817c88f23a52a56f099d7c15bc7bda5f3e8126ba8662cd7d686477637750e,dense_v1_train_x2.88_family4,4b607762b96ed184f2173dbc25933cfa34f46528fcbf0af825759a14e3b21c5e,8a7a1f9db55364f18cfc92397a18195c5dafa48d48cfbaae453143054f70715c,dense_v1_train_x2.88_family4/variant_9,21,-0.39866396427154543,-40.488989154525825,310.4666858550365,57.27337649260468,-672.3040987219526,18.74072981356509,-0.42900751590728764,-6.34388780976555,1.340069055557251,-0.18909157812595367,0.47189784049987793,-25.562949440540276,14.895083589119755,-2.22159586717481,3.1403825283050537,-0.016564076766371727,0.5042190551757812,29.093098562115518,1.5472035858169666,-0.16329943196147226,1,1,1,1,1,1,1
pi0_causal_upstream_000278,upstream,be58ed4aa50f7fe2badc9f91ac81f6b21e200c6195d821ea30c0fb6cbe24c17d,1921b862e83e346cfe3e4729e29f81ccb9a3971e7b9faf58c92be4776f9b352c,dense_v1_train_x2.88_family4,23f91c904fe40e99699a10762eb6538e7af9502be86779534a98ccac59c184ba,84b2b707b2da6491013452170e77ae0e944010def620dacc79342d910a18b5b1,dense_v1_train_x2.88_family4/variant_9,23,-0.4658078575134278,-25.19610681040806,237.28967833292066,31.680001974406583,-686.15184281129,16.410450752170487,-0.5040124702453613,-7.2448952123008015,1.3727161884307861,-0.13869637250900269,0.5101565718650818,-22.391446722093235,76.36570865689295,0.9071692904184032,3.196399211883545,-0.023441245779395103,0.5208377242088318,29.85130078640571,-51.335667650869986,-0.029422554041409456,1,1,1,1,1,0,1
pi0_causal_upstream_000279,upstream,1f78e04e1c2e725d5fa8212bbf3ffa168a6853658165eff0733394054a95bad6,a5bf3a1b4b802e0d571701549639236d1e461ee2f7e990904fcc057a85c492c9,dense_v1_train_x2.88_family4,9c391c927a28110343b3dd87dd95ad055f59be8ca99a19fa116f4199a3aeebcf,3d188165b65f6f4e69b77ae8f8a4d12eeb1ff3491cf7ef5eb269386f6d5a5531,dense_v1_train_x2.88_family4/variant_9,24,-0.3584319686889649,-21.69606516269424,84.76303692064093,24.985830899072756,-130.18464867487197,16.065130867542557,-0.378196873664856,-7.689404370457575,1.6464704275131226,-0.09007979184389114,0.6182858347892761,-21.520129734958466,-26.601293581185832,-5.1212182099544385,3.227525472640991,-0.025650758296251297,0.532504141330719,30.254579060665357,-30.73274011389044,-0.06249645372481799,1,1,1,1,1,1,1
pi0_causal_upstream_000280,upstream,88799c6b8177272e8475f4e71949fe0238cbd4dfd20caaa9b7b8e39fbd53e72e,a71ee02f4c2906645c4b37540eccb6e1d43edd9c13a993a9e14182abe4afeb4e,dense_v1_train_x2.88_family4,98368513483a11be063e8d9ca9c26764c10f102907a1d65f8dcebec4fa50a53c,57282d05b71541cb4a6d5922660f5c0b6a50179c0886a4887433cf56feffbb5b,dense_v1_train_x2.88_family4/variant_9,26,-0.41474527359008795,-23.46807919567859,-151.62224923408917,25.48914412391641,228.36628206910913,16.796439623557504,-0.43320764541625983,-8.641815512899276,1.795272707939148,-0.0439322292804718,0.5198197364807129,-21.684786812827255,18.465146628657255,-6.244037703367889,3.295675039291382,-0.028359321877360344,0.5553178787231445,30.04287051715164,13.581726150411866,-0.3789114662951044,1,1,1,1,1,1,1
pi0_causal_upstream_000281,upstream,23d9c608139f1db1774e0db95e0248b11ee1b188442a3cad4f1f86ecd7560db2,d87bcaa536f54373806201a5bcf609e9df9c97eb341a99ae2b27179290893c98,dense_v1_train_x2.88_family4,4a149527f977370289f49be3bf0e26c7dad2fe0232b38d0c3d29fe0a3a235be6,022d83311313aab7cd28e5446580c9ffb916797894b4ef251162f546f57dcb63,dense_v1_train_x2.88_family4/variant_9,27,-0.42903869152069096,-28.665989757841697,-264.7651251372941,33.86661532019988,423.0669715305756,17.315811185309634,-0.44630958080291755,-9.146836779021422,1.8870314359664917,-0.008066470734775066,0.5459460616111755,-22.40304609085121,29.18196273831197,-7.24888488877641,3.333327293395996,-0.028690693899989128,0.5671223998069763,27.174109103476244,49.43785519375234,-0.588676242225315,1,1,1,1,1,1,1
pi0_causal_upstream_000282,upstream,b90cd278228284039ae5aa5a4a6dd8c1410ca28abacb7037ed4f44e1d4f680b0,5a0efac94889e9a0afd245dbbcb1820018408d498dfe9fd6f939334bb143892d,dense_v1_train_x2.88_family4,3da18d9e1705f01ec9579194134589f0284b6eed275940782b9ee1d30abee6f8,b34650bdbf03095e5071af416db6711733ff461122cb9abf63761731a19596a4,dense_v1_train_x2.88_family4/variant_9,29,-0.45531709671020515,-42.56032256750765,-380.4530661290292,58.00658363962721,582.5409330269447,17.980240139120607,-0.47164731025695805,-10.25163606615075,1.9831198453903198,0.06634572148323059,0.616557240486145,-26.34719859123031,49.96385489192419,-7.355014075647361,3.4128684997558594,-0.02709365449845791,0.5927166938781738,30.590713160289194,-7.115869942898174,-1.073616391475571,1,0,1,1,1,1,1
pi0_causal_upstream_000283,upstream,e00badfb4cc53f10e5086dc8a62e9b65e6019a25f40cb736fba9aa16977026b8,56fccbbd66c2eaa5fee8543e54134416938fa98b6e1628e01720bb3a469cce05,dense_v1_train_x2.88_family4,0f6f233c56dd79c8736e42e8aa157d9af2d5cb5b6cf4c0a41e734a9102be42b1,d6cdd48c02e63910c0fb0aeaa54370e5f52509e70fd6c70aff918c9bce400a11,dense_v1_train_x2.88_family4/variant_9,30,-0.2926804637908936,-50.432668831270114,-340.3582984179236,74.90188300454332,874.8748873149447,16.943962021807838,-0.27935931444168094,-10.822229702151091,2.1750049591064453,0.15265457332134247,0.9033697247505188,-30.789464834947395,-107.41144560459381,-11.810870688265476,3.455703020095825,-0.024454453960061073,0.610243558883667,30.56566344150817,-8.242041351646808,-1.0922796961116632,1,0,1,1,1,1,1
pi0_causal_upstream_000284,upstream,c0e19c1e0b55e5fe956282f2cfd73912a73f02e4b442c4f5a59324bbfeac632a,50b1b87492fb590fa7d42a6618cdb7f826370848f84a9c65c5798011b4abfcce,dense_v1_train_x2.88_family4,e865dcb7693dc039317a00d4a81c1fd222b887c8fab487f1da8bc580a47913df,a10f8fd21dbbd548f0394a2bb1c3afec80070c86f20ed5aa13001009c7445481,dense_v1_train_x2.88_family4/variant_9,31,-0.2279266452789307,-56.209417435024285,-259.82514983894737,93.53814294738233,878.3393231865151,13.493772727454825,-0.1973594403266907,-11.405784789549847,2.2126927375793457,0.18817028403282166,0.9368616938591003,-39.41427254900265,-174.5626006937359,-12.705067101572498,3.5003600120544434,-0.020793665200471878,0.6298809051513672,30.62818699317047,-8.603121863440471,-0.6655193873807868,1,0,1,1,1,1,1
pi0_causal_upstream_000285,upstream,807842bfb21f8beb09c6948492e0e86a5468844c041baa96592bdf19a1bc002c,54cddac7aa315325414ea38e7591d71340d88e9a5ff65c1ef446f91ca71ea2fb,dense_v1_train_x2.88_family4,52d93c212b4b7766aa9eb18e70572a92b37b06eb0bedbe36a34a6a8d23663db3,7a64f8a42ec99d6ec2120e399574dcb4168b0b3f3ccaf7815cc4d0eb92990d9b,dense_v1_train_x2.88_family4/variant_9,32,-0.28491877079010014,-60.5327564249131,-214.08391938250557,108.96910439576106,665.6269604308615,10.17699227424584,-0.25528496503829956,-12.209154246818422,2.1026575565338135,0.14049188792705536,0.5612333416938782,-50.47140624914784,-127.15332875895028,-10.844967533957076,3.543715238571167,-0.017512213438749313,0.6447978019714355,30.633620408655215,-7.240588770255783,-0.21092778794481132,1,0,1,1,1,1,1
pi0_causal_upstream_000286,upstream,e27ecbdad66b019bce5b4be65202c270f9aceafc1e69b2f2444dc54338d24f80,0582ef492941078f3426c8b8092185d5d5e0ea313db29f10c6fce03e6fe757d8,dense_v1_train_x2.88_family4,3132bb4d0df9651ada5a6753bc49d13f3ccd80ecb6999fffbc94d7723951bc92,360255348035aa7f7a1d118fd0b5d95da1d277b173178e1a941c9a126c8f0a0b,dense_v1_train_x2.88_family4/variant_9,33,-0.32732845306396485,-63.84594458750289,-170.64227701582368,120.31329045615436,477.8314556164945,7.663881300007945,-0.30147929668426515,-13.280662190508409,2.0003764629364014,0.07123167812824249,0.0954987108707428,-62.27734383328527,-89.34608702353032,-9.281842883906515,3.5849356651306152,-0.01547477301210165,0.6509529948234558,29.534127291917827,10.795136181319956,0.15196588882667056,1,1,1,1,1,1,1
pi0_causal_downstream_000287,downstream,357741d0305982a37bc1506192513dafd3e74715cd5228659f3b3d491d8ce9a1,9159548c502093e6b3895d618faae2aedf521305bd297aef1bfcfd145c5714bf,dense_v1_train_x2.88_family4,0b639f5d694a00349f77ceed5e7858cbdd31474a4a39798267b5c92e686c5688,fbcd6bc0fb2dda2346d969a8ea6ff684867d0c4e74b1f1bbd0110e33f4ded1a2,dense_v1_train_x2.88_family4/variant_9,34,-0.35333675861358643,-66.24509634479406,-131.1180896476026,128.29895638843652,330.6007174904001,5.725233026909412,-0.3314389276504517,-14.60605819391331,1.9219205379486084,0.00100246025249362,-0.3583279848098755,-73.52066166001583,-64.81276469470737,-8.091982949355273,3.624387741088867,-0.01487590093165636,0.6477633118629456,27.988392303494116,21.438338219647562,0.454777949665394,1,1,1,1,1,1,1
pi0_causal_downstream_000288,downstream,59e1f2e36b7418c7de3cae23a86626203814bfb3eca389d95a0001341b8671b0,e6055a01852d2989124fbeb15d3382fa2831344609adef8d6f94361a0e363c5b,dense_v1_train_x2.88_family4,83bf844fd8b7f7888ab921f9deed68a96e4eef0377b7abe8813be613afbb147c,2c5ad4b421177033fd1c6586b3ef75d2b2fc4fd3eb871ff7f13f628cef4f5cdb,dense_v1_train_x2.88_family4/variant_9,35,-0.4230400896072388,-67.8246254016837,-101.67739934353055,131.65868546003077,59.611985453092856,4.866245703646694,-0.4263176012039185,-16.130866804139693,1.772896647453308,-0.14610408246517181,-1.0878183841705322,-78.45153231619895,12.837984290368238,-7.677607325241648,3.661364793777466,-0.016721850261092186,0.6317653059959412,23.338990327912644,73.43482667271628,0.5403327793666177,1,1,1,1,1,1,1
pi0_causal_downstream_000289,downstream,0274cf84a28cab5a2aaf5f98c0c952187dd36e719de0e163885b5e873a64df84,0925e8bf477a2e09d3c9a7414fa15f6a3f275801dcbd88cfe150075d3c02bb83,dense_v1_train_x2.88_family4,76d81e1ef6b8c69685d22f4c06de1e5531c2e7e3336f0bc0aa713e018f0c0248,d58ec2cfb9cbcb7ad9ab3bdef5fca1f398199876b44242fe24d7ef9813c74b82,dense_v1_train_x2.88_family4/variant_9,36,-0.37443754196166995,-69.0069311470129,-75.86610080967402,133.51556800854712,110.39270706408848,4.249268996995789,-0.38080237388610844,-17.735574006398256,1.808660626411438,-0.11685307323932648,-1.1852056980133057,-82.29332930922352,-24.409617357670264,-9.234359408796587,3.6975860595703125,-0.019374581053853035,0.6089351773262024,21.1965068343468,43.64128538102679,0.5536009447639498,1,1,1,1,1,1,1
pi0_causal_downstream_000290,downstream,142569b53ebf2988ff278fe72278d2b9dbd657b0749faf1651d5d5992ec0fa42,fd339964c932acb192422edb182821868b5c8542b550ce074f208caabb7e816e,dense_v1_train_x2.88_family4,ee3cfde559d0a007a4f9c275f76b0f5fe2a90ea72332c98ba9bc3dc0d1606554,5b999b6c3b4128f758620f43e73764c1b1cb9ba1f14d6234715abb3edb10b77e,dense_v1_train_x2.88_family4/variant_9,37,-0.3937706279754639,-69.61864288907925,-54.55743373141915,134.92538735512946,44.03081106939261,3.396638866065887,-0.39206688404083256,-19.4081856403631,1.7809783220291138,-0.16073787212371826,-1.5124973058700562,-84.9134171955971,-15.182007883320942,-9.669040331539014,3.7337710857391357,-0.022383177652955055,0.5812315940856934,23.505443745533146,-33.281838429125486,0.6275628918765725,1,1,1,1,1,1,1
pi0_causal_downstream_000291,downstream,aaf73a9b4adb2deb3566a69064c97da7061fcf744135498369c83ea1674b9ef6,13025c21fda2459bcbf2fd27005a14746e6dd91a238dc2a653bff38bab168047,dense_v1_train_x2.88_family4,09c5dae5ac28c01c8458d9d8afcea9ae8c6c346310dc1720208e131aa78dea13,fbf438a25a44dac3a8c1593a18c68dc72a77a0a264ffc21cc217a5128e479945,dense_v1_train_x2.88_family4/variant_9,39,-0.4894692134857178,-69.72598614207517,-27.607356540266615,128.1964215886163,-209.3947486304817,4.326230176141727,-0.49176819801330574,-22.626724974781936,1.6735033988952637,-0.32395896315574646,-2.38752818107605,-71.36249263702105,66.42096005554355,-13.519749013883171,3.8019416332244873,-0.03496741130948067,0.4953991174697876,26.898492187446013,-33.4698359709355,-0.2496957686103047,1,1,1,1,1,1,1
pi0_causal_downstream_000292,downstream,f1646e4aa3db8683418a3a366c61c8f688636f3356c80ed1f517348f9a1e878d,62d7d46682a795e9937484c3018064c0eced7571281ec0db52e4dcb59fc84c48,dense_v1_train_x2.88_family4,9b7799920eee56c609f9fbd466b6f747c1344e8800d6bdb0075c05cc30d0a61d,6a2d5cf2c3082a7e7e65671d1cfa04fbc67d6b91dbab85e03e06f822cc9c62d6,dense_v1_train_x2.88_family4/variant_9,40,-0.5321124792098999,-69.34884358667458,-12.878728930088304,122.30982305244079,-325.95072470345536,5.464193488239813,-0.5404707479476929,-24.033224480650976,1.6336984634399414,-0.3988153040409088,-2.7800519466400146,-62.1476453711359,106.3054194119153,-15.04633300564781,3.8351657390594482,-0.04285239055752754,0.4421617388725281,28.450726100864987,-37.921268328518735,-1.0695071823237794,1,1,0,1,1,1,1
pi0_causal_downstream_000293,downstream,6bfd31d1ef070028d83970c3bb05ca33c03a3bb80392e9e00f60cd5bbb17c07b,32394ca66f46ae5cfc584f11af4d65ce1f37ee05d098a1103fdd7bfb89724a81,dense_v1_train_x2.88_family4,71e732f491442ca17fa8c9c7d0b090cb3e3ed5742c925aaa9aca20bdd4392d61,433b8873e4c58a760ff482824ddb3a37c90c6fe8a1b37ad2d9058f6245528bf1,dense_v1_train_x2.88_family4/variant_9,42,-0.5856821632385254,-62.2493673784449,79.79637607320694,108.8345291785443,-610.6116991193765,4.382604991133536,-0.6030378341674806,-26.263844334180114,1.550532579421997,-0.6123372316360474,-3.6356003284454346,-46.920291861915246,157.54150973487566,-13.437455479668271,3.903140068054199,-0.060950446873903275,0.31831690669059753,31.61428189421272,-38.870739755231384,-1.3110872212152402,1,0,0,0,0,0,1
pi0_causal_downstream_000294,downstream,4d1894be2cbfc3def6206f3118020704458b17a0ce6ed0bdbb4512cb9380a133,145a13da01cdc4adb9ee5265b552d02e912f1b728b07c7e85d8943b5bf130fdc,dense_v1_train_x2.88_family4,da180e5965fda3c4169735036bc851106435ed756142de55a070f37b7b603b07,7e292208936692c2529b236dc03e2e08da3ddf0e144cc1accb9a0f4501b8ed8c,dense_v1_train_x2.88_family4/variant_9,43,0.8764241981506349,-53.02802801775365,230.98423893646165,102.34580848589717,219.79730432132956,-0.43300070759103315,1.0040648365020752,-27.40553876436507,1.4353246688842773,0.25290995836257935,-0.7725386619567871,-120.34076147699616,-279.9604928706316,-6.96399513717424,3.9375782012939453,-0.06898445636034012,0.25793781876564026,46.610290066055875,289.41705370105433,0.15087955593044927,1,1,1,1,1,1,1
pi0_causal_upstream_000295,upstream,0086b35f760ecb712476423469eeb655ae8fb507222587d8b1870f061c02c91b,e8a2658880e02212b1e3e1e95270b5c6d346cdc6f63531236262d8bc857541cd,dense_v1_train_x2.88_family4,3c0d9fadd2e86e2dc76050f072df116138b233729a4f791432c6ad09aff38b64,63bc9b924c0f62320fec0dd994ebf603e43ab54ce6366bd0ff00f67e421cecf6,dense_v1_train_x2.88_family4/variant_14,8,2.1837344932556153,-61.786075647042935,299.4195378914579,136.81904364213713,-376.7307496351557,0.6152516102241113,0.8931869983673096,-2.1831852839951114,1.8558074235916138,0.2962101697921753,-0.3856953978538513,52.684575370434146,-137.0424044883749,8.379811389847843,2.7894797325134277,-0.004773613531142473,0.12035354226827621,18.36209102691281,-64.47812640651176,-6.0574149323675455,1,1,1,1,1,1,1
pi0_causal_upstream_000296,upstream,6ba51a56bab5a8109253463cf8f528cdbb58cf87d8af558327a490db774e3137,05356c253721bd18fd92fb927f56e4e64d641c4df9f6ecc9d2047eedcf8c36de,dense_v1_train_x2.88_family4,e210501b302531fd7190efa1bcfdb7f26bba1cf83e24e9610285d2bcc18b2103,fc5e31ad0819e0f15c3aca5dcdc6c5e0c7ab9c9609e66382bb4d354f2907dfb5,dense_v1_train_x2.88_family4/variant_14,10,0.8260890007019044,-43.98439651888779,544.3584270381458,114.62460348136916,-816.9441187751046,-0.4153771749746891,-0.5528665256500245,-2.1143486364884727,0.3578953444957733,0.07594455778598785,0.0707685798406601,-7.9764221250141825,60.70310817300239,44.56519823986524,2.8286895751953125,-0.0003197968180757016,0.11939440667629242,9.80532736491651,117.99459149709678,-4.311530435027408,1,1,1,1,1,1,1
pi0_causal_upstream_000297,upstream,4f75f5811683dce9a93d9ce2257c08838237c717e29e8f76574bef8620b1b667,60cc8b9762aaf7b643dca301328d984d1799f27294a6ce3131d60234f2e654fa,dense_v1_train_x2.88_family4,192bf31fe3e38789e998963b06aba8c71e4d93181c5f47f54f21c11536328761,73ed836176429c241a469a1df33b20ea9cb8ddc60f1686bbb7cb0b3de1798f33,dense_v1_train_x2.88_family4/variant_14,14,-0.9153628063201905,-47.06303598537934,-290.87863222116704,35.16943633833937,-294.880057565284,36.67344951915682,0.402675838470459,-3.285383931558787,1.5477187633514404,0.07165097445249557,2.949962854385376,-37.144095253808835,359.65642418190436,55.089409845114766,2.886570453643799,0.002669815206900239,0.2384236752986908,1.5494804934098139,-45.32969789857018,-2.5659638183258457,1,1,1,1,1,1,1
pi0_causal_upstream_000298,upstream,2479ae9f2b28586e526d10a327a8601a66587a988c067489f24229d9ab065e36,a81b31342a832c16b568e42cb2800f40775d7f50b1660509475259c335bb924a,dense_v1_train_x2.88_family4,7466a15aff0a5eac0fdefa47f4ef9289e5a5f5149730a72f536c239f101d41be,c716f0c8804982c59b55891772bd87e9384d7939ea29d313fac47d936d43fd7f,dense_v1_train_x2.88_family4/variant_14,16,-0.059378457665443425,-59.647563908479455,-116.62513856850923,69.73220844440905,1242.4047437606894,32.210984067139115,0.9605816650390626,-3.3223791822383872,2.40704083442688,0.13508011400699615,3.474742889404297,-26.54360238836132,-435.63520262231606,23.656891237547132,2.971745729446411,0.006792537402361631,0.36891618371009827,36.23240501849012,56.35072038857351,-0.559370877941094,1,1,1,1,1,1,1
pi0_causal_upstream_000299,upstream,af58d115470a5389e42d1f4e9b676dbc7ebef695938ee1bee5979b83578926eb,ff04877e3e934b99478fea89a182d7e19a351fdf05ee1018a3282d3376a02691,dense_v1_train_x2.88_family4,8bfe480dce832e047826f9e073923b2b53f0d15c012ccdaf4dda296921fd5061,d83151eaa828fe9a4d4555dd06660c6ccdd45261882da57ef3f905b2f8689242,dense_v1_train_x2.88_family4/variant_14,17,-0.39361067771911623,-62.039222948251115,-98.0430693465451,85.5447247503922,405.9956786813158,27.436251937858,0.5465491247177124,-3.4073938006775637,1.9306877851486206,0.09919913858175278,2.654442310333252,-26.706562164221364,-96.76668457558814,26.987223174953648,3.014951467514038,0.009204740636050701,0.4311838746070862,37.72877652223485,-6.110818705588199,0.34298548538463114,1,1,1,1,1,1,1
pi0_causal_upstream_000300,upstream,e725b6fd99c6d51b822304a86946a120949c224de8b7b365b109e017092a5cd3,7d8dfba307f3c2a66835b0c5b63bd73ec70a7ec70a56c69d6a287752a579a9b9,dense_v1_train_x2.88_family4,39268b52bfefb31311f151c665900de378e0ff5e90d01c51e66b24ad7e513e85,2dec0c520f583d9e3f4cda6d7db8922177c64eab8aa737852ad29479716986e0,dense_v1_train_x2.88_family4/variant_14,18,-0.6446030712127686,-64.18957823483541,-70.48988132903857,87.06451014261175,-251.64045219425105,28.4367734503461,0.55135657787323,-3.6798480708397983,1.4912861585617065,0.04138859361410141,1.6445035934448242,-28.056933251815195,155.65120024056128,31.339165289539192,3.0490310192108154,0.010657845996320248,0.4746929705142975,36.230332056077025,33.11991513447199,0.9377021153549662,1,1,1,1,1,1,1
pi0_causal_upstream_000301,upstream,14eaa1e2cd5fcae7b5e7a4d06769acc71a4bc6baad4462c562294b52ccc7ae1b,f1fc74171c22a98e6f6c0afc2cfbc03f7e6a79d1eb0251d740232e1c9b601c18,dense_v1_train_x2.88_family4,913f68dce9505867b0012d4261f5ee33df95b706258007ceae66c11cd3dfcc3e,72e238d2afa74f82f73390a3162eee9e8e71b3c0b99270a3588f86a77cfe83c9,dense_v1_train_x2.88_family4/variant_14,20,-0.11829271078109742,-54.57434869489869,503.35341367673095,66.36974729714679,-69.79098222221701,29.535101196231317,1.7152114868164063,-4.034399879965607,1.6269230842590332,0.028268929570913315,0.898000180721283,-25.309117412867803,-373.4412212478508,30.5176198908863,3.1023428440093994,0.010625027120113373,0.5106205344200134,35.42795216823519,28.98096051632225,2.4668379051694718,1,1,1,1,1,1,1
pi0_causal_upstream_000302,upstream,854e08769fc00c7e93cbcafbeefffe88a6cd7b215b2efd7bc25d16622e759724,369eeff844548eea4f2ecd61e6ff3f7275080f373bdf5956dce53e0fe76a8fbb,dense_v1_train_x2.88_family4,922fd38b97c88c4044713730ac40624cd7cdc2915caef7a0a1c2f1a38eaf708c,147a2bbad25aef4fa80e2530fa29a251c7ee050e7a3250c318da9ca601319765,dense_v1_train_x2.88_family4/variant_14,21,-0.38020636558532717,-46.8542029515062,318.9234709155094,60.563669861096585,-351.55549197718904,25.830882911276746,1.3946859931945803,-4.005458441166503,1.467725396156311,0.016540568321943283,0.7161483764648438,-23.33922084679713,-111.11177571952908,39.34003863800837,3.1322762966156006,0.010955936275422573,0.5259972810745239,32.40194272439317,65.8730491105143,3.5933785887510834,1,1,1,1,1,1,1
pi0_causal_upstream_000303,upstream,02d4d87db9e5005e1dc56acbeadac661a2c2350a6efc1c5374ab838b38a0a93c,b7cd14cd9ab98c1b376cbdf87f32935096ace8b998e308298e3e986d402322cb,dense_v1_train_x2.88_family4,d6fcdbe8994efa70762846dc44433d0f1b6536c63aefa2257aa9c46a302f72be,fc9a80ddf665fc7d097636391d1d32073c96eb2e8886d3de90018a2f11759f32,dense_v1_train_x2.88_family4/variant_14,23,-0.5159278631210328,-33.72021021534066,289.142206888853,50.188817417522316,-626.4621093148747,19.677649288573498,1.2325152587890627,-3.9630616309631885,1.3183096647262573,-0.008252770639955997,0.2787957787513733,-17.97288977253256,21.641018960625814,50.23653653415861,3.193696975708008,0.01209754217416048,0.5511280298233032,32.165293745125155,12.452326196619932,5.8261386262602795,1,1,1,1,1,1,1
pi0_causal_upstream_000304,upstream,b1c7514ce41f06b5155daf0adacc3afe67672c1091f03045c9c434361499e155,04444f15fbeacf9bcf3617e81ba1fb2fcf42ed8eebdb28c7676efc06a04ca6c4,dense_v1_train_x2.88_family4,2ca80134fceb58a6c7fa409f8ad74ab64b652067b054ef297b3c9f66ad1c6bc9,afa4ce86b92070cceaa3f8ab27119d317fc4838b77320d16e09340444eef6c67,dense_v1_train_x2.88_family4/variant_14,25,-0.4139031982421875,-24.718066993040747,227.57176714409655,39.54811693597823,-259.05852940650516,16.8836698107659,1.355756530761719,-3.8892531329435345,1.560875654220581,0.04217720776796341,0.24524959921836853,-14.800598167236384,-79.28474026285963,52.15147227552548,3.2553629875183105,0.013642022386193275,0.5671526789665222,30.63560116351452,21.493203421702983,8.141523101996903,1,1,1,1,1,1,1
pi0_causal_upstream_000305,upstream,13a85cad3c9068255b2cf14563415c13583d4991a2dd5b818e517c46f3a17da3,eef1bec09231b2709d6ae5440e6f9f1485a90d875dc491dfbd8311144d092325,dense_v1_train_x2.88_family4,d1bcec7a13e50466350edfe4592abdde703fb6848150ba763e3c0db3d7e67295,6ecb75730721f8d316c62815c5b5dc6d4f7fbb99924db1971deabd9a27b86168,dense_v1_train_x2.88_family4/variant_14,26,-0.33190389156341554,-23.77458222713562,134.47522324731224,41.468489507924424,130.14717825708527,15.40988238838622,1.4561330604553224,-3.8493501395170964,1.7886072397232056,0.10031414777040482,0.31877589225769043,-13.768994569527983,-161.41478706978484,47.013698113909754,3.290205955505371,0.015493543818593025,0.5761316418647766,29.27506504688841,45.65742745042032,9.307560166590497,1,1,1,1,1,1,1
pi0_causal_upstream_000306,upstream,df706ef9aa5806c8bf036fddcd7213892589a8b7a1772dcd79a274e65a76d50a,dc117c594edcb1007e445d1867e08d056951b375852fab8ac62593800e05d056,dense_v1_train_x2.88_family4,1336da26c66f4b6f0a732f8baf66b0fad659fa34a1d65922b0aa5e2f214518f2,79f462dc73d1081701e010fdc9bb39bcf86f74a86dc8f4dba651a0c3101fc347,dense_v1_train_x2.88_family4/variant_14,27,-0.46621120452880865,-24.58774356858232,6.144544045275606,44.3658181878034,74.71918227443464,14.94857875122344,1.3030832290649415,-3.840811323154918,1.7362357378005981,0.09761613607406616,0.2057477831840515,-13.620636884339783,-36.21054841314608,49.29949946682998,3.3254668712615967,0.017611036077141762,0.5833933353424072,29.623541298342463,22.87157316225199,10.377921109405506,1,1,1,1,1,1,1
pi0_causal_upstream_000307,upstream,e4b5e8657cfc6aa590dc68318ec79b96f5339522110ac1d51b288bb4a958a728,d6dfee1fedd8233184d1f605a3688316bdba379334b18cc8842ef4bb8b3a365d,dense_v1_train_x2.88_family4,aba0d8af7e0f505ca2f3d4311753750fbdebc88f03634e845962498b01bd657d,cb28613ee87fc582c5da1127a46d1458f58e3c0308352fabab272a49dccffa8c,dense_v1_train_x2.88_family4/variant_14,29,-0.5345997858047485,-33.49710550119677,-204.35983370267178,58.966505255769974,339.3004660400287,16.2581816694145,1.2295214653015138,-3.9500178828283214,1.8899314403533936,0.1619127243757248,0.24012316763401031,-16.525523168535376,24.004733988955664,41.89388393471658,3.4008734226226807,0.02387041598558426,0.5995439887046814,29.643966979055385,21.181710937057257,12.20235088949243,1,1,1,1,1,1,1
pi0_causal_upstream_000308,upstream,237f156a5a2215d89a6ec2429b9ed72601d6de9f1390ca0c0479c60b2b9bdf8a,fc220ef2b41811b66704686e35b0d1df574af420e264c58bb8885e41a37a9d03,dense_v1_train_x2.88_family4,597c738fc9518764123310608c2954d8a18f1a6bba8c7c59eefe82248882a04d,8aca546b054c8011363a3e6301be50fab0ada24846bb0735f605947279474e99,dense_v1_train_x2.88_family4/variant_14,30,-0.48720410823822025,-41.539434682833345,-309.49062450188495,71.53758453639433,658.8415226602907,17.572698824639023,1.2879815483093262,-4.099692453057224,2.1132986545562744,0.2523135840892792,0.5572287440299988,-19.538370837846774,-23.84737326066774,34.11530933806921,3.442042827606201,0.028568966314196587,0.6118096113204956,29.5228813854494,19.488524117284022,12.925520055606357,1,1,1,1,1,1,1
pi0_causal_upstream_000309,upstream,320e93d7adc3181f56b69fea9dd8db9c8fac0359314f0a8b87360eddae03adc9,a8b70749dbb18d6499c57fd4db0aad000081db1336384d97afbb15a079204861,dense_v1_train_x2.88_family4,f662f3792a4e84cc31a5e60654511ec428f8cdba3733ada4b64caf593a5112c2,31f10cb3651aae6d96367937c5971bc89f87c6f0684d6ff0fa28de048322c297,dense_v1_train_x2.88_family4/variant_14,31,-0.4525341558456421,-49.60020537522896,-314.6664598926506,87.15201852625795,748.3408791287961,17.596051489287603,1.3306312561035158,-4.324032659624806,2.2064108848571777,0.2994077503681183,0.6716395616531372,-23.058204666228004,-58.77661916665445,27.878460408802763,3.485959768295288,0.034495580941438675,0.6272850036621094,29.71434183316861,10.632934556457785,13.58559402078496,1,1,1,1,1,1,1
pi0_causal_upstream_000310,upstream,300940c966d959490d973149ff7e0946188666dab2fd33da5cc4301c0ba2c9f6,fc49cfa6beeacea060b8784d20cb193646f28026fe3cf092635b7b0ea7fd3177,dense_v1_train_x2.88_family4,6a13a23cc581c26fe023ea89b844159dd666fe15876692780129f6a935d958d7,c92e1bcdfe030735547f88de99ef29b287c2f7ccb6f12da30bc73418addaf19c,dense_v1_train_x2.88_family4/variant_14,32,-0.3964232254028321,-55.925305471213846,-231.61720622722507,102.70336888894734,727.6256257158211,16.25565660952745,1.3981556320190431,-4.641138393998292,2.230773448944092,0.3120395839214325,0.5660288333892822,-27.828632471260228,-114.0511407986549,23.34895557391169,3.530698537826538,0.04085475578904152,0.6415553092956543,30.470095434641355,-2.8805298296153277,14.231069886688513,1,1,1,1,1,1,1
pi0_causal_downstream_000311,downstream,ff406349a9908003a63da63d9247492d98fb50178331c79629864e8900d28ab5,c50a8112f0ad4f39920d4c6b65b1f83ae496b6baa5006edf14e4b81b68f2744a,dense_v1_train_x2.88_family4,71bbcc3db6c3efe73bd1aa602a334228a72bcf213a0751d958aa527f1fe772c5,5a425e9161c168da3d938cd1261be6c558366f733920f33df790ce8638ecbb0c,dense_v1_train_x2.88_family4/variant_14,34,-0.45089025974273683,-64.07317132081087,-117.7430356299652,124.95277841215557,390.2926093265929,13.66072420364949,1.3391054153442383,-5.695994207931567,2.014770269393921,0.20315133035182953,-0.3210183084011078,-40.1494570357899,-65.70985540067518,21.651754310453782,3.6152265071868896,0.05126863345503807,0.6482706069946289,33.90998702142946,-28.120081765786548,15.389562273849624,1,1,1,1,1,1,1
pi0_causal_downstream_000312,downstream,92fe4bf73683ba5ce94ff356ddd59a10365ebf8a147c6da48f50b2790392b4c3,f686cc59ecdabc553d4971d1b1a9459110de2c219a9eea6d638eb1ce94d477fe,dense_v1_train_x2.88_family4,31eb4882efdf3c2ceaf1806fcc00719597411ce513a0826013f55d9974772ce3,b0c81ff203aa54d672a41fcf35ba6c85b512c6a6569f210f39ed9e62a3586982,dense_v1_train_x2.88_family4/variant_14,35,-0.4807416105270386,-66.68282267813267,-80.44863864837565,131.48892793839926,265.24471370005574,13.065820640865518,1.313333797454834,-6.436117603878825,1.928879976272583,0.15058046579360962,-0.7540143728256226,-46.09831957643923,-44.61180403566682,21.39512361276889,3.6543986797332764,0.054790131747722626,0.6379982829093933,30.108225182224906,62.56027758946388,15.917302916156872,1,1,1,1,1,1,1
pi0_causal_downstream_000313,downstream,28d84cb6a32500fadeac184a4b39b8004af4ee907ba8d0251fa1eb724b0614f3,4c9096d3eeba226424007d79c5ca2b030591270e8808737b2513da72207d4c3f,dense_v1_train_x2.88_family4,03f58597881b9b5fbfdd45dcd66cdde60ab4603d359aa18a7452c806aa6c180c,abc5adfb044dc594ce4e47af6db0a3e3342f2ac125bcd9587b536bb34e8b04aa,dense_v1_train_x2.88_family4/variant_14,36,-0.4960720014572144,-68.50399016747902,-45.80776332914689,135.85979821472222,173.71429119882032,12.737638880753533,1.3003723526000979,-7.297985853250899,1.8688610792160034,0.10754451900720596,-1.138983964920044,-51.00265153260226,-34.00445195274532,21.586041060449087,3.692111015319824,0.05734613537788391,0.6194683909416199,30.258554230762304,17.053780244227916,16.408910796482886,1,1,1,1,1,1,1
pi0_causal_downstream_000314,downstream,c0676b5cf8f07e994b8f7a27e2836746fe6ed5075707679e1690058dc9f54fe0,5c5bb3951c348469e56f93e4b3dd64b35391bf071e3038d7165d0ac6d429b6ec,dense_v1_train_x2.88_family4,c580aa16d9e48eda76a1b069df2feed60f8aaa15a2fafc564a577bd5c2d41555,1b6a036c836a63a3fed155c9a9d4a8c363ca0336cfe1be4a8a0ea922f9a287dc,dense_v1_train_x2.88_family4/variant_14,37,-0.5064740085601808,-69.74513799250788,-21.67027266084098,138.69174490877123,110.2238784481841,12.592445274742298,1.291297779083252,-8.251378342619606,1.8288557529449463,0.07505326718091965,-1.4686352014541626,-54.667802758217384,-26.57018548461101,21.6871449356382,3.72881817817688,0.05914934352040291,0.5938078761100769,30.381736692443482,8.336960490542475,16.882499104544507,1,1,1,1,1,1,1
pi0_causal_downstream_000315,downstream,5eaebc1f54c42c45e955209f3dd867d2c2abcf1ea3a6a2846cf19f4363d1d36c,e97a2f1460fcff9f243eaf70894b5ff6cdbadc927d6615df3543d253ad28280d,dense_v1_train_x2.88_family4,779cd5afdc970c3d7470e1d80c00821ce49dec1dbba6411f10a987327befbe9c,f41d5df2b1e5c5f8152676c973dbb870d93971fefc9a7bc1ff824661db0c7dbc,dense_v1_train_x2.88_family4/variant_14,39,-0.5158458185195923,-71.08327450375093,8.996252184140772,141.57051937976988,40.575992104173444,12.592758338467762,1.2842123031616213,-10.33132466419682,1.7902112007141113,0.036387763917446136,-2.0074400901794434,-58.854326228841686,-20.780225587454737,21.75628523305895,3.8005521297454834,0.061273857951164246,0.5248367190361023,30.173849639770392,13.56343319626728,17.79650850957025,1,1,1,1,1,1,1
pi0_causal_downstream_000316,downstream,ad1a637cb9b823aad9155ca57c2e1fd65309c63d0b9345d7019751c3a820b63e,526073e7876a28521439238c2ef1b989dedb232d8f7d57e928aacb162408feb8,dense_v1_train_x2.88_family4,e469902d53a5e90b0e18ecbea9382dae9ca3d05546d562d86c2aceda42400f07,674ebdbfe75df24b3193b1df7f28ca3d7c4161712c6f79185f82bd0aa8c2133b,dense_v1_train_x2.88_family4/variant_14,40,-0.5166362237930299,-71.35250007026532,19.253417053221135,142.2286081063006,23.535278011827764,12.634624257786603,1.2844602394104006,-11.418815255229418,1.7834804058074951,0.026608580723404884,-2.238266706466675,-59.86385550892625,-20.97604540341171,21.827860492918806,3.8360233306884766,0.06189974769949913,0.48282644152641296,30.13900542971957,9.960416201531759,18.249046259036934,1,1,1,1,1,1,1
pi0_causal_downstream_000317,downstream,f1d1e31686940746ef23b7d88bbdd8d1c9fffddcbc99c12547c8af93a9328f5f,320ddd3bb1c91997ddc7ceb6949746b4fdc54d79c00bcbf58209909de023e789,dense_v1_train_x2.88_family4,93ac95f54beb47db9194ce8214ab7221d7d3f304ca438b9ba468de6ee46865c0,e99e62f15b95e7c23ccf36544e280565312d08b0479ee97817fd2d7aaeab98c4,dense_v1_train_x2.88_family4/variant_14,42,-0.5147032690048218,-71.37932905332514,33.361365736726526,142.84353003727685,6.970337394705419,12.683773904496425,1.2876612472534181,-13.62914233962208,1.7814240455627441,0.018230630084872246,-2.66020131111145,-60.740605911545764,-23.583550373786828,22.11512288148391,3.9067647457122803,0.06277991086244583,0.38567009568214417,30.39270256115594,6.270019316083794,19.170842650456386,1,1,1,1,1,1,1
pi0_causal_downstream_000318,downstream,69d27717efd75b64aec09de2ff31c863a19d435e2453c610cd68ad24c2ca79e6,770d8abfc0de6b534a95fad3a31cf3c485e2da70eb7ed02aa4cb154bfc18bb8b,dense_v1_train_x2.88_family4,aa52ee2be67740813edebef492043144ee6fdb4fe2b7eaf9f9aba499b549a0b0,9c0c7121b3f67a58269f16414aa822b2ecf9b953f34bb7d80eb8cffd6e2350da,dense_v1_train_x2.88_family4/variant_14,43,-0.5127262544631959,-71.1971883987284,38.78230246585806,142.9735085371822,3.325812700053496,12.669352554979298,1.2900435447692873,-14.738560888094435,1.7832995653152466,0.01740438863635063,-2.8606345653533936,-60.851815051611915,-25.52395247547409,22.358540578219408,3.942147970199585,0.06315118819475174,0.3309139311313629,30.65596537252491,3.7428523113868386,19.649481501138226,1,1,1,1,1,1,1
pi0_causal_upstream_000319,upstream,4c8d1ab5284890a739be7646fa2d9ea68e9b71928076dee18dfef1e9336a9e1f,8765b60e1acbbdff2b585f7373fa6bb8dbfa3b5da8e663f550b51b84da0ef6da,dense_v1_train_x2.98_family0,79711210f1db1a5b8aa28d08c1c4c2289f5a9c834b3a698cf1d32ffb040ed76a,8899009ce4a1bcc24d8a497c551b3c335d309208a9e7368ffa9c3779bdee4fdb,dense_v1_train_x2.98_family0/variant_0,11,0.19811673402786256,-35.56437153652785,356.7654509930481,96.40675409689598,-961.8600238292116,2.361825961741413,0.530641851425171,-2.3996413011646407,0.49183663725852966,-0.020227577537298203,0.5108192563056946,-20.68466953341897,159.4580061744679,19.24184500521984,2.835968494415283,0.00014196343545336276,0.12352212518453598,-1.7588865161212943,-25.956533968820384,-3.7249038172861715,1,1,1,1,1,1,1
pi0_causal_upstream_000320,upstream,4da95639179966c78167b711041c5a518696eb736221f5983e4f6ff326b7a2fb,75dfbe90601cfbcf6fba6c5db08241b1bbd049535fd57b85208b5a8308419856,dense_v1_train_x2.98_family0,97c075fa5968d8938599fcaeb86e61d58b586e921a5929c3522a160f00be5350,b1d796f6f2708db3590bdfd7048c56466c046bbc7c94914343451941e770011c,dense_v1_train_x2.98_family0/variant_0,14,-0.29696023464202886,-50.2405697608635,-286.561952665719,56.693186073557946,251.3065105853508,30.66009817909143,0.5615294075012207,-3.0697893439439246,1.7148960828781128,0.0890616625547409,2.834226131439209,-26.851942740705084,134.17768654668814,47.47988243042522,2.8941404819488525,0.0034299877006560564,0.240760937333107,0.3036388343172672,63.311038322653346,-2.3890436042462695,1,1,1,0,1,1,1
pi0_causal_upstream_000321,upstream,6632070f92b07147294ea846f31d93e48967940c52737368a7a37b544254b6a7,9c1a8a6ac17ad4b4377c566394cfd7c424564e55aff141b3baf5b06a8c37d644,dense_v1_train_x2.98_family0,0168265b815000a79b9b1c4f3469dc2b2c76b06f0de96587c1280d59f4e80a78,aaf9f95917ecb6c3b53ee2006862334433e1adf72c3c98bac0cabb2811c7bc90,dense_v1_train_x2.98_family0/variant_0,15,0.11665275335311891,-56.361300351597855,-263.02206086110687,70.85327471363992,1053.773059867373,29.851080992755982,0.350573844909668,-3.1083344043515964,2.239452362060547,0.12607070803642273,3.41768479347229,-24.16226717952013,-221.31214465659,32.011187601976744,2.9341890811920166,0.005578978452831507,0.30369311571121216,17.857488603863317,216.1578790032233,-1.4914568737186564,1,1,1,1,1,1,1
pi0_causal_upstream_000322,upstream,2f340316fe30cdd0a66cd2bfdb350c4ed2444d5b473a7a46cb92b63cdce8f148,53a354130d67531c5b205c37fe41fd58639f783ab6080b758ea9990141c9c438,dense_v1_train_x2.98_family0,984e719b28f1806bad575b155ed7e49d936b6cda7799c61ed292ed5672b8c6b5,c0e20117b0e6ae0bca7e971c510cf599ebc15aa36583751aafd1ae36c44bcf52,dense_v1_train_x2.98_family0/variant_0,16,0.16627770423889163,-60.16633043632026,-119.39251265414495,91.28237735133723,924.3370409066692,24.658542020158546,0.5388599300384522,-3.1410183533908254,2.2403969764709473,0.13666407763957977,3.3133721351623535,-23.132237086641773,-272.8355400567978,27.02605109283788,2.9794013500213623,0.008262460120022297,0.3720024526119232,27.772483193640845,-118.7969064981415,-0.5608233532162038,1,1,1,1,1,1,1
pi0_causal_upstream_000323,upstream,284fddb4ca43558a97e7e6da424cd7112f09f595fc37dc114847b025cfcf0691,001a96186a4f862614b54263de53c7a60b17a970e086c2cfcbba3ddcec29f039,dense_v1_train_x2.98_family0,edccc0e9e9446552aaf96fe40395a495d3137941e72f7c2b08bc0ba2747e3517,3be98ccf1ab5d3ac92bec6bf730be2bd0b46e381547684444930e835ecd6f494,dense_v1_train_x2.98_family0/variant_0,18,-0.2876452350616455,-64.44145512085797,-103.36552157803422,104.67952020075045,-196.12567182800623,23.122130679234584,-0.4392628908157349,-3.5766155530200545,1.3843138217926025,0.04517044126987457,1.393667221069336,-23.844796571803354,171.36426899222906,31.775238717098656,3.051598310470581,0.012056947685778141,0.466751366853714,31.26579198238033,17.872200831335526,0.7572976591835485,1,1,1,1,1,1,1
pi0_causal_upstream_000324,upstream,9bb5dbffebc0a4df39f635b0e3db53980f3dc1b8fba3e16383dd00c66e551318,63ae93c3127300406c031bbdd740c56dd3d3f2840b2c42e77f77fe6914067f45,dense_v1_train_x2.98_family0,d23b9f8c28ad9b51793557ceaf77c5ef3f6ece910299078f5598357ef1194a5c,ab3aeada97fac329f1ecdb5ed9c10f16f6d4ff686b5269c3aacd77e24a689bb6,dense_v1_train_x2.98_family0/variant_0,19,-0.1980781650543213,-61.72028726495737,126.78821416667807,97.41364692396091,-417.33728976039197,24.379808384415576,-0.339336371421814,-3.7909319976000346,1.235162377357483,0.010263399221003056,0.7062650322914124,-22.199402293199988,89.59410485267182,33.57906094104776,3.07717227935791,0.01235540583729744,0.4837142825126648,30.184398866943475,15.629398934335118,1.3675501208740297,1,1,1,1,1,1,1
pi0_causal_upstream_000325,upstream,716dd90da177e0ff3ea53aa46025c8d847fbe6e2f75261237242f829949d6047,99f5a335aa5876047c65b30e9ec132a37d3904f0a6dce015605f5f85918e1b8f,dense_v1_train_x2.98_family0,428efe882b914a220bae33304913ed235ec8484e5bd00b3ea7c56e6c7a36a2dc,cad3053ce716819c7225c6a24a5619c855d6cf9b592179a537d836364e063e9b,dense_v1_train_x2.98_family0/variant_0,21,-0.20234349966049195,-43.960405479428125,290.46046071942214,80.08420707502046,-805.398203077575,18.49336779330286,-0.36255362510681155,-3.8272835218899965,0.9537912011146545,-0.04041879624128342,-0.15439310669898987,-13.641483475460308,108.6057110111597,43.62903202165578,3.1276721954345703,0.012177523225545883,0.4950394928455353,23.687760277501003,75.4046668897263,3.2698757261717017,1,1,1,1,1,1,1
pi0_causal_upstream_000326,upstream,edabfab13173e10c3de8bf8814e39ab6f1daa76826a3f894a13d7d8b70a82c0c,693185a2d9c1cbc093e7b98091502f708b9f0de9d4152f8f609676e797554d47,dense_v1_train_x2.98_family0,3ab71189759a7bad75a7251d23692d65666f89fc69cf645ef6b2fffa9747afce,d80f9e77b5c4f15752e1eac04e5c804b6363e2d04fb1023f378ffd0ea3c5e91f,dense_v1_train_x2.98_family0/variant_0,24,-0.12504982471466067,-23.94287467319015,77.88652540767715,35.77135017404134,-248.5373060090175,21.327386174858386,-0.2886310386657715,-3.3994221341645456,1.45035719871521,0.05220990628004074,0.31676605343818665,-12.626767520474765,48.11049330592498,65.78599151935332,3.193596363067627,0.011201112531125546,0.490215927362442,20.76851522812275,1.813600493519622,6.705237127146234,1,1,1,1,1,1,1
pi0_causal_upstream_000327,upstream,e253dfce1193f005bd60f53ec7cfce7b53ee389b4fe633e15ac688fc872f9da4,c5cc5bfd14648b2daf1b31d780d13c8f4543e48df0ef491bb3467a8fd958ada1,dense_v1_train_x2.98_family0,8114cc00b57b0fab8929603bf0d3b139904864c102b3311c73d6f6d6ced5d1ff,67dc8ec03456485aef85bb86680924a80b3a78e1f9b2da757de8a767ed7d3522,dense_v1_train_x2.98_family0/variant_0,25,-0.08841681838035584,-23.212397894288333,-30.38515861721766,34.801067160927666,51.68257637390952,21.3978308599416,-0.24674237966537477,-3.153767367829552,1.6214487552642822,0.08635276556015015,0.3036695718765259,-12.244667101510387,13.819536261838785,64.24641906910824,3.2250096797943115,0.012684042565524578,0.4965200424194336,22.712491226293224,-43.84164556523453,8.061301639872008,1,1,1,1,1,1,1
pi0_causal_upstream_000328,upstream,4b9864d43a7dda93759160d750405319c61d92ae5993c1d3c140bc01e4f0a099,081e440be2a68a5a34af72b704761bd8eab25c5cc4259e63152906d3139a2d38,dense_v1_train_x2.98_family0,1ab58b9f05df18b1433ad3da5425bc8e8429e9d57096f2527eb4575c59fd8721,8854e50f88f636ecd91de69e767be5ea53f9899819a11651ae3dfd70f6a7a501,dense_v1_train_x2.98_family0/variant_0,27,-0.1819938683509827,-27.980341218009965,-226.30842803445432,44.93712594583453,234.89124374549235,21.64977271198114,-0.3486306428909302,-2.690670492857712,1.7253161668777466,0.12284467369318008,0.17397038638591766,-11.86730683383,97.20459532403434,59.529866088701795,3.2947733402252197,0.017427220940589905,0.5071424245834351,22.13530950557588,7.264808621052649,10.634009638178554,1,1,1,1,1,1,1
pi0_causal_upstream_000329,upstream,c19808a959c6cab613ac6a8fefc7a09b689bf06a335cc6173784d554a972e4e8,dc36fdb167a7191e251b7e3835e9eacad98c98c03f253d493fdc3f38ce920ed4,dense_v1_train_x2.98_family0,7f5368e3b506033025cdcd5aec05be80d28f60c75a34aa54ace418e81fd1f303,2fddc1cd677f9c356b1b753a5f27d67a706b44dfffe23f7039a4adf8a40f9e16,dense_v1_train_x2.98_family0/variant_0,28,-0.0952609169483185,-32.174992613746575,-202.62672784229443,52.23654228163799,374.6062329542015,22.31430361144019,-0.25641558170318607,-2.4975291784516873,1.8364555835723877,0.1548493206501007,0.08906476199626923,-12.328516211308758,21.738610411034248,52.67286842619674,3.331254482269287,0.02039903588593006,0.5102598667144775,21.057725928148603,13.343715402178079,11.80014748456112,1,1,1,1,1,1,1
pi0_causal_downstream_000330,downstream,0822a71654f7cbba372552a675aae9ea6f7ca20c5c031bb580b0f32bbbbd4ace,7d6c0327a897bdc8d404f75839c85f919e320a8d86cfcadbef4a5f84b12c1511,dense_v1_train_x2.98_family0,85ddd3c2997ec3993a698e57b2a26e8de95aa3d4f1c0f2f0b5d4aea27aadfff1,3b82b7b413d0c009a9f170985d37319f1a0a8510c92a1530c32124eb8710490a,dense_v1_train_x2.98_family0/variant_0,30,-0.028632831573486332,-39.76804561215805,-186.15631405507727,70.4891231780407,490.9690785982039,21.526779334227882,-0.18456440448760988,-2.211624782569052,1.9663138389587402,0.2041875571012497,-0.06541582196950912,-12.102492445068341,-37.0490770771702,42.072694872092924,3.408061981201172,0.027756869792938232,0.5109232664108276,21.24083988470206,-5.419233877594081,13.86474363180394,1,1,1,1,1,1,1
pi0_causal_downstream_000331,downstream,aa7ddd5223ec51f9f9ded91e7c5b97f6d03b76e0112141d894aaceecbfca5052,82a79505149bccc6f399dcdb9456d534f674e31aa393b646c7e168ed1c7730b4,dense_v1_train_x2.98_family0,45fdc84662cdf78111c256e62ae6d1159899eb6e9f6c5dc294020bc96569b403,e101e1c6c75b69ff1c9bbc160bb011e564d9fac2764d4e644d70ea69eeabf532,dense_v1_train_x2.98_family0/variant_0,31,-0.0002340874541550875,-43.8463891316131,-202.111472031687,81.95089777518494,555.0273464462458,20.44093750901428,-0.1706093454360962,-2.1240162459711156,2.0454955101013184,0.2357521802186966,-0.07166104763746262,-12.242495101354324,-48.46722725608558,36.594247950149885,3.4490346908569336,0.032422229647636414,0.5107008814811707,12.528063603005265,128.26554310301682,14.790863900925565,1,1,1,1,1,1,1
pi0_causal_downstream_000332,downstream,a8f5abcef637510bf51a248c9d92288fe6d039ba70f848768a8642cf812ebbf9,0416ba0994d959ef16e4040bde64116a2082bac1505013f17c7db5b089e0b9bd,dense_v1_train_x2.98_family0,0839c64b1ec980864061fded55e4a408c2a9806325d41db6d7e9f45143cb8d42,f82f211d70f4a61f656c26ee676edcae0f92f82766b438d8821b802526b993e5,dense_v1_train_x2.98_family0/variant_0,32,-0.10014869570732117,-48.81962062102863,-259.16904186727595,92.21906949411277,449.1928822379813,20.525671684949057,-0.27479809522628784,-2.1092971480583538,1.9672538042068481,0.21603818237781525,-0.2755652666091919,-13.426717568519365,36.80800896550919,35.120142863099396,3.4894144535064697,0.03703800588846207,0.5078375339508057,11.185306468788703,44.27333401134684,15.567749157002405,1,1,1,1,1,1,1
pi0_causal_downstream_000333,downstream,a77b49de55cf4834845767ad4fec42dc81990462bb3838994763485c01f8c26f,c27c5cf557010f82d5498b057daad70e2f6012b4b061101fb2813169174f2081,dense_v1_train_x2.98_family0,66e2f68fcad2ae354fb544fd0197086e03224debe217c2f607334452a531d917,b324333cbe62da56494067cf8bb01cec935612d5cbf3dc70aa7ac8874fa27488,dense_v1_train_x2.98_family0/variant_0,33,0.0278468468785286,-53.716429123820895,-226.0887281696117,104.46452633624595,655.5348368377907,19.802379442918017,-0.1498505759239197,-2.1479732690491637,2.186842679977417,0.29374074935913086,-0.09525632113218307,-15.813617673986824,-65.45318372185527,29.849248314560118,3.5320804119110107,0.04251439869403839,0.505687415599823,6.769183201006666,77.63600772929942,16.30068042260275,1,1,1,1,1,1,1
pi0_causal_downstream_000334,downstream,2f1b43c58231402cfa56ca9a560eb045e22204fb0de587dcaac3fae2156ccb0a,83b4d0744593f0826ee6c4cdcea5661e62bcae27ea947b368f02801a71ce3c79,dense_v1_train_x2.98_family0,8434c2568a965c7ee754bed2bccd3feea0fd0b61ee054e14065e650a9621ec1b,f1da4a9be3e284c1abcfc69ce75ecc08ac17277fc2005d2e7828c0172bbf2bc4,dense_v1_train_x2.98_family0/variant_0,34,-0.02682598322629929,-58.04155420817767,-221.39754934197182,116.45915131129958,529.9438318892109,18.81778271622949,-0.20831758499145508,-2.268292099215908,2.0895519256591797,0.2604026198387146,-0.40366488695144653,-18.550237125337276,-17.618348313095538,28.682361721282216,3.575115442276001,0.048151660710573196,0.5008984804153442,3.042147900190285,72.54913555247322,16.974817164030082,1,1,1,1,1,1,1
pi0_causal_downstream_000335,downstream,9c59fe90f872fe0e3f50542a7477fe577078cb58fb0193bddebe388e14c9d269,1f4b119007e40c867e5fcf53b9fcd40172ad84fef5394632a82bbb93f2e4a548,dense_v1_train_x2.98_family0,d045b23c92232ac8ce627aac49017150eea8b3ed063549bf75557665be19bd19,c0fd15f121ff7a603b361bb78456f399722336c2e6a35f38ced9ac79cb7cb291,dense_v1_train_x2.98_family0/variant_0,36,-0.07616258263587952,-63.79047662125322,-134.40265931757003,131.84137935995028,261.9796920314929,18.23083202627115,-0.261718807220459,-2.737889963137717,1.8484584093093872,0.1621464341878891,-1.2611079216003418,-24.244053572189156,26.074124213118616,28.288937702447605,3.6539275646209717,0.05659490451216698,0.46623340249061584,-4.310952868715826,77.54532330768916,18.21569853415228,1,1,1,1,1,1,1
pi0_causal_downstream_000336,downstream,ddb685d653e6f02d75489b6ca7de8e03e5c68c661af36351439e13860ab4c89c,d513d92a9c1f8327947e60b064b8d08bc9e089948ddb12736e41bb3ce899097d,dense_v1_train_x2.98_family0,55524b032213c85c7d98477813b25dae202402e3ccfed6ef76910a867cbe9f64,ac722016d1dfde7462320bbf955021fab7b315c2561f702f0df64c7d0d99b9ab,dense_v1_train_x2.98_family0/variant_0,37,-0.0893101215362549,-65.4313339467004,-100.85501041651516,136.09281694844637,173.14066459156598,18.43454555445284,-0.27549587488174443,-3.058953926311569,1.764325499534607,0.12413492053747177,-1.6339954137802124,-26.34744277049314,37.362900363870196,28.620867820637297,3.6901752948760986,0.05946457386016846,0.4365750253200531,-7.193271781006874,58.366766835318664,18.811283758035483,1,1,1,1,1,1,1
pi0_causal_downstream_000337,downstream,b98b4153126100965c4edc15dc61d400c6470cdbd90e09a0f00b206031fa7b5e,f1cd1a7bea837b0ba9e5258b09f13a975922e50c28d0f2516e3aa5247355b5cf,dense_v1_train_x2.98_family0,18dda6c8d8267cc2b91be3cad61a1708d0754cdb78f6caf47b89cc527f15e098,db5a230a3de7b429a7add651e761079146839dee6e0ebbaf30579f8a357d592e,dense_v1_train_x2.98_family0/variant_0,38,-0.09608126282691956,-66.44788466125173,-73.89734659274204,138.84479578769287,111.17935361117719,18.801721721081034,-0.28243847370147707,-3.41296691258195,1.7057503461837769,0.09584899246692657,-1.9580326080322266,-27.761780287211433,43.03670435645394,28.986387101617822,3.7250113487243652,0.06167221814393997,0.3999348282814026,-10.505449929373144,61.452448226844496,19.40514646565009,1,1,1,1,1,1,1
pi0_causal_upstream_000338,upstream,f28409ea0d702997a04123ed58ee8704abd4d8fd26da467885a67127c4120fb0,0bc8cb3e52c76482bcd52232a0720b21e55646cfc4d74434855008dceeb61594,dense_v1_train_x2.98_family0,e91b81f7b6c8c224fae5d328a15888f0a2f0b91b0c9225520735be3108031827,2b20af1adfcbdc78cd4cd2683594f1d977f9be3d643936e8289355ec0161fd13,dense_v1_train_x2.98_family0/variant_5,11,0.29331679344177247,-32.75061705133316,523.4070130044284,95.26803178866062,-1053.6296805363158,0.8410747074610737,0.579135217666626,-2.3543096148867266,0.40491965413093567,-0.009795994497835636,0.2476799488067627,-17.94883726137036,76.36900080807288,19.584865643074345,2.8351266384124756,0.00036105827894061804,0.11982446908950806,3.4574515762573865,124.20177179215598,-3.6673874560650117,1,1,1,1,1,1,1
pi0_causal_upstream_000339,upstream,8733457a06f630feebff95d28a3056246ee322e2cdd1eb22e54ff5afab940748,099ea9b15bcd1e7bf2fc98c4590b44661541a389463ecd3f9af3d05ed91cb8d9,dense_v1_train_x2.98_family0,6029779536e0ef07423f65373efe49745e33faecfce3cdaaf629313d6c286c4c,5edb3df98874dcfa34bb84e428b64ede3d4b8e3259614e3ff455fdae096401d5,dense_v1_train_x2.98_family0/variant_5,14,-0.875522108078003,-42.141973480844364,-367.6192226408453,36.363691499621524,-149.60810841012247,32.83183751625101,-0.007265122160315514,-3.340634546602515,1.542845368385315,0.07114609330892563,2.9526894092559814,-26.425889200658027,365.58844347606043,35.3200317642544,2.8813858032226562,0.002910358365625143,0.22884666919708252,-3.1322590127970864,-132.1771514595481,-3.262235425273396,1,1,1,1,1,1,1
pi0_causal_upstream_000340,upstream,8613167e270dd103ce1ae47cd27bc1304e2087c900c0ff91839f2c9f47babfb6,dcd5a7edcb9bcd96df7a813eeb1c8e8620b8de820de271048c23eb365d0dcb8d,dense_v1_train_x2.98_family0,d287c2dd03b7f13554e96273978eefac41637c665e523bacccff5d9178c7fc0d,d7bf7bdc213b4ea7ed5616a470689356975842af5999f37e2008ab0df2a53453,dense_v1_train_x2.98_family0/variant_5,16,-0.08135920524597169,-54.92565947485829,-190.09136362084004,71.89993290205268,1211.9722621778074,28.482058144103853,0.8659549999237062,-3.69593275510175,2.40364408493042,0.11247220635414124,3.540243148803711,-22.152425959635934,-349.1938311282521,7.442864822525711,2.966245412826538,0.00649587856605649,0.3587430715560913,33.9037373983389,186.90452029751717,-2.2887213024773674,1,1,1,1,1,1,1
pi0_causal_upstream_000341,upstream,5978fdc3c33b338b4b7761da3625d0a8cb7a6d1a3d62fc97c845d39bf5b5e3d3,3e6fd19b3c9c3eb7a114b6a4120d5dede7de829323c24f91e2e2abf6820fbc67,dense_v1_train_x2.98_family0,327428c789b40316ca2fcd059698d529551eece5c42f28fde3e7911854696293,d89d13843cd907b535712e2d66ed4ac3b0265de8ea5eef209bf8e78fe114f48d,dense_v1_train_x2.98_family0/variant_5,17,-0.37927773952484134,-58.49460065582462,-141.59920617428392,87.58469734979992,416.64495446536284,24.923491062344613,0.5085215854644776,-3.9511003071450053,1.9012795686721802,0.07879062741994858,2.662135124206543,-24.909088601105786,-56.612111728109895,12.655145248928875,3.0090856552124023,0.008472147397696972,0.42161327600479126,37.23174024123844,-9.725204123310384,-1.8002662926985655,1,1,1,1,1,1,1
pi0_causal_upstream_000342,upstream,25f9e33a0d37b2656795331b50d70736c347a055b402dae53aaf2eab6695c1d7,07bf78eda5b22ff6cc8453a064ab4e271e8c10c381d624e5d83256402ea04615,dense_v1_train_x2.98_family0,5594b7df9bb30de6d71ba6af13fd0509eee91bb98e3ab3a46488aa377eb18711,7dee965e35d047c15df6c6ac49e18e9f51f48d6f65969243527509538c645ffa,dense_v1_train_x2.98_family0/variant_5,18,-0.6098594856262207,-61.506058381639924,-107.35676311009868,89.623037533996,-210.8264655635431,26.52985796683868,0.8581391334533692,-4.376724652789949,1.447009801864624,0.029034636914730072,1.6506210565567017,-25.987385933301333,173.75651542826932,16.709212568526407,3.042409658432007,0.009603074751794338,0.46529316902160645,35.92524116623089,28.66658739939407,-1.5965236316203166,1,1,1,1,1,1,1
pi0_causal_upstream_000343,upstream,4553f77f68a715dff7d48f9c53cd542391c7359df670139cabeb54e75f950222,dc3f98cbed061836c03cc024038d1c462c55674b06e72860583033246c5b5aa2,dense_v1_train_x2.98_family0,5819d65853ba58ccd3ee15fe33d74d0d4d81f76d60f08e4e87618fc2e7a19062,ccee9fc9bbda932a81d5704c24c1c07767d52c979b7efaf47f8ee01f4861d7d3,dense_v1_train_x2.98_family0/variant_5,20,-0.07558386445045472,-49.93876077691356,546.9248296376431,67.41652842896461,-167.0349672471948,26.955585161615407,1.5080948638916016,-4.959973284925027,1.517585277557373,-0.002154463203623891,0.7517638802528381,-20.75036912304532,-358.2432580426287,13.549853926423648,3.091383934020996,0.008708531036973,0.4949301481246948,34.69775371954205,41.10366861378653,-0.790023234503004,1,1,1,1,1,1,1
pi0_causal_upstream_000344,upstream,d45db5802ee1715fd9b908489f419f5cc0bec45256eca5c733c3f9fe076e39a7,c04a6b69dda3a5f8b41e745f157feeb26bb9a76bfab063c5df61eddc190e8c2c,dense_v1_train_x2.98_family0,35003454f86c33896693c617ec8be7c6a2dbaa1860330ec3c761a3cf56581049,b565b9bc0177bae1cfb566d8d2e431460b37d57c48dcccaf4e6f08453d9b0c05,dense_v1_train_x2.98_family0/variant_5,22,-0.21034972429275514,-35.86640250162582,333.68872797643286,54.18262027052553,-96.68657328681306,21.50924920416033,1.341456470489502,-5.136709827086768,1.5893553495407104,0.02932269126176834,0.699381947517395,-17.41523897774687,-221.85037722356535,19.41108001737983,3.1479296684265137,0.008872919715940952,0.5213328003883362,30.72301392451234,54.28816718376974,0.6738003206211607,1,1,1,1,1,1,1
pi0_causal_upstream_000345,upstream,2b298894c2792b3d8215547350a6762b88c481a3218f636927eadb2da9cdbfa5,f811654686ce2dd5943e4202b71a71491365f4e014ca64cdc86bbc50f26a303d,dense_v1_train_x2.98_family0,6f42e57c4d475d800ff23928368e397a3e03e4f0d098e6f119b5c129b80bfdf5,84b247a59134077af846ef153926fab2b6ecb5336a97aae76bbea1d27a23e715,dense_v1_train_x2.98_family0/variant_5,23,-0.4132846593856812,-28.46847605497056,329.4266352928316,45.038946990886494,-574.9457080283771,19.461626985663386,1.1031505489349367,-5.214778937715336,1.2953457832336426,-0.0029872942250221968,0.2942378520965576,-15.771991086090182,-26.80568357700388,29.249875309229406,3.175132989883423,0.008870980702340603,0.5288293361663818,32.12207230805732,-2.6209111376119694,1.400196395404168,1,1,1,1,1,1,1
pi0_causal_upstream_000346,upstream,aca3bb41b758c09440f14c92f2f54645b026dcbd78a8a7f736a1f9167f1713f2,e09206ddf8c7793dda57494be2a77960eed53f876e563992d6b2b01e9727b9d5,dense_v1_train_x2.98_family0,1f9bbce363b5a7eabb6ad0d068bfbf058805a29f8d308b0163f1c214654d9365,18e0e54b55008097c8a30c7a3cd898250564b52a37d0534b2e1db7a610e0c7ca,dense_v1_train_x2.98_family0/variant_5,25,-0.3414798450469971,-20.257851012184872,238.5835893692879,36.68224127722716,-218.55896370404955,16.558427638349965,1.1917689323425293,-5.349128025364926,1.53705894947052,0.0372958704829216,0.23091399669647217,-13.64138273017005,-99.36553740383214,27.97455434023567,3.2359812259674072,0.010321456007659435,0.5455726385116577,31.098930460956918,17.140412656113067,2.860031992570633,1,1,1,1,1,1,1
pi0_causal_upstream_000347,upstream,a152714bd319aabeb3bc2399fab6a25b7ad56f7850b87f036bbdef3a58955104,80199fb82c7f4cc676f3b0d0e773bb52741080d360523b1e83694f25f8f8cccd,dense_v1_train_x2.98_family0,fbe2f1a0c51cc05cc4ccbd299490afc765a608d294d8ea20840792e4b8a59a18,0d3c9b21292e88cf3807ae51564f14b3c65dd132b59b2ae243f7e01fa5a324c2,dense_v1_train_x2.98_family0/variant_5,27,-0.40459881305694584,-19.490860041980167,42.92258555580136,42.18679659727257,30.782296551413467,14.03205047102631,1.1225095367431641,-5.527526631943904,1.6774182319641113,0.07428676635026932,0.11894751340150833,-13.00768631671273,-42.653141423233535,26.607147053304534,3.3050992488861084,0.013588865287601948,0.5597072839736938,30.983807622496354,16.158919595024113,4.206876727574129,1,1,1,1,1,1,1
pi0_causal_upstream_000348,upstream,8a31c6d94b8379b42d6bb50ad56d923836ba9d5d9c06980bac73d48d49649ed1,5b53cfb2be5024d3250dc1cad7184d54040c1f5beba423ce162642df916b0aa4,dense_v1_train_x2.98_family0,f44a6daebe7a15d5eb08e3c6c12247e24821b4358ad198ec96efd2442dd57682,6e180383452810a7703eacb5bef0f438b96a1bcc2295a36bee61fc7e16e4f41c,dense_v1_train_x2.98_family0/variant_5,28,-0.36949794292449956,-22.049822857924003,-20.554503203311448,47.48779520457868,246.82598845209247,14.09418892869171,1.165983295440674,-5.664912380539639,1.8254141807556152,0.1086166650056839,0.12653814256191254,-13.92907200555828,-78.33929181756812,22.999041567637352,3.341160535812378,0.015806427225470543,0.5652520656585693,30.939421638175023,22.778113976291415,4.740567477869853,1,1,1,1,1,1,1
pi0_causal_upstream_000349,upstream,6bc583a13c64c1494ea04d58178681fa423239c232d9a599bd65ff9371414a38,9ef4eab9a5a0911c67290e7a600ddc262a70f8cd5531c49cb95a07c4218864ac,dense_v1_train_x2.98_family0,4e90e1d930ba78472ecfb0547f6b6ab5a24997f491e5ac0bc635ea24670eee63,7af0c07cbb89182b14c40957e981928410c41f3c77a500026702dbd36097b1b5,dense_v1_train_x2.98_family0/variant_5,29,-0.4143195962905884,-24.85865277672712,-69.01755209117228,53.39977813880452,237.04032178670184,14.105634963277748,1.1139920520782471,-5.827059199067811,1.820942997932434,0.11516022682189941,-0.0038777778390794992,-14.599583992415615,-35.76986802299144,22.644797221429226,3.377903699874878,0.018263107165694237,0.5684110522270203,31.343785912512704,14.725674407135928,5.2364241232737285,1,1,1,1,1,1,1
pi0_causal_upstream_000350,upstream,5beb55067b96b869c07223dd56118ae0acd1788db7cf1009a882c4700856ffb5,78f480b3e6284ee373778165df5fb7d48a0d7baec8307df2ebd8c2cdc58c8d49,dense_v1_train_x2.98_family0,1976efedc38a19eba329747c128cb76fd994f3af10a5ea8922fa45c5c0f56e79,1cd7e57c252e4455124fdf5bc8c695eae7574910889fc7e74b12a23cebb9a760,dense_v1_train_x2.98_family0/variant_5,31,-0.5211729097366333,-37.621037118267076,-306.27871438430816,72.64709412554954,461.5768075051581,16.74656549292819,0.9977112865447999,-6.329344348688263,1.987691879272461,0.1876283884048462,0.12236987799406052,-19.019126196764066,59.43015898719795,19.16236721649028,3.4567410945892334,0.025384368374943733,0.5782565474510193,31.03383534307211,16.65155381910045,5.851458393971251,1,1,1,1,1,1,1
pi0_causal_upstream_000351,upstream,9164240ddbe4ff6cb3726afdb2803b69e368f17b01eefa50df7c8315f5dbc875,95df928c770ef5af1bcfd0214d30737c7db881d6527b9ff0b62316b2e28a05b1,dense_v1_train_x2.98_family0,3ba394c3a74992e8098a503eb39b88cf7c3530618072d2adb1f9a500389d19ea,0a357153ced1556adab3fe2b7d2a046148f027cf7c4565cfe924e539826a2cbc,dense_v1_train_x2.98_family0/variant_5,32,-0.41577260017395024,-46.83053293093752,-356.29037035513863,87.41903794167042,813.9570311642478,18.136497339302455,1.1243840789794923,-6.692703009109645,2.3030142784118652,0.29635265469551086,0.555743932723999,-23.652323548539684,-44.25388846277981,13.532744302552766,3.5007190704345703,0.030785029754042625,0.5889115929603577,31.259098396993718,10.35627262148454,6.049173836429246,1,1,1,1,1,1,1
pi0_causal_upstream_000352,upstream,9068b163d31fdbbc8b4bf884c1a82214b31b67b5d20f006b8c3238af8728326a,0babb86cfc3ec195766f97a09e74d328bbd12ca0b732c6ae8d92149e1901abb8,dense_v1_train_x2.98_family0,bca1a736b7e7807243b9aa2f088a041c44379f045465e30583966f437b6b84b8,b6ca324385550446aa7368a2fe5231afc1318dfc78f6a6460cbb1e680cdf75ee,dense_v1_train_x2.98_family0/variant_5,33,-0.3755157041549683,-53.72587186034844,-254.81110796924102,103.386162409706,726.5323583165122,17.243448847685315,1.175882320404053,-7.1059895048893065,2.282313346862793,0.2898249328136444,0.35354888439178467,-29.56639652065155,-86.4054925103539,11.457668799679423,3.546875476837158,0.036871351301670074,0.5995489954948425,31.539556209598196,5.176324603064924,6.429542566710101,1,1,1,1,1,1,1
pi0_causal_downstream_000353,downstream,df7bd56852a6ad50a8438be17a56591d3ece0a542664a381621605a2dd047619,6505eddaff70f7af92eab8eae9f63d469efe05530e2e6573baf20a7181876006,dense_v1_train_x2.98_family0,021e92653f6c8f98e786820c05c96589aa029765b34ba97b8d83a56013125656,ec9ed6af61ab137ed46767d3749b5c9d1172996a5789c5941ff13b47054098be,dense_v1_train_x2.98_family0/variant_5,34,-0.40221007347106935,-58.86579411645813,-187.73684714977492,116.13768162782375,542.7592885081491,16.292913075482375,1.1481527137756349,-7.657466760552294,2.1500258445739746,0.23765292763710022,-0.07977276295423508,-36.52118541659826,-63.70080306764012,11.563102161028679,3.591071128845215,0.04223524034023285,0.6030935049057007,32.75075024002197,-11.053546997057278,6.802163390069287,1,1,1,1,1,1,1
pi0_causal_downstream_000354,downstream,c2a0e3082ad34daac7ae8fe00e8a7ed13d1a3df6a79ae024fd088a24ac295cd5,a9ff18fa2b5ac31135677fc94400066f9a7bb129f63fec4ecee67f2649bcd388,dense_v1_train_x2.98_family0,65474647952f5393b77a80ae2f05e35362c8adf6948f5d2331febb45aabcf900,3e45fb3d9193a62349c8b595d50ad875dd41e9b1caade241b06d80256e232e9a,dense_v1_train_x2.98_family0/variant_5,35,-0.4358507299423218,-62.80246926724336,-136.66686702742925,125.38877670763416,382.7622438043838,15.814007384710948,1.1177968120574953,-8.367307229719025,2.0215976238250732,0.1788703352212906,-0.5415368676185608,-43.727250141920564,-38.8356599036542,11.869638489657913,3.6325695514678955,0.046458642929792404,0.5974767208099365,30.434141318850408,42.44939346519747,7.133356918713988,1,1,1,1,1,1,1
pi0_causal_downstream_000355,downstream,92f0a3bb9e7c0fcb11835121cf9ca19f8ce42c207595dc83e25baad73167fbd1,9ced64060e9cacab62946b485ab2075546cb1eda9e9244fd78c03615b1f87d82,dense_v1_train_x2.98_family0,26c7961de84cddf70d895be989bb524a308de9c324ebf76d6b07b7971673f15d,64c4345444c925d8feaa2494c3e0b5da35307a94d2c7de66cfc06e98b6e5ec09,dense_v1_train_x2.98_family0/variant_5,37,-0.4659015512466431,-67.604802593436,-51.6772283357894,136.05369362488054,169.17681894826242,15.668056042489129,1.1052325057983399,-10.217357631717434,1.8474171161651611,0.07984509319067001,-1.3523190021514893,-55.56890620032259,-16.570544360449514,12.897394983316303,3.7091879844665527,0.051604870706796646,0.5598993301391602,31.83309383446325,0.9759714934752342,7.687493718902959,1,1,1,1,1,1,1
pi0_causal_downstream_000356,downstream,7723517583e48553df57cd6c12117a14a0b1bb7706dd6718eb3f84faaa552fb7,5718929bbf6d0204b72db05d823af2858ed91990de58890f3e8142491f647b44,dense_v1_train_x2.98_family0,5b93fc303751daca212cc4c75b94d08200879778f56d085e2ea08ecbc57bf600,e872d94f029f4f9602f6c3b33b1a3537c0b8cfddf95266c8f4a44e64b47a7bcd,dense_v1_train_x2.98_family0/variant_5,38,-0.4733411073684693,-68.9338891040288,-25.28008398625337,138.8165461252857,107.14930977443788,15.820906634903356,1.4311769485473633,-11.300495952783015,1.7998825311660767,0.046178001910448074,-1.6768596172332764,-59.48208891545755,-11.530120031300333,13.307065460865436,3.7454404830932617,0.052909109741449356,0.5300276875495911,32.22518084376783,0.7223231872192606,7.938907819003078,1,1,1,1,1,1,1
pi0_causal_downstream_000357,downstream,ff54c04069e4e7ac5dfef58ef8bc14ad1c219fec7aa4250d7691fd6ef5ce0253,d91aec995b7a4dbf7c03b564ef5acc0a7fdb0b3c984a05fa7ac0df372cd17d16,dense_v1_train_x2.98_family0,c673c7125915ab1a6c61da22a4da166564e07936abe63ab877196e6104d1ca57,d75921b9f3318e45927d4182aed925d17dcaed8fc3123157d51c42c263d1eb03,dense_v1_train_x2.98_family0/variant_5,39,-0.47772752285003667,-69.79466369417965,-4.973304913949112,140.5491465516645,65.65660724590576,16.052142688857632,1.4284232139587403,-12.450483771712808,1.7684377431869507,0.02159682661294937,-1.9590288400650024,-62.14188752166558,-9.29639630948052,13.638381715803476,3.7808804512023926,0.05363447964191437,0.4941026270389557,32.04836773672371,9.781833221718959,8.181101542857038,1,1,1,1,1,1,1
pi0_causal_downstream_000358,downstream,02129ddcaf400ccc9701c1971eae5992e01b8659b95ffaaa5704b5c089a0e8fc,fc28b976e4e735249c5b4779b2f6ff1778579259d74f736eddfdbac4a3efe3bf,dense_v1_train_x2.98_family0,b263ede5435e699c20edb0b8a5fd38b48bf364fa28331a309a9e0e8b4da8a0f8,778bfea15e8c4c5be42204b4c32cd26ed006db87b0fdd96eb51d77e131880459,dense_v1_train_x2.98_family0/variant_5,41,-0.4772503757476807,-70.474110422245,23.588404930739415,142.24381210739304,22.571090942548327,16.518297561747637,1.431045436859131,-14.85707135137767,1.7410818338394165,-0.006059924140572548,-2.439241409301758,-64.81964952539074,-11.46331821989667,14.46807553013619,3.8505136966705322,0.054005663841962814,0.40680620074272156,32.60658543721051,-2.2688146724544005,8.675230373569965,1,1,1,1,1,1,1
pi0_causal_downstream_000359,downstream,43b667df63a24838b0bfc0d2bc39bc6b9b38cc080d3186baf99e3dc49b56943f,a11a66f1b4237eec245d3488f3154d7a131fa92dd27e13f8e8b0f907dfe69913,dense_v1_train_x2.98_family0,5ab2beaacf1429c65a0de05f1ca3e5feb9cfa3f56a39ce338eb652994a5d1ee8,f4da1b949bf5b4f86ab22cfe00e9e7c92b2dbf9dd72fed7dd324c68adfecbf55,dense_v1_train_x2.98_family0/variant_5,42,-0.4755191278457642,-70.44719947691516,32.80165222481149,142.61869387017836,12.56570562929485,16.707271424028026,1.4335329437255862,-16.080515881013774,1.7372492551803589,-0.012438170611858368,-2.653531312942505,-65.33714563804593,-13.51002111695778,14.963161792124565,3.8850693702697754,0.0538942925632,0.35633113980293274,32.644113911605146,5.655306559650878,8.944759728204156,1,1,1,1,1,1,1
pi0_causal_upstream_000360,upstream,b4d3c0f8b88a0db6eecdbeb1ada28f7b4be61de6ced9800dff49026406f32d5d,2c41541852ea85f3d9441c0178b65771587625d6e54f126c157221dab824b6e3,dense_v1_train_x2.98_family0,79711210f1db1a5b8aa28d08c1c4c2289f5a9c834b3a698cf1d32ffb040ed76a,4b3050c02a73a4c3b38083ac684bc55d140d5c9249b8013653d3ffb210360ac4,dense_v1_train_x2.98_family0/variant_10,11,0.19874612092971802,-35.57822316016464,357.3214010707304,96.41494349371082,-961.3709822846388,2.369135097304206,-0.03811316788196564,-2.386049393364667,0.49152871966362,-0.016788341104984283,0.5107177495956421,-19.966843972407307,159.11478916867475,20.31507604459853,2.8359811305999756,0.00021127915533725172,0.12350726872682571,3.4590494136363463,105.14286657366577,-3.7107355311655414,1,1,1,1,1,1,1
pi0_causal_upstream_000361,upstream,6e3508ffbdecaf75251a440ad3224275755adb6a282d63cebf3195a8da3bfcb3,2534a72ab57a1a3aa02b31adf329ef8d2a13b00edb95e401eb163845a20a8d4b,dense_v1_train_x2.98_family0,39a91737a99d7b013f48a763a18aae45545175218cd056061257101d61b254b8,3aaffa4cb8d883bb3b6038010d61567e75962380d9daec69895f634bfb2c14e5,dense_v1_train_x2.98_family0/variant_10,14,-0.32302551746368413,-48.85471413298416,-224.04193904141232,54.45303087486092,193.025872435466,30.47889618629061,0.022876474857330326,-3.4107758485657222,1.6705106496810913,0.06288564205169678,2.734956741333008,-24.61756075940401,109.16763750436581,30.478301906929122,2.892421007156372,0.00231817620806396,0.2384018748998642,5.5277677179397,47.54617283141478,-3.2192306616554096,1,1,1,1,1,1,1
pi0_causal_upstream_000362,upstream,f13c13440b38baa77721e3934f2669303ac65aa571cac5aab3c4d2b15363bb7b,48e056cbd9bea74a0bff4eed10666ecb869dce3c5212196ab865fff16c7d2c13,dense_v1_train_x2.98_family0,95f444a6bd4317141f333c21ce8dc3354bb4a9348e31a2375df7cd5b134b572a,3b51723c769c322b3f586c077ada93be93be98582adbc6486e5999db7030a104,dense_v1_train_x2.98_family0/variant_10,15,0.06399807691574097,-55.22628342098724,-258.37474550831683,68.29570354873948,1073.0834799718596,30.005518598449157,1.079810495376587,-3.610067905460833,2.240992546081543,0.0970877856016159,3.389923334121704,-23.208120488320613,-233.2296772864817,16.614660552298627,2.932055950164795,0.003967569209635258,0.30097055435180664,22.57822849023099,201.02533534987157,-2.7020779160438426,1,1,1,1,1,1,1
pi0_causal_upstream_000363,upstream,77df04d444e7da0168fba8a8ee9785ac60aebea0203c6336b4da3b41f6d49b3c,8cb2ab467630b2fadd002a9b1bda7c27ca63150f448210999e2d0fba1c78cd98,dense_v1_train_x2.98_family0,c54b9c5729b1b781a297352c3ef0d48800ae46bb470f434906655a35854c1398,bab3348fb60007d3e89333ecdb19d4b329754d4a8da3b75aa31eb97ced9ba9bf,dense_v1_train_x2.98_family0/variant_10,17,-0.3562262105941773,-61.479318191039326,-79.00123277079075,84.55642369824804,-216.84395784497272,28.67179614611956,0.594951400756836,-4.1401040402183655,1.4031630754470825,0.030332162976264954,1.6319785118103027,-25.618526689816672,163.55930254462876,23.27065087017208,3.0050179958343506,0.006792887579649687,0.4039064049720764,34.811527595641536,14.393991883303647,-1.7730299191676235,1,1,1,1,1,1,1
pi0_causal_upstream_000364,upstream,5468b519f427f4a059dff84ac21a5a14e8e3131216c759ac1468ba6c59c73759,91b9d1840988bf9eb613788727167e0ba9da40837b450d8065eeb6784370315f,dense_v1_train_x2.98_family0,1b871d87415bb90f612c5cba025df3e9006eff14cd05a823739c9103a1f3006f,4378b98796f8b43ec262c6940871ced91c2f79729550e9f3492d8127b083dd5b,dense_v1_train_x2.98_family0/variant_10,18,-0.4013600540161133,-57.98473386447234,232.62189973337726,72.4109061840505,-930.3836707750982,31.297255275364204,0.5288349008560181,-4.472224087497936,0.9453709125518799,-0.03510323911905289,0.5011986494064331,-25.76327205870758,217.6418195626786,30.362960502415117,3.027796506881714,0.0065391152165830135,0.42172837257385254,37.43573408608463,-35.03699214014366,-1.427107566174328,1,1,1,0,1,1,1
pi0_causal_upstream_000365,upstream,f8919e7808dfc5229683c68a7939ea9c487f93f1966ebf66059e8cd4b46a7a9f,cafdcb70cfd872bc27e1667f4434bf55cd98f174f22e7654ce726ab2ad5eb3b0,dense_v1_train_x2.98_family0,78dd53bde3b1c14c4e2dd6b15ff333590d2c5ece5378fb7cb166f9e6fd4d6d9d,72c91cee5cae30e04987980566a0c5510c095611d08c75d0143f8ced9ede9e79,dense_v1_train_x2.98_family0/variant_10,21,-0.12130442023277284,-30.98895075494137,316.66065656424087,37.37829219516482,-422.3589268004554,25.0120547106928,0.8845341300964357,-4.462075893024201,1.3542276620864868,0.012563101015985012,0.6220486164093018,-18.468406336438644,-73.43992882402628,37.689601972250244,3.1004486083984375,0.005643306765705347,0.4528266489505768,30.904877956447685,53.79594618613818,1.320460871446822,1,1,1,1,1,1,1
pi0_causal_upstream_000366,upstream,bb33deb564b5396e9fef1ca1d813df005c349410752eecfe9164bba34b45caec,38aade252a84677cd887482bfcbe3b5e0e9db6800fca9bea36c6da702d482cdd,dense_v1_train_x2.98_family0,85fa23726d9c7b4865d96a827dee1c9eee8f80d1745e583dd8c36ef917e4ae88,895e5b024dbf2f3fd4e3546af3f212e452a44e40e3cf4d217e7bc20f245c1108,dense_v1_train_x2.98_family0/variant_10,22,-0.1373107945919037,-23.86959186603779,378.3023761631756,25.994033414911048,-587.648657771307,24.161789911742225,0.8657582664489747,-4.414660144110076,1.3063985109329224,0.008017069660127163,0.47944173216819763,-17.5815489613948,-58.080650210986825,43.154692459271324,3.126232385635376,0.0057642157189548016,0.46325379610061646,31.93027376597419,1.580944079986595,2.3019298857028336,1,1,1,1,1,1,1
pi0_causal_upstream_000367,upstream,f6ecdb1a7677d67535f8a15968c6458ed60450f8ff1d07001c6f80ceb952c742,4a42ec96bbe5e586284404c63019debdd5596f1331dad8d8e83921d6c2bad84d,dense_v1_train_x2.98_family0,d5096651cb8dd79c5fe822eb14f8e35a8a4e5aec8e00bd9d8e619058517e63e8,23c85b14d53946277fb901fa88c27a4c1f1b00fcbb4af500aec05b70695ae6be,dense_v1_train_x2.98_family0/variant_10,24,-0.009860554039478303,-17.725117830201178,219.2714890382653,27.104944900393402,38.57505062077777,19.248820487728494,1.019595766067505,-4.248663113424846,1.669711709022522,0.06245097890496254,0.391813188791275,-13.238223130447231,-184.05015692261216,36.47346629996196,3.1912474632263184,0.007950247265398502,0.4861544966697693,30.809805138295694,24.749675400972276,4.380155890185575,1,1,1,1,1,1,1
pi0_causal_upstream_000368,upstream,296736c3412edd9c3743f535a7c37c361c18a8dcc4f2b41a0386997c5252aee0,bb31fc0990ad5cb4b6e366c1c60741a0ea168b0199a582ef2596d7b45ff4406c,dense_v1_train_x2.98_family0,1f0dc6c34a4ace4c59b3bd6d0682b04797e1b1dff42b17d6fcb5266441cc9a22,891cc750217d996061dc8fff578cec440ef0417151bf1a4433a4deebbbccbaef,dense_v1_train_x2.98_family0/variant_10,25,-0.10793462157249452,-17.277429665958106,109.88131031036211,29.92977624487457,22.33197284989535,17.988402325230446,0.903754529953003,-4.207186957739125,1.6632579565048218,0.0719555914402008,0.3217572271823883,-12.358435001194351,-89.22319142979428,38.76933535171879,3.2253243923187256,0.009542599320411682,0.495728075504303,31.380409386842313,12.676739745763516,5.306350074081673,1,1,1,1,1,1,1
pi0_causal_upstream_000369,upstream,b585bd1c63db7ebe729c2e7cce917e93aa4b031bf4515548bdf273554e07fa27,4763ce21f5a66d495d95017bde26197d6e0ab90245986e31c104c6c92c1d4e57,dense_v1_train_x2.98_family0,e7cbe27519a0f7e5085431a7f2ed5f2b3d334c58b7bff07bfd7d5f7da3cf99a1,47f8e3636a5ff52c2f8bb1dd0a6b1a1cf540fa840e50b510c3128731b0c4c68b,dense_v1_train_x2.98_family0/variant_10,27,-0.036855821013450626,-17.489426784964255,115.5195495079376,36.48595188576475,189.37229496539945,15.985995061550499,1.0818152141571047,-4.1562921041174565,1.8038511276245117,0.10450078547000885,0.0712069496512413,-11.477668447342866,-160.74031954962442,33.39783553179981,3.2949626445770264,0.013321508653461933,0.5070720911026001,31.058184967463205,28.65794379499942,7.073759613737564,1,1,1,1,1,1,1
pi0_causal_downstream_000370,downstream,c627f913391e26bffe7ccdd117ff91e4c54e14ef666e481e98f6723f69034bf6,ee36b7afca027270ff3e3fe1c108dab52b2e27dbe0cbcb427489e0e72e2fbbe5,dense_v1_train_x2.98_family0,858c0454f90aded53d99df4e66cc0f9e7205affac524a6e8db445af7c91d3403,77444b3d1cdba4b8e6d892142d268b8a54eccb86f1daedfcafbc35ed0b503113,dense_v1_train_x2.98_family0/variant_10,28,-0.17499182224273682,-18.840605542427443,6.174967842272959,40.4132594321033,89.52152726255126,15.71790474936983,0.9256994247436524,-4.16343527946802,1.7306169271469116,0.09938646107912064,-0.061307959258556366,-11.366537000678528,-32.938846819574955,36.05893870413931,3.3304734230041504,0.015536659397184849,0.5093010067939758,30.62266137013193,32.92618023375916,7.867899251749801,1,1,1,1,1,1,1
pi0_causal_downstream_000371,downstream,812a5b40f22a0055c7cfbff50287d0accff8dc7b5eef853786fbc47956c59249,484527acb7d8aa9a66704471ac5ee4614d52603e69f0e7866c50062d08d77af6,dense_v1_train_x2.98_family0,56d254bf60e8d56b9aab2b8366657a3707862983fda63c483e8cf1e51470f275,fde5a9d1dae20f4ab4bce3663b9a590036e235f6d57d751d480530827ce3d0ee,dense_v1_train_x2.98_family0/variant_10,30,-0.7158823394775391,-28.207339139980753,-502.3639105112929,54.75313914170753,-147.5405418464679,17.856676757353366,-0.3825254440307618,-4.299845007532886,1.4730950593948364,0.06678586453199387,-0.2569601237773895,-13.014882774776984,465.95539589524316,43.71701168835472,3.4056828022003174,0.021448038518428802,0.5122293829917908,24.971345775390454,45.02836361276756,9.145579441812645,1,1,1,1,1,1,1
pi0_causal_downstream_000372,downstream,f040c2f78195edd65bab84da130f37ab466c419a517f91a25d8adcff29f0e72c,2220a90e88d42a9df33f64c57b7d3df4c0fffc45dbc45705fd933bdbea460608,dense_v1_train_x2.98_family0,17cedd7f08098109d3a8f121a31abcd817876014f8f42cfd74dfaaf8bdf3dfd3,6f4bb3d04966e28491fd3e7ac509330e4f4ead2a92862cab8c92720e3ab2c7f4,dense_v1_train_x2.98_family0/variant_10,31,-0.0029150455445051196,-31.518792434521355,-106.66904502294844,58.850876983310826,626.4813431275776,19.06623234239816,0.3776638507843018,-4.3684631045501465,2.1237831115722656,0.21513113379478455,-0.0984463021159172,-14.839605377586325,-156.267788737695,24.71951499314479,3.441645860671997,0.02403487265110016,0.5060259699821472,13.299627384859292,-3.0614498013413294,9.808059432718002,1,1,1,1,1,1,1
pi0_causal_downstream_000373,downstream,68334d6e5636a0f453d22703094502e1174d8d2866b48486c2199a79bc40ba4d,89d2f497c7f910a017e505fe2928c1cc5aa8dfcb1a6c5b4bb4b69acdcd30ec8e,dense_v1_train_x2.98_family0,60d665000ac1dc5744419c7fde6da19ee080721bfd68c347d667f06cc6a8da0a,a4a1eb04b8a2deef70be3b1e6a49694c3f9c02c2b3df492ed73e3ee29d357492,dense_v1_train_x2.98_family0/variant_10,35,-0.20545767307281496,-58.03406832084734,-248.39605769698164,120.05786870195257,480.4244139914848,16.5135413235827,0.16720010519027712,-5.550456694190714,2.1037895679473877,0.233539417386055,-0.4222109615802765,-32.437654368468586,16.03271989727708,18.57011980601118,3.6254374980926514,0.047925710678100586,0.5204786062240601,9.706672112544846,4.798748757538858,11.743711353737845,1,1,1,1,1,1,1
pi0_causal_downstream_000374,downstream,6f8656cec37d868e11873e771608ab8e8c78786b56ee698cdae832858952be12,49c8d9451b7928278022d85554e7e5c2d1bb6aaecfd0529d0c9f26eb8bf304e2,dense_v1_train_x2.98_family0,d4d78fd359fbf4c719408be99ca36aba2d7cd068d6e6b39891529b1eb781ed2e,b0720315213c93014b2ccdccc4bc3c6b020beebcdb95a2739ef02ca6f7b918aa,dense_v1_train_x2.98_family0/variant_10,37,-0.22916579246521,-64.33719228317771,-140.3888010307093,133.6108218267121,225.56486632065005,16.797742755813886,0.1421798062324524,-6.861142453330227,1.8805575370788574,0.12731453776359558,-1.2917896509170532,-43.20594961389769,36.52279734124238,19.420261499171623,3.7050960063934326,0.05499241501092911,0.48446300625801086,7.71220052584047,20.16637428863089,12.499926210830509,1,1,1,1,1,1,1
pi0_causal_downstream_000375,downstream,11896f29dac496d9f94c98581f79a2c80be6fff5b20e106f6d602f279c1ab802,41fbdfb0bbd04901bae63c9e8d60c222cb147e8b3869202009a29058f70f8070,dense_v1_train_x2.98_family0,b1fb0ac230fca4f3f11cd18e25a14156f23d830cecc7f96180dcd2436554dff4,920f37ab4266422e8415bcdb39ae91f787dfc0005ca6a213171189e6b7fac4e8,dense_v1_train_x2.98_family0/variant_10,38,-0.23472297906875614,-66.03605157505665,-102.69561662423936,137.2384855590676,147.0596009062506,17.143314473508557,0.13731340646743775,-7.660987160674936,1.8111566305160522,0.08869406580924988,-1.650099515914917,-47.010067868365894,40.524714458979574,20.10055517069406,3.7421669960021973,0.0571029968559742,0.45432648062705994,7.825848897213959,-1.3959221527771775,12.863981831585125,1,1,1,1,1,1,1
pi0_causal_downstream_000376,downstream,03b0f33e443d86d77f0eb9a0346495e41c412e91f3743c417b8912e39ca865fd,7c7aee9f630303a4596672759d4523b7e2d8d89919ef77c4a2b2513e11d170f8,dense_v1_train_x2.98_family0,b2bcdac6cf8940a9efe6008120f449cc367ed2a577b6c7e980ce8e685e80d38f,33260f084bb7b9203654fdba207d8f445a24eef03d02493a205dad0349ab83cc,dense_v1_train_x2.98_family0/variant_10,39,-0.23433019638061525,-67.06880349831926,-74.07964434168967,139.55740308417865,93.51528230423028,17.546529750843614,0.135932275056839,-8.52071835553178,1.7650444507598877,0.06031684949994087,-1.959235429763794,-49.63155252842473,41.65138831351903,20.70758481808436,3.7781007289886475,0.058540161699056625,0.417522132396698,6.419234190012832,18.66457449204329,13.233761962774517,1,1,1,1,1,1,1
pi0_causal_downstream_000377,downstream,8f9b2a0beccbbdd16979bccb435fcae815c545bbde235a268e9a9a86d161179c,655ff7995ca61add1f52e2f64c0b39d9c41fd0540279a733cea426276bbbffc0,dense_v1_train_x2.98_family0,5f26a915c0515801d8782052b6383372f01be9f45130f9cba2c5eeffc29ac8ea,4516da26a00bbe427c78f27985a50cba3cced22a16e09dab1918cc6e1cc911b0,dense_v1_train_x2.98_family0/variant_10,41,-0.1764809250831604,-66.30263385836224,37.631217515224975,141.79575169784022,34.81236770890945,17.477398388791872,0.1957593035697937,-10.287631658843672,1.7359846830368042,0.023293593898415565,-2.524733304977417,-51.68345746831245,-7.3030132841751145,22.88177746487199,3.8483095169067383,0.05998960882425308,0.32608988881111145,7.177443671379016,-15.263107841978382,14.15357529473293,1,1,1,1,1,1,1
pi0_causal_upstream_000378,upstream,822c46c0db6a1accd4e6f47da212328f77295acb86c574a2566c0992b967b84e,feabd7d73b628879c999245ca98d1b7ac1a5d14689ae202897da0927c5240217,dense_v1_train_x2.98_family0,a3b7efdd2f1314fb5fb9210ba5a800916d1685fd848bb5b4c6ef7669ec546162,c8476c14d19100114e36a24437f87dc3aed5d25e3fdd068165482a10c107d35a,dense_v1_train_x2.98_family0/variant_15,11,0.20027179002761844,-35.56055004568723,356.991229726252,96.408161115865,-961.6003673577244,2.3564016721189245,0.530820827484131,-2.386010337762352,0.4940226674079895,-0.016963457688689232,0.510560929775238,-19.9724037463917,158.96636915801037,20.34045019736513,2.8359951972961426,0.00021109105728100985,0.1235145553946495,3.457919017328709,105.526060676671,-3.710042819072957,1,1,1,0,1,1,1
pi0_causal_upstream_000379,upstream,8a566c83f069e6983f519b1ebf871bbcaafaf95dfc918f1f17bb99fb1b35d6f1,1097add6c513a094b4548fdb0c276282b243e5e7a91180979941205e893a44b5,dense_v1_train_x2.98_family0,74247c60c86376dd3edc12e7635b03c99179ad81586f24a536d497f99f60ff61,689bd1d39c68dbe43e55d973c097593f467e59c40272cefde91cea88ab7e5187,dense_v1_train_x2.98_family0/variant_15,14,-0.07637416124343872,-49.622656207030786,-215.56652122488356,64.94698474208728,479.57195174155385,26.747373822484537,0.7450612449645997,-3.3659554207748426,1.8505141735076904,0.07082291692495346,2.9809746742248535,-22.081815463996342,-16.36657100617084,24.23929463788495,2.8987178802490234,0.0024703117087483406,0.24614553153514862,9.26024924084552,212.26717102555224,-3.1716638434316504,1,1,1,1,1,1,1
pi0_causal_upstream_000380,upstream,3f0881b29c9fe24bb21e2b99535654a1e4688c993d78bfdffc7f303e3076438f,42bcd54ccf9d79642fbea0ba7e624c070ef2307f44076ded212acf34874cf96b,dense_v1_train_x2.98_family0,19b1200d2df699c062768ee4f0d4590ccbe704aaffbecea64eb35d8be4533436,958ba2e4d35f42c8c9260c46cfe51a698b2a8517006d719296365301ff83bade,dense_v1_train_x2.98_family0/variant_15,15,0.15930618286132814,-55.49580268563594,-208.20594054506265,81.50852008302155,986.7282508236078,24.809551690164778,1.0062054729461671,-3.5759028097501733,2.2423596382141113,0.09983488917350769,3.511958599090576,-22.930676496687404,-230.13543766792583,15.465209724424474,2.9406161308288574,0.0042930287308990955,0.3137950897216797,24.962172831335124,116.17750163068493,-2.6552061747764917,1,1,1,1,1,1,1
pi0_causal_upstream_000381,upstream,b1d961674c5b761e8d148bca68b7c6de33c284124112ef67eda46995d7f1a532,6e48a84a3f0c0cc7f33b33f016ce96b8686d773e17d2ba6c7d3ab7502d489feb,dense_v1_train_x2.98_family0,eaa60a54d6d81265b3946ae9c8ed31b84d8ce8d67db74cd669020f4c868951a1,c372911a0fca3d7fb42454b0d4f4e18a84186e656563db76f4799ebc81266a42,dense_v1_train_x2.98_family0/variant_15,16,0.1163087284564972,-59.47635155655475,-141.11495942250835,99.67629052050022,802.3759809736276,20.813177352999723,0.9682748985290528,-3.8428024339448137,2.170624256134033,0.09998250007629395,3.296034336090088,-26.320345702508405,-199.0833896254319,14.369351975872826,2.984903335571289,0.0063599273562431335,0.38304707407951355,35.394026618627734,-80.09655605703983,-2.092754103691132,1,1,1,1,1,1,1
pi0_causal_upstream_000382,upstream,f4905d3b157ef9590da667d03f443b201f29209789c379d13a32651e64fee9ea,d907ffdc8186397087a7d6cde0f73ebe4059ad5afc8fd67b3a739b4bfc7f228e,dense_v1_train_x2.98_family0,4ea640656fcd1842a7625f0a6b5c6903905d2b417bff566ebcd3607e0ce6bea0,852c261ebd107997632a67e34e2bb6e301b1a1fad80aa8ac1b569cc7f22a9623,dense_v1_train_x2.98_family0/variant_15,18,-0.2285581684112549,-64.38749662641486,-53.737240710221926,110.62289809949624,-219.87443081743734,20.866795231260582,0.5492564296722413,-4.756502937561299,1.3478766679763794,-0.0008751148707233369,1.291441798210144,-29.05620188021911,143.917522642748,19.013421281259813,3.0547399520874023,0.008554505184292793,0.4761373698711395,34.77878708385508,-9.891117102212808,-1.3993519386991755,1,1,1,1,1,1,1
pi0_causal_upstream_000383,upstream,16393450f3d20f8b1c2b58b4b4cfdc191d5de9074e2c0c46bc50923df5043f41,30716e5d309012effbf67e2fa402e843a7ad7f0f36d2d8740f579c0cf59b9cf8,dense_v1_train_x2.98_family0,fdfc13cda6dfbbec4c08d290b1e57a6967bd0bdd89fcc8ac39a8910b92e611e6,7555e19b9e73ed4bc321bde32a4b312fcaa3ac972b50f49d64e9dddbdc4cc61f,dense_v1_train_x2.98_family0/variant_15,19,-0.11406868219375611,-60.859533165374025,217.9128414689447,102.9184583761002,-443.344819629103,21.73853274223665,1.2293370819091798,-5.184954043464342,1.1974562406539917,-0.043546147644519806,0.5535299777984619,-25.606906830491187,32.0405574154078,19.823281933790103,3.0794224739074707,0.007843123748898506,0.49119436740875244,34.55174818074927,4.900773854492277,-1.0749417414378772,1,1,1,1,1,1,1
pi0_causal_upstream_000384,upstream,b1c93aa68f08d3eff9c80f65abeff69e205c1559b3c585733bb330701a43702c,d8229e11632f0115d5f5336ad276ee5093760bbd5eb017c2c8e2119db26fd0cb,dense_v1_train_x2.98_family0,2e934dd796dfe70f0016c4351bc57b3f59b9ffb85c77022086c6cc8ffa6f1a3b,2bb3809d79a2721a9a37c27478f0075f74aebc1423f2d261629efac53de797e4,dense_v1_train_x2.98_family0/variant_15,22,-0.14432690143585206,-35.50291690947066,346.7865992571728,61.224374550079425,-788.2714217714979,19.995696651680227,1.2022564888000489,-5.701030727931423,1.0254549980163574,-0.053475961089134216,-0.09115895628929138,-15.220637725719243,54.22771659452054,35.592143085693124,3.141883134841919,0.003509887959808111,0.4884593188762665,27.852920623948794,36.0278954943616,0.7910665549202591,1,1,1,1,1,1,1
pi0_causal_upstream_000385,upstream,246f14ffdf7e740f30cd3d7917ee5b9d07911af4d3266d01a53c4e0b5e69bdb9,9ce7f6699162c5149dc914ab31e91630f5db2997595e93d44f5c6a8559340c47,dense_v1_train_x2.98_family0,a0fb5b2aefffc927b06f8fd5ac5bf6cecabf2e92144184f1cf296d2a2b41a802,9402442c29136e8d12169e45a0a918369e636baac92e06accebacbe9dbfb1ef9,dense_v1_train_x2.98_family0/variant_15,24,0.018522348999977113,-25.894819794574733,231.06385162142732,42.28640807612804,-193.67887950125424,20.57651805868793,1.3866596412658694,-5.721261176350981,1.4832924604415894,0.028546256944537163,0.18977944552898407,-13.787436934060665,-96.68500917349313,37.454155106276154,3.192671537399292,0.00334980059415102,0.49452877044677734,27.81261567765655,-0.5969732076936594,2.380770543284023,1,1,1,1,1,1,1
pi0_causal_upstream_000386,upstream,227e5ad4c984b5973f3737e809fe9b07f5c812c2b33dff8a0eed245caca60649,b73b4678195a2aade2206f9674b5cd728c5fcaf05431b55c98b665ca55985415,dense_v1_train_x2.98_family0,5867249940d192521570f2d86a34de84990b20baf965b090118e43e17a2a860d,af065334787e48aa66ffbb1527c59c27b419385a50ac985f4dab6550a91708e5,dense_v1_train_x2.98_family0/variant_15,25,0.1123471224308014,-24.07024404083255,165.30772168912532,44.61034237518444,148.7624626889832,18.47787656886458,1.4902606773376466,-5.655155641236933,1.7143360376358032,0.07123410701751709,0.23169516026973724,-12.385152139906502,-181.50073417339155,33.11739137957367,3.226076364517212,0.004714643117040396,0.5015435218811035,28.651031643559367,-5.149402558677673,3.356147223085023,1,1,1,1,1,1,1
pi0_causal_upstream_000387,upstream,f38e1df7b04d83d5f2032ce4cb3a62f19fcee6d8eb6862e75a4133c50d8a4c22,8f648b9bb4cecab5bdfbd52e74efe5c6fa6025efeb21d2422f9094fba243851e,dense_v1_train_x2.98_family0,7e2e25cae98355045ed456585899a687917bfcf8e2f426463e514ab83d71a042,332e1bc8e9fe40ca782757b35352d0d118fce89afa3cfdfb87cb04c943080980,dense_v1_train_x2.98_family0/variant_15,27,-0.08899069666862489,-25.626304567734024,-41.770851737197134,51.15759095882942,70.47070898803834,17.68008556392777,1.249357032775879,-5.641707059073151,1.6414872407913208,0.07908965647220612,-0.02541290409862995,-11.688479674754372,15.660594115821858,36.269291455102774,3.2939720153808594,0.008218723349273205,0.5098745822906494,30.814917534889446,-4.027774079500744,4.940070675133159,1,1,1,1,1,1,1
pi0_causal_downstream_000388,downstream,f66d7eea68cbc274d1f4bfc1c1afc49dce9660994a20e9985c88e4c413b936c8,ce042db1476dc6050003eeae9aed69f7587fbdfd2151478f0619f31b0d56822b,dense_v1_train_x2.98_family0,6de98e12f20dfb267aa8b936d5967e2c8a1fef57143e2c464a16c1d592a4b46f,ae52c3c002f008bca4011bde873a8ec736e4f8c696569fa9417f64f5f2b0cd62,dense_v1_train_x2.98_family0/variant_15,28,-0.02671426504850388,-27.24798101444452,-8.92889883496163,54.45890142245255,152.6946025941595,17.943671010139482,1.3208848381042482,-5.660880640675279,1.7147400379180908,0.0934026762843132,-0.1698867231607437,-12.090234816829106,-42.91882895175786,33.166814628407884,3.328054428100586,0.010141141712665558,0.5093844532966614,31.196236750967504,2.432933872926052,5.651347978927292,1,1,1,1,1,1,1
pi0_causal_downstream_000389,downstream,ce67531b3e8ec5b0aa3245616ad13fedfe50ec9037584fc132de05d8f5e3ffaf,ec201f744061b6aca9e37d01d4c5bee17a29fdb0bb8af7c1eb8aa72b197270aa,dense_v1_train_x2.98_family0,5ef146b307dbd2130802111ad48aa806aeeab4f030b0d5a6fe426da0c707abd8,ec7c3314eb1e2c39c906d1b73aca51771cf36a18c2a66cd8c504ca55a3f44081,dense_v1_train_x2.98_family0/variant_15,30,-0.15830682754516603,-33.54809969354009,-225.36653128753122,71.4426585673095,309.4575663863021,16.776893004659033,1.1878552246093752,-5.762287952081326,1.8308192491531372,0.14538657665252686,-0.19473208487033844,-13.503041517399673,65.96012036205362,29.28474342494232,3.4046618938446045,0.016402749344706535,0.5095995664596558,27.715570642381714,30.254367324801084,7.032868008242503,1,1,1,1,1,1,1
pi0_causal_downstream_000390,downstream,2a7b7f17e7c353163a5247f453d633a974fb0da04b482e322bdf550cb400a942,23fde1f11f14461a9a72ff74b8092a53fcf63994afbbff9e63700f57167da3c0,dense_v1_train_x2.98_family0,c1e89a0940b0057f28ea6f27ff6d468b130eef99a100d84c294add1cb8a33c18,b944ae767ffa12c191a0d70c5787a663408c7f99742523ad49992e067487990b,dense_v1_train_x2.98_family0/variant_15,32,-0.15479267835617067,-47.24623190420284,-332.94918241386057,96.07102297843318,548.2587929033033,18.33591318138987,1.2029559707641602,-6.160287780497854,2.0831472873687744,0.23749062418937683,-0.027745867148041725,-20.103744869036458,53.57199794363181,22.49576932392872,3.488952398300171,0.025987587869167328,0.515260636806488,26.5372981237574,24.612448362810255,7.919040162759252,1,1,1,1,1,1,1
pi0_causal_downstream_000391,downstream,9b172702444d2c8ed64ae94e4c613c478adad0140f1d33feb55e4ef1a2b4532b,42aca3392adc659145dfca87d8d287aa83fb08b9dd0a49d46e26b7258e68f21e,dense_v1_train_x2.98_family0,297a183c5501481d622e7df0f9fe14386b60bb5f4b6ba8206e6b66cb45810e44,68e0f3fb5eb1562cf400b3eb745635e43b07f475171cda2a19f0a83412c2009d,dense_v1_train_x2.98_family0/variant_15,33,-0.06019166469573975,-54.01720674920616,-244.01861677867714,108.51437772157828,608.9469907733476,18.97720913473874,1.31094482421875,-6.491997113905478,2.1819944381713867,0.266625314950943,-0.08657369017601013,-25.21180087757346,-34.82707993638166,19.283936045980045,3.5322155952453613,0.03134564682841301,0.5161203742027283,27.291584942105878,-2.0990876732307573,8.28969889634419,1,1,1,1,1,1,1
pi0_causal_downstream_000392,downstream,e2f4d33f91afa90b00d242fcfc3258cca4f9e1a36a4fdef51fabf8b966debf43,771ff3ec894d14f1e51b59255819f869d6dd487c90b2f0ef47de0aed7e017d9c,dense_v1_train_x2.98_family0,5ce9796e1b2e26f306063e9ce87a67ed8fb4e5a74a0103d7834e3d8ca22e70c6,280c65a3aa5d79b9885d87a2d1adfec3073ef2dd8c1323ecb6edb3e138b63f69,dense_v1_train_x2.98_family0/variant_15,35,-0.08579700708389283,-62.45935471428777,-121.11432138163512,127.60875211242839,337.0449463307937,18.84673837044617,1.2865817832946778,-7.447694702989288,1.951291799545288,0.16912320256233215,-0.9107312560081482,-36.04018983486762,-14.899965466829022,19.11540795839915,3.6148595809936523,0.040308788418769836,0.4979914724826813,28.81840542917053,-21.584070550873538,9.11875812589811,1,1,1,1,1,1,1
pi0_causal_downstream_000393,downstream,fbf83823af358d4127581f9a7bbf5360508367eeba2842202700aed195acdbb3,3838641ddedec90a48018de439f21c1429a8622c0dfe70d86d780c48e1a2f6b7,dense_v1_train_x2.98_family0,a852052671d359868356c02ca824f62d5ae4bce1cd47ec610585581520919273,770145f471d685038709979aecde2379b5eaf07af8ac8b5a20c4a6d81fc4ef3b,dense_v1_train_x2.98_family0/variant_15,36,-0.1007074785232544,-65.0773593929645,-78.42427303122143,133.25122602728928,227.61750209077897,19.175175049533937,1.2704730033874514,-8.096400436742574,1.8478227853775024,0.11943329125642776,-1.315125823020935,-40.749250097754576,-1.7121575634712405,19.596476964663367,3.6526453495025635,0.043223802000284195,0.4762200117111206,29.848319408832996,-16.532520697340054,9.48592825316938,1,1,1,1,1,1,1
pi0_causal_downstream_000394,downstream,855bd665ab9ec4e536b2d7d4bc96e34e651ba101e7e96dc88d0623b9c63768fd,0241e03b8eb474dc2a9ded2c52e446e39e79dd3f56829e4ce880aed3993aa7a3,dense_v1_train_x2.98_family0,6879e246e3aaf593d2593b90523c440a124bef426bc7bcf299deddc2ffb965f9,552c33381759aa0f4b38318cc021e793e4f89590b8a07cedf5529ee028d26ba2,dense_v1_train_x2.98_family0/variant_15,37,-0.11010505676269532,-66.86589223845652,-42.90465972432467,136.99985240984572,147.77946186363494,19.672940109521708,1.2618685340881348,-8.831293557295016,1.7717987298965454,0.07913599163293839,-1.6720041036605835,-44.39906413358844,5.3377211193786795,20.111451029967526,3.688631057739258,0.04523415490984917,0.44678837060928345,29.88585129832222,0.24760065399360331,9.837867379720848,1,1,1,1,1,1,1
pi0_causal_downstream_000395,downstream,bbefed2c0c88cc0a9bedbca4467d467a2640c65db083d7973f89b97a69c682d9,861f19e6c02e9bc8978b21f76011978b855b5721a59057f5b2cccb4b39787750,dense_v1_train_x2.98_family0,54e9cd6cd623d0aff0cbad98975ee6e1a88c6e206c2715a44eba6dc566a3a3a0,e85802195e5bfb771d863a72077fa4eb4e6abcaa5181b5ce8aceb26b0a45dd24,dense_v1_train_x2.98_family0/variant_15,39,-0.11622338771820069,-68.56257953017939,8.41673795382187,140.90754023779343,56.49734747458076,20.82226399594968,1.2597120094299317,-10.455468704982644,1.6875438690185547,0.02746232971549034,-2.2551109790802,-48.49197986163771,7.126131021465649,21.3777885926554,3.7572295665740967,0.04733510687947273,0.3687213957309723,28.90480049198202,15.328064648532495,10.540223294661876,1,1,1,1,1,1,1
pi0_causal_upstream_000396,upstream,244511caeb7362d02285e5731607c2586a1dcaa813bfdd890798e36dae80a6d2,a4dcacee08fbdd4f30bee71fff899bd22c44636127caccfc3527ecc74074a31a,dense_v1_train_x2.98_family1,cdd181404be08fb782cfdb23f2dbf47bb5ec4997ddd96559f9e56adcf28d3e98,868c488becad9ba2c68d226a5bf1b89ff9e80b94c5664cb2cd8b31bbb50697e1,dense_v1_train_x2.98_family1/variant_1,11,0.20323107004165653,-35.55785553605966,357.00647470847946,96.40951349332066,-961.3126251483701,2.353296856923333,0.5305576038360597,-2.3745416669859667,0.49480316042900085,-0.010073311626911163,0.5109832286834717,-18.476600855895366,158.81383737346565,23.47590830001472,2.8360085487365723,0.00027155509451404214,0.1235123872756958,8.876914265188663,26.55261311542386,-3.69872883911502,1,1,1,1,1,1,1
pi0_causal_upstream_000397,upstream,59a126ab83214d71e2132b2fbc95a728a8a2b9ea1a5098173d7eada45adf6bb5,0e79aa361bc7c1aef19821f2250703819ccc0e80e8af75c9ca459d642fde3445,dense_v1_train_x2.98_family1,d72e9a75c96ef214ec8823fa5d0ca39cc1ea61878dc00aa295157f75de2310d9,9ebe66a280fac10139ed7903005ca057c7bbf14356ea3ad5bc600986a63eaa46,dense_v1_train_x2.98_family1/variant_1,14,-0.33569509983062745,-48.83177152756209,-221.78516257737007,54.2541016152843,188.58687785236134,30.472593557701064,0.5915542602539063,-3.8238163600511013,1.6660131216049194,0.037080321460962296,2.732862949371338,-22.238689541305902,108.92688699650121,9.826540224931277,2.892331838607788,0.0011046257568523288,0.23840567469596863,12.273207900730933,88.85879400738493,-4.2082749202369705,1,1,1,0,1,1,1
pi0_causal_upstream_000398,upstream,d87c3bf90aa9b44cc764a2f3c034962d3330fa717ff2246ea9174c0b32cc97cc,2510f8336045d300ac3a5acc9d5b8349a6f3a913f056a3ee542850aec5c39482,dense_v1_train_x2.98_family1,399c82c904fdb714680d723ff7ffe79add9831fe351398abdb7198142c3026a7,44416c253271b1e856df38e263a818f2835d2353113a78d055c94db3e6047f3b,dense_v1_train_x2.98_family1/variant_1,15,0.051511580348014833,-53.99831103086732,-228.37298931487408,67.72834022495402,1063.2771861351755,29.17350272714421,0.30641519069671636,-4.185483396093037,2.229050874710083,0.06266029924154282,3.350083589553833,-21.916629046466873,-251.06007736009673,-2.2169487772182626,2.9316465854644775,0.0021066695917397738,0.2994363605976105,30.695997111250357,246.72233350124836,-4.09642684681468,1,1,1,0,1,1,1
pi0_causal_upstream_000399,upstream,486a82eefc9dbea43b434a83b3d6664d447aebc3155764db3a980c4ca921bf0d,90f2cc71107d9ab5d2a5081ca246dcdde7825b980d85a660660409b135aad1e7,dense_v1_train_x2.98_family1,2329efc8d31d2a7b33f384e601a582a78163ab845c8e6344a95de54582913505,9edb3aca8589999fd77dbc0fca6fa6a040ae81260a7e819f269d30f362b6e887,dense_v1_train_x2.98_family1/variant_1,17,-0.27477551460266114,-60.95133773800817,-107.12739169739132,90.59890764185073,6.357110631303804,25.645796269187503,0.47232028961181644,-5.058427133348572,1.54933762550354,0.010414090938866138,1.9222933053970337,-27.784678496403902,92.15160771568057,5.009151027373808,3.009162187576294,0.00399608863517642,0.4113164246082306,43.372449135295085,-53.53399477108986,-3.790636124017532,1,1,1,0,1,1,1
pi0_causal_upstream_000400,upstream,025dc7d2ce29f33bc22f3d822543324bbaf660c4e61586fcffb78848c6b1e399,a3b721bb9b0cf3c7e98e7a0e73eec245ec89522d6dcb3ab1fd788461a2745de6,dense_v1_train_x2.98_family1,d4c85d9be8ed1043247f2fd563f9dff7f35082c985509a362b9b5790fdc8c1b6,9f4bc5195f0b1673085c5289ac3f34a8be136994fbedc28c26c7b070975b2e20,dense_v1_train_x2.98_family1/variant_1,18,-0.49481002330780033,-62.45399984597848,-25.52376976791379,84.25948122408174,-660.1865781531629,29.692656317678473,0.3965004301071167,-5.725174963703906,1.0908259153366089,-0.0430336520075798,0.8887551426887512,-27.251213401469226,307.69955765621086,10.859246898190634,3.035482168197632,0.0036892364732921124,0.43940526247024536,36.456175676078075,-153.79870267349207,-4.02953782753378,1,1,1,0,1,1,1
pi0_causal_upstream_000401,upstream,76ee621d32abe428e640a9c48356bb13f25937a619d74e1aee0e8c955b0a4314,8ea9a63f6f962bc7a80551b116f4b55e6e312860c2def053e238dc00dea2538d,dense_v1_train_x2.98_family1,939fc1f75ef498aa5a019d83000871e0c8f58eaf0f3c75de06e837712909508a,e89594c396e452fc22ba0beed3fa8ae57573abce0daa59e06a99c47b7cdc9f2d,dense_v1_train_x2.98_family1/variant_1,20,-0.09490876436233521,-43.32927209445685,445.7356317254176,60.41575528443079,-605.3051885494101,25.065052228536,0.8892198181152344,-6.248774888158461,1.180734395980835,-0.0582159049808979,0.3648664057254791,-20.32622803596587,-95.57212547088793,9.1559351767465,3.0816831588745117,0.0007603583508171141,0.4549863934516907,32.169610424680606,70.72743530837161,-3.161979748717139,1,1,1,0,1,1,1
pi0_causal_upstream_000402,upstream,4074edb2f4086ee9fac9f0a37ca4d0f6cf9811d4414df2390a4c5850430b127f,e25c719bbb2af2df5b000093d660dd6af677d76b22b641c40aed0b4a89ba78fb,dense_v1_train_x2.98_family1,9886099aaa8902dc41ab8f5d23d46eb0a3a7d9ef67b970c99209c67db5349dd7,8d9af2e2375d80a950979271f7e6c448a74fdb0a82504ca33136ec4b5277af9d,dense_v1_train_x2.98_family1/variant_1,22,-0.1924955439567566,-27.225685569446306,401.251593208365,36.996488035655695,-766.2727484927209,22.21948777648249,0.7754602718353272,-6.652694964250124,1.1585026979446411,-0.032558370381593704,0.2698165774345398,-17.51895369274622,-2.5031290076867423,16.827231407195057,3.1305975914001465,-0.000853691075462848,0.4698971211910248,31.58470376001198,15.403399927530444,-2.285285951766926,1,1,1,0,1,1,1
pi0_causal_upstream_000403,upstream,ff93c70e4f1f34ed590c991057d7c9670d48fbf5ce0590e6d3eebd4f6f3d6617,6de50def23f65f8ccf93fa608675c13109b16b57eabbd54854e699554451cd57,dense_v1_train_x2.98_family1,72f4225c4819831c967233aeaa8f0f6ea595c5402d39cb2fe299c91110edb401,149e396dbe9d2c5171da201677e4c51c531cc9d616141634b062e65864142bba,dense_v1_train_x2.98_family1/variant_1,24,-0.001049344399943948,-18.420642823572745,279.2750424062858,28.767138029260416,-68.4073498209125,18.91214746047678,1.0036744403839113,-6.970210497386265,1.601691722869873,0.01666140928864479,0.3033505380153656,-15.952972316075302,-189.3097850741155,8.418390005827368,3.190101146697998,-0.00044688765774481,0.4880286753177643,31.04387572115203,26.12157012218811,-1.3149046725971865,1,1,1,1,1,1,1
pi0_causal_upstream_000404,upstream,b9110ca0ee7912f35174a15e516a3f4b0cdb1db8ac73f7d269f2b4c9c43e4ef6,460d029cbd0bbbc6af886f8dd8d5bf2f338ded42996eb33e586a2ad437485e75,dense_v1_train_x2.98_family1,6c9df63947c1b544343b8aa7fb3adb171bcb1fc6a10b8be56c796c02a92dd0d5,0042b401d1c64533bbdf982aa6b17e9de6582ccd2510b61526dc98e501438fe1,dense_v1_train_x2.98_family1/variant_1,26,-0.1730675458908081,-16.358595052767555,76.84262661568908,33.73430431069298,-91.99174713815641,15.665761114908287,0.8549039459228517,-7.35794969410953,1.584750771522522,0.03906482085585594,0.11991953104734421,-15.588738818206032,-17.139955033438675,12.91285682404992,3.257894277572632,0.0014451807364821434,0.5024398565292358,32.97322657676221,2.5327468423620334,-0.4819495406833022,1,1,1,1,1,1,1
pi0_causal_upstream_000405,upstream,ba96a391aa4798f3a1d99f14153b7b30e59610703ee844885b92ae6072229004,d0582a0d0197a275474a6c1d32ae7250d521c72f976761e2b089be9008c22b3f,dense_v1_train_x2.98_family1,f4d134f5de4cc88874081c80f53510f7382779b865bdbf23446e741b5bed42e2,49e2abcf01a7ee40d90b2f4f4c92c0773ebd186421860ef41fbf5f9541536257,dense_v1_train_x2.98_family1/variant_1,27,-0.06580485224723817,-16.769246516236233,106.95320138298848,36.61602942341306,107.84294280540935,15.028785906783666,1.3833540916442872,-7.590333094099686,1.7355616092681885,0.05423316732048988,0.013632458634674549,-16.12201949803312,-121.91160936345071,8.190370970575662,3.2923104763031006,0.002699083648622036,0.5060924291610718,33.20361227256133,11.727082196395992,-0.16653243185442165,1,1,1,1,1,1,1
pi0_causal_downstream_000406,downstream,1253152d7fb90e61d590214b07b0e0ebeaf7799155a7e4caf6b046a59832b250,b0fe463a2b1e1332ed772cb5276c507ec8f0d53d7acf3acb6391c30c7402835d,dense_v1_train_x2.98_family1,61f3ab7431a540aaaa17b361f4f4b5497f48d79a206a235432b775616c66d062,178b324fd6116036a3149ad083671fd19600995f5cd63f6fa15ef2d3d4d8fb19,dense_v1_train_x2.98_family1/variant_1,28,-0.1045236623287201,-16.918515177904986,79.36055536264678,39.696362776818766,72.04583257291331,14.101815267423959,1.3387281036376955,-7.827012661007142,1.7194706201553345,0.05787767469882965,-0.14739473164081573,-16.29550630295144,-85.42232093027641,8.96311893647704,3.32720685005188,0.0040579624474048615,0.5065078139305115,33.192823988767294,19.544497517532278,0.17103690930030152,1,1,1,1,1,1,1
pi0_causal_downstream_000407,downstream,76502d1a1aa9684e4afadce8e3a0f8022889fc36173508955c1a9c3353359f27,96817f28e1b5bb83b38ee6881176fe0f75ab7c7ea708f65e594058fd10d67c2b,dense_v1_train_x2.98_family1,7ef5eef564a8952e8699668b10a407d42d71c875b8fa89bdc393f78e74fbf6a0,d3ab3f21bf82f83efe211f4634944b2f11e33c300ec2b913db867cdda3c338e0,dense_v1_train_x2.98_family1/variant_1,30,-0.32680037021636965,-23.311625175002987,-205.48518933070144,54.64089181288754,135.76745405714362,13.590148821472816,1.8283236885070802,-8.420843741795066,1.7268105745315552,0.09098447859287262,-0.2755432724952698,-17.857895000118933,115.26666858410705,12.459444107508732,3.4029531478881836,0.00848504900932312,0.5069723725318909,31.61521079993984,9.668480256027074,0.6086677134834225,1,1,1,1,1,1,1
pi0_causal_downstream_000408,downstream,3c82707ff207aed3aebb0a36afc336f8c8106da199b94dbb054496e9f32d8e57,d83c350321121c8e973020d06ce413b6e329e34eb452478d17b27916e3b0eed4,dense_v1_train_x2.98_family1,8492a72f35970dac2d4ead04efa234c91ce536eff54b630d3c7fff97b7d10ec9,ff2ac3cb93ceef215685b9b29889fd308a549d546ce7bc5e0348b97484fad404,dense_v1_train_x2.98_family1/variant_1,31,-0.057707554101943975,-28.302983986475734,-115.68615148217255,64.69435653525602,626.8521950787525,13.72470591534145,2.1509022331237797,-8.766349907588621,2.1632473468780518,0.174616739153862,-0.015507572330534458,-20.863335329275454,-148.7774481240222,3.719920378135344,3.443199634552002,0.011588762514293194,0.5067411065101624,29.94902713305025,40.960022905352,0.7698859092113992,1,1,1,1,1,1,1
pi0_causal_downstream_000409,downstream,55379eddc82c8b7b135800f02d10ac1c40f2d1691e795233471c47eb0b5551b8,edfc1e7acdf1fe06e8e0cbadc7d1f1baff682c53f30a0f683d95139884bba6da,dense_v1_train_x2.98_family1,0a028103893657095cbc578f79c4e98274387ff918827b7f4c72e986c2f8e5bc,0b1b5fb66f7995b20169ad26f31a5b22b905ef4a54bdddbc23c517866d6a2c76,dense_v1_train_x2.98_family1/variant_1,32,-0.2570227384567261,-35.215833813371276,-295.45696266333994,76.97776873860695,513.9918977618894,14.462801641584026,1.9262340736389163,-9.192994709960876,2.0662667751312256,0.18715059757232666,-0.08976034075021744,-23.283928757918584,35.09961472954892,7.630532807708274,3.4856038093566895,0.015625111758708954,0.5083950161933899,29.63331529904475,25.82561802545146,0.8114258636907744,1,1,1,1,1,1,1
pi0_causal_downstream_000410,downstream,45943f80e8981449768bf468ff8250c87b1d9ecca97200cbfada90a3632a6ede,b6199dfba943e7cf94a1a021273f4792ec4beff75ae9471aee66597499f1d356,dense_v1_train_x2.98_family1,015ac3cce8b85dc7a4dcde5a36e20bf6a5e77fab1e9937c8b23970145e5d8611,ae969fb226d0d1233e4073e72326a1e7aac8b2c4478326f3d5f8fe5b399e40c3,dense_v1_train_x2.98_family1/variant_1,35,-0.196938853263855,-58.02517541454799,-202.1971772453923,119.31339174279952,489.52173419232156,15.948136487317125,2.0012990760803224,-11.145948289315335,2.1379048824310303,0.2080918848514557,-0.4345760643482208,-45.43627958547365,-26.352087299128748,6.483703064928113,3.6219136714935303,0.032053202390670776,0.5168220400810242,33.24525593593089,-11.909791464241126,0.9592917049876251,1,1,1,1,1,1,1
pi0_causal_downstream_000411,downstream,046f39f4bd694b0666caa5ceeadb524ed75786ac3bb37dd71179443c9ecd52f2,84ed524caa92cbe5fa2ec7af179a4e01298a395ff6d7f765905f98f9627de76b,dense_v1_train_x2.98_family1,95ed3e32fd1e28deb0b4330ed61f0eb9f63bec42cf89e963c4e7e71188a61471,38f950558080d0588dda761eb85c049962108ea29b2da0c565a64584a4fcb3b2,dense_v1_train_x2.98_family1/variant_1,36,-0.2124354362487793,-62.17180375023023,-143.7173571189316,127.61054162199093,340.38897962767527,16.091049953735766,1.9832157516479494,-12.108215242459192,2.0064048767089844,0.1444256454706192,-0.8905351758003235,-53.9109665717612,-11.536190361925183,7.536603192468612,3.663140058517456,0.03568042069673538,0.5041224360466003,36.16538378725937,-43.52066765537894,1.0737843893923205,1,1,1,1,1,1,1
pi0_causal_downstream_000412,downstream,a142ffa0d51134cb5b6b2e2d4c6a957e63dcae3eb7030ce7576aec0b408eb0c4,9f691c0541ac9440c25e00a19d5f94118c4c72929ee72d4ec2717c2f6e8a04a1,dense_v1_train_x2.98_family1,3efc6cfd33ec047534cabf9c9291bbed6a011905a87602223e90dfc313dd443b,f053a5764fb8590d50b18b3519c9051c3d5dca009bb8822426015419ebcfeb25,dense_v1_train_x2.98_family1/variant_1,37,-0.22343830823898317,-65.15146011526996,-93.45800433785057,133.27800036883573,227.55101702939805,16.40184169325499,1.9738136672973634,-13.234378358416588,1.9050219058990479,0.08723102509975433,-1.3043912649154663,-61.34481810590343,-3.843622787967091,8.230486379118439,3.702021598815918,0.038084425032138824,0.4826194643974304,36.768598773998214,-12.738903004947096,1.1723040965898806,1,1,1,1,1,1,1
pi0_causal_downstream_000413,downstream,7b29e28287b5e684f3c304c9373af973e72a1dfac6a724770464c00a65a394c4,315360b59e9dd898579ec3e4867cbd31f7838df3855ce7380aa155cd7bc820c7,dense_v1_train_x2.98_family1,3cc9640ce0c748f74c7047e1e0813ad047f9b57652bc811289bd62469877ec88,03a35dfb247e417fe20431d57891f6e77289c1df5acee2eb050930f974d8b1c3,dense_v1_train_x2.98_family1/variant_1,38,-0.2301343894004822,-67.18016973273632,-53.04709449082174,137.01452365618292,146.9741689001121,16.787193327296386,1.9700992965698243,-14.49539277588289,1.8333467245101929,0.040746308863162994,-1.66365647315979,-67.17818214768783,-0.8040097417325273,8.878871114385872,3.7391726970672607,0.03944941237568855,0.45334845781326294,36.9939813562303,-0.686618853580695,1.2620159246349065,1,1,1,1,1,1,1
pi0_causal_downstream_000414,downstream,fece7b01868ec222645d31216460ace724f098b9ce50d7b71565910c62c7427a,cf0a769ca33d6673246cef10e9869613c0b89820b6ec24e364a4d745c266e8ee,dense_v1_train_x2.98_family1,85be3acb8858188e18c852e18b21ac1ba1be3631e158b643c0a2401d3faebaa2,087fc30ec353ce60903398dcfc22f55ed0f06fb501fa4283ed8b126d751bc260,dense_v1_train_x2.98_family1/variant_1,39,-0.23358728885650637,-68.478438429794,-22.31993293393591,139.40409265806855,92.0412455190715,17.192848272611567,1.9696468162536622,-15.85531953298184,1.7860121726989746,0.00567751657217741,-1.9725536108016968,-71.3503417304876,-0.4312495797777161,9.533234826498004,3.775139570236206,0.04000488668680191,0.41739457845687866,37.04041981239721,4.462820417363767,1.3523811667345622,1,1,1,1,1,1,1
pi0_causal_downstream_000415,downstream,713bc726b78affeb3c31ee3502b8fbadd4179bae519bc39dc4c300ffcd0f74f4,a1a76a718982784c4d5bec4dddc0f8002db8dcb15c9212036dbcfa503b0ba2c5,dense_v1_train_x2.98_family1,02f129519a9b11550eaca336ed7152fd16a8b146cea0a71781c75fc6a9e22b72,398e4d1e4902e869f7a88f086208a8e71476b5d1f4b48f576e5e977ac2db0635,dense_v1_train_x2.98_family1/variant_1,41,-0.2327317786216736,-69.51496744766763,19.89530969368247,141.79733630172765,33.103198246478385,17.90494499282495,1.9757910156250003,-18.738079400678888,1.7408082485198975,-0.03631710633635521,-2.4843294620513916,-75.76769144411247,-5.461447007985699,11.1230117284636,3.845118999481201,0.039518218487501144,0.3288002014160156,36.81455228673406,7.540498961616458,1.5860686201966891,1,1,1,1,1,1,1
pi0_causal_upstream_000416,upstream,822c46c0db6a1accd4e6f47da212328f77295acb86c574a2566c0992b967b84e,d92a709da8aa0fe19382b3d489d12ae5b42c8b16e99f6b854dff5d004c78b01a,dense_v1_train_x2.98_family1,a3b7efdd2f1314fb5fb9210ba5a800916d1685fd848bb5b4c6ef7669ec546162,c8476c14d19100114e36a24437f87dc3aed5d25e3fdd068165482a10c107d35a,dense_v1_train_x2.98_family1/variant_6,11,0.20027179002761844,-35.56055004568723,356.991229726252,96.408161115865,-961.6003673577244,2.3564016721189245,0.530820827484131,-2.386010337762352,0.4940226674079895,-0.016963457688689232,0.510560929775238,-19.9724037463917,158.96636915801037,20.34045019736513,2.8359951972961426,0.00021109105728100985,0.1235145553946495,3.457919017328709,105.526060676671,-3.710042819072957,1,1,1,0,1,1,1
pi0_causal_upstream_000417,upstream,168534112112835338d03d4dffc8252b9ebff3d5655f7a821db1603d2b11db6e,b42a8b659d4c744a29b1f6e96ed8a822b8c9e538c0260ee96f0a6f72b6e1d4cb,dense_v1_train_x2.98_family1,5ed8bafafa24be4d8b32efdaac3a28c300e2a1dbde8aac25a857d080b7d3ac59,16ba7de63e8c21281d947583acba40a0a5d87b41fe3890676eb00bd32cf20f12,dense_v1_train_x2.98_family1/variant_6,14,-0.6440121364593506,-48.362602418379325,-263.65647615197435,44.67012702098956,-36.64231540643385,33.97671434639591,0.4397538232803345,-3.28189731804211,1.5913461446762085,0.0742596685886383,2.7787747383117676,-30.528305721842788,233.5550674985411,46.81639443935559,2.888537883758545,0.002841979032382369,0.23731262981891632,4.3279216199350765,54.06503856396376,-2.7975567357885773,1,1,1,1,1,1,1
pi0_causal_upstream_000418,upstream,30113063e33b21eefc28f12835c52db2d6ffb6fc24343aa349424940461b1f7c,9da4d833552b71c5a63893df04e972b47cd43b7fff4f19dd8ad0a621b43d64a2,dense_v1_train_x2.98_family1,acbaea94a426d943b50e967b2a3245cbed5bb82067baf5bbeecefbc7a9b32345,2d7781852595006743d7b55186331883a784a85dc1b110ba3b950b3a9506d451,dense_v1_train_x2.98_family1/variant_6,15,-0.14987762928009035,-55.388257942059504,-310.3014772393922,56.16730248860198,1078.2063404154226,34.93440452825788,0.10912108898162842,-3.3936379318742427,2.2046353816986084,0.10763535648584366,3.2930757999420166,-27.069071039325205,-201.34155944806483,29.518742290812373,2.927006244659424,0.004668617155402899,0.2987631857395172,23.553219211230093,218.2904826281547,-2.01415185117353,1,1,1,1,1,1,1
pi0_causal_upstream_000419,upstream,6e170546aab6087c26e623a885daf5602b23a6f337e0ad95bae6df1db5289a41,5e21d12495f87cf5bd7bec615c75f7d8de27eb7554d8f7b55308a52f7dad7a33,dense_v1_train_x2.98_family1,fd576b57f953fecd8f5eeedfc92063b9a59643d7f59ec6f4dcaec5068bd21425,ac34b225b7b3d3cf1407dc7158ca005e55168150b5ea478345be34108379c925,dense_v1_train_x2.98_family1/variant_6,17,-0.30998656749725345,-62.0336700044559,-92.875088673325,93.91118055909173,376.97756535100325,24.698155665238872,0.31222396850585943,-3.527991373005327,1.8659034967422485,0.0930541381239891,2.515861749649048,-25.19504813108671,-76.96280379413545,23.9475550603189,3.0151526927948,0.00943490955978632,0.42729562520980835,35.034178102205615,-0.3404516596333583,-0.2788673599021235,1,1,1,1,1,1,1
pi0_causal_upstream_000420,upstream,949937dff40305a52ee7ce2ada3a0e4e4329653f1be8f74df79eb92389ea6e35,5ea821fb4b11f6eeb02c495efa56fc8bc501aec668415609cf5232d35a15605a,dense_v1_train_x2.98_family1,99498fbf24040e0af0bc98af237f69704bb8625d410f0c37f1ff1e1198948b2a,f4fa2d94cbb8b77fdc72e60de028fbde0befe6b824401ee17bc95077619868c5,dense_v1_train_x2.98_family1/variant_6,18,-0.5271835279464722,-64.07577362288465,-64.6517020038893,95.606638416764,-205.8960661904127,25.728088721027923,0.6318480396270753,-3.8306928623122194,1.4402819871902466,0.03883405029773712,1.5031332969665527,-25.873750368532537,139.85050016184223,27.64378535420488,3.048084259033203,0.010798563249409199,0.4679746925830841,35.11746884403934,6.685217977992407,0.21739992630942176,1,1,1,1,1,1,1
pi0_causal_upstream_000421,upstream,f8a06e9792c12fb4f06e799dfe103cfd6aafe6ffb9235c728ee244ba327c1fc0,15a2bc753dda1add6768ef2aaa49260ff5e5952fe2c80efae6d7e349ee8f2cbd,dense_v1_train_x2.98_family1,d408618eb5b8930240273397c26ed47ea19e30732c7aac9d615aa551d4a0dc3a,64cb30d0db64f47bb08dfdb5dac5986a481c00c458469a49a6008b4b1d7bfd48,dense_v1_train_x2.98_family1/variant_6,20,-0.05687782883644105,-50.91767714913813,542.7416939408471,73.30874821082702,-237.7424105918658,25.095955557696357,1.7945438766479493,-4.155314589773503,1.472057819366455,0.010447632521390915,0.5892495512962341,-20.6843433918861,-321.7740913467493,28.792655615999582,3.0966103076934814,0.01015081349760294,0.4900113344192505,33.06498675316675,16.827951992152492,1.6339442312941994,1,1,1,1,1,1,1
pi0_causal_upstream_000422,upstream,9aadd202190fb457655b84f22b15644f60f057ed6c33d8f429155b82283c0022,f6520bb8decee499d2a7ee272b0bc7091ca1d8ceeaefdacc5390f11da64ca1be,dense_v1_train_x2.98_family1,492ff99051ae95f1222fb7a6da577129cae41ce7268dbc389e55ff45767dffc4,c0a254bffcc653dd722cc36d8202cb59fdd287b076a4b5d28bee1ac880494042,dense_v1_train_x2.98_family1/variant_6,22,-0.18868786334991458,-36.2669623605958,338.29279457139836,55.99279115530816,-178.42747689596595,20.944534471555254,1.6352190017700197,-4.125114600682322,1.5317052602767944,0.03934445232152939,0.5427125096321106,-16.43475849220237,-191.38232401548584,38.61605224636536,3.1501877307891846,0.010393579490482807,0.5078276991844177,28.313441006095026,53.63149913658637,3.6366206408092006,1,1,1,1,1,1,1
pi0_causal_upstream_000423,upstream,81a4c9cb93c07402cd2f7efd830e9277dfc2ed75af3a637837b91bae434c508f,1f340283f19674715e3873912b6e9e5b2af00afccf2e3380fce010c3c2989e4c,dense_v1_train_x2.98_family1,93396ab4f9682735d5dcf64a9db7351e74b60a5e5b6cd1ff3246d6359f5747df,a36fe665480e32bf62963f79fa7115f816ce9d25bc37fd006bd8368268029db0,dense_v1_train_x2.98_family1/variant_6,23,-0.37999017238616944,-28.944634155221536,326.390261036924,45.8006087059913,-606.1151397019469,19.41168547308697,1.4149664306640626,-4.064242964247443,1.271554708480835,0.0005858440999872983,0.17680123448371887,-14.529077657160865,-11.100262929659227,50.384809695755834,3.176608085632324,0.010505243204534054,0.512619137763977,29.958404982780678,-7.6061661078442535,4.708457021579751,1,1,1,1,1,1,1
pi0_causal_upstream_000424,upstream,f88b63812d705543a23364c9b1f7273346bc8b20d849fc806c0f5c68325834fa,76033e8c96ce5f4a9615526b35ca57bc5b532ec7ef7e35dd0f70410c62155dc9,dense_v1_train_x2.98_family1,3e0de0d1fc51c7598578cc72a500ca046d316b5d1d043ec368f62050f00b7744,1dc4ba4ff3a3e5cbd4febc7e1015a3a1396dc7be634c1cdce78c24fa59526515,dense_v1_train_x2.98_family1/variant_6,25,-0.29769937038421634,-22.376813041796485,186.86976829502015,39.34286292123017,-136.220719070844,17.116571262535643,1.5114710426330569,-3.8813595775206537,1.5717371702194214,0.05926298722624779,0.19424428045749664,-11.806612065317974,-90.08878813349916,49.718340327113495,3.2381677627563477,0.012676244601607323,0.5274273753166199,29.41712273634092,10.504613231199817,6.96431942640795,1,1,1,1,1,1,1
pi0_causal_upstream_000425,upstream,6a96c9a7e901ac25bf168bc221d81d525e8976c79b81424ad66a57ba8086380f,adad2e910a1bd4b906809554bd8eeb7ef0341f29d7dae24f76fd1a056620a12b,dense_v1_train_x2.98_family1,90e28990de41b95df6ca94a6d82f38aab0998db21e05a89e2abdfb57c7bc1d97,d8f63dd5a6966d4da57061df4728635116731123f16d7e6a67100b7d51ae0415,dense_v1_train_x2.98_family1/variant_6,27,-0.38477673053741457,-23.638033085248725,-24.39691320581404,46.6852445620076,85.05681701722152,15.525939326486771,1.4131920242309572,-3.7394385548311218,1.6908234357833862,0.09876738488674164,0.09343276172876358,-10.761217461901673,-9.607127228033788,47.28203575583204,3.3078370094299316,0.016970254480838776,0.540343165397644,29.561813463718472,12.561727897876965,9.069180145817366,1,1,1,1,1,1,1
pi0_causal_upstream_000426,upstream,9d89a9014d2fa5788398704fd64ff09edbfd1f20c1cdb7ff34a671c7f12f0be4,fcb5485709707f05ea2ebc8946acfa05c04914ea29e3a287de0b3f0806e608ec,dense_v1_train_x2.98_family1,bfefb3a1116fca9a3a7cf0a077a11112f45ad641c276be5db032e1b58690239c,f5ab14470b12d5abc8043158fc5f8cec50d895c09d41eff63789c3bfdea84268,dense_v1_train_x2.98_family1/variant_6,28,-0.3433207416534424,-27.04527466025688,-78.34190778002024,52.745667997465326,295.14307448984283,15.982062640719656,1.463372211456299,-3.71390139922678,1.8371014595031738,0.14071767032146454,0.11128155142068863,-11.847740903178853,-50.690433340357224,42.14981453801154,3.344116449356079,0.019726412370800972,0.5453602075576782,29.427825642770333,20.333106036460073,9.990312731007837,1,1,1,1,1,1,1
pi0_causal_upstream_000427,upstream,ba146380776043e0e4afbce4a5c070c57182ac60208a6aec9a33492999a91589,86647ef08f2b92696761f1d58ac359488b0c65654551e7042fd4db01f4a22ac8,dense_v1_train_x2.98_family1,4f721c814c895a96fd36f97dfba10f2dcf458c3b2c3806cb0666e2f705d008fa,ab3b21ee91e3d00b2601bfedcdd92fdeb8d318329ad475b76fb1f35e5d79e4a2,dense_v1_train_x2.98_family1/variant_6,29,-0.38239186286926274,-30.89784969179174,-127.26041246475774,59.80805286340724,304.78262974850855,16.38148857917545,1.4206617546081544,-3.7223630147914966,1.8485240936279297,0.1509636640548706,0.007077023386955261,-12.836561903473584,-15.723672620354218,39.65312767937259,3.38132381439209,0.022843219339847565,0.5485925674438477,29.38384605470462,18.969424617721177,10.839445859272594,1,1,1,1,1,1,1
pi0_causal_upstream_000428,upstream,2c987a2bf10db94a8d6c9681197e116c6f1a598e88164989e9504d081da8ff1a,d0c2923aa677262fa98ffd3b144948935b4e59d6d2ff118dc58dd738505005c5,dense_v1_train_x2.98_family1,53bab54542cde64de3095e8f4eaffab3b28f3183ebca3802478b5f921f55c0fe,53613db4b59c8dea59c5df38d0d6d9df4a044350324c7ca63ef9fe3ec1541837,dense_v1_train_x2.98_family1/variant_6,31,-0.48186974048614506,-45.315586727744936,-361.60335594443814,82.06708612315603,534.8749552623932,19.113062234115652,1.3133647727966309,-3.933048776110381,2.0315520763397217,0.23140831291675568,0.21485018730163574,-18.165053729736282,72.07626106566572,31.648156217401397,3.4620201587677,0.03167527914047241,0.5611273646354675,29.272278329707046,11.627117255250978,12.164018436648188,1,1,1,1,1,1,1
pi0_causal_upstream_000429,upstream,5697529d8d3c39b2bd334fb7d858deec0d0a970e03fede4af9a6e904dfe37df9,efe4d4a887faf400e79b436a639200b107f4109e702640badd6e35932771f74f,dense_v1_train_x2.98_family1,02dd87164115cc383e46212c11780655fa1ef0a1fe208d361ac9b85bde4e41e3,2139923ff97cdbc012a4ebb90a17356cc2fdbd9fc100be77e1f2f890fff8237f,dense_v1_train_x2.98_family1/variant_6,32,-0.3022402954101563,-52.73004052464434,-264.36463016512124,96.68448324892704,775.9722181707859,19.173161210240146,1.5215031814575197,-4.14036012355614,2.2726359367370605,0.3158602714538574,0.4257604777812958,-22.181860659864103,-98.27474936319193,24.25849088454727,3.5060057640075684,0.037549421191215515,0.5702032446861267,29.927399339043404,-1.5383685226821435,12.75130668315902,1,1,1,1,1,1,1
pi0_causal_upstream_000430,upstream,9c66eb809e9a0a52b7ca0c1ec6ce36e24966aff18f051d58fcb6e20cc9de0bee,de0380eb121e8ba691aa1da8fae41c156d8b2b9c890507484f9832f1b1eb8081,dense_v1_train_x2.98_family1,6eeb28258657a7ff4d9aa739dce88e008e8a65263a519d28875cace02567a833,42601bd918c242c2186c65df42c729f817ee1e26b42e25d050cd00e8a7caf3a6,dense_v1_train_x2.98_family1/variant_6,33,-0.31186641693115236,-57.913529142374955,-187.64675695462245,110.85644958797566,621.0369720194037,17.731621997977477,1.514075107574463,-4.434690246261415,2.1801035404205322,0.280866801738739,0.07697497308254242,-26.81106576606985,-92.20937062549136,22.23946647532399,3.550556182861328,0.043604254722595215,0.5762521624565125,29.65470062133606,10.71433162834412,13.361286003862478,1,1,1,1,1,1,1
pi0_causal_downstream_000431,downstream,8957d1e56ed7b1396beb9c4e93626a018cccedf41f8388ec563abedd0254cb43,f36cd0e44a68e67045ffbc5ab28b1e0cabd013ede81d0be61cd44ef15d05623a,dense_v1_train_x2.98_family1,95f24f2b89be43fd9a1623ee191511463bb932c90fe5920cc63d7bf38016a454,fe6e98bf8b2b5e8c877c27746b8c1da5073ed2e20c8359c05ef8761caed9cb9a,dense_v1_train_x2.98_family1/variant_6,34,-0.3462945747375489,-61.86416519982369,-138.08458207269211,121.5856727362577,450.3723466246157,16.75286049413841,1.4751162719726565,-4.861152289523237,2.051290512084961,0.22551406919956207,-0.3742956817150116,-32.09616540053546,-60.322734938124384,21.972913220322365,3.5926971435546875,0.04868493601679802,0.5739626288414001,31.89516317854574,-27.37126763651054,13.906144284817454,1,1,1,1,1,1,1
pi0_causal_downstream_000432,downstream,62e8b8285f735d0846202643fbdf9c09b0bb7b4027ab2ca82220b320801e5341,e115f54b906b06de66d5dbc8c3f94e59f26af5a04bfdfb4af0ddfa7f6bc48033,dense_v1_train_x2.98_family1,cd9d21f19da9204ac3a12ef63585238ba346932ae2758dd8bf6a48299bf94252,cd0ff2d53d318b852c43535a388b6332957bb24887390efb09cda4f119dd77a3,dense_v1_train_x2.98_family1/variant_6,35,-0.3823181295394898,-64.89888654995205,-98.53686470278035,129.18697660318657,310.9935120060979,16.33879022694753,1.4430582618713381,-5.407050672402111,1.9387421607971191,0.17167966067790985,-0.8183034062385559,-37.29793843467421,-34.07600159939579,21.837344210581367,3.6323704719543457,0.05265496298670769,0.5625799298286438,27.946465187273994,64.39337741929025,14.42277555569931,1,1,1,1,1,1,1
pi0_causal_downstream_000433,downstream,72e436592e158afffe418f76a3d7a2cc0904ce16c447d8e38175cde95628cd6c,991e4e64734ac22e4250063f7de221bab53f1081bcbc1f44205ffd95181f2af7,dense_v1_train_x2.98_family1,18578f08b0f9825d9bf69e470f37a0434b4ae6d19828c1e92b62c19d966cd828,1774c3dd6a9ffc6d17201e1c0d522409d080a49de87b403d2e99245969dd3aef,dense_v1_train_x2.98_family1/variant_6,37,-0.4107357692718506,-68.47886873171171,-29.531624027587018,137.72192634852112,132.55320801487065,16.35300729077327,1.416749782562256,-6.802612366999941,1.795548915863037,0.090309739112854,-1.5721912384033203,-45.10307222190916,-12.554006369020266,22.61731424775639,3.7063345909118652,0.05775853991508484,0.5150513052940369,28.55768174062551,7.892444949168875,15.362990518956922,1,1,1,1,1,1,1
pi0_causal_downstream_000434,downstream,13b373bc6a8e5b370c72b0fe27726db360e2df694200fa957a65a2a1dab22789,20bf8be09b32e82d0eaecf1bfa9e3719d2070bd8afe10a5678fa0957c4819f9d,dense_v1_train_x2.98_family1,0d0e4b4d794c31239fc51781de9e32eaa816d75f1b4751dbd5f2a4584957210b,fc590f855925a174cd61e9d39f8b2220114cb9e969f6e5a9111a7e2e459f769c,dense_v1_train_x2.98_family1/variant_6,38,-0.4176851606369019,-69.41338887433119,-7.992326220496556,139.87312174837334,82.51428592887345,16.596904462151794,1.4108253479003907,-7.59948559267038,1.7566910982131958,0.06438185274600983,-1.8736069202423096,-47.43648682353354,-7.710707275733176,22.98579953838399,3.7416224479675293,0.059293415397405624,0.4810277819633484,28.42867312758231,9.658269976991551,15.816199286935433,1,1,1,1,1,1,1
pi0_causal_downstream_000435,downstream,b15e9556a03ca92fe6ee6865585c48a45f2b583a803c20c4ad6fa0c04ec2b38e,e04fca38b682e2c32ab35917a6b9593068e742eca105519a4498a6164520a5ce,dense_v1_train_x2.98_family1,282655bd31e14484233aa11f532c977f21e0d44a38c0c4402bd5f9358ef06a42,6af95c2a662a27e62df6eaebe56fa1b3d855d3bab4f67a10ae65411d6a667b7b,dense_v1_train_x2.98_family1/variant_6,39,-0.42126050949096683,-69.95018710158084,8.94677856266143,141.20575995733452,49.852871148100654,16.897169074499768,1.4090516090393068,-8.431842500673069,1.7329599857330322,0.046478886157274246,-2.139273166656494,-48.89997779661383,-6.258299565241699,23.3541243195661,3.77629017829895,0.06039572134613991,0.4413398504257202,27.64236638240481,20.35294261335708,16.268915903512628,1,1,1,1,1,1,1
pi0_causal_downstream_000436,downstream,26b8a677868f9627a95851b301eaa0584968d29e7024fddc741aa85a90335467,823a23933c6dc6cfd5070e2afe3126a0862bb35bbc276c27f6ded54a9b825718,dense_v1_train_x2.98_family1,6d8420264873a3410339a56ffabfd02ff4fa64e3dcb27c00baa5031a868ef6b9,bb688763f959c1e7713d9fed9e6870cb7c1b3e9f915500532f3ad2c20d408489,dense_v1_train_x2.98_family1/variant_6,41,-0.4213896179199219,-70.16922443807398,32.223688447434185,142.4926632196133,16.564035190170493,17.49486087157827,1.4116198921203615,-10.141129042528954,1.713086485862732,0.027637267485260963,-2.6013846397399902,-50.1014490527541,-8.354029133278337,24.319631322902637,3.8447048664093018,0.06183880940079689,0.34725716710090637,26.754928441281514,14.32955246357916,17.19203898618495,1,1,1,1,1,1,1
pi0_causal_downstream_000437,downstream,111569aedc7dce42b7e5847de359b55aeb0354783e95b21277515151567963af,9f148fa8f6b93d46c2720c95c679f538698b79ff2587848c112e1d7362f60b88,dense_v1_train_x2.98_family1,b8755a02e62e709990a3d550a7b0c6fd297798cc53f4968dc73559df02479d7c,5b40be59f49fb2d8c86a2775abb3430c3fbb832464a9f3ef8a30068625eede0c,dense_v1_train_x2.98_family1/variant_6,42,2.1616624259948733,-67.64260769049203,244.56533244060165,145.00553079639602,241.78886054299147,14.680744232834515,1.8304254722595217,-10.837941387437873,2.010159492492676,0.6566027998924255,-0.722571074962616,-12.599690943057542,-351.1549696842595,46.77251730412743,3.8824172019958496,0.06603217124938965,0.3064476549625397,47.55743581335613,2154.907853552908,18.16313103223692,1,1,1,1,1,1,1
pi0_causal_upstream_000438,upstream,822c46c0db6a1accd4e6f47da212328f77295acb86c574a2566c0992b967b84e,5128e8cee2e84d54c4165e89a69e02da43baf47601c8740b9aad5714c50d295f,dense_v1_train_x2.98_family1,a3b7efdd2f1314fb5fb9210ba5a800916d1685fd848bb5b4c6ef7669ec546162,c8476c14d19100114e36a24437f87dc3aed5d25e3fdd068165482a10c107d35a,dense_v1_train_x2.98_family1/variant_11,11,0.20027179002761844,-35.56055004568723,356.991229726252,96.408161115865,-961.6003673577244,2.3564016721189245,0.530820827484131,-2.386010337762352,0.4940226674079895,-0.016963457688689232,0.510560929775238,-19.9724037463917,158.96636915801037,20.34045019736513,2.8359951972961426,0.00021109105728100985,0.1235145553946495,3.457919017328709,105.526060676671,-3.710042819072957,1,1,1,0,1,1,1
pi0_causal_upstream_000439,upstream,2a72d6cf3df71447b266852371949a11ecc1e5a29a1931389a663fea02489509,28a6f7ddc41658f7dd2df22418f1a188afde6352d0fee48fbd9baf8a8e5d9621,dense_v1_train_x2.98_family1,3b0b900f8e520218bf9c91cefff5c408ec5d0cecf9603648aff91b8cc0cd8ca1,6618e0b812968df9c9ebe6694df5720363305948973cc9e5727c7918b8b5604b,dense_v1_train_x2.98_family1/variant_11,14,-0.14266269445419313,-49.09351462184073,-207.82756172542227,60.027144841413744,319.5448542054405,28.36124398668921,0.671714906692505,-3.351839146555248,1.7442208528518677,0.06870996952056885,2.8141629695892334,-23.02910123017458,43.655639023567566,29.047759766404972,2.8956730365753174,0.0024742980021983385,0.24190938472747803,7.9275589516919105,177.57807457078317,-3.1207502281421284,1,1,1,1,1,1,1
pi0_causal_upstream_000440,upstream,7cbfe87af9b16fda63b4597cceebec23e3fa197cb2c278b2a8d1f4c4df6b1ead,95d537bd082f7d526b780dc330b9b82f2de681e18fef2e146c564f5b97f3c07a,dense_v1_train_x2.98_family1,d1c50ce1cffa031f863084dbde4f237f07e279ec5e159ff9693310f4758f39ba,af856044410b57db44199dc39d5ba117b05c5ba060ce2b2fc2570ac6facee066,dense_v1_train_x2.98_family1/variant_11,15,0.13191864848136903,-54.93780696629716,-262.3477845862432,75.03733931616301,1029.5138671808884,27.001580562015093,0.45219169139862064,-3.533101620829082,2.2387454509735107,0.1044817715883255,3.487694501876831,-22.759885908943943,-207.6363027682836,18.03884549425279,2.9363291263580322,0.004253992810845375,0.30635833740234375,25.41224473159853,190.45333632609405,-2.5632215355881893,1,1,1,1,1,1,1
pi0_causal_upstream_000441,upstream,03b5289a3e8ed6e29621ab186d07d4db841f490d523ea09bd5ae3256464eb0e7,c83cdfa81f75e8f2a6d6923c751e18df616402379043501dc79f7463ab27da03,dense_v1_train_x2.98_family1,6bee14145d6701028a2d718a6a2ed89df5fea0722e74a346356f707272bd5c3e,8051c0957f67dc8646c600e141523f3dd70186f93324bf9aad544a4ac2c4495b,dense_v1_train_x2.98_family1/variant_11,16,0.006830403953790665,-58.835577359569996,-193.40277593424562,91.87899437533784,699.6258389492441,23.394113582944065,0.1908189368247986,-3.7445479415459557,2.059415578842163,0.09905441850423813,3.0997257232666016,-24.8492510213346,-122.048978128038,18.04583107022642,2.979214906692505,0.006261656992137432,0.37159866094589233,34.62964648823327,-118.21811626787462,-1.9576646680792114,1,1,1,1,1,1,1
pi0_causal_upstream_000442,upstream,fd825b82e74e2fae312794a982c9e84bdae9ed25732cd16b8e4c62f4ebe1bfd0,887046465a6a4050f9a7f4cb249ae8d6f20db46cd39f8e70e06ff93228551705,dense_v1_train_x2.98_family1,32d9fa145005fe88ab63ec4410bea374927e4b0ec8579b322af42465e9b0d05d,51ac737d16b54123a8157fed98fb51ad04d40d5aea01a195a970aeea946e942f,dense_v1_train_x2.98_family1/variant_11,18,-0.3946737861633301,-63.53975403720039,-92.78820866708243,96.3817419441554,-456.15819987053356,25.798646712219632,-0.9576066970825197,-4.514753564404996,1.1829509735107422,-0.0006324973655864596,1.0630759000778198,-26.10503423420751,272.9943282946222,24.416099207192605,3.043978691101074,0.008294259198009968,0.4539220631122589,31.395049897328235,28.029933514026137,-1.2694054855669583,1,1,1,1,1,1,1
pi0_causal_upstream_000443,upstream,ca56829fd6554df5380dab7e903422f3f6ccb46fc490c67104cb2402fe97c8cc,9e810ffefe035f460da0fc0649d1e10da5545cbed15c9cae48ea9b7e5359cb5d,dense_v1_train_x2.98_family1,0c0ff4b081cacfd9edd4ac2a2eee0d3523f3a14994560f93504e106987354fc3,e97cb647295e601b345c54a479c97e476b109e6c8e86be101f74c7c72e46efa7,dense_v1_train_x2.98_family1/variant_11,20,-0.11049500226974489,-46.20118222533962,364.3732981812018,73.28361994487054,-723.5642859523048,22.56470875827142,-0.6509327888488771,-4.851025350327405,1.0421043634414673,-0.043550506234169006,0.16513527929782867,-18.803186351059527,21.987538362882656,30.253793588910803,3.089470148086548,0.006560097448527813,0.46682578325271606,25.14049028754394,82.0602354434185,0.08752335661991974,1,1,1,1,1,1,1
pi0_causal_upstream_000444,upstream,867386266137fb7478258bf4af18b937db1947350adedb0ea8a2b664aed942d0,2b3e048a202b22c11f67acfff106542fb5c70e7e99d936127850bb8585a81ce0,dense_v1_train_x2.98_family1,a8df61218d53e27d781fb70449c0adb6c9cc7a519ed888bea64c91143584e7dd,7e838b926746211900f5624ba1366a27fb42c68af422615b48c917e34e1acdbe,dense_v1_train_x2.98_family1/variant_11,22,-0.17528016328811646,-28.502724331016296,312.87246972601173,41.37574236918482,-802.5332938905914,22.06454471537864,-0.7287582015991212,-4.910475427633805,1.1016520261764526,-0.015394172631204128,0.25172704458236694,-15.825686618250236,85.64189785171398,46.553968326159946,3.1316840648651123,0.004974662326276302,0.4699958562850952,24.190533917400227,-1.5220451176177536,1.7287639446424645,1,1,1,1,1,1,1
pi0_causal_upstream_000445,upstream,f974160bb5a68c0595099b7864d91bbbed07a66c7600d84c42d2bc9bb4df357a,8848ddb170d720d5ac6398ad12b9bc130e1ef7b144f10c218543698c2c616a19,dense_v1_train_x2.98_family1,423de7dc420f5913c83abe289a2850fe1ad8230e36352010a6c51667191cb0e5,df9c08edf155291e68ab8d29ac68936a22ad74593d525f933bb2345dcf71f7e3,dense_v1_train_x2.98_family1/variant_11,24,-0.1122145175933838,-21.627090497360864,14.34934122915198,28.036502448460396,-56.66952629827303,22.50838051744947,-0.6513737869262696,-4.798861761271614,1.5503783226013184,0.055705636739730835,0.44628265500068665,-15.202740922546516,22.319412132011696,46.6518517671554,3.187638998031616,0.006108429748564959,0.48665860295295715,27.090987408824482,-53.98071304847078,3.645843731305076,1,1,1,1,1,1,1
pi0_causal_upstream_000446,upstream,70c05d8582a0e46fbde02b795776c9c2de562699570b7dbb5a63ff756e42ab4e,c922356cab02464dbcfa9ff23c9326622c5a17323afcfabee205ea285a6204af,dense_v1_train_x2.98_family1,5af6b9c9205aed6f44820e8345efbccf517c55104a1d851d597168e9bf21737d,9bc08c242e0603569aab0bf0e8634906630c28574fd9f405595a6becf08cd94e,dense_v1_train_x2.98_family1/variant_11,26,-0.17186239480972293,-25.44275518662098,-208.04440657119184,34.80582097258999,245.74687320474382,23.407094019809,-0.7209773159027101,-4.684151530241301,1.7111551761627197,0.0966087281703949,0.3246239721775055,-15.329780733561462,79.30308615097029,43.53519205264898,3.254582643508911,0.009321557357907295,0.502214789390564,24.69246061384237,46.80649408015366,5.501838688974524,1,1,1,1,1,1,1
pi0_causal_upstream_000447,upstream,776f1e302467f8559eab82ba046fefd3449f42fbbbc75a2f21912f323c36f124,c15ff2b277749afed208be4a736f38dd61588b2cc6f7b03f50ccfe993826b6dc,dense_v1_train_x2.98_family1,1a29515afaaac2118af14398b16726fce84984883a9f38a4b3c5d1d7832a0ba5,38139bf1c544102581625fa369f7291983889f5ed229e5ab4f64aba9082b58cb,dense_v1_train_x2.98_family1/variant_11,27,-0.09531277894973755,-29.512782950761537,-203.2494771700595,42.730302070287166,407.25134065833095,23.748375370405306,-0.6359267711639405,-4.655432715375735,1.8280073404312134,0.12429095804691315,0.24188069999217987,-15.418552702204117,9.698126692119514,38.320465564749306,3.290858507156372,0.011667788960039616,0.5081849694252014,25.474044283208805,-11.280415999207484,6.34014153827792,1,1,1,1,1,1,1
pi0_causal_upstream_000448,upstream,2470504c91030d84b6f4cd867f697da338448cad21e232371cb3a1a1f71becc3,b59117c231abb69b978afca5e4c338686488842e363b4c0976de780d8af70470,dense_v1_train_x2.98_family1,27e6406e28d6dc0a1e188b71bf92a25c4032f9615f28b69f69e81d8c00d97cd3,8085f51dbf8f26d29b217bb6c26dbe16347f8063968372f7d177783c86b3e132,dense_v1_train_x2.98_family1/variant_11,28,-0.1116694450378418,-33.7033464782799,-217.90602494015303,51.33441431115729,397.6571378557541,23.903274044919648,-0.6548803424835206,-4.647597881899958,1.8411458730697632,0.1356232762336731,0.12557873129844666,-15.635933717823528,25.228422142918685,35.439430301135395,3.3279831409454346,0.014349237084388733,0.5121052265167236,24.82709559521437,2.0742513978612984,7.129102050043565,1,1,1,1,1,1,1
pi0_causal_downstream_000449,downstream,614e2ddc761222b46f47e8a76f06849b9a8efdb21ae8a8ef933b2ffacff08b07,d82a7a6049850f196969b3421de315a3e52d95b352148575b973f054d24c4aeb,dense_v1_train_x2.98_family1,a2829cb20ee1d1316ee5f5b5ed2b7eab988555dd107dfb1f08652bb317933dce,91142db55c5c6e76bd09576e6799979e3d15679dfdfa2d13e186c1789bd3c2cf,dense_v1_train_x2.98_family1/variant_11,30,-0.15163159132003787,-42.84701292772976,-252.6795698538201,71.27047632852265,377.4987087846752,23.696395197492887,-0.6978743839263917,-4.7434432900655095,1.8641868829727173,0.15599079430103302,-0.10252459347248077,-16.743906514415485,60.407470264967564,29.320284314288482,3.4055519104003906,0.02101421356201172,0.5159238576889038,24.94820338693516,-9.858159731920205,8.488725213189806,1,1,1,1,1,1,1
pi0_causal_downstream_000450,downstream,bcc4cac4788f7c11abca5bfd9f64cd61fa8756590339c5f4ed3770608cf7074c,eebecf633f9360b3f0c55c10acf6741955e99a18e9b9fc1ef5cffb02ee85942d,dense_v1_train_x2.98_family1,3089c4eefe7f4accd9ccdafac4df594a94f9694333af5a79a12a83e34b9239d2,d154840e134b97006276068f2d73c89dc2b178f8d7a6906eb660bd216d417a8d,dense_v1_train_x2.98_family1/variant_11,32,-0.27830561876297,-50.91511924329396,-312.67903876871696,92.16050062197992,178.93883949874646,22.3019536097846,-0.8481932449340821,-4.988033264437998,1.7145954370498657,0.1196383386850357,-0.577079713344574,-18.757979036490507,183.4198807263817,26.136014264735394,3.4860808849334717,0.02896151877939701,0.5118238925933838,16.11894591290661,26.348892478144474,9.69942882731507,1,1,1,1,1,1,1
pi0_causal_downstream_000451,downstream,25d89d6a80f770eeb98ab2295ec5b38cb315c687382851d9f1e5a22d3586d6f1,143e9fff3030acfee3a002f32bc5ca685bad27d39d086b4cbbb3f5da5ea43695,dense_v1_train_x2.98_family1,a2b25ffcfe74928110a4a7a8a0380833c7a76ce673b3e9126287608208fe4cfe,abe14a5edf79ed0fe7309cb34ae88a72208a84dc5825dd046470d1ada81a12b9,dense_v1_train_x2.98_family1/variant_11,33,0.16408788442611696,-52.44361654179985,-40.2140535498653,100.35744479585807,603.0001909498276,20.667839558764047,-0.4017118644714356,-5.149743967888947,2.153068780899048,0.24394917488098145,-0.33051615953445435,-20.861530451787278,-182.02085307868802,18.299705786581207,3.5252795219421387,0.03257853537797928,0.5014161467552185,11.642963294125407,74.52101799604507,10.329090358708344,1,1,1,1,1,1,1
pi0_causal_downstream_000452,downstream,09948cd56bb16d65230849e459d3c2c2f65313d9f8a1cbadf4e27217f6d237c0,0e1aaa7a5587e68b6772c82ff8a37d9c1e54c9412738470a5abd850ff3ed6896,dense_v1_train_x2.98_family1,cdb2db1e5f7cfa58d1cfa6d61eb8a29e42e71eae710879fd5ac43645bfabfbec,87f88033d65a197860aee0d9d9e820f81c3d16e8222bf8b739c2ffa120df120e,dense_v1_train_x2.98_family1/variant_11,35,-0.03924428105354309,-60.09648492186771,-181.93513420460434,118.24158479786279,437.3629945955192,20.356553176210337,-0.612522497177124,-5.778471960338723,2.0079691410064697,0.21076896786689758,-0.7557496428489685,-27.37129324971993,-9.460063009919658,19.33573620064542,3.605520725250244,0.0409015417098999,0.47776907682418823,8.296063879113378,19.00170750683324,11.239036081856957,1,1,1,1,1,1,1
pi0_causal_downstream_000453,downstream,1e1b63bc3f1946b54fe36da1ca765d4960fbc6e520963fc4d4d6289bd2eb136e,549a6949149490078eb8dfa815e649dacfa9385f34d31e972a47a6b9b370e6c5,dense_v1_train_x2.98_family1,33002f18f406ca148c86910cdbaa0a815e60d23ba708045b190da65d12298a4c,5425e7cbb9e17bd35f17174418e6928c4331c17d5abd89629cd6c526ea358153,dense_v1_train_x2.98_family1/variant_11,36,-0.03846454441547394,-62.64412499171496,-136.67573261297193,126.15530151742801,349.84291766545675,19.777366134990164,-0.6181916522979737,-6.200479344084949,1.9360178709030151,0.17768631875514984,-1.0982306003570557,-31.620552007870792,-4.791207801808341,19.277483224761674,3.645195722579956,0.044805463403463364,0.4588441252708435,2.841266060284686,88.07694908328274,11.730013181534659,1,1,1,1,1,1,1
pi0_causal_downstream_000454,downstream,e8ac2b803c91e59ba73176562b68fdd874cb712528a8c7d0225966b3e67b8fd3,166e0a84187c1b604943de61c124e2e99338fd0b20c823dd410e74022a1f8e29,dense_v1_train_x2.98_family1,14e5bd05f228b5972909d20b14524f2e6b21ba377c690cc379f70fa58ff3a548,1e7fdca5e059e0ad2fa67185037e714bc64aa93c79c2e8d04fb912271cf365c5,dense_v1_train_x2.98_family1/variant_11,37,-0.0644797968864441,-64.4714874626385,-109.17526682566873,132.0921702458948,249.8908309364606,19.509363827373107,-0.6436437702178955,-6.723408011948722,1.841719627380371,0.13426372408866882,-1.4721158742904663,-35.534752421192096,16.05166342694011,20.342473640906743,3.683114528656006,0.04789812117815018,0.4325726330280304,3.362710235723551,5.939129094195234,12.180113915390985,1,1,1,1,1,1,1
pi0_causal_downstream_000455,downstream,7df34e1405304938e2b307fa1c65bb784379b932228534e893b1d0b25413f2a9,45ed82e4cdcb728f5108584f5476c8317e479ddc2b5a5d51abd84d9a457a2f53,dense_v1_train_x2.98_family1,3224b0ef8ebc91f51d2b21d6a74bedd9dd3f0c2dc572b4dff332e32b92fdb6e3,4c2f434d585996f773167d088fead0b6353110a4fd45a1f7d59b14ffe5a7ed51,dense_v1_train_x2.98_family1/variant_11,39,-0.05289513170719147,-65.53836984118367,-16.269882848280137,138.8297147300055,108.49207032374903,19.30678696542281,-0.6365469455718995,-7.9519589044551715,1.7132201194763184,0.06156807020306587,-2.168327808380127,-40.63983046725097,10.252977963119147,22.362333040756056,3.754218578338623,0.05161052942276001,0.3579384982585907,-1.4123085236479784,22.733912407077675,13.120203091794338,1,1,1,1,1,1,1
pi0_causal_downstream_000456,downstream,019d78d5d3962ae17d1196a6827e2ce9e463ec7cceff7264302aaa5a5d18ceca,59386aa8eaaecf3156eca9fe887da6c4d7431d3ae1fd1e78100c7eda931fd8d7,dense_v1_train_x2.98_family1,ec069077f06aa051ebe31b9b7182663f63dc9e177840a018323462cd58ea646f,51cf8c93bba3cedb35842655dd1bae156298fae32b12d1d4983bfc5a5c096c19,dense_v1_train_x2.98_family1/variant_11,40,2.825374145507813,-62.278805493767656,323.14608510570804,141.42229061440224,366.9585247820516,16.934772728710435,-0.1782347369194031,-8.555920566452556,2.3207714557647705,0.34089648723602295,-1.3477988243103027,-53.48160380506127,-364.90031557756,13.404854132986156,3.7905519008636475,0.05340934544801712,0.3134043514728546,-2.3956681473710506,-59.40710026855999,13.935240118016221,1,1,1,1,1,1,1
pi0_causal_upstream_000457,upstream,f01bbc87f8713950f2a4c6fd8ecfb43756f579b80f82c82e29982566de919555,0f9510279eb805391c5692c14d1bbc25f50bac2995f65af3376d2106df4d83ce,dense_v1_train_x2.98_family2,79711210f1db1a5b8aa28d08c1c4c2289f5a9c834b3a698cf1d32ffb040ed76a,4b3050c02a73a4c3b38083ac684bc55d140d5c9249b8013653d3ffb210360ac4,dense_v1_train_x2.98_family2/variant_2,11,0.19691709041595462,-35.57485929199841,357.0059282933459,96.41309251244574,-961.7237478948915,2.3687365870915005,0.02139840364456177,-2.386261041820872,0.4917539358139038,-0.016840195283293724,0.5118570327758789,-19.99508680462531,159.42194277565022,20.30170594929823,2.8359763622283936,0.0002125572063960135,0.12354935705661774,3.4571694040673004,105.85947636100516,-3.7108515614097985,1,1,1,1,1,1,1
pi0_causal_upstream_000458,upstream,7579f73ce14827d723181209e3b500b24e643bd033615730525f7e2060ce35d6,1d7c79399441c080777ef9e331b686e64201501e0558e625f7c9f4e4f59118bd,dense_v1_train_x2.98_family2,c2a267515e1566d6966aff44e132f62bccfb8ee6e0cad6406c4f546b5fb8c186,01cd1495acd2bf8a83327c70521614e7fe4f84a586bd468f471d35e3adf514d0,dense_v1_train_x2.98_family2/variant_2,14,-0.2968520212173462,-49.01507331431772,-226.51082019994016,55.48347760927865,217.51576159135683,30.190727077231156,0.09265684366226197,-3.407236346165221,1.6833800077438354,0.0639665350317955,2.751736879348755,-24.382959129339703,101.13261662514115,30.12412244751811,2.8929641246795654,0.002340029226616025,0.23911190032958984,5.832349758692663,63.52741188537018,-3.215685648672821,1,1,1,0,1,1,1
pi0_causal_upstream_000459,upstream,505d0aa9cea1955bf6b3102be03c0b6335b725cf70226a99c2e9b2c5a8ebbecf,613e8f6cbb3eeebf5c0e22d6e6d43ae85c9790f121d239a85debd60d04c194ed,dense_v1_train_x2.98_family2,ff30a7ae7009eb19ae7e0c32ebea028cb83f6a97604353cd5cd20a46d130ea33,685e81973ec4f8f0a79071985507af48c37a55043a95394eea539c7da2c737ff,dense_v1_train_x2.98_family2/variant_2,15,0.05054346323013306,-55.29159710492548,-284.7680717821068,69.54497929888066,1064.7337103153025,29.55463527185456,-0.3523896074295044,-3.604596841512585,2.2342989444732666,0.09991458803415298,3.435251235961914,-23.235224386494515,-206.9589802290501,17.03268520497633,2.9327666759490967,0.004007910378277302,0.3019635081291199,23.011414455318832,201.01905157583516,-2.69482831228484,1,1,1,1,1,1,1
pi0_causal_upstream_000460,upstream,048fac4447345116480d2c93d31f7931b4d01a3cc7eb65d47f8b70d60ab7c4e0,f83212749837d8e52269fa5820f470f150ea10108b3139d1935c1a939dc73f0c,dense_v1_train_x2.98_family2,623e4fa3753fd63a78a6f4a3c4b0f68c7b3b5fdb2983ff5663fb121d1cd89dc2,78b245d4e4ed7d668264ee1e1fff50027834c77017cb1df3009f0514b404a3da,dense_v1_train_x2.98_family2/variant_2,17,-0.35744853496551515,-61.43535909354112,-127.71558993142573,88.87299397066938,-96.61801184792448,26.881559636939663,-0.7909523487091065,-4.130620420489851,1.470992922782898,0.039797764271497726,1.8065863847732544,-25.721341527392873,152.03905469800003,22.040718215760375,3.0079779624938965,0.0070151821710169315,0.4087596535682678,33.3000340530744,-17.10311299305563,-1.7129736313370736,1,1,1,1,1,1,1
pi0_causal_upstream_000461,upstream,fbeb940afea520274629cdf4aa7d8dc2d386255c2a6bc38743b08ef1398328ec,219e885c3f39f9445ddf75fdc9fb466a3147b3ea8a58cca233c5f182b7bd0836,dense_v1_train_x2.98_family2,381cdc95da8487070cdd55c43b5b8466a6355169594dd8b2dbd5bffc5a8646b2,68b8ab1f2ee69fa9cf10acf834489ee68497968f241a45be0ee1519627ece41f,dense_v1_train_x2.98_family2/variant_2,18,-0.4608748674392701,-59.78017203121525,86.80593967120258,79.98756672845394,-739.9379979212529,29.58486145541423,-0.9156941890716553,-4.493966085803224,1.0375802516937256,-0.020683223381638527,0.7247861623764038,-25.467366065747825,254.14000090215225,27.709303943818227,3.032711982727051,0.007012809626758099,0.4308702051639557,31.057228740979404,27.32048176493691,-1.401760708849942,1,1,1,1,1,1,1
pi0_causal_upstream_000462,upstream,3072dd67aeb556f847fd638f748fb1288173df0370b02396992a4453c3e8f7a0,36e055b2a27d7bb15ae5e970758804ba219e8e11c504e59dd67ed7281b906a4e,dense_v1_train_x2.98_family2,f48f4bfd94dfba802478ee3e6a7f2b38f671398c27d2e35d87affceb5cd6423c,6da0cac59c78ddca953b25906bd316d065987ebe64d4f0b2f8d05b6875271746,dense_v1_train_x2.98_family2/variant_2,20,-0.2195555925369263,-39.331951694031076,357.8766134879824,54.58935120541062,-756.8587807219623,24.49950823168095,-0.6482771873474121,-4.6049291638295,1.0916694402694702,-0.022305065765976906,0.4091789424419403,-19.084366456168734,35.24938711766896,35.59201331209889,3.0785696506500244,0.005654970649629831,0.44582459330558777,27.82109706505841,27.227637296001635,0.25629077958934005,1,1,1,1,1,1,1
pi0_causal_upstream_000463,upstream,fba7a7a5230de5f7f4f835bd447805f03b8ef4ad7edcc5f77132dedc83afc9c7,c1c4d230a21cd1b3f2bc456819820b60551bcae016e625d3453e6a3da995253d,dense_v1_train_x2.98_family2,b2e3fd65aaa3c2a4cce752682c306d1b467bbe5168d40b205e6f34866a5fdc07,1acfb4e974b6d2e9c10c79947346d2e6079e7d0ac55a063eddaad481937549e8,dense_v1_train_x2.98_family2/variant_2,22,-0.28603047847747803,-23.88268192358212,218.2356771902545,27.836651113345823,-645.0009912507169,23.528391739114618,-0.7225926399230957,-4.588673819635434,1.2523181438446045,0.013084816746413708,0.5910539031028748,-17.50348843691802,96.09708698030595,48.02466856390919,3.1267056465148926,0.005354462191462517,0.4633699357509613,28.074391215333748,-48.20047763314532,2.0639397532228627,1,1,1,1,1,1,1
pi0_causal_upstream_000464,upstream,74210b22f89306b6ded133c7be9374c909761067993756770a989c29c873984f,40dc604191c97ca0c74581b5c8834f9b9b54a621b1780dc2538971098af34946,dense_v1_train_x2.98_family2,7838f1a1669a26682eadb03beb65aab87fbdc4e5843f8240cf76fd48ba6f89c0,c083cbacce1e626e35952be565cfc322a892c447cfe94ca213d461f64255af9e,dense_v1_train_x2.98_family2/variant_2,24,-0.24586997985839845,-20.537899013439148,-68.11501772443596,22.12509666521942,28.974768949839632,23.667589047026624,-0.6707936573028566,-4.50982475682178,1.6014456748962402,0.06264844536781311,0.5496783256530762,-16.672534452683436,53.671800667784034,44.62295431948687,3.1874947547912598,0.007156010717153549,0.4868261516094208,29.914111206013146,-35.40316199664263,3.9389892784351637,1,1,1,1,1,1,1
pi0_causal_upstream_000465,upstream,eb26c209de9221c42d95394bd2badfbd7d485a8ff40b30c1bb21e4b8eb94ad2e,c5d5705a83cdd375c4886ca277122b718014c55222e7ab3d546cf12c783bcf75,dense_v1_train_x2.98_family2,23f36cb8937d4541796e470e647d1220a4a1aa1a640c2a091f8348db28eeae04,18f5ffed685c06e33228ec37514ed8efeac18e0dc85fe8b51dd3bbe0fca944dd,dense_v1_train_x2.98_family2/variant_2,26,-0.2842538356781006,-28.23923270831013,-266.1701770118358,34.92252499984342,345.63819857088356,25.20712435227143,-0.7085926532745362,-4.490497826949546,1.7808858156204224,0.10885784029960632,0.44760045409202576,-17.342668217815483,84.63637789267221,39.076185015276195,3.2578561305999756,0.010920452885329723,0.5076006054878235,24.672907489795914,54.518143068218656,5.628314268951727,1,1,1,1,1,1,1
pi0_causal_upstream_000466,upstream,7dca096c3febb0c2c7e6d669ec72bbdecc00b48ceb19b366f26388757c7665e4,7837919d7c6c1ec19671f84cbcf2637104bdcc9bf8b6c76229f635375791a482,dense_v1_train_x2.98_family2,5d29cc7c235c4babaad8cc583c4749ef910ec2926ccf2a79acd08e96f091f270,65db7a8f044a24d5b28a83d5a88029243d5cca26bca3898d93af82791c9ddf46,dense_v1_train_x2.98_family2/variant_2,27,-0.15900963068008425,-32.49320088189371,-194.0965045878655,44.786482708595315,492.40625968260133,24.872918716322225,-0.5642810726165772,-4.502434892605873,1.899236798286438,0.13515247404575348,0.3339998424053192,-16.96544370014485,-33.517343351707524,32.96322376472273,3.2955925464630127,0.013494841754436493,0.5154790878295898,28.03143103300166,-56.6624707128604,6.399349112401377,1,1,1,1,1,1,1
pi0_causal_upstream_000467,upstream,6491445cd5ed5705090083e793c2b2a66a8e3fddb3459b797dfc7d364bb89505,c51c53c6b86aed797297c4334dd0aa86053fe56fc50febb4d911e4f5f2c51ab2,dense_v1_train_x2.98_family2,d933e6b70b88697b5a939c3b26bf2a8dabc5aa9520a9b7c0b610d7f35319f6d9,c38121bd9123b02435553d9bac4251efd27469e999fbf34d590bbb1a9a829a1d,dense_v1_train_x2.98_family2/variant_2,28,-0.23758355855941773,-36.57026374087938,-221.35945054678152,53.26035007218246,363.6859079431317,24.956756686186868,-0.6547109127044678,-4.544856034332011,1.833895206451416,0.13061794638633728,0.16619399189949036,-17.299632903402525,40.51839653399731,32.04192003814722,3.33296799659729,0.0161595456302166,0.5204468965530396,26.779880829866865,2.7335909027837855,7.113909774046963,1,1,1,1,1,1,1
pi0_causal_downstream_000468,downstream,f95b3db5c29e6ba98efdf80c173a265d7e3ae8435bf4a5937817a65261686218,890fcf80a90d9b3cd50cb20bc97118563b4931174971f88c8771d1a965314984,dense_v1_train_x2.98_family2,24d6bea7b734f7eb8aee22a63c48e467543982c7d17a5836e7b82dced80beb18,6c3fe9dd9cef519ccc94cc07ef3cca9883184f796bee5858296ebf8387e889d6,dense_v1_train_x2.98_family2/variant_2,30,-0.2722143578529358,-44.569798372271244,-234.708877694653,72.55295362821926,308.40681008438736,24.0411528841051,-0.6942969322204591,-4.723318823916315,1.8250905275344849,0.1388988047838211,-0.13327501714229584,-18.14442826599014,72.90795954051984,26.75558072434725,3.410703420639038,0.022603506222367287,0.5251315832138062,25.95601145934888,-2.05394652611932,8.382031047719744,1,1,1,1,1,1,1
pi0_causal_downstream_000469,downstream,43dcca6b89b2fe2aa1475d6225c58a4cc9d5913774719cacd31d221468b335d8,4ccce4ca364f0e679b5175b9448fbc8fd227bf848545322257d0ddf695578fb9,dense_v1_train_x2.98_family2,53ea37c1fe745df167eaf2719f6581e5f5d3688419774e6d2fe71071ee738175,758ad2d23e43168847bf1fde6a9edab59a83753d452482a09236aec73eed124c,dense_v1_train_x2.98_family2/variant_2,32,-0.3742805290222168,-51.43154301624946,-294.21905917816684,93.14421178700184,158.78523254122163,21.782879077568257,-0.8203951454162598,-5.039258924028782,1.7112113237380981,0.11068310588598251,-0.5743392109870911,-20.190375573374315,176.12477423994454,23.78383030327182,3.4915504455566406,0.03033890575170517,0.5218620896339417,16.377757148484026,30.40114809006466,9.55281333327246,1,1,1,1,1,1,1
pi0_causal_downstream_000470,downstream,1074a92543362760614f80b4cf9aea4759f24659958f690eef1a0efa1a7c5fc6,78d235fc13d80f791de7a5f5328451fbdc4f7b2f3faab918a0b25addc3dc9629,dense_v1_train_x2.98_family2,3f968f1eb264b3ab1abbb7fcff86eb4b238168f8410fc8ac72c8f2bf460bcaf1,6cf25d12cca05ff88fe91196b3e180c4b9c81aa454e8003efd699d6af9bad1ba,dense_v1_train_x2.98_family2/variant_2,33,0.05067795395851136,-52.95331257842288,-44.313983882192176,100.97619846295869,587.6860872079585,20.261652367449567,-0.39233538150787356,-5.255069622898036,2.1468100547790527,0.23569701611995697,-0.30032676458358765,-22.52588704307389,-174.2490540296973,16.42995686921585,3.5306477546691895,0.03379010036587715,0.5118951797485352,11.628218623254641,79.16631161284079,10.130017109001649,1,1,1,1,1,1,1
pi0_causal_downstream_000471,downstream,e919296a302c0677f9baa20c9a4e68c7539ba9c8a0e553ca390d44d1b1e8b014,933228583a1c4e0b52e85392a29ffbe124177c7e679bc014b09949d549abadf8,dense_v1_train_x2.98_family2,776f79ce4153067ef8378d75689d2a9e36265cdbe3c17ecd64493e78cfadc3a1,fed74d68224851d1f99f5575bd01af82d2d184d0d6fb647ceccd805c04cd0db6,dense_v1_train_x2.98_family2/variant_2,35,-0.14164009094238283,-60.41753113361499,-178.91513874232652,118.68624377320894,431.49676368344865,19.818749913066565,-0.5918417167663574,-5.9938454450659195,2.011152982711792,0.2047172486782074,-0.721285343170166,-29.678497000404384,-10.955719051348833,17.621010379324552,3.611111640930176,0.04190719500184059,0.4897235631942749,8.435061643817722,21.026249001358597,10.970869730642576,1,1,1,1,1,1,1
pi0_causal_downstream_000472,downstream,5f98245c77d59f91b1f1e1c4f0e6291fb116dbe55d4bf6bfc32d6fa7c0423c92,3725bcebcf4604f757698e99088d6c91d5f51b3832dd074630dab7efcd942e35,dense_v1_train_x2.98_family2,939fc82cb712abc220b04b9b02a42c4e757fa2a5a0cf973734e319054380560d,afe3390d17ee55d8ad9b41c4c3eac8aeab1a350254c0cc36d3c8d48cbaf95977,dense_v1_train_x2.98_family2/variant_2,36,-0.140625114440918,-62.91074142596641,-134.33912489791058,126.47959889922022,344.0593320423434,19.212339155956627,-0.5978501319885254,-6.480192858679994,1.9403645992279053,0.17127108573913574,-1.0651763677597046,-34.30183155901851,-6.0227549421851085,17.705735460883975,3.650862216949463,0.04568338394165039,0.47146672010421753,2.803198854719266,91.15961836138459,11.431806599114791,1,1,1,1,1,1,1
pi0_causal_downstream_000473,downstream,b722dd53701fb79a3cc6db389a39c70b7cb8f6dc47857c36bfe2bf25671e2dff,aeeaa30568b854ed6da94274809474052062c0abfd44334a772f41b82a1b0fae,dense_v1_train_x2.98_family2,857fd44786fa27c057cb73995a4cd40feca947206507307e46bf9af608391da5,368f9c364d0415a223ed97ecd339b9c472e58e81f80f2a9f845fb84d2f4b03f5,dense_v1_train_x2.98_family2/variant_2,37,-0.16745256423950197,-64.71495638579279,-108.25913355229491,132.31446558262203,245.38558351840683,18.927582549463814,-0.6236583995819093,-7.074830211756175,1.8489413261413574,0.12804007530212402,-1.4373654127120972,-38.573302092350254,15.1032318965286,18.89734392386274,3.6889026165008545,0.048647914081811905,0.445880651473999,3.7089566438570043,0.3040393341986385,11.850930431791605,1,1,1,1,1,1,1
pi0_causal_downstream_000474,downstream,1803bd1fb60c48e295a44e80021266c7df00ec2e60d9502ee64965a1fcff6b6a,5ed36e57be04817d19c6c4ad422c049caf8b7e60885c43bf289e69da1583c0df,dense_v1_train_x2.98_family2,a144d21cd0db0ff1b80335ed83e87dbc4602cab977b23719cf8c9a2054d50617,39d3a5d4207f30d5712beeb34b5cd5c1d04f06395ebea24230fc52b631d10269,dense_v1_train_x2.98_family2/variant_2,38,-0.1807715106010437,-65.94496417228535,-83.38557901034612,136.3354935696569,165.13360650680335,18.97658720667454,-0.6411977195739746,-7.749227845081667,1.772682547569275,0.08883678168058395,-1.7868852615356445,-41.98782977165551,29.46398466423638,19.72168116233887,3.7252578735351562,0.050769682973623276,0.4129708409309387,-0.3325888312382042,61.32940919913588,12.263287224246696,1,1,1,1,1,1,1
pi0_causal_upstream_000475,upstream,822c46c0db6a1accd4e6f47da212328f77295acb86c574a2566c0992b967b84e,a89dc7112d9d0be4bcd837532f4f8ed93881336c559e66e7bd92673516d5bafd,dense_v1_train_x2.98_family2,a3b7efdd2f1314fb5fb9210ba5a800916d1685fd848bb5b4c6ef7669ec546162,c8476c14d19100114e36a24437f87dc3aed5d25e3fdd068165482a10c107d35a,dense_v1_train_x2.98_family2/variant_7,11,0.20027179002761844,-35.56055004568723,356.991229726252,96.408161115865,-961.6003673577244,2.3564016721189245,0.530820827484131,-2.386010337762352,0.4940226674079895,-0.016963457688689232,0.510560929775238,-19.9724037463917,158.96636915801037,20.34045019736513,2.8359951972961426,0.00021109105728100985,0.1235145553946495,3.457919017328709,105.526060676671,-3.710042819072957,1,1,1,0,1,1,1
pi0_causal_upstream_000476,upstream,b30940c2f5127a14c7a9721bbf151ecb9389139cbb0681255cfe7e16a75fb4e7,50c3302488bce6f874f96f6d9fd15741e0951ced900d7f88759b3081fb61ba22,dense_v1_train_x2.98_family2,08cc5b08b8fe45cc8fbce894b43d4e03d893da296094f814283ddf5a581f21b8,97f314f8d6cbd0b35e8ae16d7acfac5dda2c10d46bfbaa831c57d0b82a6aac05,dense_v1_train_x2.98_family2/variant_7,14,-0.07510554909706116,-49.76453289647029,-220.91790613769686,65.0473133908056,481.80247295842656,26.815299941515264,0.7412022781372071,-3.3541044444649635,1.8524138927459717,0.07242525368928909,2.991285562515259,-22.153423167254754,-13.190192386430056,24.978870936308514,2.8988037109375,0.00252772169187665,0.24646368622779846,9.209862935338336,215.71017376350727,-3.142465883557755,1,1,1,1,1,1,1
pi0_causal_upstream_000477,upstream,8ba90aff12bfa5b2554bf79987cec3447fe07f17e19cf57804d4bbc3995125f1,cd12b7207e2416fdad8e5af9011628574bf92ae8fe63fd07791d1109bfe3600e,dense_v1_train_x2.98_family2,a91ac8cf7e28531dd2cdce76053351d8955be291ee3dbd13acfc64f2eab608ce,c8108e40695337a6deee48152d6f142665581af7fbe41785c8ca5e502f1a80b4,dense_v1_train_x2.98_family2/variant_7,15,0.1656643557548523,-55.61110652410951,-205.8768460380883,81.60995522238541,985.6008871199622,24.853301019508265,1.008089828491211,-3.557409609079227,2.2421467304229736,0.10115062445402145,3.512141466140747,-22.907749259190965,-231.66365151358116,16.04153425640098,2.9407153129577637,0.004376437980681658,0.3141619563102722,25.05803112124167,121.47349370932942,-2.611054112867719,1,1,1,1,1,1,1
pi0_causal_upstream_000478,upstream,8245df6eda7d03a85d398f2de9d01f6afd05e973eca9977f93963c657f0b43d9,fda1732c3f4bc40682ebb3282300d92c34f7f7bb901a8b2652256b8ca4ba9174,dense_v1_train_x2.98_family2,9661c2562f7efe032e3948810a2cdb9dc6454d5ab8601df9937726c70d69011d,907117f9a00108076497b089acc7a5a3c7186047d4745988e00d480ad6264bc3,dense_v1_train_x2.98_family2/variant_7,16,0.04745448648929596,-59.41261906140935,-142.79172988261146,97.04974810536098,617.765529973021,21.80677274161364,0.8788406085968018,-3.8243620843485147,2.0167572498321533,0.08864470571279526,2.998060464859009,-25.416839741362658,-125.83305319238681,16.654156121174225,2.9828691482543945,0.006296474952250719,0.3793392777442932,35.45488360413255,-82.14637778923071,-2.077166603442834,1,1,1,1,1,1,1
pi0_causal_upstream_000479,upstream,cfd62cdf653074bc092e80e16a2b1339e4a2d35434ea2eece9f4861c5706a292,a8d68e66b38ad1ce4bb1918682cf2cc4b7312cf970d01317194e79ca69898f17,dense_v1_train_x2.98_family2,eb909a8b19015c060224f39b309cde415107ab796c97a0f420421c85f9dd9c69,066f57e3be488871dee37309486500f523fdd0cc9b05ace9d0febbf343727b3a,dense_v1_train_x2.98_family2/variant_7,18,-0.3137930297851563,-63.897102704386285,-37.29577326470731,99.80251924655121,-475.2684954323389,24.77637166380372,0.43560573101043704,-4.668699580137909,1.1679607629776,-0.012876984663307667,0.9546451568603516,-26.224224450318818,236.93704932645124,22.80655146890076,3.0461819171905518,0.007994817569851875,0.4592423439025879,35.31495693370108,-12.54932683566516,-1.4969122603484921,1,1,1,1,1,1,1
pi0_causal_upstream_000480,upstream,582e6a46044c4a7ec72d08229224f082018bf2978d33ea360e92922a7e0bb2b1,43bb9c97c46c66dee431745ac36b0997e4da31b19367b8ec8cae9f9262fbbc90,dense_v1_train_x2.98_family2,21d36fd540fe97083bd70b67e2d0533daad1bde994d9fff991b830d495e43de1,eced7dc106e5b65722a848362788a58cbfc8679eb68fb4b65fa64eeea7661653,dense_v1_train_x2.98_family2/variant_7,20,-0.07474158883094788,-46.4730305844953,426.96935913172734,76.79175536675083,-779.3758926795,21.50836321816024,0.7307905578613282,-5.052198775181037,0.9962708353996277,-0.06154841557145119,0.006208708975464106,-18.503154923841084,-4.667205290539936,28.145817918579155,3.091369390487671,0.005960122216492891,0.4710891842842102,30.261788325334305,81.45853675867541,-0.20651657823700964,1,1,1,1,1,1,1
pi0_causal_upstream_000481,upstream,23892624078baf3d42ebfec5cf256122d41a0752ee263d8295687850783592cb,847b805f43341f51d2f2bdf8c52a52c2304d38eda0335aec588fb6ab533ff510,dense_v1_train_x2.98_family2,95d212177f16054d81654425dfe687094a867ecb285726207b57ce636d50b71d,bf74144574afa47afd2362629aebb9c05910588ad40d21ef3d1ef14de33f5f08,dense_v1_train_x2.98_family2/variant_7,22,-0.12380813241004945,-30.29390728990629,388.1669451738582,45.48023185278268,-832.1601410004922,22.00613177707366,0.679514217376709,-5.181124336385646,1.0717284679412842,-0.030023649334907532,0.10068491846323013,-15.686685438451308,37.29227279275768,42.3288508716305,3.132981300354004,0.0041859885677695274,0.47357290983200073,27.893114579667024,37.870181928621626,1.2616842148944836,1,1,1,1,1,1,1
pi0_causal_upstream_000482,upstream,19073eba91623a855a05565c40e6b2e69e2e7e9d74e6801b6624a1e76b807cc0,f93542566b6cc0812cc013194067ea6e165fc4a1336ca1b4ee375823302f6532,dense_v1_train_x2.98_family2,bda3cd8b2f76a3a315d0279243dea965290e16ea2a0e788ebaebd9623ec3fc40,b66dd3aa82002c0619c9480f48c50396e4b4c5edcb71d46af6ab35bf7de03864,dense_v1_train_x2.98_family2/variant_7,24,0.08581936240196229,-23.244557839995338,228.22506107782993,35.71393218878362,-43.529574222056645,20.88930488879682,0.9153587341308594,-5.0789615233500065,1.5891783237457275,0.04756860062479973,0.2845394015312195,-13.71807038662366,-155.83449519712775,37.78551831876474,3.1906306743621826,0.0054377899505198,0.4900025725364685,28.824757505098642,-1.9797535962600563,3.1386589440663766,1,1,1,1,1,1,1
pi0_causal_upstream_000483,upstream,8d19cf0b6d73cd9b94e511348d62bf5414c4db7001d3d579eb444a1c90970d10,6b254a8f2d68fcf1b94b7ee13b53014105bea39ebc172f475f2217af5c2a981b,dense_v1_train_x2.98_family2,314d1cf586a61da7ec1798befe77a2ac1f78711039673f908bcab0f41b3a9f82,8c6d395f55cb2046815752d273b4e9c9d85fcc513fa90c71fc0197adefcd25ce,dense_v1_train_x2.98_family2/variant_7,25,0.15826540470123293,-21.901394309523162,166.87927991525353,40.81278451741403,241.43112255502288,18.043659957983632,0.9943590736389161,-4.9908135661329895,1.7834886312484741,0.08564267307519913,0.2924238443374634,-11.901705374037476,-220.4491912360939,33.30440878923779,3.2258248329162598,0.007136693689972162,0.49868330359458923,29.909705733998486,-9.21991099738107,4.1645613895776465,1,1,1,1,1,1,1
pi0_causal_downstream_000484,downstream,584cbda05c92282b1e8ea61d538097ecc0ab0a802052bd727eadad23f2ee83cb,9e0679294e253aa68a73c7fcc26ee7ec488a878c22e2651211b3b07f3b755ac5,dense_v1_train_x2.98_family2,d9c04ddd97198c707193aea964c14e4ac0ac6dc5c257f17d30ee7cc02d576f74,aa86e79c8557c0081ec6037dc65a705f57c60bb8a58675ac2c9f0158826c195e,dense_v1_train_x2.98_family2/variant_7,27,-0.04217900276184083,-23.423952758545724,23.488977866991537,43.880779134084115,47.96466876714521,18.596777531340507,0.9879362964630128,-4.944991585406172,1.6448771953582764,0.07619716972112656,-0.062033552676439285,-11.785669851549068,-27.758824522848112,38.10841892687167,3.291531562805176,0.01028634887188673,0.5056470632553101,30.928807524204824,10.527989553634185,5.78685386153586,1,1,1,1,1,1,1
pi0_causal_downstream_000485,downstream,1d9f0f59aa2800bf13fb8e7ea09e7a5c26ae211da127ad5dc071856f66471fcc,cfe3b50ba6d3acd5e0b5cfbc9dd247274ad64ef5a48ea924b15b149a31ce1110,dense_v1_train_x2.98_family2,3548c063efdfaa07a9a9b1cf8ab35d1b50d80405e500cc4422382bf985f8ca0e,e8ff727f9a1235286ff69834662dd52c983d330d7a4bbbb4dc7edb9f411ab8a3,dense_v1_train_x2.98_family2/variant_7,29,-0.5304306983947754,-29.74303204277725,-482.02180399305405,55.29824970917707,-84.828162774377,19.591839781181953,-0.2617136836051941,-4.968250160539573,1.4720300436019897,0.07268287241458893,-0.18106894195079803,-12.433085553728006,427.3754002175063,44.85675852496558,3.363095283508301,0.015066848136484623,0.506474494934082,25.892685360459105,42.960486275505765,7.229185389095439,1,1,1,1,1,1,1
pi0_causal_downstream_000486,downstream,046460fe169a5d054a0ac797e3e8a147b9e7561205e1a5e2cd09db89069302d4,bad23c69663a743cf88eead6eecd2ca6d3871ec05a2ddd0fd1e54cc231e77ad3,dense_v1_train_x2.98_family2,10f6d4506e7b5f7eaa96071c3bb56e08a3e1a338992d873fc2b5666f341b1706,601a020e0acce42a5b66936c0cc480648901ae50e5fc6d9d50b78ed94eeddc61,dense_v1_train_x2.98_family2/variant_7,34,-0.048167987465858465,-58.4017442340583,-237.04343635296337,119.4526319792194,494.6488020324133,18.114587584543223,0.25194865703582764,-5.8398584451688045,2.0745232105255127,0.2266950011253357,-0.38839292526245117,-28.320645148122097,7.041783307857869,19.606850314465323,3.5775859355926514,0.039644453674554825,0.5144827961921692,14.143865233255902,13.747747558567367,10.074169704835953,1,1,1,1,1,1,1
pi0_causal_downstream_000487,downstream,807ffc63154d245cdd17d1074a1cb4245f59aee2b7d9653c621f430fcbcef95f,9354d61591d9288e40ba3c91857903dee9a26dc378ab2efb0e30ee0917d7c2ef,dense_v1_train_x2.98_family2,4bb7560790194e013768c995aef2539201b2258cd59a752540269b937b7b3884,b5955bc8a43c4337e0a591c548926c2199a38332d7aa7d009e9f6f839239e020,dense_v1_train_x2.98_family2/variant_7,36,-0.08245089411735536,-64.37557794631319,-134.17554186728876,133.37087728116956,231.2220661233615,18.253253025317502,0.21626087427139284,-6.913900968187221,1.8314120769500732,0.12128936499357224,-1.262344241142273,-37.56367718961731,36.24657083082873,20.5539448353468,3.6556122303009033,0.046432096511125565,0.4797084927558899,12.50845839876639,13.84196148043123,10.897521106168151,1,1,1,1,1,1,1
pi0_causal_downstream_000488,downstream,ddcfd749edfe510baf46c797b55beaab3061888e557a865c03b25acff144da7c,ac97dafe0c37a4fb33020b629dff675d5d06686b825957717e2b2dca33acf3e2,dense_v1_train_x2.98_family2,ab179e1fb01e1e375010d8587adc6795fd48d476010ba6360a42b654ed3431ee,184aa644d5c695625d27eaec135c2ae139767275fc90b28d93a35a251b940d1a,dense_v1_train_x2.98_family2/variant_7,37,-0.08803499221801758,-65.94680832336127,-97.15218728253284,137.09024313332168,150.78384351347012,18.607611316192497,0.20933401346206668,-7.576314131396653,1.7553657293319702,0.08314713090658188,-1.6222261190414429,-40.79544266711137,41.92454123880618,21.234699544638218,3.691614866256714,0.04841846600174904,0.45013073086738586,11.36977109525053,17.6110451333255,11.291630631534161,1,1,1,1,1,1,1
pi0_causal_downstream_000489,downstream,6e01b540dfeb2b49f76195d97d4926e596bae3503b15dede89887e2716ac70d4,c84931ea6fcc444b74b27256e232104ad4bd71662d66251d990218cb1b4e6892,dense_v1_train_x2.98_family2,9cca5665c1c0f6f94e7b3279802be353a4a73a85686f093ca7a28fdb76de64d7,62180bf3ce8881ef11233fe3ab5126b79dccc902af9dd0d9d09fef16d7f50a77,dense_v1_train_x2.98_family2/variant_7,38,-0.08937298178672791,-66.86937563493322,-69.43825759309921,139.46904775707537,95.96105693279597,19.04991207750826,0.20629337310791018,-8.290269254453287,1.7041256427764893,0.055165521800518036,-1.9322009086608887,-42.98539256031422,44.4133084931025,21.97816222069952,3.7263612747192383,0.04974056035280228,0.4138631224632263,10.129179076865372,20.057678658179306,11.685648511297693,1,1,1,1,1,1,1
pi0_causal_upstream_000490,upstream,efb0e978c11c8f93c4e7513bd1e6ff7ad913c986589fec20a464504989286a27,337c0cb063ce4ef507c4e43155b4c3672ffd8469c7693fc9966df9db62169d53,dense_v1_train_x2.98_family2,5696148984c5652d56ed9bc06ff75bc525e750a4ddafcaebd9ddc21ee15b0664,b89008cbfac25afc8de60eebb187077709b04c18565005dff8d92d33de4245da,dense_v1_train_x2.98_family2/variant_12,11,-0.07040244579315186,-40.251776684651276,49.857983544694406,98.3464595192879,-815.2513246912087,4.913378899256648,0.3715565347671509,-2.4321935413524436,0.6102650761604309,-0.01863916590809822,0.9897779226303101,-23.1584923338113,323.7620588858165,19.432140905685568,2.8372585773468018,0.0001501828373875469,0.1302947998046875,3.5542009924072056,34.99177628783818,-3.832623302969156,1,1,1,1,1,1,1
pi0_causal_upstream_000491,upstream,5ab8c0704f0a5fc1f214616122e51562ed69afeef384209ad9884b3161fb1017,0a4fe72ae668e8859c46799148aa77f1458d6a28eedfaa84e51425ad68a35d07,dense_v1_train_x2.98_family2,1adbe63f92474ffa345f8c6e4596e0d7c8e94edb28bcd0030eb6f180f5ad8bdb,8a24573d5d6fd58fb52dcb3f0a036d68d193b9fefe3aa832efa511d3526a9293,dense_v1_train_x2.98_family2/variant_12,14,-0.3012406396865845,-57.92386321858918,-272.14205728998803,68.00218299934735,466.8119562586761,31.439817058648785,0.7328373336791993,-4.0417072737375985,1.8517420291900635,0.04888695478439331,3.064213514328003,-24.364563722357566,28.04804205306313,9.47563498745364,2.903714656829834,0.0009602775680832565,0.2604236304759979,15.572163656637704,143.168428475716,-4.406880429683089,1,1,1,0,1,1,1
pi0_causal_upstream_000492,upstream,30b5eb6a944c3566a02595e2568d44bee1b7c7dc0a8d213d1ab277ba3b077abb,b3291019e57c499aabad96d7e59432b92815ac14f946d2c9bcd7ccde2f83d5dc,dense_v1_train_x2.98_family2,3f151f9d9e585ab8d3c68b85231d9f4b794cb4d9f0af37aacfab40ca4f00cc8f,4c2a6d8bc4181ada3502ba5ee760da39c7f29e97c947a4f147262940fba7668a,dense_v1_train_x2.98_family2/variant_12,15,0.059430887103080754,-62.019620305333184,-108.27413264771226,83.77940088769988,950.7958823549781,28.248689168030133,1.137052059173584,-4.358634943722667,2.201920986175537,0.0648740753531456,3.3893959522247314,-25.67102352377739,-302.8214092302311,0.8896233882142868,2.9449985027313232,0.0021435413509607315,0.3261321485042572,28.884788037713882,32.079363135177225,-4.08287826354205,1,1,1,0,1,1,1
pi0_causal_upstream_000493,upstream,38361e39300fbf7b07c9dc504561afb95b432336551ba116027b1a2bdc1c0a17,bbd389cdc3bf14742d1be7860101d3c03712af7190d220d9a536bcea87cc42e8,dense_v1_train_x2.98_family2,288317f66aa29e2816d1051438ffecc0b48574a34a36eeb60a877a3f176f2a29,0aa8a5797e43b0421c9eca07de64303aab1cef485fb28a543cb1aab625966c9c,dense_v1_train_x2.98_family2/variant_12,16,-0.1877048134803772,-64.04006539390382,-74.34486058716126,95.7896533355745,326.05672923937396,25.06430246208899,0.8484503269195558,-4.761355817176358,1.7948333024978638,0.03187405318021774,2.50799298286438,-29.0156373867384,-66.59485667181207,5.141951676066835,2.9845120906829834,0.0031327258329838514,0.38507282733917236,36.20126618606403,-109.24576120809243,-3.760967613513926,1,1,1,0,1,1,1
pi0_causal_upstream_000494,upstream,7d56d10b943f105d2ff2924332eed931582b64e25a0dc80ee551fafec4d195e1,2101360ef77bac8ee97cba8e0c91eded7c868a973ebc5dbeb7779c0bf5329951,dense_v1_train_x2.98_family2,d68d5afc662d9279b9660fdf996c3331dc76a96fc093cc2555112cfeaa52a6dd,ab8ffd4fb17c134ad0cd17f78fb72763eada1cc0c1aa2e6bfcbb636d0a5d4a99,dense_v1_train_x2.98_family2/variant_12,18,-0.36921028614044193,-60.36132550693495,302.8128305126335,84.84731462480971,-838.385503259122,27.268551096458275,0.6159838581085205,-5.840600305058255,0.9792316555976868,-0.09091981500387192,0.30890026688575745,-25.763398417207227,123.68706239668217,12.868172018952404,3.0389785766601562,0.0019168058643117547,0.43927001953125,37.00524433817165,-15.496751538011592,-3.63319441488183,1,1,1,0,1,1,1
pi0_causal_upstream_000495,upstream,85d8f8256a633e722a666f01d95246d8c379fa14070e9b28515222980b2a3911,093a43ad9c3dff40e99b4accd52ba4b83bd5440bcf546bc7900b4b3622795000,dense_v1_train_x2.98_family2,2430a8e12299ead363ba32d707e4b32c856fb32bc16603b73e0bad88f917239c,2a7d23f4d3b0c9dcb3b3bb6abb145a3091bd096c05cc55a5c007b0b6f16fde02,dense_v1_train_x2.98_family2/variant_12,20,-0.24684141397476198,-38.92702051399229,408.2690661654195,54.2411857275638,-762.6332958538579,23.4712787695281,0.7743969631195069,-6.26454847708712,1.1136314868927002,-0.05568075552582741,0.3483777642250061,-19.40415420556144,-5.972618365469454,18.746051818652372,3.0818264484405518,-0.0015616597374901175,0.44702863693237305,31.851849533924103,62.94998086274813,-2.5736349147223927,1,1,1,0,1,1,1
pi0_causal_upstream_000496,upstream,850eef0c3f69618f55e2296a760cd5642248d9ea20d550ac3f3808f43d5abe86,1995ba54e1f528c60ec109a7a9169cfcb22a071647a3f5b431f0624c42d0f253,dense_v1_train_x2.98_family2,74e1034fbc4f1e6ffdc53655dba3e2b2b05f8c3ba260c58e86a805923cc669dd,590b3770690cb629c01fe8d88428a319ff04099e70a6a69b672d27965137701c,dense_v1_train_x2.98_family2/variant_12,22,-0.17843844652175905,-25.193842602698204,369.61044134995745,29.26046551753751,-534.6541489069051,23.052667539031297,0.8574072074890138,-6.605509469859771,1.330890417098999,-0.01220875233411789,0.43671533465385437,-17.492414992726136,-73.87767564793239,22.075154322008284,3.13116455078125,-0.0026381569914519787,0.4657568335533142,31.306506740022776,0.7981698766313134,-1.5727086875484588,1,1,1,0,1,1,1
pi0_causal_upstream_000497,upstream,28e658f264f319561648cd8ff878df290557b436c39dd0438933a80b1129cc55,58a4dbd54f2807268aaa8290e31a2c57a388e481ee609db1815bfbf3508fb000,dense_v1_train_x2.98_family2,2979f62b311a15036a3a1828f37b4c963ebaed727796ffb10580c3baf6c2a3ef,97bd958386946fa58f12c8cd885b03668994c942a70c801ffe7c854cf651892e,dense_v1_train_x2.98_family2/variant_12,24,-0.044761500954628,-19.162097424018064,217.97537868098533,32.05568969951396,78.62756678167769,17.476359306571407,1.011906604766846,-6.752620423853857,1.6948060989379883,0.03319133445620537,0.3776520788669586,-15.208416809746797,-200.34808111252977,14.53218368568593,3.19726824760437,-0.0014289397513493896,0.4883713722229004,31.86076293079097,7.39858897500475,-0.15166751227279626,1,1,1,1,1,1,1
pi0_causal_upstream_000498,upstream,6bf6a9ddc61727a92c4c2c5ed165d3eedcce8d2de69c8ee753ca1cf14be9070a,156c3039706e6826aad324212e83913b73563d2ae0e8b3dbafbd32f2c71ec649,dense_v1_train_x2.98_family2,a6807fdc2651dcd059c3a4f03f5d4f91370f0fc8a93374801092834c2057fa3b,0100d190b58a25906f73e1fc2d62b672baec670c8e793d231b084bd08fd0e9fa,dense_v1_train_x2.98_family2/variant_12,25,-0.17130956172943118,-18.446809278283066,103.85357274517747,34.11833169677694,-7.032124566597824,16.268192716698742,0.8575096130371095,-6.89946003503692,1.637373924255371,0.04110719636082649,0.2709118723869324,-14.878566484159371,-73.96945289980987,18.318543448312102,3.230883836746216,-0.0004350110830273479,0.4969813823699951,32.97916884134012,-0.8201412078090693,0.37511756353112213,1,1,1,1,1,1,1
pi0_causal_upstream_000499,upstream,80315f844b515d2ffb3c229558097c153a6786639a70ff9b6d4dcb3f9f0b05d8,e5589a361cc9b1835d084d94bf16820ee8df36a476a363e999a180d1dba49db9,dense_v1_train_x2.98_family2,2972948d366400c81b24b78a7ee0da70bd3327363ccbc3ddffb9f2ea3f17bf0f,91cfcf958702df115406bff5a679247a7ac95d2fbf4ae940376e133699fff80f,dense_v1_train_x2.98_family2/variant_12,27,-0.09477787017822266,-17.80194209043819,130.47060137466372,37.19009316277429,127.53422108820521,14.89898096917731,1.1520576095581057,-7.227913501241904,1.753861665725708,0.058908861130476,-0.02510719560086727,-14.9817621047818,-149.6260035057479,14.384043712777522,3.298079490661621,0.001832369714975357,0.5044909119606018,33.25154312506189,23.221347149648345,1.3364450411613709,1,1,1,1,1,1,1
pi0_causal_downstream_000500,downstream,dd30573cc75b0dd3acd1ea081db1e92a31f23aadda4bd425407e2d884140ef63,39dcec00ec5848c7adcf54fe9a5529398954acff0edf01c5cb7f63616f4e6a3b,dense_v1_train_x2.98_family2,fe368e95017beb562354a0d6125277569bcd0df0d7ff462d1de768c73b45389c,945623671408b50221d9201f8ef8349660ccf7d0bbe37d8d98c71d4973d2f167,dense_v1_train_x2.98_family2/variant_12,28,-0.2166849160194397,-19.049003151740994,12.421758538763186,40.60709678565368,76.69263566151561,14.708275033243952,1.0116321659088137,-7.423611075963705,1.7086241245269775,0.06667638570070267,-0.13587167859077454,-15.165244891550438,-34.69735415347561,17.139227618292068,3.3329756259918213,0.0033849794417619705,0.5051762461662292,32.837305812278956,31.8189143617463,1.7377056370975141,1,1,1,1,1,1,1
pi0_causal_downstream_000501,downstream,1d5d02ef4b84405139c945d81b6773bbd18c080fd431fc1ef990bcbf4eb1b8b2,ea0c56f1ff65e5d0976ad1867bd9df540eb21053a9b6383ab26f7d2995253605,dense_v1_train_x2.98_family2,c920b339419d77d714c6a445427df9608d4832cb55b1aee4f1357348cb2807f1,75d6bc082875bb77ffb7d1b3527434fabd987ac2659a6b4cddeb6ef818c33a55,dense_v1_train_x2.98_family2/variant_12,30,-0.7440312480926514,-28.42743857088983,-486.32274679265436,52.2129200723935,-187.36033980196714,17.83465342172382,0.04166440069675446,-7.990136423484707,1.4400651454925537,0.06872263550758362,-0.34082987904548645,-16.84136136104052,468.0064743822413,28.663793852023534,3.405550479888916,0.007792292628437281,0.5037188529968262,29.46695238143075,22.55994065872828,2.0467282094808366,1,1,1,1,1,1,1
pi0_causal_downstream_000502,downstream,f7129284c9c1a5ee8035af7596b8bbfe6f331d1ea5e8849eeb528c2f4d0b8de1,87268630e8c3774e979973622f63fab588173a85ab60157565b5b8b93b9598f1,dense_v1_train_x2.98_family2,ae4d24eb8f4f263a6c026ba31fd445e7b4db4bbb980c06f4e3f0ec18aebf8626,e612c720527be57b1a9da10c6d87ad7f282a63d526a1e581c6e63176f2fd7269,dense_v1_train_x2.98_family2/variant_12,31,-0.03468144088983536,-31.517911340118424,-96.85162480810642,55.91954079155436,630.2002445268661,18.971226307319863,0.8199152946472169,-8.254560128686819,2.100478172302246,0.16772501170635223,-0.20130030810832977,-18.02568030462759,-169.02723780543914,9.24500681993899,3.440937042236328,0.009773907251656055,0.49564656615257263,18.662851576825155,38.247047861360834,2.3114620260283103,1,1,1,1,1,1,1
pi0_causal_downstream_000503,downstream,00b260e22d3d880ffbe4d8a6ea53b287337083c6faba72f16a1121b150e32915,37784806b98e4fbeeae5ecc5f54c1bb68cadc1887d8f2fb3c6165ef2581f532f,dense_v1_train_x2.98_family2,2dded47b08f2239ebcd285185786111bf165f221a6fb788deb17031e8cab7f33,b33bb14b57c3b8f3737e7ea9af928fb9a1839a9f1de05549cf38700fdc6dfab2,dense_v1_train_x2.98_family2/variant_12,34,-0.1898806977272034,-53.19879640738231,-270.97630792320695,107.23561604479016,667.907970406079,16.058421786641507,1.532688617706299,-9.404172109885506,2.243631601333618,0.274557501077652,-0.044678252190351486,-32.81173358402643,-45.27010108296724,8.552676647551696,3.580207347869873,0.02710006944835186,0.5111076235771179,24.891659665891208,-9.685215927040897,3.308345427530922,1,1,1,1,1,1,1
pi0_causal_downstream_000504,downstream,39b0521dab004cea14368f26bd9cd5b8675245c7531ee682c808e96234f30f9f,4f4bbf83657f488020e1c90bdbc48f382fd796217d9353f2268fd8862816ab9d,dense_v1_train_x2.98_family2,cd46d352564c6bce3ebda2c5cfc38a672085f1846035fb9a9aed380814d204f9,3b8959ca8772bbbec6acac6fe7356377850f1ad6de3d6369046abe1bcada528c,dense_v1_train_x2.98_family2/variant_12,36,-0.2150453591346741,-62.32275776107669,-133.32664497610457,127.3021039394515,345.83783133994467,15.655277292179825,1.502364959716797,-10.897939912950477,1.9865866899490356,0.15266896784305573,-0.9519211053848267,-47.89972391342215,-20.433424439894633,10.145492983697947,3.66438364982605,0.03586321696639061,0.49241286516189575,32.95819333039901,-111.0566970740621,3.751832727708338,1,1,1,1,1,1,1
pi0_causal_downstream_000505,downstream,b0f91c9f4f2ec4515274aeaf4365b847d5eeedcd54a307c98d797bed7d8e17cd,f31fad30191c338577d3ceac2d59dba0893769d0abf01005eccd1111dd185669,dense_v1_train_x2.98_family2,7db560019fb5a9d0c56e2f8bb3953d315caa5c2ebce7bb916b00e34096b3a9b9,31e4f63fbdf89257d6d7d8840eff73b28c2714d9bcfa4dcbc38825b930cf882c,dense_v1_train_x2.98_family2/variant_12,37,-0.22620729684829713,-65.12895464195476,-86.29018525678575,133.07008941050054,232.0829704871066,15.828838318751256,1.4894425010681154,-11.874042608751997,1.8885853290557861,0.09630588442087173,-1.3677737712860107,-54.53655384312642,-9.84979275018694,10.658064529961555,3.702897787094116,0.038420796394348145,0.46966779232025146,34.16782324750286,-36.08757085714,3.933968475680646,1,1,1,1,1,1,1
pi0_causal_downstream_000506,downstream,0763ce8cedc940a7514fb465375dfb7f93f8afa70391d4f34c3b140b42e68e67,62e4dfacd0eeae52ed5046b9e3d5cfad720dc4dbcdffe71b4654470a984e0380,dense_v1_train_x2.98_family2,c31b4661eb334139eac0aa9b5a331d49ccdc1a9eb9d0c6f217ace8bcd1700190,458e4e1534a41f9409dcdadaf302cb6370301ea1a645a499749e142e70ef991b,dense_v1_train_x2.98_family2/variant_12,38,-0.23446584701538087,-67.0623489695536,-49.281293597597305,136.88630734508342,150.30454181865363,16.141391452026323,1.4822592926025393,-12.972800091052365,1.8184421062469482,0.05070823058485985,-1.729519009590149,-59.76378640739639,-3.9714352641318933,11.228630358694094,3.739727735519409,0.03995801880955696,0.4391164481639862,34.56768984227208,-8.2247097466279,4.098913710277545,1,1,1,1,1,1,1
pi0_causal_downstream_000507,downstream,bed3eaf70007f1e0f5861091dfeab59e82346deb4fe93cda6a53187867b76ef9,432b7f0342428959a3619434c86022616025ccab6b79d3ff84fd0fd68409ba8c,dense_v1_train_x2.98_family2,54bb2cfe4a781612b57f4594d608d56d537562abb4ba5d20e26ab400226e377d,3b2e0dc4320fba42899df1916a7092284cf8ba048883ebaa524f1dc9bbceea56,dense_v1_train_x2.98_family2/variant_12,39,-0.23913497924804689,-68.31235554993597,-20.36189186871709,139.33188389816317,94.26752518846965,16.51534457310994,1.4798102378845217,-14.161694123654229,1.7718214988708496,0.016266189515590668,-2.0416431427001953,-63.509762676554864,-1.960104849565222,11.79952915914867,3.775395154953003,0.04069929197430611,0.40181973576545715,34.48901289322271,4.865579170359671,4.257615253347942,1,1,1,1,1,1,1
pi0_causal_upstream_000508,upstream,822c46c0db6a1accd4e6f47da212328f77295acb86c574a2566c0992b967b84e,c9579a64f5e6ef1676216eb08074f36100e6a124bb23cc3a1765a73b97d7d374,dense_v1_train_x2.98_family3,a3b7efdd2f1314fb5fb9210ba5a800916d1685fd848bb5b4c6ef7669ec546162,c8476c14d19100114e36a24437f87dc3aed5d25e3fdd068165482a10c107d35a,dense_v1_train_x2.98_family3/variant_3,11,0.20027179002761844,-35.56055004568723,356.991229726252,96.408161115865,-961.6003673577244,2.3564016721189245,0.530820827484131,-2.386010337762352,0.4940226674079895,-0.016963457688689232,0.510560929775238,-19.9724037463917,158.96636915801037,20.34045019736513,2.8359951972961426,0.00021109105728100985,0.1235145553946495,3.457919017328709,105.526060676671,-3.710042819072957,1,1,1,0,1,1,1
pi0_causal_upstream_000509,upstream,6777fb57edb8b967db8c2e0c0e227a9ebbc18c8c11ff50721bc6838ac507e32a,24a8445689525e5118fc9d634e9828852204c5a5c8bf10da93b7bbfaac579b3e,dense_v1_train_x2.98_family3,11373da8a63a4f878d1377a99ca57f8f96015ef3c0df4be00b4288df90bbb51c,8fe0d4ab19f6d476f7ef1bbe3403f706b759905e95eb36905ff75e617303b665,dense_v1_train_x2.98_family3/variant_3,14,-0.1584818983078003,-49.0781706018703,-210.8093354491047,59.178227459662025,298.3376905684412,28.70086860420262,0.6580530452728273,-3.3518983543611416,1.7308460474014282,0.06830377876758575,2.7975263595581055,-23.285626059927335,54.84246435567295,29.676140585140732,2.8951656818389893,0.002475734567269683,0.24129553139209747,7.759268213184674,172.9776416364561,-3.115272732854831,1,1,1,1,1,1,1
pi0_causal_upstream_000510,upstream,9af9873017366b5d5e290b5028937e122d342870c9965767db77b3cece1601bc,1651ae9271f22860d61ce48ca0eba29b4326af349224ef65de28f4ee6f7f2f7d,dense_v1_train_x2.98_family3,86b5bc5078d353ee64fcabf55059ce5162d1ca22a1ff0acd0e16c21448e7a3c9,e6fc31b4b71a94a99fe1550315c088de490bfdfe95d7138d8f87c0b060b7044c,dense_v1_train_x2.98_family3/variant_3,15,0.1364044737815857,-54.86985682933929,-259.25873591145654,73.95232961556064,1036.3048237443086,27.396719816772936,0.6223200511932374,-3.528689939637444,2.2396178245544434,0.10398286581039429,3.4695329666137695,-22.776765013930337,-213.38211744528678,18.242644678707627,2.9356117248535156,0.00423863809555769,0.3052147328853607,25.127063843182988,186.3573401827291,-2.5497331002096444,1,1,1,1,1,1,1
pi0_causal_upstream_000511,upstream,4d4194d5ef723b8b9b847de41ac778786f442e27f13cbfcc8c0ea631e4247c95,654f9c62a4dfe240ae24afdd24fa6d4e471d6af4a59e30ace9158955be0b9468,dense_v1_train_x2.98_family3,67dbb263875c27b781f217fe90c0dc451776850ae6cc3c3d2571e859d3fdff4b,3d63a29db7fb12dc81342af23e121e004ba8f262a912c7e449b8ebfcf4dbe674,dense_v1_train_x2.98_family3/variant_3,16,0.05201842188835144,-58.86927068274567,-145.54353113693958,90.05933635779807,648.0879635479959,24.184606654115715,0.5308903551101685,-3.734658331904077,2.021608829498291,0.09290678054094315,2.9653244018554688,-24.38511234647555,-138.56296852215982,18.284484710015835,2.977750062942505,0.00621118163689971,0.36929458379745483,34.473303458131674,-114.59677729069054,-1.9537429304688734,1,1,1,1,1,1,1
pi0_causal_upstream_000512,upstream,a3924ca583a1d3eed7355db26c7a24127ed70ce81981d6834e2376e35ecea08d,d3e08997ed645936459c10378449941fe116c6e815644827525c39570c826a61,dense_v1_train_x2.98_family3,5de6e7c4c571caab4379fc4a1ddb9bf20952211b2a55008ab2571b821e804cea,f5ca6c663943a5e98fe0b93468a4ccd33886bb5b81bfee129903261ebf3bc9d2,dense_v1_train_x2.98_family3/variant_3,18,-0.391303882598877,-63.332983720456596,-87.86172299234647,91.9994242707835,-547.5074720946019,27.452888137472186,-0.014470204561948778,-4.476089494744989,1.1359320878982544,-0.0033621869515627623,0.9801769256591797,-25.743445727094326,307.807993739474,26.309007588486185,3.040727376937866,0.0081122275441885,0.4479188024997711,34.17581456883177,12.37715142706748,-1.289943225573142,1,1,1,1,1,1,1
pi0_causal_upstream_000513,upstream,94d5fdc81639adb8fbaa1105a8fb2eb2cb4b91bfcdacf2dc88343d19db13123a,4f671dc4f1fe5910bdd80b60825a1ff0f5e67a3263c9754518e6670a64d932e1,dense_v1_train_x2.98_family3,6fab5520c19dc1934c7e899254e10daff81cd33cc999336f0816204f6d59b56f,aa1569611b79195cfabd480832808a4f0f8d23289b77772682fd233987d86c7c,dense_v1_train_x2.98_family3/variant_3,20,0.0782655930519104,-45.19737664377953,498.0431874838562,72.5400992122013,-569.7991331680158,22.08109177991093,0.5211600589752198,-4.705172932228114,1.1775559186935425,-0.03365647420287132,0.21847987174987793,-18.199973071867973,-145.48499641575256,27.375900212315102,3.0892117023468018,0.006886308081448078,0.46521660685539246,31.44339739136817,22.085889671836252,0.2365114343618861,1,1,1,1,1,1,1
pi0_causal_upstream_000514,upstream,11ae6d41cb575ab7e5bac358d4e207f6bbc18faa95f69605126b51f4682d119b,346c4bbdc2ba21ad2730d471f60e37cc16c7a174d3210ba1371fc9e22c4c02f7,dense_v1_train_x2.98_family3,ca4a3b3a50ed83b2ddbb2e6d63b16b16da4777d0124ced9a8875628a92ba1cde,65db4f42e5295b4b601fe3b0f94952d79ff690c625da5a4c965fa23d73fc7344,dense_v1_train_x2.98_family3/variant_3,22,-0.09452502727508545,-28.496109292805137,397.1106954013964,38.54572178848174,-797.0086543992916,23.21979992742442,0.5912561225891114,-4.776790947506207,1.129733920097351,-0.016380898654460907,0.2242528647184372,-16.56178805793356,15.082399819560061,45.47827500358547,3.1300365924835205,0.005317207891494036,0.4687345325946808,28.68486157051844,28.43932139249836,1.8271216283757394,1,1,1,1,1,1,1
pi0_causal_upstream_000515,upstream,40581ef4512dae2c96dcc4c837714dde1766cdaeef3919cb541d922f2d8fd719,7e78d5ffd4ef49c6520e24b386e14115359781eb34dddad7a753bd2333145660,dense_v1_train_x2.98_family3,0bf793a296872b11d7234bcb6dfceccda0201d87b25c22ebe1708d6c4968a2a4,4db6ae5739b4d74991d285c32aa9ce8df37718df0d17e4485b59527836a61d2d,dense_v1_train_x2.98_family3/variant_3,24,0.1627239513397217,-21.592536570349772,213.88028412259084,32.36022392894274,158.21726133060005,20.747027822891905,0.9028948307037354,-4.5922706747871835,1.7142268419265747,0.06843586266040802,0.3659914433956146,-13.524699193484137,-226.34005181031148,36.79496671928905,3.190244197845459,0.006998105440288782,0.4876362085342407,28.230315896348678,16.561962227757395,3.9103885605853765,1,1,1,1,1,1,1
pi0_causal_upstream_000516,upstream,0a384180cb9a4c86bbce01113c5f7cc26ec50b3479760a8968e2f0de3df5ecd9,4bed16a50a00c0f5645e2c0f5e1da545c1f3c82d1df63587a22a9c81de2cd5a4,dense_v1_train_x2.98_family3,e2def2f1cfc8903dcb613d96d018b8fd684c1da1e61c3c2409e6bdb932d3359f,db68b88bb3ddd1d861416e4ce8f9111c11dbb3d7fd3a3e5b15f9f7ad5cea4ec6,dense_v1_train_x2.98_family3/variant_3,25,0.09143420219421387,-20.473418612579643,133.6935490779393,37.070783418352505,139.22925347569455,18.226346389051756,0.8137192249298096,-4.501345926176776,1.7145737409591675,0.07993008941411972,0.2783654034137726,-11.658241573525078,-153.31863599748857,38.175904610965986,3.2251856327056885,0.008719958364963531,0.4963470697402954,30.37931197528813,-23.147686974544342,4.9328516182279785,1,1,1,1,1,1,1
pi0_causal_downstream_000517,downstream,86cb82d534934725fd6e89881201f3f680551027826c8f79633e323088e3d569,fe7c67c0d0084f4c07edae01199735e1afed44d1e9adb23bb4aabb4acf927c06,dense_v1_train_x2.98_family3,29984b67fa81e0fccb318910aaed45df8dc7b3e7ccc5fad1059e9700864cb77a,acf6d1ce3531c5ac9055405989edd44af19c16d155c77651983b316db96d7557,dense_v1_train_x2.98_family3/variant_3,27,-0.0023393217846751214,-21.492481129198254,72.91621723922638,40.70582717010622,34.036355766358454,18.12251944786523,1.3547926902770997,-4.402652063105827,1.6570258140563965,0.078443244099617,-0.0734167993068695,-11.285040037275582,-62.370671538104325,39.57356280573111,3.2917635440826416,0.012063165195286274,0.5040693283081055,30.82528917714411,14.508860297217629,6.699175578214658,1,1,1,1,1,1,1
pi0_causal_downstream_000518,downstream,9cfb5cf08808e579a79ca1a3d529678d8ca934cec01f73a94ac602e996b3e8bb,4449acf4b2be870909faa80d997ccf1761ded1ff6845bc8aa8d706526518168e,dense_v1_train_x2.98_family3,e3a72f118a1f0acfe6fd3dc720115b000a915e889c01e59662e2cf36de0a9614,2ba31a0150025c7c1ab8e9b2cd33c80b3591d1f98e0fcc6be0462cabb4dc0eac,dense_v1_train_x2.98_family3/variant_3,29,-0.26601989030838014,-26.44803267394721,-272.0796020402175,56.56389059256961,147.3103098299251,16.266468005018194,1.6796157455444338,-4.373891096289701,1.6920428276062012,0.11029033362865448,-0.12891145050525665,-10.987258303615013,166.58713906407377,38.459118404900565,3.3671228885650635,0.017706358805298805,0.5080556869506836,27.00798865757778,28.68080102305687,8.335632966971659,1,1,1,1,1,1,1
pi0_causal_downstream_000519,downstream,2c372c70daf09b020230fa9a9256eafe3213bc1e86a9a2261e4db0760f8cc925,3affe2286ba75515475850f8d0d18861d0b40889216af415abe9ab061820c8ee,dense_v1_train_x2.98_family3,65b27b3030f496245979bc6a6e9fa5cf1ee976c7a9193da92ade258a61a1bc11,3e5aca91f0b682f0a2aefdaa57777e37ea94f788d5e6d0c104b0777bd8d79b75,dense_v1_train_x2.98_family3/variant_3,34,-0.07493459224700928,-59.023598807042106,-179.29650918482335,121.01409518575436,460.13028272197613,17.671398777564903,1.9118477630615236,-5.55123180031908,2.0791563987731934,0.21726617217063904,-0.4202731251716614,-31.381727613352126,-23.50211573586006,19.65762081811332,3.583235263824463,0.04287400096654892,0.5261145830154419,27.08244625726738,-6.8350629368723785,10.852181942722202,1,1,1,1,1,1,1
pi0_causal_downstream_000520,downstream,57d2f4e241c47a4d114b10b3b213aef4224645627b0f0ddcf32c198bf3e6df33,aa17a524b309be059bd922d94d14e2d7f49de66903bed760eb2642a75816ed02,dense_v1_train_x2.98_family3,29263f9ee527c00de538f1bab2fc129ad42e42423fd44409181b1b3de32b9ea6,7db6a52ec19e91482e87594c8f0ba3be99c202cb6dd8583db113f3e3a4e2de46,dense_v1_train_x2.98_family3/variant_3,36,-0.10292611241340638,-65.43853979627477,-80.78587240845586,134.0780204263193,211.46854432665933,18.36285334971807,1.8784907913208009,-6.781128041270509,1.8535703420639038,0.11530009657144547,-1.276724100112915,-41.43361114692775,3.8024994996349135,20.344806150508305,3.6611673831939697,0.04946810379624367,0.49274471402168274,30.962767224758128,-17.522951060957972,11.615281350709175,1,1,1,1,1,1,1
pi0_causal_downstream_000521,downstream,c277a0fc40313204026624d2aa4ec2d27deea836837ee8e6ebf2d65fb37969eb,5a1ab164d7c285c9519f94eec30b674218a64c2e60ada68fefc2d0d1121a671e,dense_v1_train_x2.98_family3,602aba85e1b8e3a6bc6ffcae17f5d9251eb4aef6d6010995e9f5eb2881a979ac,94a1fe62ec991847484c866ae21e8918a0c5e615659012b0e825e02adf90a6bc,dense_v1_train_x2.98_family3/variant_3,37,-0.10933789968490602,-67.24958494527115,-43.801214260442634,137.544751241451,135.85881466748174,18.929287839006385,1.873261833190918,-7.527861438408502,1.7844678163528442,0.07847581058740616,-1.6297472715377808,-44.92640937902678,8.084062491238997,20.76008335959237,3.6973307132720947,0.051411937922239304,0.4641081690788269,30.969580338455216,0.5365460438588806,11.982253329707932,1,1,1,1,1,1,1
pi0_causal_downstream_000522,downstream,ebd7f07bae36f05220f718798725a367441d901913fafee03af6c4ffe978e18a,e08b08472b9dd8b723e703bf12649fa0be54dc68ba4c7ecdfefbf7c50bef2804,dense_v1_train_x2.98_family3,2f22654e04c1e2c992f00cd89212cd48286cc76186d496cf0b98bfd16e396a46,fd1d0d9e3945f4244a4ef55420577c61834d41724f73622d5996b78b952e5ce6,dense_v1_train_x2.98_family3/variant_3,38,-0.11238370537757875,-68.38440721549043,-15.240143038441506,139.75150340001207,84.6485219690165,19.534128296147816,1.8721053314208986,-8.329457973325486,1.7387422323226929,0.051422201097011566,-1.9348273277282715,-47.30124907796729,9.038463606985097,21.27869962327144,3.732353448867798,0.052721057087183,0.4288904666900635,30.675001109741736,8.833828578130577,12.348866778293965,1,1,1,1,1,1,1
pi0_causal_downstream_000523,downstream,0f82d17acabb6321966481a0b48e2e20aec9081acd1bfa2b1ded71d50230ba54,f92bb93a4cd2c701de2f54217321ee5fad0edd8d7d8a94a8c6441de83ab34f8e,dense_v1_train_x2.98_family3,4e5b2a08cf4a6b48030758d285e808244f92be72ea16cfea5ff5632893b2e208,c272f6f729d50d1e294038e007df71c9dc15b1e0fe4fd132295aa6853ef76cd1,dense_v1_train_x2.98_family3/variant_3,40,-0.11140095591545106,-69.19767100977468,24.23576855272593,141.9506194070811,30.135713278539622,20.66958985258642,1.8773540496826173,-10.007356207893169,1.6941595077514648,0.020104864612221718,-2.4448184967041016,-49.48896208421696,4.727915000090771,22.641957570281793,3.8005008697509766,0.054126035422086716,0.3419036567211151,29.538006839366393,14.910738382697424,13.115271653958917,1,1,1,1,1,1,1
pi0_causal_upstream_000524,upstream,0bc18629479dd5e6f6c6ebc80b5a6f9821ca172e64529d751f38c81db6099baf,3bcbbc712bf0ff6649064c6c856b57282ae0de8ff538d337e7a2e8bf4e18b031,dense_v1_train_x2.98_family3,1769abb245839a5ec1e2e18b8c4ad8e2e0d795422c5b6dcd35229cd2cf35b63b,9c04bcf6abd100c79d46e2df87ca6f7dcd2085d7ab39247134a5e99ddaf0f4d1,dense_v1_train_x2.98_family3/variant_8,11,0.19793675661087037,-35.56784127262622,356.6584355891323,96.4057022477638,-962.1315921506114,2.366722107228565,0.5306426191329957,-2.410575236873009,0.49035531282424927,-0.022600563243031502,0.5107154846191406,-21.173753766674192,159.7894069529969,18.62007068695878,2.835944652557373,8.672299736645073e-05,0.12352938950061798,-5.88003515126993,-180.1663064548678,-3.7370813116098107,1,1,1,1,1,1,1
pi0_causal_upstream_000525,upstream,e40b8a90f5dfc99535157ff2ce3b57c814633e66c00ef82dac515c888f168fb1,04a39e0d3f60ec311b5a755dca754d29af36680fd9a77d8def3097a37a40ad3a,dense_v1_train_x2.98_family3,37e969b6ff313a503fc733658395a34fe96e2fc8d72ab9ab2f0db9b77d4d1d19,f84700b2703d815e37e4d16b978551a9bca93345bceaff7236bba566007fa1f1,dense_v1_train_x2.98_family3/variant_8,14,-0.3780725383758545,-51.398641995017506,-356.39992658942566,55.74022783527401,237.9890350624166,31.961621878864374,0.487779221534729,-2.8800141696698422,1.7234361171722412,0.1029442548751831,2.900390148162842,-30.093762256657406,194.88017317247608,59.219290556952146,2.8941266536712646,0.004062463995069265,0.24131911993026733,-5.724122849972872,-41.715202770934454,-1.8917583567554541,1,1,1,1,1,1,1
pi0_causal_upstream_000526,upstream,9b8ad3c31be99bfb13b43981839bba8d3fe61db5c43efb9105e2f3e1ed6b4336,8497139774be3e6dd19dea0dfb073b8becd742a41666675d88f87a6322717625,dense_v1_train_x2.98_family3,f5b81b865a1977f194b732d01d228545222f2df9d8e752886ad1f03640cf1d98,2e58efe044f7fb2bfe4a427e4c761b72024e314d5061b9392544c0bc084e153c,dense_v1_train_x2.98_family3/variant_8,15,0.1719362783432007,-57.63780123577071,-209.95457825561263,69.59725756678793,1058.138916784845,31.346432839932785,1.5983360481262208,-2.8261838673543886,2.2450931072235107,0.13748811185359955,3.3284695148468018,-25.861114518568012,-269.36943761906974,40.42152737609361,2.9341182708740234,0.006453134119510651,0.30381932854652405,12.20702763654174,222.5428491223779,-0.7630175140040805,1,1,1,0,1,1,1
pi0_causal_upstream_000527,upstream,b8bcb62c07ea7e45cce12324fb5905c974cbd1a30745225166ae47269011f377,11a736acbbd0373f03d173e8b19b49c6bc973a78fbd65923a68d05627227d12d,dense_v1_train_x2.98_family3,e0490a8ced109cbe80749a11d49d0f95f69968a3010e5c594ba187eb3d816504,43f462835e409b904d7292aa281c377d6e98f58ba17ce5c7f42b5822f502ae0c,dense_v1_train_x2.98_family3/variant_8,16,0.180663697719574,-61.11364352325518,-113.3686956175439,90.32651969775063,939.4547084080087,25.686230265605413,1.62153470993042,-2.7643195691588067,2.2581212520599365,0.1546822339296341,3.301748275756836,-22.65417848625424,-288.3673629086501,34.432715058988876,2.9796292781829834,0.00945011805742979,0.37149181962013245,24.467257324076,-27.462937312908576,0.346573734662318,1,1,1,1,1,1,1
pi0_causal_upstream_000528,upstream,d77fb9ca185b0203e7418a10fff137bf16551ad301df3b6df1829a56ee8ac51d,b1883040b085591009906c0912781ccb6986064ff855a9fd137ec7b027d5fb87,dense_v1_train_x2.98_family3,663e89ba4e9c749a8c7f9816ca4d4e72315c31d4eccb2cae50b6dd6e40635568,01cb68981d144693042853f61f50ed4a784a90c39f22601a23f90501295f78a8,dense_v1_train_x2.98_family3/variant_8,18,-0.25016288518905644,-65.14956815286986,-46.17712971417742,103.86152991556054,-202.50655749403722,23.799429674615073,1.1117807865142824,-2.998774384476975,1.4101678133010864,0.061280276626348495,1.331603765487671,-22.27349106267441,128.8409865405904,38.758031388642415,3.0524351596832275,0.013979632407426834,0.46584534645080566,33.99872483912627,-56.04233734754743,1.9775206709372621,1,1,1,1,1,1,1
pi0_causal_upstream_000529,upstream,75259d583a2fa589a5035417ace47742362e3759d17f223e39f6660c3cd98753,49c30ee3636031ef437dc7b6d9178e22335f2860fa87dd2371cdc1afb0b3c7f1,dense_v1_train_x2.98_family3,b2cb668fbe868663e1b028dd9c2edda064427903545d61acfa6272678740c5e2,cb2d7c80140556335dfc9847b3586c9ddcc4480e0fe949301c6994a332b01d2a,dense_v1_train_x2.98_family3/variant_8,19,-0.20486760616302493,-61.9529713194122,198.8522013824053,95.11183902272077,-551.2667535722635,25.277833954205587,1.163095111846924,-3.1036862983098787,1.1639976501464844,0.013183454982936382,0.46127375960350037,-21.09540808179956,86.83965348494576,42.23743903487363,3.077223777770996,0.014511431567370892,0.4802728295326233,34.68172326556003,-18.495008215708552,2.7621858482375385,1,1,1,1,1,1,1
pi0_causal_upstream_000530,upstream,d3378cc8309ee096d0f3fe32219f6cc56b8df797f64f4e899868a08cacd6d6cc,359f29af5bef7f8ec0939d26e68be1168f19e362d6436ffefa4738f9fe1a1a53,dense_v1_train_x2.98_family3,2ea55a3a2a7d8f73dfa34d885ac87248018722e3f185596e5b67bea3c3075903,aa5dc38fbf2259e655a179b411bc5e8a0cbf89725186039c5540f41cfb204f21,dense_v1_train_x2.98_family3/variant_8,22,-0.12271697759628297,-36.55172660747197,332.63499371204,57.15521421996346,-618.727712381779,21.80959459131669,1.2745656204223634,-2.7370549500868235,1.200307011604309,0.01324358582496643,0.09122031182050705,-14.12576267063443,-4.41616339514341,63.32583934258476,3.1459317207336426,0.014555307105183601,0.4842514097690582,26.7782330467296,59.56515084595408,6.278371694335578,1,1,1,0,1,1,1
pi0_causal_upstream_000531,upstream,2fe8a99557e5941c83a2a1042b684623b85b1c2c386f6c89bbdac45dce40339b,c4f0b84b53c2a2e45dffd018958109b52f6c34c2d7b24da7048b98d433fe68dd,dense_v1_train_x2.98_family3,9f3e0de55cd391a421e187ec50b9a1fcd0f65546ac4e2e32fb73c79d5a783047,09c8c3ce91bb26623c48a1ca7f42ba720f25b53cfc0dc9bf0cd40b140b936c8f,dense_v1_train_x2.98_family3/variant_8,24,-0.0020968179032206536,-26.33137987311256,227.09153654355296,39.21863544060598,-142.08152681271355,21.397683431103278,1.4114805030822755,-2.137976517811582,1.5445116758346558,0.07416313886642456,0.20977076888084412,-12.57223614391503,-116.49305637033952,71.42352720744428,3.1991591453552246,0.01598280668258667,0.4911501407623291,26.010649557614396,19.18178715184792,9.3570076586968,1,1,1,1,1,1,1
pi0_causal_upstream_000532,upstream,244e4138f093678ddd117860b8a216c10a380e9c2356cec8a9adca93afaedde1,1053c774a570e9c9167c62a6d1403d9330e6c872121d0faa98575745ef4ddb0e,dense_v1_train_x2.98_family3,39c059f9f9cca2e856f33b294f0b38683e5fcfdf2d7ba970e9c1531672d73b48,575cb17f04916cdead0369554afeaa84062362e68a51452388b9e8575dca738b,dense_v1_train_x2.98_family3/variant_8,25,0.04081646323204041,-24.540528178397313,161.3469632913266,40.93208743164664,81.09978107252049,19.49588974655908,1.4568707275390627,-1.8059135735658616,1.6868131160736084,0.1106061264872551,0.182783305644989,-9.69463817300093,-153.669980928394,69.12707417451342,3.2325642108917236,0.0181061290204525,0.4976089298725128,26.621048195812804,4.673968031591895,10.93921315223515,1,1,1,1,1,1,1
pi0_causal_upstream_000533,upstream,ace92f6d7bce5ecc30640a250891c0517ac3f349af732851ce02dc06e9a76880,e4b2453eda6879070e787f34d08d1342f6a483b961e26468e128d1b21b6cc1de,dense_v1_train_x2.98_family3,820fb6c5cd813fb9f36f35b225d45ca2f7e372035f98ac87ee0afe6c5c73546d,5b9b5f8151d7e13668177eb5702e7986cb37342d51bc42e47a19747475a506ef,dense_v1_train_x2.98_family3/variant_8,27,-0.1563187313079834,-26.559641380079803,-58.26688214889639,48.45293167015274,64.87172288762292,18.51800536453663,1.233584442138672,-1.190057409535578,1.6593815088272095,0.11554066091775894,-0.017718710005283356,-7.948257839971634,29.09669465671353,68.95820457747404,3.301823854446411,0.02334320917725563,0.5064506530761719,27.210052973983437,12.520419767550374,13.898097473288496,1,1,1,1,1,1,1
pi0_causal_downstream_000534,downstream,a0837757c1676bf8eb24a7ad353eaf658eca160483e23cc32cf701daf8aa8823,41c68a79efea5b51df9040bf13677177bd504589bc255a073cbb5b94c08ce68d,dense_v1_train_x2.98_family3,e520867c0c7a5b918973320b7e5ceb991ec8c6139e7374a9e2bfd0fae1aaa27e,0720a603a7a11b1b3e37d46035d5e9b21b42a929c9d5a7ba3dd9391a1e61f1d0,dense_v1_train_x2.98_family3/variant_8,28,-0.07041174173355103,-28.910893020721673,-35.18174092412915,52.94136999265911,221.38308300130976,18.800315513424007,1.3324529266357423,-0.9040152678642689,1.778689980506897,0.151540145277977,-0.10552855581045151,-8.30588227604527,-51.806568213007345,62.93336984268666,3.3370296955108643,0.026255451142787933,0.5072209239006042,26.819200521371336,20.192679054671903,15.296652893650855,1,1,1,1,1,1,1
pi0_causal_downstream_000535,downstream,609eed2472676afb62a9252ab56f8600d8c7cf0113fcbc43be2e4f539b1ea8c9,6e76b4b5ce7bc67293e14c7830da7d93946c63a48c111c976b464c4770ca18d0,dense_v1_train_x2.98_family3,37fc0eee61e4f9ab11f70cc116361395eb48391845b840bdd3e1c5ad208b0221,4d10f9444a44949fa7ccf38d1f8e79d89f1281f68326f2cfc5015987406f2cd3,dense_v1_train_x2.98_family3/variant_8,30,-0.23035278558731082,-36.863217384570405,-273.29559427853314,73.09684159182737,384.1355762804199,17.466835958694016,1.1823034286499026,-0.4825500209349734,1.8990691900253296,0.20073337852954865,-0.05983705073595047,-8.292419973191176,71.14460960249765,52.28756720983257,3.4161388874053955,0.03504876792430878,0.5117883682250977,20.193461111331867,62.34693663073853,17.70490863627889,1,1,1,1,1,1,1
pi0_causal_downstream_000536,downstream,7f42d9a45f3256384a96672a01dc5b066af27e79b6cf3b2bd1703a0f4da76f4c,d494512144222211686e4aad99a609c694d6c700d03af9103d3e92c1594a5b24,dense_v1_train_x2.98_family3,61729e8f35213218e453ebcd9c6b299c0e3a325177ff5c91e4921c910ecf53bf,34c2fb2b8376e7fa7bf407b57b99bc88741ecbc7a7bfd3d6371bed1c54f36b5e,dense_v1_train_x2.98_family3/variant_8,33,-0.11006987571716309,-56.466362321411,-208.66472435161242,112.45330683478963,562.3290918765563,17.82507020547882,1.324525775909424,-0.38879418507967406,2.134653329849243,0.28494811058044434,-0.14304031431674957,-16.20672579657232,-45.29283878271421,35.03818400815383,3.5456342697143555,0.052556704729795456,0.5235756635665894,15.947253740192709,13.559049922367423,20.364327074271753,1,1,1,1,1,1,1
pi0_causal_downstream_000537,downstream,ce8e5fe9a5e568202e5a42c5b8a94448c58bb9f164cf6c15b3b079bb46446bd8,8de2b2ad58f206e20c61971dde9e6ad88c6705d3adada99121ff85f739fca82f,dense_v1_train_x2.98_family3,6eae3751b43d6d368c112fad75b3c8658064d185ad41d9f93044512a65cea519,a30103e455038a4eba4fae3a1a4935c19091a9ba94938e9562874a58ae4f2d0b,dense_v1_train_x2.98_family3/variant_8,34,-0.12237704992294313,-60.68168869976523,-145.5610164212148,122.41853234327071,425.62831979008706,17.479279979645902,1.3132156372070314,-0.5204474492864741,2.027425765991211,0.2435658574104309,-0.5580996870994568,-19.18435871807043,-36.049086156261566,33.489616198771856,3.587165594100952,0.05782205983996391,0.5173038840293884,15.64103757668082,11.974393954732044,21.092389536544683,1,1,1,1,1,1,1
pi0_causal_downstream_000538,downstream,dd86813ea91c8451afd312d82f11d9cc6732aa47d73d924babe3a356b391343a,46c96e1b69b7fb1d2024ef7d0804ce578985444c65411df459713f01b77e4634,dense_v1_train_x2.98_family3,8ab94d344a9f2f931611dcced60794faf3d9fe3efc72a6f27fd36cabb48271eb,84812b5374e1534e5c48213faa567d627bcace8e2e68e8727f9b95e68eed79d2,dense_v1_train_x2.98_family3/variant_8,35,-0.1434560537338257,-63.7873142436675,-99.56652255034894,129.66638758102974,298.24447214664883,17.41028890124678,1.2915956497192385,-0.7218762057854855,1.917567253112793,0.19844309985637665,-0.9878836870193481,-21.98872852334553,-18.344534025651296,32.98884038920486,3.6264355182647705,0.062185563147068024,0.5023996233940125,16.663646669025958,-9.87572868601277,21.791765936017665,1,1,1,1,1,1,1
pi0_causal_downstream_000539,downstream,794cd616b611d54aa7764c10359c1d6dee19cf720642b41a368f445b52128599,29b5eec387f8525964ea60f25c930f7b1176318af3bfcd8a884225e62d7d41ba,dense_v1_train_x2.98_family3,8efb4405abbfb26163bafa33501df39fe222a8adcdbcb9bc698ef097ab65a4fa,eaa7819ba2483b2d6432492287ff5220750a31038fb5f92955c8cb06eb47239b,dense_v1_train_x2.98_family3/variant_8,37,-0.16814802408218385,-67.5185031532729,-31.236203602895834,137.90500273903416,128.09040339231936,17.987405849538746,1.2676844215393068,-1.268446582607482,1.766422152519226,0.13051414489746094,-1.7264169454574585,-25.98999165046969,1.229526898486325,32.82010398085428,3.699460506439209,0.06853650510311127,0.4485449492931366,16.15247872663679,15.211688470359233,23.17153502131648,1,1,1,1,1,1,1
pi0_causal_downstream_000540,downstream,c912d67ff2c9294794dc169f1dd534545f6055b100e61f495d774c6e56a70805,38eb3b1b1c7a081a0504bae0471f7688cc06d60e46b9754c9f42093e6078c93a,dense_v1_train_x2.98_family3,82ff99230fb31cda23f7a2c039291d814d561d20345f6dda675f5b9b5ad7ae82,94cd36f4962a3a49a901cb21eda48204fa123c148c15c99cad4f550a31642953,dense_v1_train_x2.98_family3/variant_8,38,-0.17249702215194704,-68.44196521962613,-6.348780361837327,139.98639360556882,79.69620451883954,18.433135476637364,1.264824676513672,-1.5816296257926805,1.7242026329040527,0.10950598865747452,-2.027533531188965,-27.020084922597874,3.562691130988943,32.9478558390902,3.7341692447662354,0.0708681270480156,0.41143983602523804,14.702161480918159,29.82817718097063,23.86245775289034,1,1,1,1,1,1,1
pi0_causal_upstream_000541,upstream,74708664ffe1f3fa3e2e50832ef6fae9b7dab10e14bd2a486599c929b302016d,41c428eb04c475740ff68af9369aa616daa6ff1f043bcbb7894d11291026af32,dense_v1_train_x2.98_family3,b2c6e0a0b2e5e77d15104e0653173bb6a4336ae9aa3292a5b28607e5a757c706,488c50355a6d60cdf630994109d67e4fdc1c6e07c8d55c1b028bfe2d31ba6f78,dense_v1_train_x2.98_family3/variant_13,11,0.3518004417419434,-31.578720514299047,645.2873674222373,94.48476618521107,-1136.4432653546194,0.5459650863209701,-0.32623513698577883,-2.2950132055412156,0.3243214786052704,-0.0010422245832160115,0.12232482433319092,-16.116842214642247,37.08153755120069,20.908634851398272,2.833983898162842,0.000711676781065762,0.11849502474069595,3.471799455826056,120.81802777543997,-3.60018198932435,1,1,1,1,1,1,1
pi0_causal_upstream_000542,upstream,efa93e423d4b211ce749e4a19b393fddeaf2add1e213fd024e28277b60f15c49,7de50dcf134dbbc9e907ab795f5c63d82a07afe0d5a6d50f4c7f8c45ec7f13de,dense_v1_train_x2.98_family3,124489b1b8a1cf8a96f2ee12197b947cfb519760a5d34aea34511e048354ded0,08288ce506c3d5f0271bf01b104ec82f119fd0651995e16de806b2f7d5780201,dense_v1_train_x2.98_family3/variant_13,15,-0.44706927776336675,-44.24888876430737,-311.1390769976892,37.48712101430522,1102.5418126545578,35.8014242072423,-0.04839839994907379,-3.1977163206963044,2.179208517074585,0.0893549919128418,3.090736150741577,-22.161458884813275,-190.28416620073116,23.389800105148367,2.9118354320526123,0.005520478822290897,0.2894171178340912,13.338100132906682,72.44584943184428,-2.2948879628616683,1,1,1,1,1,1,1
pi0_causal_upstream_000543,upstream,36d8334c0e137d6a9380b1cfba2182cf57a74d93e6692e58d434bee71b05bbcf,364cf706b68ae6d0c84cc55164fc4f9e76a9898d2f3623cc2b8c51a8f03d2ae5,dense_v1_train_x2.98_family3,208074a013b8078e1482eb9113a9e8c30aea1b85959c1dc1aa769a07aca1e005,f104710f6c5f2ba84c06428a657f9165e804900ba2626410b436812b6af1dfbd,dense_v1_train_x2.98_family3/variant_13,16,-0.3592019128799439,-51.095716275138265,-289.0506003917048,65.07754380807208,1321.1231657187066,30.190910273614705,0.08343145728111268,-3.200753059517501,2.48922061920166,0.12967564165592194,3.6802353858947754,-19.86852169175768,-298.2017698039579,14.796269534849888,2.9604194164276123,0.007815848104655743,0.35911956429481506,32.994922672660756,209.48377331612366,-1.5991144755886193,1,1,1,1,1,1,1
pi0_causal_upstream_000544,upstream,64276dfaeb5eafde97f775ef5a15183b973973ea3d4e0cfb3f27d61fedd2971f,8e06ef25daae5970f560e63069da92a94bc033cbada0c460fbe3b9d9c09b5579,dense_v1_train_x2.98_family3,ac66d04f3c8767de8daaa33c4cb5af3dc9784ad299651c5644ba59ef270f6272,c03e207ca311e179c794c53a2b62aecf45f11280eadaf7937b9b61941d4679ee,dense_v1_train_x2.98_family3/variant_13,17,-0.6795359802246095,-55.41188356639858,-222.9705145870691,81.91662388592982,442.9498161290228,27.08421525259774,-0.3740560579299927,-3.3307116496786464,1.927065372467041,0.10170669108629227,2.8479387760162354,-21.34890030756083,14.612976285830717,20.194953507665517,3.0044937133789062,0.010137656703591347,0.42429107427597046,34.05856754153933,18.942563191262806,-1.0018683040969878,1,1,1,1,1,1,1
pi0_causal_upstream_000545,upstream,361e04d373f350db1a1d1e1d0b28f9d9e5b8b2b02760ce1391b7e07f765dc491,bff3ef8ef78b2300eb44072a03c7262aa75b635e802d635d94f22f102eb21c7d,dense_v1_train_x2.98_family3,5ad61546948df37cf5debb1e8e823a6b69db766fdc968d8f524e695ae71641db,41a7ed384d3176fcc1d8ccf7e71f48087e87026c3b385e8006794a30e841d5e6,dense_v1_train_x2.98_family3/variant_13,18,-0.9293305492401124,-59.07455884843957,-180.92371979230884,83.96775018425215,-234.18858120443812,29.557835945714526,-0.674303150177002,-3.6133897264473593,1.414361834526062,0.056243833154439926,1.856078863143921,-22.68992940391738,260.42000467414215,25.0631486404773,3.0379443168640137,0.011713922955095768,0.4709436893463135,32.9264466111368,15.296215476432726,-0.6638827994421687,1,1,1,1,1,1,1
pi0_causal_upstream_000546,upstream,1a72d860dfaba3e2833e2e3937501942d339de75acbbbe5920c953b2eaaef86b,9aaf3ece9f54c2afff161a6db97866bb7547d5304d21d3766a73758583ebf506,dense_v1_train_x2.98_family3,06c2968577c5f14774c328f9e2544652b465427a118ffd6ff4dfae13ccb5a499,5497d50f079f8e10bc28cce696042560fa24d7ab55f3fb07eab7968d63b339ed,dense_v1_train_x2.98_family3/variant_13,20,-0.34265357017517095,-47.38971710319188,439.3321927747472,67.64034006768759,-75.47686198925334,28.087704977053917,0.002575876191258431,-3.8282440881151647,1.5572859048843384,0.04063843563199043,1.0937062501907349,-17.934898552821657,-293.58139271725446,20.845288261940986,3.089824914932251,0.01251260843127966,0.5134975910186768,30.52764660858788,10.023695342870989,0.5727072184667164,1,1,1,1,1,1,1
pi0_causal_upstream_000547,upstream,d1caf0f0f6bbf45eb827cc5a835c7358cef1300c0c41d58cbdf3732ae175307d,39e4e667b0c339b14919887275f755325faf7c5bbbba8f800874dedc84ecb31f,dense_v1_train_x2.98_family3,79a203bb2e7aa047d6c9ca595a3105b618dcd45d414b549b7617a4e0059abe5a,043b2caad093d6ddaa1cb98812ff1d8e67c40d13bcf0685a566b9421c9c67aa5,dense_v1_train_x2.98_family3/variant_13,22,-0.46900566101074226,-31.894828499276407,319.1969790106334,54.962573232227626,-199.3624028530269,21.855709390021442,-0.16851550579071045,-3.7526982230613033,1.5047606229782104,0.0472688227891922,0.8022618293762207,-12.936538797449646,-153.53015329570553,28.717236667184302,3.145958423614502,0.013683867640793324,0.5453988909721375,26.81247790768075,34.29382999240584,2.2358065352438983,1,1,1,1,1,1,1
pi0_causal_upstream_000548,upstream,1c2e533cfcf108fdc55ee3a8aecf02badbd126ca57d79e0b930470de009d81ce,7bb0eafa1cc22fc110957ba75a6bef5e1620b686f2e10310046e48edd9dc43ec,dense_v1_train_x2.98_family3,71981b8fd1f46d88670b8662a2712449a38f99944e2708d2dbe940b0482b9b59,d6198355c2f8961c4eba586ab058256a2abd37a1ff91d35e6eaf066898eb69dd,dense_v1_train_x2.98_family3/variant_13,24,-0.5763237380981446,-19.803938838060628,143.45436751512943,37.574031756399044,-113.73945877625971,20.01184905390563,-0.2931724643707276,-3.5970703902628784,1.5783421993255615,0.067646823823452,0.6637770533561707,-9.734494034355247,-51.53706943892615,37.501792260642404,3.2003707885742188,0.015003847889602184,0.5670750737190247,25.99218072609868,13.693573059391763,3.9262502379396955,1,1,1,1,1,1,1
pi0_causal_upstream_000549,upstream,5216c08fcb635d4f84563cd48c05586de543ac0e1dcd1e7b011340212eec3130,f473dd060dec452aa04b12df634f6fe8428a0b64919f4adc439fc13ceee2790e,dense_v1_train_x2.98_family3,00db9f797456f5c948794e28bd4030b3aa309c1e4a090b04cff82c662e779eda,1d73ae25771412f02bd4ae28a53b89d8ac885b0e16d4343e9781af5b7c4ef6d1,dense_v1_train_x2.98_family3/variant_13,25,-0.673797664642334,-16.590742937372536,34.84667916420501,33.77802435157023,-114.87654183909426,19.34944338693928,-0.39958905220031743,-3.4873309029512924,1.5740735530853271,0.07222997397184372,0.5679655075073242,-8.540807486321505,35.558876649340576,41.82307877868564,3.231174945831299,0.0162503644824028,0.5778878927230835,26.600528599998793,-27.747257597488694,4.798830511658453,1,1,1,1,1,1,1
pi0_causal_upstream_000550,upstream,5559c73c59a84524d96839df97c90ea4751aea86f7d56f6c35b57c04f0acedc7,3595f9695ff924d83e5d6e4d1f45d600741d02c84bc1426b8c6762c9afb5e08c,dense_v1_train_x2.98_family3,c4952412ba4483944966d1749a6027031af279c0facfd06516dca13ff358a5e5,23a2217b74a56b0e1fa1a2c41424d6f0a8a91a36dbd59f292a4767da2b1fc832,dense_v1_train_x2.98_family3/variant_13,27,-0.7106748771667482,-20.35965327421662,-217.4090603761429,43.338441623417594,298.6279736081667,19.314124168945792,-0.4446501970291138,-3.295346487148042,1.8296217918395996,0.12419930845499039,0.5321559309959412,-8.413101731862485,72.40816044800415,36.70011588228508,3.3030846118927,0.020665649324655533,0.601412296295166,21.71047344674838,45.47483600333837,6.414077102465424,1,1,1,1,1,1,1
pi0_causal_upstream_000551,upstream,ed306ec3e1f36dc0f9d741daf049db6ad54b0cdba12e595da520e2798dd9a18e,610a314a64cb41a876f0ec53aaa260ea2654ab4d43c460d736f1ddcdb3deac47,dense_v1_train_x2.98_family3,acf7b9ea880ecc20dcc4b609504f0c823dbe0c2b78dcb100ca4cd1099eb4eb85,ffe2dd6dac303b344514f11deb294b01f46acdd1af2c64b5482c9bd0e96ff97c,dense_v1_train_x2.98_family3/variant_13,28,-0.6145917034149171,-25.43982332791975,-244.046210742924,54.00898661654005,560.1935922514167,19.49937002036166,-0.3437645769119263,-3.2458540447834063,2.057939052581787,0.17197366058826447,0.6029433608055115,-9.432203522068823,-10.16473704168446,29.6919319825018,3.3434340953826904,0.0238818246871233,0.6139828562736511,19.731596889466434,33.983292026696624,7.103732944256067,1,1,1,1,1,1,1
pi0_causal_upstream_000552,upstream,b5d6a3c2c52421ee9fc2ceb0b0b986ca30e709ab8a52edb916a24132ab8ac412,bac11321834d8927916efa2be388989971c279fdb06120a9df5287855dcaab1c,dense_v1_train_x2.98_family3,8b8944125e76aa4b79b212f6e89eacdc32280b8ac914c10c346036c1a81d7883,a259df9cd192ca9ea102241da9bac59b15c64c5f9bf1c8607917132af6581082,dense_v1_train_x2.98_family3/variant_13,29,-0.6751708602905274,-32.26993907339892,-339.2223833174371,67.14017214495672,617.4431996857098,20.09474507233665,-0.4083779382705689,-3.2538003087274503,2.142451286315918,0.2002137154340744,0.6633293032646179,-10.875436154070856,42.68155842527537,26.783032962168825,3.386467218399048,0.027839476242661476,0.628285825252533,18.496256432779372,20.561881515162355,7.679504674232742,1,1,1,1,1,1,1
pi0_causal_upstream_000553,upstream,3aab91cf3b5825c536f9037bfbd68be24d62251aa763ef4c8e37aff49363dc9d,437d47a35263fa41d366294daee23a834b1e145e14a0ddb308a2e399e72f0420,dense_v1_train_x2.98_family3,e132a9c6fe055376b40294c7324a1bd215c6c85f799b47746cdc2689b30b2a18,ba6029db4ca5010fcd506b58d31b755471795e7635977223d8e3fb1a7858d9c1,dense_v1_train_x2.98_family3/variant_13,30,-0.6321194744110108,-40.94451496084148,-400.345937445178,83.62755212207216,836.3946397198466,20.803790378990435,-0.3620749425888062,-3.3348707529301027,2.4056954383850098,0.26757022738456726,0.9505643248558044,-13.828195234159068,4.785382077333143,21.609565939497905,3.433563709259033,0.03290417790412903,0.6470336318016052,18.31931184459373,-0.5614850388701541,8.152778719894691,1,1,1,1,1,1,1
pi0_causal_upstream_000554,upstream,915dc3a28c39df90779ac4414da9d1335c746c301f281a14f6df45abe6923366,2479c4c214282accf0ab91c54ad12fafb3df40659adb47974b598b93ea1a85e7,dense_v1_train_x2.98_family3,8c9815b6388da33064cd3ddfa6de62f744f8ab9318d9ed2fab4ceee90c9b621b,20894cb4fccac27a4d9f869ddd8062c499d351c234edfda3dbcb2bbca9c4b650,dense_v1_train_x2.98_family3/variant_13,31,-0.6425351333618164,-49.01637446535461,-379.65822335493647,100.4475213306322,777.911609404476,20.938488448024955,-0.3730515289306641,-3.4949939576457223,2.4148061275482178,0.27525794506073,0.872407853603363,-17.57971334805536,13.784792797078223,19.227160098504314,3.4825401306152344,0.038524117320775986,0.6664240956306458,17.285128996700003,9.840077659866242,8.581830407140652,1,1,1,1,1,1,1
pi0_causal_upstream_000555,upstream,769c4251e3f171d4a3bbb9557640e8c334d6de6836b4bb240155368d9c8f8cac,e39d5c18b79f8e8ba690c56cc6fb7be82b8928770467def98a7baccd409c6bcb,dense_v1_train_x2.98_family3,7922dae66b275ff2f2498de24ec90132c4698b0d281bc797aaa903c0933cb3fa,2f4bf5dd4e4c946fafa6f650c517ed2140e29c6e66224ed6da4693935d245694,dense_v1_train_x2.98_family3/variant_13,32,-0.6560814380645753,-55.11741020561723,-291.06258287589384,114.00740026721013,584.2953080963974,20.918937992032,-0.387616081237793,-3.745727957289373,2.253185510635376,0.23281419277191162,0.4439625144004822,-21.816577020409945,25.70509762999929,18.49503553646523,3.529371500015259,0.0436130091547966,0.679241955280304,16.249604016634372,11.884937259625096,8.983757368351611,1,1,1,1,1,1,1
pi0_causal_downstream_000556,downstream,1f81c3bfa8c3c37daed36fd1908f5b62919e3868c4db959f10693b37013c150f,ad010539616dadc94cccd357b75eb9336079ec8f9a48e75130f5dab9696a0b13,dense_v1_train_x2.98_family3,af4fbcd95afde5e01fb327602d9fb0ed6896226b2634fe4cff1dbc69269273bd,54c2bb5cf125c858eca1e701deb944483f250a4d988a67120316f91ad0d89b63,dense_v1_train_x2.98_family3/variant_13,34,-0.6913325786590577,-62.80422462586006,-167.67190970805518,130.77061060376738,284.1036583004047,21.769992386664224,-0.42559405326843264,-4.525063146179039,1.9490578174591064,0.14077159762382507,-0.4544036388397217,-30.027908987774726,56.78377828761441,19.062279331940207,3.613278388977051,0.05098621919751167,0.6774700880050659,13.936370916460085,13.396533255029787,9.716358795362634,1,1,1,1,1,1,1
pi0_causal_downstream_000557,downstream,0867f339e48bb7114198557ce59ebc5409ce5d24d0657e7829dfb3660ca6d299,fd48a5138e009ea909b5d2239d4126d75e43fb091c35efa2ff62faae6f24028c,dense_v1_train_x2.98_family3,5e7a10c49e59b231a7ae6e70fb6690547bcc694c591356713be7f1351c320001,6bbaab14f5da4d20212c5f52593eb2fa65bfcc5f628123bd9314c3bbdad46a60,dense_v1_train_x2.98_family3/variant_13,35,-0.6881248950958253,-65.07062482644285,-127.88302518873942,135.38892497334155,188.04428762469553,22.598920575341843,-0.43842518806457526,-5.004950400394672,1.8434945344924927,0.10612308979034424,-0.8336174488067627,-32.70343751964129,67.29970487340071,20.2151828204398,3.6512718200683594,0.05342420935630798,0.6638937592506409,-2.2460436755352244,-178.28741703684568,10.10575129452071,1,1,1,1,1,1,1
pi0_causal_downstream_000558,downstream,87632b0b651d6659857abcb0334ebfdd06ec97894e038571b11ab1ad4fe2602d,3505a2131a0cb49ab86b5cb1ec36866b75d4884720c90f6c029a731171bc0298,dense_v1_train_x2.98_family3,9619734f8d9de46b5f55e6f406d9d5d73a72eb2889ac9d3c0bab924f6d3381e3,f5ea99d3ec78526b98ccedfae956c51d984bae502e3ecba1d9be7955b4cdd4b4,dense_v1_train_x2.98_family3/variant_13,36,-0.6883068084716798,-66.55840395221172,-93.65267838957426,138.38434541498563,120.88915736545648,23.547161612232337,-0.4426938104629517,-5.540520438864345,1.769533395767212,0.07902180403470993,-1.1639310121536255,-34.71661870202963,70.78525968988494,20.09195254743443,3.687483310699463,0.05523255094885826,0.6431903839111328,-9.9578898853125,85.48057561370744,10.46461336486147,1,1,1,1,1,1,1
pi0_causal_downstream_000559,downstream,d86b5cff03754618cd463b660012742b9ca86491ba216d6736c2c14b3fb3eeae,fe67c6ed391549ceedd8f0b9f3803cef7ff05905a802a49b371c848904a8102d,dense_v1_train_x2.98_family3,f2ca28b8f564aac60a2299e0a0d3c36839ed707d13c048bacb635dadd3704cbc,562125e2e6fcd506ce7a4bba49072894c77bab2ce3cd07d14f9b3e63781b106b,dense_v1_train_x2.98_family3/variant_13,38,-0.686905508041382,-67.78603483287313,-47.22225452512151,141.43151136978176,47.32251828704271,25.470596621548186,-0.4410411357879639,-6.688955156990028,1.690741777420044,0.046436626464128494,-1.704905390739441,-36.61515174410471,69.41952238420586,21.70191180462377,3.756697177886963,0.05757184326648712,0.5840075612068176,-12.863266235581042,10.34193007800116,11.16275437249983,1,1,1,1,1,1,1
pi0_causal_downstream_000560,downstream,97a92f3d8ec6a3d63f74cae73f8fca540ce9614882298cccffb9ee6ed184dca4,d690cc770cda8b8b77c695cee3aad32f8f5a8e92c4c5d8cbccd48b02403283a1,dense_v1_train_x2.98_family3,1ba4a22d936e34c820fbe6ed986e4477e40fe240804e019dfb35610e26cdaa3c,0b45ab42adb25660a487e755317c4395a205fb326dca3bd8ffa36f98fd0ebb57,dense_v1_train_x2.98_family3/variant_13,39,-0.5855311584472657,-65.14833871881926,104.45895290188322,141.97604137117187,26.439783512977126,24.774744651695837,-0.33402343273162843,-7.172838552724877,1.6886522769927979,0.029955223202705383,-2.0344443321228027,-36.086136517414296,-18.189101118256605,22.890096635281065,3.790588617324829,0.058139361441135406,0.5447497963905334,-16.374133733129337,56.786626476498306,11.748105170515762,1,1,1,1,1,1,1
pi0_causal_downstream_000561,downstream,2ca5c766cbd07bc7439ca05a4bcd8613956578dc6c0d42cc54a98c9088b45db5,1b2c89ee4007c2b0c9961f83b1d00148794422341c41bab39e561b2b7459015b,dense_v1_train_x2.98_family3,d798855f220fd3832818d45b77cc306121aef080e8b15cf5e8da46b5079f0b77,d41eab08a71fbbeb03efc575347ec1055a16167b015e53ad4d1bd34465252b1a,dense_v1_train_x2.98_family3/variant_13,41,-0.5464822673797608,-56.99369049137641,164.1210856038623,142.51756608932715,15.88799672650097,21.837640944095643,-0.29354573726654054,-7.961233088743986,1.7003512382507324,0.029210109263658524,-2.453068256378174,-32.95473725467899,-51.32462323498208,28.601615224914326,3.8585376739501953,0.05903470516204834,0.45252668857574463,-14.80621770537601,-16.924949216103137,13.279930119429707,1,1,1,1,1,1,1
pi0_causal_downstream_000562,downstream,fb8fe59122e0496036603406e56c99426a2e5cae9f50545a095ab78807d2c885,36d2ea2c99f1e1bd58a230ea123921e9abad94f846a12c8c3b6c04ee9a0c8476,dense_v1_train_x2.98_family3,c793a8230e20f16e0a1dbe6ecefe55d6a7aa67874b85ed4f4c410a6e45a7c42e,20b97de5319c92d75aec2f505ad5a7ec6f6bea6947113ce6ed8971f6ed140f17,dense_v1_train_x2.98_family3/variant_13,42,-0.5436625766754151,-52.16462380477234,168.7864463164395,142.64634247593858,15.087163876506146,19.975043326614625,-0.2904698991775513,-8.273424561816249,1.7106853723526,0.03447837010025978,-2.634369373321533,-30.731770227028296,-53.85537566210647,31.743970111078337,3.8927643299102783,0.059531137347221375,0.4004618227481842,-14.590491303083036,-8.359261058182566,14.204579875573392,1,1,1,1,1,1,1
pi0_causal_downstream_000563,downstream,5e14f9c6f51e9d96780e385c2fea93a480fe72ff9eb97804879e09bc7a22f609,cdc6aa6c70b30e337f55f4913be398668fe4a808c0478965c7f044c2524c5e35,dense_v1_train_x2.98_family3,91c9d8ce6d29d4a66d20627daa3b056f05d6bcee62af17c1376a40563f440124,b4b6d3f51afbb5fe9bf8542c81526ede5b22f3b1a49683c82c97a00ef58b4295,dense_v1_train_x2.98_family3/variant_13,43,-0.5558824825286866,-47.582256720799954,149.03116233093147,142.76510580522677,15.95247371226589,18.28169075734833,-0.3053074884414673,-8.555666124514879,1.7180330753326416,0.041428107768297195,-2.8011672496795654,-28.40342021067348,-41.71415092180227,34.91975877322956,3.927164077758789,0.06016278639435768,0.34504464268684387,-12.514468965236,-36.39641493593505,15.165952129920187,1,1,1,1,1,1,1
pi0_causal_upstream_000564,upstream,f7a94f700596a262392815bc4fe4c2cb5dfccaf48a835427d98ffb4c9af76d59,0f9120253c61bfa8aa01232cdea3f865c2102ba9cf314e39eb06dbfcf1b5fdc5,dense_v1_train_x2.98_family4,9285ee00aaaa1018a7005bb1e3456a255c9cc73bcaeebf9d29beb07c9558995f,d08631b558576562e74a9f5ba2cc13deab7c86e8a397e416d68111437cecef01,dense_v1_train_x2.98_family4/variant_4,11,0.057039093375206,-38.35673045414749,187.23560688734437,97.58368448334838,-877.3763211550568,3.8720182661426814,0.4628622961044312,-2.4157626483979002,0.561994194984436,-0.019359027966856956,0.775820791721344,-21.894116742962513,249.02795947823455,20.05279507292275,2.8367745876312256,0.0001485661487095058,0.12755441665649414,3.5107594951820436,64.10373641734668,-3.779881565797662,1,1,1,1,1,1,1
pi0_causal_upstream_000565,upstream,64a0785e49f6ebda9ada07501231686b579e3c986bc76aa117a9c2c9c4308820,8dbc3e1a0af3894b6f428b8edc7c98732a5bfa4f771661656f0fb4036ab90240,dense_v1_train_x2.98_family4,4c88dbb585f4100c09ce73f3028ffb6de5177e3972edd1191a40cbcf1eeb3e49,99583c5d3d08ba2db8f1fad21ccedf0475b81760d09cd3fec48950f7eac77c86,dense_v1_train_x2.98_family4/variant_4,14,-0.2282696104049683,-55.361323091067554,-267.53386526076383,67.67998248563033,484.15774075030043,29.77622980990251,0.7447599029541017,-3.4061025370157454,1.8649388551712036,0.09099584817886353,3.0859198570251465,-24.850026247805395,18.282138540035934,34.42529064336107,2.902575969696045,0.002778728259727359,0.2570600211620331,12.764691237932125,162.6456417997345,-3.083791632478595,1,1,1,1,1,1,1
pi0_causal_upstream_000566,upstream,92a19cf1cd0ffc78c95b2c05ab53b588191b33c5e3ac17869b4be3fe288ffcac,8d6a7fda2b9c0d7b4f4150b6cc87107170d4cf7c8d2c78b278105dc99bc588c6,dense_v1_train_x2.98_family4,0c52c2327002db9452fa4769aa5a1e91e1254cea20dfe62dae417bc15bf433b1,ffd634613f047e4e29adf8f33f4601cdbc83baa00943e3b109f128b4b8e337df,dense_v1_train_x2.98_family4/variant_4,15,0.09600717067718506,-60.05192476772255,-139.8566609924736,83.76392367904063,955.2840269793501,26.993327654252933,1.105901746749878,-3.4966738941453395,2.2186474800109863,0.11608441174030304,3.452716827392578,-23.49187045210504,-277.31925871858766,23.580616807538306,2.9442524909973145,0.004910415504127741,0.32408517599105835,27.728088671583055,95.7538016726211,-2.2980171409841614,1,1,1,0,1,1,1
pi0_causal_upstream_000567,upstream,c1873fbe5656c9a43a78100127354c67243e6de585ffc1d8c57f7f2274757587,33b435dbd66d5a860af99f959b66b4fe9da09ac8c7a3a06c59169573f3f52fd9,dense_v1_train_x2.98_family4,85698d633dd213ddaa425e02df5d457fca332638abdb780671e1fea1365961d4,b0923ca3aace20676b56c1eb4aa72d1657d30fe0448ec3972bbcabc78344e4a0,dense_v1_train_x2.98_family4/variant_4,16,-0.14308770418167116,-62.56643842009523,-92.5999618233677,95.86053020859171,317.908040351982,24.21195345983808,0.8259883975982667,-3.6617703060458293,1.7919812202453613,0.08510995656251907,2.53174090385437,-24.112239458944373,-48.21704425697718,26.345502996768857,2.983973979949951,0.006949450355023146,0.38403812050819397,35.58867334959476,-105.88019915494698,-1.5833472500976618,1,1,1,1,1,1,1
pi0_causal_upstream_000568,upstream,b9812f431fad3f895c924b43881c772ca067a48838e04de2b2596573bdce9c42,aa689f3ca57184364101b7011d1cd53d28155768879a03757c834524cc31c5aa,dense_v1_train_x2.98_family4,1143178788f4fae3f3eb404d32ccff956630bd89037e014f4c3adb5cb5c25c73,e61a02a081425fb3ac338fa8e4112feb2560e8e360da48dbc9ebfc96269f17da,dense_v1_train_x2.98_family4/variant_4,18,-0.35061960697174077,-60.6031620148776,231.74900155744965,84.97617297369118,-799.6640680240524,27.765820127197333,0.5675629901885987,-4.174498003412289,1.0032588243484497,-0.023499388247728348,0.4403000771999359,-23.635116594473132,163.34260796302092,35.392401033605275,3.0383753776550293,0.008137051947414875,0.4405660033226013,36.163689900345204,-21.449671211027905,-0.5426517951348527,1,1,1,0,1,1,1
pi0_causal_upstream_000569,upstream,f4343e898ecb5d2c8a49d73c79ca0d144e30a0a631db1c34ab4c04a0a906f892,7fba46c2d4f2ecb93871a0cf93e3eea374f2f5c24604abfc5c341c9275e72c10,dense_v1_train_x2.98_family4,3f1c210d148ab0b2de262f28c1d5c4dc522e6a701591eeb227b787dedf8a7a3e,6906c9cc7123eaa8555c0259c13b14645dcaafa18788572cf4973152019af1a5,dense_v1_train_x2.98_family4/variant_4,20,-0.19902713537216188,-41.019571909630756,374.29944817744126,57.70379452353137,-714.6738385210494,24.160148125110258,0.7630698013305665,-4.127267640999875,1.1305042505264282,-0.008931109681725502,0.3766622841358185,-18.391384000715703,3.3482870106306,46.02319432575826,3.0831472873687744,0.007273365743458271,0.45281970500946045,30.578671536782462,69.19957663255312,1.4444836247911446,1,1,1,1,1,1,1
pi0_causal_upstream_000570,upstream,a39d8218879563f1c1dba73794c4be729cbf7c417cbd3a738d74ef105aee3174,234414b54d010afa70f313cfcb8d9289cccc3e182f63e32ecfadc98c0f88a02d,dense_v1_train_x2.98_family4,fa1f3c6095dc7c3e90556b076827c488b36d414fe2cb6c93d06acd40cd79da52,6fafca53f005388af368b5c3408822fe98f51ae9fc8be8c1364e092ae2a9e32b,dense_v1_train_x2.98_family4/variant_4,22,-0.15957745075225832,-27.408232620298648,349.1472492381126,33.103102623830004,-580.8075949401355,23.79569650448788,0.8124348831176759,-3.8963384708047926,1.2925342321395874,0.013607745990157127,0.4125218987464905,-17.380623579033244,-37.07646272064737,57.639235575496414,3.132261037826538,0.007521347608417273,0.4705718457698822,29.841550691365516,2.9990152555816545,3.7707666821445907,1,1,1,0,1,1,1
pi0_causal_upstream_000571,upstream,85c0e28ac972fc8809e7a957e47963fad3e7722d8c96c57be4309ca866a186ea,5f863772d7178f01081c5257cb1a6729aeaeee4c684d212ef6643659fb13c5a5,dense_v1_train_x2.98_family4,ee7d46c961e22d477fc45f736311c2d7da476ccf3424354d67faf908fe387de8,27552d002a89fdb1cf10e3470c504aa0c3347f5fb738998d9082fba6c2e75db1,dense_v1_train_x2.98_family4/variant_4,24,-0.007520246803760529,-21.741972571653186,205.1061001713874,33.06815596094163,54.35902015112487,19.733591399166002,0.9862093544006348,-3.5049592007350396,1.6680365800857544,0.07797683030366898,0.367512047290802,-12.263865055720002,-179.22723740626108,51.79725183497945,3.1965548992156982,0.010208213701844215,0.4929094910621643,29.761582836563004,14.007917148015968,6.397983376509353,1,1,1,1,1,1,1
pi0_causal_upstream_000572,upstream,cfa0d3fbe27772dfc0c8b5ad3441e5bfe9c3bead662c0d13b3134040a62dcc32,95fff1d931b502a1a15fda0f4584b69e66e5c4a9ead271ebc7a1a634989d0ed8,dense_v1_train_x2.98_family4,61c7f95a0681e2120638613912c54f31e1053d8b5b7575fff9e3ed5b5d3f605f,d1609caa416c6a6f03f9789646f562569410539f3a4074687cd73abd4a11e4fa,dense_v1_train_x2.98_family4/variant_4,25,-0.07571964025497437,-21.21971240205192,107.63762731895878,36.43584220291895,85.26390152266714,18.189938572179766,0.9052024269104004,-3.3330554612988847,1.6879669427871704,0.09103570133447647,0.29302579164505005,-10.661683676448016,-112.92437815165623,52.396426764824234,3.230832815170288,0.012141191400587559,0.5020503401756287,30.338733821429084,8.056416446799725,7.626994093494775,1,1,1,1,1,1,1
pi0_causal_upstream_000573,upstream,c49edfedb674ffaec1ab1acd83d8baecbc57afbcae2cf61cb6e1fb8a31fea3ed,d5b3f3610872632e515d0e1bfa810dff20aabd4e0d594bd90b6e8695bf0000e8,dense_v1_train_x2.98_family4,22fba6b7e72b81d5648c87e40250b9d4f1b5d4ed45fa92e35f49eeb965467f1f,b9c86676d00c06d1369fc28e98b853e458292539826657a5856a6c0dacd7e801,dense_v1_train_x2.98_family4/variant_4,27,-0.07612914562225342,-22.074109303065274,85.5831513946627,40.288526517480534,135.34491123432997,17.783006645414716,1.1013110542297364,-3.0214053745601777,1.7365190982818604,0.10885553807020187,-0.012405531480908394,-10.066050199687883,-115.19104472961666,49.95298123076553,3.297987937927246,0.016050228849053383,0.5105878114700317,30.01576149633586,27.50974972193255,9.952651072356483,1,1,1,1,1,1,1
pi0_causal_downstream_000574,downstream,f99d235098dd10db5492bc80887aa51538b386aa1c476f31ff56935b381d0dee,5e31925dc24244ec66d5fc901bb2db73e5fedba13c7a47ff319138e313f98937,dense_v1_train_x2.98_family4,f163664be443787a3c26c0519204866e99c28477c8df0a048474d6d0501b4950,32801044abbd9b4c2cea945f805b06f1f00cfdf21adeca9f34d19624fb1f6053,dense_v1_train_x2.98_family4/variant_4,28,-0.11789111614227296,-23.184650250785158,21.923629990366138,44.965150211999095,177.64342582076185,17.014764001207617,1.0592582893371583,-2.883468488166662,1.766156554222107,0.1230011135339737,-0.107536181807518,-9.560138087865038,-80.81978429768498,48.26590401520487,3.333576202392578,0.018589463084936142,0.5116385817527771,28.997069517479723,39.27225584068517,11.06177056575557,1,1,1,1,1,1,1
pi0_causal_downstream_000575,downstream,5a0aec3eae69fc24681038f2f024935655c38d8298c1a57315dfb0a25cd80166,0707fb48657fffe4db5f7cc49417c23189afd1bd7a75cf69af789ec067542502,dense_v1_train_x2.98_family4,57d429d5670d8c53530fd403ba833d255b600af11b3721b8741fe0fa2004c0e3,d287b1eff56931de0c2bc6d427c6b28aca8b1244ba712149003ca22b68365bd7,dense_v1_train_x2.98_family4/variant_4,30,-0.33464554309844974,-31.002006661539852,-229.67705001234793,62.030733023112795,236.28320897758428,16.833942997472413,1.1841488647460938,-2.7392349335234387,1.7912013530731201,0.14683771133422852,-0.19985990226268768,-10.831366919772288,95.31660126384858,43.48938538898029,3.4102394580841064,0.02564273402094841,0.5141207575798035,24.04696163349927,56.42222222389979,12.96518903476883,1,1,1,1,1,1,1
pi0_causal_downstream_000576,downstream,9a9e9c84e7c59811fa6bcc98f3d7c56c4030316f0263149a9ce48ecd70af1724,4850e332da81740f8c2219ec3182a77187784f05248ddfe96b8e3908a7ed4126,dense_v1_train_x2.98_family4,0a3da125cf64781266b3ca1a8b4651035917af41136dcec50cec78de25a110f7,d66b6ed3d4e23e435fa9a609107712328d4f0cc2e33abfb1114e5616d67017a2,dense_v1_train_x2.98_family4/variant_4,32,-0.3819192218780518,-43.63458838054559,-389.2662777811501,86.67662369964673,464.66678508567185,17.388305981930042,1.2825091934204103,-2.823422483945985,1.9923940896987915,0.2223251461982727,-0.06660319119691849,-15.133923351564054,125.36052704522699,33.57990446941025,3.4941585063934326,0.03561350330710411,0.5197682976722717,21.08277906202421,34.44646422978811,14.449786069745036,1,1,1,1,1,1,1
pi0_causal_downstream_000577,downstream,c83cceea1dd510aeff4ff607653a9db617c8a876d189b0cfef71d206d275cac5,f45a682b8447dcd2ba8aa73205b01c612b661b9c55881505cddb555c0a23ba06,dense_v1_train_x2.98_family4,da3d68d7b7a7a90f0c53a4a2cc8a0e06f9088216cda483ae7ce4c7502b723d64,87f3394a2e5a932eaa295d514a59e7ab02bf31c511d17812a4c7d7ae9ed8b322,dense_v1_train_x2.98_family4/variant_4,34,-0.1723835349082947,-57.08334696951658,-195.9071604160792,113.0036288365959,580.2599230517271,17.84242358707872,1.5129818916320803,-3.2410083226856075,2.171478509902954,0.27980467677116394,-0.21037982404232025,-23.985629949847137,-63.253937941192035,24.38879552598548,3.5818381309509277,0.047328881919384,0.5234514474868774,20.0266354484016,33.57128135558311,15.61269389587814,1,1,1,1,1,1,1
pi0_causal_downstream_000578,downstream,8e268fa6ee4aec7b6c3803a12f4fda5f8f34f3f41f2e42208cc7da0fa9926b54,0070176c301097d8f1b6046f4c709e96788e56ba3704aea23020d1833bc39f5e,dense_v1_train_x2.98_family4,f07c94eea7a14d1d39a529b04b873f8f8192f7bd4acf30d8fb7f62776fb3e01c,0b29862b07ed0efc5fd7954c4708e27dfa079199cfe50cad0f346c1fc2ab1ac1,dense_v1_train_x2.98_family4/variant_4,36,-0.22288202047348024,-64.28977027977032,-98.9300035612171,130.1779277687287,290.58802133236134,17.3181849462111,1.4583263015747072,-4.069466147288296,1.931880235671997,0.1745661348104477,-1.0916823148727417,-33.08009513161082,-18.495028706276063,24.172379274586334,3.663386821746826,0.05637834966182709,0.49857479333877563,24.408212046248533,-26.590387476628614,16.65853988121925,1,1,1,1,1,1,1
pi0_causal_downstream_000579,downstream,7a895df5be42ee3b0e9761ae84a0be8040896461332d5189c280837aaacc5e4c,47888b3f3dfc43f28dd2080cc041cf2ecf909e5f7e3fa2c782d903cbc1e87080,dense_v1_train_x2.98_family4,d2b3a55e6cdb46522d87fe4aebb2e9fd3146378cd16a3f29efd64530f708144b,d96780bc64a93d67a07ab231523b006aad0c5495b5d21781fd50bda272047ea6,dense_v1_train_x2.98_family4/variant_4,37,-0.23674246788024905,-66.48006851262083,-60.569694087944534,134.99470011482674,192.20290294237117,17.52814273629838,1.4439962005615237,-4.619721714266398,1.8467074632644653,0.13148720562458038,-1.4845486879348755,-36.763773245349604,-6.759422433795895,24.36447663744565,3.700951337814331,0.059408869594335556,0.47326353192329407,24.990878408869396,-9.775778259019743,17.15432959751783,1,1,1,1,1,1,1
pi0_causal_downstream_000580,downstream,80ba69480a64e81996078caf6c1bd46ae3aeb944572ebbd8d386715bc14b4963,92493e9db927c2e0c3b2a0d1ee059379dad7c5f0abc30593df381de06d5b9966,dense_v1_train_x2.98_family4,c5306a52f331c288ce10d2a6e174f0d88cb976eecbfaf619309bf281a906df39,9d97adf969a91de731489019bb85d47fd1d03c38ef043e3cd43aac999a7fa410,dense_v1_train_x2.98_family4/variant_4,38,-0.24484949588775637,-67.94528069337197,-29.6380417899504,138.1392509068089,122.80699252212602,17.89197604691685,1.4366543769836426,-5.233564254410644,1.7872153520584106,0.0984969511628151,-1.8259847164154053,-39.479309610279515,-0.7499712060100904,24.657257818860124,3.7370707988739014,0.06167864426970482,0.44058772921562195,24.88071941038814,4.538103189282471,17.643101975471836,1,1,1,1,1,1,1
pi0_causal_downstream_000581,downstream,91d9372135ac4d90140f38989c28b10b8773a67dacc517e12e4c1bd764ab2511,bcfafadb1d1f9d48f2ec2ecca64376fb17a0d4d66d08490ccb0a532ba605c1b5,dense_v1_train_x2.98_family4,51d2eebaeaada8656a63b762fcd9d8e2ee0fc71b4c13452a40d623b62f68251a,82d0137a3b763d915347d8d27309e4c38c7c607533dd8279b5829f215a4753d2,dense_v1_train_x2.98_family4/variant_4,40,-0.2494491004943848,-69.26149912756846,14.426570178097315,141.3593709117681,45.754422966823675,18.746547203020757,1.4354879951477053,-6.566224303048476,1.7247967720031738,0.0586172491312027,-2.385439395904541,-42.298514586431885,0.20600369471052818,25.494037954456726,3.8067429065704346,0.06469731777906418,0.35687485337257385,23.318426335869027,21.34973871328145,18.62719260579261,1,1,1,1,1,1,1
pi0_causal_upstream_000582,upstream,7ce90e6b9ee469c03d6dba9c791e70b52c6c500c44f2561cf6b05b90d69e5160,61e771eb0437e384fb250faa636ff2c5f168e89f07927959582e18013f4e1017,dense_v1_train_x2.98_family4,6c8c98de22e9429b118f6e05b9cf85a811f84cb4fdb063bfe11beeb352b426c6,f52dfa42ac9fbf54086ded82f3279914341ef706649f98e0245f4a04cfe068fc,dense_v1_train_x2.98_family4/variant_9,11,0.2057093644142151,-35.555820139687,356.96349915822174,96.41051753112865,-961.0794151693492,2.351037059414712,0.5302692127227784,-2.366939413582642,0.49518510699272156,-0.004650597460567951,0.5114416480064392,-17.304313290531276,158.7572697467596,25.93508205218467,2.8360164165496826,0.00031240854877978563,0.12351127713918686,13.206699246106684,-32.634076948619814,-3.692140625046613,1,1,1,1,1,1,1
pi0_causal_upstream_000583,upstream,a591ff3dd8b6573eb083ac9a1f4f6bc6608889b5532d3820e4709dfecd994232,ea72fd1b6e698c09c7530ca1000db5d2fff342ddccbf1159df0c99c94eed72e4,dense_v1_train_x2.98_family4,1e3b1bf4cee6a3eef98cc62a7d59f2061cca0992411b1d0717004abcf54f638c,de193dbdebc2b5be760fa9bf536d136dc408099ae056ce59b9b7badb40066696,dense_v1_train_x2.98_family4/variant_9,14,-0.3965070390701294,-48.47131853939842,-218.9423558825407,51.59765321686417,126.31350235898385,31.174411650807333,0.5637104988098145,-4.26486956055233,1.6382845640182495,0.00988964643329382,2.709257125854492,-19.500333514358974,131.3920075540768,-11.300378934604138,2.8911499977111816,-0.00014523601566907018,0.23727209866046906,16.00302052721857,21.08905088322957,-5.258180940087499,1,0,1,1,1,1,1
pi0_causal_upstream_000584,upstream,c7ad25df7c2898de100a7785d9d02c01e73eb8e90f102308db64aca6a09845a5,d6ccb4632cba6125516fe5eb83678c9ab533ce8271b63ecae5232112dd5a336c,dense_v1_train_x2.98_family4,4042960750d41991ce137cb4610973c080af985054ca7ece334f2f95da299dc8,a750e7c9de8271cadf55fc51a4f88976fe392adba24a417530e7da6f8a90cbc7,dense_v1_train_x2.98_family4/variant_9,15,0.047315564751625065,-53.02262192302558,-162.88901510024039,64.24727967294368,1053.221071299409,29.660963237596377,1.3142044448852541,-4.810502936680008,2.2174031734466553,0.02047816477715969,3.220803737640381,-19.945820650142007,-301.83130500814605,-23.239582047184985,2.929960012435913,0.00018388230819255114,0.29670798778533936,35.326786821343546,206.71619432481282,-5.616126468577458,1,0,1,1,1,1,1
pi0_causal_upstream_000585,upstream,1b979cf1c13bb0c394be19b30a6a7f4fa05ab0e44c17a0a3ab5cf477050153d0,41701fcf95d82750e860dc5baada17648c646c672678cfa40f87dd2e2bab7181,dense_v1_train_x2.98_family4,c6e354edc06dafe6ea188104428bd8636df14633eda8861f3bf8899fc7d06a2b,fd5bfb139ae768ea8ee1227a4948767cfa21518105cd3268820831aed75dfc19,dense_v1_train_x2.98_family4/variant_9,17,-0.3222814416885376,-60.21675772296246,-112.88522067714455,87.22535426737637,-12.28671972245651,26.09736967641852,0.8215178012847901,-6.038294510529418,1.5474739074707031,-0.02405170351266861,1.9274916648864746,-29.10566611018834,101.43552868464205,-12.06832271619806,3.0076181888580322,0.0006534792482852936,0.40836718678474426,45.70910807677522,-0.01098436491808872,-6.070599602142072,0,1,1,1,1,1,1
pi0_causal_upstream_000586,upstream,42e297e3719448e95abf193b316df011dfdf9fc76df114c94f767fe84cbf01d6,a27da68c1e6df97a6c4cec524a120a00483d8b4137ba998438b8396e40bce489,dense_v1_train_x2.98_family4,06a66e604ea84d87fc5e855374a220226e37bfd2d8e04693da61adaee6aa846f,b3ded231b0d68f1b00cd49305dc0ae7e1605688d96f2b6ee6ecfa690485f0fd2,dense_v1_train_x2.98_family4/variant_9,18,-0.5116331386566163,-60.93947369941986,20.067502177753077,80.06357990372702,-722.837335258562,29.791267226905855,0.5840364646911622,-6.923876207313049,1.0711287260055542,-0.0774422287940979,0.8439186811447144,-27.01970072445706,295.8106025378065,-6.492041445244229,3.033712863922119,-0.00039174099219962955,0.4355911314487457,39.48158064817854,-143.25571829330877,-6.7474291208504305,0,1,1,1,1,1,1
pi0_causal_upstream_000587,upstream,e4310d63c14d7fac8bf91d74aa7b8394f8978a905f68891f7faa5ae720831975,336f5d94c1b973db0dfc4ed2082f2299690a4fe28b4cde5c7eebfd11e3f55ca7,dense_v1_train_x2.98_family4,1899f0754ae6f4d6c81be5b76cd93e9b3d51bbaf9b7c86018c5197a90b4f73a4,db38db782f4a6888ca9bbb6bf988811c1b7d7052dd7065ef5090452efb656967,dense_v1_train_x2.98_family4/variant_9,20,-0.1470214891433716,-40.92140843087933,436.84272542606095,53.88412051322847,-622.5068833703039,25.119140107289134,1.744082374572754,-7.768685468518636,1.201911211013794,-0.08065243065357208,0.455821692943573,-20.065828781406424,-86.54472591658461,-12.6724273350763,3.0794363021850586,-0.004723271355032921,0.45132309198379517,34.23611830901381,65.33963182690381,-6.622093457728687,0,1,1,1,1,1,1
pi0_causal_upstream_000588,upstream,718581e61c01e778e04878ec4c7715e4b866d6c37d00b8d246e894dcc1dfb53e,126feb88a5946d182ee13be6cd3081f9af0c5dad3a2546ebca78245b9f22e1f5,dense_v1_train_x2.98_family4,392695415ab9ed7d24dda877122221d0ea2caa0ecd39ba363515a8990775c1bd,f5c85d34c88eeca8c9b7df54fc8365ea50008c767a69255cf8cd0921b1d4c4f6,dense_v1_train_x2.98_family4/variant_9,22,-0.21590532541275026,-25.46924607531687,386.81694462402686,34.229605723640205,-695.0570980926659,20.983039389460387,1.666898365020752,-8.524399206946578,1.22467839717865,-0.043136995285749435,0.36419883370399475,-18.54526133252692,-23.372979056769918,-11.926216361647713,3.1317436695098877,-0.00699404813349247,0.4714803099632263,33.0700991497605,3.5165036842740243,-6.588958410867329,0,1,1,1,1,1,1
pi0_causal_upstream_000589,upstream,1f78985564d6ca7f28ec8f67037a55fe52288bac16e46efccb85d34bcdc77d75,625bdb99425e7b31add186038e44898df9f0d5382957f2f1540e85625ab93a2c,dense_v1_train_x2.98_family4,5d345426f099fe915d30266907eda0f5acea88a7de5a365509e324a054927f6c,4ac9784c4c45a9c5d9287bfbf1afed5b66217c161b97db513e4e40c4e2765201,dense_v1_train_x2.98_family4/variant_9,24,-0.011570736914873125,-17.22504211502411,280.6529101279308,30.002073797239156,14.739152077915655,16.239736809476263,1.915481758117676,-9.276692805390752,1.668182134628296,-0.017759522423148155,0.3574385941028595,-19.770137939405526,-226.91968898403545,-23.951376551159523,3.1941051483154297,-0.007551632821559906,0.49225282669067383,32.55446426365415,22.10294806928836,-6.594580097059773,0,1,1,1,1,1,1
pi0_causal_upstream_000590,upstream,996923dbb4d9a03bc6a73bb2849e83a5422bb1e3bc18a0e1d7c560b868d58326,981321c90d3801237a24621cebfbc012592b2bd9dd75d3607c8a71fe97cc0088,dense_v1_train_x2.98_family4,1fbbfa6d8b4bc9ae28e784707a9698e791e32e8805336f42ed0690ea31a322fe,1a33e27a94ba019b1fef88a381c6679e0ab3da509ef16afbc21fd321d3407f6b,dense_v1_train_x2.98_family4/variant_9,25,-0.050222544670104986,-16.059159559554196,154.81000780276085,34.9564198135996,166.6041462351071,13.377625467993225,1.8662917137145998,-9.688603475965843,1.768446683883667,0.003574047703295946,0.37028685212135315,-21.600966731332857,-186.6838505458124,-23.45005774155351,3.2297134399414062,-0.007303663995116949,0.5025486946105957,33.88186030242735,-3.7398687993800124,-6.585645829284289,0,0,1,1,1,1,1
pi0_causal_upstream_000591,upstream,dd54ca1c87e860eca19076e8f646ba0966855faa798792fe49f3a7b6534afe3c,d606dbf9d0870d4c6b6d7647271b20a73c090252634ef4d5e867c13d639a3594,dense_v1_train_x2.98_family4,0ec8a56eb9c0fd7d2b4a2893ac50a8a30c72bd335008ba11b91a49c37052e678,278b177fd8de9bb5c5ffd94a3a4ad575d5f3719f4f913bd9ad31deac20c352cf,dense_v1_train_x2.98_family4/variant_9,27,-0.09782330036163331,-17.78672272142011,77.87393736903682,40.533371723752566,194.28392497869064,12.592304827162147,1.804867744445801,-10.696687554811387,1.7981703281402588,0.020236900076270103,0.11326132714748383,-22.705085593685638,-136.40566693318962,-21.234692714449046,3.298396348953247,-0.006094764452427626,0.515196681022644,35.231150512585025,8.063465202023178,-7.19813008936424,0,0,1,1,1,1,1
pi0_causal_upstream_000592,upstream,56950373cba56c34cebec14cb0da332f2bd630eba56e7625d6e4b2a0a9b81c48,eedca0c6bd052b5530e3769e8a6437a8104038d8ece7ab5c7f5a0d3a25de33a5,dense_v1_train_x2.98_family4,efcffcb00ca0ec4ea94fecea20b9b07055e552c3ca41ba22016223d02cb49058,1b1aa29c5865628adf05651c5ecc2843881977111d3376dafdf16637a64e32e1,dense_v1_train_x2.98_family4/variant_9,28,-0.15209500312805177,-19.511938005758825,5.830607206680663,46.11364652093674,201.72488332466426,11.764232457387983,1.738309078216553,-11.205592474932825,1.80436110496521,0.0343000628054142,0.01306598074734211,-23.67632483328311,-81.85939373087427,-18.654057708268763,3.334902048110962,-0.005145682487636805,0.5188546180725098,35.63325057921285,11.025640551655899,-7.419153829399152,0,1,1,1,0,0,1
pi0_causal_upstream_000593,upstream,1c8120435b18f10dc007586d0107361e239174c78feaf98b1eff3344f80dce7c,2fc259e0ae0e6e19bbd8975169bc3486d03b9a855ddd1310deaa41978f30b6f2,dense_v1_train_x2.98_family4,0b8154fbf6b9ff7b7818137d579080973d42c38e729e45c88252083f24eb3f60,afb9fc40986e7f083d7f6f4cf417cfff749ba362c2d5049d224fe3589df1e24b,dense_v1_train_x2.98_family4/variant_9,30,-0.2763718628883362,-31.835159966687176,-240.0711499290033,61.15905745104659,372.84185848780385,15.47338308880396,1.5857087898254396,-12.491436446545247,1.917398452758789,0.10016296058893204,0.02104129083454609,-25.221982982078657,42.978733125873454,-13.340157727394148,3.4101176261901855,-0.0011819383362308145,0.5263527035713196,36.315214231987355,5.664244715953486,-8.78412636611566,0,0,0,1,1,1,1
pi0_causal_upstream_000594,upstream,5c77c369b0ae30d978f7ca12ab91c56a70060b9e813a473b47e04e88d09997f4,7e87ae8d8a6edc32197a09d5de3ba89775e5722fac56c77ccec67dc713976d06,dense_v1_train_x2.98_family4,df06d325bc10be668cae1ee645a9ebe679c3238a8a28de0bd13ccca115546e88,95dc6478ef086c498fd7c7df3f2e3bec5f00c61bbe1cd001b520780b1402752b,dense_v1_train_x2.98_family4/variant_9,31,-0.16752043962478638,-39.414060813138384,-272.1777655189689,74.51896893929407,720.477040447459,16.078734380367788,1.725655918121338,-13.146778290102251,2.2235991954803467,0.17528362572193146,0.33354344964027405,-28.94698374029602,-71.58619499271731,-14.975200000536711,3.4528841972351074,0.0022394624538719654,0.5335757732391357,36.129682388467714,14.250504976767312,-9.214195305468147,0,0,0,1,1,0,1
pi0_causal_upstream_000595,upstream,85bf1e16439e36be983af1aa7c32e0faaeb0ca6ad7504a4e4ff50fca921e32a9,1dcb562920e1dda332b54d2451841734fe3b0c3dfd2cbee1ccf1a5e9e6afa59e,dense_v1_train_x2.98_family4,fbda0b6c2d7126b3984ea819389fe5c1a20862d45ddcdc7ed8c471ee7e0e362a,ba30e9563693adf85db46f1dcf7695ed372cab677e2b8454cd0bff638199165d,dense_v1_train_x2.98_family4/variant_9,32,-0.19886900424957277,-47.97035148453466,-344.96944108886925,91.08484145035129,783.3512267009875,16.11663809461003,1.690683422088623,-13.866044919459256,2.3155977725982666,0.23835133016109467,0.48381465673446655,-35.513910098939796,-42.962146011474076,-12.462003720900194,3.4991371631622314,0.007091926410794258,0.5452708601951599,36.843423496355705,-0.0008569767565108586,-9.498342374717769,0,0,0,1,1,0,1
pi0_causal_upstream_000596,upstream,eab9d94a26235ebe63023db5fc7b73cec37093341dc862b31f386c47a157db29,7e86416a0f9d7c499225c3d6a75d4dc29fd34423fef0d75314f03395bfd5b5ec,dense_v1_train_x2.98_family4,598ef3a35559b427be40a952537921acf1573009967636fc94e93b483e8c32b7,6fca182909ca3336a962605202ddc75571d54c90304253bd4c1af0f09c000a7e,dense_v1_train_x2.98_family4/variant_9,33,-0.17625622034072877,-54.839151713925496,-256.69102191563866,106.21961174537243,683.1638809362195,15.40205762096088,1.725110778808594,-14.681064054885976,2.2730791568756104,0.22547973692417145,0.24827708303928375,-44.77776397211979,-71.15467047114508,-10.876994290975265,3.5452685356140137,0.01206173188984394,0.554043710231781,38.05891371576742,-13.595190160813255,-9.557300957292814,0,0,0,1,1,0,1
pi0_causal_downstream_000597,downstream,b7975e88dd52653b0daf2921d73d93a63d71aedac197fc92a122a1ffbaeac353,146f9f953a1f695afc0187c3faeaec32e460fbc66aacdf8d0878dbdb9b7c9f6b,dense_v1_train_x2.98_family4,ec100cbe5904d2aad05f45c4368ca60f2ffaee84211f1f2d8d7aafa6bb5fa8d5,362c439d742a493006b83350a1d364b395b3a66dc12a0fedab648eb9b41795fd,dense_v1_train_x2.98_family4/variant_9,34,-0.19499815464019776,-59.86659441478342,-181.45800450994395,118.16361135829791,506.8810151377458,14.55033653084255,1.7094918632507325,-15.673959126420236,2.1369895935058594,0.1686016023159027,-0.19290316104888916,-55.47581413702989,-58.34078479571593,-8.823440714176634,3.589245557785034,0.016202453523874283,0.5552837252616882,39.05389127782527,-12.88937377990977,-9.5264298092194,0,0,0,1,1,1,1
pi0_causal_downstream_000598,downstream,5906b1bd396a8618eb813b1d77cdc8362e21d95633411ada6b777b429cbd83ad,89123a1e164d3ed55baba520f656143ae4bdb5599aa62b85ab285d6c021d9ac1,dense_v1_train_x2.98_family4,df431d66303a248dfaf429e217cdc8a01dce68f49f0defc1bf4414659a8d14c4,b5c5dda3ad85caf2a5c56f2eb2175770802b5374aaabb12c017a2232aef220a3,dense_v1_train_x2.98_family4/variant_9,35,-0.22185596227645876,-63.617980193764545,-128.17822596466738,126.7792802792437,355.41105180139124,14.032742144351216,1.685894527435303,-16.892298221159418,2.0070486068725586,0.10457422584295273,-0.6425966024398804,-66.16685652785156,-39.03174780453609,-7.170435043516936,3.6304798126220703,0.019114850088953972,0.5474574565887451,38.73392423596685,8.499132233327026,-9.533951130292406,0,0,1,1,1,1,1
pi0_causal_downstream_000599,downstream,6628ee944a5efe05a731115b2b3b5c3a9c20d893fbdbb43195966cda2b3734d8,6b8188cab219740a8d90e1619475bbc6d3ba8f27416c023a3e5b4551252788c1,dense_v1_train_x2.98_family4,527e3d344334699457000c89013b17be9cde6f852a4f68716185b16650a24508,df55f5ea94d5b6f7c78d34f0146f025ba5ee971eb62832457c8ceeb6854a61a0,dense_v1_train_x2.98_family4/variant_9,37,-0.25041285753250125,-68.03281639777485,-43.328715434039495,136.63058506255814,155.18864616958967,13.585629190897865,1.6657144927978518,-19.92461770336088,1.8309537172317505,-0.007366935256868601,-1.4147987365722656,-83.15803808833631,-22.520554372879403,-4.856398542341528,3.706498146057129,0.021263189613819122,0.5065164566040039,39.286892936076505,1.2998130668620471,-9.629022112710166,0,0,1,1,1,1,1
pi0_causal_downstream_000600,downstream,0d960f98e4c9d36e4e9f7393b05f4b4c927453f8d07830c7aab6dfafe8e0f96d,08016e8ec7905844fa751c2d3d99de18c7eef3fca7fb607e47ed961a52651cf8,dense_v1_train_x2.98_family4,17715c7c89acc21aa583aa1bc3cbb1ceec64ac3ef37c43d41b4292c687c56a00,5dba2239443ef54b78910e2bd6e5fc650d39fc217e7654203271b5ae7d0e51ce,dense_v1_train_x2.98_family4/variant_9,38,-0.25822458505630497,-69.19558780207782,-17.557826006860054,139.1550366401732,97.60416139048009,13.536695845228627,1.6606759262084962,-21.661671350574206,1.7809290885925293,-0.04571533203125,-1.7208398580551147,-88.63710655749382,-18.411584285186017,-4.070217728776849,3.742385149002075,0.020903684198856354,0.4755503833293915,39.67701968108929,-0.24882669963004705,-9.702607627105069,0,0,1,1,1,1,1
pi0_causal_downstream_000601,downstream,6345a2d3b8cd6ba9cdf884f1cc12ac768c1c79b605aa8cf9cecc60297003ab26,f0634874096206682906c453717316c78653928e25ad80d64c5725c04eb88178,dense_v1_train_x2.98_family4,71993f1b8ba8082ed849fbda351289a77ba1879f8746afed8b2207b0d001d3c7,a9f22f1aa12a5851dc9bb70f3ca8124da58a0a9ba9553020c8d2c21f82824741,dense_v1_train_x2.98_family4/variant_9,39,-0.2619173097610474,-69.87848377567404,2.872634984708439,140.73114377228868,59.52776239043743,13.519744205239455,1.6599074172973634,-23.488620494374494,1.749748945236206,-0.07344100624322891,-1.987862467765808,-92.33701320070055,-17.77879628688831,-3.4146888290809945,3.7774672508239746,0.019892826676368713,0.4388516843318939,39.58814867470367,7.0230310234915985,-9.771709349070115,0,0,1,1,1,1,1
pi0_causal_downstream_000602,downstream,31556dbd39b2a7a0f2a100d68c84245dd73f24a760d273760724623b4ae23125,db66d6dddcfcaeb67e5e594aa7bc9fdd6d1a2bdeed44f6bc8ef74ca24697e462,dense_v1_train_x2.98_family4,89c8cdcdced09fb43bcbede52fc7e5afc1605cc01b605cbfe9779a17b1527b9f,423a7e9883bcc97dee700cc74ffd1e1adb54c58c539a19475acbb31e6b0ee560,dense_v1_train_x2.98_family4/variant_9,41,-0.3387822198867798,-69.85825958554163,35.98440426482154,136.8329225865306,-250.61887446047058,14.94768659288645,1.5498183822631837,-27.284706102027805,1.4371421337127686,-0.297567754983902,-2.9344849586486816,-82.34067618055006,72.33687376363673,-4.165882212065694,3.840698719024658,0.012715676799416542,0.3406745195388794,39.89162763990568,4.823534233376365,-10.63074242793452,0,0,1,1,1,1,1
pi0_causal_upstream_000603,upstream,3d54196d475e0d39e2be3a1e18077e4f6ce76d992910680b6d1fd0787463ed13,d4da4cac9e32b0d37d547831ddc1f92d45617803aaa8183ffbb498fc239d7a4b,dense_v1_train_x2.98_family4,a3b7efdd2f1314fb5fb9210ba5a800916d1685fd848bb5b4c6ef7669ec546162,c8476c14d19100114e36a24437f87dc3aed5d25e3fdd068165482a10c107d35a,dense_v1_train_x2.98_family4/variant_14,11,0.200276095867157,-35.56054663059265,356.9904101035516,96.40814062529749,-961.598946678377,2.3563963722948267,0.5307983303070068,-2.3860122008145908,0.4940263032913208,-0.016963979229331017,0.510563313961029,-19.972468633188814,158.96605496930854,20.340398970946353,2.8359954357147217,0.00021107736392877996,0.12351447343826294,3.4579207248760016,105.52787067680104,-3.7100482960626024,1,1,1,0,1,1,1
pi0_causal_upstream_000604,upstream,45b7a391bc75e7c6436bc6ef0adca4edb52abfc4fd0e41814e1eb807995f575d,63ba25699ea5e38e569cfdce4a8e5cd61fa692da40cdb56f88f97983799d0607,dense_v1_train_x2.98_family4,48f4eee461c260ef2402b27b1933d9f63ac7d51e50070fbc281c2bc3998278bd,ec8e4f7734320481f90bcc30d66345773f3a5b6a3d4ab1b4ea4301e79964c83a,dense_v1_train_x2.98_family4/variant_14,14,-0.9263597202301026,-47.20468727857624,-283.6634935895324,34.85391916472522,-306.9743828116523,36.986016047933376,0.28435410499572755,-3.285258476961763,1.5224324464797974,0.07801371067762375,2.9221603870391846,-37.27421035749758,360.6980007095746,56.69273186597814,2.8849563598632812,0.00302510685287416,0.23807211220264435,1.2442397662887672,-73.85288889143442,-2.6505066717533214,1,1,1,1,1,1,1
pi0_causal_upstream_000605,upstream,03f58666e77a22b059ce96371b6a6518191d3f3fb6a3b2eddf273e1689d9d867,62c10a40473cfc46cd2674e9133aa7334ebcbff240c9d01561a531fbf49103a8,dense_v1_train_x2.98_family4,8f549c5452e79a257819b26316b7532f1dd0ca3784a3268ecdf7dcbb7ee63485,a5cfffe796d2f384077ec5cfb75644206dfd66fac2e2917dfca7189121a4e171,dense_v1_train_x2.98_family4/variant_14,16,-0.07430545568466188,-59.77475569120343,-118.40725786637061,69.41627121416094,1247.7277014261772,32.57498208170333,1.536378154754639,-3.2633499189991957,2.390061855316162,0.14111657440662384,3.447004556655884,-25.92200736256597,-435.3854635855037,24.902311345901843,2.969291925430298,0.007379092276096344,0.3673822283744812,37.38313821438094,115.16909250162425,-0.5772433452182796,1,1,1,1,1,1,1
pi0_causal_upstream_000606,upstream,31f2caae7a1502998c7cf71dddfc33ec594c2f640bab50cce2376539f3beb402,1c2787cc934e9e86f946b0f2f5c603316a6d1a2056f898b44a0d1484ec6a9bb8,dense_v1_train_x2.98_family4,fdd4c2b0a66f58d5bbb9d0af7ebc315c851e0374b452d6e3a7875ed30dd87bb2,1adbed89fe44b8654c1b07ee67f951a9835a1b772ffb72ac57e930973edf3d38,dense_v1_train_x2.98_family4/variant_14,17,-0.40278665542602543,-62.06215189329485,-92.24160911837382,85.25863544681705,405.40811848815457,27.734780341666283,1.12591121673584,-3.3089307891296427,1.9110562801361084,0.10654275119304657,2.6215898990631104,-25.7276218863347,-99.41069861462427,28.190381487818904,3.012129545211792,0.009920911863446236,0.42897704243659973,36.412189257823194,46.98478933824767,0.36946812692398323,1,1,1,1,1,1,1
pi0_causal_upstream_000607,upstream,48ef816211e9406650d492715caf284b3928a99350fb6969f6273e775c460b9b,366577c5547fbc22e0832fc78c50bb2f03c3f3eb2e75fb46d6f7db7cf7ea1b9c,dense_v1_train_x2.98_family4,b9b87f5d5a71fa722f9ac8f85efa137a4e37e612a420afa9a94890bd3726f981,c6a10dec5be0468811eda733fa32fce7d79c2fd0790da244efe6cdd7c194469a,dense_v1_train_x2.98_family4/variant_14,18,-0.652187089920044,-64.17605446027878,-69.212950142948,86.74373713843127,-255.41803857888834,28.757165048396203,0.8110359859466554,-3.545355681005532,1.4665284156799316,0.050399620085954666,1.6181373596191406,-27.1241462696976,158.29986563842218,33.08419324511282,3.045780658721924,0.011539077386260033,0.4719366133213043,37.906808818045825,-4.803124347475897,0.9882341656584441,1,1,1,1,1,1,1
pi0_causal_upstream_000608,upstream,06632112a410238b8c369443f1ced1158b0faf82d16c5fb44ae780b2351d76c7,0ed7beeeb404fccbb2d59e74d45806c11b3b75f555e9eb37e409c4f016f22094,dense_v1_train_x2.98_family4,66851119ce5f56f392dfc008b1733a0b1736904868211412d7be88a4d160e5f7,733f32d22bad62a9285cab1448f1eef256dd368f443b850b46e9e890d81b1adb,dense_v1_train_x2.98_family4/variant_14,20,-0.15917175054550173,-52.73876267621444,526.6959403350863,64.45172089518049,-179.9311567021226,29.159398398320707,1.4254769515991212,-3.7855551530250673,1.537821650505066,0.027880825102329254,0.7730300426483154,-24.17866646371733,-344.65290280197416,33.857500432752495,3.097079038619995,0.011694137006998062,0.5039288401603699,36.17566322196024,30.99148817021803,2.6568239350275085,1,1,1,1,1,1,1
pi0_causal_upstream_000609,upstream,5b84720ccd79421432502c28f1375418ce6f2b95bf25a8c32842fd1631995c74,bc94e23006da40c3ba4af46024f5795650f65462655b7f9f635b4052ffa9bbf7,dense_v1_train_x2.98_family4,35ce958ea3d16bb4e27f682ed5c9515efc47f3732ce514e56f29238a0f26055f,b19f1c46823ad977ecb3ae71275e59352b6d044c9b08e56aba91bb4066331bdd,dense_v1_train_x2.98_family4/variant_14,21,-0.37347193241119386,-44.441462532861294,349.40791657759695,57.63717968855624,-368.8157625004048,25.43544952565551,1.1598698043823243,-3.7142736282713327,1.4371179342269897,0.025086667388677597,0.6767176985740662,-21.881310138268738,-127.25609578520229,42.23470012901645,3.1259655952453613,0.012130548246204853,0.5178946852684021,32.71241238821069,74.17980906586791,3.833621570255546,1,1,1,1,1,1,1
pi0_causal_upstream_000610,upstream,73653bd249038b7ff719360d0440c405f5be3726c9fe29f82a4064d9642c4987,9758a12ee8e75c89cb56aaea6a6c29d54509da0f860b2c069d30c875d18ca294,dense_v1_train_x2.98_family4,7b1398045a08595c0b70d43e0858a5ea9e674626f32beaef7052f4cbe58d7906,d0bb4e01ba8d5ff77e34c2d0624f1219343913be518b46465bdaa2b165af0b7b,dense_v1_train_x2.98_family4/variant_14,23,-0.5173195171356202,-31.079959610537205,303.56497094403534,43.68066142159191,-626.325724097528,20.595885770313615,0.9908834266662598,-3.587123417269145,1.3106672763824463,0.006233568303287029,0.3314221501350403,-17.552074987578905,11.056769992571878,55.228585194737526,3.1843857765197754,0.013349631801247597,0.5408501625061035,31.716567392128244,14.471987520983314,6.169695208803795,1,1,1,1,1,1,1
pi0_causal_upstream_000611,upstream,fa7723bb9bc9848ad4cb6d997354d154dfb25e66eb894512e1811b0531a9ca4b,04470a8b83ebe21ff79e88b52a0afb58df5961c20c1610066898e95e29c0101e,dense_v1_train_x2.98_family4,48dd1ff4c8a092863574cf0b179dadc0f2c250df34e6b27baf3152ea451e57aa,0241b1ce5d108c81af26f4df20015ad1e3900b3f01a65fb0a342d659f9c8265f,dense_v1_train_x2.98_family4/variant_14,25,-0.37916685581207277,-22.59084897226988,241.57761645234132,35.14665082726821,-171.67956418469518,17.39723951894942,1.1568494415283204,-3.393195453728398,1.5990707874298096,0.06318215280771255,0.2791028618812561,-13.875702614931093,-124.78666821154086,54.463231762386336,3.246540069580078,0.01555369608104229,0.558656632900238,30.122787145535376,31.360581347681766,8.681333533508676,1,1,1,1,1,1,1
pi0_causal_upstream_000612,upstream,34677c5b6f6ee1a8dad2bc7c6aaf6104fdf0bfcfe61c2619a2a750bda1f07741,00c5219c1edca9041e77bbc6a370216943986074b6da310c926d90ba4aa30ee1,dense_v1_train_x2.98_family4,fbdc714683d1043f72149755a57f3969a53665bf6c9308a4fcc21a52b8edd912,668e2011f2aa13b116b8687df08bc7f7c8e02e8459fb0996254390908a8aafe8,dense_v1_train_x2.98_family4/variant_14,26,-0.31414664268493653,-21.93696081207871,138.48276844092553,39.004440708234384,197.21611152899877,15.39510400288996,1.2370196342468263,-3.3052810463878486,1.8139292001724243,0.11961796134710312,0.33722591400146484,-12.345892212557269,-190.3495994129799,48.9905700106703,3.2821242809295654,0.017818743363022804,0.5683225989341736,28.996393328751893,45.27109146039689,9.914859270077985,1,1,1,1,1,1,1
pi0_causal_upstream_000613,upstream,2a3d272255e0dada815e13705f646d2e74e7650ec565a3bf121075ad5a3f06ec,000a0c233364332003141a96a97bf4176ca5b2375b9b308f5530507cc51e7923,dense_v1_train_x2.98_family4,7623e37021922d054c2f01b41be0a7ed7f85bdce2ae153a3f3528e685607f28b,758c8922fbb7418e1c0d5cccf7507dd7fffb6e59327a33f3a0e6c8f021d75400,dense_v1_train_x2.98_family4/variant_14,28,-0.4476820421218872,-26.320526702521413,-63.20344235265813,47.82518264391521,296.0586476877047,15.499706600359737,1.0880647563934327,-3.22942375667881,1.8588883876800537,0.15085260570049286,0.21926186978816986,-13.294417658069865,-68.42325733148947,47.17775242758429,3.3535752296447754,0.022996386513113976,0.5827664136886597,29.333702220912972,26.118491414419726,12.085803296283814,1,1,1,1,1,1,1
pi0_causal_upstream_000614,upstream,1162f898b6d08573e76084eec7b30089160a0dd311d69f296fa51397c2a3fdb1,a91ff9f8a21cbb524271e42b21818073288c874e9c3fc16451f58a9b7d6a9b58,dense_v1_train_x2.98_family4,6f72b1f1349bf3f1d7079140e6e028efb1ed6c23eac935ad857eabe9969d6c97,43cb5d49812a9376b5c14425e453b7e25d5751c55b8241abd34d306db87c8f0d,dense_v1_train_x2.98_family4/variant_14,29,-0.5110350275039673,-30.325698405398114,-135.2562553789032,54.91882245549911,297.6136085541498,15.904552913127281,1.0190914154052735,-3.2443590934775663,1.8587523698806763,0.15940071642398834,0.12909452617168427,-14.381178448420702,-11.924222800183715,44.80293663430587,3.3910515308380127,0.026293378323316574,0.5884782075881958,29.05696003121698,26.67026312387733,13.047930029190013,1,1,1,1,1,1,1
pi0_causal_upstream_000615,upstream,542c60ea50b7a278cd0307552c9475ae4ffcaee2ffd850b3ca61360a34b00043,63abab0fbddb2764b7fe03f44d20bf8e911892031b80e4890b30e98b329ef824,dense_v1_train_x2.98_family4,635bf483a86fa55a418a5403e082ee8bac445189c68ddb182a539ec11102022f,c278dbac308d5d8a2146f7375547cd890c3ec3def20953c00fce383ab9ecec1e,dense_v1_train_x2.98_family4/variant_14,30,-0.5127694463729859,-37.15308719785116,-256.1032977979374,65.76336993282223,541.0195027227635,17.010605261023805,1.0232405757904053,-3.319569745621504,2.023693323135376,0.22553615272045135,0.33123743534088135,-16.793913744423733,-15.295626372616812,38.45531740462745,3.4309184551239014,0.03062145970761776,0.5970802903175354,28.413564749138242,31.208636959405663,13.881098380705431,1,1,1,1,1,1,1
pi0_causal_upstream_000616,upstream,f1e109d3992654f12fda4295164365acd3d77daccc879aa86b8f80f506d04214,3520dee2d004c49ef217a1a266ee2b72a05798a458e39e8dafc8a41f8b3056f2,dense_v1_train_x2.98_family4,2ae3db1d41992bc20df096facfa79523579fbfb0bd5671ee908bccf73fc4d438,286bafee05e40cb6aef5e53bf6ff5b05a1c604687568e363c74feba2d94185dc,dense_v1_train_x2.98_family4/variant_14,32,-0.39770876884460454,-53.281076281218866,-261.4885467886556,94.26486141469334,822.263852591304,18.215819012941182,1.1603002548217773,-3.7078157715705196,2.2821125984191895,0.34058651328086853,0.6298067569732666,-24.01486315949479,-127.49104063227239,25.624506520435016,3.5167500972747803,0.04214125871658325,0.6211890578269958,28.953325570940375,3.776649368060531,15.224433533123905,1,1,1,1,1,1,1
pi0_causal_upstream_000617,upstream,4d4c8b8a8a5dc9e13daffbf5dd30a3222a049c6ae64edefa318505d91cbde6cc,302963ad072686cc10c22845bc0436feec8be8413269b783fab2bf8210a48f48,dense_v1_train_x2.98_family4,ca1f5f994d7d1bbc1ed75db7502f36243b129906f1757bd487e52304ff712522,2963f4657a1576924e9d665a21272c57ff6f7aec7fcb040ada35a9aed091fe45,dense_v1_train_x2.98_family4/variant_14,33,-0.4166196489334107,-58.452267143348884,-189.24836801309874,109.18200139219036,651.4434988834397,16.286455011364904,1.1423543167114258,-4.039937483271947,2.1883797645568848,0.30251386761665344,0.28161922097206116,-28.861848847386394,-112.80681693566197,23.188719335983194,3.5614328384399414,0.04864344000816345,0.6313401460647583,28.75276389615212,11.275903805487044,15.877661782355831,1,1,1,1,1,1,1
pi0_causal_downstream_000618,downstream,636184cd5da5dcdb255ca4a0f0c32681a7ea40733f12484cf2487ebde7056fe3,fdccb5372963186c69b1685705e18dff6de92b8981c9462b3a46c38934976f0c,dense_v1_train_x2.98_family4,72eb5458e32edd59170e581d3d7674503f8a3b79c61756c27450f0c8d76d6ec1,19bae0baf53374de18216b9a9d3a81346609ebcad8292e2469d589a97aca9867,dense_v1_train_x2.98_family4/variant_14,34,-0.4538938665390015,-62.39965203075269,-138.67686875675895,120.4193086524513,472.0527877295836,14.901834388750009,1.1012126541137697,-4.517904541492037,2.0679233074188232,0.24465012550354004,-0.17781564593315125,-34.651417716212684,-79.11837734524563,22.592312340299557,3.6037988662719727,0.05411292240023613,0.6330462694168091,31.32812087365128,-31.97069141038774,16.4571411678442,1,1,1,1,1,1,1
pi0_causal_downstream_000619,downstream,b64a746a29f0ef69d3099bd384ef02e6efec849fba0d9d94f443fb39647e9741,48705bd37763b70746f1b68700836fa61efb4ef7bfe5ebe85b4dbd520dfe817c,dense_v1_train_x2.98_family4,fc6387023b0e05d3c9520f81114165c41f0a3d343e84482e8b64ea1554f86031,29e086807819c382c30a2611b647c32b86fb0daaab7959d4dc4362b646b94fc3,dense_v1_train_x2.98_family4/variant_14,35,-0.49047914981842045,-65.41466828512557,-98.12047588040886,128.38787179105174,326.78518257473416,14.108919837172598,1.0682196426391604,-5.129659717905641,1.9650163650512695,0.18878203630447388,-0.6323692798614502,-40.48441292778191,-52.09072798814197,22.162795894343304,3.6438820362091064,0.058426856994628906,0.625467836856842,26.78966849094749,73.62908408290062,17.01071530411759,1,1,1,1,1,1,1
pi0_causal_downstream_000620,downstream,0536a3b14fef01ad5390fcae2c812307a2074beaf4170c8725ca8be99d14285d,1f75ae631a5cd0b63f8707381033b09c314b632e3112412a19711e536ea96538,dense_v1_train_x2.98_family4,699efeb38dcc5cc98580ad969b65f3ac5d7e0632d30d4e61a920566b3d131c19,4d66edeaa32e424cac7519e86649463c7046f59da2c9b64254df9411346bfcb2,dense_v1_train_x2.98_family4/variant_14,36,-0.5098503208160401,-67.55190277831426,-59.16574187385925,133.809921841018,217.75119821204717,13.669308875610799,1.050561695098877,-5.868330438207078,1.8893719911575317,0.14127998054027557,-1.0464885234832764,-45.590307181446605,-37.63461894943164,22.396637665862446,3.6821725368499756,0.061693090945482254,0.6090908050537109,27.391508902115874,11.90293907695631,17.521067676027776,1,1,1,1,1,1,1
pi0_causal_downstream_000621,downstream,3086847d172734087f9e8b376a69f38dfccdb0c2ff0a31d2a2aa7db95a529161,f7a9446a0f3c1c257af6d5cb147ea0b3268a580bf9be1bd3334183079f1de2c4,dense_v1_train_x2.98_family4,e3d4082d0ba8661b2fb05225066d4ea24ac37f7468f93441efb73aad8f11fe3f,3590396270f99b300f001049977744f707f2c0de8eb511331b1af3633f220678,dense_v1_train_x2.98_family4/variant_14,38,-0.5314813566207887,-70.01757374793219,-11.528081219833085,139.66388573333916,87.88373669204141,13.427106669014018,1.430746364593506,-7.61365112768885,1.8051620721817017,0.07800792902708054,-1.7105441093444824,-52.442930107788264,-21.706523889860822,22.691155422873397,3.7553625106811523,0.06591594219207764,0.5542993545532227,27.42693538579344,8.20490732067674,18.494299577731223,1,1,1,1,1,1,1
pi0_causal_downstream_000622,downstream,9c7560712ab06a0aa0147043eb7e0934b4e40858b7fc2d5d7c626e89110fff56,5619a51cec76b005afdb1b628fac88a19f9c91f28e90725d88889bb9fef43e54,dense_v1_train_x2.98_family4,0863d690fd28aa74ff824cdd139214421d4f3a7d234b3a23900eab4752e08064,ba6fe16380dacec2e0e6972259b22406fecb851ce287da8f3f3a4a4032fde5dd,dense_v1_train_x2.98_family4/variant_14,39,-0.5361993885040284,-70.65952273745417,3.58829196065862,141.08153247671032,53.197362067656606,13.476396029359652,1.426991004943848,-8.571593667522349,1.78456711769104,0.05917663127183914,-1.9799610376358032,-54.345875452067176,-18.648330594649707,22.809787271020056,3.7910001277923584,0.06726202368736267,0.5178341865539551,27.314276538075955,10.029930451809562,18.965696236481033,1,1,1,1,1,1,1
pi0_causal_downstream_000623,downstream,51342618514daadcff6791f7634d075bfb40b3fc67b8e4aa88d5926f97310d33,1b925ecdcadc9cbf7edcc6ade973525c81431493ab0551152137c57f2a7e5306,dense_v1_train_x2.98_family4,6b74288311de4c9561a215ae9345d8bbe6264ed0be4eaeb7a1ee7d8840dbbb8c,285df127889b32df623ca078c863e83bdfaa0860b8bd2fa2a2af10e1cd060af7,dense_v1_train_x2.98_family4/variant_14,40,-0.5380919551849366,-71.02923404703779,15.11326544441935,141.9407292931629,31.28008415321858,13.563966058615714,1.4260366439819336,-9.560119846923754,1.7734365463256836,0.046962227672338486,-2.2218222618103027,-55.529868254121375,-17.87026105761124,22.937033695257394,3.8263235092163086,0.06830423325300217,0.47626641392707825,27.161092470465494,10.96865713718413,19.433986709112624,1,1,1,1,1,1,1
pi0_causal_downstream_000624,downstream,272ddf2e9aa4f4f205e55e35ccde2af8b08b32a291c5443e77b81c89993d4505,4b50d0ffc062686ef9da987141cc5761f67c39376afc98ba62ff54b7c4b9f239,dense_v1_train_x2.98_family4,12423ec0c31424a89ef745015f9dd0c5a55adc05d939d0300ab6d1f9ae45cdea,e8cb9715d2f03074b920593ffed5657dbebef54c079b4be3f2c2f533a79405af,dense_v1_train_x2.98_family4/variant_14,42,-0.5352452945709228,-71.14860526316211,32.00464769584646,142.74968323808088,9.702147965993358,13.709119615475942,1.4291214942932131,-11.580056043786787,1.7673625946044922,0.0354883037507534,-2.6568191051483154,-56.58095582021088,-20.406206136052134,23.35237237604399,3.8966012001037598,0.06989774107933044,0.37947484850883484,28.328573290201188,4.353575810457644,20.382471739106904,1,1,1,1,1,1,1
pi0_causal_downstream_000625,downstream,374125de8f8a8589095dc2c660e62302cc0b844f4f97b6fba9b6a15b8e113670,a5915d4bb4cd0c3dddcb54602ed77dd2180edeec0f5801dbd01f423530038008,dense_v1_train_x2.98_family4,7dcc512798bbda858aaec0cf0b65fbdd96d8df787c9aa815484c765dc847a9a2,1b2e1baf71efe5779af5ab7184ee921263b12c67e959b3eecb2965cf712f6cbd,dense_v1_train_x2.98_family4/variant_14,43,-0.5332206821441651,-70.98787042142419,38.03760352555698,142.92235042029878,4.906551340756462,13.745848573616744,1.4314328956604006,-12.595016611045816,1.768283724784851,0.03377096354961395,-2.8605499267578125,-56.71314388631273,-22.30864433878517,23.649845897418263,3.9317071437835693,0.07058931142091751,0.32475927472114563,28.61157876336608,2.955491369199629,20.873665340726454,1,1,1,1,1,1,1
