phase,x_bin,x_m,policy,reached_candidates,successful_candidates,reached_root_cells,root_cells,full_cells,root_z_m_min,root_z_m_max,root_vx_mps_min,root_vx_mps_max,root_vz_mps_min,root_vz_mps_max,pitch_deg_min,pitch_deg_max
upstream,55,2.75,pi_0,16,14,10,8,9,0.11877036839723587,0.11949126422405243,1.7546637058258057,1.8270424604415894,0.017151812091469765,0.09747271239757538,-0.11303913803733406,0.05459302504599846
upstream,55,2.75,pi_1,16,12,10,7,8,0.11877036839723587,0.1200510561466217,1.7251263856887817,1.8270424604415894,0.017151812091469765,0.09747271239757538,-0.608352307833129,0.05459302504599846
upstream,55,2.75,pi_2,16,16,10,10,11,0.11877036839723587,0.12090631574392319,1.5684734582901,1.8270424604415894,0.017151812091469765,0.1444793939590454,-0.9368096608661157,0.05459302504599846
upstream,55,2.75,pi_3,16,16,10,10,11,0.11877036839723587,0.12090631574392319,1.5684734582901,1.8270424604415894,0.017151812091469765,0.1444793939590454,-0.9368096608661157,0.05459302504599846
upstream,55,2.75,pi_4,16,16,10,10,11,0.11877036839723587,0.12090631574392319,1.5684734582901,1.8270424604415894,0.017151812091469765,0.1444793939590454,-0.9368096608661157,0.05459302504599846
upstream,55,2.75,pi_5,16,16,10,10,11,0.11877036839723587,0.12090631574392319,1.5684734582901,1.8270424604415894,0.017151812091469765,0.1444793939590454,-0.9368096608661157,0.05459302504599846
upstream,55,2.75,union,16,16,10,10,11,0.11877036839723587,0.12090631574392319,1.5684734582901,1.8270424604415894,0.017151812091469765,0.1444793939590454,-0.9368096608661157,0.05459302504599846
upstream,56,2.8000000000000003,pi_0,16,15,15,14,14,0.11860041320323944,0.12101301550865173,0.9673317670822144,1.8861333131790161,-0.042480554431676865,0.15086053311824799,-1.7696679125794064,0.2897498189392036
upstream,56,2.8000000000000003,pi_1,16,15,15,14,14,0.11860041320323944,0.12101301550865173,0.9673317670822144,1.8861333131790161,-0.3020269572734833,0.15086053311824799,-1.7696679125794064,0.2897498189392036
upstream,56,2.8000000000000003,pi_2,16,16,15,15,15,0.11860041320323944,0.12101301550865173,0.9673317670822144,1.8861333131790161,-0.3020269572734833,0.15086053311824799,-1.7696679125794064,0.2897498189392036
upstream,56,2.8000000000000003,pi_3,16,15,15,14,14,0.11860041320323944,0.12101301550865173,0.9673317670822144,1.8861333131790161,-0.3020269572734833,0.15086053311824799,-1.7696679125794064,0.2897498189392036
upstream,56,2.8000000000000003,pi_4,16,16,15,15,15,0.11860041320323944,0.12101301550865173,0.9673317670822144,1.8861333131790161,-0.3020269572734833,0.15086053311824799,-1.7696679125794064,0.2897498189392036
upstream,56,2.8000000000000003,pi_5,16,16,15,15,15,0.11860041320323944,0.12101301550865173,0.9673317670822144,1.8861333131790161,-0.3020269572734833,0.15086053311824799,-1.7696679125794064,0.2897498189392036
upstream,56,2.8000000000000003,union,16,16,15,15,15,0.11860041320323944,0.12101301550865173,0.9673317670822144,1.8861333131790161,-0.3020269572734833,0.15086053311824799,-1.7696679125794064,0.2897498189392036
upstream,57,2.85,pi_0,31,21,27,20,21,0.11762537807226181,0.11913951486349106,0.3510427474975586,1.9052808284759521,-0.04817959666252136,0.13727986812591553,-0.9708267791604532,0.1823006353671284
upstream,57,2.85,pi_1,31,30,27,26,28,0.11740417778491974,0.11902491748332977,0.3510427474975586,1.9052808284759521,-0.04817959666252136,0.13748224079608917,-0.9708267791604532,0.1823006353671284
upstream,57,2.85,pi_2,31,30,27,26,28,0.11740417778491974,0.11913951486349106,0.4271799325942993,1.9052808284759521,-0.04817959666252136,0.13748224079608917,-0.5488764304135366,0.1823006353671284
upstream,57,2.85,pi_3,31,30,27,26,28,0.11740417778491974,0.11913951486349106,0.3510427474975586,1.9052808284759521,-0.04817959666252136,0.13748224079608917,-0.9708267791604532,0.1823006353671284
upstream,57,2.85,pi_4,31,30,27,26,28,0.11740417778491974,0.11913951486349106,0.4271799325942993,1.9052808284759521,-0.04817959666252136,0.13748224079608917,-0.5488764304135366,0.1823006353671284
upstream,57,2.85,pi_5,31,30,27,26,28,0.11740417778491974,0.11913951486349106,0.4271799325942993,1.9052808284759521,-0.04817959666252136,0.13748224079608917,-0.5488764304135366,0.1823006353671284
upstream,57,2.85,union,31,31,27,27,29,0.11740417778491974,0.11913951486349106,0.3510427474975586,1.9052808284759521,-0.04817959666252136,0.13748224079608917,-0.9708267791604532,0.1823006353671284
upstream,58,2.9000000000000004,pi_0,29,18,29,18,18,0.11858993023633957,0.17178569734096527,0.5009827017784119,1.8944833278656006,0.014775804243981838,2.4603402614593506,0.1018657095299757,19.79455799941725
upstream,58,2.9000000000000004,pi_1,29,29,29,29,29,0.11858993023633957,0.17178569734096527,0.5009827017784119,1.8944833278656006,-0.020167740061879158,2.4603402614593506,0.1018657095299757,19.79455799941725
upstream,58,2.9000000000000004,pi_2,29,29,29,29,29,0.11858993023633957,0.17178569734096527,0.5009827017784119,1.8944833278656006,-0.020167740061879158,2.4603402614593506,0.1018657095299757,19.79455799941725
upstream,58,2.9000000000000004,pi_3,29,27,29,27,27,0.11858993023633957,0.17178569734096527,0.5009827017784119,1.8944833278656006,-0.020167740061879158,2.4603402614593506,0.1018657095299757,19.79455799941725
upstream,58,2.9000000000000004,pi_4,29,29,29,29,29,0.11858993023633957,0.17178569734096527,0.5009827017784119,1.8944833278656006,-0.020167740061879158,2.4603402614593506,0.1018657095299757,19.79455799941725
upstream,58,2.9000000000000004,pi_5,29,28,29,28,28,0.1186942458152771,0.17178569734096527,0.5009827017784119,1.8944833278656006,-0.020167740061879158,2.4603402614593506,0.1018657095299757,19.79455799941725
upstream,58,2.9000000000000004,union,29,29,29,29,29,0.11858993023633957,0.17178569734096527,0.5009827017784119,1.8944833278656006,-0.020167740061879158,2.4603402614593506,0.1018657095299757,19.79455799941725
upstream,59,2.95,pi_0,29,10,29,10,10,0.11892757564783096,0.3002716898918152,0.6187705993652344,2.0660245418548584,0.08585470914840698,3.461376905441284,-0.08880064145723908,41.4957753961842
upstream,59,2.95,pi_1,29,15,29,15,15,0.11892757564783096,0.3002716898918152,0.6187705993652344,2.0660245418548584,0.08585470914840698,3.461376905441284,-0.08880064145723908,41.4957753961842
upstream,59,2.95,pi_2,29,29,29,29,29,0.11892757564783096,0.3002716898918152,0.6187705993652344,2.0660245418548584,0.08585470914840698,3.461376905441284,-0.08880064145723908,41.4957753961842
upstream,59,2.95,pi_3,29,24,29,24,24,0.11892757564783096,0.3002716898918152,0.6187705993652344,2.0660245418548584,0.08585470914840698,3.461376905441284,-0.08880064145723908,41.4957753961842
upstream,59,2.95,pi_4,29,28,29,28,28,0.11892757564783096,0.3002716898918152,0.6187705993652344,2.0660245418548584,0.08585470914840698,3.461376905441284,-0.08880064145723908,41.4957753961842
upstream,59,2.95,pi_5,29,28,29,28,28,0.11892757564783096,0.3002716898918152,0.6187705993652344,2.0660245418548584,0.08585470914840698,3.461376905441284,-0.08880064145723908,41.4957753961842
upstream,59,2.95,union,29,29,29,29,29,0.11892757564783096,0.3002716898918152,0.6187705993652344,2.0660245418548584,0.08585470914840698,3.461376905441284,-0.08880064145723908,41.4957753961842
upstream,60,3.0,pi_0,28,12,28,12,12,0.19204477965831757,0.3674069046974182,1.3239355087280273,2.4711995124816895,2.6690213680267334,3.523672342300415,21.650748526449142,39.44356308614557
upstream,60,3.0,pi_1,28,14,28,14,14,0.19204477965831757,0.3674069046974182,1.3239355087280273,2.4711995124816895,2.665966033935547,3.523672342300415,21.650748526449142,39.44356308614557
upstream,60,3.0,pi_2,28,27,28,27,27,0.15327279269695282,0.3674069046974182,1.0586521625518799,2.4711995124816895,1.492384433746338,3.523672342300415,12.504881177302504,39.44356308614557
upstream,60,3.0,pi_3,28,20,28,20,20,0.15327279269695282,0.3674069046974182,1.0586521625518799,2.4711995124816895,1.492384433746338,3.523672342300415,12.504881177302504,39.44356308614557
upstream,60,3.0,pi_4,28,26,28,26,26,0.15327279269695282,0.3674069046974182,1.0586521625518799,2.4711995124816895,1.492384433746338,3.523672342300415,12.504881177302504,39.44356308614557
upstream,60,3.0,pi_5,28,26,28,26,26,0.13898558914661407,0.3674069046974182,1.3239355087280273,2.4711995124816895,1.3149141073226929,3.523672342300415,7.214847766797992,39.44356308614557
upstream,60,3.0,union,28,28,28,28,28,0.13898558914661407,0.3674069046974182,1.0586521625518799,2.4711995124816895,1.3149141073226929,3.523672342300415,7.214847766797992,39.44356308614557
upstream,61,3.0500000000000003,pi_0,29,13,29,13,13,0.25435808300971985,0.4301306903362274,1.6855798959732056,2.572699785232544,1.9000530242919922,3.332137107849121,23.675762697023526,35.38130008560183
upstream,61,3.0500000000000003,pi_1,29,15,29,15,15,0.3138221800327301,0.4301306903362274,1.6855798959732056,2.572699785232544,1.9000530242919922,3.332137107849121,23.675762697023526,35.38130008560183
upstream,61,3.0500000000000003,pi_2,29,29,29,29,29,0.22043947875499725,0.4301306903362274,1.6855798959732056,2.7132840156555176,1.9000530242919922,3.332137107849121,13.723947389258374,35.38130008560183
upstream,61,3.0500000000000003,pi_3,29,24,29,24,24,0.22043947875499725,0.4301306903362274,1.6855798959732056,2.7132840156555176,1.9000530242919922,3.332137107849121,13.723947389258374,35.38130008560183
upstream,61,3.0500000000000003,pi_4,29,29,29,29,29,0.22043947875499725,0.4301306903362274,1.6855798959732056,2.7132840156555176,1.9000530242919922,3.332137107849121,13.723947389258374,35.38130008560183
upstream,61,3.0500000000000003,pi_5,29,28,29,28,28,0.22043947875499725,0.4301306903362274,1.6855798959732056,2.7132840156555176,1.9000530242919922,3.332137107849121,13.723947389258374,35.38130008560183
upstream,61,3.0500000000000003,union,29,29,29,29,29,0.22043947875499725,0.4301306903362274,1.6855798959732056,2.7132840156555176,1.9000530242919922,3.332137107849121,13.723947389258374,35.38130008560183
upstream,62,3.1,pi_0,29,13,29,13,13,0.3693124055862427,0.49637213349342346,1.2687736749649048,2.181046962738037,0.869418740272522,2.8235392570495605,18.70994312797737,34.882572936306666
upstream,62,3.1,pi_1,29,15,29,15,15,0.3693124055862427,0.49637213349342346,1.2687736749649048,2.181046962738037,0.869418740272522,2.8235392570495605,18.70994312797737,34.882572936306666
upstream,62,3.1,pi_2,29,29,29,29,29,0.2656630873680115,0.49637213349342346,1.2687736749649048,2.73931622505188,0.672808825969696,3.2110729217529297,12.157308084766772,34.882572936306666
upstream,62,3.1,pi_3,29,21,29,21,21,0.2656630873680115,0.49637213349342346,1.2687736749649048,2.73931622505188,0.869418740272522,3.2110729217529297,12.157308084766772,34.882572936306666
upstream,62,3.1,pi_4,29,29,29,29,29,0.2656630873680115,0.49637213349342346,1.2687736749649048,2.73931622505188,0.672808825969696,3.2110729217529297,12.157308084766772,34.882572936306666
upstream,62,3.1,pi_5,29,28,29,28,28,0.2656630873680115,0.49637213349342346,1.2687736749649048,2.73931622505188,0.672808825969696,3.2013823986053467,12.157308084766772,34.882572936306666
upstream,62,3.1,union,29,29,29,29,29,0.2656630873680115,0.49637213349342346,1.2687736749649048,2.73931622505188,0.672808825969696,3.2110729217529297,12.157308084766772,34.882572936306666
upstream,63,3.1500000000000004,pi_0,29,13,29,13,13,0.41114139556884766,0.5216643214225769,0.990946888923645,2.011312961578369,-0.04331833869218826,2.105654001235962,18.980957421861167,35.442152473518505
upstream,63,3.1500000000000004,pi_1,29,12,29,12,12,0.41114139556884766,0.5216643214225769,0.990946888923645,2.011312961578369,-0.04331833869218826,2.105654001235962,18.980957421861167,35.442152473518505
upstream,63,3.1500000000000004,pi_2,29,29,29,29,29,0.3032899498939514,0.5216643214225769,0.990946888923645,2.316988229751587,-0.339021235704422,2.3110575675964355,10.124571465970824,35.442152473518505
upstream,63,3.1500000000000004,pi_3,29,24,29,24,24,0.3032899498939514,0.5216643214225769,0.990946888923645,2.316988229751587,-0.04331833869218826,2.300689220428467,10.124571465970824,35.442152473518505
upstream,63,3.1500000000000004,pi_4,29,28,29,28,28,0.3032899498939514,0.5216643214225769,0.990946888923645,2.316988229751587,-0.339021235704422,2.3110575675964355,10.124571465970824,35.442152473518505
upstream,63,3.1500000000000004,pi_5,29,29,29,29,29,0.3032899498939514,0.5216643214225769,0.990946888923645,2.316988229751587,-0.339021235704422,2.3110575675964355,10.124571465970824,35.442152473518505
upstream,63,3.1500000000000004,union,29,29,29,29,29,0.3032899498939514,0.5216643214225769,0.990946888923645,2.316988229751587,-0.339021235704422,2.3110575675964355,10.124571465970824,35.442152473518505
upstream,64,3.2,pi_0,29,15,29,15,15,0.40560629963874817,0.5492774248123169,1.273184895515442,1.9788774251937866,-0.08186302334070206,1.4847064018249512,14.867776432849697,28.307606823549854
upstream,64,3.2,pi_1,29,14,29,14,14,0.4065262973308563,0.5492774248123169,1.2179086208343506,1.9788774251937866,-0.11373847723007202,1.0599489212036133,14.867776432849697,28.307606823549854
upstream,64,3.2,pi_2,29,29,29,29,29,0.33566686511039734,0.5492774248123169,1.2179086208343506,2.3580291271209717,-0.11802233010530472,1.5972700119018555,7.183538200187334,28.814780898010433
upstream,64,3.2,pi_3,29,24,29,24,24,0.33566686511039734,0.5492774248123169,1.2179086208343506,2.3580291271209717,-0.11373847723007202,1.5972700119018555,7.183538200187334,28.814780898010433
upstream,64,3.2,pi_4,29,28,29,28,28,0.33566686511039734,0.5492774248123169,1.2179086208343506,2.3580291271209717,-0.11802233010530472,1.5972700119018555,7.183538200187334,28.814780898010433
upstream,64,3.2,pi_5,29,28,29,28,28,0.33566686511039734,0.5492774248123169,1.2179086208343506,2.3580291271209717,-0.11802233010530472,1.5972700119018555,7.183538200187334,28.814780898010433
upstream,64,3.2,union,29,29,29,29,29,0.33566686511039734,0.5492774248123169,1.2179086208343506,2.3580291271209717,-0.11802233010530472,1.5972700119018555,7.183538200187334,28.814780898010433
upstream,65,3.25,pi_0,29,12,29,12,12,0.42932963371276855,0.5656376481056213,1.469455361366272,2.0204362869262695,-0.018123198300600052,0.7064094543457031,10.32307695639395,22.760879589844464
upstream,65,3.25,pi_1,29,13,29,13,13,0.4381360709667206,0.5656376481056213,1.469455361366272,2.0204362869262695,-0.018123198300600052,0.7064094543457031,10.32307695639395,22.760879589844464
upstream,65,3.25,pi_2,29,29,29,29,29,0.3514721095561981,0.5656376481056213,1.4428662061691284,2.346041679382324,-0.06338600069284439,1.4563854932785034,4.176279856820917,25.407841300620824
upstream,65,3.25,pi_3,29,24,29,24,24,0.36472195386886597,0.5656376481056213,1.4428662061691284,2.346041679382324,-0.05577550828456879,1.4563854932785034,4.176279856820917,25.407841300620824
upstream,65,3.25,pi_4,29,26,29,26,26,0.3514721095561981,0.5656376481056213,1.4428662061691284,2.346041679382324,-0.06338600069284439,1.4563854932785034,4.176279856820917,25.407841300620824
upstream,65,3.25,pi_5,29,28,29,28,28,0.3514721095561981,0.5656376481056213,1.4428662061691284,2.346041679382324,-0.06338600069284439,1.4563854932785034,4.176279856820917,25.12454287237718
upstream,65,3.25,union,29,29,29,29,29,0.3514721095561981,0.5656376481056213,1.4428662061691284,2.346041679382324,-0.06338600069284439,1.4563854932785034,4.176279856820917,25.407841300620824
upstream,66,3.3000000000000003,pi_0,29,12,29,12,12,0.4339463412761688,0.5989353656768799,1.5378779172897339,1.9130306243896484,0.028321273624897003,0.6980342864990234,2.813762929327977,16.79704083401251
upstream,66,3.3000000000000003,pi_1,29,13,29,13,13,0.40997442603111267,0.5989353656768799,1.5378779172897339,1.9130306243896484,0.028321273624897003,0.6980342864990234,2.813762929327977,16.79704083401251
upstream,66,3.3000000000000003,pi_2,29,29,29,29,29,0.3494121730327606,0.5989353656768799,1.5378779172897339,2.358905076980591,-0.14117169380187988,1.2708466053009033,0.581137443087276,23.416942500091892
upstream,66,3.3000000000000003,pi_3,29,24,29,24,24,0.3895346522331238,0.5989353656768799,1.5378779172897339,2.358905076980591,-0.14117169380187988,1.2708466053009033,0.581137443087276,19.608020258246995
upstream,66,3.3000000000000003,pi_4,29,28,29,28,28,0.3494121730327606,0.5989353656768799,1.5378779172897339,2.358905076980591,-0.14117169380187988,1.2708466053009033,0.581137443087276,23.416942500091892
upstream,66,3.3000000000000003,pi_5,29,28,29,28,28,0.3494121730327606,0.5989353656768799,1.5378779172897339,2.358905076980591,-0.14117169380187988,1.2708466053009033,0.581137443087276,19.608020258246995
upstream,66,3.3000000000000003,union,29,29,29,29,29,0.3494121730327606,0.5989353656768799,1.5378779172897339,2.358905076980591,-0.14117169380187988,1.2708466053009033,0.581137443087276,23.416942500091892
upstream,67,3.35,pi_0,29,14,29,14,14,0.41211095452308655,0.6152620315551758,1.7621233463287354,2.386305093765259,-0.0922623947262764,1.1576647758483887,-3.423609552588714,14.742362653543408
upstream,67,3.35,pi_1,29,15,29,15,15,0.41211095452308655,0.6152620315551758,1.7621233463287354,2.386305093765259,0.08158080279827118,1.1576647758483887,-3.423609552588714,13.799999755498629
upstream,67,3.35,pi_2,29,29,29,29,29,0.34709611535072327,0.6152620315551758,1.6616114377975464,2.386305093765259,-0.0922623947262764,1.1576647758483887,-3.423609552588714,18.535552084559498
upstream,67,3.35,pi_3,29,27,29,27,27,0.34709611535072327,0.6152620315551758,1.6616114377975464,2.386305093765259,-0.0922623947262764,1.1576647758483887,-3.423609552588714,18.535552084559498
upstream,67,3.35,pi_4,29,29,29,29,29,0.34709611535072327,0.6152620315551758,1.6616114377975464,2.386305093765259,-0.0922623947262764,1.1576647758483887,-3.423609552588714,18.535552084559498
upstream,67,3.35,pi_5,29,28,29,28,28,0.34709611535072327,0.6152620315551758,1.7612146139144897,2.386305093765259,-0.0922623947262764,1.1576647758483887,-3.423609552588714,14.742362653543408
upstream,67,3.35,union,29,29,29,29,29,0.34709611535072327,0.6152620315551758,1.6616114377975464,2.386305093765259,-0.0922623947262764,1.1576647758483887,-3.423609552588714,18.535552084559498
upstream,68,3.4000000000000004,pi_0,29,14,29,14,14,0.4339982867240906,0.6308801770210266,1.8078364133834839,2.350454092025757,0.03776533529162407,1.1074196100234985,-6.325920419057587,7.80233355113011
upstream,68,3.4000000000000004,pi_1,29,14,29,14,14,0.4172030985355377,0.6308801770210266,1.8078364133834839,2.350454092025757,0.03776533529162407,1.1074196100234985,-6.325920419057587,7.80233355113011
upstream,68,3.4000000000000004,pi_2,29,29,29,29,29,0.3475649058818817,0.6308801770210266,1.8078364133834839,2.350454092025757,-0.02558896690607071,1.1074196100234985,-6.325920419057587,12.729320810961212
upstream,68,3.4000000000000004,pi_3,29,26,29,26,26,0.3475649058818817,0.6308801770210266,1.8078364133834839,2.350454092025757,-0.02558896690607071,1.1074196100234985,-6.325920419057587,12.003450246549782
upstream,68,3.4000000000000004,pi_4,29,29,29,29,29,0.3475649058818817,0.6308801770210266,1.8078364133834839,2.350454092025757,-0.02558896690607071,1.1074196100234985,-6.325920419057587,12.729320810961212
upstream,68,3.4000000000000004,pi_5,29,27,29,27,27,0.3475649058818817,0.6308801770210266,1.8078364133834839,2.350454092025757,-0.02558896690607071,1.1074196100234985,-6.325920419057587,12.003450246549782
upstream,68,3.4000000000000004,union,29,29,29,29,29,0.3475649058818817,0.6308801770210266,1.8078364133834839,2.350454092025757,-0.02558896690607071,1.1074196100234985,-6.325920419057587,12.729320810961212
upstream,69,3.45,pi_0,29,13,29,13,13,0.4560149908065796,0.6623427867889404,1.83840811252594,2.305453300476074,-4.666073073167354e-05,1.0735771656036377,-7.475500810102948,10.899266996843501
upstream,69,3.45,pi_1,29,13,29,13,13,0.4560149908065796,0.6623427867889404,1.83840811252594,2.305453300476074,-4.666073073167354e-05,1.0735771656036377,-7.475500810102948,10.899266996843501
upstream,69,3.45,pi_2,29,29,29,29,29,0.3501979410648346,0.6623427867889404,1.83840811252594,2.4563148021698,-0.019619813188910484,1.0735771656036377,-7.475500810102948,10.899266996843501
upstream,69,3.45,pi_3,29,25,29,25,25,0.3501979410648346,0.6623427867889404,1.83840811252594,2.4563148021698,-0.019619813188910484,0.8163478374481201,-3.0935313233222113,10.899266996843501
upstream,69,3.45,pi_4,29,28,29,28,28,0.3501979410648346,0.6623427867889404,1.83840811252594,2.4563148021698,-0.019619813188910484,1.0735771656036377,-7.475500810102948,10.899266996843501
upstream,69,3.45,pi_5,29,28,29,28,28,0.3501979410648346,0.6623427867889404,1.83840811252594,2.4563148021698,-0.019619813188910484,1.0735771656036377,-7.475500810102948,10.899266996843501
upstream,69,3.45,union,29,29,29,29,29,0.3501979410648346,0.6623427867889404,1.83840811252594,2.4563148021698,-0.019619813188910484,1.0735771656036377,-7.475500810102948,10.899266996843501
upstream,70,3.5,pi_0,29,13,29,13,13,0.4664805233478546,0.6801950931549072,1.9025298357009888,2.3864266872406006,-0.023617340251803398,1.0492632389068604,-6.234923588383457,13.255701308981758
upstream,70,3.5,pi_1,29,14,29,14,14,0.35580217838287354,0.6801950931549072,1.9025298357009888,2.3864266872406006,-0.023617340251803398,1.0492632389068604,-6.234923588383457,13.255701308981758
upstream,70,3.5,pi_2,29,27,29,27,27,0.35580217838287354,0.6801950931549072,1.9025298357009888,2.3864266872406006,-0.04494304209947586,1.0492632389068604,-6.234923588383457,13.255701308981758
upstream,70,3.5,pi_3,29,28,29,28,28,0.35580217838287354,0.6801950931549072,1.9025298357009888,2.5043787956237793,-0.04494304209947586,1.0492632389068604,-6.234923588383457,13.255701308981758
upstream,70,3.5,pi_4,29,28,29,28,28,0.35580217838287354,0.6801950931549072,1.9025298357009888,2.5043787956237793,-0.04494304209947586,1.0492632389068604,-6.234923588383457,13.255701308981758
upstream,70,3.5,pi_5,29,28,29,28,28,0.35580217838287354,0.6801950931549072,1.9025298357009888,2.5043787956237793,-0.04494304209947586,1.0492632389068604,-6.234923588383457,13.255701308981758
upstream,70,3.5,union,29,29,29,29,29,0.35580217838287354,0.6801950931549072,1.9025298357009888,2.5043787956237793,-0.04494304209947586,1.0492632389068604,-6.234923588383457,13.255701308981758
upstream,71,3.5500000000000003,pi_0,29,9,29,9,9,0.5014919638633728,0.7001191973686218,1.9393062591552734,2.268057107925415,0.17313557863235474,1.095002293586731,-3.8507240701758514,14.14351697780728
upstream,71,3.5500000000000003,pi_1,29,16,29,16,16,0.3566340506076813,0.7001191973686218,1.9393062591552734,2.268057107925415,-0.1402886062860489,1.095002293586731,-5.110471046897912,14.14351697780728
upstream,71,3.5500000000000003,pi_2,29,28,29,28,28,0.3566340506076813,0.7001191973686218,1.9393062591552734,2.587158679962158,-0.1402886062860489,1.095002293586731,-5.110471046897912,14.14351697780728
upstream,71,3.5500000000000003,pi_3,29,27,29,27,27,0.3566340506076813,0.7001191973686218,1.9393062591552734,2.587158679962158,-0.1402886062860489,1.095002293586731,-5.110471046897912,14.14351697780728
upstream,71,3.5500000000000003,pi_4,29,28,29,28,28,0.3566340506076813,0.7001191973686218,1.9393062591552734,2.587158679962158,-0.1402886062860489,1.095002293586731,-5.110471046897912,14.14351697780728
upstream,71,3.5500000000000003,pi_5,29,28,29,28,28,0.3566340506076813,0.7001191973686218,1.9393062591552734,2.587158679962158,-0.1402886062860489,1.095002293586731,-5.110471046897912,14.14351697780728
upstream,71,3.5500000000000003,union,29,29,29,29,29,0.3566340506076813,0.7001191973686218,1.9393062591552734,2.587158679962158,-0.1402886062860489,1.095002293586731,-5.110471046897912,14.14351697780728
upstream,72,3.6,pi_0,28,13,28,13,13,0.4786984622478485,0.7194914817810059,1.9739911556243896,2.2722911834716797,0.006617279723286629,0.8431211709976196,-4.914814967842683,11.681416019840023
upstream,72,3.6,pi_1,28,15,28,15,15,0.3311755061149597,0.7194914817810059,1.8882882595062256,2.2722911834716797,-1.0633020401000977,0.8431211709976196,-4.914814967842683,14.667572448282964
upstream,72,3.6,pi_2,28,28,28,28,28,0.3311755061149597,0.7194914817810059,1.8882882595062256,2.5255331993103027,-1.0633020401000977,0.8431211709976196,-6.064000183306473,14.667572448282964
upstream,72,3.6,pi_3,28,26,28,26,26,0.3311755061149597,0.7194914817810059,1.8882882595062256,2.5255331993103027,-1.0633020401000977,0.8431211709976196,-6.064000183306473,14.667572448282964
upstream,72,3.6,pi_4,28,27,28,27,27,0.3311755061149597,0.7194914817810059,1.8882882595062256,2.5255331993103027,-1.0633020401000977,0.8431211709976196,-6.064000183306473,14.667572448282964
upstream,72,3.6,pi_5,28,27,28,27,27,0.3311755061149597,0.7194914817810059,1.8882882595062256,2.5255331993103027,-1.0633020401000977,0.8431211709976196,-6.064000183306473,14.667572448282964
upstream,72,3.6,union,28,28,28,28,28,0.3311755061149597,0.7194914817810059,1.8882882595062256,2.5255331993103027,-1.0633020401000977,0.8431211709976196,-6.064000183306473,14.667572448282964
upstream,73,3.6500000000000004,pi_0,24,11,24,11,11,0.48692604899406433,0.73328697681427,2.005002498626709,2.2131357192993164,0.0802002102136612,0.8525901436805725,-4.474506276076949,11.065850023018381
upstream,73,3.6500000000000004,pi_1,24,16,24,16,16,0.3121988773345947,0.73328697681427,2.005002498626709,2.4826314449310303,-0.3019474148750305,0.8525901436805725,-4.474506276076949,13.932340086747951
upstream,73,3.6500000000000004,pi_2,24,23,24,23,23,0.3121988773345947,0.73328697681427,1.9525872468948364,2.4826314449310303,-0.679786205291748,0.8525901436805725,-7.4375966749434586,13.932340086747951
upstream,73,3.6500000000000004,pi_3,24,24,24,24,24,0.3121988773345947,0.73328697681427,1.9525872468948364,2.4826314449310303,-0.679786205291748,0.8525901436805725,-7.4375966749434586,13.932340086747951
upstream,73,3.6500000000000004,pi_4,24,21,24,21,21,0.3121988773345947,0.73328697681427,1.9525872468948364,2.4826314449310303,-0.679786205291748,0.8525901436805725,-7.4375966749434586,13.932340086747951
upstream,73,3.6500000000000004,pi_5,24,22,24,22,22,0.3121988773345947,0.73328697681427,1.9525872468948364,2.4826314449310303,-0.679786205291748,0.8525901436805725,-7.4375966749434586,13.932340086747951
upstream,73,3.6500000000000004,union,24,24,24,24,24,0.3121988773345947,0.73328697681427,1.9525872468948364,2.4826314449310303,-0.679786205291748,0.8525901436805725,-7.4375966749434586,13.932340086747951
upstream,74,3.7,pi_0,20,11,20,11,11,0.5028173923492432,0.6510244607925415,2.0855820178985596,2.621135711669922,0.015425105579197407,0.711547315120697,-4.698827674558763,9.120721278576237
upstream,74,3.7,pi_1,20,12,20,12,12,0.3083494007587433,0.6510244607925415,2.0855820178985596,2.621135711669922,-0.3081165552139282,0.711547315120697,-4.698827674558763,11.367907758387243
upstream,74,3.7,pi_2,20,18,20,18,18,0.3083494007587433,0.6510244607925415,1.968693733215332,2.621135711669922,-0.652134358882904,0.711547315120697,-5.127505690670296,13.632773322212776
upstream,74,3.7,pi_3,20,19,20,19,19,0.3083494007587433,0.6510244607925415,1.8740711212158203,2.621135711669922,-1.1054848432540894,0.7443947792053223,-5.127505690670296,13.632773322212776
upstream,74,3.7,pi_4,20,18,20,18,18,0.3083494007587433,0.6510244607925415,1.8740711212158203,2.621135711669922,-1.1054848432540894,0.711547315120697,-5.127505690670296,13.632773322212776
upstream,74,3.7,pi_5,20,19,20,19,19,0.3083494007587433,0.6510244607925415,1.8740711212158203,2.621135711669922,-1.1054848432540894,0.711547315120697,-5.127505690670296,13.632773322212776
upstream,74,3.7,union,20,20,20,20,20,0.3083494007587433,0.6510244607925415,1.8740711212158203,2.621135711669922,-1.1054848432540894,0.7443947792053223,-5.127505690670296,13.632773322212776
upstream,75,3.75,pi_0,17,8,17,8,8,0.5132352113723755,0.6615685820579529,2.0340163707733154,2.514575481414795,0.06563787162303925,0.7293708920478821,-5.089027160033058,9.631470193965606
upstream,75,3.75,pi_1,17,10,17,10,10,0.2995474338531494,0.6615685820579529,1.783206820487976,2.514575481414795,-1.789170742034912,0.7293708920478821,-5.089027160033058,9.631470193965606
upstream,75,3.75,pi_2,17,16,17,16,16,0.2995474338531494,0.6615685820579529,1.783206820487976,2.514575481414795,-1.789170742034912,0.7293708920478821,-5.089027160033058,13.881965105105742
upstream,75,3.75,pi_3,17,16,17,16,16,0.2995474338531494,0.6615685820579529,1.783206820487976,2.514575481414795,-1.789170742034912,0.8062790632247925,-5.089027160033058,13.881965105105742
upstream,75,3.75,pi_4,17,15,17,15,15,0.2995474338531494,0.6615685820579529,1.783206820487976,2.514575481414795,-1.789170742034912,0.7293708920478821,-5.089027160033058,13.881965105105742
upstream,75,3.75,pi_5,17,16,17,16,16,0.2995474338531494,0.6615685820579529,1.783206820487976,2.514575481414795,-1.789170742034912,0.7293708920478821,-5.089027160033058,13.881965105105742
upstream,75,3.75,union,17,17,17,17,17,0.2995474338531494,0.6615685820579529,1.783206820487976,2.514575481414795,-1.789170742034912,0.8062790632247925,-5.089027160033058,13.881965105105742
upstream,76,3.8000000000000003,pi_0,12,3,12,3,3,0.6102656722068787,0.6658247709274292,2.21872615814209,2.3077430725097656,0.12115900963544846,0.6255828142166138,0.43208658235163316,6.366320857084778
upstream,76,3.8000000000000003,pi_1,12,3,12,3,3,0.6102656722068787,0.6658247709274292,2.21872615814209,2.3077430725097656,0.12115900963544846,0.6255828142166138,0.43208658235163316,6.366320857084778
upstream,76,3.8000000000000003,pi_2,12,10,12,10,10,0.2880549132823944,0.6658247709274292,1.899248480796814,2.425020456314087,-1.438247799873352,0.6255828142166138,-4.4089832849986905,14.06791660201165
upstream,76,3.8000000000000003,pi_3,12,9,12,9,9,0.2880549132823944,0.6658247709274292,1.761163353919983,2.425020456314087,-2.0660321712493896,0.6255828142166138,-4.4089832849986905,14.06791660201165
upstream,76,3.8000000000000003,pi_4,12,11,12,11,11,0.2880549132823944,0.6658247709274292,1.761163353919983,2.425020456314087,-2.0660321712493896,0.6255828142166138,-4.4089832849986905,14.06791660201165
upstream,76,3.8000000000000003,pi_5,12,11,12,11,11,0.2880549132823944,0.6658247709274292,1.761163353919983,2.425020456314087,-2.0660321712493896,0.6255828142166138,-4.4089832849986905,14.06791660201165
upstream,76,3.8000000000000003,union,12,11,12,11,11,0.2880549132823944,0.6658247709274292,1.761163353919983,2.425020456314087,-2.0660321712493896,0.6255828142166138,-4.4089832849986905,14.06791660201165
upstream,77,3.85,pi_0,10,2,10,2,2,0.5084220767021179,0.6751394867897034,1.8213454484939575,2.2344985008239746,0.21643014252185822,0.43551933765411377,-9.341574273334304,-0.2791995166195173
upstream,77,3.85,pi_1,10,3,10,3,3,0.2760131061077118,0.6751394867897034,1.8213454484939575,2.3099896907806396,-0.1865195333957672,0.43551933765411377,-9.341574273334304,-0.2791995166195173
upstream,77,3.85,pi_2,10,8,10,8,8,0.29251816868782043,0.6751394867897034,1.8213454484939575,2.290637254714966,-2.0208818912506104,0.43551933765411377,-9.341574273334304,14.194724603779493
upstream,77,3.85,pi_3,10,8,10,8,8,0.2760131061077118,0.6751394867897034,1.8213454484939575,2.3099896907806396,-2.0208818912506104,0.43551933765411377,-9.341574273334304,14.194724603779493
upstream,77,3.85,pi_4,10,7,10,7,7,0.2760131061077118,0.6751394867897034,1.8213454484939575,2.3099896907806396,-2.0208818912506104,0.43551933765411377,-9.341574273334304,14.194724603779493
upstream,77,3.85,pi_5,10,9,10,9,9,0.2760131061077118,0.6751394867897034,1.8213454484939575,2.3099896907806396,-2.0208818912506104,0.43551933765411377,-9.341574273334304,14.194724603779493
upstream,77,3.85,union,10,9,10,9,9,0.2760131061077118,0.6751394867897034,1.8213454484939575,2.3099896907806396,-2.0208818912506104,0.43551933765411377,-9.341574273334304,14.194724603779493
upstream,78,3.9000000000000004,pi_0,8,1,8,1,1,0.2783135175704956,0.2783135175704956,1.7597661018371582,1.7597661018371582,0.17592912912368774,0.17592912912368774,-0.1107652584839121,-0.1107652584839121
upstream,78,3.9000000000000004,pi_1,8,2,8,2,2,0.2734944224357605,0.2783135175704956,1.7597661018371582,2.504967451095581,-0.18526241183280945,0.17592912912368774,-0.1107652584839121,-0.021077116835071078
upstream,78,3.9000000000000004,pi_2,8,8,8,8,8,0.2734944224357605,0.49712270498275757,1.7597661018371582,2.504967451095581,-2.2632009983062744,0.17592912912368774,-6.426915792584203,14.256230894476255
upstream,78,3.9000000000000004,pi_3,8,6,8,6,6,0.2734944224357605,0.49712270498275757,1.7597661018371582,2.504967451095581,-2.2632009983062744,0.17592912912368774,-6.426915792584203,14.256230894476255
upstream,78,3.9000000000000004,pi_4,8,6,8,6,6,0.2734944224357605,0.49712270498275757,1.7597661018371582,2.504967451095581,-2.2632009983062744,0.17592912912368774,-6.426915792584203,14.256230894476255
upstream,78,3.9000000000000004,pi_5,8,7,8,7,7,0.2734944224357605,0.49712270498275757,1.7597661018371582,2.504967451095581,-2.2632009983062744,0.17592912912368774,-6.426915792584203,14.256230894476255
upstream,78,3.9000000000000004,union,8,8,8,8,8,0.2734944224357605,0.49712270498275757,1.7597661018371582,2.504967451095581,-2.2632009983062744,0.17592912912368774,-6.426915792584203,14.256230894476255
upstream,79,3.95,pi_0,8,1,8,1,1,0.27871087193489075,0.27871087193489075,1.4324095249176025,1.4324095249176025,-0.08756633847951889,-0.08756633847951889,0.09308320337892231,0.09308320337892231
upstream,79,3.95,pi_1,8,3,8,3,3,0.2783103585243225,0.3008194863796234,1.398231863975525,2.887296199798584,-0.991028904914856,-0.08511489629745483,0.08862876890434115,10.024523300268543
upstream,79,3.95,pi_2,8,6,8,6,6,0.2783103585243225,0.46474194526672363,1.398231863975525,2.887296199798584,-1.931098461151123,-0.08511489629745483,-8.005846479318693,10.024523300268543
upstream,79,3.95,pi_3,8,7,8,7,7,0.2783103585243225,0.46474194526672363,1.398231863975525,2.887296199798584,-2.291058301925659,-0.08511489629745483,-8.005846479318693,10.024523300268543
upstream,79,3.95,pi_4,8,7,8,7,7,0.2783103585243225,0.46474194526672363,1.398231863975525,2.887296199798584,-1.931098461151123,-0.08511489629745483,-8.005846479318693,10.024523300268543
upstream,79,3.95,pi_5,8,7,8,7,7,0.2783103585243225,0.46474194526672363,1.398231863975525,2.887296199798584,-2.291058301925659,-0.08511489629745483,-8.005846479318693,10.024523300268543
upstream,79,3.95,union,8,8,8,8,8,0.2783103585243225,0.46474194526672363,1.398231863975525,2.887296199798584,-2.291058301925659,-0.08511489629745483,-8.005846479318693,10.024523300268543
upstream,80,4.0,pi_0,7,1,7,1,1,0.28405144810676575,0.28405144810676575,1.2829210758209229,1.2829210758209229,0.7282872200012207,0.7282872200012207,0.5142447429003104,0.5142447429003104
upstream,80,4.0,pi_1,7,1,7,1,1,0.28405144810676575,0.28405144810676575,1.2829210758209229,1.2829210758209229,0.7282872200012207,0.7282872200012207,0.5142447429003104,0.5142447429003104
upstream,80,4.0,pi_2,7,6,7,6,6,0.2708771526813507,0.436858206987381,1.2464817762374878,2.200807571411133,-2.2027833461761475,0.7282872200012207,-9.94952442775201,1.7425123600495849
upstream,80,4.0,pi_3,7,7,7,7,7,0.2708771526813507,0.436858206987381,1.2464817762374878,2.200807571411133,-2.2027833461761475,0.7282872200012207,-9.94952442775201,1.7425123600495849
upstream,80,4.0,pi_4,7,6,7,6,6,0.2708771526813507,0.436858206987381,1.2464817762374878,2.200807571411133,-2.2027833461761475,0.7282872200012207,-9.94952442775201,1.7425123600495849
upstream,80,4.0,pi_5,7,5,7,5,5,0.2708771526813507,0.3583372235298157,1.2464817762374878,2.0412843227386475,-2.2027833461761475,0.7282872200012207,-0.6443322341881681,1.7425123600495849
upstream,80,4.0,union,7,7,7,7,7,0.2708771526813507,0.436858206987381,1.2464817762374878,2.200807571411133,-2.2027833461761475,0.7282872200012207,-9.94952442775201,1.7425123600495849
upstream,81,4.05,pi_0,8,2,8,2,2,0.2835020422935486,0.3471916615962982,1.7652292251586914,3.0185203552246094,-0.8425473570823669,1.9410375356674194,1.8393425280251785,2.3919000682645333
upstream,81,4.05,pi_1,8,3,8,3,3,0.28042346239089966,0.3471916615962982,1.1184780597686768,3.0185203552246094,-0.8425473570823669,1.9410375356674194,-0.9996138604350762,2.3919000682645333
upstream,81,4.05,pi_2,8,7,8,7,7,0.2765490710735321,0.40143704414367676,1.1184780597686768,3.0185203552246094,-2.445356607437134,1.9410375356674194,-11.70204174013922,2.3919000682645333
upstream,81,4.05,pi_3,8,7,8,7,7,0.2765490710735321,0.40143704414367676,1.1184780597686768,3.0185203552246094,-2.445356607437134,1.9410375356674194,-11.70204174013922,2.3919000682645333
upstream,81,4.05,pi_4,8,8,8,8,8,0.2765490710735321,0.40143704414367676,1.1184780597686768,3.0185203552246094,-2.445356607437134,1.9410375356674194,-11.70204174013922,2.3919000682645333
upstream,81,4.05,pi_5,8,6,8,6,6,0.2765490710735321,0.3471916615962982,1.1184780597686768,3.0185203552246094,-2.445356607437134,1.9410375356674194,-0.9996138604350762,2.3919000682645333
upstream,81,4.05,union,8,8,8,8,8,0.2765490710735321,0.40143704414367676,1.1184780597686768,3.0185203552246094,-2.445356607437134,1.9410375356674194,-11.70204174013922,2.3919000682645333
upstream,82,4.1000000000000005,pi_0,8,2,8,2,2,0.3095995783805847,0.3881048560142517,1.7062007188796997,1.7731214761734009,1.7447888851165771,1.8870420455932617,-1.5232617443469652,5.465044484576866
upstream,82,4.1000000000000005,pi_1,8,3,8,3,3,0.27537721395492554,0.3881048560142517,1.7062007188796997,2.099285125732422,0.09453833103179932,1.8870420455932617,-1.5232617443469652,5.465044484576866
upstream,82,4.1000000000000005,pi_2,8,7,8,7,7,0.2685074508190155,0.3881048560142517,1.1894421577453613,2.2283663749694824,-2.7625486850738525,1.8870420455932617,-12.376024318007541,5.465044484576866
upstream,82,4.1000000000000005,pi_3,8,7,8,7,7,0.2685074508190155,0.3881048560142517,1.1894421577453613,2.2283663749694824,-2.7625486850738525,1.8870420455932617,-12.376024318007541,5.465044484576866
upstream,82,4.1000000000000005,pi_4,8,7,8,7,7,0.2685074508190155,0.3881048560142517,1.1894421577453613,2.2283663749694824,-2.7625486850738525,1.8870420455932617,-12.376024318007541,5.465044484576866
upstream,82,4.1000000000000005,pi_5,8,7,8,7,7,0.2685074508190155,0.3881048560142517,1.1894421577453613,2.2283663749694824,-2.7625486850738525,1.8870420455932617,-12.376024318007541,5.465044484576866
upstream,82,4.1000000000000005,union,8,8,8,8,8,0.2685074508190155,0.3881048560142517,1.1894421577453613,2.2283663749694824,-2.7625486850738525,1.8870420455932617,-12.376024318007541,5.465044484576866
upstream,83,4.15,pi_0,8,2,8,2,2,0.27819713950157166,0.4834267795085907,1.728258728981018,1.9762508869171143,0.033204399049282074,2.4600954055786133,-0.4893741129422712,0.17229872083426787
upstream,83,4.15,pi_1,8,3,8,3,3,0.27819713950157166,0.4834267795085907,1.728258728981018,2.152669668197632,0.033204399049282074,2.4600954055786133,-0.4893741129422712,2.65690727762051
upstream,83,4.15,pi_2,8,6,8,6,6,0.27263933420181274,0.4834267795085907,1.3441343307495117,2.152669668197632,-2.514298915863037,2.4600954055786133,-12.239403167984932,2.65690727762051
upstream,83,4.15,pi_3,8,7,8,7,7,0.27263933420181274,0.4834267795085907,1.011161208152771,2.152669668197632,-2.514298915863037,2.4600954055786133,-12.239403167984932,2.65690727762051
upstream,83,4.15,pi_4,8,6,8,6,6,0.27263933420181274,0.4834267795085907,1.3441343307495117,2.152669668197632,-2.514298915863037,2.4600954055786133,-12.239403167984932,2.65690727762051
upstream,83,4.15,pi_5,8,7,8,7,7,0.27263933420181274,0.4834267795085907,1.011161208152771,2.152669668197632,-2.514298915863037,2.4600954055786133,-12.239403167984932,2.65690727762051
upstream,83,4.15,union,8,7,8,7,7,0.27263933420181274,0.4834267795085907,1.011161208152771,2.152669668197632,-2.514298915863037,2.4600954055786133,-12.239403167984932,2.65690727762051
upstream,84,4.2,pi_0,8,2,8,2,2,0.398257851600647,0.5373828411102295,1.7677395343780518,2.14247989654541,2.263754367828369,2.593681812286377,-0.6471356761200443,1.4865527098922489
upstream,84,4.2,pi_1,8,2,8,2,2,0.398257851600647,0.5373828411102295,1.7677395343780518,2.14247989654541,2.263754367828369,2.593681812286377,-0.6471356761200443,1.4865527098922489
upstream,84,4.2,pi_2,8,7,8,7,7,0.27533432841300964,0.5373828411102295,1.1214349269866943,2.14247989654541,-0.0701383501291275,2.593681812286377,-6.542373584290713,9.038113356390724
upstream,84,4.2,pi_3,8,7,8,7,7,0.27533432841300964,0.5373828411102295,1.1214349269866943,2.14247989654541,-0.0701383501291275,2.593681812286377,-6.542373584290713,9.038113356390724
upstream,84,4.2,pi_4,8,7,8,7,7,0.27533432841300964,0.5373828411102295,1.1214349269866943,2.14247989654541,-0.0701383501291275,2.593681812286377,-0.9181762242672702,9.038113356390724
upstream,84,4.2,pi_5,8,7,8,7,7,0.27533432841300964,0.5373828411102295,1.1214349269866943,2.14247989654541,-0.0701383501291275,2.593681812286377,-6.542373584290713,9.038113356390724
upstream,84,4.2,union,8,8,8,8,8,0.27533432841300964,0.5373828411102295,1.1214349269866943,2.14247989654541,-0.0701383501291275,2.593681812286377,-6.542373584290713,9.038113356390724
upstream,85,4.25,pi_0,8,2,8,2,2,0.4540598392486572,0.6372265815734863,1.7782641649246216,2.219562530517578,2.3627312183380127,2.769857406616211,-0.5423481048771605,0.36216425040788697
upstream,85,4.25,pi_1,8,2,8,2,2,0.4540598392486572,0.6372265815734863,1.7782641649246216,2.219562530517578,2.3627312183380127,2.769857406616211,-0.5423481048771605,0.36216425040788697
upstream,85,4.25,pi_2,8,8,8,8,8,0.27753064036369324,0.6372265815734863,1.1434693336486816,2.655647039413452,-0.3508274555206299,2.906536340713501,-0.7589530874999243,7.405239508809577
upstream,85,4.25,pi_3,8,7,8,7,7,0.27753064036369324,0.6372265815734863,1.1434693336486816,2.655647039413452,-0.3508274555206299,2.906536340713501,-0.7589530874999243,7.405239508809577
upstream,85,4.25,pi_4,8,7,8,7,7,0.27763423323631287,0.6372265815734863,1.2665352821350098,2.655647039413452,-0.3508274555206299,2.906536340713501,-0.7589530874999243,7.405239508809577
upstream,85,4.25,pi_5,8,7,8,7,7,0.27753064036369324,0.6372265815734863,1.1434693336486816,2.655647039413452,-0.3508274555206299,2.906536340713501,-0.7589530874999243,7.405239508809577
upstream,85,4.25,union,8,8,8,8,8,0.27753064036369324,0.6372265815734863,1.1434693336486816,2.655647039413452,-0.3508274555206299,2.906536340713501,-0.7589530874999243,7.405239508809577
upstream,86,4.3,pi_0,8,3,8,3,3,0.2843237519264221,0.6811165809631348,1.3532087802886963,2.2101004123687744,0.9387855529785156,2.784663438796997,-1.6463878069500442,2.1923026366898637
upstream,86,4.3,pi_1,8,5,8,5,5,0.2772112488746643,0.6811165809631348,1.3532087802886963,2.2101004123687744,0.07091812789440155,2.784663438796997,-1.6463878069500442,2.4905313475690987
upstream,86,4.3,pi_2,8,7,8,7,7,0.2772112488746643,0.6811165809631348,1.3532087802886963,2.7691359519958496,-0.06736250966787338,3.4417457580566406,-1.6463878069500442,7.865447634353045
upstream,86,4.3,pi_3,8,7,8,7,7,0.2772112488746643,0.6811165809631348,1.3532087802886963,2.7691359519958496,0.07091812789440155,3.4417457580566406,-1.6463878069500442,7.865447634353045
upstream,86,4.3,pi_4,8,7,8,7,7,0.2773003876209259,0.6811165809631348,1.3532087802886963,2.7691359519958496,-0.06736250966787338,3.4417457580566406,-1.6463878069500442,7.865447634353045
upstream,86,4.3,pi_5,8,6,8,6,6,0.2843237519264221,0.6811165809631348,1.3532087802886963,2.7691359519958496,0.9387855529785156,3.4417457580566406,-1.6463878069500442,7.865447634353045
upstream,86,4.3,union,8,8,8,8,8,0.2772112488746643,0.6811165809631348,1.3532087802886963,2.7691359519958496,-0.06736250966787338,3.4417457580566406,-1.6463878069500442,7.865447634353045
upstream,87,4.3500000000000005,pi_0,7,3,7,3,3,0.3582267761230469,0.7123538255691528,1.6837868690490723,2.15057635307312,1.2125896215438843,2.3839633464813232,-2.730800911442776,0.9507814682387481
upstream,87,4.3500000000000005,pi_1,7,4,7,4,4,0.33119693398475647,0.7123538255691528,1.6837868690490723,2.15057635307312,1.2125896215438843,2.3839633464813232,-2.730800911442776,1.7640551962276372
upstream,87,4.3500000000000005,pi_2,7,6,7,6,6,0.2728286683559418,0.7123538255691528,1.3906664848327637,2.15057635307312,-0.07149549573659897,2.3839633464813232,-2.730800911442776,2.2906282005021352
upstream,87,4.3500000000000005,pi_3,7,6,7,6,6,0.2783135771751404,0.7123538255691528,1.3906664848327637,2.15057635307312,-0.07149549573659897,2.3839633464813232,-2.730800911442776,2.2906282005021352
upstream,87,4.3500000000000005,pi_4,7,6,7,6,6,0.2728286683559418,0.7123538255691528,1.6837868690490723,2.15057635307312,0.049014922231435776,2.3839633464813232,-2.730800911442776,2.2906282005021352
upstream,87,4.3500000000000005,pi_5,7,5,7,5,5,0.33119693398475647,0.7123538255691528,1.6837868690490723,2.15057635307312,1.2125896215438843,2.3839633464813232,-2.730800911442776,2.2906282005021352
upstream,87,4.3500000000000005,union,7,7,7,7,7,0.2728286683559418,0.7123538255691528,1.3906664848327637,2.15057635307312,-0.07149549573659897,2.3839633464813232,-2.730800911442776,2.2906282005021352
upstream,88,4.4,pi_0,7,2,7,2,2,0.4062439501285553,0.6642743349075317,1.9486027956008911,2.0888805389404297,1.9015319347381592,2.362396001815796,-0.25289613343230555,1.355902084594345
upstream,88,4.4,pi_1,7,3,7,3,3,0.4062439501285553,0.6642743349075317,1.9486027956008911,2.2594997882843018,1.9015319347381592,2.8052618503570557,-0.25289613343230555,2.499967314300269
upstream,88,4.4,pi_2,7,6,7,6,6,0.28092747926712036,0.6642743349075317,1.529280662536621,2.624185562133789,0.5462889075279236,3.1054577827453613,-0.25289613343230555,9.584140974902779
upstream,88,4.4,pi_3,7,6,7,6,6,0.2792975902557373,0.6642743349075317,1.6095085144042969,2.624185562133789,0.3831716775894165,3.1054577827453613,-0.25289613343230555,9.584140974902779
upstream,88,4.4,pi_4,7,6,7,6,6,0.2792975902557373,0.6642743349075317,1.529280662536621,2.624185562133789,0.3831716775894165,3.1054577827453613,-0.25289613343230555,9.584140974902779
upstream,88,4.4,pi_5,7,5,7,5,5,0.4062439501285553,0.6642743349075317,1.8617260456085205,2.624185562133789,1.9015319347381592,3.1054577827453613,-0.25289613343230555,9.584140974902779
upstream,88,4.4,union,7,7,7,7,7,0.2792975902557373,0.6642743349075317,1.529280662536621,2.624185562133789,0.3831716775894165,3.1054577827453613,-0.25289613343230555,9.584140974902779
upstream,89,4.45,pi_0,7,3,7,3,3,0.3296048641204834,0.6960307359695435,2.0060317516326904,2.141319990158081,1.2824738025665283,3.166260242462158,-0.8736750530930426,4.514458786479349
upstream,89,4.45,pi_1,7,3,7,3,3,0.46613988280296326,0.6960307359695435,2.013829231262207,2.2930872440338135,1.2824738025665283,3.166260242462158,-0.8736750530930426,4.556749756094325
upstream,89,4.45,pi_2,7,6,7,6,6,0.3296048641204834,0.6960307359695435,1.9591648578643799,2.476280927658081,1.2824738025665283,3.166260242462158,-0.8736750530930426,12.153890556459514
upstream,89,4.45,pi_3,7,6,7,6,6,0.3334757685661316,0.6960307359695435,1.9591648578643799,2.476280927658081,1.2824738025665283,3.166260242462158,-0.8736750530930426,12.153890556459514
upstream,89,4.45,pi_4,7,6,7,6,6,0.3296048641204834,0.6960307359695435,1.9591648578643799,2.476280927658081,1.2824738025665283,3.166260242462158,-0.8736750530930426,12.153890556459514
upstream,89,4.45,pi_5,7,5,7,5,5,0.46613988280296326,0.6960307359695435,1.9591648578643799,2.476280927658081,1.2824738025665283,3.166260242462158,-0.8736750530930426,12.153890556459514
upstream,89,4.45,union,7,7,7,7,7,0.3296048641204834,0.6960307359695435,1.9591648578643799,2.476280927658081,1.2824738025665283,3.166260242462158,-0.8736750530930426,12.153890556459514
upstream,90,4.5,pi_0,7,3,7,3,3,0.3583584725856781,0.7116795778274536,1.8719115257263184,2.106210708618164,0.3193701207637787,2.8611910343170166,-0.2578608277892234,5.197668934667787
upstream,90,4.5,pi_1,7,4,7,4,4,0.3583584725856781,0.7116795778274536,1.8719115257263184,2.2526979446411133,0.3193701207637787,2.8611910343170166,-0.2578608277892234,5.23281043112439
upstream,90,4.5,pi_2,7,6,7,6,6,0.3583584725856781,0.7116795778274536,1.8719115257263184,2.346931219100952,0.3193701207637787,2.8611910343170166,-0.2578608277892234,12.699466178796515
upstream,90,4.5,pi_3,7,6,7,6,6,0.37922394275665283,0.7116795778274536,1.8915034532546997,2.4418389797210693,0.3193701207637787,2.8611910343170166,-0.2578608277892234,12.699466178796515
upstream,90,4.5,pi_4,7,6,7,6,6,0.37922394275665283,0.7116795778274536,1.8915034532546997,2.4418389797210693,0.3193701207637787,2.8611910343170166,-0.2578608277892234,12.699466178796515
upstream,90,4.5,pi_5,7,5,7,5,5,0.5462613105773926,0.7116795778274536,1.8915034532546997,2.346931219100952,0.3193701207637787,2.8611910343170166,-0.2578608277892234,12.699466178796515
upstream,90,4.5,union,7,7,7,7,7,0.3583584725856781,0.7116795778274536,1.8719115257263184,2.4418389797210693,0.3193701207637787,2.8611910343170166,-0.2578608277892234,12.699466178796515
upstream,91,4.55,pi_0,6,2,6,2,2,0.39166510105133057,0.6296599507331848,1.995221495628357,2.107532024383545,1.6562960147857666,2.2252705097198486,2.753450310373326,3.965779074875124
upstream,91,4.55,pi_1,6,2,6,2,2,0.5958405137062073,0.6296599507331848,1.995221495628357,2.161149740219116,2.2252705097198486,2.2597708702087402,3.965779074875124,5.425063336118251
upstream,91,4.55,pi_2,6,4,6,4,4,0.5958405137062073,0.72601717710495,1.9482579231262207,2.1768667697906494,1.3062808513641357,2.2597708702087402,3.965779074875124,13.874851609959272
upstream,91,4.55,pi_3,6,5,6,5,5,0.43608883023262024,0.72601717710495,1.9482579231262207,2.5632691383361816,1.3062808513641357,2.9251434803009033,3.965779074875124,13.874851609959272
upstream,91,4.55,pi_4,6,4,6,4,4,0.5958405137062073,0.72601717710495,1.9482579231262207,2.1768667697906494,1.3062808513641357,2.2597708702087402,3.965779074875124,13.874851609959272
upstream,91,4.55,pi_5,6,4,6,4,4,0.5958405137062073,0.72601717710495,1.9482579231262207,2.1768667697906494,1.3062808513641357,2.2597708702087402,3.965779074875124,13.874851609959272
upstream,91,4.55,union,6,6,6,6,6,0.39166510105133057,0.72601717710495,1.9482579231262207,2.5632691383361816,1.3062808513641357,2.9251434803009033,2.753450310373326,13.874851609959272
upstream,92,4.6000000000000005,pi_0,6,1,6,1,1,0.667353093624115,0.667353093624115,1.9253853559494019,1.9253853559494019,1.6349188089370728,1.6349188089370728,3.786942105447389,3.786942105447389
upstream,92,4.6000000000000005,pi_1,6,2,6,2,2,0.6356685757637024,0.667353093624115,1.9253853559494019,2.0823144912719727,1.6349188089370728,1.7760252952575684,3.786942105447389,5.66752800506388
upstream,92,4.6000000000000005,pi_2,6,3,6,3,3,0.667353093624115,0.7492802143096924,1.7297110557556152,2.1297082901000977,0.6025397181510925,1.6349188089370728,3.786942105447389,15.088216952704885
upstream,92,4.6000000000000005,pi_3,6,5,6,5,5,0.4989246129989624,0.7492802143096924,1.7297110557556152,2.569953203201294,0.6025397181510925,3.109600305557251,3.786942105447389,15.088216952704885
upstream,92,4.6000000000000005,pi_4,6,4,6,4,4,0.4989246129989624,0.7492802143096924,1.7297110557556152,2.569953203201294,0.6025397181510925,3.109600305557251,3.786942105447389,15.088216952704885
upstream,92,4.6000000000000005,pi_5,6,4,6,4,4,0.6356685757637024,0.7492802143096924,1.7297110557556152,2.1297082901000977,0.6025397181510925,1.7760252952575684,3.786942105447389,15.088216952704885
upstream,92,4.6000000000000005,union,6,5,6,5,5,0.4989246129989624,0.7492802143096924,1.7297110557556152,2.569953203201294,0.6025397181510925,3.109600305557251,3.786942105447389,15.088216952704885
upstream,93,4.65,pi_0,5,1,5,1,1,0.6916314363479614,0.6916314363479614,1.8525712490081787,1.8525712490081787,0.9479861259460449,0.9479861259460449,4.674207258020922,4.674207258020922
upstream,93,4.65,pi_1,5,2,5,2,2,0.6661484837532043,0.6916314363479614,1.8525712490081787,2.0265982151031494,0.9479861259460449,1.3345798254013062,4.674207258020922,5.974579026860824
upstream,93,4.65,pi_2,5,4,5,4,4,0.5569807887077332,0.7653881311416626,1.8525712490081787,2.476944923400879,0.6160763502120972,2.719496011734009,4.674207258020922,16.396797301285588
upstream,93,4.65,pi_3,5,4,5,4,4,0.5569807887077332,0.7653881311416626,1.8525712490081787,2.476944923400879,0.6160763502120972,2.719496011734009,4.674207258020922,16.396797301285588
upstream,93,4.65,pi_4,5,3,5,3,3,0.6661484837532043,0.7653881311416626,1.8525712490081787,2.0532753467559814,0.6160763502120972,1.3345798254013062,4.674207258020922,16.396797301285588
upstream,93,4.65,pi_5,5,3,5,3,3,0.6661484837532043,0.7653881311416626,1.8525712490081787,2.0532753467559814,0.6160763502120972,1.3345798254013062,4.674207258020922,16.396797301285588
upstream,93,4.65,union,5,4,5,4,4,0.5569807887077332,0.7653881311416626,1.8525712490081787,2.476944923400879,0.6160763502120972,2.719496011734009,4.674207258020922,16.396797301285588
upstream,94,4.7,pi_0,4,1,4,1,1,0.715334951877594,0.715334951877594,1.8267841339111328,1.8267841339111328,0.21539363265037537,0.21539363265037537,7.314710646840811,7.314710646840811
upstream,94,4.7,pi_1,4,2,4,2,2,0.7035647034645081,0.715334951877594,1.8267841339111328,1.9700568914413452,0.21539363265037537,0.6272323131561279,6.703573176061613,7.314710646840811
upstream,94,4.7,pi_2,4,3,4,3,3,0.6112701892852783,0.715334951877594,1.8267841339111328,2.5030503273010254,0.21539363265037537,2.617579221725464,6.017997519052746,7.314710646840811
upstream,94,4.7,pi_3,4,3,4,3,3,0.6112701892852783,0.715334951877594,1.8267841339111328,2.5030503273010254,0.21539363265037537,2.617579221725464,6.017997519052746,7.314710646840811
upstream,94,4.7,pi_4,4,2,4,2,2,0.6112701892852783,0.715334951877594,1.8267841339111328,2.5030503273010254,0.21539363265037537,2.617579221725464,6.017997519052746,7.314710646840811
upstream,94,4.7,pi_5,4,2,4,2,2,0.7035647034645081,0.715334951877594,1.8267841339111328,1.9700568914413452,0.21539363265037537,0.6272323131561279,6.703573176061613,7.314710646840811
upstream,94,4.7,union,4,3,4,3,3,0.6112701892852783,0.715334951877594,1.8267841339111328,2.5030503273010254,0.21539363265037537,2.617579221725464,6.017997519052746,7.314710646840811
upstream,95,4.75,pi_0,4,1,4,1,1,0.7213245034217834,0.7213245034217834,1.8923699855804443,1.8923699855804443,0.33918511867523193,0.33918511867523193,8.042424821253821,8.042424821253821
upstream,95,4.75,pi_1,4,2,4,2,2,0.7087352871894836,0.7213245034217834,1.876852035522461,1.8923699855804443,0.0408160500228405,0.33918511867523193,7.62920257351906,8.042424821253821
upstream,95,4.75,pi_2,4,3,4,3,3,0.6589771509170532,0.7213245034217834,1.876852035522461,2.4350085258483887,0.0408160500228405,2.179868221282959,5.2279366019616,8.042424821253821
upstream,95,4.75,pi_3,4,3,4,3,3,0.6589771509170532,0.7213245034217834,1.876852035522461,2.4350085258483887,0.0408160500228405,2.179868221282959,5.2279366019616,8.042424821253821
upstream,95,4.75,pi_4,4,1,4,1,1,0.7213245034217834,0.7213245034217834,1.8923699855804443,1.8923699855804443,0.33918511867523193,0.33918511867523193,8.042424821253821,8.042424821253821
upstream,95,4.75,pi_5,4,2,4,2,2,0.7087352871894836,0.7213245034217834,1.876852035522461,1.8923699855804443,0.0408160500228405,0.33918511867523193,7.62920257351906,8.042424821253821
upstream,95,4.75,union,4,3,4,3,3,0.6589771509170532,0.7213245034217834,1.876852035522461,2.4350085258483887,0.0408160500228405,2.179868221282959,5.2279366019616,8.042424821253821
upstream,96,4.800000000000001,pi_0,2,0,2,0,0,,,,,,,,
upstream,96,4.800000000000001,pi_1,2,0,2,0,0,,,,,,,,
upstream,96,4.800000000000001,pi_2,2,0,2,0,0,,,,,,,,
upstream,96,4.800000000000001,pi_3,2,1,2,1,1,0.6973465085029602,0.6973465085029602,2.3689115047454834,2.3689115047454834,1.7080436944961548,1.7080436944961548,4.764361911783583,4.764361911783583
upstream,96,4.800000000000001,pi_4,2,0,2,0,0,,,,,,,,
upstream,96,4.800000000000001,pi_5,2,0,2,0,0,,,,,,,,
upstream,96,4.800000000000001,union,2,1,2,1,1,0.6973465085029602,0.6973465085029602,2.3689115047454834,2.3689115047454834,1.7080436944961548,1.7080436944961548,4.764361911783583,4.764361911783583
upstream,97,4.8500000000000005,pi_0,2,0,2,0,0,,,,,,,,
upstream,97,4.8500000000000005,pi_1,2,0,2,0,0,,,,,,,,
upstream,97,4.8500000000000005,pi_2,2,1,2,1,1,0.7239810228347778,0.7239810228347778,2.262559413909912,2.262559413909912,1.075412631034851,1.075412631034851,5.065890758631435,5.065890758631435
upstream,97,4.8500000000000005,pi_3,2,1,2,1,1,0.7239810228347778,0.7239810228347778,2.262559413909912,2.262559413909912,1.075412631034851,1.075412631034851,5.065890758631435,5.065890758631435
upstream,97,4.8500000000000005,pi_4,2,1,2,1,1,0.7239810228347778,0.7239810228347778,2.262559413909912,2.262559413909912,1.075412631034851,1.075412631034851,5.065890758631435,5.065890758631435
upstream,97,4.8500000000000005,pi_5,2,0,2,0,0,,,,,,,,
upstream,97,4.8500000000000005,union,2,1,2,1,1,0.7239810228347778,0.7239810228347778,2.262559413909912,2.262559413909912,1.075412631034851,1.075412631034851,5.065890758631435,5.065890758631435
upstream,98,4.9,pi_0,1,0,1,0,0,,,,,,,,
upstream,98,4.9,pi_1,1,0,1,0,0,,,,,,,,
upstream,98,4.9,pi_2,1,0,1,0,0,,,,,,,,
upstream,98,4.9,pi_3,1,1,1,1,1,0.7380819916725159,0.7380819916725159,2.164560079574585,2.164560079574585,0.47855067253112793,0.47855067253112793,6.408048789706992,6.408048789706992
upstream,98,4.9,pi_4,1,1,1,1,1,0.7380819916725159,0.7380819916725159,2.164560079574585,2.164560079574585,0.47855067253112793,0.47855067253112793,6.408048789706992,6.408048789706992
upstream,98,4.9,pi_5,1,0,1,0,0,,,,,,,,
upstream,98,4.9,union,1,1,1,1,1,0.7380819916725159,0.7380819916725159,2.164560079574585,2.164560079574585,0.47855067253112793,0.47855067253112793,6.408048789706992,6.408048789706992
upstream,99,4.95,pi_0,1,1,1,1,1,0.7420701384544373,0.7420701384544373,2.11188006401062,2.11188006401062,0.05058092996478081,0.05058092996478081,8.50465136251995,8.50465136251995
upstream,99,4.95,pi_1,1,0,1,0,0,,,,,,,,
upstream,99,4.95,pi_2,1,1,1,1,1,0.7420701384544373,0.7420701384544373,2.11188006401062,2.11188006401062,0.05058092996478081,0.05058092996478081,8.50465136251995,8.50465136251995
upstream,99,4.95,pi_3,1,1,1,1,1,0.7420701384544373,0.7420701384544373,2.11188006401062,2.11188006401062,0.05058092996478081,0.05058092996478081,8.50465136251995,8.50465136251995
upstream,99,4.95,pi_4,1,0,1,0,0,,,,,,,,
upstream,99,4.95,pi_5,1,0,1,0,0,,,,,,,,
upstream,99,4.95,union,1,1,1,1,1,0.7420701384544373,0.7420701384544373,2.11188006401062,2.11188006401062,0.05058092996478081,0.05058092996478081,8.50465136251995,8.50465136251995
downstream,72,3.6,pi_0,1,1,1,1,1,0.5533453226089478,0.5533453226089478,2.028693914413452,2.028693914413452,-0.11507688462734222,-0.11507688462734222,14.868484502523682,14.868484502523682
downstream,72,3.6,pi_1,1,1,1,1,1,0.5533453226089478,0.5533453226089478,2.028693914413452,2.028693914413452,-0.11507688462734222,-0.11507688462734222,14.868484502523682,14.868484502523682
downstream,72,3.6,pi_2,1,1,1,1,1,0.5533453226089478,0.5533453226089478,2.028693914413452,2.028693914413452,-0.11507688462734222,-0.11507688462734222,14.868484502523682,14.868484502523682
downstream,72,3.6,pi_3,1,1,1,1,1,0.5533453226089478,0.5533453226089478,2.028693914413452,2.028693914413452,-0.11507688462734222,-0.11507688462734222,14.868484502523682,14.868484502523682
downstream,72,3.6,pi_4,1,1,1,1,1,0.5533453226089478,0.5533453226089478,2.028693914413452,2.028693914413452,-0.11507688462734222,-0.11507688462734222,14.868484502523682,14.868484502523682
downstream,72,3.6,pi_5,1,1,1,1,1,0.5533453226089478,0.5533453226089478,2.028693914413452,2.028693914413452,-0.11507688462734222,-0.11507688462734222,14.868484502523682,14.868484502523682
downstream,72,3.6,union,1,1,1,1,1,0.5533453226089478,0.5533453226089478,2.028693914413452,2.028693914413452,-0.11507688462734222,-0.11507688462734222,14.868484502523682,14.868484502523682
downstream,73,3.6500000000000004,pi_0,6,6,6,6,6,0.5016188025474548,0.5616344213485718,1.8102606534957886,2.0703039169311523,-0.9622777104377747,-0.19982501864433289,3.728015921454385,16.324904796789212
downstream,73,3.6500000000000004,pi_1,6,6,6,6,6,0.5016188025474548,0.5616344213485718,1.8102606534957886,2.0703039169311523,-0.9622777104377747,-0.19982501864433289,3.728015921454385,16.324904796789212
downstream,73,3.6500000000000004,pi_2,6,6,6,6,6,0.5016188025474548,0.5616344213485718,1.8102606534957886,2.0703039169311523,-0.9622777104377747,-0.19982501864433289,3.728015921454385,16.324904796789212
downstream,73,3.6500000000000004,pi_3,6,6,6,6,6,0.5016188025474548,0.5616344213485718,1.8102606534957886,2.0703039169311523,-0.9622777104377747,-0.19982501864433289,3.728015921454385,16.324904796789212
downstream,73,3.6500000000000004,pi_4,6,6,6,6,6,0.5016188025474548,0.5616344213485718,1.8102606534957886,2.0703039169311523,-0.9622777104377747,-0.19982501864433289,3.728015921454385,16.324904796789212
downstream,73,3.6500000000000004,pi_5,6,6,6,6,6,0.5016188025474548,0.5616344213485718,1.8102606534957886,2.0703039169311523,-0.9622777104377747,-0.19982501864433289,3.728015921454385,16.324904796789212
downstream,73,3.6500000000000004,union,6,6,6,6,6,0.5016188025474548,0.5616344213485718,1.8102606534957886,2.0703039169311523,-0.9622777104377747,-0.19982501864433289,3.728015921454385,16.324904796789212
downstream,74,3.7,pi_0,9,9,9,9,9,0.4886312782764435,0.7336230874061584,1.7431827783584595,2.0638413429260254,-1.3048933744430542,-0.38686785101890564,3.1268289513858774,17.07447735869969
downstream,74,3.7,pi_1,9,9,9,9,9,0.4886312782764435,0.7336230874061584,1.7431827783584595,2.0638413429260254,-1.3048933744430542,-0.38686785101890564,3.1268289513858774,17.07447735869969
downstream,74,3.7,pi_2,9,9,9,9,9,0.4886312782764435,0.7336230874061584,1.7431827783584595,2.0638413429260254,-1.3048933744430542,-0.38686785101890564,3.1268289513858774,17.07447735869969
downstream,74,3.7,pi_3,9,9,9,9,9,0.4886312782764435,0.7336230874061584,1.7431827783584595,2.0638413429260254,-1.3048933744430542,-0.38686785101890564,3.1268289513858774,17.07447735869969
downstream,74,3.7,pi_4,9,9,9,9,9,0.4886312782764435,0.7336230874061584,1.7431827783584595,2.0638413429260254,-1.3048933744430542,-0.38686785101890564,3.1268289513858774,17.07447735869969
downstream,74,3.7,pi_5,9,9,9,9,9,0.4886312782764435,0.7336230874061584,1.7431827783584595,2.0638413429260254,-1.3048933744430542,-0.38686785101890564,3.1268289513858774,17.07447735869969
downstream,74,3.7,union,9,9,9,9,9,0.4886312782764435,0.7336230874061584,1.7431827783584595,2.0638413429260254,-1.3048933744430542,-0.38686785101890564,3.1268289513858774,17.07447735869969
downstream,75,3.75,pi_0,12,11,12,11,11,0.46748265624046326,0.7207340598106384,1.697364091873169,2.084538221359253,-1.5977011919021606,-0.10438147187232971,-1.142369140028231,17.862651997351467
downstream,75,3.75,pi_1,12,12,12,12,12,0.46748265624046326,0.7207340598106384,1.697364091873169,2.259097099304199,-1.5977011919021606,-0.10438147187232971,-4.474360737402805,17.862651997351467
downstream,75,3.75,pi_2,12,12,12,12,12,0.46748265624046326,0.7207340598106384,1.697364091873169,2.259097099304199,-1.5977011919021606,-0.10438147187232971,-4.474360737402805,17.862651997351467
downstream,75,3.75,pi_3,12,12,12,12,12,0.46748265624046326,0.7207340598106384,1.697364091873169,2.259097099304199,-1.5977011919021606,-0.10438147187232971,-4.474360737402805,17.862651997351467
downstream,75,3.75,pi_4,12,11,12,11,11,0.46748265624046326,0.7207340598106384,1.697364091873169,2.084538221359253,-1.5977011919021606,-0.10438147187232971,-1.142369140028231,17.862651997351467
downstream,75,3.75,pi_5,12,12,12,12,12,0.46748265624046326,0.7207340598106384,1.697364091873169,2.259097099304199,-1.5977011919021606,-0.10438147187232971,-4.474360737402805,17.862651997351467
downstream,75,3.75,union,12,12,12,12,12,0.46748265624046326,0.7207340598106384,1.697364091873169,2.259097099304199,-1.5977011919021606,-0.10438147187232971,-4.474360737402805,17.862651997351467
downstream,76,3.8000000000000003,pi_0,17,17,17,17,17,0.4012751579284668,0.7005155086517334,1.6516878604888916,2.3866348266601562,-2.096869945526123,-0.20994144678115845,-7.488187358506607,19.29920123741947
downstream,76,3.8000000000000003,pi_1,17,16,17,16,16,0.4012751579284668,0.7005155086517334,1.6516878604888916,2.3866348266601562,-2.096869945526123,-0.20994144678115845,-7.488187358506607,19.29920123741947
downstream,76,3.8000000000000003,pi_2,17,17,17,17,17,0.4012751579284668,0.7005155086517334,1.6516878604888916,2.3866348266601562,-2.096869945526123,-0.20994144678115845,-7.488187358506607,19.29920123741947
downstream,76,3.8000000000000003,pi_3,17,17,17,17,17,0.4012751579284668,0.7005155086517334,1.6516878604888916,2.3866348266601562,-2.096869945526123,-0.20994144678115845,-7.488187358506607,19.29920123741947
downstream,76,3.8000000000000003,pi_4,17,17,17,17,17,0.4012751579284668,0.7005155086517334,1.6516878604888916,2.3866348266601562,-2.096869945526123,-0.20994144678115845,-7.488187358506607,19.29920123741947
downstream,76,3.8000000000000003,pi_5,17,17,17,17,17,0.4012751579284668,0.7005155086517334,1.6516878604888916,2.3866348266601562,-2.096869945526123,-0.20994144678115845,-7.488187358506607,19.29920123741947
downstream,76,3.8000000000000003,union,17,17,17,17,17,0.4012751579284668,0.7005155086517334,1.6516878604888916,2.3866348266601562,-2.096869945526123,-0.20994144678115845,-7.488187358506607,19.29920123741947
downstream,77,3.85,pi_0,19,19,19,19,19,0.3565031886100769,0.6419302821159363,1.6419765949249268,2.2790212631225586,-2.343595266342163,-0.17770729959011078,-9.779336273976726,19.96326905174597
downstream,77,3.85,pi_1,19,19,19,19,19,0.3565031886100769,0.6419302821159363,1.6419765949249268,2.2790212631225586,-2.343595266342163,-0.17770729959011078,-9.779336273976726,19.96326905174597
downstream,77,3.85,pi_2,19,19,19,19,19,0.3565031886100769,0.6419302821159363,1.6419765949249268,2.2790212631225586,-2.343595266342163,-0.17770729959011078,-9.779336273976726,19.96326905174597
downstream,77,3.85,pi_3,19,19,19,19,19,0.3565031886100769,0.6419302821159363,1.6419765949249268,2.2790212631225586,-2.343595266342163,-0.17770729959011078,-9.779336273976726,19.96326905174597
downstream,77,3.85,pi_4,19,19,19,19,19,0.3565031886100769,0.6419302821159363,1.6419765949249268,2.2790212631225586,-2.343595266342163,-0.17770729959011078,-9.779336273976726,19.96326905174597
downstream,77,3.85,pi_5,19,19,19,19,19,0.3565031886100769,0.6419302821159363,1.6419765949249268,2.2790212631225586,-2.343595266342163,-0.17770729959011078,-9.779336273976726,19.96326905174597
downstream,77,3.85,union,19,19,19,19,19,0.3565031886100769,0.6419302821159363,1.6419765949249268,2.2790212631225586,-2.343595266342163,-0.17770729959011078,-9.779336273976726,19.96326905174597
downstream,78,3.9000000000000004,pi_0,20,20,20,20,20,0.3212808072566986,0.6751987934112549,1.6335152387619019,2.2633461952209473,-2.533559799194336,-0.2654188275337219,-19.151585516823392,12.081470054876675
downstream,78,3.9000000000000004,pi_1,20,20,20,20,20,0.3212808072566986,0.6751987934112549,1.6335152387619019,2.2633461952209473,-2.533559799194336,-0.2654188275337219,-19.151585516823392,12.081470054876675
downstream,78,3.9000000000000004,pi_2,20,20,20,20,20,0.3212808072566986,0.6751987934112549,1.6335152387619019,2.2633461952209473,-2.533559799194336,-0.2654188275337219,-19.151585516823392,12.081470054876675
downstream,78,3.9000000000000004,pi_3,20,20,20,20,20,0.3212808072566986,0.6751987934112549,1.6335152387619019,2.2633461952209473,-2.533559799194336,-0.2654188275337219,-19.151585516823392,12.081470054876675
downstream,78,3.9000000000000004,pi_4,20,20,20,20,20,0.3212808072566986,0.6751987934112549,1.6335152387619019,2.2633461952209473,-2.533559799194336,-0.2654188275337219,-19.151585516823392,12.081470054876675
downstream,78,3.9000000000000004,pi_5,20,20,20,20,20,0.3212808072566986,0.6751987934112549,1.6335152387619019,2.2633461952209473,-2.533559799194336,-0.2654188275337219,-19.151585516823392,12.081470054876675
downstream,78,3.9000000000000004,union,20,20,20,20,20,0.3212808072566986,0.6751987934112549,1.6335152387619019,2.2633461952209473,-2.533559799194336,-0.2654188275337219,-19.151585516823392,12.081470054876675
downstream,79,3.95,pi_0,17,17,17,17,17,0.28871744871139526,0.665703296661377,1.6543316841125488,2.215488910675049,-2.700352430343628,-0.7231648564338684,-22.312453185105745,14.180527342884183
downstream,79,3.95,pi_1,17,17,17,17,17,0.28871744871139526,0.665703296661377,1.6543316841125488,2.215488910675049,-2.700352430343628,-0.7231648564338684,-22.312453185105745,14.180527342884183
downstream,79,3.95,pi_2,17,17,17,17,17,0.28871744871139526,0.665703296661377,1.6543316841125488,2.215488910675049,-2.700352430343628,-0.7231648564338684,-22.312453185105745,14.180527342884183
downstream,79,3.95,pi_3,17,17,17,17,17,0.28871744871139526,0.665703296661377,1.6543316841125488,2.215488910675049,-2.700352430343628,-0.7231648564338684,-22.312453185105745,14.180527342884183
downstream,79,3.95,pi_4,17,17,17,17,17,0.28871744871139526,0.665703296661377,1.6543316841125488,2.215488910675049,-2.700352430343628,-0.7231648564338684,-22.312453185105745,14.180527342884183
downstream,79,3.95,pi_5,17,17,17,17,17,0.28871744871139526,0.665703296661377,1.6543316841125488,2.215488910675049,-2.700352430343628,-0.7231648564338684,-22.312453185105745,14.180527342884183
downstream,79,3.95,union,17,17,17,17,17,0.28871744871139526,0.665703296661377,1.6543316841125488,2.215488910675049,-2.700352430343628,-0.7231648564338684,-22.312453185105745,14.180527342884183
downstream,80,4.0,pi_0,13,13,13,13,13,0.32259395718574524,0.6475726366043091,1.631433367729187,2.3018388748168945,-2.954918384552002,-1.1239405870437622,-22.59927291735551,15.051883741912434
downstream,80,4.0,pi_1,13,13,13,13,13,0.32259395718574524,0.6475726366043091,1.631433367729187,2.3018388748168945,-2.954918384552002,-1.1239405870437622,-22.59927291735551,15.051883741912434
downstream,80,4.0,pi_2,13,13,13,13,13,0.32259395718574524,0.6475726366043091,1.631433367729187,2.3018388748168945,-2.954918384552002,-1.1239405870437622,-22.59927291735551,15.051883741912434
downstream,80,4.0,pi_3,13,13,13,13,13,0.32259395718574524,0.6475726366043091,1.631433367729187,2.3018388748168945,-2.954918384552002,-1.1239405870437622,-22.59927291735551,15.051883741912434
downstream,80,4.0,pi_4,13,13,13,13,13,0.32259395718574524,0.6475726366043091,1.631433367729187,2.3018388748168945,-2.954918384552002,-1.1239405870437622,-22.59927291735551,15.051883741912434
downstream,80,4.0,pi_5,13,13,13,13,13,0.32259395718574524,0.6475726366043091,1.631433367729187,2.3018388748168945,-2.954918384552002,-1.1239405870437622,-22.59927291735551,15.051883741912434
downstream,80,4.0,union,13,13,13,13,13,0.32259395718574524,0.6475726366043091,1.631433367729187,2.3018388748168945,-2.954918384552002,-1.1239405870437622,-22.59927291735551,15.051883741912434
downstream,81,4.05,pi_0,12,12,12,12,12,0.276498407125473,0.5867160558700562,1.350484013557434,2.5736796855926514,-3.459566593170166,-1.2461581230163574,-19.147845710581528,9.854237405860221
downstream,81,4.05,pi_1,12,12,12,12,12,0.276498407125473,0.5867160558700562,1.350484013557434,2.5736796855926514,-3.459566593170166,-1.2461581230163574,-19.147845710581528,9.854237405860221
downstream,81,4.05,pi_2,12,12,12,12,12,0.276498407125473,0.5867160558700562,1.350484013557434,2.5736796855926514,-3.459566593170166,-1.2461581230163574,-19.147845710581528,9.854237405860221
downstream,81,4.05,pi_3,12,12,12,12,12,0.276498407125473,0.5867160558700562,1.350484013557434,2.5736796855926514,-3.459566593170166,-1.2461581230163574,-19.147845710581528,9.854237405860221
downstream,81,4.05,pi_4,12,12,12,12,12,0.276498407125473,0.5867160558700562,1.350484013557434,2.5736796855926514,-3.459566593170166,-1.2461581230163574,-19.147845710581528,9.854237405860221
downstream,81,4.05,pi_5,12,12,12,12,12,0.276498407125473,0.5867160558700562,1.350484013557434,2.5736796855926514,-3.459566593170166,-1.2461581230163574,-19.147845710581528,9.854237405860221
downstream,81,4.05,union,12,12,12,12,12,0.276498407125473,0.5867160558700562,1.350484013557434,2.5736796855926514,-3.459566593170166,-1.2461581230163574,-19.147845710581528,9.854237405860221
downstream,82,4.1000000000000005,pi_0,7,7,7,7,7,0.29412543773651123,0.5436134338378906,1.8067700862884521,2.406006097793579,-3.4032270908355713,-1.5204696655273438,-12.160734176880162,4.905915138856094
downstream,82,4.1000000000000005,pi_1,7,7,7,7,7,0.29412543773651123,0.5436134338378906,1.8067700862884521,2.406006097793579,-3.4032270908355713,-1.5204696655273438,-12.160734176880162,4.905915138856094
downstream,82,4.1000000000000005,pi_2,7,7,7,7,7,0.29412543773651123,0.5436134338378906,1.8067700862884521,2.406006097793579,-3.4032270908355713,-1.5204696655273438,-12.160734176880162,4.905915138856094
downstream,82,4.1000000000000005,pi_3,7,7,7,7,7,0.29412543773651123,0.5436134338378906,1.8067700862884521,2.406006097793579,-3.4032270908355713,-1.5204696655273438,-12.160734176880162,4.905915138856094
downstream,82,4.1000000000000005,pi_4,7,7,7,7,7,0.29412543773651123,0.5436134338378906,1.8067700862884521,2.406006097793579,-3.4032270908355713,-1.5204696655273438,-12.160734176880162,4.905915138856094
downstream,82,4.1000000000000005,pi_5,7,7,7,7,7,0.29412543773651123,0.5436134338378906,1.8067700862884521,2.406006097793579,-3.4032270908355713,-1.5204696655273438,-12.160734176880162,4.905915138856094
downstream,82,4.1000000000000005,union,7,7,7,7,7,0.29412543773651123,0.5436134338378906,1.8067700862884521,2.406006097793579,-3.4032270908355713,-1.5204696655273438,-12.160734176880162,4.905915138856094
downstream,83,4.15,pi_0,5,5,5,5,5,0.2971479892730713,0.49626773595809937,1.8182613849639893,2.099226713180542,-3.0186476707458496,-2.0575668811798096,-8.932910195237945,3.542262563763983
downstream,83,4.15,pi_1,5,5,5,5,5,0.2971479892730713,0.49626773595809937,1.8182613849639893,2.099226713180542,-3.0186476707458496,-2.0575668811798096,-8.932910195237945,3.542262563763983
downstream,83,4.15,pi_2,5,5,5,5,5,0.2971479892730713,0.49626773595809937,1.8182613849639893,2.099226713180542,-3.0186476707458496,-2.0575668811798096,-8.932910195237945,3.542262563763983
downstream,83,4.15,pi_3,5,4,5,4,4,0.2971479892730713,0.49626773595809937,1.8182613849639893,2.099226713180542,-3.0186476707458496,-2.4572207927703857,-8.932910195237945,1.4522995830525633
downstream,83,4.15,pi_4,5,5,5,5,5,0.2971479892730713,0.49626773595809937,1.8182613849639893,2.099226713180542,-3.0186476707458496,-2.0575668811798096,-8.932910195237945,3.542262563763983
downstream,83,4.15,pi_5,5,5,5,5,5,0.2971479892730713,0.49626773595809937,1.8182613849639893,2.099226713180542,-3.0186476707458496,-2.0575668811798096,-8.932910195237945,3.542262563763983
downstream,83,4.15,union,5,5,5,5,5,0.2971479892730713,0.49626773595809937,1.8182613849639893,2.099226713180542,-3.0186476707458496,-2.0575668811798096,-8.932910195237945,3.542262563763983
downstream,84,4.2,pi_0,4,4,4,4,4,0.28807151317596436,0.4457789957523346,1.3619369268417358,2.2472681999206543,-2.8723340034484863,-1.4205378293991089,-10.130139004446153,4.336479511070276
downstream,84,4.2,pi_1,4,4,4,4,4,0.28807151317596436,0.4457789957523346,1.3619369268417358,2.2472681999206543,-2.8723340034484863,-1.4205378293991089,-10.130139004446153,4.336479511070276
downstream,84,4.2,pi_2,4,4,4,4,4,0.28807151317596436,0.4457789957523346,1.3619369268417358,2.2472681999206543,-2.8723340034484863,-1.4205378293991089,-10.130139004446153,4.336479511070276
downstream,84,4.2,pi_3,4,4,4,4,4,0.28807151317596436,0.4457789957523346,1.3619369268417358,2.2472681999206543,-2.8723340034484863,-1.4205378293991089,-10.130139004446153,4.336479511070276
downstream,84,4.2,pi_4,4,4,4,4,4,0.28807151317596436,0.4457789957523346,1.3619369268417358,2.2472681999206543,-2.8723340034484863,-1.4205378293991089,-10.130139004446153,4.336479511070276
downstream,84,4.2,pi_5,4,4,4,4,4,0.28807151317596436,0.4457789957523346,1.3619369268417358,2.2472681999206543,-2.8723340034484863,-1.4205378293991089,-10.130139004446153,4.336479511070276
downstream,84,4.2,union,4,4,4,4,4,0.28807151317596436,0.4457789957523346,1.3619369268417358,2.2472681999206543,-2.8723340034484863,-1.4205378293991089,-10.130139004446153,4.336479511070276
downstream,85,4.25,pi_0,1,1,1,1,1,0.39302295446395874,0.39302295446395874,2.101891040802002,2.101891040802002,-2.7119274139404297,-2.7119274139404297,-10.944861309828077,-10.944861309828077
downstream,85,4.25,pi_1,1,1,1,1,1,0.39302295446395874,0.39302295446395874,2.101891040802002,2.101891040802002,-2.7119274139404297,-2.7119274139404297,-10.944861309828077,-10.944861309828077
downstream,85,4.25,pi_2,1,1,1,1,1,0.39302295446395874,0.39302295446395874,2.101891040802002,2.101891040802002,-2.7119274139404297,-2.7119274139404297,-10.944861309828077,-10.944861309828077
downstream,85,4.25,pi_3,1,1,1,1,1,0.39302295446395874,0.39302295446395874,2.101891040802002,2.101891040802002,-2.7119274139404297,-2.7119274139404297,-10.944861309828077,-10.944861309828077
downstream,85,4.25,pi_4,1,1,1,1,1,0.39302295446395874,0.39302295446395874,2.101891040802002,2.101891040802002,-2.7119274139404297,-2.7119274139404297,-10.944861309828077,-10.944861309828077
downstream,85,4.25,pi_5,1,1,1,1,1,0.39302295446395874,0.39302295446395874,2.101891040802002,2.101891040802002,-2.7119274139404297,-2.7119274139404297,-10.944861309828077,-10.944861309828077
downstream,85,4.25,union,1,1,1,1,1,0.39302295446395874,0.39302295446395874,2.101891040802002,2.101891040802002,-2.7119274139404297,-2.7119274139404297,-10.944861309828077,-10.944861309828077
downstream,86,4.3,pi_0,1,1,1,1,1,0.2883046567440033,0.2883046567440033,1.3418742418289185,1.3418742418289185,-0.5817053318023682,-0.5817053318023682,-10.688626621712089,-10.688626621712089
downstream,86,4.3,pi_1,1,1,1,1,1,0.2883046567440033,0.2883046567440033,1.3418742418289185,1.3418742418289185,-0.5817053318023682,-0.5817053318023682,-10.688626621712089,-10.688626621712089
downstream,86,4.3,pi_2,1,1,1,1,1,0.2883046567440033,0.2883046567440033,1.3418742418289185,1.3418742418289185,-0.5817053318023682,-0.5817053318023682,-10.688626621712089,-10.688626621712089
downstream,86,4.3,pi_3,1,1,1,1,1,0.2883046567440033,0.2883046567440033,1.3418742418289185,1.3418742418289185,-0.5817053318023682,-0.5817053318023682,-10.688626621712089,-10.688626621712089
downstream,86,4.3,pi_4,1,1,1,1,1,0.2883046567440033,0.2883046567440033,1.3418742418289185,1.3418742418289185,-0.5817053318023682,-0.5817053318023682,-10.688626621712089,-10.688626621712089
downstream,86,4.3,pi_5,1,1,1,1,1,0.2883046567440033,0.2883046567440033,1.3418742418289185,1.3418742418289185,-0.5817053318023682,-0.5817053318023682,-10.688626621712089,-10.688626621712089
downstream,86,4.3,union,1,1,1,1,1,0.2883046567440033,0.2883046567440033,1.3418742418289185,1.3418742418289185,-0.5817053318023682,-0.5817053318023682,-10.688626621712089,-10.688626621712089
downstream,88,4.4,pi_0,1,1,1,1,1,0.7225278615951538,0.7225278615951538,1.5854121446609497,1.5854121446609497,-0.4453712999820709,-0.4453712999820709,0.7078018023925761,0.7078018023925761
downstream,88,4.4,pi_1,1,1,1,1,1,0.7225278615951538,0.7225278615951538,1.5854121446609497,1.5854121446609497,-0.4453712999820709,-0.4453712999820709,0.7078018023925761,0.7078018023925761
downstream,88,4.4,pi_2,1,1,1,1,1,0.7225278615951538,0.7225278615951538,1.5854121446609497,1.5854121446609497,-0.4453712999820709,-0.4453712999820709,0.7078018023925761,0.7078018023925761
downstream,88,4.4,pi_3,1,1,1,1,1,0.7225278615951538,0.7225278615951538,1.5854121446609497,1.5854121446609497,-0.4453712999820709,-0.4453712999820709,0.7078018023925761,0.7078018023925761
downstream,88,4.4,pi_4,1,1,1,1,1,0.7225278615951538,0.7225278615951538,1.5854121446609497,1.5854121446609497,-0.4453712999820709,-0.4453712999820709,0.7078018023925761,0.7078018023925761
downstream,88,4.4,pi_5,1,1,1,1,1,0.7225278615951538,0.7225278615951538,1.5854121446609497,1.5854121446609497,-0.4453712999820709,-0.4453712999820709,0.7078018023925761,0.7078018023925761
downstream,88,4.4,union,1,1,1,1,1,0.7225278615951538,0.7225278615951538,1.5854121446609497,1.5854121446609497,-0.4453712999820709,-0.4453712999820709,0.7078018023925761,0.7078018023925761
downstream,89,4.45,pi_0,1,1,1,1,1,0.7005336284637451,0.7005336284637451,1.6305153369903564,1.6305153369903564,-0.5552094578742981,-0.5552094578742981,6.231410394108427,6.231410394108427
downstream,89,4.45,pi_1,1,1,1,1,1,0.7005336284637451,0.7005336284637451,1.6305153369903564,1.6305153369903564,-0.5552094578742981,-0.5552094578742981,6.231410394108427,6.231410394108427
downstream,89,4.45,pi_2,1,1,1,1,1,0.7005336284637451,0.7005336284637451,1.6305153369903564,1.6305153369903564,-0.5552094578742981,-0.5552094578742981,6.231410394108427,6.231410394108427
downstream,89,4.45,pi_3,1,1,1,1,1,0.7005336284637451,0.7005336284637451,1.6305153369903564,1.6305153369903564,-0.5552094578742981,-0.5552094578742981,6.231410394108427,6.231410394108427
downstream,89,4.45,pi_4,1,1,1,1,1,0.7005336284637451,0.7005336284637451,1.6305153369903564,1.6305153369903564,-0.5552094578742981,-0.5552094578742981,6.231410394108427,6.231410394108427
downstream,89,4.45,pi_5,1,1,1,1,1,0.7005336284637451,0.7005336284637451,1.6305153369903564,1.6305153369903564,-0.5552094578742981,-0.5552094578742981,6.231410394108427,6.231410394108427
downstream,89,4.45,union,1,1,1,1,1,0.7005336284637451,0.7005336284637451,1.6305153369903564,1.6305153369903564,-0.5552094578742981,-0.5552094578742981,6.231410394108427,6.231410394108427
downstream,90,4.5,pi_0,2,2,2,2,2,0.687870442867279,0.7093243598937988,1.6952968835830688,1.8086755275726318,-0.675117015838623,-0.4354756772518158,2.411004154790598,5.86466368666723
downstream,90,4.5,pi_1,2,2,2,2,2,0.687870442867279,0.7093243598937988,1.6952968835830688,1.8086755275726318,-0.675117015838623,-0.4354756772518158,2.411004154790598,5.86466368666723
downstream,90,4.5,pi_2,2,2,2,2,2,0.687870442867279,0.7093243598937988,1.6952968835830688,1.8086755275726318,-0.675117015838623,-0.4354756772518158,2.411004154790598,5.86466368666723
downstream,90,4.5,pi_3,2,2,2,2,2,0.687870442867279,0.7093243598937988,1.6952968835830688,1.8086755275726318,-0.675117015838623,-0.4354756772518158,2.411004154790598,5.86466368666723
downstream,90,4.5,pi_4,2,2,2,2,2,0.687870442867279,0.7093243598937988,1.6952968835830688,1.8086755275726318,-0.675117015838623,-0.4354756772518158,2.411004154790598,5.86466368666723
downstream,90,4.5,pi_5,2,2,2,2,2,0.687870442867279,0.7093243598937988,1.6952968835830688,1.8086755275726318,-0.675117015838623,-0.4354756772518158,2.411004154790598,5.86466368666723
downstream,90,4.5,union,2,2,2,2,2,0.687870442867279,0.7093243598937988,1.6952968835830688,1.8086755275726318,-0.675117015838623,-0.4354756772518158,2.411004154790598,5.86466368666723
downstream,91,4.55,pi_0,2,2,2,2,2,0.6575208902359009,0.6970276832580566,1.6639695167541504,1.8044493198394775,-0.8203592300415039,-0.6987386345863342,6.122516605964732,6.1712066834749715
downstream,91,4.55,pi_1,2,2,2,2,2,0.6575208902359009,0.6970276832580566,1.6639695167541504,1.8044493198394775,-0.8203592300415039,-0.6987386345863342,6.122516605964732,6.1712066834749715
downstream,91,4.55,pi_2,2,2,2,2,2,0.6575208902359009,0.6970276832580566,1.6639695167541504,1.8044493198394775,-0.8203592300415039,-0.6987386345863342,6.122516605964732,6.1712066834749715
downstream,91,4.55,pi_3,2,2,2,2,2,0.6575208902359009,0.6970276832580566,1.6639695167541504,1.8044493198394775,-0.8203592300415039,-0.6987386345863342,6.122516605964732,6.1712066834749715
downstream,91,4.55,pi_4,2,2,2,2,2,0.6575208902359009,0.6970276832580566,1.6639695167541504,1.8044493198394775,-0.8203592300415039,-0.6987386345863342,6.122516605964732,6.1712066834749715
downstream,91,4.55,pi_5,2,2,2,2,2,0.6575208902359009,0.6970276832580566,1.6639695167541504,1.8044493198394775,-0.8203592300415039,-0.6987386345863342,6.122516605964732,6.1712066834749715
downstream,91,4.55,union,2,2,2,2,2,0.6575208902359009,0.6970276832580566,1.6639695167541504,1.8044493198394775,-0.8203592300415039,-0.6987386345863342,6.122516605964732,6.1712066834749715
downstream,92,4.6000000000000005,pi_0,2,2,2,2,2,0.6392910480499268,0.6815630793571472,1.6463923454284668,1.8774964809417725,-1.0383753776550293,-0.7613571882247925,6.891616649841531,8.07301343207996
downstream,92,4.6000000000000005,pi_1,2,2,2,2,2,0.6392910480499268,0.6815630793571472,1.6463923454284668,1.8774964809417725,-1.0383753776550293,-0.7613571882247925,6.891616649841531,8.07301343207996
downstream,92,4.6000000000000005,pi_2,2,2,2,2,2,0.6392910480499268,0.6815630793571472,1.6463923454284668,1.8774964809417725,-1.0383753776550293,-0.7613571882247925,6.891616649841531,8.07301343207996
downstream,92,4.6000000000000005,pi_3,2,2,2,2,2,0.6392910480499268,0.6815630793571472,1.6463923454284668,1.8774964809417725,-1.0383753776550293,-0.7613571882247925,6.891616649841531,8.07301343207996
downstream,92,4.6000000000000005,pi_4,2,2,2,2,2,0.6392910480499268,0.6815630793571472,1.6463923454284668,1.8774964809417725,-1.0383753776550293,-0.7613571882247925,6.891616649841531,8.07301343207996
downstream,92,4.6000000000000005,pi_5,2,2,2,2,2,0.6392910480499268,0.6815630793571472,1.6463923454284668,1.8774964809417725,-1.0383753776550293,-0.7613571882247925,6.891616649841531,8.07301343207996
downstream,92,4.6000000000000005,union,2,2,2,2,2,0.6392910480499268,0.6815630793571472,1.6463923454284668,1.8774964809417725,-1.0383753776550293,-0.7613571882247925,6.891616649841531,8.07301343207996
downstream,93,4.65,pi_0,3,3,3,3,3,0.6002507209777832,0.7240163087844849,1.606590747833252,1.9509564638137817,-1.2043049335479736,-0.14178350567817688,5.77584334916979,18.168158050486348
downstream,93,4.65,pi_1,3,3,3,3,3,0.6002507209777832,0.7240163087844849,1.606590747833252,1.9509564638137817,-1.2043049335479736,-0.14178350567817688,5.77584334916979,18.168158050486348
downstream,93,4.65,pi_2,3,3,3,3,3,0.6002507209777832,0.7240163087844849,1.606590747833252,1.9509564638137817,-1.2043049335479736,-0.14178350567817688,5.77584334916979,18.168158050486348
downstream,93,4.65,pi_3,3,3,3,3,3,0.6002507209777832,0.7240163087844849,1.606590747833252,1.9509564638137817,-1.2043049335479736,-0.14178350567817688,5.77584334916979,18.168158050486348
downstream,93,4.65,pi_4,3,3,3,3,3,0.6002507209777832,0.7240163087844849,1.606590747833252,1.9509564638137817,-1.2043049335479736,-0.14178350567817688,5.77584334916979,18.168158050486348
downstream,93,4.65,pi_5,3,3,3,3,3,0.6002507209777832,0.7240163087844849,1.606590747833252,1.9509564638137817,-1.2043049335479736,-0.14178350567817688,5.77584334916979,18.168158050486348
downstream,93,4.65,union,3,3,3,3,3,0.6002507209777832,0.7240163087844849,1.606590747833252,1.9509564638137817,-1.2043049335479736,-0.14178350567817688,5.77584334916979,18.168158050486348
downstream,94,4.7,pi_0,4,3,4,3,3,0.5790694355964661,0.6825323700904846,1.538366436958313,1.876729130744934,-1.4457778930664062,-1.0914573669433594,4.972918150395535,18.357351819754765
downstream,94,4.7,pi_1,4,3,4,3,3,0.5790694355964661,0.6825323700904846,1.538366436958313,1.876729130744934,-1.4457778930664062,-1.0914573669433594,4.972918150395535,18.357351819754765
downstream,94,4.7,pi_2,4,4,4,4,4,0.5790694355964661,0.7697741985321045,1.538366436958313,1.876729130744934,-1.4457778930664062,-0.10634678602218628,4.972918150395535,18.593243112894765
downstream,94,4.7,pi_3,4,4,4,4,4,0.5790694355964661,0.7697741985321045,1.538366436958313,1.876729130744934,-1.4457778930664062,-0.10634678602218628,4.972918150395535,18.593243112894765
downstream,94,4.7,pi_4,4,4,4,4,4,0.5790694355964661,0.7697741985321045,1.538366436958313,1.876729130744934,-1.4457778930664062,-0.10634678602218628,4.972918150395535,18.593243112894765
downstream,94,4.7,pi_5,4,4,4,4,4,0.5790694355964661,0.7697741985321045,1.538366436958313,1.876729130744934,-1.4457778930664062,-0.10634678602218628,4.972918150395535,18.593243112894765
downstream,94,4.7,union,4,4,4,4,4,0.5790694355964661,0.7697741985321045,1.538366436958313,1.876729130744934,-1.4457778930664062,-0.10634678602218628,4.972918150395535,18.593243112894765
downstream,95,4.75,pi_0,4,3,4,3,3,0.5194635987281799,0.6509521007537842,1.50080406665802,1.890608549118042,-1.5369625091552734,-1.3166954517364502,3.986390807056693,17.412391822457657
downstream,95,4.75,pi_1,4,3,4,3,3,0.5194635987281799,0.6509521007537842,1.50080406665802,1.890608549118042,-1.5369625091552734,-1.3166954517364502,3.986390807056693,17.412391822457657
downstream,95,4.75,pi_2,4,4,4,4,4,0.5194635987281799,0.7314854860305786,1.2980444431304932,1.890608549118042,-1.5369625091552734,-1.3166954517364502,3.986390807056693,20.236733453604767
downstream,95,4.75,pi_3,4,4,4,4,4,0.5194635987281799,0.7314854860305786,1.2980444431304932,1.890608549118042,-1.5369625091552734,-1.3166954517364502,3.986390807056693,20.236733453604767
downstream,95,4.75,pi_4,4,4,4,4,4,0.5194635987281799,0.7314854860305786,1.2980444431304932,1.890608549118042,-1.5369625091552734,-1.3166954517364502,3.986390807056693,20.236733453604767
downstream,95,4.75,pi_5,4,4,4,4,4,0.5194635987281799,0.7314854860305786,1.2980444431304932,1.890608549118042,-1.5369625091552734,-1.3166954517364502,3.986390807056693,20.236733453604767
downstream,95,4.75,union,4,4,4,4,4,0.5194635987281799,0.7314854860305786,1.2980444431304932,1.890608549118042,-1.5369625091552734,-1.3166954517364502,3.986390807056693,20.236733453604767
downstream,96,4.800000000000001,pi_0,6,4,6,4,4,0.480320543050766,0.72089022397995,1.637775182723999,1.9742416143417358,-2.2694501876831055,-0.22036412358283997,3.927987622544216,17.572542202055903
downstream,96,4.800000000000001,pi_1,6,5,6,5,5,0.480320543050766,0.72089022397995,1.637775182723999,1.9742416143417358,-2.2694501876831055,-0.22036412358283997,3.927987622544216,17.572542202055903
downstream,96,4.800000000000001,pi_2,6,5,6,5,5,0.480320543050766,0.72089022397995,1.4287039041519165,1.9742416143417358,-2.2694501876831055,-0.22036412358283997,3.927987622544216,17.96454138314901
downstream,96,4.800000000000001,pi_3,6,6,6,6,6,0.480320543050766,0.72089022397995,1.4287039041519165,1.9742416143417358,-2.2694501876831055,-0.22036412358283997,3.927987622544216,17.96454138314901
downstream,96,4.800000000000001,pi_4,6,5,6,5,5,0.480320543050766,0.72089022397995,1.4287039041519165,1.9742416143417358,-2.2694501876831055,-0.22036412358283997,3.927987622544216,17.96454138314901
downstream,96,4.800000000000001,pi_5,6,6,6,6,6,0.480320543050766,0.72089022397995,1.4287039041519165,1.9742416143417358,-2.2694501876831055,-0.22036412358283997,3.927987622544216,17.96454138314901
downstream,96,4.800000000000001,union,6,6,6,6,6,0.480320543050766,0.72089022397995,1.4287039041519165,1.9742416143417358,-2.2694501876831055,-0.22036412358283997,3.927987622544216,17.96454138314901
downstream,97,4.8500000000000005,pi_0,6,6,6,6,6,0.38589733839035034,0.7146603465080261,1.6849286556243896,1.9721570014953613,-2.923701763153076,-0.6032390594482422,2.8061197472974997,16.760504491268726
downstream,97,4.8500000000000005,pi_1,6,6,6,6,6,0.38589733839035034,0.7146603465080261,1.6849286556243896,1.9721570014953613,-2.923701763153076,-0.6032390594482422,2.8061197472974997,16.760504491268726
downstream,97,4.8500000000000005,pi_2,6,5,6,5,5,0.38589733839035034,0.7146603465080261,1.6849286556243896,1.9721570014953613,-2.923701763153076,-0.6032390594482422,2.8061197472974997,16.760504491268726
downstream,97,4.8500000000000005,pi_3,6,6,6,6,6,0.38589733839035034,0.7146603465080261,1.6849286556243896,1.9721570014953613,-2.923701763153076,-0.6032390594482422,2.8061197472974997,16.760504491268726
downstream,97,4.8500000000000005,pi_4,6,5,6,5,5,0.38589733839035034,0.7146603465080261,1.6849286556243896,1.9721570014953613,-2.923701763153076,-0.6032390594482422,2.8061197472974997,16.760504491268726
downstream,97,4.8500000000000005,pi_5,6,6,6,6,6,0.38589733839035034,0.7146603465080261,1.6849286556243896,1.9721570014953613,-2.923701763153076,-0.6032390594482422,2.8061197472974997,16.760504491268726
downstream,97,4.8500000000000005,union,6,6,6,6,6,0.38589733839035034,0.7146603465080261,1.6849286556243896,1.9721570014953613,-2.923701763153076,-0.6032390594482422,2.8061197472974997,16.760504491268726
downstream,98,4.9,pi_0,6,6,6,6,6,0.3282032310962677,0.7084447145462036,1.7974944114685059,2.3336739540100098,-2.8184399604797363,-0.06742768734693527,-0.13284290648253752,15.776059039496996
downstream,98,4.9,pi_1,6,5,6,5,5,0.3282032310962677,0.7084447145462036,1.7974944114685059,2.3336739540100098,-2.8184399604797363,-0.06742768734693527,-0.13284290648253752,15.776059039496996
downstream,98,4.9,pi_2,6,5,6,5,5,0.3282032310962677,0.7084447145462036,1.7974944114685059,2.3336739540100098,-2.8184399604797363,-0.06742768734693527,-0.13284290648253752,15.776059039496996
downstream,98,4.9,pi_3,6,6,6,6,6,0.3282032310962677,0.7084447145462036,1.7974944114685059,2.3336739540100098,-2.8184399604797363,-0.06742768734693527,-0.13284290648253752,15.776059039496996
downstream,98,4.9,pi_4,6,5,6,5,5,0.3282032310962677,0.7084447145462036,1.7974944114685059,2.3336739540100098,-2.8184399604797363,-0.06742768734693527,-0.13284290648253752,15.776059039496996
downstream,98,4.9,pi_5,6,6,6,6,6,0.3282032310962677,0.7084447145462036,1.7974944114685059,2.3336739540100098,-2.8184399604797363,-0.06742768734693527,-0.13284290648253752,15.776059039496996
downstream,98,4.9,union,6,6,6,6,6,0.3282032310962677,0.7084447145462036,1.7974944114685059,2.3336739540100098,-2.8184399604797363,-0.06742768734693527,-0.13284290648253752,15.776059039496996
downstream,99,4.95,pi_0,5,5,5,5,5,0.4923606812953949,0.6964024305343628,1.8509413003921509,2.3638978004455566,-1.3370486497879028,-0.7488445043563843,6.374419281331902,17.298759933663458
downstream,99,4.95,pi_1,5,4,5,4,4,0.4923606812953949,0.6964024305343628,1.8509413003921509,2.3638978004455566,-1.022555947303772,-0.7488445043563843,6.374419281331902,17.298759933663458
downstream,99,4.95,pi_2,5,5,5,5,5,0.4923606812953949,0.6964024305343628,1.8509413003921509,2.3638978004455566,-1.3370486497879028,-0.7488445043563843,6.374419281331902,17.298759933663458
downstream,99,4.95,pi_3,5,5,5,5,5,0.4923606812953949,0.6964024305343628,1.8509413003921509,2.3638978004455566,-1.3370486497879028,-0.7488445043563843,6.374419281331902,17.298759933663458
downstream,99,4.95,pi_4,5,5,5,5,5,0.4923606812953949,0.6964024305343628,1.8509413003921509,2.3638978004455566,-1.3370486497879028,-0.7488445043563843,6.374419281331902,17.298759933663458
downstream,99,4.95,pi_5,5,5,5,5,5,0.4923606812953949,0.6964024305343628,1.8509413003921509,2.3638978004455566,-1.3370486497879028,-0.7488445043563843,6.374419281331902,17.298759933663458
downstream,99,4.95,union,5,5,5,5,5,0.4923606812953949,0.6964024305343628,1.8509413003921509,2.3638978004455566,-1.3370486497879028,-0.7488445043563843,6.374419281331902,17.298759933663458
downstream,100,5.0,pi_0,6,6,6,6,6,0.445320725440979,0.7404554486274719,1.8502330780029297,2.7953250408172607,-1.4551565647125244,-0.13442331552505493,3.9745563725486956,19.9135920466205
downstream,100,5.0,pi_1,6,5,6,5,5,0.445320725440979,0.7404554486274719,1.8502330780029297,2.7953250408172607,-1.4551565647125244,-0.13442331552505493,3.9745563725486956,19.9135920466205
downstream,100,5.0,pi_2,6,5,6,5,5,0.445320725440979,0.6610032916069031,1.8502330780029297,2.7953250408172607,-1.4551565647125244,-0.3848876953125,3.9745563725486956,19.9135920466205
downstream,100,5.0,pi_3,6,6,6,6,6,0.445320725440979,0.7404554486274719,1.8502330780029297,2.7953250408172607,-1.4551565647125244,-0.13442331552505493,3.9745563725486956,19.9135920466205
downstream,100,5.0,pi_4,6,5,6,5,5,0.445320725440979,0.6610032916069031,1.8502330780029297,2.7953250408172607,-1.4551565647125244,-0.3848876953125,3.9745563725486956,19.9135920466205
downstream,100,5.0,pi_5,6,5,6,5,5,0.445320725440979,0.6610032916069031,1.8502330780029297,2.7953250408172607,-1.4551565647125244,-0.3848876953125,3.9745563725486956,19.9135920466205
downstream,100,5.0,union,6,6,6,6,6,0.445320725440979,0.7404554486274719,1.8502330780029297,2.7953250408172607,-1.4551565647125244,-0.13442331552505493,3.9745563725486956,19.9135920466205
downstream,101,5.050000000000001,pi_0,6,5,6,5,5,0.40754449367523193,0.6376041769981384,1.9140493869781494,2.658825635910034,-2.332165002822876,-0.5840866565704346,3.6996189943973192,22.946522008660732
downstream,101,5.050000000000001,pi_1,6,5,6,5,5,0.40754449367523193,0.6376041769981384,1.9140493869781494,2.658825635910034,-2.332165002822876,-0.5840866565704346,3.6996189943973192,22.946522008660732
downstream,101,5.050000000000001,pi_2,6,6,6,6,6,0.40754449367523193,0.7293592691421509,1.9140493869781494,2.658825635910034,-2.332165002822876,-0.3244777321815491,3.6996189943973192,22.946522008660732
downstream,101,5.050000000000001,pi_3,6,6,6,6,6,0.40754449367523193,0.7293592691421509,1.9140493869781494,2.658825635910034,-2.332165002822876,-0.3244777321815491,3.6996189943973192,22.946522008660732
downstream,101,5.050000000000001,pi_4,6,6,6,6,6,0.40754449367523193,0.7293592691421509,1.9140493869781494,2.658825635910034,-2.332165002822876,-0.3244777321815491,3.6996189943973192,22.946522008660732
downstream,101,5.050000000000001,pi_5,6,5,6,5,5,0.40754449367523193,0.6376041769981384,1.9140493869781494,2.658825635910034,-2.332165002822876,-0.5840866565704346,3.6996189943973192,22.946522008660732
downstream,101,5.050000000000001,union,6,6,6,6,6,0.40754449367523193,0.7293592691421509,1.9140493869781494,2.658825635910034,-2.332165002822876,-0.3244777321815491,3.6996189943973192,22.946522008660732
downstream,102,5.1000000000000005,pi_0,6,5,6,5,5,0.3595938980579376,0.6086539030075073,1.8605269193649292,2.7152225971221924,-2.503122091293335,-0.7520605325698853,4.498158521113232,25.089694664238646
downstream,102,5.1000000000000005,pi_1,6,5,6,5,5,0.3595938980579376,0.6086539030075073,1.8605269193649292,2.7152225971221924,-2.503122091293335,-0.7520605325698853,4.498158521113232,25.089694664238646
downstream,102,5.1000000000000005,pi_2,6,6,6,6,6,0.3595938980579376,0.720217227935791,1.8605269193649292,2.7152225971221924,-2.503122091293335,-0.5298655033111572,4.498158521113232,25.089694664238646
downstream,102,5.1000000000000005,pi_3,6,6,6,6,6,0.3595938980579376,0.720217227935791,1.8605269193649292,2.7152225971221924,-2.503122091293335,-0.5298655033111572,4.498158521113232,25.089694664238646
downstream,102,5.1000000000000005,pi_4,6,6,6,6,6,0.3595938980579376,0.720217227935791,1.8605269193649292,2.7152225971221924,-2.503122091293335,-0.5298655033111572,4.498158521113232,25.089694664238646
downstream,102,5.1000000000000005,pi_5,6,5,6,5,5,0.3595938980579376,0.6086539030075073,1.8605269193649292,2.7152225971221924,-2.503122091293335,-0.7520605325698853,4.498158521113232,25.089694664238646
downstream,102,5.1000000000000005,union,6,6,6,6,6,0.3595938980579376,0.720217227935791,1.8605269193649292,2.7152225971221924,-2.503122091293335,-0.5298655033111572,4.498158521113232,25.089694664238646
downstream,103,5.15,pi_0,5,4,5,4,4,0.30007562041282654,0.5780212879180908,1.875795841217041,2.0901153087615967,-3.207728862762451,-1.2356772422790527,4.159041252614404,23.117751462695697
downstream,103,5.15,pi_1,5,4,5,4,4,0.30007562041282654,0.5780212879180908,1.875795841217041,2.0901153087615967,-3.207728862762451,-1.2356772422790527,4.159041252614404,23.117751462695697
downstream,103,5.15,pi_2,5,4,5,4,4,0.30007562041282654,0.5780212879180908,1.875795841217041,2.0901153087615967,-3.207728862762451,-1.2356772422790527,4.159041252614404,23.117751462695697
downstream,103,5.15,pi_3,5,5,5,5,5,0.30007562041282654,0.7079370021820068,1.875795841217041,2.2273643016815186,-3.207728862762451,-0.6629334092140198,4.159041252614404,23.117751462695697
downstream,103,5.15,pi_4,5,4,5,4,4,0.30007562041282654,0.5780212879180908,1.875795841217041,2.0901153087615967,-3.207728862762451,-1.2356772422790527,4.159041252614404,23.117751462695697
downstream,103,5.15,pi_5,5,4,5,4,4,0.30007562041282654,0.5780212879180908,1.875795841217041,2.0901153087615967,-3.207728862762451,-1.2356772422790527,4.159041252614404,23.117751462695697
downstream,103,5.15,union,5,5,5,5,5,0.30007562041282654,0.7079370021820068,1.875795841217041,2.2273643016815186,-3.207728862762451,-0.6629334092140198,4.159041252614404,23.117751462695697
downstream,104,5.2,pi_0,5,5,5,5,5,0.3690304458141327,0.6913041472434998,1.8615171909332275,2.598663568496704,-2.4229843616485596,-0.9257791638374329,7.557410507826493,26.211155629640782
downstream,104,5.2,pi_1,5,4,5,4,4,0.3690304458141327,0.5379828810691833,1.8615171909332275,2.598663568496704,-2.4229843616485596,-1.1255155801773071,7.557410507826493,26.211155629640782
downstream,104,5.2,pi_2,5,4,5,4,4,0.3690304458141327,0.5379828810691833,1.8615171909332275,2.598663568496704,-2.4229843616485596,-1.1255155801773071,7.557410507826493,26.211155629640782
downstream,104,5.2,pi_3,5,5,5,5,5,0.3690304458141327,0.6913041472434998,1.8615171909332275,2.598663568496704,-2.4229843616485596,-0.9257791638374329,7.557410507826493,26.211155629640782
downstream,104,5.2,pi_4,5,4,5,4,4,0.3690304458141327,0.5379828810691833,1.8615171909332275,2.598663568496704,-2.4229843616485596,-1.1255155801773071,7.557410507826493,26.211155629640782
downstream,104,5.2,pi_5,5,4,5,4,4,0.3690304458141327,0.5379828810691833,1.8615171909332275,2.598663568496704,-2.4229843616485596,-1.1255155801773071,7.557410507826493,26.211155629640782
downstream,104,5.2,union,5,5,5,5,5,0.3690304458141327,0.6913041472434998,1.8615171909332275,2.598663568496704,-2.4229843616485596,-0.9257791638374329,7.557410507826493,26.211155629640782
downstream,105,5.25,pi_0,4,4,4,4,4,0.38674604892730713,0.6716318726539612,1.8769742250442505,2.469773292541504,-2.5132687091827393,-1.0186612606048584,7.480741483866406,27.235069552449005
downstream,105,5.25,pi_1,4,3,4,3,3,0.38674604892730713,0.5110074281692505,1.8769742250442505,2.469773292541504,-2.5132687091827393,-1.5120676755905151,7.480741483866406,27.235069552449005
downstream,105,5.25,pi_2,4,4,4,4,4,0.38674604892730713,0.6716318726539612,1.8769742250442505,2.469773292541504,-2.5132687091827393,-1.0186612606048584,7.480741483866406,27.235069552449005
downstream,105,5.25,pi_3,4,4,4,4,4,0.38674604892730713,0.6716318726539612,1.8769742250442505,2.469773292541504,-2.5132687091827393,-1.0186612606048584,7.480741483866406,27.235069552449005
downstream,105,5.25,pi_4,4,4,4,4,4,0.38674604892730713,0.6716318726539612,1.8769742250442505,2.469773292541504,-2.5132687091827393,-1.0186612606048584,7.480741483866406,27.235069552449005
downstream,105,5.25,pi_5,4,3,4,3,3,0.38674604892730713,0.5110074281692505,1.8769742250442505,2.469773292541504,-2.5132687091827393,-1.5120676755905151,7.480741483866406,27.235069552449005
downstream,105,5.25,union,4,4,4,4,4,0.38674604892730713,0.6716318726539612,1.8769742250442505,2.469773292541504,-2.5132687091827393,-1.0186612606048584,7.480741483866406,27.235069552449005
downstream,106,5.300000000000001,pi_0,4,4,4,4,4,0.3489213287830353,0.647912323474884,1.9319181442260742,2.365433692932129,-2.1643612384796143,-1.280815839767456,7.262735374325059,28.27479665934635
downstream,106,5.300000000000001,pi_1,4,4,4,4,4,0.3489213287830353,0.647912323474884,1.9319181442260742,2.365433692932129,-2.1643612384796143,-1.280815839767456,7.262735374325059,28.27479665934635
downstream,106,5.300000000000001,pi_2,4,4,4,4,4,0.3489213287830353,0.647912323474884,1.9319181442260742,2.365433692932129,-2.1643612384796143,-1.280815839767456,7.262735374325059,28.27479665934635
downstream,106,5.300000000000001,pi_3,4,4,4,4,4,0.3489213287830353,0.647912323474884,1.9319181442260742,2.365433692932129,-2.1643612384796143,-1.280815839767456,7.262735374325059,28.27479665934635
downstream,106,5.300000000000001,pi_4,4,4,4,4,4,0.3489213287830353,0.647912323474884,1.9319181442260742,2.365433692932129,-2.1643612384796143,-1.280815839767456,7.262735374325059,28.27479665934635
downstream,106,5.300000000000001,pi_5,4,3,4,3,3,0.3489213287830353,0.4764629900455475,1.9319181442260742,2.365433692932129,-2.1643612384796143,-1.8717180490493774,7.262735374325059,28.27479665934635
downstream,106,5.300000000000001,union,4,4,4,4,4,0.3489213287830353,0.647912323474884,1.9319181442260742,2.365433692932129,-2.1643612384796143,-1.280815839767456,7.262735374325059,28.27479665934635
downstream,107,5.3500000000000005,pi_0,3,3,3,3,3,0.30424240231513977,0.6214930415153503,1.9667927026748657,2.2762081623077393,-2.8486526012420654,-1.3445931673049927,6.062343261146228,26.206191969487605
downstream,107,5.3500000000000005,pi_1,3,3,3,3,3,0.30424240231513977,0.6214930415153503,1.9667927026748657,2.2762081623077393,-2.8486526012420654,-1.3445931673049927,6.062343261146228,26.206191969487605
downstream,107,5.3500000000000005,pi_2,3,3,3,3,3,0.30424240231513977,0.6214930415153503,1.9667927026748657,2.2762081623077393,-2.8486526012420654,-1.3445931673049927,6.062343261146228,26.206191969487605
downstream,107,5.3500000000000005,pi_3,3,3,3,3,3,0.30424240231513977,0.6214930415153503,1.9667927026748657,2.2762081623077393,-2.8486526012420654,-1.3445931673049927,6.062343261146228,26.206191969487605
downstream,107,5.3500000000000005,pi_4,3,3,3,3,3,0.30424240231513977,0.6214930415153503,1.9667927026748657,2.2762081623077393,-2.8486526012420654,-1.3445931673049927,6.062343261146228,26.206191969487605
downstream,107,5.3500000000000005,pi_5,3,2,3,2,2,0.30424240231513977,0.37895259261131287,1.9667927026748657,2.0406699180603027,-2.8486526012420654,-2.664870500564575,6.062343261146228,26.206191969487605
downstream,107,5.3500000000000005,union,3,3,3,3,3,0.30424240231513977,0.6214930415153503,1.9667927026748657,2.2762081623077393,-2.8486526012420654,-1.3445931673049927,6.062343261146228,26.206191969487605
downstream,108,5.4,pi_0,2,1,2,1,1,0.5904908180236816,0.5904908180236816,2.2303364276885986,2.2303364276885986,-1.6661527156829834,-1.6661527156829834,18.732689711398734,18.732689711398734
downstream,108,5.4,pi_1,2,2,2,2,2,0.3215365707874298,0.5904908180236816,2.113219738006592,2.2303364276885986,-1.6661527156829834,-1.3398996591567993,18.732689711398734,23.63335861057884
downstream,108,5.4,pi_2,2,2,2,2,2,0.3215365707874298,0.5904908180236816,2.113219738006592,2.2303364276885986,-1.6661527156829834,-1.3398996591567993,18.732689711398734,23.63335861057884
downstream,108,5.4,pi_3,2,2,2,2,2,0.3215365707874298,0.5904908180236816,2.113219738006592,2.2303364276885986,-1.6661527156829834,-1.3398996591567993,18.732689711398734,23.63335861057884
downstream,108,5.4,pi_4,2,2,2,2,2,0.3215365707874298,0.5904908180236816,2.113219738006592,2.2303364276885986,-1.6661527156829834,-1.3398996591567993,18.732689711398734,23.63335861057884
downstream,108,5.4,pi_5,2,1,2,1,1,0.3215365707874298,0.3215365707874298,2.113219738006592,2.113219738006592,-1.3398996591567993,-1.3398996591567993,23.63335861057884,23.63335861057884
downstream,108,5.4,union,2,2,2,2,2,0.3215365707874298,0.5904908180236816,2.113219738006592,2.2303364276885986,-1.6661527156829834,-1.3398996591567993,18.732689711398734,23.63335861057884
downstream,109,5.45,pi_0,1,1,1,1,1,0.5560756921768188,0.5560756921768188,2.3235764503479004,2.3235764503479004,-1.7226042747497559,-1.7226042747497559,18.084790385556968,18.084790385556968
downstream,109,5.45,pi_1,1,1,1,1,1,0.5560756921768188,0.5560756921768188,2.3235764503479004,2.3235764503479004,-1.7226042747497559,-1.7226042747497559,18.084790385556968,18.084790385556968
downstream,109,5.45,pi_2,1,1,1,1,1,0.5560756921768188,0.5560756921768188,2.3235764503479004,2.3235764503479004,-1.7226042747497559,-1.7226042747497559,18.084790385556968,18.084790385556968
downstream,109,5.45,pi_3,1,1,1,1,1,0.5560756921768188,0.5560756921768188,2.3235764503479004,2.3235764503479004,-1.7226042747497559,-1.7226042747497559,18.084790385556968,18.084790385556968
downstream,109,5.45,pi_4,1,1,1,1,1,0.5560756921768188,0.5560756921768188,2.3235764503479004,2.3235764503479004,-1.7226042747497559,-1.7226042747497559,18.084790385556968,18.084790385556968
downstream,109,5.45,pi_5,1,0,1,0,0,,,,,,,,
downstream,109,5.45,union,1,1,1,1,1,0.5560756921768188,0.5560756921768188,2.3235764503479004,2.3235764503479004,-1.7226042747497559,-1.7226042747497559,18.084790385556968,18.084790385556968
downstream,110,5.5,pi_0,1,1,1,1,1,0.4752688705921173,0.4752688705921173,2.4105985164642334,2.4105985164642334,-1.9610967636108398,-1.9610967636108398,17.212015791942825,17.212015791942825
downstream,110,5.5,pi_1,1,1,1,1,1,0.4752688705921173,0.4752688705921173,2.4105985164642334,2.4105985164642334,-1.9610967636108398,-1.9610967636108398,17.212015791942825,17.212015791942825
downstream,110,5.5,pi_2,1,1,1,1,1,0.4752688705921173,0.4752688705921173,2.4105985164642334,2.4105985164642334,-1.9610967636108398,-1.9610967636108398,17.212015791942825,17.212015791942825
downstream,110,5.5,pi_3,1,1,1,1,1,0.4752688705921173,0.4752688705921173,2.4105985164642334,2.4105985164642334,-1.9610967636108398,-1.9610967636108398,17.212015791942825,17.212015791942825
downstream,110,5.5,pi_4,1,1,1,1,1,0.4752688705921173,0.4752688705921173,2.4105985164642334,2.4105985164642334,-1.9610967636108398,-1.9610967636108398,17.212015791942825,17.212015791942825
downstream,110,5.5,pi_5,1,0,1,0,0,,,,,,,,
downstream,110,5.5,union,1,1,1,1,1,0.4752688705921173,0.4752688705921173,2.4105985164642334,2.4105985164642334,-1.9610967636108398,-1.9610967636108398,17.212015791942825,17.212015791942825
downstream,111,5.550000000000001,pi_0,1,1,1,1,1,0.42911139130592346,0.42911139130592346,2.1611785888671875,2.1611785888671875,-2.5843234062194824,-2.5843234062194824,17.700007148345307,17.700007148345307
downstream,111,5.550000000000001,pi_1,1,1,1,1,1,0.42911139130592346,0.42911139130592346,2.1611785888671875,2.1611785888671875,-2.5843234062194824,-2.5843234062194824,17.700007148345307,17.700007148345307
downstream,111,5.550000000000001,pi_2,1,0,1,0,0,,,,,,,,
downstream,111,5.550000000000001,pi_3,1,1,1,1,1,0.42911139130592346,0.42911139130592346,2.1611785888671875,2.1611785888671875,-2.5843234062194824,-2.5843234062194824,17.700007148345307,17.700007148345307
downstream,111,5.550000000000001,pi_4,1,1,1,1,1,0.42911139130592346,0.42911139130592346,2.1611785888671875,2.1611785888671875,-2.5843234062194824,-2.5843234062194824,17.700007148345307,17.700007148345307
downstream,111,5.550000000000001,pi_5,1,0,1,0,0,,,,,,,,
downstream,111,5.550000000000001,union,1,1,1,1,1,0.42911139130592346,0.42911139130592346,2.1611785888671875,2.1611785888671875,-2.5843234062194824,-2.5843234062194824,17.700007148345307,17.700007148345307
downstream,112,5.6000000000000005,pi_0,1,1,1,1,1,0.379427433013916,0.379427433013916,2.450430154800415,2.450430154800415,-2.2787907123565674,-2.2787907123565674,16.516410399688443,16.516410399688443
downstream,112,5.6000000000000005,pi_1,1,1,1,1,1,0.379427433013916,0.379427433013916,2.450430154800415,2.450430154800415,-2.2787907123565674,-2.2787907123565674,16.516410399688443,16.516410399688443
downstream,112,5.6000000000000005,pi_2,1,1,1,1,1,0.379427433013916,0.379427433013916,2.450430154800415,2.450430154800415,-2.2787907123565674,-2.2787907123565674,16.516410399688443,16.516410399688443
downstream,112,5.6000000000000005,pi_3,1,1,1,1,1,0.379427433013916,0.379427433013916,2.450430154800415,2.450430154800415,-2.2787907123565674,-2.2787907123565674,16.516410399688443,16.516410399688443
downstream,112,5.6000000000000005,pi_4,1,1,1,1,1,0.379427433013916,0.379427433013916,2.450430154800415,2.450430154800415,-2.2787907123565674,-2.2787907123565674,16.516410399688443,16.516410399688443
downstream,112,5.6000000000000005,pi_5,1,0,1,0,0,,,,,,,,
downstream,112,5.6000000000000005,union,1,1,1,1,1,0.379427433013916,0.379427433013916,2.450430154800415,2.450430154800415,-2.2787907123565674,-2.2787907123565674,16.516410399688443,16.516410399688443
downstream,113,5.65,pi_0,1,1,1,1,1,0.32687854766845703,0.32687854766845703,2.1932241916656494,2.1932241916656494,-2.9048447608947754,-2.9048447608947754,16.602090248919957,16.602090248919957
downstream,113,5.65,pi_1,1,0,1,0,0,,,,,,,,
downstream,113,5.65,pi_2,1,0,1,0,0,,,,,,,,
downstream,113,5.65,pi_3,1,1,1,1,1,0.32687854766845703,0.32687854766845703,2.1932241916656494,2.1932241916656494,-2.9048447608947754,-2.9048447608947754,16.602090248919957,16.602090248919957
downstream,113,5.65,pi_4,1,0,1,0,0,,,,,,,,
downstream,113,5.65,pi_5,1,0,1,0,0,,,,,,,,
downstream,113,5.65,union,1,1,1,1,1,0.32687854766845703,0.32687854766845703,2.1932241916656494,2.1932241916656494,-2.9048447608947754,-2.9048447608947754,16.602090248919957,16.602090248919957
