proposer,phase,x_left_m,x_right_m,count,frontwheel_tangent_mps_min,frontwheel_tangent_mps_max,hip_deg_min,hip_deg_max,hip_rate_degps_min,hip_rate_degps_max,knee_deg_min,knee_deg_max,knee_rate_degps_min,knee_rate_degps_max,pitch_deg_min,pitch_deg_max,rearwheel_tangent_mps_min,rearwheel_tangent_mps_max,roll_deg_min,roll_deg_max,root_vx_mps_min,root_vx_mps_max,root_vy_mps_min,root_vy_mps_max,root_vz_mps_min,root_vz_mps_max,root_wx_degps_min,root_wx_degps_max,root_wy_degps_min,root_wy_degps_max,root_wz_degps_min,root_wz_degps_max,root_x_m_min,root_x_m_max,root_y_m_min,root_y_m_max,root_z_m_min,root_z_m_max,steering_deg_min,steering_deg_max,steering_rate_degps_min,steering_rate_degps_max,yaw_deg_min,yaw_deg_max
pi_0,downstream,3.25,3.3000000000000003,2,-0.04217900276184083,-0.0023393217846751214,-23.423952758545724,-21.492481129198254,23.488977866991537,72.91621723922638,40.70582717010622,43.880779134084115,34.036355766358454,47.96466876714521,18.12251944786523,18.596777531340507,0.9879362964630128,1.3547926902770997,-4.944991585406172,-4.402652063105827,1.6448771953582764,1.6570258140563965,0.07619716972112656,0.078443244099617,-0.0734167993068695,-0.062033552676439285,-11.785669851549068,-11.285040037275582,-62.370671538104325,-27.758824522848112,38.10841892687167,39.57356280573111,3.291531562805176,3.2917635440826416,0.01028634887188673,0.012063165195286274,0.5040693283081055,0.5056470632553101,30.82528917714411,30.928807524204824,10.527989553634185,14.508860297217629,5.78685386153586,6.699175578214658
pi_0,downstream,3.3000000000000003,3.35,10,-0.2166849160194397,0.04593672811985016,-28.910893020721673,-16.48300182585746,-35.18174092412915,79.36055536264678,39.696362776818766,56.300334083066325,72.04583257291331,221.38308300130976,12.556939199977814,18.800315513424007,0.9256994247436524,1.516123085021973,-9.331507327144633,-0.9040152678642689,1.7086241245269775,1.778689980506897,0.04077517241239548,0.16241589188575745,-0.1698867231607437,-0.061307959258556366,-20.007340163996314,-8.29510679885593,-103.78790730649698,-32.938846819574955,-4.5125958478270585,62.93336984268666,3.32720685005188,3.3390557765960693,-0.0027168358210474253,0.03308570384979248,0.5051762461662292,0.5139795541763306,26.819200521371336,34.132876584614486,1.9495891330077528,39.27225584068517,-2.704064188782267,15.296652893650855
pi_0,downstream,3.35,3.4000000000000004,5,-0.5304306983947754,-0.0008253576885908843,-29.74303204277725,-26.44803267394721,-482.02180399305405,-35.76239921113403,48.07681022803307,57.1424281058372,-84.828162774377,455.5945453394674,16.081100980586523,19.591839781181953,-0.2617136836051941,1.6796157455444338,-6.15887590751417,-3.5304809590781554,1.4720300436019897,2.013551950454712,0.07268287241458893,0.13993288576602936,-0.18106894195079803,-0.03786551579833031,-16.800467310932362,-10.987258303615013,-148.05143999638486,427.3754002175063,28.902966586189873,44.85675852496558,3.3575427532196045,3.397108316421509,0.0008851556340232491,0.021310100331902504,0.506474494934082,0.5298030972480774,25.892685360459105,31.931670539659457,9.616108926792354,51.63318044583199,7.229185389095439,10.924305703934701
pi_0,downstream,3.4000000000000004,3.45,29,-0.7440312480926514,0.19731489658355714,-47.38815982006112,-23.311625175002987,-502.3639105112929,-23.447878911208278,52.2129200723935,84.76360382634203,-187.36033980196714,665.1189582811527,12.836761730753986,24.96165625638234,-0.6978743839263917,2.1509022331237797,-10.680850881348418,-0.4825500209349734,1.4400651454925537,2.1632473468780518,0.06678586453199387,0.2357521802186966,-0.34082987904548645,-0.014964412897825241,-24.682351933870752,-8.292419973191176,-229.838433722057,468.0064743822413,-4.564432714759223,55.33357886265897,3.401536464691162,3.4490346908569336,0.0009303647675551474,0.04116595908999443,0.49564656615257263,0.5251315832138062,12.528063603005265,33.25916903127021,-15.109532746037937,138.29357220091617,-2.89321773323181,17.70490863627889
pi_0,downstream,3.45,3.5,17,-0.48421865940094,0.2952210092544556,-55.9360664342512,-35.215833813371276,-389.2662777811501,-47.74420392111554,67.2818507589103,97.39322465834258,99.7196144104056,710.4379737638609,14.462801641584026,27.021564624235577,-0.8717572689056398,1.9262340736389163,-11.285819773521506,-0.7097579219781801,1.6312928199768066,2.196870803833008,0.08467281609773636,0.29655584692955017,-0.7048616409301758,-0.0072973063215613365,-27.238676589247667,-11.185406360305315,-236.46827978333494,200.53114384266445,-0.05984259569136094,46.29745032659637,3.4509992599487305,3.4973320960998535,0.007420104928314686,0.04659426584839821,0.49898797273635864,0.535348653793335,11.185306468788703,32.128584893430926,7.660181805121653,129.99106745341547,-3.27155622859975,17.448400417526084
pi_0,downstream,3.5,3.5500000000000003,12,-0.17827973127365113,0.21753987550735476,-59.97535834712671,-52.44361654179985,-257.2326012753073,-40.2140535498653,89.24885245050602,112.45330683478963,206.42174486969358,655.5348368377907,17.82507020547882,22.671199017730274,-0.7957794284820557,1.4986583328247072,-8.016042299561517,-0.38879418507967406,1.8342458009719849,2.186842679977417,0.1737286001443863,0.29374074935913086,-0.6246276497840881,-0.08657369017601013,-29.856013616933016,-15.154774211552809,-182.02085307868802,95.13288283555357,14.622868107296188,36.86947383785014,3.5252795219421387,3.5456342697143555,0.015454594045877457,0.052556704729795456,0.499466210603714,0.5265994071960449,6.769183201006666,28.42222713655311,-5.567584732593112,84.88337119343821,7.0414280382174015,20.364327074271753
pi_0,downstream,3.5500000000000003,3.6,30,-0.40221007347106935,0.08966365933418274,-65.59362607156908,-52.57089711698304,-294.2990816744827,-40.198190435517944,102.9184378855327,125.27734900151458,175.53457759376374,667.907970406079,9.047315437391758,21.428918244078943,-0.7681972885131837,2.4247721862792972,-15.673959126420236,-0.5204474492864741,1.7077445983886719,2.243631601333618,0.10546599328517914,0.3188856840133667,-0.9896852970123291,-0.044678252190351486,-55.47581413702989,-15.75194960351807,-119.92168839028086,141.07041292874155,-8.823440714176634,33.489616198771856,3.5571022033691406,3.598970413208008,0.016202453523874283,0.06531831622123718,0.455173134803772,0.6182395219802856,3.042147900190285,39.05389127782527,-30.370429314272528,111.88415400144163,-9.5264298092194,21.092389536544683
pi_0,downstream,3.6,3.6500000000000004,41,-0.6913325786590577,0.6991406345367432,-72.42617848703465,-58.02517541454799,-248.39605769698164,0.2979838912517462,109.40254820049007,131.6995846327808,-57.90008733008837,616.0489668308135,-17.98709221704697,21.769992386664224,-0.8342959308624268,2.4966467285156253,-16.892298221159418,-0.7218762057854855,1.8546230792999268,2.1764731407165527,-0.06284702569246292,0.26786643266677856,-1.151065468788147,-0.058056432753801346,-73.52066166001583,-19.49234219303006,-201.738612004896,56.78377828761441,-19.824639433887643,32.98884038920486,3.6025402545928955,3.6484060287475586,-0.01487590093165636,0.07121077179908752,0.4378965198993683,0.6774700880050659,2.11144754086413,38.77071504993113,-52.607626459244784,127.27621752249715,-9.533951130292406,21.791765936017665
pi_0,downstream,3.6500000000000004,3.7,54,-0.6883068084716798,0.4869609117507935,-72.54335038224622,-61.8101588940564,-158.37073568125024,24.800456149904026,104.5128021132996,138.38434541498563,-596.176558761418,440.1976050633445,-18.776695823983705,23.547161612232337,-0.8546817111968995,2.2317140960693362,-17.735574006398256,-0.9798478318890472,1.749000906944275,2.392462730407715,-0.21549734473228455,0.27204370498657227,-1.7264169454574585,-0.27823606133461,-82.29332930922352,-18.787992595250834,-177.61561329046157,107.11884713073962,-20.075455933041557,32.82010398085428,3.6500802040100098,3.699460506439209,-0.019374581053853035,0.06853650510311127,0.4138696789741516,0.6638937592506409,-9.9578898853125,37.02063616946627,-178.28741703684568,97.37706443076632,-6.820864508698048,23.17153502131648
pi_0,downstream,3.7,3.75,58,-0.512221736907959,0.46769024372100837,-72.12351231434387,-64.21931687848164,-140.3888010307093,47.89340598843989,86.12548890532922,140.51466775673427,-1195.5153311840118,404.3355055808958,-21.910868964926326,19.828044366258315,-0.8893306350708009,2.3719084930419925,-21.661671350574206,-1.3617274560928792,1.7005451917648315,2.5260560512542725,-0.3122125267982483,0.1985577940940857,-2.0831358432769775,-0.15553487837314606,-88.63710655749382,-19.105007287840515,-220.02811007376263,375.840092967386,-18.753916781481642,32.9478558390902,3.700951337814331,3.7492077350616455,-0.022383177652955055,0.08351926505565643,0.34302079677581787,0.6250715851783752,-12.18104815825995,39.67701968108929,-36.08757085714,78.55758466344173,-9.702607627105069,23.86245775289034
pi_0,downstream,3.75,3.8000000000000003,36,-0.686905508041382,2.825374145507813,-72.22355409511705,-62.278805493767656,-91.47431249720375,323.14608510570804,67.30306532647235,141.97604137117187,-832.6621872252448,402.77753943121587,-21.904886555891427,25.470596621548186,-0.8644602394104005,2.6836502075195314,-23.488620494374494,-3.11462009370631,1.6789637804031372,2.4667155742645264,-0.2954096496105194,0.34089648723602295,-2.431989908218384,-0.6481794714927673,-92.33701320070055,-8.748401694633934,-364.90031557756,211.47652198760989,-25.06201482907508,27.506910070785118,3.7510242462158203,3.7986669540405273,-0.004350920673459768,0.0863877534866333,0.3134043514728546,0.5914929509162903,-16.374133733129337,39.58814867470367,-59.40710026855999,80.41267770239554,-9.771709349070115,19.503183133718103
pi_0,downstream,3.8000000000000003,3.85,38,-0.5380919551849366,3.876469230651856,-72.00180517352342,-58.529393639456664,-49.231433216656214,480.2836028115558,65.88703050774531,144.7973739512507,-1131.3249947981785,283.82911201652684,-17.657677954478,20.66958985258642,-1.0808958339691164,2.2246398353576664,-27.284706102027805,-6.158660742411468,1.4371421337127686,2.559296131134033,-0.3988153040409088,0.40431109070777893,-3.085808277130127,-1.1800894737243652,-82.34067618055006,-6.8884511105197825,-506.9751078237519,373.0723090704001,-23.102464292049685,28.867442772316636,3.8003735542297363,3.8483095169067383,-0.04285239055752754,0.07759734243154526,0.30611711740493774,0.5566753149032593,-7.648879549592574,39.89162763990568,-70.67119553074572,45.52067340285833,-10.63074242793452,21.265493029889893
pi_0,downstream,3.85,3.9000000000000004,20,-0.5464822673797608,3.09196102142334,-72.09469574623559,-52.16462380477234,-15.775862095802287,244.56533244060165,78.61907002635019,145.03905336484243,-575.491194256251,407.71098506871607,-12.552679713383158,21.837640944095643,-0.8364235496520996,2.2883984375,-24.80606009472935,-7.961233088743986,1.7003512382507324,2.3032941818237305,-0.16812163591384888,0.8689635396003723,-2.9382309913635254,-0.5103912353515625,-206.79688617966735,-4.701337453369782,-387.1203416269588,172.95476050273655,-148.3886191149517,68.26323282942523,3.8505136966705322,3.8966012001037598,-0.000840731430798769,0.06989774107933044,0.2924794554710388,0.48046085238456726,-14.80621770537601,52.31570075902385,-17.812846487448112,2674.2382818115925,-10.133728697181764,20.382471739106904
pi_0,downstream,3.9000000000000004,3.95,12,-0.5856821632385254,1.0552387046813967,-72.57519272415682,-47.582256720799954,-50.63665243083254,230.98423893646165,57.025276701193135,142.9735085371822,-610.6116991193765,406.2997313824081,-14.693849440842298,18.28169075734833,-0.6030378341674806,2.6818421554565433,-27.40553876436507,-8.555666124514879,1.4353246688842773,2.022158622741699,-0.6123372316360474,0.5093700289726257,-3.6356003284454346,-0.16836978495121002,-164.57137265508456,-5.291730040602399,-314.4328947437928,157.54150973487566,-56.69448722459484,40.588979708880224,3.903140068054199,3.949855327606201,-0.06898445636034012,0.07058931142091751,0.25793781876564026,0.4903157651424408,-12.514468965236,52.54277381307551,-38.870739755231384,1767.881795857252,-8.84844126726686,20.873665340726454
pi_0,downstream,3.95,4.0,6,-0.5181811857223512,1.5191036605834962,-71.95129592461117,-67.54447153249728,21.39631718832635,127.91057817185126,50.73491836242152,146.40798719905305,-466.3413289041055,187.9853021110233,-11.440444331957345,15.008977876494,1.3212909889221192,2.2317761802673344,-19.527836466377067,-9.39660372666741,1.6569329500198364,2.085435390472412,-0.2329808473587036,0.6905455589294434,-3.2933852672576904,-0.32654738426208496,-59.88429826511209,-1.4786023397321222,-281.1826049584436,107.06975173098557,-21.12557190472163,32.52988924302044,3.9522626399993896,3.997532367706299,-0.011738752014935017,0.06783943623304367,0.2958556115627289,0.4166643023490906,29.269174008729276,61.10903997575459,-10.380265368491504,1385.0501300101444,-11.060865077230629,21.98812165074135
pi_0,downstream,4.0,4.05,5,-0.3732316064834595,0.9038072681427003,-72.34692097190582,-66.89406676878282,-476.5172725786707,73.40726685941529,49.129752190482236,143.5249643503907,-511.97464237166116,67.16754754315014,-13.107649778926506,7.572221207121399,-0.6717177104949952,2.5050479888916017,-14.806100955002165,-9.313755863531505,0.6577430963516235,1.9269500970840454,0.042687371373176575,0.3618067502975464,-2.3751370906829834,-0.39056867361068726,-117.89336809359719,1.4247061707651978,-121.03126628132777,480.3638711946818,-25.31136625265203,107.01164048152711,4.003365993499756,4.0421905517578125,-0.0032540163956582546,0.08874648809432983,0.2832425832748413,0.37582695484161377,16.854270418571843,34.176702493423875,-430.1826352871382,53.18090472685146,-11.451843946654822,25.659182394559796
pi_0,downstream,4.1000000000000005,4.15,1,0.209309196472168,0.209309196472168,-73.63388570588714,-73.63388570588714,-499.4941928711337,-499.4941928711337,40.43834671692476,40.43834671692476,-40.66489384641033,-40.66489384641033,-8.977081310772375,-8.977081310772375,1.0683442783355714,1.0683442783355714,-11.11092792061971,-11.11092792061971,1.5151468515396118,1.5151468515396118,0.11931266635656357,0.11931266635656357,-1.1462489366531372,-1.1462489366531372,-122.09875654670905,-122.09875654670905,307.3577749901434,307.3577749901434,79.70344451935975,79.70344451935975,4.1015424728393555,4.1015424728393555,-0.0019612510222941637,-0.0019612510222941637,0.2839667797088623,0.2839667797088623,32.46643678563102,32.46643678563102,6.1542984091840305,6.1542984091840305,-9.061966393489874,-9.061966393489874
pi_0,upstream,2.75,2.8000000000000003,47,1.1891555213928224,2.2063547706604005,-67.44547477066712,-57.60727029018076,45.17691339702617,339.1554747843277,135.59999147907325,142.97708755630728,-384.29127727273953,-129.82726585674024,-1.0160290389761095,2.9461720897259016,0.5436774635314942,1.0977160453796388,-3.0082054440034467,-1.4530531900149288,1.1993077993392944,1.8868257999420166,0.034864358603954315,0.4641261398792267,-0.42213234305381775,0.08876870572566986,-3.9431330946454763,84.60530736213782,-149.63493739318227,31.478258676891915,-54.481758650509995,58.70540078417872,2.7542977333068848,2.7898061275482178,-0.009559973143041134,-0.0013405191712081432,0.11486257612705231,0.12696771323680878,3.3912290502727047,27.99244089812464,-138.039461843035,294.2171740459559,-6.561951532026536,-5.385719598778456
pi_0,upstream,2.8000000000000003,2.85,54,-0.9029007720947266,2.518997840881348,-61.407382638700746,-30.90482673002891,-304.0562801114127,645.2873674222373,78.88415649822755,129.24762868301627,-1136.4432653546194,-475.71688369097194,-0.6487195450486241,14.699117397889133,-0.6492720031738282,1.5034597778320313,-3.89621352405833,-0.21790293956828288,0.3141302466392517,2.1251468658447266,-0.022600563243031502,0.3686092495918274,-0.42536062002182007,1.5079312324523926,-23.1584923338113,61.50889974033465,-150.34483993475672,651.0068039086658,-7.376392567749501,90.00576035394849,2.826988935470581,2.8438215255737305,-0.004012981429696083,0.008040355518460274,0.11710008978843689,0.15822166204452515,-5.88003515126993,20.7364116314764,-180.1663064548678,241.8896194936275,-5.769963748075153,-1.9360218835956637
pi_0,upstream,2.85,2.9000000000000004,47,-1.03491587638855,1.3285615158081057,-51.398641995017506,-35.942029771210784,-490.8402339097008,506.6062776085712,34.42027045432111,108.33298838779027,-1106.1654192545464,481.80247295842656,-2.081236562466633,36.986016047933376,-1.0819284343719484,2.330169486999512,-5.464567815284036,-0.5156939329128183,1.0339871644973755,1.8920525312423706,-0.08388572186231613,0.1267244666814804,0.021250411868095398,3.117466449737549,-37.27421035749758,-11.663637422969389,-126.4393554246305,751.447577012398,-27.507576014229194,61.22053598376588,2.8753721714019775,2.899841070175171,-0.002345830900594592,0.006685492116957903,0.11888973414897919,0.24837373197078705,-10.303440254480845,17.094761379247995,-203.99675450677225,216.04421099505592,-6.797343258910881,2.018370868817943
pi_0,upstream,2.9000000000000004,2.95,54,-0.44706927776336675,0.44925267219543463,-62.019620305333184,-28.824897523976627,-361.1840916124261,124.872004595031,33.01558057980546,83.77940088769988,-1707.8097903333696,1102.5418126545578,5.742410232565674,39.06455420770561,-0.9845713329315187,2.664784622192383,-5.990916912540084,-0.7399049409511779,0.5858640074729919,2.4117825031280518,-0.052212849259376526,0.1646699160337448,-0.5296935439109802,3.532247304916382,-33.056599280865974,-9.391092613454516,-302.8214092302311,586.0074452760228,-32.166745160323785,59.240771501891835,2.9003121852874756,2.949606418609619,-0.0007152766338549554,0.006902826949954033,0.13488493859767914,0.3261321485042572,-2.1702418092395996,35.326786821343546,-192.89712336961125,246.72233350124836,-7.216893773253142,2.6291678859499124
pi_0,upstream,2.95,3.0,39,-0.3592019128799439,0.8555616378784181,-64.04006539390382,-46.32745534762023,-289.4821590642229,-74.34486058716126,30.974170225577463,99.67629052050022,300.55061721801195,1321.1231657187066,20.813177352999723,32.57498208170333,-0.6855394554138184,2.792432136535645,-4.931568674632882,-1.0098342368653908,1.73507821559906,2.48922061920166,-0.03523598983883858,0.1546822339296341,2.5044872760772705,3.6802353858947754,-29.0156373867384,-7.777352846559576,-435.63520262231606,20.90370345481752,-23.986063666859433,35.30245085733079,2.956319808959961,2.999178409576416,-0.000867630704306066,0.0096510648727417,0.24740879237651825,0.38507282733917236,11.515653690638247,37.38313821438094,-126.63106517425442,235.98934691873364,-6.036222489460252,3.044152923527338
pi_0,upstream,3.0,3.0500000000000003,63,-0.9293305492401124,1.1199931240081789,-64.39839077814104,-53.136508497246375,-223.00697413685862,302.8128305126335,58.1505367065744,103.54499845885465,-930.3836707750982,1409.0538189801568,16.400028116991113,31.297255275364204,-0.9576066970825197,2.9705197906494143,-8.251192864442897,-1.3529464768170463,0.9453709125518799,2.5167086124420166,-0.09091981500387192,0.10654275119304657,0.30890026688575745,3.587242364883423,-31.518082094847674,-12.38413700304111,-497.6040882824944,324.8174050748535,-27.10406039089589,43.90425107916686,3.0040042400360107,3.049734115600586,-0.0008486812585033476,0.013067791238427162,0.3137916326522827,0.4746929705142975,29.18778888967399,45.70910807677522,-153.79870267349207,216.24003251856018,-8.615393147796274,3.4740221653041607
pi_0,upstream,3.0500000000000003,3.1,61,-0.72694974899292,0.7080939769744874,-65.14956815286986,-28.7415623859133,-195.1718495707923,685.0856229610943,33.68240853337922,110.62289809949624,-967.2765277655718,425.802434972409,10.87743480255219,32.52056117365311,-1.1085968017578125,2.5031665039062503,-9.333553210668553,-2.223357756134543,0.9962708353996277,2.1628167629241943,-0.21368210017681122,0.061280276626348495,-0.1679202914237976,2.7283406257629395,-36.60688380011441,-13.896569696619128,-389.4135093388989,340.5731761692122,-22.12503519351689,51.03374938389333,3.051598310470581,3.0998141765594482,-0.008376605808734894,0.014511431567370892,0.3569190800189972,0.5134975910186768,24.98378525741634,38.62791286985909,-56.18927520716192,132.9478290243573,-8.893190182824869,4.1767826024906665
pi_0,upstream,3.1,3.1500000000000004,48,-0.46900566101074226,0.42721071243286135,-62.33763391308897,-23.665265049469568,-156.93662818197933,560.2211862156636,25.994033414911048,88.84189611937832,-953.1763945260243,-69.79098222221701,11.711825194093942,29.535101196231317,-0.96360089302063,2.40286060333252,-8.524399206946578,-2.5048154421951665,0.9537912011146545,1.9252110719680786,-0.18909157812595367,0.06108887493610382,-0.15439310669898987,1.6322259902954102,-28.597622979344454,-12.936538797449646,-422.275024756691,276.9170152179873,-12.744736840271933,70.93318792692907,3.1004486083984375,3.1498568058013916,-0.016564076766371727,0.016749657690525055,0.42188572883605957,0.5453988909721375,23.687760277501003,35.42795216823519,-48.20047763314532,83.62018234795772,-6.588958410867329,6.278371694335578
pi_0,upstream,3.1500000000000004,3.2,61,-0.5173195171356202,0.778537712097168,-64.6062812459087,-17.22504211502411,-116.4580311602757,571.9068749043684,20.058011629901344,73.33113074073715,-815.2515978987753,251.45491693563682,13.4076748548076,24.067740863398623,-1.0282782077789308,2.657389259338379,-11.23576170440629,-2.137976517811582,1.2178505659103394,2.180640697479248,-0.13869637250900269,0.12040700763463974,-0.010378926992416382,0.933752179145813,-26.949894483592235,-10.731734950349312,-529.9108284151414,251.5615225282024,-40.690933942621,72.68882658137832,3.1501142978668213,3.199943780899048,-0.023441245779395103,0.02117261290550232,0.3738775849342346,0.5511280298233032,20.76851522812275,36.55985453258429,-63.72092480493498,53.63149913658637,-10.431378856480373,9.3570076586968
pi_0,upstream,3.2,3.25,38,-0.673797664642334,0.9892472743988038,-59.76163489780784,-15.923208059219679,-96.55095988084246,296.6775721095346,24.985830899072756,64.8110708077932,-635.8964037286033,241.43112255502288,10.241834330866661,22.977736939356564,-0.9605774593353272,2.8434033966064454,-11.690238892232106,-1.8059135735658616,1.5000284910202026,2.1960856914520264,-0.10223245620727539,0.1366695761680603,0.182783305644989,1.3320900201797485,-23.771889425055345,-8.540807486321505,-393.52954525728865,88.82517581629013,-34.20081989138319,69.12707417451342,3.2003707885742188,3.2494022846221924,-0.025650758296251297,0.02399100363254547,0.46971896290779114,0.5778878927230835,22.712491226293224,35.6552642789078,-52.98936914705138,52.272120737024586,-10.555140281593678,10.93921315223515
pi_0,upstream,3.25,3.3000000000000003,57,-0.41474527359008795,0.7249450302124024,-62.590521667108696,-15.910176058283295,-283.33354081110735,227.57176714409655,10.82231008893285,61.92619014767658,-592.5420785002708,519.8858046004768,8.455587826143658,26.79968959282243,-0.8905920791625977,2.4337723922729495,-12.870795529294341,-1.4253529876275999,1.560875654220581,2.004438877105713,-0.05982523411512375,0.17502504587173462,-0.15482163429260254,1.3274470567703247,-24.837530416718856,-10.066050199687883,-199.39573417617657,141.08239308054573,-31.83871508015017,65.68590192725594,3.2505271434783936,3.2988853454589844,-0.028359321877360344,0.024904707446694374,0.40665221214294434,0.5761316418647766,22.13530950557588,36.72479677085092,-71.92859237581006,102.43505856778172,-11.993839285572614,12.390767664627424
pi_0,upstream,3.3000000000000003,3.35,48,-0.7106748771667482,0.6326631450653076,-64.49611712478557,-19.490860041980167,-287.56568994538736,172.86406925093712,14.027027163540017,62.10189676407516,-371.3278514356221,560.1935922514167,5.9613385848326805,27.16467843975655,-1.025785026550293,2.452943725585938,-13.377241650157591,-1.1861802530913812,1.651218056678772,2.057939052581787,-0.021992195397615433,0.18167299032211304,-0.12132039666175842,1.0377799272537231,-29.874834203190986,-7.948257839971634,-152.66038334641775,118.88422363649094,-30.40955946802753,68.95820457747404,3.3013880252838135,3.3492252826690674,-0.028690693899989128,0.029738131910562515,0.4183756113052368,0.6139828562736511,19.731596889466434,36.67760357878072,-133.54142710474477,49.43785519375234,-12.275371253179307,13.898097473288496
pi_0,upstream,3.35,3.4000000000000004,20,-0.6751708602905274,0.6311713218688966,-51.391712768104526,-17.694465648753454,-339.2223833174371,175.08900337306878,28.190519799149598,67.14017214495672,-129.20842339718038,638.1592727213852,7.39076015079849,23.939423496657337,-0.9316952228546144,2.324358406066895,-9.968171403665059,-0.9950335164013446,1.7865179777145386,2.142451286315918,-0.005005135666579008,0.23704996705055237,-0.22865185141563416,0.6633293032646179,-29.437982134066143,-7.616332844423817,-276.32254287338606,183.44736540760184,-23.83983102427675,47.17775242758429,3.350059747695923,3.3969292640686035,-0.0020305425859987736,0.03283754363656044,0.44400903582572937,0.628285825252533,18.496256432779372,36.57086821262093,-28.93252081472852,26.67026312387733,-7.501660071067702,14.752964865324207
pi_0,upstream,3.4000000000000004,3.45,28,-0.6321194744110108,0.7863979721069336,-67.74071652773009,-30.72519616995216,-400.345937445178,-45.38439063834906,20.941947391527716,83.62755212207216,25.68358424166104,836.3946397198466,3.9437247838409952,25.59663302051424,-0.9524176597595215,2.595849533081055,-12.491436446545247,-2.9571147914358513,1.803719401359558,2.4056954383850098,0.01847022958099842,0.26757022738456726,-0.007548334077000618,1.017124891281128,-26.784180433949388,-7.715431205317886,-190.88611077228438,144.41241082925043,-18.735850931126958,43.93747653438439,3.4008734226226807,3.449502468109131,-0.02709365449845791,0.03290417790412903,0.46881911158561707,0.6470336318016052,18.31931184459373,36.4258086550282,-18.054129750067986,49.63787045340699,-8.78412636611566,13.893352369760354
pi_0,upstream,3.45,3.5,26,-0.6425351333618164,0.8889648056030274,-70.38473056676622,-37.621037118267076,-379.65822335493647,-27.72605327521039,31.315997287874506,100.4475213306322,327.79252619428433,941.8051677467068,-6.190556939031995,23.403777430207683,-0.9090403652191162,2.7254164505004885,-13.866044919459256,-0.7557302099697382,1.8767273426055908,2.4148061275482178,0.041590820997953415,0.3078095614910126,0.052971769124269485,1.1922763586044312,-35.513910098939796,-13.397655113600962,-296.92425122159875,97.02971516052533,-19.704166849759666,35.31016555599832,3.452739953994751,3.4991371631622314,-0.024454453960061073,0.04200711101293564,0.465728759765625,0.6664240956306458,17.285128996700003,36.843423496355705,-23.0834422152112,22.82809217799569,-9.498342374717769,16.64321107913446
pi_0,upstream,3.5,3.5500000000000003,25,-0.6560814380645753,0.8641811275482179,-71.36497882587894,-46.83053293093752,-356.29037035513863,-17.638483710768735,73.66149333051233,114.00740026721013,402.4261671795538,898.3734701354565,-11.315057797167059,22.15273135377988,-0.732955026626587,2.7026028442382817,-14.681064054885976,-3.209237834257795,1.9517168998718262,2.309252977371216,0.05246873199939728,0.3456048369407654,-0.002808096818625927,1.1149954795837402,-50.47140624914784,-11.571810652220446,-369.91487654164325,25.70509762999929,-24.743746796772704,25.624506520435016,3.5003600120544434,3.549561023712158,-0.020793665200471878,0.0436130091547966,0.4810131788253784,0.679241955280304,16.249604016634372,38.05891371576742,-29.050071785439023,15.079479913689882,-9.557300957292814,15.262204112798303
pi_0,upstream,3.5500000000000003,3.6,17,-0.4214856147766114,0.5355809164047242,-68.6518637630098,-57.053003854128804,-217.53540521540978,-61.674477186194096,60.86924569437378,120.31329045615436,477.8314556164945,889.3822637535651,-9.780590883329518,19.702213435822685,-0.7678629016876222,2.4603970336914065,-13.280662190508409,-4.039937483271947,1.8643659353256226,2.2673697471618652,0.07123167812824249,0.3161590099334717,-0.005812329705804586,0.7083402276039124,-62.27734383328527,-17.175572762413,-291.4503190546971,-66.72554551139109,-21.820861256566833,23.188719335983194,3.550556182861328,3.5976216793060303,-0.01547477301210165,0.04864344000816345,0.4983510673046112,0.6509529948234558,17.854553330067503,37.90651170481693,-32.11386242067496,46.330675781813895,-8.289493581889953,15.963430537868259
pi_0,upstream,3.6,3.6500000000000004,4,-0.03596204221248627,0.5003049755096436,-70.08888775305628,-64.56348328056941,-156.3334131952405,-36.16682154207966,94.43324606830166,116.2951038278142,398.86548028219937,671.8651634451309,-14.905981950022154,7.4871567855948635,-0.3106502676010132,2.1376539993286134,-10.959776504982347,-7.065167305471642,1.803001046180725,2.0753870010375977,0.09690254926681519,0.2228209376335144,0.06345107406377792,0.49320727586746216,-47.05826851333867,-25.578141488801677,-257.60216915091837,-169.65408524670625,-21.046380983937212,7.4496096343310985,3.606609344482422,3.634446859359741,0.00724836066365242,0.02570175752043724,0.5022062063217163,0.6494115591049194,23.1078823396088,37.93614448053103,-21.588979749339487,30.584856273075907,-6.999642323757286,13.260840935168815
pi_1,downstream,3.6,3.6500000000000004,2,-0.5344957447052002,-0.4675902748107911,-62.198468808749965,-49.64562271811496,-309.098079869906,-195.44408725073066,117.75235200799311,121.22827625774761,463.0283046660559,504.0104778748862,11.80207484024457,14.106305892543762,-0.926485357284546,1.0819460582733156,-6.241694706301525,-4.173933854996198,2.013185739517212,2.354681968688965,0.22624361515045166,0.2476969063282013,-0.2551007568836212,-0.10072477906942368,-23.862580676854773,-17.004478231251472,-33.06323480964464,55.256991951495614,5.630842956478008,15.420279032516838,3.626556158065796,3.628164768218994,0.05064977705478668,0.05754118412733078,0.5651803016662598,0.6292998194694519,27.657717232564412,34.78609197117241,-10.546667559693232,11.584187808770155,3.9025876044719165,6.512894406193117
pi_1,downstream,3.6500000000000004,3.7,4,-0.464884672164917,0.49599903583526617,-66.29724483910711,-64.4134308546934,-124.44738539470964,-107.6505363764901,119.5208928897845,130.0528123635124,293.1839849905864,488.00849212132687,-4.196063854832983,3.0376246928432633,-0.42980072498321537,1.340372066497803,-8.818361771514258,-0.3537631823395212,1.9153075218200684,2.0578975677490234,0.12722797691822052,0.2604004442691803,-0.4077758491039276,-0.052458759397268295,-30.888178143927004,-7.1221682310865715,-171.56906538430272,-57.58208738271092,-5.703261317813538,8.428712982984194,3.6843063831329346,3.698895215988159,0.038370952010154724,0.07134024053812027,0.49926695227622986,0.7375033497810364,32.86455143687814,38.500055143691036,-25.991391839249545,20.728616678086123,-0.6582800049234074,7.904775284907272
pi_1,downstream,3.7,3.75,34,-0.5491417407989503,1.295636329650879,-70.14777081389097,-59.9196923053911,-192.86421551819012,-35.336079293709346,82.56663249867242,137.63844777648524,58.15115825378887,543.9529870090139,-22.613552368003763,16.852171722823957,-0.9846411609649659,1.84966609954834,-9.46485854746416,-0.5144378973344139,1.7853004932403564,2.2350409030914307,0.09216131269931793,0.2555798292160034,-1.4845377206802368,-0.05974258482456207,-33.565701091031215,-3.7987787540845495,-196.8540022199614,34.978645249158824,-14.153202955624955,15.145512475038272,3.7053425312042236,3.748676300048828,0.01758354902267456,0.0780688151717186,0.48070982098579407,0.7280536890029907,21.515533017647048,40.343868125230564,-17.198791990496456,73.33189572192418,-9.885950180125114,8.02314077250988
pi_1,downstream,3.75,3.8000000000000003,58,-0.5444877624511719,0.9657328510284425,-70.70325643870976,-62.9676847130768,-148.51328372768276,-5.676014412553887,76.36333175106178,139.82938121692857,-718.3474967472757,494.5208316081239,-23.22186247393594,18.919685702723392,-0.990647840499878,2.189633293151856,-10.791494789160721,-4.316115909337795,1.750664234161377,2.529008388519287,-0.008509614504873753,0.2609361708164215,-1.7919515371322632,-0.06313902884721756,-41.2346443213107,0.6094841932624186,-225.91571947793528,182.92327133220843,-29.064135144940078,15.042236599693094,3.750316858291626,3.7994794845581055,0.01844339817762375,0.08201031386852264,0.4524054527282715,0.7123810648918152,16.81909665189357,41.036736175014994,-24.67807965054491,82.68433714863924,-24.38839050679447,7.398437186320101
pi_1,downstream,3.8000000000000003,3.85,57,-0.5353304433822632,0.9581153869628907,-71.43875169910424,-65.6352560745603,-104.82740062647039,25.028898656884273,61.7321034922215,142.0135254493369,-1015.4713260964223,384.431705962075,-24.26263452712181,19.752511825930043,-0.9952223110198976,2.026211662292481,-11.647527977380003,-0.8895772477634586,1.716083288192749,2.4455320835113525,-0.06193408742547035,0.22655178606510162,-2.6342482566833496,-0.25356754660606384,-44.30314778707395,5.585486231520893,-226.96364808153365,298.22775184356067,-26.72989579797342,15.090088905018204,3.8003647327423096,3.8497302532196045,0.018611779436469078,0.09004243463277817,0.45527347922325134,0.7004790902137756,9.505009069752926,40.06741280347971,-6.227344294149555,69.89878309788732,-24.685235428176508,8.3762834008916
pi_1,downstream,3.85,3.9000000000000004,53,-0.5297679996490479,1.1695220947265625,-71.51229234589778,-67.90643057737294,-91.10378839510891,21.127006244447333,43.4857619736256,142.50359152228532,-1129.063710409284,260.07565385694676,-24.81267442538568,10.31975113465175,-1.1305381584167482,1.8225001907348635,-12.131874469856113,-0.9947885751294853,1.7093771696090698,2.367987632751465,-0.12236514687538147,0.18367180228233337,-3.18585205078125,-0.4477558434009552,-37.203282258061584,12.204617433538372,-173.76031301344787,403.1497847409816,-23.626203197606266,7.262208880299813,3.8501386642456055,3.899686574935913,0.020204540342092514,0.09205017238855362,0.31219395995140076,0.7759771943092346,6.175327707864853,39.40913283165222,-41.09524016035074,63.12921185675843,-24.948786204961497,8.489805620594888
pi_1,downstream,3.9000000000000004,3.95,60,-0.48720891475677497,2.2805934524536133,-71.89157958069775,-65.46164632623692,-203.33959468596865,120.83835441840992,39.910301377096495,142.55059688415335,-1028.7505252392477,276.48906288535096,-26.091815049413608,19.89080412604198,-1.3831100273132326,1.5909218597412111,-13.49297139252044,-0.6039366282360557,1.8094056844711304,2.484757423400879,-0.236382395029068,0.3950769007205963,-3.3934412002563477,-0.37057968974113464,-63.30990451125112,14.232070296197447,-118.99984507876091,372.38797875707814,-28.7105635723652,111.47796948169014,3.9000930786132812,3.946995735168457,0.024075713008642197,0.09288391470909119,0.26399141550064087,0.7570019960403442,17.016811845345224,39.57458733410661,0.9145882632392123,148.5713813167629,-26.65743773596664,8.296154646928235
pi_1,downstream,3.95,4.0,56,-0.4617652750015259,1.0938626194000245,-72.97456071511664,-70.64292537777104,-691.3222413714763,47.87402191157539,32.570344453474426,142.56978971572107,-1282.5409024181654,66.33418250213853,-24.707553299403628,-1.042413714936297,-1.148878231048584,1.7868473052978517,-15.418675832364045,-0.20727929186817232,1.2654163837432861,2.7002322673797607,-0.3757026195526123,0.18890956044197083,-3.351527690887451,-1.4926859140396118,-99.9144045753452,14.028281357026362,-95.93957598785627,533.1716153664188,-29.961683473582283,56.599564670604586,3.9503090381622314,3.9983644485473633,0.026262745261192322,0.0987875685095787,0.2705206573009491,0.7179949283599854,14.913946864060037,38.45441581965701,-2.1535513882290274,75.1280852094758,-27.37135895307348,8.816867849134242
pi_1,downstream,4.0,4.05,36,-0.5332203149795532,0.8803707504272462,-76.31771974778444,-70.43623702329728,-729.0377263455862,49.44013306184054,75.34837930077623,143.0573969205683,-1293.8285276820418,149.3600769206026,-18.925068037538608,-0.4244424508746623,-1.1301237297058107,1.7060335731506349,-16.390640230857144,0.1185662754715581,1.4794774055480957,2.683905601501465,-0.05635896697640419,0.19836169481277466,-3.3818235397338867,-0.38196027278900146,-133.09842103517775,12.267832541854132,-69.40817743999447,471.39599673899517,-24.141745876158826,100.99698955879222,4.000977516174316,4.048791885375977,0.028663016855716705,0.10059692710638046,0.26461344957351685,0.6596677303314209,11.130577870516683,37.33140294651268,11.874037131483401,154.22401855310878,-26.83122881607986,8.92784420842697
pi_1,downstream,4.05,4.1000000000000005,48,-0.6392038822174073,1.23824369430542,-73.7134300889611,-70.46494430837885,-734.7323009434359,40.87874706932343,20.09506882124325,143.10847307518165,-826.6167048285964,63.73732408913218,-13.12437759244278,-1.2400482666292483,-0.9946880531311036,1.8445307350158693,-16.606918577058266,0.6899091873030397,1.2649741172790527,2.2218716144561768,-0.012356854043900967,0.2143840342760086,-3.3189432621002197,-1.5479931831359863,-91.59159367544204,16.0774490986042,-99.8282144182088,536.2654724943811,-32.197183898359945,84.36219360882039,4.050549030303955,4.099969387054443,0.02869497984647751,0.10367529094219208,0.2712796926498413,0.6008785367012024,12.559660058105743,36.531065285232685,2.3831067891571625,104.31366794804788,-29.372021160986804,7.975863977349478
pi_1,downstream,4.1000000000000005,4.15,30,-1.0855023479461672,1.1406381225585938,-78.75576260220966,-70.86342437474656,-635.804551344645,35.52530285447538,13.677110595944741,142.91584808020895,-351.3209979226042,102.33325459820269,-13.206313773464096,-1.9432627005800636,-0.43588918209075933,1.9972373008728028,-19.80293283739934,1.0529646207518186,1.1429275274276733,2.1404895782470703,-0.16930332779884338,0.28146326541900635,-3.3732597827911377,-0.265071302652359,-194.34890739845414,16.580721342312835,-116.88549171929176,489.99951958514225,-29.71831017307639,182.94559239041604,4.100826740264893,4.147127151489258,0.029815396293997765,0.10673485696315765,0.265965074300766,0.5147150754928589,7.338950324493137,36.6412328214504,-4.8795225746634285,186.34117995515285,-29.175568200478146,3.444154915601586
pi_1,downstream,4.15,4.2,6,-1.1469749832153322,0.6171045112609864,-74.3314597560097,-71.42228411301535,-759.0894658633752,31.74337929971513,65.51981221720875,143.6311464712277,-172.55214817192098,104.26979081281972,-11.359795037328658,-2.546805770017765,-0.22997645854949952,1.6590893745422366,-13.443189505998152,1.454745528331203,1.228259563446045,2.123218297958374,0.03878328204154968,0.1829095333814621,-3.1274936199188232,-1.7651050090789795,-86.37885477259084,18.972050825457046,-120.1020736862609,521.616410611618,-19.220360645185565,38.79897495762206,4.153902530670166,4.189216613769531,0.04620524123311043,0.0823393315076828,0.26967379450798035,0.4728923439979553,20.810413316038904,32.18746795426561,25.493744256322415,60.993172646674495,-18.78535472743606,8.176106462604206
pi_1,downstream,4.2,4.25,1,-0.7160939598083497,-0.7160939598083497,-74.48948301264713,-74.48948301264713,-746.9499247647013,-746.9499247647013,123.84268142673173,123.84268142673173,40.877551786218675,40.877551786218675,-9.73307768657291,-9.73307768657291,0.02840217083692551,0.02840217083692551,-11.457367846131685,-11.457367846131685,1.4973045587539673,1.4973045587539673,0.04282791167497635,0.04282791167497635,-1.5966461896896362,-1.5966461896896362,-98.77344879525124,-98.77344879525124,471.3116848838805,471.3116848838805,72.71741092305483,72.71741092305483,4.225854873657227,4.225854873657227,0.07136580348014832,0.07136580348014832,0.283475786447525,0.283475786447525,28.973727345991204,28.973727345991204,59.0448748463067,59.0448748463067,-7.361322213864468,-7.361322213864468
pi_1,downstream,4.25,4.3,2,0.36611311912536626,0.6124455261230469,-71.29004482049473,-70.78890701090172,19.753547409911565,22.104882720370767,57.85011766612056,62.718307676290465,-354.8256226272511,98.08781391579785,-9.397206869742044,-8.83920186208219,1.4153337287902834,1.6593118095397952,2.2972140169958966,2.7003131212026967,1.870531678199768,1.9504222869873047,0.17226547002792358,0.1844339817762375,-2.9974467754364014,-2.4931278228759766,19.39005328001995,20.149438834583844,-120.26508298099242,79.45218235036249,-18.82683075841882,-15.25972348324464,4.251632213592529,4.290464878082275,0.08957020193338394,0.09299539774656296,0.3192574381828308,0.3761100769042969,3.896194327121856,12.72860478722601,69.1878491977482,112.97720283469711,-19.759505332856513,-19.50094258444329
pi_1,downstream,4.45,4.5,1,1.2887841033935548,1.2887841033935548,-70.30233116461919,-70.30233116461919,-3.6709649972592775,-3.6709649972592775,69.03684054538839,69.03684054538839,-129.80689823263526,-129.80689823263526,2.4990206417991994,2.4990206417991994,1.5989867973327638,1.5989867973327638,-19.40923864345278,-19.40923864345278,1.5782785415649414,1.5782785415649414,0.8112720251083374,0.8112720251083374,-0.08747728168964386,-0.08747728168964386,-50.00846968758271,-50.00846968758271,-11.526644318786444,-11.526644318786444,10.852946048681297,10.852946048681297,4.4960527420043945,4.4960527420043945,0.39398491382598877,0.39398491382598877,0.6834683418273926,0.6834683418273926,39.352558374757,39.352558374757,-22.64083058906874,-22.64083058906874,17.66345702022901,17.66345702022901
pi_1,downstream,4.55,4.6000000000000005,1,1.2289286613464356,1.2289286613464356,-70.6439157552007,-70.6439157552007,8.979051206489741,8.979051206489741,53.92428885573731,53.92428885573731,-270.10034982253114,-270.10034982253114,5.509177249647597,5.509177249647597,1.5260464096069337,1.5260464096069337,-22.609444944893504,-22.609444944893504,1.551099181175232,1.551099181175232,0.7868802547454834,0.7868802547454834,-0.7022601962089539,-0.7022601962089539,-56.10493261619602,-56.10493261619602,48.17029161210845,48.17029161210845,13.379507300976238,13.379507300976238,4.589920997619629,4.589920997619629,0.4410723149776459,0.4410723149776459,0.6573185920715332,0.6573185920715332,39.440479984848,39.440479984848,-6.280700451285226,-6.280700451285226,17.33070050150473,17.33070050150473
pi_1,upstream,2.7,2.75,19,1.8392993736267091,1.930121078491211,-72.49375637868276,-72.23536349219201,-34.114988319178224,38.15492568493029,143.02715284292347,143.0706748083148,-149.0613790878196,-135.20927733779186,0.05893129230657205,0.1648900377768958,-0.16913766622543336,0.12031069755554201,-1.907044226186033,-1.5142584898720193,1.8408244848251343,1.911178469657898,-0.1924247443675995,-0.029662515968084335,-0.02838805876672268,0.0923401340842247,-45.16944458516876,-9.543307647976482,-17.19262091458135,22.518599231229487,-99.97644318357642,-7.173628156953917,2.73907208442688,2.7404909133911133,-0.008039859123528004,-0.006295459810644388,0.11847236007452011,0.11887061595916748,-14.84366080240602,1.9618158119523101,-102.67110990549736,174.06549952594239,-3.2132765271805184,-2.3564078007759237
pi_1,upstream,2.75,2.8000000000000003,36,0.5801641464233399,1.9419445800781252,-71.90987082729505,-55.73052555155801,3.603483582033198,696.5768971452637,128.98007651284854,138.64726671689613,-587.8886979394978,-286.2629543046125,-0.045387921789583285,0.2392499790247844,-0.5476551914215089,1.1784787750244141,-2.6518192981201802,-1.3763347476883607,0.487316370010376,1.9715099334716797,-0.0889769196510315,0.1448851078748703,-0.1122095137834549,0.10198458284139633,-23.651073623921572,24.222130372500708,-25.27797516534713,67.73165286670148,-22.63430092822221,109.39845691717723,2.7712652683258057,2.799799919128418,-0.011187468655407429,-0.005290944594889879,0.11794061213731766,0.11896328628063202,-0.786160429718874,21.076666042717047,-81.66714439630593,269.7971987064093,-4.528532832323208,-1.322782816636225
pi_1,upstream,2.8000000000000003,2.85,92,-1.375038013458252,1.2000830078125002,-63.10357132661421,-35.79129091132319,-372.90849381334647,754.7955718189983,54.63924232220298,130.25334671754396,-1246.0238697565824,-481.7138444237565,-0.757242675238696,25.919376749080534,-0.4855278682708741,1.8194909095764162,-3.895070180361127,-0.598897485461858,0.32795023918151855,1.218859314918518,-0.0774996280670166,0.1088356226682663,0.010901166126132011,2.2559878826141357,-26.48908381840628,-1.245226728623834,-30.74932381319523,786.03707564869,-39.34696786492135,42.66275149939574,2.8017709255218506,2.8493001461029053,-0.014063429087400436,-0.0001435197191312909,0.11789105832576752,0.18661904335021973,-16.191269078480584,10.93561695084784,-186.6943963578909,137.03043799694905,-4.924117857972514,1.7810467854158896
pi_1,upstream,2.85,2.9000000000000004,71,-1.536834239959717,1.382910022735596,-63.70764691718847,-32.96150938724105,-556.8339588024709,547.19066060014,24.974627681286645,119.57927734680977,-1662.6117511612406,966.4268522328223,-0.08336113266527445,41.342624674228446,-1.0267331790924072,1.381657657623291,-4.798099900450983,-0.4700728196142428,0.8546270132064819,2.2535595893859863,-0.04264527186751366,0.197701096534729,0.002019953913986683,3.566107749938965,-23.230706216358552,1.0713543381825217,-190.07796278968848,870.6193516129465,-30.60247133094537,35.785895061878875,2.8509573936462402,2.8998756408691406,-0.015515539795160294,0.002716603223234415,0.11779177188873291,0.3015761375427246,-14.469241784936969,6.410438187022325,-140.82143887311622,109.21947180997705,-7.335618440804275,2.525913207384526
pi_1,upstream,2.9000000000000004,2.95,54,-0.9110827350616456,0.5647688674926759,-62.85239795007615,-28.56133589183147,-547.0854210454085,416.35917935048946,22.306530395237054,75.04538527900529,-1907.6912875633175,1158.289816660202,3.5933528671204407,42.272556332149485,-1.416791172027588,1.9340988731384279,-6.078104385590561,-2.1542407510224577,1.159590482711792,2.4890530109405518,0.024153701961040497,0.16719509661197662,1.1620811223983765,3.548879861831665,-17.91672683453484,13.410588076794381,-395.71534239547617,773.1081286065028,-44.68887589026125,23.43082563639805,2.9022960662841797,2.948835849761963,-0.00623405072838068,0.0013548750430345535,0.12861761450767517,0.36598894000053406,-6.877886515421066,22.54607878980774,-148.82187167438394,214.68064568953292,-10.689635979176776,0.049480962067600755
pi_1,upstream,2.95,3.0,41,-0.3751473712921143,1.3167951583862305,-65.72410317528383,-41.661039370816255,-459.37409881858565,-52.70928699485125,12.445426851784573,89.87170423110865,-764.6037781086499,1414.3831150611943,18.537212319820334,36.34822513157535,-1.3246280479431154,2.2652144622802735,-6.458757415459801,-0.34098464267099143,1.8644893169403076,2.6008753776550293,0.04012612998485565,0.18119953572750092,2.285911798477173,3.4887888431549072,-15.245272510508185,7.173437765430803,-538.3732688722471,455.86226143417525,-47.898043686886325,12.07665213189089,2.9501686096191406,2.9983761310577393,-0.011934910900890827,0.00781989749521017,0.18226824700832367,0.42375054955482483,-0.40551924331807315,31.0424243059534,-121.47704540769782,226.15238553267622,-11.00609741494117,2.996636038591211
pi_1,upstream,3.0,3.0500000000000003,77,-0.5950764369964601,1.314379348754883,-66.00942066748277,-43.23913408798019,-346.81938416518886,300.0772304670167,26.967494173536068,93.48287305661857,-568.9599488058313,1331.8143242227443,17.783526323479215,35.45603630298969,-1.0648053455352784,2.423304061889649,-6.589965621897206,-0.21568752351836565,1.4066303968429565,2.522796154022217,0.020130597054958344,0.16143955290317535,0.7075154781341553,3.180210590362549,-15.56245454273253,13.013395501085213,-424.0001392957394,119.32195680001871,-39.67977907751398,14.126358604639513,3.000959873199463,3.049956798553467,-0.010553977452218533,0.012937826104462147,0.2771836817264557,0.47028017044067383,13.093181502101071,42.69503097341322,-173.00701144988716,221.43795674110163,-11.38235206051363,3.3592599741119455
pi_1,upstream,3.0500000000000003,3.1,89,-0.642870855331421,1.1268671798706056,-67.00375960685322,-30.7365752651094,-143.26982946413403,452.4621659445862,19.89820227879597,100.71807878403474,-1156.658767486403,402.5463511881893,15.420665978980486,32.49331121696426,-0.9899703216552735,2.079414749145508,-7.237920237720794,-0.13586117881763,1.0515464544296265,2.278038740158081,-0.007772692013531923,0.14527179300785065,-0.2746940851211548,2.5378007888793945,-15.896017076133859,6.958852858502866,-140.30401106235274,157.26540616786707,-39.08844861993095,15.88867120768151,3.0501773357391357,3.0993776321411133,-0.009379583410918713,0.015125998295843601,0.31878572702407837,0.5267942547798157,16.461071795979844,35.81444525260953,-103.99971830284824,97.12990037527108,-12.128368770932436,3.667445341190191
pi_1,upstream,3.1,3.1500000000000004,53,-0.4711264371871949,1.343920478820801,-67.456116205394,-26.080160392797616,-178.41969048031214,431.1551176211646,10.323222189864495,83.5564088716773,-954.2349099228361,285.55646685762304,14.25986778468161,30.193102564900645,-0.9036992549896241,1.8338577270507814,-7.703897282688368,-0.004986381441073489,1.2771333456039429,2.3530759811401367,-0.034286994487047195,0.13127043843269348,0.10344903916120529,2.205258846282959,-16.625655449315055,8.18100080480805,-169.2231276308351,187.99985041395541,-47.92608502852381,23.08293678121262,3.1004691123962402,3.1496965885162354,-0.008158889599144459,0.019258586689829826,0.35171616077423096,0.563213050365448,9.059429726416097,34.87866835518276,-113.43801520743037,77.0094403257883,-11.138582711050057,4.2416918007193685
pi_1,upstream,3.1500000000000004,3.2,62,-0.25123033285140994,1.2612064361572266,-64.50804263507642,-22.018711346254594,-121.00678688334244,440.83286729766905,7.997042466118451,72.69315692131211,-675.8009370109457,49.14766777667518,11.298734659708478,27.174155187638586,-0.969500494003296,2.0207913780212405,-8.044183353784748,-2.50943159916063,1.4896806478500366,2.2896132469177246,0.001755923847667873,0.10869403183460236,0.09732898324728012,1.8032106161117554,-11.41162137184249,10.253807831103302,-191.31671321831868,33.93864991028142,-39.56810206948968,27.287947866372846,3.1507256031036377,3.1994423866271973,-0.008074546232819557,0.018925011157989502,0.37922215461730957,0.5447465181350708,20.263202465399576,35.35302499304015,-72.43242127993604,40.544798630234,-14.328378185919869,1.5308394861368395
pi_1,upstream,3.2,3.25,71,-0.4432712936401368,1.244595775604248,-60.53185483994267,-13.316792504017181,68.32384392811993,502.822789940491,-1.4912069202368519,81.51349246073733,-628.2263198567324,337.27870272494823,8.928854881976603,25.04138253944954,-0.9224950790405274,1.829371910095215,-7.083216429111914,0.13612487833155995,1.4880692958831787,2.2746164798736572,-0.017821218818426132,0.1198776587843895,0.00774701964110136,1.278363585472107,-14.0820947099496,9.896903126213456,-327.68786037544305,-49.222390046195116,-58.816650905379895,24.45816292719613,3.200338125228882,3.2491400241851807,-0.0057922848500311375,0.02500849775969982,0.40412673354148865,0.6291006207466125,19.967626029067276,34.08163650546105,-131.52653495996935,39.86215195854248,-14.969781571729671,5.296561774390143
pi_1,upstream,3.25,3.3000000000000003,63,-0.34842666625976565,0.6754193305969239,-55.15942269920198,-14.695500338930104,-203.27610124744422,443.8030433601408,5.293520830825412,74.81737307394275,-576.4121769639355,412.44608201271916,9.862358139566247,21.526976955467866,-0.951191463470459,2.0719511604309084,-8.478567190664872,-2.568244330645513,1.6453816890716553,2.0320322513580322,-0.009602515958249569,0.13837546110153198,-0.07356869429349899,0.6930974125862122,-12.779299305019489,10.721874718508753,-263.99754847836806,131.87222449424203,-48.78920237355998,18.011435945113526,3.2518365383148193,3.2998147010803223,-0.008966176770627499,0.0264965258538723,0.4239198565483093,0.6395849585533142,20.429560260371698,35.407294261090485,-124.74519530290054,120.51646126320557,-12.66693473199006,2.183136916209
pi_1,upstream,3.3000000000000003,3.35,67,-0.5297576189041138,1.196659164428711,-43.010623279108245,-10.599920837104529,-310.12684296269333,412.63831085671995,2.00388038572948,45.96439664228821,-578.0812019895199,383.39573018952416,3.162024661106447,16.555324812566667,-1.003522300720215,2.0749328041076662,-8.536462884322772,0.1738570051801891,1.7296065092086792,2.254507064819336,0.017817310988903046,0.15643544495105743,-0.3141002953052521,1.1427990198135376,-10.202415780240834,11.727290517165677,-286.7662572841724,145.72550103680706,-64.22300518063345,19.378815911287983,3.3006298542022705,3.3497838973999023,-0.008758843876421452,0.03217891976237297,0.430136501789093,0.5823240280151367,16.708056559009382,34.90939737625865,-122.73854036626416,50.35056654235197,-17.137507842066853,6.1374988232692
pi_1,upstream,3.35,3.4000000000000004,61,-0.6113887596130372,1.0875830364227297,-39.94444549275739,-11.998151913986288,-311.72598149269004,339.3613093651552,-0.5457280592591991,67.16478814672544,-414.5646974102304,489.33425915998305,0.3695046184099789,16.342300566513064,-1.1356229209899904,1.9392785644531252,-8.578783371685777,0.1698334508702934,1.7150856256484985,2.18991756439209,0.03405745327472687,0.1835077553987503,-0.4359123408794403,1.1561000347137451,-11.803793758511697,11.367266123372428,-207.70129884842544,183.16208206634875,-60.56177106850732,17.482946642989205,3.3513245582580566,3.3982291221618652,-0.00807245820760727,0.034825023263692856,0.42471611499786377,0.6572276949882507,18.745298790296378,34.669889962822985,-152.91762193093876,162.41999967031396,-17.942403291517532,6.368159332993575
pi_1,upstream,3.4000000000000004,3.45,61,-0.4019115686416626,1.0547643280029297,-47.07844489214689,-15.46409469604247,-445.8417455443629,276.1777428629818,3.5654782750571314,67.98770299830693,-236.19815946203926,672.7890967945369,2.0569912744428356,19.24507003492215,-1.2670236587524415,2.081346836090088,-7.852847511799287,-2.835141148649129,1.8036667108535767,2.2198479175567627,0.04548260569572449,0.20055735111236572,-0.266170859336853,1.1666160821914673,-12.486571911344729,8.93636764681904,-240.64890197051633,216.4731741956894,-54.67601606069433,17.422699251867815,3.400658130645752,3.449293375015259,9.649490493757185e-06,0.040464967489242554,0.43195703625679016,0.6638856530189514,26.7875255190954,33.73842632985708,-101.8258261843841,62.46040656341995,-14.96410541177165,5.575439889462797
pi_1,upstream,3.45,3.5,63,-0.6547756004333497,1.3438868331909182,-58.9129497424879,-17.813959808282824,-462.4547327003149,132.151073797297,7.775922775702104,77.66225614627979,-34.13234724495381,816.4435478712127,-1.2472269813701078,18.57055728307176,-1.1926491928100587,2.099044570922852,-8.599161371593256,0.139054009639559,1.7768044471740723,2.3247146606445312,0.05873371288180351,0.27556419372558594,-0.8221029043197632,0.996792733669281,-12.861710659997572,10.202645445351676,-178.45572655837313,211.1397390200149,-58.81622743365135,16.778762677297355,3.4515225887298584,3.4999892711639404,-0.005570329260081053,0.044868286699056625,0.3924564719200134,0.6737324595451355,24.426807236263894,35.887156031418904,-102.79927157508348,40.49542660781856,-20.73265864496149,7.188194235386865
pi_1,upstream,3.5,3.5500000000000003,70,-0.6071468734741211,1.4011882781982423,-62.52759513428537,-19.872317569388915,-472.787880008817,25.164505232665707,15.900156170770886,95.35771217246288,106.57581294077777,934.4062697056422,-0.2184875113099139,16.613756476213542,-1.1966248512268067,2.050574169158936,-8.60092037716874,0.06104000136154093,1.7497105598449707,2.4664018154144287,0.08567681908607483,0.2978222966194153,-1.113918662071228,0.8614779114723206,-15.950170230968304,10.276885332761482,-240.66988431164663,205.30918901616855,-58.54422198014476,16.28757133068318,3.500244379043579,3.54990291595459,-0.0034357488621026278,0.046995386481285095,0.372444212436676,0.6572818160057068,17.27398212797454,37.30626443527245,-100.01046435583226,126.18710287820359,-22.90441878812825,7.456373456896527
pi_1,upstream,3.5500000000000003,3.6,60,-0.5007570552825928,1.764535312652588,-65.27029857663901,-32.248369336000025,-466.28040361670907,176.82344795052347,28.42242521203904,110.24546184596134,190.41652160646768,952.0258628207139,-5.743522343754683,16.303158348176936,-0.9219609546661378,1.9786434173583987,-8.740870656308696,-0.007677497979839896,1.7913814783096313,2.4864888191223145,0.14211204648017883,0.2892044484615326,-1.2760857343673706,1.0420658588409424,-19.763755127626148,11.299725797764756,-264.9104442420753,149.75766223218906,-44.7850517839642,16.201283843351117,3.5500831604003906,3.5998330116271973,0.003484539221972227,0.055238235741853714,0.3123915195465088,0.7112392783164978,27.090601503136376,38.2624533530338,-49.596646846671376,1163.0996905152383,-23.788466427740737,7.618097697695359
pi_1,upstream,3.6,3.6500000000000004,62,-0.45459545135498053,2.471433601379395,-67.37609370907813,-43.82126428075121,-416.5274752116386,-86.66905585004635,41.88004597145813,122.86388799791223,259.836624556753,1033.0155139230571,-11.188691730404084,18.090098933972502,-0.8567804241180421,2.170361156463623,-9.060780392962108,-2.6163595304532024,1.686869740486145,2.3997058868408203,0.14615567028522491,0.7403708696365356,-1.3088737726211548,1.093536376953125,-21.267532263978467,35.77234396656557,-384.9765364917886,75.75226204677742,-42.30172136024721,172.93459778430667,3.6001741886138916,3.6499431133270264,0.007739539723843336,0.06721188873052597,0.30452966690063477,0.7381471991539001,27.522774892679763,37.568215850320776,-333.7385337158606,29.07984116493652,-24.12145018831864,5.415315561534605
pi_1,upstream,3.6500000000000004,3.7,55,-0.3702545022964478,2.6019719696044925,-67.61480882057008,-46.99382226342502,-301.7483318701087,-35.65519939211068,56.04508308359378,122.26407444538005,325.66344694696465,961.1821412144662,-13.282568929174483,17.89428062031294,-0.6993212127685547,1.9196757125854493,-9.307033053437966,-0.2154739442446758,1.6118059158325195,2.4848439693450928,0.13265779614448547,0.7499642372131348,-1.216447353363037,1.1993573904037476,-26.738387430659035,27.41251685645554,-363.140913488878,-61.52940396822303,-33.98479125321944,187.3788905957529,3.650775909423828,3.6982009410858154,0.024636056274175644,0.07290846854448318,0.3123180866241455,0.7165879607200623,30.65149842880772,40.220603701279344,-238.37376595798509,12.751286991685975,-19.09590127447857,7.8016229749221715
pi_1,upstream,3.7,3.75,31,-0.08218732833862305,2.3661978149414065,-68.35513985489693,-52.89831248013135,-198.81938915363256,143.87238875271254,81.25766089518532,125.90124580106021,-83.80258937993207,978.971669436088,-17.570581867757614,14.479737342908376,-0.7427412986755372,2.2877773284912113,-9.585874896145677,-2.008484717299679,1.661990761756897,2.391181230545044,0.10982970893383026,0.5047904253005981,-1.8141143321990967,1.3390434980392456,-26.63151716826314,11.224570665006167,-410.4442901707718,61.217947342070445,-33.921950097760735,62.990422412823776,3.701063871383667,3.7495250701904297,0.018569130450487137,0.07493048906326294,0.29511237144470215,0.7345507144927979,18.65656097259957,41.08472849921809,-52.65903729312747,446.73417806131675,-24.314263147339545,0.5607648149986587
pi_1,upstream,3.75,3.8000000000000003,13,0.0035770999267697337,3.448678665161133,-68.57598719152013,-56.75466802137182,-155.7401839450682,-22.128551033392153,94.31545262587562,123.60576948518067,284.7703940464246,602.0911747335689,-17.104195925534135,12.664522676667351,-0.6609300136566163,2.2294898796081544,-8.87216162788981,-1.5944559157846239,1.7383453845977783,2.262526035308838,0.19054807722568512,1.0715982913970947,-0.4059978127479553,0.5199275612831116,-27.155664177622626,83.33722127102243,-317.47689149081407,-85.27564261785038,-29.60363471200646,186.3987311290994,3.7521021366119385,3.7980995178222656,0.029168950393795967,0.08797039836645126,0.2827754616737366,0.7736794948577881,20.384740559038075,40.38123950527429,-288.4895413325233,59.57161903509808,-24.536607557173262,3.9107918788297305
pi_1,upstream,3.8000000000000003,3.85,4,0.7263716983795167,3.3263471603393557,-69.52519224085513,-65.11573822591079,-211.3247551842522,12.345523382342089,106.21825936791676,127.6287235855615,104.61230430912835,449.77508756283316,-20.780168308007518,8.128915045480051,1.1142872524261476,1.5236099052429202,-6.747776778225193,-1.3267572513525703,1.7454005479812622,2.156527042388916,0.210014209151268,1.0521907806396484,-0.43107908964157104,0.07801485061645508,-45.68766811297055,85.25056899340727,-255.8374395146838,-6.453413310393222,-17.622596690759288,191.33068778536054,3.81020188331604,3.8344919681549072,0.06427561491727829,0.08331705629825592,0.2751066982746124,0.7798922657966614,-7.71527325719333,39.66701345395522,-422.0442736457712,10.102115306052843,-16.800196396637883,6.915490523769185
pi_1,upstream,3.85,3.9000000000000004,4,1.409717311859131,3.0750741195678715,-68.25696954595634,-65.37897371652308,-69.85397705693204,154.0332103884553,109.40330635148794,125.43414282410139,-330.2181995761227,224.62661689474373,-0.29842514706341355,4.207871016560993,0.9187310409545899,1.5051293754577637,-8.504077233980391,-4.270717170661471,1.400339126586914,2.424527168273926,0.2913092374801636,0.6544348001480103,-0.6310760378837585,-0.005782974883913994,-47.735102694046496,29.371094091524206,-240.71887042837395,7.46322305512058,0.06647607674729865,91.22519500760589,3.850954055786133,3.896660327911377,0.09128694981336594,0.10946094989776611,0.2774693965911865,0.29007554054260254,2.207796110287034,23.392767822342737,-154.30516120044854,260.62430929259557,-0.6289862253516711,6.144370239268979
pi_1,upstream,3.9000000000000004,3.95,3,0.8507415676116944,1.9365660858154299,-70.26753818098715,-68.07091519296519,-256.7998404894953,51.65448722094784,108.51832557091856,135.38949870923182,-109.3040090613343,232.6352869041505,-0.4135204532283256,1.0945196286843317,0.774342555999756,1.3970927238464357,-9.182441413907885,-4.773011092188483,1.6053574085235596,1.9968551397323608,0.23070785403251648,0.3349166214466095,-2.041701316833496,0.15363919734954834,-54.43711994918937,-15.989501875303823,-161.35843800913224,45.143438639903934,7.523496913225004,87.00486210059003,3.901369571685791,3.9335711002349854,0.08053440600633621,0.11793575435876846,0.2770524024963379,0.2786545157432556,10.106451622402155,27.68116697953236,-117.05441595784453,321.4994631006014,-5.3186688695613,2.9470962754644745
pi_1,upstream,3.95,4.0,2,1.4295758438110353,1.6038735580444337,-69.2005601797936,-55.63363248799221,197.32012164967972,387.31150496144915,96.78770106766427,115.82271428443778,-835.2894058291118,-477.40301151023795,0.09070906740868094,0.2261415303298601,0.49741725921630864,1.3887172317504883,-9.849034794129137,-6.522682753309713,1.3821735382080078,1.512095332145691,0.41127529740333557,0.47727906703948975,0.029381580650806427,0.10116622596979141,-38.2047143488851,-26.439416390309237,6.337009384576456,15.188035525263478,93.85929844215632,106.63024954846276,3.950411558151245,3.9932472705841064,0.10683092474937439,0.13272970914840698,0.27681952714920044,0.27826178073883057,16.576792275992783,18.367741300903706,-72.99706618843183,60.8452580700087,6.699309234156138,9.02536778512488
pi_1,upstream,4.0,4.05,1,1.2905829429626465,1.2905829429626465,-52.14130212385133,-52.14130212385133,560.3871871332516,560.3871871332516,84.0941974763566,84.0941974763566,-1225.8453052878303,-1225.8453052878303,0.1133126168757304,0.1133126168757304,0.22375193357467654,0.22375193357467654,-7.868113231103163,-7.868113231103163,1.2165688276290894,1.2165688276290894,0.38248148560523987,0.38248148560523987,-0.03400808200240135,-0.03400808200240135,-28.685411400746627,-28.685411400746627,54.853153601724024,54.853153601724024,61.72853130328558,61.72853130328558,4.042769432067871,4.042769432067871,0.148385688662529,0.148385688662529,0.2776244580745697,0.2776244580745697,7.671895579548225,7.671895579548225,94.68320367116745,94.68320367116745,9.922917298612806,9.922917298612806
pi_1,upstream,4.05,4.1000000000000005,1,0.931955909729004,0.931955909729004,-30.925832976821283,-30.925832976821283,193.73416305239633,193.73416305239633,23.758232461809904,23.758232461809904,-1165.9000680749434,-1165.9000680749434,6.205218567566023,6.205218567566023,0.6276021480560303,0.6276021480560303,-8.99871935018553,-8.99871935018553,1.1623026132583618,1.1623026132583618,0.6572221517562866,0.6572221517562866,1.9670473337173462,1.9670473337173462,-34.27905970832568,-34.27905970832568,266.3235830605943,266.3235830605943,54.64155092614244,54.64155092614244,4.092784881591797,4.092784881591797,0.16788506507873535,0.16788506507873535,0.30650320649147034,0.30650320649147034,8.574889276506223,8.574889276506223,71.88314429707279,71.88314429707279,11.071500489485167,11.071500489485167
pi_1,upstream,4.15,4.2,1,1.424278259277344,1.424278259277344,-38.43951917707721,-38.43951917707721,-230.94713734889015,-230.94713734889015,24.11438755343834,24.11438755343834,653.5819491503007,653.5819491503007,9.285758325532157,9.285758325532157,1.122921829223633,1.122921829223633,-10.886253312237494,-10.886253312237494,1.7067208290100098,1.7067208290100098,0.9147448539733887,0.9147448539733887,2.131636142730713,2.131636142730713,-37.983750899046015,-37.983750899046015,-139.0359591221832,-139.0359591221832,33.30742773285093,33.30742773285093,4.183473110198975,4.183473110198975,0.21688856184482574,0.21688856184482574,0.4376510679721832,0.4376510679721832,6.906652283997397,6.906652283997397,13.95731739909722,13.95731739909722,13.217989780916778,13.217989780916778
pi_1,upstream,4.2,4.25,1,1.6276722335815432,1.6276722335815432,-52.9761766366695,-52.9761766366695,-257.15763311897723,-257.15763311897723,57.16898729642479,57.16898729642479,1113.251002858004,1113.251002858004,5.184348889502166,5.184348889502166,1.984445552825928,1.984445552825928,-12.152900520168838,-12.152900520168838,1.6260827779769897,1.6260827779769897,1.0941821336746216,1.0941821336746216,2.6178319454193115,2.6178319454193115,-38.11529351227129,-38.11529351227129,-326.99639934462766,-326.99639934462766,17.727901132287958,17.727901132287958,4.248270034790039,4.248270034790039,0.2566573917865753,0.2566573917865753,0.5334617495536804,0.5334617495536804,18.838587221527703,18.838587221527703,-147.1983220482936,-147.1983220482936,15.203882393433865,15.203882393433865
pi_1,upstream,4.25,4.3,1,1.236117343902588,1.236117343902588,-57.45699246806213,-57.45699246806213,-182.05751753415262,-182.05751753415262,68.97353152197154,68.97353152197154,131.65700523349494,131.65700523349494,2.5786046298517444,2.5786046298517444,1.5627961158752444,1.5627961158752444,-12.876409162772836,-12.876409162772836,1.50033700466156,1.50033700466156,0.8747057318687439,0.8747057318687439,1.6025118827819824,1.6025118827819824,-41.48089313145717,-41.48089313145717,18.11390927323123,18.11390927323123,21.955395492648574,21.955395492648574,4.278914928436279,4.278914928436279,0.2763424217700958,0.2763424217700958,0.5762856602668762,0.5762856602668762,25.201881735351307,25.201881735351307,-146.7805193767639,-146.7805193767639,16.14089514238911,16.14089514238911
pi_1,upstream,4.3,4.3500000000000005,1,1.2440952301025392,1.2440952301025392,-64.4726964061216,-64.4726964061216,-88.78951539863348,-88.78951539863348,83.68059537116648,83.68059537116648,-73.28272519008927,-73.28272519008927,-0.8823441142879929,-0.8823441142879929,1.5612990188598634,1.5612990188598634,-14.583545082317302,-14.583545082317302,1.564618706703186,1.564618706703186,0.8146969079971313,0.8146969079971313,0.9331808686256409,0.9331808686256409,-45.94073686700328,-45.94073686700328,19.318117727681376,19.318117727681376,14.439197490325375,14.439197490325375,4.338543891906738,4.338543891906738,0.31402912735939026,0.31402912735939026,0.64457768201828,0.64457768201828,31.61722912083958,31.61722912083958,-99.17046037094741,-99.17046037094741,17.557245842468618,17.557245842468618
pi_2,downstream,3.1,3.1500000000000004,1,-0.31224773406982426,-0.31224773406982426,-51.66956827863523,-51.66956827863523,379.23767494736046,379.23767494736046,84.7343228053702,84.7343228053702,-831.6195178673073,-831.6195178673073,24.001591884599268,24.001591884599268,-0.6990889644622803,-0.6990889644622803,1.8918155517469613,1.8918155517469613,0.7706649303436279,0.7706649303436279,0.07920057326555252,0.07920057326555252,-0.07164245843887329,-0.07164245843887329,6.59988458271003,6.59988458271003,93.26471681452837,93.26471681452837,22.537955987337302,22.537955987337302,3.109630584716797,3.109630584716797,0.01641666889190674,0.01641666889190674,0.5168592929840088,0.5168592929840088,16.731127230478393,16.731127230478393,69.32980784945775,69.32980784945775,5.362589856038322,5.362589856038322
pi_2,downstream,3.45,3.5,2,-0.41383941173553473,-0.4076585626602173,-63.65249996982979,-61.171037602850795,-190.25795193469668,-137.25116239016717,135.6991794862002,138.50895538620335,114.27111387106433,177.5431040022327,22.507550240108976,25.031146826184667,-0.7777961730957031,-0.7663561916351319,5.739632707540644,6.497629447955553,1.559049367904663,1.6308386325836182,0.1028561145067215,0.10750371217727661,-0.4777110815048218,-0.15483404695987701,27.097341192299886,29.475589155636232,148.3061650712913,157.67442521612412,7.956649581140641,8.824565134068747,3.460625648498535,3.4925625324249268,0.03617895394563675,0.03835475072264671,0.6562913060188293,0.6633791923522949,-33.276264994762755,-32.850143152823996,17.69933557363167,53.798920733521726,9.024805310904163,9.502724218958098
pi_2,downstream,3.5,3.5500000000000003,2,-0.19540824413299562,-0.023225241601467134,-64.046540413237,-61.98892543520314,-223.16178720458612,-183.8410711717397,127.50818440708912,128.50735912039195,329.1316257622004,347.8809048452356,-0.7469481852446869,-0.571175035850082,-1.2590150642395022,-0.836114263534546,-0.6772021144437721,0.3144192450611409,1.4022977352142334,1.7182613611221313,0.05773933231830597,0.09450658410787582,-0.4358583986759186,-0.11612415313720703,-4.84758332944398,-3.574714398362281,-7.257341516742533,20.95250515643726,-0.7935558704035582,11.407356772479464,3.5444462299346924,3.5450780391693115,0.027948008850216866,0.03891533613204956,0.6094865798950195,0.663402259349823,8.263187617317167,14.343166738142289,94.79921443422012,123.4672805695695,1.0335939247431984,9.83600084216345
pi_2,downstream,3.5500000000000003,3.6,24,-0.5392323350906373,1.0662336826324463,-71.97356234130541,-57.402630992458,-226.60392933870577,170.19998128593033,128.74715340177275,141.1691638037616,-151.35057162966274,315.50952380228364,-30.05286942957007,27.504333922372286,-1.2805978012084962,1.9995762062072755,-3.8151745143643687,8.659983740838454,1.3472768068313599,2.3883769512176514,0.018351107835769653,0.14266906678676605,-1.4645919799804688,-0.08960752934217453,-20.307820676152684,35.49284921063406,-108.64501874983313,122.08827903652227,-7.2460418225343926,20.909135162754975,3.5521488189697266,3.599991798400879,0.011312272399663925,0.0556916780769825,0.5740594863891602,0.7846376299858093,-33.829858657181454,33.61290452838517,-190.28610597445547,131.43790642529927,-2.4732888817410945,18.826010054700596
pi_2,downstream,3.6,3.6500000000000004,27,-0.5913957118988038,0.838506841659546,-72.09349363294167,-44.51952817997995,-275.4378421305726,277.338956984154,124.50612502157175,141.37689717717836,-594.1856405806293,327.3850097876447,-30.82375326033002,24.191846863169747,-1.2839611625671388,-0.556592378616333,-4.255856949161853,10.526362874298483,1.0724557638168335,2.74267315864563,0.007121853064745665,0.1606224924325943,-2.113909959793091,-0.06600697338581085,-21.952977605682392,42.77441143194711,-23.387645180465228,139.47630141797393,-4.494615801723823,21.76424240344201,3.60044264793396,3.6495893001556396,0.011519765481352806,0.06210193410515785,0.5167105197906494,0.7549260854721069,-39.33082812791261,30.37288135218456,-212.19462075618836,138.08596177090448,-3.0703340061593156,20.133131253531563
pi_2,downstream,3.6500000000000004,3.7,50,-0.664119873046875,0.742954387664795,-71.92680286624751,-32.64422319463187,-203.34057823320913,161.8495832519695,107.33092450446853,142.01437239279397,-1156.917331127623,468.2939433840288,-27.13888634914326,22.599376596203157,-1.3753126525878907,2.088568096160889,-6.873505071642938,12.73819664707076,1.103808879852295,3.094174385070801,-0.011214816942811012,0.1968638002872467,-2.514310359954834,-0.058940887451171875,-24.577971275427323,40.30934493407073,-204.04162884961923,344.05007030582885,-8.004666664779478,24.199611238807176,3.6508965492248535,3.6990561485290527,0.014208146370947361,0.06956042349338531,0.43327033519744873,0.7758741974830627,-42.65078159287529,38.385926097754705,-224.05819489163693,111.21963123671276,-4.971789496705563,21.936775449879637
pi_2,downstream,3.7,3.75,59,-0.5978623485565187,0.5970383644104005,-71.56052714181641,-59.822935845608704,-195.34854656462053,31.685073389865316,80.23190991582199,142.6606858731956,-1353.0494369938272,378.3128126922274,-18.446161625626107,25.57221206472408,-1.5265842056274415,2.071937007904053,-7.3814706576304365,14.927973788152935,1.1947556734085083,2.7917277812957764,-0.012535505928099155,0.20473533868789673,-2.9373421669006348,-0.06013255938887596,-30.27527111875591,32.08926690947374,-126.67048902614374,482.5143972359953,-11.957011977068008,29.57878989890054,3.7000725269317627,3.7499148845672607,0.009721973910927773,0.07717060297727585,0.3414837419986725,0.7802466154098511,-42.32452736188588,40.00872098794179,-121.3050612443969,108.53932840261635,-8.794015006942017,30.676324928580968
pi_2,downstream,3.75,3.8000000000000003,54,-0.5666220474243164,0.6620427894592286,-71.45284237936198,-30.31724946139481,-140.76032234042296,316.9810743985845,59.60574949038064,142.92184498630021,-921.0600800674373,340.75734538999245,-15.80257808226442,25.816054502420272,-1.2110869979858399,2.2589432907104494,-7.670323956291613,15.755820987188782,1.4038361310958862,2.1626219749450684,-0.022481108084321022,0.14584283530712128,-3.263396739959717,-0.19661952555179596,-35.19488220809226,30.279140420920722,-135.45265063829774,290.13905933783803,-12.077551155540393,28.02521556085695,3.7502479553222656,3.7982017993927,0.009722738526761532,0.08015505969524384,0.3521078824996948,0.7948215007781982,-41.28835692894368,37.758675675326586,-151.49303571537087,130.5859086282319,-8.956302167744694,31.82027046186939
pi_2,downstream,3.8000000000000003,3.85,63,-0.6072717094421387,1.0910087490081788,-72.349338858872,-54.54621514570741,-76.98892243752158,217.10991175087466,56.85241827367845,142.93448083626473,-578.1909221483469,323.67976876669616,-14.840093725541447,26.24799917773201,-1.188930549621582,2.0449303817749027,-9.027213268931101,17.562562421897695,1.1410590410232544,2.100101947784424,-0.028033139184117317,0.16833722591400146,-3.133183002471924,-0.23065458238124847,-36.63943648169869,30.18353484801347,-168.31318250884934,191.66185633745778,-11.313266647794306,27.367640806061264,3.8004987239837646,3.8484692573547363,0.009346422739326954,0.08753913640975952,0.3225105404853821,0.7868756651878357,-42.57284230425628,36.93184712535069,-59.08843779283304,135.84411610038785,-9.119313712477508,32.395915189241975
pi_2,downstream,3.85,3.9000000000000004,56,-0.512006311416626,0.7007162380218507,-71.78250828984181,-31.484651733955047,-61.42906848931554,285.4532490388858,84.36504862789346,142.93178974173176,-518.4937574061148,277.7353811635815,-26.11590645788029,25.616671736560505,-1.1306508445739747,2.222936191558838,-9.59515282552884,16.374278922547262,1.4128612279891968,2.1008119583129883,-0.026186786592006683,0.16678164899349213,-3.028909921646118,-0.4072527289390564,-28.404521578677144,27.634144542191407,-204.20421467262221,116.35309213386762,-11.260713464772936,27.923532827135677,3.8503527641296387,3.8998851776123047,0.008209865540266037,0.09470342844724655,0.32218658924102783,0.7711602449417114,-43.03135631833382,36.16395286262825,-3.537709714099621,138.76301110257114,-9.275633925033425,27.286671563339045
pi_2,downstream,3.9000000000000004,3.95,42,-0.5192934274673462,1.6783433532714844,-72.71911847034733,-53.82837250922282,-44.879219602051165,308.21206773077193,50.27592282000749,142.94336008218576,-946.0137663887286,535.102974297645,-25.722645442520626,25.55624772058075,-1.0751487731933596,2.0448998069763187,-10.835349873424278,17.032893550495515,1.3972223997116089,2.385361909866333,-0.08697236329317093,0.14504681527614594,-3.5354771614074707,-0.5960025191307068,-38.49713865291544,54.931086060153866,-287.99189374959616,300.1996547777,-10.791471784830243,33.58774552657743,3.9014618396759033,3.949871301651001,0.0073761953972280025,0.09791002422571182,0.30539679527282715,0.6435894966125488,-58.48540039101261,32.35608141921112,-2361.5836951201045,137.63716370092126,-5.728981882309576,34.109650829339195
pi_2,downstream,3.95,4.0,47,-0.4952990865707398,4.060930328369141,-72.73215730147288,-46.558705062349354,-54.828568335806565,551.5842754063991,47.398729537801714,144.6746764330006,-1105.7786666229836,492.0622913559995,-21.36977836420241,20.135312162095943,-1.1686802864074708,1.7803965568542481,-11.18167113439972,8.924792282937927,1.5672446489334106,2.657679319381714,-0.9283830523490906,0.1440177708864212,-3.390305280685425,-0.38400834798812866,-315.05039848627536,19.397050808824627,-459.24104673355384,328.3914245014677,-228.97696928279996,27.01152840311514,3.950124740600586,3.9989166259765625,0.016207188367843628,0.07359965145587921,0.3044050335884094,0.7205572128295898,-39.25073732970504,33.783116257596475,-623.3080372391896,833.1510648452776,-9.706957248708063,34.6781467814989
pi_2,downstream,4.0,4.05,33,-0.4744641971588135,4.54023796081543,-79.21755169199422,-40.337403351181145,-434.57764345198797,631.7579101482225,43.65079300435144,144.29131157526612,-1668.7942198318829,445.8355164118398,-14.518678967412551,17.71433389064856,-1.2231114387512207,2.048071575164795,-13.046287239007157,9.497277377844219,0.8817207217216492,2.761286973953247,-0.6795641779899597,0.14174987375736237,-3.7319905757904053,-0.3254515826702118,-136.74867903330767,64.86273435867518,-571.2980591625102,582.6286872974009,-172.78156056576339,14.409001224004749,4.000499725341797,4.049742221832275,0.004164643585681915,0.07558933645486832,0.2729528248310089,0.6491999626159668,-51.98958996200701,31.64038346212592,-675.6386517162662,149.41260107532,-9.838222375654746,19.60136402446194
pi_2,downstream,4.05,4.1000000000000005,27,-0.5698481559753419,1.2141235160827637,-78.60818953500235,-44.30555884385096,-395.51893347570325,178.10334343871384,41.748971226190996,144.4756037394514,-1015.6271636925253,510.7637317940879,-14.43543018006867,15.54078695089047,-1.0717281341552736,2.0492144584655763,-13.709671780266525,10.176313271658028,1.0183967351913452,2.0424818992614746,-0.051946911960840225,0.14395445585250854,-3.4475088119506836,-0.451948344707489,-37.52727228134114,20.021661363138538,-255.0904900270512,360.86572283483343,-11.800954107364264,27.175256575256807,4.052008628845215,4.097986698150635,0.0029172152280807495,0.08098488301038742,0.2796564996242523,0.5209736824035645,-37.26925847034932,27.071908982925343,-8.74665145865912,132.80257822146783,-9.96344677518077,36.34599964222533
pi_2,downstream,4.1000000000000005,4.15,21,-0.395827751159668,0.8340551376342774,-71.69842183096979,-55.23148802513479,15.779314756427727,184.05593526265,42.87776243937316,143.17464394786072,-73.00057690566521,225.714433803095,-9.804143069831955,12.08350558182655,0.5662835884094238,2.1940542221069337,-4.540627701497639,10.586656181091524,1.74895179271698,2.046863079071045,0.05217677727341652,0.1437920331954956,-3.2905778884887695,-2.2931041717529297,-17.841642564988888,20.157585542716376,-309.48013333131985,1.9084321206165484,-11.599985182546748,27.25134488261075,4.101182460784912,4.148050785064697,0.029828598722815514,0.08082073926925659,0.3123936951160431,0.5602703094482422,-39.99920653442796,28.795025691641577,22.282457393507343,137.0940133977435,-4.950047141717487,36.8874868496246
pi_2,downstream,4.15,4.2,7,-0.33175866127014164,5.055248947143555,-77.4391070359063,-47.819312096323586,-569.6601797995411,562.880479387873,90.96965030999903,146.88559500695538,-25.987092235167022,299.19345862993043,-10.982437687967876,7.2607275837606755,0.3414412593841553,1.4265163612365723,-14.338933489314064,8.739364408673294,1.8015984296798706,3.1420915126800537,-1.1505926847457886,0.7970624566078186,-3.286007881164551,-0.13684749603271484,-181.35393974774962,36.301488966850215,-698.8454488554352,302.2068834502267,-152.93133695079217,66.74779143751783,4.151237964630127,4.198237895965576,0.006512896623462439,0.08317197859287262,0.27508336305618286,0.45511284470558167,-60.914782565570256,23.201093931211965,-178.28045024389226,598.1636520362715,-4.8215526301305935,18.41440207142171
pi_2,downstream,4.2,4.25,2,-0.2669912910461426,-0.023325611054897312,-71.44984392631635,-70.20937912020447,36.81947343803105,38.444809158589386,143.15188575754624,143.16973987203664,-0.6559907912384768,-0.5987818204415376,-5.80520917558711,7.134192944604394,0.6972833824157716,0.7449462890625,-4.257633158470143,-0.12252600932050163,1.9415284395217896,1.9680758714675903,0.053608693182468414,0.06433004140853882,-3.1758980751037598,-3.0467991828918457,-17.974552923595457,-6.051490401796999,-59.975344686748365,-25.11207157795481,4.729812512019565,5.909073273639416,4.210094451904297,4.225117206573486,0.047361742705106735,0.04977383837103844,0.2997954785823822,0.3966182470321655,3.5627987064683704,15.39750376672943,62.547272909284175,113.37864037297544,9.758755500163497,10.731466820562323
pi_2,downstream,4.3,4.3500000000000005,1,4.628566818237305,4.628566818237305,-66.95184333897195,-66.95184333897195,516.2434559614057,516.2434559614057,144.96898928433643,144.96898928433643,214.45482597519396,214.45482597519396,3.1154214435325156,3.1154214435325156,1.5488859176635743,1.5488859176635743,-0.5549814197674614,-0.5549814197674614,3.2202179431915283,3.2202179431915283,0.10281051695346832,0.10281051695346832,-2.030778646469116,-2.030778646469116,-52.832056230087645,-52.832056230087645,-683.1661758797806,-683.1661758797806,-35.47996064367025,-35.47996064367025,4.309078693389893,4.309078693389893,0.05262811854481697,0.05262811854481697,0.2758984863758087,0.2758984863758087,-9.0363334417377,-9.0363334417377,54.401674682491596,54.401674682491596,9.880132166678196,9.880132166678196
pi_2,upstream,2.7,2.75,24,1.7360502815246583,1.930829372406006,-72.03710359115404,-71.7810329689811,-40.302996273237206,24.177807567429202,143.00898453973124,144.4471764921258,-134.88467942767616,-14.782115675342329,0.04500371660420175,0.22585452795655828,-0.5596466541290284,1.7451769256591798,-0.977869066117716,-0.49926122695668346,1.7826511859893799,1.9217802286148071,-0.04586309567093849,0.15367522835731506,-0.068763367831707,0.09700782597064972,-12.669041268795267,31.05676770321043,-23.661006426522064,25.247275172575215,-23.04992818450124,38.48420568972202,2.7386176586151123,2.7395248413085938,-0.003982468508183956,-0.0018342145485803485,0.11860492825508118,0.1193186342716217,-1.7128359933548933,14.930230035041347,-131.7726949776566,189.5742636591567,-1.6325494689102278,-1.1402691411423747
pi_2,upstream,2.75,2.8000000000000003,36,0.8078738307952882,2.005397701263428,-71.75276964619559,-56.83453342333678,-3.519433195097725,617.7480446887458,130.89881325448852,142.37391355070346,-519.0949233361026,-3.9751508870403804,-1.051964021459998,0.16807931282200106,-0.5370147943496705,1.0987710094451906,-1.2850360835778125,0.05012619856460653,0.43403857946395874,1.9547710418701172,-0.0693925991654396,0.14341136813163757,-0.10100316256284714,0.16010916233062744,-17.903462607166674,25.094528237071632,-68.45350823932345,56.88546272888298,-28.228546877353644,86.28978227562472,2.768869400024414,2.792387008666992,-0.005147738382220268,0.0010404784698039293,0.11791287362575531,0.12129632383584976,-6.529937469193576,13.223868634132803,-89.93219921658745,114.7070028835162,-2.095934386422773,0.3534811388447385
pi_2,upstream,2.8000000000000003,2.85,73,-1.2209590530395509,1.7996717643737794,-69.29730980938683,-41.10008959466145,-583.9194837675067,709.833911833665,41.489236207528336,141.54810269891388,-1070.433585139948,-174.23629523632772,-0.7306352940469407,34.52524141767337,-0.6743446731567383,1.2510037994384766,-1.751211656943368,1.080233552791142,0.34622839093208313,1.7395424842834473,-0.03708584979176521,0.12872563302516937,-0.1578470915555954,3.099280834197998,-11.717467851365551,23.43253830633243,-28.90108145397895,601.7604296532002,-13.185662263463044,63.30633915250437,2.8034162521362305,2.8495397567749023,-0.006541447248309851,0.007157887797802687,0.11725075542926788,0.22422702610492706,-15.294079334769805,14.517930788435406,-242.5525849752256,125.44248931526714,-2.215313315689106,3.7504603622057973
pi_2,upstream,2.85,2.9000000000000004,68,-1.541688289642334,2.0010094833374024,-67.95334714678175,-28.20788214001977,-670.7703660834479,680.4179263238209,23.052426326190172,122.83304286362045,-1602.5801803572447,887.8612079461599,-0.29372728152308325,40.109201719973434,-1.6439524459838868,1.9076025390625002,-2.796263099973809,1.5556731319655417,0.4213798940181732,2.168100118637085,-0.041983384639024734,0.11881010979413986,-0.08652547001838684,3.6253128051757812,-21.243129705621307,6.725614704951624,-31.804372889003343,1045.0402532021612,-33.231264293416125,80.02821318420469,2.8500654697418213,2.8946826457977295,-0.004206796642392874,0.007847781293094158,0.11784567683935165,0.2864589989185333,-20.71574347904794,4.641535732091736,-128.95118481265936,156.19958246864326,-3.497231178421079,6.14515459517377
pi_2,upstream,2.9000000000000004,2.95,30,-0.8090720558166504,0.2617628335952759,-61.01944838441153,-33.67346781575567,-558.1520213877433,651.1312226345867,22.340590841080616,71.53442898899779,-1863.5068484640185,1278.4289099717641,1.632058199609312,36.74385254301269,-1.6522638511657717,2.6698365402221684,-3.1150817176509533,2.430931028994039,0.72276771068573,2.465736150741577,0.007117788307368755,0.11456965655088425,0.7127729058265686,3.472724437713623,-10.490223730165892,3.2311117003244463,-418.84381092524336,888.3689915298154,-8.462385815592357,30.66340003343647,2.904898166656494,2.9495506286621094,-0.001959149492904544,0.007396213244646788,0.1232358068227768,0.353241890668869,-11.834723416394453,22.38109557040608,-147.180099103588,232.48062410058472,-3.8294254348818804,6.902536899568109
pi_2,upstream,2.95,3.0,61,-0.3017901182174683,0.9392314434051514,-64.08059573643868,-46.42626086415363,-479.35928697155634,-51.382966710872324,26.196859297409162,80.3046787512393,89.86528385328883,1413.65987999036,25.03957634409781,43.94300145940964,-1.284103889465332,2.2933729171752932,-1.546147409648005,1.4693033599026057,1.5843428373336792,2.42098331451416,0.030087580904364586,0.16055840253829956,2.579024076461792,3.7354001998901367,-12.33204144269413,9.173000404387777,-515.6653487500558,284.0486616172077,-22.6304538241722,37.49754046788407,2.9511139392852783,2.999664545059204,0.0010911800200119615,0.008777161128818989,0.22538502514362335,0.42023342847824097,-6.972991776971615,33.750952896794885,-132.79528357943425,243.93930462203497,-1.3179380748124514,8.628183806624728
pi_2,upstream,3.0,3.0500000000000003,85,-0.5932369422912598,1.1902771759033204,-65.02964369142278,-54.16065779724936,-243.28778653748577,261.62938528934126,39.77537782023206,108.23398479577092,-732.5334171627987,1471.4447010480153,20.235042580216138,34.55035522313551,-1.184113883972168,2.310568771362305,-3.4483005245777067,2.5560012215851318,1.0203006267547607,2.4951939582824707,-0.0028367044869810343,0.15170566737651825,0.6094034910202026,3.4647104740142822,-8.79026221650965,7.687138854228401,-510.54101298563216,166.3858533892335,-24.54365640503718,44.481036648912344,3.0007808208465576,3.0491435527801514,0.0019468641839921474,0.01451278105378151,0.2810940742492676,0.47558075189590454,5.074807074544202,42.62938944039481,-142.24870252283878,265.27930177801267,-3.891966565754831,10.239753314206734
pi_2,upstream,3.0500000000000003,3.1,68,-0.5259141063690186,1.3295437812805178,-65.3056721263505,-27.992068652814876,-172.77056396119966,527.5635382842181,37.008116432717635,100.19679874657938,-851.3018281117229,1022.1740912572793,16.446949550408533,35.84880051023564,-1.3887078857421877,2.0150716209411623,-3.661305472982351,3.018993872059616,0.96207195520401,2.4740638732910156,-0.023409739136695862,0.13072718679904938,0.4486987292766571,2.979461669921875,-12.498427412196579,8.065344357818578,-383.78603451945537,214.23625992175354,-21.968859503049963,51.90030914427118,3.050738573074341,3.099839448928833,0.001208418165333569,0.018813639879226685,0.3391755521297455,0.5280126333236694,21.08122519398803,38.3429710380645,-123.65818435687135,237.40046400125829,-3.993378014541022,12.488555271292421
pi_2,upstream,3.1,3.1500000000000004,50,-0.31655904769897464,0.9126691532135011,-65.84765446718019,-21.786563461649614,-152.6468185907261,544.1145073225064,19.905454232147232,93.48087181119176,-847.7976132184262,117.07565784616327,12.458131376105145,29.504847679711617,-1.1125121116638184,2.3547529602050785,-3.877878346392437,3.482187113586659,1.0880179405212402,2.1980020999908447,-0.007567251566797495,0.1310865730047226,0.10735489428043365,2.04567551612854,-6.678135071823104,2.4578572332074287,-233.9738673776896,173.87568856890772,-14.872791559216125,49.36952256620095,3.101254463195801,3.1485257148742676,0.000547436298802495,0.023679006844758987,0.389147013425827,0.5577051043510437,19.774174581205003,37.01149054616762,-102.87199259917661,47.60376157140174,-3.863030295115547,10.034928732808671
pi_2,upstream,3.1500000000000004,3.2,61,-0.26564783573150635,0.9399718475341797,-65.56204327684694,-7.250526695498152,-128.62196969466476,550.0402155218693,13.191414990291488,80.18675553521902,-786.0709533869732,108.51142707985684,11.505789652172444,26.828473069420564,-1.1925474548339845,2.2364162063598636,-3.9556978340100115,3.840725967944098,1.2093794345855713,2.1985745429992676,-0.005279844161123037,0.11207067966461182,0.2847863733768463,1.8414620161056519,-10.3438911960666,6.436748075705214,-280.5104050610877,166.98044867723976,-22.950736762279732,71.20374538033161,3.1502127647399902,3.199894428253174,0.0005613648099824786,0.027478979900479317,0.4268321990966797,0.5833276510238647,22.12424459912046,37.92928697060433,-111.23828448333606,79.66294832777075,-3.5194766058759983,16.08356087685223
pi_2,upstream,3.2,3.25,53,-0.21837380647659305,0.7241150379180908,-50.506469025252095,-5.186090919804396,176.56118234677334,514.8330492185548,14.722853539008712,46.82617185515247,-649.0995418848314,205.91736272024482,3.4298393057648497,25.187638457584317,-1.0965454578399658,2.42359058380127,-4.023120982255623,4.404717742094529,1.340677261352539,1.9510622024536133,0.02107374742627144,0.14915251731872559,0.1854369044303894,0.8252608180046082,-5.47485552310008,10.854795322399077,-319.1938371236152,-67.80606777770878,-22.86852348278758,74.31238303765787,3.200727701187134,3.249500274658203,0.0034626773558557034,0.03273551166057587,0.4330739974975586,0.608618438243866,21.034704775551074,37.82477483101938,-100.47493087977146,109.88845468823395,-3.751631198985373,18.682446694977106
pi_2,upstream,3.25,3.3000000000000003,56,-0.3088535642623902,1.1096269989013674,-66.03435085795331,-5.229846392287968,-49.930496248017846,502.264845447571,12.48897016151705,79.71746006753662,-678.494490412032,707.6262854108902,0.473303221024866,17.71635177374261,-0.9231157207489015,2.3303243637084963,-4.240195964008766,4.515866627635688,1.5504341125488281,2.2455663681030273,0.010684136301279068,0.1860533356666565,0.13111282885074615,1.6011571884155273,-9.539803760932264,15.749419018430581,-301.0507236690403,-42.93193608477511,-32.87646670188523,73.83547873924006,3.250448226928711,3.2998011112213135,0.0010137476492673159,0.03634048253297806,0.44755879044532776,0.6250967979431152,26.513549556013263,38.69722221446179,-116.78321646666,106.32731016820519,-4.634173209259186,19.981179094009587
pi_2,upstream,3.3000000000000003,3.35,46,-0.30548015594482425,1.0951951599121095,-66.86747684234396,-5.776892464613567,-370.2234098468311,417.4688665245631,10.999465559209119,85.6784257033952,-485.8905870634893,1126.6600302365732,-0.9727183079473218,13.633591408025351,-1.2842372703552247,2.183490028381348,-4.383114714485394,5.191167262232673,1.3977497816085815,2.412759780883789,0.014499316923320293,0.19915732741355896,0.14695656299591064,1.6028821468353271,-11.311112576884813,19.890905929215105,-262.6224128323911,41.54034309799296,-34.549634237201154,47.661176141564866,3.3001346588134766,3.3483142852783203,0.0016604866832494736,0.04032345488667488,0.4547123908996582,0.6464951634407043,20.03737762841874,38.887019511118105,-106.54943475020318,143.86872777131742,-5.136744969643968,14.00786090413966
pi_2,upstream,3.35,3.4000000000000004,73,-0.6470859718322755,1.2656136131286622,-68.94657959550668,-6.913345015610363,-764.9801488526742,275.11679591882535,9.146086043963342,103.70320613059965,-117.89533518807815,1137.120273705151,-7.44326406828126,10.088055078651248,-1.3388751029968262,2.239691715240479,-2.995689815144254,5.63459652591436,1.5279462337493896,2.496455192565918,0.03676586598157883,0.16441059112548828,0.18139895796775818,2.119084358215332,-9.146049331696553,19.995469295218832,-322.09073891667106,207.790910930336,-35.16637299849663,68.57386983287742,3.3509557247161865,3.3999571800231934,0.006345713976770639,0.04172130674123764,0.46229153871536255,0.7263954877853394,23.16218746615228,38.99453351884328,-121.92420423228022,127.62812252891455,-5.662536266623559,22.596075980657893
pi_2,upstream,3.4000000000000004,3.45,62,-0.5685886478424073,1.2643135833740236,-69.98061559433324,-8.457770315260722,-695.4088801556783,228.2185314169834,8.64124627184019,115.10670555374534,-24.066654776423707,1078.3340922736586,-14.145849399409084,9.862258471558212,-1.2721901321411133,2.129709625244141,-4.681793385736892,6.1009973710124035,1.7155367136001587,2.714064121246338,0.01986982859671116,0.15401917695999146,0.1496371328830719,1.854922890663147,-13.303195304926978,19.381578722807255,-310.3435238839228,169.21815525311933,-20.4775508770275,63.911391460129956,3.4003567695617676,3.448648452758789,0.002547432901337743,0.046947866678237915,0.5135174989700317,0.75557541847229,12.634501002162512,38.83820756421461,-146.96445637111233,120.68142399203971,-3.744325298794843,25.109844224576182
pi_2,upstream,3.45,3.5,66,-0.7206333827972413,1.243313503265381,-70.9040708304973,-11.236923062120136,-647.6494107617677,93.67090816446903,17.453197754059214,124.22521300138747,86.96379217311073,1029.1927936483844,-20.339560163442115,13.511328063008913,-1.240808906555176,2.039371376037598,-4.852577951431826,7.192740084069354,1.5159823894500732,2.5026252269744873,0.010739432647824287,0.19864726066589355,0.19075897336006165,1.6231420040130615,-14.202516921432448,26.029558936331576,-275.71651384870916,245.0881424404311,-30.616760086689037,51.36189557728284,3.4509189128875732,3.498276948928833,0.003191466676071286,0.050029974430799484,0.47917115688323975,0.774651825428009,3.174142373117839,39.31559680606348,-42.01193350923649,125.02370309649699,-6.697069005450356,26.33411948638226
pi_2,upstream,3.5,3.5500000000000003,43,-0.6787539196014405,0.596153497695923,-58.62826745788177,-19.416872017796003,-606.928478628312,-42.591451154649974,23.351142941993388,127.12401358703258,168.77133793799544,979.8463707819565,-5.674388733101869,15.808713668932418,-1.22674036026001,1.9958538246154787,-5.303943953936463,7.872332344900764,1.6317116022109985,2.378970146179199,-0.027688922360539436,0.21866613626480103,0.24269184470176697,1.565592885017395,-15.460129771229276,30.827331403705944,-81.5269820843481,208.4984092453226,-25.499674568069278,45.78745034655527,3.502319812774658,3.546670913696289,0.0055944351479411125,0.05533416569232941,0.4909490644931793,0.7638173699378967,-2.791443245384028,39.20771396812313,-4.8033894441930585,134.42463886631913,-7.193470386052638,27.642384338099703
pi_2,upstream,3.5500000000000003,3.6,44,-0.6278197765350343,0.7525036048889161,-62.646536048491974,-24.461128936843206,-518.2209323299079,-149.0770748625323,35.209328058186834,131.9629567271765,259.38943841141395,1022.3589981384898,-3.1160409057713108,15.850717400311872,-0.9921515464782715,2.1149246406555178,-5.61072458339864,7.968109207083276,1.6254578828811646,2.4457619190216064,-0.028660710901021957,0.18700820207595825,-0.04640190675854683,1.3421026468276978,-18.735878251883637,32.25162392113953,-210.7735589182322,166.6667790697961,-19.396953478628955,38.590480018112835,3.5500001907348633,3.5980582237243652,0.007097543682903051,0.05833183228969574,0.5090096592903137,0.7774003744125366,-8.145929490967328,38.5017934268348,-3.413156518829384,117.90825790598782,-7.709978226459235,28.773568796430684
pi_2,upstream,3.6,3.6500000000000004,36,-0.4523851871490479,0.7788706970214845,-63.949278519456016,-31.8027199832242,-482.8190236729779,-128.6134182978239,37.18476903031626,120.69319923816882,298.948254838727,900.8387859352375,-11.458649081831698,12.997363846384141,-0.9286906147003174,2.1173692893981935,-5.116726743316725,5.062400846947583,1.5404340028762817,2.5168204307556152,0.04619470238685608,0.17704497277736664,0.20422841608524323,1.1671241521835327,-22.67228190264936,9.021903813342401,-238.05927672784102,109.41909774884901,-17.55607577088524,17.30225569604381,3.600682497024536,3.649171829223633,0.008340338245034218,0.050952788442373276,0.5324105620384216,0.7666081190109253,19.37205060891509,38.92772743857138,-15.68838615555464,88.51901941693347,-8.121388985844717,15.495562220940528
pi_2,upstream,3.6500000000000004,3.7,23,-0.38663979053497316,0.6134460163116455,-64.62580875674578,-48.37564124950488,-352.85262686284455,-136.50697229895925,62.91641048297752,126.53496441263235,364.7708971531666,890.0736428221104,-11.26403982355638,12.937202576618466,-0.8089080333709717,1.844889888763428,-5.65294183045687,6.467839779113806,1.849908709526062,2.4224302768707275,0.03782040625810623,0.1375284343957901,-0.03211339935660362,1.1779682636260986,-26.66943837853505,10.507538259711875,-187.55207687234773,73.23062450710042,-14.857413388299841,30.338682595010308,3.65053391456604,3.6960971355438232,0.009220843203365803,0.053725432604551315,0.5523304343223572,0.7775662541389465,13.253393834367476,39.84193118350466,-15.715148544270043,127.39969368231263,-8.387221036338378,30.123450755031126
pi_2,upstream,3.7,3.75,5,-0.1929461717605591,0.679945936203003,-62.04149057105556,-55.15544069891586,-253.04905576716112,-161.9890966959562,94.08089709958821,124.30929263007033,401.8725666869459,866.1230654030838,-8.16041117748358,8.386919856828387,0.702737045288086,1.6069252967834473,-4.212973502937377,1.1523368179960882,1.8399157524108887,2.3082118034362793,0.064747653901577,0.08910246193408966,0.05197739601135254,1.1254401206970215,-11.457998356306877,-1.3301527671552438,-239.05612917682603,-48.43675778219816,-12.9495665295178,7.190876945929138,3.7041711807250977,3.7409262657165527,0.017629610374569893,0.03359145298600197,0.5632014870643616,0.7830888628959656,34.293317728218085,37.118273723651605,-17.40210964661481,22.047275197363586,-8.60430881939675,8.82778950827159
pi_2,upstream,3.75,3.8000000000000003,5,-0.19970924377441407,0.779846420288086,-65.36074394162831,-60.173345040597866,-180.54077840630293,-112.68039013412503,100.3166002646214,122.24933489715116,438.3569783650528,792.360191574721,-15.462034245021346,8.01590194951486,0.7605658054351807,1.2222411918640137,-0.9949010861357852,1.0811411357544427,1.7813085317611694,2.2008135318756104,0.0620720200240612,0.08134506642818451,0.2315586358308792,0.9279242157936096,-7.116719447676194,-2.6122771381708385,-281.3876472373274,-37.87299255146509,-10.09587507447239,6.035696016228167,3.750744104385376,3.785892963409424,0.02305547706782818,0.0343187190592289,0.6665935516357422,0.7938205599784851,33.81036188219566,37.574407416803396,-20.670923777714318,13.975948447605724,-3.935875439892089,8.140343428884666
pi_3,downstream,3.5500000000000003,3.6,1,-0.48733668804168706,-0.48733668804168706,-1.7357890575041326,-1.7357890575041326,-181.02822168661007,-181.02822168661007,39.31384486254137,39.31384486254137,369.81818838375256,369.81818838375256,1.292250015535896,1.292250015535896,-1.0855631637573244,-1.0855631637573244,2.4607463083636847,2.4607463083636847,2.0080506801605225,2.0080506801605225,0.015558535233139992,0.015558535233139992,-0.09992758184671402,-0.09992758184671402,-0.7833166697857686,-0.7833166697857686,16.08839618429644,16.08839618429644,3.827699909464499,3.827699909464499,3.591224193572998,3.591224193572998,0.015708619728684425,0.015708619728684425,0.614465057849884,0.614465057849884,39.1181155465909,39.1181155465909,-12.518736125919967,-12.518736125919967,5.9256582890981875,5.9256582890981875
pi_3,downstream,3.6,3.6500000000000004,3,-0.6401669883728028,-0.3146212530136109,-15.385740473431376,-4.645350392743188,-247.80707682447309,-6.894073209980349,27.578847330670982,55.54049261337533,98.49065164285604,381.87418260849876,2.0799750805435506,3.714477100481474,-1.2134461975097657,0.6125717639923096,-4.92785214030682,7.624204825840092,1.826263666152954,2.11328387260437,-0.05136243626475334,0.039348483085632324,-0.32368820905685425,-0.07823046296834946,-8.439380884694108,12.378183639405798,-44.39397905775136,120.76730679066345,-68.22476520401973,23.56547427814839,3.6133854389190674,3.639474868774414,-0.019300661981105804,0.023874904960393906,0.6089043021202087,0.6620734333992004,31.100416027101396,40.78787140241641,30.68247333669373,106.26370744665402,-24.590465976000242,16.249777777328024
pi_3,downstream,3.6500000000000004,3.7,6,-0.7783327007293702,-0.22816036224365235,-60.0332578607209,-13.725962670209611,-357.99409274170665,67.50719919019653,28.894046359133835,129.0098288168731,-44.15585475762262,537.734127090474,3.3891653746784236,12.36460661832601,-0.9569346523284913,0.8317271804809571,-5.178414506347452,9.198560630282335,1.7820683717727661,2.2769293785095215,-0.041172560304403305,0.0372067391872406,-0.982308566570282,-0.15013214945793152,-18.009129048721356,12.775604172678513,-47.3183279659869,171.01062911776248,-67.45565858271961,26.334863269589267,3.65213680267334,3.698521852493286,-0.020096221938729286,0.025072447955608368,0.4915016293525696,0.7451567053794861,-4.6693854015456395,38.57113009219419,-185.1254472640256,132.4901517084531,-25.88704788556329,23.448394621750744
pi_3,downstream,3.7,3.75,6,-0.5911296844482422,-0.12147815585136415,-64.77443367308526,-12.304146096350152,-293.1124319288414,10.38633399156906,33.998806801396306,134.2153072286366,-0.45271198182102673,448.12969499177706,2.9265679530750828,13.047737035929098,-1.1574996566772462,1.018237991333008,-5.663899886601465,9.590574710875554,1.6175472736358643,2.100713014602661,-0.05447752773761749,0.022135522216558456,-1.4008557796478271,-0.24434442818164825,-19.99282771955733,15.555036957293897,-41.365599538267354,76.42515862342873,-64.64264517304986,18.166720295893768,3.7119693756103516,3.7486681938171387,-0.02184768207371235,0.02204584889113903,0.4680878520011902,0.73224937915802,-23.869561130186526,37.84157026618845,-114.16310808971892,118.28344019709662,-28.48973167042449,24.00171976293386
pi_3,downstream,3.75,3.8000000000000003,15,-0.8497312641143799,0.1657490372657776,-67.3550567264345,-13.426915644005296,-516.3655797437656,149.2712708010141,30.49243356832188,139.6328766745073,79.34516011625756,617.572044374213,-10.534299495130318,13.162363731601477,-1.101032876968384,1.0079370212554932,-5.89208080967987,10.455130640766194,1.4708796739578247,2.282200813293457,-0.0788012444972992,0.10504195839166641,-2.1787779331207275,-0.05645008757710457,-22.83889582971536,14.892930371983908,-126.03321871620321,229.94738889969705,-65.400222435031,17.626592351423742,3.754333257675171,3.7996692657470703,-0.022875091060996056,0.03910055011510849,0.396586537361145,0.756866455078125,-34.04348306875736,38.754616294057406,-211.84371295738978,144.08744408891957,-29.734039148655658,25.202085644486143
pi_3,downstream,3.8000000000000003,3.85,21,-0.7776852226257325,0.8350651741027832,-70.40804200240348,-14.20522679898565,-458.9482775049704,221.68301026814336,29.850832918447562,140.8810527641921,-581.9178012085861,599.3086649487324,-33.22350732123176,15.060507359387802,-1.2439011001586915,1.5970461654663088,-4.434372525271164,10.91540402606332,1.4003351926803589,2.2607126235961914,-0.07204005122184753,0.1041778028011322,-2.4605307579040527,-0.07665901631116867,-23.508078491005477,15.704869109569174,-118.74756521157732,148.19174574231525,-14.596040831783672,19.49272468362358,3.8000712394714355,3.845860481262207,-0.01942943036556244,0.042693767696619034,0.34997764229774475,0.8170956373214722,-38.36311326592686,31.29921892817837,-209.6560989888831,125.53309860479654,-9.080986893724866,28.668211778496765
pi_3,downstream,3.85,3.9000000000000004,34,-0.8435305213928224,0.44756227970123297,-70.70229338203679,-13.306895559909831,-547.2386358488702,127.16918845820305,36.33532572399846,137.38794375848585,-1504.7682651027803,756.8088930202646,-29.24524413565154,18.08749679335027,-1.5034962272644044,1.95365873336792,-7.428665550431839,11.524850527138247,0.9277889132499695,2.4414169788360596,-0.1608119010925293,0.10263542085886002,-2.856511116027832,-0.00504682632163167,-30.06342938655338,20.304586581580683,-129.02036096857327,515.579944064674,-59.409586457417866,21.11507390396732,3.851081371307373,3.899279832839966,-0.025644665583968163,0.04474634677171707,0.545066773891449,1.0859057903289795,-41.367785198801755,37.54065603701978,-134.2359617206867,138.44949175928923,-33.39345318831464,29.068989621805663
pi_3,downstream,3.9000000000000004,3.95,43,-0.5377852725982667,0.7977721309661866,-70.63001632023972,-14.655711071920194,-333.27132145587507,94.82480032285099,18.652686547792882,142.56054163958487,-1793.7032986937286,574.9525382175472,-21.29969626611337,12.963338794015094,-1.2490761184692385,1.8411983489990236,-7.9687243161520325,8.048928530956376,0.4135960638523102,2.4950222969055176,-0.12874087691307068,0.049102090299129486,-2.9864721298217773,-0.05189264938235283,-26.3896345565436,7.106549722888868,-143.3034749759855,651.9154376343309,-51.40347435385529,22.793444335883507,3.9005205631256104,3.947908401489258,-0.027219118550419807,0.03866759315133095,0.5005722045898438,1.0521050691604614,-43.38554602302858,35.420718997904146,-208.06257487438407,139.146430601819,-34.51560886876962,30.58632424197513
pi_3,downstream,3.95,4.0,49,-0.768108835220337,1.183502655029297,-71.72460194605846,-27.312142103960326,-342.24241976084994,175.99389415506874,7.275297230296849,142.850606113257,-903.5452893749901,598.9044816744077,-12.78602610841815,21.918763322315137,-1.3835053634643557,1.580463676452637,-6.945823793369111,12.346173644901006,0.4409446120262146,2.143548011779785,-0.13005873560905457,0.1380755603313446,-3.118769645690918,-0.46958595514297485,-29.740836136959093,21.95569260587747,-151.31337441944285,352.86186127860236,-45.89634746758737,18.28302134198616,3.9505093097686768,3.998577356338501,-0.03815058618783951,0.052004434168338776,0.3923252820968628,0.98749178647995,-44.51234965116227,33.161063609126735,-210.3185590364826,128.4741644010257,-35.60293911036416,28.532178789302183
pi_3,downstream,4.0,4.05,50,-0.7881355953216553,1.0577080535888672,-71.18831598299656,-19.838207604673872,-455.85685192435255,311.65052156273975,3.501037361228765,142.81660543156866,-1361.4065286131747,542.9791113163968,-12.823889835188435,22.79251322250025,-1.2342791175842287,1.9565323638916017,-9.517726899626636,12.685794946867848,0.5395167469978333,2.158930540084839,-0.1441754549741745,0.13028277456760406,-3.177255868911743,-0.1017920970916748,-29.352731127940626,16.794064008585476,-206.81861984160633,283.77386944651977,-17.243449474837295,25.47866661372961,4.001532077789307,4.049472332000732,-0.05218132585287094,0.054732173681259155,0.33111172914505005,0.8345929980278015,-44.023868182101296,30.216992529662775,-123.84620580434347,138.67327607725554,-16.912581727252864,32.71199535715731
pi_3,downstream,4.05,4.1000000000000005,44,-0.4918817853927613,0.9349425601959229,-71.53750940431345,-24.220544061065972,-536.9269080136052,365.47391486405763,2.501644081872499,142.4722546143733,-1275.3306268812198,634.7182780590462,-13.579137901832114,8.735053300669366,-1.1103585243225098,2.0973861885070804,-9.977239080378554,10.512290501727415,-0.32013052701950073,2.168916702270508,-0.23898866772651672,0.03247491270303726,-3.3054025173187256,-0.44065991044044495,-27.803726186451776,120.13458538671016,-322.14226586376964,471.9043267377842,-52.439607220757054,17.589593216689785,4.050757884979248,4.099580764770508,-0.07983603328466415,0.0387239009141922,0.2811279892921448,0.9036019444465637,-41.99752864027693,32.02323947076723,-114.62952121757158,133.25186806507125,-37.71496512725055,29.17127981636395
pi_3,downstream,4.1000000000000005,4.15,45,-0.7756525325775148,1.5592936325073243,-74.8003249217744,-32.38285576075757,-541.0425614414014,163.51537076788725,-9.012153718302208,141.82640558683522,-344.78543579262913,774.8677492612381,-14.334779588663807,21.278734060684,-1.2335005950927735,1.6818117904663088,-7.920565740208628,12.297370985064603,0.7090638875961304,2.275629758834839,-0.09935378283262253,0.14014706015586853,-3.3261303901672363,-0.03969401866197586,-36.699258693544245,44.73805325228534,-127.73949559352077,182.1336468226416,-69.88672781400224,66.60922055963661,4.101390838623047,4.149007797241211,-0.031455010175704956,0.06389446556568146,0.26578161120414734,0.7568079233169556,-43.68486881812064,35.01639570470149,-140.3111281194679,102.07939695732082,-38.059167300024434,34.34480914605996
pi_3,downstream,4.15,4.2,30,-0.43080451965332034,3.514033699035645,-71.7679804774772,11.375048270158011,-354.24893609524855,327.40091046803246,-48.39770276052402,138.31428133447966,-367.0522349774642,609.2152259624323,-6.095791214220054,12.512366474511538,-1.1126984310150148,2.1190551757812504,-8.274281180950755,11.891923653402964,1.268951177597046,2.299351453781128,-1.1053663492202759,0.11901415884494781,-3.102477550506592,-0.080826036632061,-86.50528157412778,3.0286115324723775,-360.3314107964417,99.5862549668611,-168.47746221876648,19.536924545290024,4.151298999786377,4.198584079742432,-0.031174983829259872,0.06648659706115723,0.2822266221046448,0.9781642556190491,-59.127506474885514,39.685560832646395,-148.05993675171234,430.13769264239954,-38.395478455540406,32.49563887006332
pi_3,downstream,4.2,4.25,40,-0.4994885349273682,2.820837326049805,-74.31440477365219,17.630121851677348,-669.4939949728692,156.70205216512443,-79.6081838710056,140.1256611627454,-629.6706043378666,735.1574119173775,-13.952974911164585,13.133908312101136,-1.0532895946502687,1.7093188285827638,-9.01481525538503,6.782517936549703,0.9518588185310364,2.295551300048828,-0.6746608018875122,0.19513922929763794,-3.619277238845825,-0.1297835260629654,-75.18896268554813,19.196750388772124,-347.96008039809436,219.73096952411038,-149.5307223668262,16.726791767902725,4.200812816619873,4.2498979568481445,-0.10889516025781631,0.03708739951252937,0.26707902550697327,1.2998595237731934,-51.801186023941376,41.47333552714055,-514.321713936531,100.13067568522447,-39.38845481883325,30.169829026740096
pi_3,downstream,4.25,4.3,24,-0.693313798904419,3.5421045684814456,-78.70522603254074,20.08399025440949,-414.6802095694736,144.65806541293912,-80.62114873624267,141.0045289240076,-286.85644310197324,620.3901804257601,-3.0003567678106546,15.516070029008855,-1.0921348762512209,2.133864860534668,-5.954713671026186,8.612846049395099,1.4156510829925537,2.5443835258483887,-0.6611065864562988,0.1064269095659256,-3.315148115158081,-0.08345773816108704,-129.07650512355076,27.318043387403215,-393.19751610135603,166.04243147776523,-232.1340329813416,19.498422768938664,4.250369548797607,4.299355983734131,-0.11396647244691849,0.07124745100736618,0.2638533115386963,1.2952086925506592,-54.61584892429568,41.39603486120893,-695.7689130872079,97.48017979666601,-2.465828714633814,30.44389811425427
pi_3,downstream,4.3,4.3500000000000005,6,-0.6939082717895508,0.3835965967178345,-71.73041443704213,20.22566716081577,-127.63757551072584,115.86036228714289,-79.02952341433294,135.34459704562815,-143.97807909992932,702.056074897448,-2.221354478319561,16.00516671732059,-0.5191149187088013,2.1185467529296877,-3.112687521950204,0.6220399879831892,1.5096491575241089,2.2019875049591064,-0.11180232465267181,-0.024581659585237503,-3.353323221206665,-0.29506781697273254,-18.881122224583958,-2.4563405043248623,-236.69796538474412,51.18512003627915,-11.259299615614744,5.015292221211296,4.308225154876709,4.337853908538818,-0.03376977890729904,0.001252773916348815,0.3117423951625824,1.2269854545593262,-39.89933209328945,41.24872475628468,-64.13129623064768,31.09497578142748,1.280284099675398,20.89192207346983
pi_3,downstream,4.3500000000000005,4.4,12,-0.6950944805145264,0.5992691230773927,-70.72738066685825,20.30690201570932,-125.2819662093935,84.75418499547659,-82.19665481171117,132.90014064357229,-203.65980761463717,1024.7877041243196,-4.85061158072394,16.433471323761324,-1.0781233406066895,2.331277389526367,-7.319731352663939,0.9263586110711917,1.358881950378418,2.21341609954834,-0.23956769704818726,0.04021770879626274,-3.6236164569854736,-0.5005393028259277,-29.281341990735655,-2.907556888161068,-410.8003342718262,68.22398656245434,-14.73897107790265,9.112023890572488,4.352597713470459,4.395750999450684,-0.1286398023366928,0.07315061241388321,0.3021010160446167,1.273950219154358,-39.457709137029354,41.244090472932825,-72.30509972361783,54.50795925616616,-2.739349147124779,31.001702029122892
pi_3,downstream,4.4,4.45,10,-0.6989886951446533,0.29033204555511477,-71.84392535085857,20.357733991059845,-105.00822988474647,95.65093219353153,-82.38964863689905,125.07536664737896,-177.61774430948262,283.37258217240316,-9.95941475538095,17.157163136856656,-1.091036319732666,1.9763414955139162,-7.757039462116696,0.6486394072906735,1.4137922525405884,2.234153985977173,-0.2315444052219391,-0.01596369594335556,-3.5809757709503174,-0.7006260752677917,-21.49682342196309,-7.076145989572202,-120.27016464173491,65.48641942235655,-9.075068298294488,6.0717346556100935,4.400758266448975,4.44636869430542,-0.13336528837680817,0.0319722443819046,0.29657867550849915,1.2372970581054688,-39.99982125145326,41.09539042451248,-51.59457621664308,31.13425278424964,-2.8599633694979487,21.219221337279297
pi_3,downstream,4.45,4.5,8,-0.7014843463897705,-0.09795765757560732,-71.22696802350966,20.348837669665905,-783.4187089699873,88.88513121682449,-82.46217158550624,126.54451301709202,-370.1943405617235,173.90193015569892,-7.5964945512586874,17.47249852654171,-0.9602532863616944,0.7077951049804688,-3.13727009858106,0.19919335340517808,1.3503671884536743,2.2438313961029053,-0.22752030193805695,-0.01076800748705864,-3.6468753814697266,-1.088756799697876,-20.711057969277313,-6.456454879007993,-50.116120299091286,677.3341778758302,-1.6765359925155083,14.850726633102399,4.452558994293213,4.499000072479248,-0.13800999522209167,0.0032695233821868896,0.28300952911376953,1.2133334875106812,-38.7606985775133,41.02183270224603,-20.867762999404913,31.176152579713083,1.0343846687158755,21.313449617080536
pi_3,downstream,4.5,4.55,4,-0.7041912841796876,0.8479875659942627,-70.76187995235598,20.325165941549933,-45.99884128627258,81.18222828599171,-81.69760704000419,141.1895177674882,-160.09753044683453,-0.1125167344260216,3.806055913100499,17.766157750833848,-1.1002586936950685,0.7172816371917725,-10.832107911751347,-0.25470808995597366,1.5713506937026978,2.253256320953369,-0.090814508497715,-0.010424105450510979,-3.5162079334259033,-0.37812116742134094,-41.21154462153772,-14.368417947503826,-57.837755023722835,73.01698985024075,-1.9112596054895221,20.772229143483948,4.527367115020752,4.541589736938477,-0.04424414038658142,0.029375271871685982,0.38449668884277344,1.1472506523132324,-39.377898376577754,40.76342274028235,-109.52993805869998,31.23366277252459,-1.2597725260081933,21.4030544514948
pi_3,downstream,4.55,4.6000000000000005,4,-0.7069928169250489,-0.19162466287612917,15.112138463206296,20.289280127650684,77.82311393142275,81.16370481296264,-82.2834733462512,-60.469426910928746,-30.293705799325775,34.159497246904614,12.695191304374642,18.04216249748854,0.5989777278900147,0.7290736961364747,-3.981745848699135,-1.5141108480467969,2.056565046310425,2.262563943862915,-0.21917112171649933,-0.010226869955658913,-2.0997865200042725,-1.467835783958435,-20.81946502423646,-14.27840032311129,-67.46226337564701,-39.32340712737939,-2.121550244420225,3.650588835417837,4.558411121368408,4.599515914916992,-0.15144582092761993,-0.017079131677746773,0.765619158744812,1.1542528867721558,40.112751599190254,40.87514072944166,17.032743261584276,31.305014343689127,9.972228119326967,21.48930558940243
pi_3,downstream,4.6000000000000005,4.65,5,-0.20007675886154178,2.977693786621094,-71.16393903784878,16.823193057848286,-310.8713609029814,81.33772437263622,-81.64590250798719,137.62633102089762,-85.4718193111915,607.1821245333296,0.7028938258983125,16.183317853060583,-0.05335451722145081,1.1107104682922364,-13.052825653645327,-1.721738026797135,1.5661998987197876,2.3278164863586426,-0.2102423459291458,-0.007039557211101055,-2.3266992568969727,-0.32716381549835205,-67.79884826775607,-14.095927550566168,-151.83979075915408,49.33302545037098,-283.2264434449216,20.579452176802214,4.604609966278076,4.640802383422852,-0.15575052797794342,0.02830270305275917,0.26703372597694397,1.0802758932113647,-39.17055773903826,40.72587036022562,-72.67480420301229,133.9256935474497,-0.7681635657686291,20.902044405962943
pi_3,downstream,4.65,4.7,2,-0.7124253845214844,-0.20084223031997683,16.7228114751639,20.1791723555882,80.54654257993862,81.25800240464383,-81.30181123798029,-81.10771092214686,-17.559646252273865,-6.519258041539437,16.37394336583106,18.546087679541596,0.6014769172668457,0.6963676071166993,-4.810795089412711,-2.2209539055214074,2.0841031074523926,2.2812931537628174,-0.20554782450199127,-0.07827362418174744,-2.2230875492095947,-1.845616102218628,-20.742997641383585,-18.915208283636908,-45.36271503301803,-41.39310471005499,0.7432896801762312,3.634365428591764,4.670106410980225,4.68228006362915,-0.1599639356136322,-0.04955032095313072,1.0376263856887817,1.0532869100570679,40.44350009465354,40.64806084520083,17.29301274254949,31.490351526817424,20.914456458245525,21.6563862121636
pi_3,downstream,4.7,4.75,4,-0.7147943305969239,0.9086848831176758,-62.07411838472071,20.09819363278853,39.53479123690753,80.26299410673471,-80.87568256585236,133.66260832099914,-107.25211095163574,185.6464950750492,2.7262794819919858,18.77061921224851,-0.017264957278966906,0.7890324115753174,-14.916463157927014,-2.5738890120674482,1.5716111660003662,2.2909553050994873,-0.07384058088064194,0.0062390780076384544,-2.7859044075012207,-1.3312432765960693,-32.20859714446304,-13.458185103799261,-116.56374882824915,19.793017365577775,-3.113092434768973,23.780804529469503,4.702394485473633,4.734686851501465,-0.05115039274096489,0.026804449036717415,0.5538219213485718,1.0143557786941528,30.22460819058734,40.33242414327621,-31.33190479845147,31.614128214956395,1.0177903523876242,21.739664346190192
pi_3,downstream,4.75,4.800000000000001,3,-0.7167028522491455,-0.13768965840339661,10.655921558109464,19.990956247724746,61.100461258157054,79.97988276563768,-80.26257063500617,-42.04117013397873,-1.1525311364681232,279.44164438052076,9.931564533753368,18.96994532914308,0.6054838180541993,0.8259930706024171,-5.628671331422805,-2.9249373070110716,2.1063828468322754,2.3059370517730713,-0.19580751657485962,0.01124900858849287,-3.014375686645508,-2.2301928997039795,-20.486218387084246,-13.042451125814448,-146.8242052666953,-44.6820320407129,-4.120777777221045,3.792537241843627,4.761420726776123,4.765879154205322,-0.16810889542102814,-0.017541438341140747,0.5568639039993286,0.9715520143508911,38.592508584296326,40.477046568762056,17.6850485254353,34.690691303940255,10.045395205366875,21.824739383181473
pi_3,downstream,4.800000000000001,4.8500000000000005,5,-0.7179046154022217,0.9335387229919434,-56.256904325228795,19.846449935454785,4.934456078610549,79.16397568814463,-79.41391280044292,130.5434248515944,-86.50612168739569,389.4190008109916,0.3112067679752518,19.13417707131112,-0.03554562330245972,0.8606010723114015,-16.570861581371762,-3.2725786696180332,1.5758365392684937,2.3692209720611572,-0.19085830450057983,0.09785206615924835,-3.1780917644500732,-1.8317735195159912,-27.765763995044846,-12.7687056816168,-175.23619394968256,34.7517702705931,-5.716231420160569,25.480770311993975,4.800294399261475,4.834168434143066,-0.17203913629055023,0.0269854124635458,0.444622278213501,0.9247925877571106,31.949029465435043,40.377472655947024,-5.853517368704179,40.29766531059001,2.946741458737334,21.913585213230395
pi_3,downstream,4.8500000000000005,4.9,4,-0.7180480766296388,-0.1255979347229004,5.30858694747399,19.648898666543214,-47.18153635238448,78.18427384416552,-78.2569607173128,-19.21077105959087,25.231818454483474,589.8125709833937,5.7358053542275504,19.247910210973753,0.6133986854553223,0.8712262821197511,-6.794634059123113,-3.6148500403334665,2.1358981132507324,2.463270902633667,-0.18593721091747284,0.05855029448866844,-3.267277956008911,-2.632741928100586,-19.935968102264265,-12.951630954194435,-183.9285385742509,-51.15258101507321,-8.246310219878065,4.154238873964938,4.850538730621338,4.893398284912109,-0.1796240657567978,-0.016434937715530396,0.4278292655944824,0.8739556670188904,36.77927094457636,40.26148921365104,18.454423231660336,50.48374157078888,10.22673150084443,22.00888007991528
pi_3,downstream,4.9,4.95,6,-0.7166242122650147,0.9344727897644044,-52.15695350233442,19.37583794880986,-108.96651575406563,76.77603227128147,-76.68473996283507,131.44748235051563,-91.3115149383365,789.850889356685,-0.738069752404107,19.287749125069922,-0.07390916824340821,0.9095664787292481,-18.205246167590825,-3.9491702285815156,1.5576882362365723,2.5827949047088623,-0.17604021728038788,0.13189011812210083,-3.5146806240081787,-2.1368212699890137,-27.487153748610854,-14.3707470420108,-215.33984090670918,66.13601822374896,-12.973510611426924,28.6257411606101,4.900004863739014,4.946713924407959,-0.18328528106212616,0.029880546033382416,0.3076823353767395,0.8188676834106445,33.13072732392812,39.9372669639397,-4.981199758856,88.34077880035282,5.201322457078492,22.23517885208931
pi_3,downstream,4.95,5.0,3,-0.7057078742980958,-0.1084466576576233,-3.3175229848352163,18.457696599820064,62.26703707782772,72.03771830817935,-71.59342816304836,16.335181164292752,112.0051303120209,619.3690944655999,-0.9873611059060547,18.988161682636665,0.6445980644226075,0.9965569210052491,-7.480942126263959,-4.579201790063132,2.213662624359131,2.6213326454162598,-0.1700630486011505,0.1819642186164856,-3.781482458114624,-2.5958685874938965,-18.488347073720497,-17.376243720227976,-286.54482255128056,-76.68372226464874,-17.782858541897173,5.206662595810829,4.962173938751221,4.99375057220459,-0.1868545114994049,-0.011464721523225307,0.3090474605560303,0.6948899626731873,29.27932025474133,39.68671513461612,21.842173154324566,151.974331825425,10.459845567144313,22.378833198778704
pi_3,downstream,5.0,5.050000000000001,2,-0.6934708786010743,-0.14162925958633424,11.972605298943147,17.690784176790817,53.37971104302302,68.21826286392988,-67.4995288877586,-58.54665352748929,166.74243024504315,291.7542078312493,15.007994449600407,18.518384582261106,0.6661140441894532,0.8009264755249024,-7.776594611603622,-4.86471653142896,2.2592227458953857,2.3901495933532715,-0.16051223874092102,-0.03987535089254379,-4.062564849853516,-3.572798728942871,-17.127218438183895,-16.709245011924963,-130.9721148446611,-94.2743895285855,4.059076836466912,5.705405570326099,5.0255303382873535,5.041197299957275,-0.19029228389263153,-0.05987648665904999,0.5418642163276672,0.6252533197402954,39.23000087538488,39.315391900388384,24.870873692699565,35.3342214822551,21.58449206954251,22.555713598262596
pi_3,downstream,5.050000000000001,5.1000000000000005,1,-0.6738427925109864,-0.6738427925109864,16.57590435140068,16.57590435140068,62.962562071199294,62.962562071199294,-61.73936398330922,-61.73936398330922,244.49099266167522,244.49099266167522,17.69408760134652,17.69408760134652,0.6979149723052979,0.6979149723052979,-5.121942555321154,-5.121942555321154,2.4208173751831055,2.4208173751831055,-0.032074932008981705,-0.032074932008981705,-3.8518426418304443,-3.8518426418304443,-15.843878827104566,-15.843878827104566,-120.30559966314894,-120.30559966314894,6.2279402281546385,6.2279402281546385,5.089197635650635,5.089197635650635,-0.06075318530201912,-0.06075318530201912,0.5498866438865662,0.5498866438865662,38.89298226626353,38.89298226626353,37.699638935235576,37.699638935235576,22.78008492407959,22.78008492407959
pi_3,downstream,5.1000000000000005,5.15,2,-0.6438958454132081,-0.0677987813949585,6.162257287114388,14.911771448809388,-4.98095259138541,55.960754153006214,-53.5142145432535,-34.4823397984036,354.37876433099217,639.7974799334344,11.328742448987894,16.349753238211193,0.744672784805298,0.9164481449127199,-8.24040656242177,-5.344364900989063,2.422522783279419,2.4668681621551514,-0.09678447991609573,-0.01739552617073059,-4.549887657165527,-4.136094093322754,-14.773362787920957,-14.64606172217026,-225.54188956428214,-158.57745818666984,4.129074322628496,6.627730410182526,5.11948299407959,5.138020992279053,-0.19599652290344238,-0.06143568828701973,0.36511820554733276,0.4683763384819031,37.61956862759552,38.384447361799396,42.28061607571187,42.38563706438998,22.35780856423619,23.07022034485756
pi_3,downstream,5.15,5.2,2,-0.6060085964202881,2.92849479675293,5.748803311651891,12.434833228381883,31.55577449378239,1017.9633069547231,-41.740973074672915,-16.541512641382376,523.2596994844097,578.3425523479212,5.166505254243133,14.24208729955285,0.8048251628875733,1.884288787841797,-8.2339765749157,-5.52866489184297,2.1767032146453857,2.5409905910491943,0.01332972664386034,0.3049065172672272,-4.396223545074463,-3.4330992698669434,-13.560594398893492,24.128087205366093,-1017.7149066349881,-207.82045832868548,6.546833222766072,220.4213377246586,5.1688923835754395,5.18813419342041,-0.19605793058872223,-0.061685703694820404,0.27617257833480835,0.3809089958667755,37.51355043129858,47.883362195265384,51.882062293903495,2100.849474423385,23.447785845092735,23.841685372554036
pi_3,upstream,2.7,2.75,16,1.7400864219665528,1.9494710540771487,-72.53007932468888,-72.05058638457565,-78.41302370965842,15.29064545716458,143.09242213063212,144.4612330214377,-125.1422068785967,-7.431583911337789,-0.046567917267783025,0.1839978102934829,-0.5250446605682374,1.1839687538146975,-0.5037105476780886,-0.08684764788082056,1.8032211065292358,1.9114224910736084,0.017959371209144592,0.1806713342666626,-0.01525857113301754,0.12402769923210144,1.1391139768955738,37.63790427042242,-17.602027576073795,37.355356419931915,10.736638172399735,100.59384447322138,2.7395691871643066,2.7402584552764893,-0.001931508188135922,-8.617688581580296e-05,0.11873635649681091,0.11909668892621994,2.2819920283540593,19.041370415343504,-114.45483229935932,247.45704328988828,-0.3511757467309269,0.33766148346775926
pi_3,upstream,2.75,2.8000000000000003,33,0.6697004413604737,1.9560920333862306,-72.4243889774721,-61.738428247392925,-51.30771168659712,449.17782850105056,133.32799735356022,144.18365413356838,-436.47337611650335,-13.23084140350174,-0.48711455006467513,0.2454471983844934,-0.5123184680938722,0.902138137817383,-0.5467123142963463,0.7153662136821937,0.7132146954536438,1.9474785327911377,-0.014873442240059376,0.20222805440425873,-0.024382641538977623,0.10341272503137589,-6.088143758204225,38.58400158368507,-26.913093424344208,51.77795996566875,-6.132443511387282,107.87890375138947,2.7736380100250244,2.7995831966400146,-0.0018702540546655655,0.003918362315744162,0.11827728152275085,0.12011030316352844,-3.3767441400338116,15.723740922245918,-85.29586680798279,113.25839489263737,-0.2681042756697498,2.5327935970117608
pi_3,upstream,2.8000000000000003,2.85,39,0.6745400047302247,1.6278631591796877,-70.36191773493837,-57.50914779256435,122.05564439266794,640.5508224781302,119.01080070218961,140.73175848931396,-729.0137933627345,-203.89013525382836,-0.36577713932330863,0.18522090249363066,-0.48447233676910406,0.7070582389831543,-0.839813752438654,1.9497629110418897,0.5750827789306641,1.672940731048584,-0.009703543037176132,0.11785022914409637,-0.18688972294330597,0.1401216983795166,-6.8271151579994225,23.50269630193951,-18.856683807733653,91.77635712268007,-10.09905708885197,54.256027728630244,2.8327457904815674,2.849801540374756,-0.0026927904691547155,0.011041474528610706,0.11720582842826843,0.11883425712585449,-7.587010842316952,9.828293876000679,-87.63782939135345,127.85163363931404,-0.7313514686734449,5.527739962452841
pi_3,upstream,2.85,2.9000000000000004,78,-1.4871813011169435,2.0342843437194826,-68.88704766670084,-38.01207569353406,-473.3684460882681,813.7050791461444,47.196579844031426,132.76774425670075,-1426.1233906217458,-416.73910179288225,-0.42456478969350075,32.26178001853938,-1.6728612518310548,1.2477314949035645,-1.45065647231515,2.711461759993312,0.3023075759410858,2.017235279083252,-0.09703772515058517,0.08550646901130676,-0.10632715374231339,3.1599793434143066,-7.134734071612103,17.629614710131474,-56.66983707188026,929.4675511621027,-27.840853387232674,60.84487557941518,2.850247621536255,2.8949456214904785,-0.0017144442535936832,0.013258525170385838,0.11724520474672318,0.21794243156909943,-12.675009146582564,10.88826581065308,-82.83062614028259,106.74686136816239,-1.558845403458597,7.174269612903828
pi_3,upstream,2.9000000000000004,2.95,48,-0.9939325618743897,0.8832463169097902,-63.118604572977404,-39.331644335518426,-481.6264180023803,487.4975939714099,29.75312706237053,99.2030335430992,-1652.3419880082363,1057.2965632148857,2.9250935610806303,36.84842680351071,-1.8624251365661624,1.8829011726379397,-1.6791501595142917,4.130186425292802,0.953669011592865,2.0009605884552,-0.04816097021102905,0.07750305533409119,0.6211769580841064,3.468297243118286,-24.970206841346354,15.53963658826281,-339.00037484865504,843.1651057157568,-38.076057490584155,60.32143037199291,2.9258387088775635,2.9476661682128906,-0.0008199524600058794,0.013287123292684555,0.1267106980085373,0.33755069971084595,-10.504883877445678,21.692487851116443,-145.56620736498402,175.52549344216763,-2.003468519794853,12.864066338334986
pi_3,upstream,2.95,3.0,35,-0.508226718902588,0.5856634712219239,-66.4839275695019,-50.502749987249025,-547.6320001035496,-11.336637847586797,21.750122694880304,84.70924918092707,-129.33635284033474,1300.8791407169492,25.57227526338342,43.0005026021561,-1.1073159980773928,1.8674478149414064,-1.9467713944769065,4.658416386474272,1.5046356916427612,2.2026257514953613,-0.021617311984300613,0.08715678751468658,2.275707244873047,3.6515302658081055,-13.838122060344036,10.691726263512317,-444.4604080866195,365.7537340539747,-14.971650009715598,45.47010609733814,2.9505956172943115,2.9992504119873047,0.0007452975260093808,0.013035665266215801,0.21992206573486328,0.4163971543312073,-8.329454112644632,35.64523073101705,-143.17923383498297,228.23093504051616,-2.623372984207213,13.713444958757629
pi_3,upstream,3.0,3.0500000000000003,72,-0.7267824554443361,1.1079305648803712,-66.33172363403733,-54.3337074700608,-323.41344603057905,308.4429008039617,34.4940706483031,106.15671936349494,-893.5089001255467,979.5365534012046,18.306678733218263,35.21654288284963,-1.2440451622009279,1.6988171195983888,-2.140945407237747,3.1137354266984105,0.9352247714996338,2.341066360473633,-0.06691046059131622,0.10357213020324707,0.7313008308410645,3.0494678020477295,-10.236474518537102,13.620599318299348,-391.3121106828657,230.0756325315532,-37.99296140914178,36.6628264645114,3.0018792152404785,3.048833131790161,-0.0018317368812859058,0.014291888102889061,0.22812196612358093,0.47657647728919983,4.7311482408891266,45.02875634864484,-164.17295406041939,228.2840602518805,-2.916458611604501,8.062256331835533
pi_3,upstream,3.0500000000000003,3.1,65,-0.554744873046875,1.1491933250427246,-65.63753052755392,-36.44178446749686,-141.34168072181777,527.1000689678978,33.65435353136339,84.19748359698553,-935.7958033903896,1024.0839214322416,18.268472566473402,29.621084552226137,-1.2708700752258302,1.9627831077575686,-2.4064415802202026,5.184801108824489,0.7553545236587524,2.328084945678711,-0.05081140995025635,0.09232223033905029,0.09861665219068527,3.1300809383392334,-16.254736903795635,14.999238851320571,-395.9660103380156,221.11062675531795,-40.79857430884582,61.25682477882616,3.0500988960266113,3.0977320671081543,-0.004099768586456776,0.01849827915430069,0.3290560841560364,0.5106276869773865,18.622102668236856,39.41189905826607,-114.70765858167653,234.17186090134993,-3.3569735947328585,16.75496663332892
pi_3,upstream,3.1,3.1500000000000004,49,-0.4842372846603394,0.727895498275757,-64.69243042191007,-18.091875082968766,-107.27275178330753,556.6800336593354,14.2807780827161,80.21446561268176,-796.830577707251,-110.46138461619296,13.488652033667623,26.577947743289606,-1.085459089279175,2.0417894554138187,-2.565420479577483,5.872687568404066,1.201775074005127,2.0741634368896484,-0.04321892186999321,0.07670149207115173,0.273530513048172,1.884329915046692,-13.420627601100653,9.606888171412837,-249.5128482677921,188.4353569358138,-54.05962222395194,70.77230965121859,3.1257567405700684,3.1499927043914795,-0.005969759542495012,0.022115793079137802,0.37299081683158875,0.540503740310669,24.035937708178867,39.66527858590604,-140.33186457378807,14.419955139886158,-4.4330654686982855,18.965398910382927
pi_3,upstream,3.1500000000000004,3.2,49,-0.556614842414856,0.964407720565796,-56.8709724825588,-1.9297867070565933,181.7494213610717,560.4251629850369,1.795906888474704,54.271877182599255,-719.901337462697,-130.91237801018016,6.470676091170249,26.657370685973834,-1.0076262664794924,2.0142833518981935,-2.7644619628829714,6.049889612603934,1.2335059642791748,2.155225992202759,-0.044909872114658356,0.06746914237737656,0.16010741889476776,1.2294546365737915,-6.19128943306835,10.332547105628855,-236.44483857410344,-19.044884547671476,-62.18739707210538,54.12529449282162,3.1509130001068115,3.198932647705078,-0.007524595595896244,0.02514750137925148,0.3948216438293457,0.5756602883338928,25.28578036402116,40.74206473874772,-92.30082685847783,37.54435116936075,-6.72763942379858,12.228415137637748
pi_3,upstream,3.2,3.25,52,-0.5289665126800538,0.6673616027832032,-51.290666949523356,4.023480878720568,108.1539076579417,518.7744508602457,-2.9771522469352667,40.9777199254915,-595.228036731,-44.681526606714314,4.768473718088813,24.431906024957414,-0.9684282398223878,1.7069612312316895,-1.6873701575376987,6.245053057655602,1.3304131031036377,1.8893215656280518,-0.04089096561074257,0.07556896656751633,0.01936056837439537,0.9370523691177368,-6.5064779038286975,14.614330370833672,-256.9239040455794,-33.30762239324228,-66.27026559188556,82.94350867669539,3.2000482082366943,3.248931407928467,-0.008354201912879944,0.024611394852399826,0.40066447854042053,0.6064460873603821,32.99464946509396,41.44405792126329,-115.93303549991182,44.215273988307146,-7.96312144665604,22.909062037199913
pi_3,upstream,3.25,3.3000000000000003,53,-0.6001712799072266,1.0861506938934327,-39.80117202963261,10.148984917911116,-30.209872057453037,518.7774561434804,-7.8853364297901845,22.659427486631394,-591.331987545398,200.0158333905437,-0.7285861563990387,17.262499151125127,-0.9320102500915528,1.9859805679321292,-3.170725340386413,5.662126775100279,1.4733874797821045,2.1698055267333984,-0.0451648123562336,0.07097962498664856,-0.2586682140827179,1.0305662155151367,-8.702991181937104,15.727212365891578,-256.11119349661794,-38.048808450890384,-69.94149227076741,58.54774635775649,3.2501442432403564,3.299567461013794,-0.010162941180169582,0.02931228093802929,0.4104442596435547,0.6200085878372192,32.53876507384687,42.60165204217539,-94.89098485590841,50.18956190814185,-10.566754995729962,14.781045285013398
pi_3,upstream,3.3000000000000003,3.35,51,-0.5578753519058228,1.0260274887084961,-29.27237053726084,9.328817509923278,-181.14102909094197,502.6561333247427,-6.8972206465272565,27.798359365311438,-602.7490585544246,406.0299935517059,-4.2461396591388505,14.117605992951212,-1.0772638416290283,1.6339690399169924,-0.6458525724358278,6.685874109010986,1.4868969917297363,2.098607063293457,-0.033445924520492554,0.061781734228134155,-0.30114293098449707,0.95536208152771,-8.549918104900657,16.018364547189005,-230.0408532082995,9.265095260061644,-26.422238464546655,91.32072886352685,3.3007900714874268,3.3493704795837402,-0.00634355191141367,0.02060612663626671,0.41723570227622986,0.6434582471847534,34.24717297018548,42.185218823574296,-54.537216371475914,64.6141632842109,-2.844669429477594,27.595754558578076
pi_3,upstream,3.35,3.4000000000000004,60,-0.48737841129302983,0.9541068172454835,-13.580666617316869,9.13038600038242,-334.7878966591847,321.81542765160617,-17.051929262962844,33.004122937472765,-372.7771356152288,477.81254965287195,-8.053581556209616,6.894998631013163,-1.088685932159424,1.950224475860596,-3.6922564725609557,6.876797135753893,1.4551316499710083,1.9479610919952393,-0.04532095789909363,0.0694284662604332,-0.6317777633666992,1.0944358110427856,-9.154876497425148,15.662170181972838,-215.05823220722957,74.98613338795543,-72.77162896468639,60.596748467246954,3.350691318511963,3.39874005317688,-0.012950358912348747,0.033159419894218445,0.4469020962715149,0.6542330384254456,31.76203596143302,42.310426436344386,-79.72054731304146,86.96872356969149,-14.688103912043664,17.730020967916484
pi_3,upstream,3.4000000000000004,3.45,53,-0.6448665618896485,0.9587818241119386,-15.277562229809421,9.21814112461239,-313.1813308802797,328.3965608037236,-16.104698138297966,50.05817980436207,-233.10703440974493,428.9089689314709,-8.946632480904093,8.04043284744077,-1.1127226638793946,1.6904946327209474,-3.2797773846240768,7.434377229733949,1.5469001531600952,2.0229015350341797,-0.08499888330698013,0.05864790454506874,-0.4920336604118347,1.1557422876358032,-9.45735227859281,15.522094954926924,-230.0689116254099,105.54105294189917,-73.07459566570064,92.0314510278017,3.400378465652466,3.449939727783203,-0.013931291177868843,0.03145861253142357,0.43015703558921814,0.6741217970848083,34.80670889718209,41.74326118804487,-102.415544717323,73.8669249301788,-16.109757558607786,33.05968169198173
pi_3,upstream,3.45,3.5,61,-0.6226820087432862,0.4798524045944214,-21.61680081737624,6.53107981833226,-350.9257758564706,279.9764755132894,-8.397193367511878,62.861215724294645,-238.48064475811745,593.7310231894733,-9.895296613918003,6.980686699626201,-1.252090072631836,1.8849048233032228,-4.290009495489387,7.723362373711493,1.5103569030761719,2.0669896602630615,-0.06076958030462265,0.08025912195444107,-0.5383690595626831,1.345230221748352,-10.943546800474223,14.94764018723571,-193.75737203519603,113.24142870273906,-72.88526282190789,87.30222804648487,3.4501044750213623,3.4990227222442627,-0.01566818170249462,0.03543000668287277,0.4220932126045227,0.7092230319976807,33.38463960632335,41.97373909139778,-54.507054256101135,90.44796046119345,-18.95435875546126,34.90431081464306
pi_3,upstream,3.5,3.5500000000000003,57,-0.6241877841949464,0.8610631656646729,-26.620440308976672,7.777299058819861,-521.0793391768015,331.4564855518893,-12.311190582705374,73.4345261443928,-387.6131807567103,697.6982502824397,-9.978601972517021,7.7920781387469065,-1.3657336616516114,1.8898233604431154,-4.503022574420468,8.00761100298749,1.44010591506958,2.1118345260620117,-0.1942441165447235,0.07976355403661728,-0.31421977281570435,1.8772611618041992,-10.736925894118523,13.597367283611195,-148.6349976986924,182.45715190249007,-70.97260494862921,50.92703450830105,3.5013716220855713,3.549637794494629,-0.0165006872266531,0.036185815930366516,0.41607341170310974,0.7362023591995239,30.510369645082335,41.66684844670535,-52.660167689435106,106.64724988930692,-20.395423050885924,22.544056476114097
pi_3,upstream,3.5500000000000003,3.6,38,-0.48820052623748783,0.7190545749664308,-45.21613917342955,1.7358036783778248,-487.9617189858906,166.0373634774011,-6.169257377240005,95.80612092166339,-159.5455145581141,819.5512839435685,-10.559072647181466,10.08868866060733,-1.235384216308594,1.5305163383483888,-2.1069655370961926,7.740180407566329,1.424874186515808,2.2166316509246826,-0.10763879120349884,0.08500352501869202,0.0698881447315216,1.3374669551849365,-11.084948791766413,10.210822889335473,-116.19027408443284,178.1154875150581,-39.86593588334267,47.46125650455859,3.5510356426239014,3.5998082160949707,-0.010429943911731243,0.03012428618967533,0.4521978199481964,0.7402535676956177,26.17190520127652,40.65833686480712,-58.200479049785535,135.947169994585,-11.916713714380197,22.242588785995753
pi_3,upstream,3.6,3.6500000000000004,54,-0.5832252979278565,0.8013961791992188,-52.69108795580775,9.636030881053989,-481.2538721642911,299.40489396587736,-12.79426339571734,110.46421231450934,-407.03053430284274,766.7753411326071,-12.098924696026616,10.985981685342171,-1.1074937057495118,1.822985649108887,-5.211637400345162,8.623564306075808,1.3267360925674438,2.207399606704712,-0.2773427963256836,0.11429277807474136,-0.32519176602363586,2.400733232498169,-13.360493761874215,8.866310396502218,-91.68779688990168,118.86804974853635,-70.64063043420991,46.545601344426686,3.6000497341156006,3.6487932205200195,-0.01829615607857704,0.03834466636180878,0.40544694662094116,0.870521605014801,14.203603775284126,41.07999176302869,-41.47011850804147,105.2165643148102,-23.203893218547876,25.48703172725484
pi_3,upstream,3.6500000000000004,3.7,59,-0.7409337806701661,1.1699211692810059,-58.05622545451486,11.054323077301722,-453.7496566031336,165.84260746340735,-16.215965334972058,125.251011792075,-336.22578808325574,909.7080324593093,-10.4657170627019,14.302625065537962,-1.1956730270385743,1.7645009994506837,-5.495129676226517,8.899676188154865,1.1131482124328613,2.2018604278564453,-0.2842571437358856,0.12888354063034058,-1.1594725847244263,2.322056531906128,-20.05824727142771,10.438956330255778,-232.0043413493814,139.58565274658582,-19.87158332405314,49.72267066704728,3.6515636444091797,3.699993133544922,-0.022088143974542618,0.03861188888549805,0.37673819065093994,0.917759895324707,4.632279545105899,40.60783103098946,-31.968430617772466,151.06590300543496,-10.953840147162948,42.97874130420883
pi_3,upstream,3.7,3.75,40,-0.7594472885131837,1.643352966308594,-64.8947542855042,9.319652249830767,-556.1448200359732,38.70477298858924,-26.268632632754947,131.6627562527761,-241.0614453963851,1346.7773562412744,-15.255875781476453,16.184578610858715,-1.305786762237549,1.9453893852233888,-5.769239641006977,8.286870128996602,0.9473251700401306,2.224844217300415,-0.28852155804634094,0.13099265098571777,-1.5971075296401978,2.0829885005950928,-19.90187692056944,8.830949653395416,-585.0077787890998,148.63319452875152,-27.845842840421366,33.98633146087728,3.70027494430542,3.74947452545166,-0.033889900892972946,0.037021540105342865,0.3484480381011963,1.007452130317688,4.810752388118332,41.17802205309129,-49.88394509372963,126.51861293975934,-14.103865055271452,25.654553603107864
pi_3,upstream,3.75,3.8000000000000003,39,-0.5853262138366699,1.3636474990844727,-68.37373846000688,4.13744258502223,-525.7872519679079,150.81768027061835,-30.866598161244347,120.60065017491515,-344.8217723990136,915.5610674459033,-27.920400421107896,10.404430336646893,-1.0952874851226808,2.0260613250732424,-6.063880620794714,8.71987156105265,0.6467005014419556,2.287752866744995,-0.3178789019584656,0.13501101732254028,-0.018508413806557655,2.075441360473633,-20.000629503136775,12.989673400324113,-355.3700433456145,151.934880652779,-24.935839036990142,25.90676921052767,3.7506322860717773,3.7991888523101807,-0.04011877253651619,0.03795554116368294,0.49099186062812805,1.0494788885116577,-28.338449743741027,41.61522929205298,-143.18983428857484,139.7110003782339,-15.17827364955172,28.421342737923005
pi_3,upstream,3.8000000000000003,3.85,35,-0.7122998142242433,3.2162618637084965,-69.08103186931838,9.758975139887864,-514.9800348894935,158.41275500502417,-32.2738152057529,146.55553294550367,-313.5451067554746,810.6630768143608,-22.98067277742875,13.315024128275514,-1.0836510372161867,1.4716428947448732,-3.341972582524231,9.00902607598955,0.5526314377784729,2.302072286605835,-0.1986200511455536,0.5859202742576599,-0.216571643948555,1.8206843137741089,-29.577703898822506,119.30729921405987,-277.7534128629904,91.24892991497168,-22.37760875883479,116.6581693633354,3.8026561737060547,3.849975347518921,-0.011995319277048111,0.034249722957611084,0.31039315462112427,1.042966365814209,-34.20878047686084,42.56044551091271,-528.1596225534635,126.66991529025346,-15.505147074165556,27.462892916584313
pi_3,upstream,3.85,3.9000000000000004,25,-0.6893637084960939,2.707806434631348,-63.79309258370533,11.425910127586157,-401.2511014347448,203.3916680482008,-45.35698791939897,148.62585890558293,-339.4478342015609,863.3437248260223,-1.3034348674279161,9.553360421646522,-1.0378179454803467,1.6147167968750002,-2.0970342950525254,6.970617218304452,1.519832730293274,2.3383402824401855,-0.29776835441589355,0.079119473695755,-0.3562292754650116,1.722641110420227,-22.28025124240543,3.233342824305513,-315.8454598264215,21.97647174887994,-12.344941962488992,18.41948681405572,3.8500256538391113,3.8995983600616455,-0.057907845824956894,0.03364091366529465,0.3043130338191986,1.155272364616394,-2.5036581339040067,42.551470642343304,-288.6598589296667,138.96126417341995,-2.8857001207033157,27.721157568319
pi_3,upstream,3.9000000000000004,3.95,10,-0.6992310905456544,2.6747837829589844,-66.28234819652731,12.227774336145654,-454.0618235689599,218.67438024064444,-50.65625848884506,147.38693089203431,-407.3995284425635,793.2220521649499,-7.143948843267376,9.520426967619919,-0.8678771400451661,1.5412941551208497,-2.3736544071459753,7.072209812337146,1.4527355432510376,2.278477907180786,-0.29478350281715393,0.21787157654762268,-0.4202367663383484,1.4769260883331299,-15.409572710992842,27.63033329663454,-325.42876164708304,106.26871397531565,-11.599247522116386,31.11930150015648,3.904329776763916,3.9414572715759277,-0.06383147835731506,0.03374890983104706,0.29600653052330017,1.1851811408996582,-24.06617324808722,42.55817447301367,-235.6678362541228,183.33140245587336,-1.791154030297326,25.08325489174481
pi_3,upstream,3.95,4.0,3,-0.20088580608367923,2.9582920074462895,-63.32028639878954,4.200046391407275,-32.96590802906654,75.8707726590663,-16.57487128528872,143.48164729067446,-359.4643319416869,-167.71765831511593,-1.2168717619920206,4.459736349797853,-0.13460535049438477,1.142256717681885,-1.0541664547079808,0.4124086281454791,1.5324578285217285,2.41489315032959,-0.19455040991306305,-0.04577445611357689,-0.6225960850715637,0.46158650517463684,-71.13214450726237,-8.932264410675154,-225.24540471279022,38.1448784766612,-81.30767837047733,5.742184858346148,3.9549286365509033,3.99690580368042,-0.006133966613560915,0.022412866353988647,0.27485647797584534,0.9439340829849243,-14.958273084226127,39.1743519091222,10.445625156206647,53.87307268224597,-3.055041934917283,9.376532690119614
pi_3,upstream,4.0,4.05,4,-0.697811098098755,1.4379325103759768,-52.066972590208664,15.781570426401125,148.99698406432475,490.868483572108,-67.07887119715586,113.38485584512016,-877.984535840268,-249.75928149304613,-0.45756980744125364,10.959678127749692,0.5499795103073121,1.0102622413635254,-3.0243295999903004,2.5214969271043692,0.8751216530799866,2.0861976146698,-0.29371458292007446,-0.1509828120470047,-0.05288664624094963,1.2152440547943115,-47.31752883385401,-14.242227641266902,-29.951062529422913,30.063388405418358,-76.50216900632063,12.438542021101199,4.005552768707275,4.045808792114258,-0.08173514902591705,0.012091128155589104,0.27945050597190857,1.2592893838882446,9.838364989931861,41.62828519865146,16.773551242960632,38.066058093639256,-6.239402019523202,20.162717778060333
pi_3,upstream,4.05,4.1000000000000005,6,-0.6956095790863038,0.6212636184692384,-35.78519496748895,18.199802317138722,126.1093206839355,187.31759647814118,-70.93351577600923,71.70769722786267,-898.8680304728788,-207.55475030959363,4.054684023287438,12.76303790390554,-0.29627877712249756,0.6715873336791993,-4.098922389132335,2.286794245946811,1.1315503120422363,2.1266348361968994,-0.2783214747905731,0.04483310505747795,0.31030046939849854,1.0133264064788818,-17.895949399079658,-10.458628982612707,-25.167348298907722,248.08484695763917,4.141442514554919,36.17444061809881,4.053435325622559,4.096851348876953,-0.08744603395462036,0.009112861938774586,0.2908332347869873,1.276124358177185,20.805427277944794,41.6658341636136,-29.133266904624364,43.02485739333855,-7.052998462373951,20.308900887451447
pi_3,upstream,4.1000000000000005,4.15,3,-0.6944625568389893,1.0993543338775635,-31.405868916973535,18.967561683625053,45.77563411929115,141.0541160973819,-70.43765087245548,63.541065433521034,-265.6237072367214,279.6559483959191,4.051266658682006,13.575065251655168,0.1823567271232605,0.6642633342742921,-4.436129358131974,1.763877368808545,1.8025459051132202,2.1445000171661377,-0.13589338958263397,0.07170528173446655,0.10050113499164581,2.085435152053833,-16.285553009783442,-11.295981146552297,-143.6529211143017,-12.593950169060147,2.702502443002826,26.382664348495602,4.130641460418701,4.148345470428467,-0.023619769141077995,0.011423305608332157,0.3590124547481537,1.2161375284194946,7.0546283323657235,41.45063197833943,29.427187020082936,103.34857587870341,-5.703581363843399,20.248803264236876
pi_3,upstream,4.15,4.2,4,-0.6937892436981202,1.0310744667053224,-34.46262445736436,19.49820249533793,-175.45568890885008,102.93252173560126,-78.2344347534301,74.45509984036528,-166.8963280674219,592.115273639415,2.2325778405040344,14.308234197447478,0.11942790865898134,0.6743407344818115,-4.634913452531713,1.4781771085510043,1.9275981187820435,2.1609597206115723,-0.26440900564193726,0.10814915597438812,0.07961084693670273,2.484790563583374,-19.341120097258685,-12.04051189344506,-92.14720907385508,-17.122725881257317,2.8010136210716854,24.82717072729524,4.157944202423096,4.196923732757568,-0.10371998697519302,0.01339549757540226,0.4080003798007965,1.3003818988800049,13.05750400897151,41.619064443271945,-83.86853485636856,30.472158151770696,-5.068314648081628,20.613001705549284
pi_3,upstream,4.2,4.25,2,-0.6932869625091553,0.9002870273590089,-43.839531621686405,19.854255134128817,-469.0526407970338,95.71950046260929,-75.83928548699255,91.34993475241782,-136.42267410422295,880.3500215951402,2.9353166824138865,14.953696294939236,-0.015477099269628525,0.5774188899993897,-4.890680256034042,1.1783886164252555,2.015409231185913,2.1759591102600098,-0.12254060804843903,0.16559191048145294,0.13433195650577545,3.086700916290283,-17.281003562441317,-16.022389236157434,-21.681750793741184,18.311566410074935,6.229133376825275,21.955914587025497,4.225388050079346,4.226377964019775,-0.028937745839357376,0.016447801142930984,0.4680754244327545,1.230364203453064,9.98746375064501,41.3986610689448,30.848108839161124,32.34637572040054,-4.625136436841312,20.611754622363662
pi_3,upstream,4.3,4.3500000000000005,2,0.9126985263824464,0.9299487876892091,-60.85134376855918,-56.765080644761504,-263.65043826474806,-207.14376416685562,118.93561397980612,127.37203141617408,351.3683721146874,503.52367663236106,2.110256379165039,2.2124262167169593,-0.01863778054714203,-0.0003509648097679019,-6.227120513400386,-5.675798508264953,1.7681972980499268,1.8463058471679688,0.10274536907672882,0.12874756753444672,1.7005994319915771,2.1887965202331543,-30.6916360354653,-25.75600644497798,5.940554896184475,20.927378598028078,19.2798242720997,19.304139745544944,4.304317951202393,4.3406982421875,0.022368382662534714,0.02461657114326954,0.5741114020347595,0.6124737858772278,-12.133387952005247,-10.339924563706116,0.07133185432939508,22.4818118323598,-3.690912831271078,-3.292145122916797
pi_3,upstream,4.3500000000000005,4.4,1,0.9049983501434327,0.9049983501434327,-63.81986692525178,-63.81986692525178,-158.11153000224826,-158.11153000224826,133.13896503809096,133.13896503809096,236.37197411603776,236.37197411603776,2.199667725759788,2.199667725759788,-0.02758935391902924,-0.02758935391902924,-6.872950576789939,-6.872950576789939,1.7118571996688843,1.7118571996688843,0.07783662527799606,0.07783662527799606,1.2596333026885986,1.2596333026885986,-34.96392619149745,-34.96392619149745,28.249660699625444,28.249660699625444,19.52016155351952,19.52016155351952,4.375769138336182,4.375769138336182,0.02633786015212536,0.02633786015212536,0.6414555311203003,0.6414555311203003,-11.62057734912069,-11.62057734912069,-9.868229992077742,-9.868229992077742,-2.9187594055365325,-2.9187594055365325
pi_3,upstream,4.4,4.45,1,0.8968294048309327,0.8968294048309327,-67.42135054251864,-67.42135054251864,-93.31352534633729,-93.31352534633729,139.38798707200564,139.38798707200564,97.99935613585703,97.99935613585703,2.705531710537809,2.705531710537809,-0.03475444406270981,-0.03475444406270981,-8.371084972877993,-8.371084972877993,1.6481988430023193,1.6481988430023193,0.04146234318614006,0.04146234318614006,0.5557916164398193,0.5557916164398193,-40.449657510190306,-40.449657510190306,34.12180143287531,34.12180143287531,20.110269407241113,20.110269407241113,4.443419933319092,4.443419933319092,0.028484757989645004,0.028484757989645004,0.6760092377662659,0.6760092377662659,-2.304326746940001,-2.304326746940001,-105.58204090710842,-105.58204090710842,-2.2298449462172187,-2.2298449462172187
pi_3,upstream,4.45,4.5,1,0.8924788379669191,0.8924788379669191,-68.38105359260796,-68.38105359260796,-71.08447661704486,-71.08447661704486,140.90687087925474,140.90687087925474,61.062150727102456,61.062150727102456,2.987142583202863,2.987142583202863,-0.03321524828672409,-0.03321524828672409,-9.181400992299901,-9.181400992299901,1.6339699029922485,1.6339699029922485,0.03011504001915455,0.03011504001915455,0.273436039686203,0.273436039686203,-41.80291947535034,-41.80291947535034,32.86841049375919,32.86841049375919,20.34226532013706,20.34226532013706,4.476563930511475,4.476563930511475,0.02909417264163494,0.02909417264163494,0.683709442615509,0.683709442615509,4.392566799108309,4.392566799108309,-130.02681666353132,-130.02681666353132,-1.894145954438656,-1.894145954438656
pi_4,downstream,3.5500000000000003,3.6,5,-0.9398056221008302,0.16676945447921754,-64.58105052711468,-59.03839299678435,-210.25577593763185,-151.68544214429014,104.97394916530219,132.04280163857393,-296.9923072264888,368.42237092496873,4.598135787144307,18.86465696201026,-1.148252582550049,1.4706304550170899,-0.26331536360762187,23.2219125856075,1.3894227743148804,1.8853085041046143,-0.03445496782660484,0.09889812022447586,-1.0993149280548096,-0.22735707461833954,-9.160814493134827,47.36131376152838,-8.140757330218335,244.78742287165377,-0.9471972938841456,68.06571058881764,3.561764717102051,3.5900135040283203,-0.005758367013186216,0.05451572686433792,0.5119071006774902,0.7035879492759705,-44.36620067839692,26.181177183074812,-2.2117159985403863,71.390291506943,0.5462032329670794,46.22981083880742
pi_4,downstream,3.6,3.6500000000000004,9,-0.5901982879638672,0.16314316987991334,-67.88017533020341,-56.85092587734481,-214.72911271188332,-116.50190829550385,122.36337173553369,138.68311154966034,114.12821265324932,435.6158868473433,-8.4700812148959,8.34192171227616,-1.1845873260498048,1.9165676307678225,-0.46434682315845527,9.966743209669158,1.7013180255889893,2.016388416290283,-0.013792173005640507,0.08632266521453857,-1.069307565689087,-0.16813687980175018,-5.347384983280602,29.654184942053725,-47.17221997435658,65.34769145012443,-0.7487669582820525,18.525438416008253,3.6029250621795654,3.6481425762176514,6.982064223848283e-05,0.04110359773039818,0.4950997829437256,0.739259660243988,-38.033058034664336,29.278729443378126,-180.59078905140575,127.50919527508628,0.5810249852746002,17.198539331523236
pi_4,downstream,3.6500000000000004,3.7,21,-0.8403480052947999,0.14825200796127322,-69.8162675825244,-58.55732228297285,-227.56038804893933,-39.36927184765603,101.040450052481,140.60837795214687,-598.4801356816532,411.55558926948953,-8.896706636248497,21.985308495329214,-1.5101852989196778,1.9478240203857424,-0.678935330420703,26.284940239690012,1.5350366830825806,2.0018765926361084,-0.042019281536340714,0.28196874260902405,-2.513388156890869,-0.06951816380023956,-10.532733973786405,32.20578310652499,-106.35506805699212,219.32536557043835,-1.1274810975219842,68.8223930960175,3.653182029724121,3.6994664669036865,-0.008019238710403442,0.05916127935051918,0.44692090153694153,0.7457995414733887,-44.077881318057756,33.04268960062124,-170.20007690857872,134.4840751724766,0.5964035822886992,50.931559462467966
pi_4,downstream,3.7,3.75,44,-0.8606534099578859,0.8272318840026857,-71.00315638478668,-58.80299735722904,-267.46512623695685,-11.562372184561134,88.2570543415068,142.24172206950703,-577.7374522289714,431.2470246466363,-19.285710542432945,14.782476691780039,-1.5292829322814943,2.124550762176514,-2.2486314365900033,22.46441725377661,1.4253621101379395,2.063627004623413,-0.08006561547517776,0.2390974909067154,-2.5430638790130615,-0.05777287483215332,-11.632700081123817,42.09900134568123,-141.16697814322717,234.95364435374958,-6.019415406567796,48.215889955007455,3.7000904083251953,3.7481577396392822,-0.0035286403726786375,0.05483660846948624,0.41131311655044556,0.7411827445030212,-44.04484027794782,38.30163473320758,-201.6564311688024,131.48681057975656,-4.625145962473617,42.89498438883362
pi_4,downstream,3.75,3.8000000000000003,46,-0.7594979572296143,0.5359062576293946,-71.90479599674173,-58.4360454440701,-197.0276939305548,22.873239728409473,84.58168173779875,142.66318572243182,-536.3172180075331,374.1340209957435,-23.5615173030907,20.161912007368898,-1.4400415039062502,2.0492647933959964,-3.122590053945265,25.28657093570716,1.383814811706543,2.1704537868499756,-0.04921508580446243,0.16200098395347595,-2.5679454803466797,-0.10391556471586227,-17.740975821906655,28.710645534635237,-203.78751849173807,161.88647993386593,-8.061333329228487,52.14345704853447,3.7504146099090576,3.799677610397339,-0.011691928841173649,0.0539272166788578,0.3241622745990753,0.7734865546226501,-43.358758021103796,39.16980300313497,-197.18200156428372,143.1047028107598,-4.688279645695289,47.73476903576509
pi_4,downstream,3.8000000000000003,3.85,47,-0.8621429634094239,3.8346007156372073,-72.29345425108296,-62.156087484950035,-164.93580422843976,288.60975266191554,96.61124313045698,144.79428670574586,-286.02878809910777,436.28281383866,-26.004878046293634,21.34358309174831,-1.279055976867676,2.111735649108887,-3.4889670578877423,26.49079216975132,1.478658676147461,2.6563735008239746,-0.36984166502952576,0.12487832456827164,-3.025740385055542,-0.05445970594882965,-100.81277935687697,25.966961960135702,-482.1776962306704,139.70593237786974,-89.5966388528539,52.2968767576713,3.8001272678375244,3.849759340286255,-0.012686596252024174,0.06268765032291412,0.28303638100624084,0.781072735786438,-43.38978757050316,35.22175558738167,-207.27368802524762,153.74609655650465,-10.548217755397193,49.59227656559188
pi_4,downstream,3.85,3.9000000000000004,55,-0.7885043621063234,0.6654222393035889,-72.57407257313294,-63.597598909281224,-201.69652437923037,79.76902799577022,38.39092238113257,142.916613061396,-441.1639948686313,394.37662531815363,-22.512245212735245,22.993597610216707,-1.2058474922180178,1.9265111160278323,-3.0140754047641924,28.7526257489538,1.5218056440353394,2.180483102798462,-0.06307610124349594,0.13415402173995972,-3.028563976287842,-0.16084939241409302,-16.59226094691557,21.541735330850507,-108.78490102403498,101.75895863240967,-17.064686348785134,54.35420145266542,3.8507325649261475,3.8998477458953857,-0.014047810807824135,0.06767662614583969,0.3433643579483032,0.802975058555603,-42.83569871936963,34.739014892318096,-188.87136889167073,135.25066828416215,-16.064217570232326,53.14945817066084
pi_4,downstream,3.9000000000000004,3.95,40,-0.7621962833404542,0.8380856704711915,-71.73410273919394,-64.62766656820003,-152.93143257344053,70.85274195888466,75.74858740500395,142.60088073682297,-1213.667132639211,475.7760604499409,-20.34217375017941,23.402499941364198,-1.1098186588287355,1.9365287017822268,-4.65489811017291,29.756909201639118,1.364797592163086,2.610729932785034,-0.06773205101490021,0.12043639272451401,-3.310637950897217,-0.2443862110376358,-19.958663113328925,23.99943717725432,-211.83680080594974,372.9685721572859,-14.988906482653634,55.69636777551878,3.9003803730010986,3.949298620223999,-0.01624913327395916,0.07021091878414154,0.3498404026031494,0.7027678489685059,-43.27434712824619,34.23282615783387,-190.15019887035055,144.06449465330832,-16.359542534727538,54.779523173036196
pi_4,downstream,3.95,4.0,49,-0.7777710056304933,1.2876604461669923,-72.09210027435098,-68.32378928660657,-209.32618719159314,65.10274720610943,28.496742792850657,144.22186221178544,-1540.072693299876,313.2403710354653,-12.024097201015016,13.778599966531077,-0.8717413806915284,2.0501657485961915,-5.05051723565614,14.387201864926672,1.579798936843872,2.526479959487915,-0.06972729414701462,0.15358340740203857,-3.682218074798584,-0.6557871699333191,-20.029939552412593,24.702463425881852,-80.27962561736369,539.657125870156,-106.27704680610306,31.372776650444823,3.9503796100616455,3.998865842819214,-0.017553815618157387,0.06639272719621658,0.2697603106498718,0.7491583824157715,-39.57065314514468,32.785256355708874,-78.21908731836507,209.88981440190258,-16.63263957871759,36.076884763657596
pi_4,downstream,4.0,4.05,48,-0.6771033477783204,3.7667203903198248,-72.2751561742965,-63.72405986176401,-84.38163232719825,84.37858606282842,23.121590529273014,142.94916574298026,-973.2764937815912,565.304650128094,-11.538292476967028,22.654053237468325,-1.0663939666748048,2.271037826538086,-3.5872931506941956,31.300824970772577,1.5380573272705078,2.2301909923553467,-1.1687426567077637,0.15371854603290558,-3.437192916870117,-0.4991973638534546,-163.39830132551322,25.93966852421233,-385.31285500652,340.94850872448274,-288.94164521406475,55.82605940747898,4.000225067138672,4.049188613891602,-0.005767771042883396,0.06827786564826965,0.2790932059288025,0.7115573883056641,-47.23824399796851,28.74249470673501,-8.308558002652623,656.6387046906915,-16.873177460426625,57.09145869356136
pi_4,downstream,4.05,4.1000000000000005,25,-0.79984601020813,1.0924486351013185,-79.25476256259245,-66.11428456180998,-514.9800348894935,165.3638658441028,20.31219711986337,143.0750188086269,-580.8116384121241,347.1042030535784,-10.211299297873602,15.53112376653276,-0.6933409023284913,2.0149772262573244,-6.228839234488994,15.829545254095988,1.1135808229446411,2.1468074321746826,-0.2727457880973816,0.14528004825115204,-3.2900078296661377,-0.03466598317027092,-24.283595244841653,128.77683740390563,-102.67423130194805,327.9358782045846,-119.2901417788648,26.604669402183113,4.051515102386475,4.099884510040283,-0.02159009501338005,0.05688522756099701,0.268344908952713,0.6311212778091431,-40.849063067190556,30.66917154328513,-48.11344394764643,188.61036004272785,-16.95479497634671,33.17713341886502
pi_4,downstream,4.1000000000000005,4.15,22,-0.7733444023132325,0.7748875617980958,-79.95157846171715,-68.60795930702496,-651.2705038521417,36.49806181116318,37.07416436199166,143.1324470391684,-423.2021819553852,455.0045535989617,-10.255984255565501,-0.04480999446003088,-0.7944209861755371,2.285618133544922,-6.6163102655548665,11.29040929862921,1.0580132007598877,2.1983678340911865,-0.07227785885334015,0.13933078944683075,-3.4257943630218506,-0.059588853269815445,-19.774128477428107,112.21255632692501,-266.7092155411332,554.7349597082559,-72.25562866345943,22.726143066896785,4.101349353790283,4.149651050567627,-0.022946376353502274,0.07391645759344101,0.27519312500953674,0.5485193133354187,-37.851166681972316,27.70220566972329,-156.97202222225835,143.67658088958663,-17.07108239255209,33.391351578841785
pi_4,downstream,4.15,4.2,14,-0.7075197315216065,2.1476910781860354,-76.35382412773713,-59.00077231483593,-647.8761184006987,320.5393843901077,28.577344147698685,144.54182925364384,-200.57570399680964,441.47646236278104,-9.735884883624337,11.507167583727556,-0.6993838977813721,1.7188418769836427,-4.960205551988402,16.635897245046685,1.2179139852523804,2.1571602821350098,-0.3992956578731537,0.35319459438323975,-3.0619308948516846,-0.40600815415382385,-14.254189010050887,44.1626473807522,-358.7174370955677,452.51306451428115,-48.339277322363735,65.50324217828229,4.153566360473633,4.199830055236816,-0.005954747088253498,0.07676113396883011,0.26830464601516724,0.547052264213562,-54.522196785491055,16.237622157282875,-1360.7913744557666,138.1810926456644,-17.205825934854126,33.78512185640423
pi_4,downstream,4.2,4.25,4,-0.8458502006530763,-0.2679052472114563,-74.70333623556022,-71.67365556503933,-821.6788605492708,33.57192680845968,123.42866268000225,141.92060755586803,-100.14417213902442,165.09472907004763,-10.343244958526983,-3.074655933731917,-0.14446423768997194,1.0645067405700686,0.44213338546679176,5.581968048086685,1.2129069566726685,2.0178370475769043,0.031596772372722626,0.07513511180877686,-3.476473093032837,-1.4989664554595947,-13.841261386041303,15.904179152192023,-84.41798259396106,493.10113580800174,-8.286670661457318,13.224946096474373,4.20077657699585,4.2398481369018555,0.016253607347607613,0.04883696511387825,0.28003525733947754,0.4467015862464905,-33.42148506180098,7.999437301196187,64.42655847827817,122.12820832241016,5.832607633512857,21.642429274481504
pi_4,downstream,4.25,4.3,2,-0.745140085220337,-0.49073002338409427,-72.34368346223924,-72.18704673400333,21.358086911994498,28.63789377469085,123.73387651325343,134.02952608321223,-172.9200221606179,4.907519093184488,-10.451292527645405,-5.1351924456558615,1.0541036987304688,1.5283739662170412,0.7298984373046622,5.450328375386136,1.8726069927215576,2.0211281776428223,0.06447891145944595,0.10166270285844803,-3.7128210067749023,-2.961686849594116,-14.069245416573512,-8.797508193445388,-75.90615303896698,6.1409441086961865,12.04805583738334,22.99901936952255,4.260484218597412,4.279881000518799,0.048316795378923416,0.05011206865310669,0.3005780875682831,0.3900829553604126,-32.46580840822738,1.7466765924845444,52.37769838612006,116.84322650870773,21.90066398894548,34.73182710158
pi_4,downstream,4.3,4.3500000000000005,1,-0.8706503009796144,-0.8706503009796144,-78.12689342494824,-78.12689342494824,-491.0698375488399,-491.0698375488399,126.55612433868104,126.55612433868104,328.00374296417783,328.00374296417783,-8.1998631844451,-8.1998631844451,0.34773512840271,0.34773512840271,1.718914568101375,1.718914568101375,1.1636362075805664,1.1636362075805664,0.080388642847538,0.080388642847538,-0.41191720962524414,-0.41191720962524414,67.36457117994831,67.36457117994831,246.66670844064777,246.66670844064777,-57.736654563628306,-57.736654563628306,4.306731700897217,4.306731700897217,0.051896341145038605,0.051896341145038605,0.28293049335479736,0.28293049335479736,-16.200027088543834,-16.200027088543834,71.42022822607517,71.42022822607517,21.619178000914292,21.619178000914292
pi_4,downstream,4.3500000000000005,4.4,1,-0.8864090061187745,-0.8864090061187745,-78.52484756674987,-78.52484756674987,-531.9001619920426,-531.9001619920426,124.62152789778828,124.62152789778828,371.35694804148636,371.35694804148636,-8.461073457641278,-8.461073457641278,0.3877344417572022,0.3877344417572022,0.6768962483041716,0.6768962483041716,1.1723576784133911,1.1723576784133911,0.09004683047533035,0.09004683047533035,-0.24175672233104706,-0.24175672233104706,59.27039403232218,59.27039403232218,243.8698279377976,243.8698279377976,-56.414497279948506,-56.414497279948506,4.354034423828125,4.354034423828125,0.05107245221734047,0.05107245221734047,0.2802357077598572,0.2802357077598572,-7.592668800270662,-7.592668800270662,80.59930579127696,80.59930579127696,21.95134532884419,21.95134532884419
pi_4,upstream,2.7,2.75,16,1.8435786437988284,2.002989902496338,-72.52920506047512,-71.87216818307658,-20.217551188534504,42.751660071821796,142.87560460561923,144.4199786788508,-139.79054476130787,-12.329598796292204,0.12132611390808463,0.4477585748402855,-0.14969574928283694,1.0830578327178957,-0.6706726020546075,-0.2097279479567292,1.8639659881591797,1.925232172012329,-0.01509712915867567,0.1684005707502365,-0.0878700241446495,0.04090212285518646,-5.43109193976687,35.786424401539556,-43.15785825195162,5.232364597657587,-18.02353391768091,21.284399416133816,2.7383170127868652,2.7394795417785645,-0.0026363374199718237,-0.0006068498478271067,0.11873812228441238,0.1201678067445755,-1.1090138668318565,15.708171506032874,-111.68584628907948,189.9738024048458,-1.0670799760968444,-0.6715245316346423
pi_4,upstream,2.75,2.8000000000000003,27,0.7255102634429932,1.9263402175903321,-72.23838243580515,-60.11686620635103,-34.60019471253217,482.386426811706,136.8955144400846,144.13313805446697,-359.63366599158985,-9.49191132824578,-0.2499165343607432,0.3571631170805368,-0.43806683540344243,1.583126621246338,-0.7580544914355845,0.2564535151371129,0.7270516157150269,1.931049108505249,0.0013310817303135991,0.19500461220741272,-0.06956300884485245,0.12450022995471954,-2.4364913342665706,39.72984436413017,-29.349015505032142,27.582212906384505,0.874193937518375,88.18132803417888,2.769711494445801,2.7996132373809814,-0.0028044437058269978,0.0016865349607542157,0.11819571256637573,0.11906301230192184,-0.35024292257155665,18.929657548826068,-130.89251582007375,97.09959482592373,-1.2313635193833425,0.40887400803942114
pi_4,upstream,2.8000000000000003,2.85,72,0.4759730768203736,1.920329933166504,-71.63154061861702,-50.910341525969535,-16.62539248703201,686.4245586044701,116.8979226635812,143.99586491252805,-823.7913560972856,-5.410036174103013,-0.5397488643540905,0.21856885590174516,-0.9613065814971925,1.9590628623962405,-0.8930909565695708,2.2191853471536533,0.32280173897743225,1.8383970260620117,-0.03252585604786873,0.2253236174583435,-0.13251110911369324,0.14574472606182098,-12.304311728437524,39.68197498333213,-39.916178754877286,57.94971548459768,-22.41622323330746,112.77908636763172,2.8070666790008545,2.8495986461639404,-0.0026301033794879913,0.01198605727404356,0.11720595508813858,0.11987539380788803,-11.685488051897906,18.602870563081392,-147.17143842372042,124.66140254216282,-1.0702608886711813,5.020558522505308
pi_4,upstream,2.85,2.9000000000000004,59,-1.8539282798767092,2.1413827896118165,-70.32907818540896,-28.468904649340978,-633.166568362646,578.3489454049843,25.51930111664931,130.66449678482206,-1737.9798833690966,-158.35370118946022,-0.3585267406998257,36.76815459041932,-1.5795409584045412,1.699583492279053,-1.4800414276181624,2.9511235783777767,0.562729001045227,2.1212594509124756,-0.06022829934954643,0.10857298970222473,-0.07513052225112915,3.623720645904541,-22.768524390696715,12.119283611369172,-13.496111436713049,1026.0274107794337,-24.23561145837502,144.44030532182077,2.8502964973449707,2.897167921066284,-0.0015730640152469277,0.013480876572430134,0.1172557845711708,0.23430033028125763,-17.748704180952526,6.525289952350205,-102.6626268105482,144.42702743407426,-2.445138346684344,8.012448492086248
pi_4,upstream,2.9000000000000004,2.95,45,-1.0209889221191408,1.0080445003509522,-59.99151857470296,-28.962491684806533,-606.4430434236209,583.6645811076818,25.91241606942398,102.86656259878644,-1738.7070526288928,1285.7134979668797,-0.3123156254415754,44.07179060896492,-1.1959348487854005,2.739711303710938,-1.4977012449107627,5.102127729616197,0.6949143409729004,2.2310421466827393,-0.047209881246089935,0.11206258088350296,0.07577741146087646,3.57002854347229,-25.49646267161208,11.019063933258824,-290.059392011359,788.4966540895682,-39.40627439748457,89.12535580012302,2.9256861209869385,2.9496872425079346,0.0005002485122531652,0.009413853287696838,0.11787790805101395,0.31024977564811707,-16.02047166054795,16.499366959108812,-146.05467517366665,165.7690463260463,-1.4857290897676303,13.295822285950628
pi_4,upstream,2.95,3.0,57,-0.8122147846221924,0.8011041831970216,-62.437245391944444,-27.225747041148836,-608.2063250597514,-88.33575861131285,17.794476693675364,95.59885200111019,-1449.1506357480134,1415.3384672807824,12.043192781895943,38.511722695951,-1.4242297935485841,2.686758155822754,-1.472524933570529,5.521206881992262,1.0328580141067505,2.442209243774414,-0.028163427487015724,0.1508568376302719,1.7297189235687256,3.6497368812561035,-7.6426085821608565,12.177454624982877,-526.2907188720079,860.9288977845858,-22.42683905482495,74.00747656291932,2.9502885341644287,2.999845504760742,7.553830073447898e-05,0.012904047034680843,0.15219812095165253,0.3795296549797058,-11.159936584890337,38.911307663806674,-142.27405618503786,245.093360704957,-2.5465086523223945,14.426705306628412
pi_4,upstream,3.0,3.0500000000000003,50,-0.7861509037017823,1.218911476135254,-64.80186371279203,-57.38791193479663,-247.28314667361977,9.855416557194799,35.49486753153381,106.39787285252059,-307.3318202712974,1480.6645821633188,16.675555016179427,33.09149754927634,-1.115833148956299,2.5483250808715825,-1.426281475135594,6.167341913448491,1.3264533281326294,2.506669044494629,-0.03578445687890053,0.1260732263326645,1.4073187112808228,3.479196548461914,-7.926390135570192,15.404675465357943,-511.03387943614024,178.726939709936,-32.03556113202993,76.05975716321139,3.000476121902466,3.0498974323272705,0.0007697123219259083,0.014593026600778103,0.3080156147480011,0.4778958559036255,7.0343921894022685,39.03030321952664,-126.65636419494015,235.851923512633,-2.3977935487359994,15.618792862654631
pi_4,upstream,3.0500000000000003,3.1,54,-0.8089795303344728,0.8672116374969483,-64.91355779628924,-46.01656221207418,-419.25329442636394,535.0965265990685,38.09188986908024,99.75610811114097,-996.2470210169911,1243.3140878260283,16.767156630964585,32.93579002213495,-1.2736748123168946,2.051302490234375,-1.4195196099258378,8.445648245974265,0.9394075274467468,2.6803903579711914,-0.037513721734285355,0.11889497935771942,-0.0226382315158844,3.2983548641204834,-11.632502859411533,13.990139873153717,-408.14098645810344,160.28210947896494,-32.21631184313057,83.05476562808572,3.0506999492645264,3.0987586975097656,-0.0006969028036110103,0.019220169633626938,0.2668967545032501,0.5073856711387634,0.5233382722730742,39.08198384588154,-115.88436357188633,241.61605675699013,-3.870376289721554,19.71387199729018
pi_4,upstream,3.1,3.1500000000000004,61,-0.5871245861053468,0.9592877769470216,-64.89607251201402,-23.46024838379517,-226.09124167922627,621.3066278878358,16.10754632718186,91.85510237362114,-1055.481372141063,1331.1083558701316,16.518494113969084,33.58033502264724,-1.2720272445678713,1.9118053054809572,-1.3984479112516497,8.980191579038054,0.9464789032936096,2.7319223880767822,-0.04079851880669594,0.11228877305984497,-0.43027111887931824,3.3258705139160156,-9.015370737401284,12.577801894314943,-422.2708446809189,152.36490936292302,-38.76253589840004,84.35397689124886,3.101300001144409,3.1492269039154053,-0.00215525203384459,0.023730142042040825,0.3294520080089569,0.5396861433982849,18.324519863835864,38.783091352707196,-62.69450446703297,213.08453976352766,-4.709658595155552,19.486913937684033
pi_4,upstream,3.1500000000000004,3.2,52,-0.45194615840911867,0.7439036083221436,-62.38332104844719,-14.614627484062568,-189.44274153649897,618.0956739967428,11.202730281361404,81.21586696765402,-738.742769458014,502.2002591787794,12.398114182805001,25.014734398541165,-1.0725599956512453,2.1602885627746584,-1.360545902261577,10.245140536052782,1.3045628070831299,2.339449167251587,-0.026370231062173843,0.0959232747554779,0.1872401386499405,2.6280410289764404,-5.040908845693429,15.885073405536206,-312.3537578396843,117.6996229476006,-26.61305858203118,99.95955212575898,3.1505165100097656,3.1993825435638428,-0.0033244250807911158,0.02560574561357498,0.38800808787345886,0.5585190653800964,20.180813308536298,38.00349697593652,-119.94238386346599,63.825365227533645,-5.843256320189434,21.94979678509375
pi_4,upstream,3.2,3.25,42,-0.45388004779815677,0.8617751979827881,-62.135678879710035,-5.636409987538392,7.165031510109809,523.8762196796516,11.92649981449827,77.80567645847171,-718.113084654961,139.40067756348355,6.647648257594135,23.906495954394664,-0.8390476417541505,2.2509978485107425,-1.382593061389303,10.96908957199424,1.3659776449203491,2.0434675216674805,-0.024510538205504417,0.13491509854793549,0.051500916481018066,1.0529721975326538,-1.615279547665955,24.983559861173728,-320.30292324104187,122.92064686991503,-22.128209523933652,101.26113346456413,3.2016351222991943,3.2497153282165527,-0.0038147270679473877,0.03026600554585457,0.42667287588119507,0.598261296749115,25.515373757876553,38.4443037245908,-90.42766796916935,66.26603770478931,-6.314783174638791,23.15933073686061
pi_4,upstream,3.25,3.3000000000000003,60,-0.4543373680114747,0.8839204978942872,-49.42717619298502,-3.4298172712057498,-48.697285102804535,482.16529260713764,10.23394222590232,53.90448130714427,-782.4364731258261,255.87683604581645,-0.8126310929322732,18.176869755625393,-1.029144115447998,2.1856444168090823,-0.7805747079952534,7.403687597670705,1.3858072757720947,2.047858953475952,-0.02072164975106716,0.14849191904067993,0.022115057334303856,0.8891844153404236,-3.2285849572183647,19.965197896817333,-336.2297222722177,-18.670636284931675,-22.906058787371386,85.70610846010128,3.2502849102020264,3.29537296295166,-0.0034528695978224277,0.033067185431718826,0.4496139883995056,0.6183502674102783,24.023991707320516,38.02368018493391,-100.23693293814237,142.13122326911457,-4.6899428781801085,20.00508682539141
pi_4,upstream,3.3000000000000003,3.35,49,-0.48787041187286384,0.8207044982910157,-45.64053639260288,-4.533285344596673,-249.55959408247165,508.1008869235101,8.529335329836822,52.97090714572484,-731.7032486503188,916.4395390561937,-3.546317913287482,17.93568057713617,-1.2056664466857911,2.086860446929932,-1.3638224699235655,12.655306384922657,1.5973905324935913,2.191387891769409,-0.029099347069859505,0.1660316288471222,0.018590856343507767,0.9196333885192871,-5.416251219360901,40.94874284793772,-252.57984909193792,-29.815162255507172,-33.69781402505218,94.24324386597024,3.3005380630493164,3.3494627475738525,-0.005367825273424387,0.03381745144724846,0.4526817202568054,0.6127408742904663,12.237117181156584,39.06882207135092,-149.44216213404783,86.98573757091398,-7.897221060143043,25.474801167818644
pi_4,upstream,3.35,3.4000000000000004,53,-0.7564943504333497,0.862827491760254,-25.655151871693572,-3.6813110263045545,-612.5124041616076,344.9096359524966,1.7314779274773853,68.45216269205696,-542.0215734362744,1132.5971585122284,-4.55580147461652,11.110413137463638,-1.1410943412780763,2.1941535568237307,-1.3898822290457677,15.043825264651863,1.6320521831512451,2.2756903171539307,-0.02972157672047615,0.1616748571395874,-0.020724911242723465,1.582781195640564,-6.2477768050516485,48.30939524474493,-308.23217580768846,113.56643642420494,-37.62273442027582,85.54316063707228,3.3518781661987305,3.3977761268615723,-0.005943359341472387,0.0448698028922081,0.45769715309143066,0.6725173592567444,5.186476825492503,38.85874935814342,-79.76212267451933,140.10007527411452,-8.567700876813289,31.155726276210544
pi_4,upstream,3.4000000000000004,3.45,62,-0.8785269832611085,0.861789951324463,-43.83273899855683,-5.220459577934254,-605.9641652005329,308.54532632075524,-1.389475628139449,93.25978541794763,-256.74508969310847,1052.6965127711521,-4.998752687946337,9.44569018412731,-1.3707662200927735,2.221312656402588,-1.2727435904657987,17.346171964512518,1.6390457153320312,2.2840967178344727,-0.12500663101673126,0.13249826431274414,0.13720092177391052,1.5677437782287598,-3.3070113237025667,43.87769188857927,-268.68920541924984,188.34108666488927,-43.83770113098884,68.79458739590638,3.4006245136260986,3.4491825103759766,-0.0010651201009750366,0.04704219475388527,0.4630991518497467,0.6870884299278259,-32.683595820102404,37.6008948904047,-220.9082619105888,144.25497496888164,-9.354913274331551,37.020158542966016
pi_4,upstream,3.45,3.5,48,-0.6513810634613038,0.8352775287628175,-53.42947580131573,-6.987076907700652,-680.5109808210732,180.38390262144608,0.15974358385418552,115.4013599145397,0.28697570738294836,1077.1833420022947,-7.369799482722889,5.608769946739575,-1.1845516777038576,2.123773708343506,-1.4703854520809334,16.194667280026216,1.6013237237930298,2.3150084018707275,-0.14567480981349945,0.13529500365257263,0.15673214197158813,1.5728245973587036,-7.7818086912193625,41.19934931877466,-207.95842814991974,121.66025840199424,-31.262974529347698,57.6378490470949,3.4508352279663086,3.4999582767486572,-0.007173085119575262,0.043975431472063065,0.48359280824661255,0.6927148103713989,-3.783792038385072,38.40378704243429,-125.67082253922067,136.83870092656844,-6.291983367489635,30.768246295150135
pi_4,upstream,3.5,3.5500000000000003,52,-0.8685561275482179,0.7942453479766847,-58.96677846333677,-7.989150182532501,-579.9074306490412,140.0417727793593,2.0066557904100324,125.77234647104373,-128.83814518189567,1074.745237676167,-9.833856913875058,12.281635447658596,-1.1675980186462402,1.9199997520446779,-1.5885843889090994,19.864027277843917,1.5706347227096558,2.3679308891296387,-0.08156838268041611,0.15495799481868744,-0.0381588339805603,1.541001796722412,-8.18990224884387,50.57882804931921,-199.0218632813884,168.10171985214575,-44.27572799265093,59.93107823073751,3.5006299018859863,3.5498805046081543,-0.008291915990412235,0.05028945580124855,0.47345784306526184,0.7215098738670349,-39.708745909784,38.55082052469715,-61.1179670329998,133.03552865330028,-11.017835306468536,40.65131722993934
pi_4,upstream,3.5500000000000003,3.6,52,-0.8108050060272217,0.731327886581421,-64.49322112457749,-11.361920646573246,-586.0576608268008,21.975153522370128,20.4325894492686,128.24196529000193,179.88954718969887,1163.2124705988135,-7.0244663595618375,6.698067596328963,-1.1793877410888673,2.0552638626098636,-1.746652849195802,10.258468904632432,1.6484665870666504,2.354552745819092,-0.12042827159166336,0.16766633093357086,0.00808468833565712,1.1453579664230347,-8.52797612219199,26.112082989430963,-208.36610848109945,97.74196045698508,-49.62546682987425,45.37658031703315,3.5511817932128906,3.599449396133423,-0.008677023462951183,0.047896675765514374,0.4783298373222351,0.7312443256378174,-32.77170867549015,37.82954230306005,-146.7586081299065,137.763863710025,-12.86757230230917,30.212613281398564
pi_4,upstream,3.6,3.6500000000000004,50,-0.8090889453887941,0.9107356643676758,-60.443540493974396,-16.486058335511043,-658.9785635757978,-19.282817602503457,8.303972384398605,127.05005629869969,-140.3401700838188,1145.4383512839593,-11.812338918002053,8.807978358551207,-1.079367027282715,2.2213730049133305,-1.9497990456859402,18.943331064498068,1.607572317123413,2.3867502212524414,-0.15156888961791992,0.1639767587184906,0.05602439492940903,1.290324091911316,-10.401281860567632,37.08622306097132,-220.40155749682225,111.76950927622296,-39.6548557172326,46.30237830808253,3.600464344024658,3.6499645709991455,-0.009075584821403027,0.04888135567307472,0.49704509973526,0.7424910664558411,-21.383295432673723,36.9710216753353,-206.8488092777378,112.38063362202068,-13.750779623209331,37.53784014885632
pi_4,upstream,3.6500000000000004,3.7,36,-0.7995729732513428,1.0189563655853273,-63.154183028364,-34.52422593348871,-608.9006547700181,-131.196486558896,56.749999587074115,123.81522406626829,315.39045994467193,918.0632116256891,-9.80593247555809,10.66873062163945,-0.9479832458496095,2.353147315979004,-2.188743320802002,19.997583128022388,1.5507878065109253,2.355539560317993,-0.10614269226789474,0.15031707286834717,-0.012359392829239368,1.115173578262329,-12.481413410974078,39.75416325267,-328.2494385290015,128.9160366591905,-29.56308729399868,43.65886287285581,3.6506690979003906,3.6998679637908936,-0.009540070779621601,0.048499759286642075,0.5352400541305542,0.7423940896987915,-28.769555916226597,37.78194612982882,-14.311379891518696,139.35562563571813,-14.40398500357893,39.20791563432384
pi_4,upstream,3.7,3.75,19,-0.7660701370239259,0.6549413585662842,-62.8929078020435,-27.5248393173564,-454.1286501397993,-48.776808995310994,14.402982119798676,122.69508670276453,6.7143171451776,1012.4204718394743,-9.093880992178095,8.645125011346222,-0.5412490034103394,2.323742370605469,-2.060712925027555,11.01132937938747,1.6232101917266846,2.3062469959259033,-0.1174350380897522,0.09271544963121414,0.0828588530421257,1.2328323125839233,-8.57369655472241,17.240686663318023,-297.9288627654809,8.196174070049233,-26.222339318107892,30.850905801626244,3.7008907794952393,3.7470109462738037,0.003127103438600898,0.03615529462695122,0.5569876432418823,0.770397961139679,15.259960832318297,38.488597501358335,-30.597447726810827,103.48532309607624,-14.911845457295993,29.208602971501765
pi_4,upstream,3.75,3.8000000000000003,9,-0.6293642044067383,0.6623202991485596,-67.05586028984209,-44.750258800332155,-348.56389644148015,-84.17730721817732,31.833937362825743,119.72649524418023,265.78550075778065,774.4378844756343,-19.448266644637734,4.893249571551955,-0.5330343627929688,2.1101707267761234,-0.41876608137566923,7.553375765488304,1.4635822772979736,2.226383924484253,-0.030191121622920036,0.04431116580963135,0.19501470029354095,0.9439024329185486,-8.417673689738162,20.552822976775627,-253.64172494182148,61.92918860072221,-21.3116211350709,26.122703933590333,3.753427028656006,3.7981629371643066,0.002940936479717493,0.036616913974285126,0.5806550979614258,0.7999376058578491,17.195262490242854,34.13559158480957,-26.131856387078148,51.89106448322957,-15.351994407696736,29.63751311041068
pi_4,upstream,3.8000000000000003,3.85,5,-0.6366828632354737,0.6598952770233155,-67.81331460841815,-59.54604680684555,-266.42945099272947,-71.51996264833569,115.470672674237,123.46972577729235,415.7551174202936,562.385044786237,-18.733848704835676,3.0711019425694372,-0.5422282648086548,2.2435301208496097,-0.12500177333681883,7.4725884995213026,1.7758327722549438,2.1755993366241455,-0.10233525186777115,0.040104739367961884,-0.018504373729228973,0.3440764844417572,-10.005166747200036,16.748784977030166,-232.25186740490267,-95.26014975035842,-18.4909425456051,24.452854162663737,3.8001394271850586,3.840291738510132,-0.0016020698240026832,0.03652208670973778,0.592257559299469,0.8062325119972229,14.578506028636957,34.85466707043934,-9.966633381223762,61.35690071054518,-15.729962488926985,29.90767365480716
pi_4,upstream,3.85,3.9000000000000004,2,0.7230064010620117,0.889556941986084,-61.973209169922946,-57.68357716358814,-205.88881252951415,-141.81599637854012,50.94442075483332,64.4462977249795,454.1450152730506,665.6967922849357,-10.602661126059317,-6.696319326487553,1.086987762451172,1.272203884124756,6.622208166061082,7.235913561823333,1.3816107511520386,1.4502794742584229,-0.06081918999552727,-0.03789336234331131,-0.019029105082154274,0.04049273207783699,24.063304568635814,24.433109793320522,-259.2516051939631,-107.62198618575944,-19.46653090815658,-18.75761191382262,3.850914716720581,3.8785107135772705,0.0063713020645082,0.0074913292191922665,0.6388511061668396,0.6413138508796692,23.713163458571575,26.135344906196732,56.35968159676457,74.43349595202052,-12.552038436018915,-11.682093770095491
pi_5,downstream,3.5500000000000003,3.6,2,-0.09742364168167116,-0.09712895870208742,-57.446111976714306,-57.432342315347555,-265.59955568781623,-265.35536276460994,123.71200624753105,123.72214224825935,416.5621725726223,416.7485274539369,14.868484502523682,14.871620357627663,-0.36864929199218754,-0.3642887115478516,3.646683494074616,3.653270008968523,2.028489112854004,2.028693914413452,-0.029861414805054665,-0.029803549870848656,-0.11561252921819687,-0.11507688462734222,6.474254351985047,6.497322035246295,59.940073589874416,60.057306956788516,2.773108456330775,2.7880761755666232,3.5823488235473633,3.582352876663208,0.001655705738812685,0.0016695094527676702,0.5533453226089478,0.5533573031425476,18.86495004417666,18.875287535485477,-23.17546364635149,-23.03894524031586,5.014887016499271,5.02764394835254
pi_5,downstream,3.6,3.6500000000000004,2,-0.014300897866487505,-0.01370087578892708,-56.82684946052051,-56.82278891305894,-201.6537673950261,-201.6205590152815,130.21512497894858,130.2200563755293,284.60559524213056,284.70777487211393,13.574345305499573,13.58080321470595,0.644868564605713,0.6458904170989991,3.1535740364474174,3.161521235917635,2.003936767578125,2.0040342807769775,0.006868611555546522,0.006897101644426584,-0.4412500560283661,-0.4411722421646118,5.954217408958615,5.975633467101191,61.12345167490332,61.22537858788742,4.664771608761296,4.681028739646396,3.641007423400879,3.6410298347473145,0.009472943842411041,0.009481526911258698,0.5616344213485718,0.5616946220397949,30.0533343669601,30.068067084999818,-16.86952052344119,-16.80418464138814,5.079585247665684,5.095300820650918
pi_5,downstream,3.6500000000000004,3.7,20,-0.10596490859985352,0.3002866125106812,-65.83124152260464,-59.10418137886992,-251.73020087994502,-96.58167524154,121.0694333784098,138.31878925933185,122.77622935010429,465.7640959569694,3.1268289513858774,17.07447735869969,-0.8260432052612305,1.4111062622070314,-4.9679647666858,4.28983610659267,1.7430965900421143,2.070314884185791,-0.018664080649614334,0.04499008506536484,-1.3051966428756714,-0.19980880618095398,-9.617887337297496,12.243501700483254,-50.67677637711178,61.89702523992062,-17.96183169626631,8.023180746298443,3.6507232189178467,3.6960651874542236,-0.00484494911506772,0.027208847925066948,0.4886312782764435,0.6231630444526672,-22.165586026619255,39.03504678590521,-171.7831918147826,132.85152335706013,-14.224433350063313,7.451610185838859
pi_5,downstream,3.7,3.75,26,-0.6373671913146973,0.9888405227661133,-67.0651288565458,-57.51256288714936,-285.91991488373776,-56.52826091076423,69.0644891511486,140.24419226560178,-98.36468246399349,500.80160036130087,-4.474810774563926,17.862651997351467,-0.9127024650573732,1.7311334800720217,-5.176995271927164,12.242943286348105,1.6973031759262085,2.2591114044189453,-0.024642063304781914,0.05471165105700493,-1.597954273223877,-0.10438147187232971,-10.644903609204587,79.08967689035323,-50.16405115159185,62.18712386453858,-33.134965456308116,8.40628349552352,3.7005417346954346,3.748279571533203,-0.010413285344839096,0.028280870988965034,0.46748265624046326,0.7336230874061584,-38.531101768563325,39.88784030001091,-155.11221635277724,130.12804006703092,-31.260462191712758,7.660158405229977
pi_5,downstream,3.75,3.8000000000000003,29,-0.6406776809692384,0.8951712894439698,-68.32181536193643,-56.951999016682656,-223.61137757651306,43.66620874130816,63.227252392104795,142.1474517985825,-332.9062888258729,474.4358680517577,-7.488187358506607,19.29920123741947,-1.0117158794403076,1.7301904678344728,-5.178361031352705,13.866931664307304,1.6516543626785278,2.3923182487487793,-0.003923451993614435,0.09229543805122375,-2.0970523357391357,-0.20255689322948456,-17.654252910015003,83.3684557260969,-139.8502815957888,109.07474010146447,-30.430412035563577,4.8659061656661855,3.753432035446167,3.7968623638153076,-0.009846333414316177,0.02622094377875328,0.4012480080127716,0.7005155086517334,-43.58404156559291,40.81835112158759,-32.71148006738898,140.3462079710451,-31.492175454940497,5.8028030568539055
pi_5,downstream,3.8000000000000003,3.85,34,-0.7445813274383546,0.962415885925293,-69.64814247610454,-60.61736197816205,-175.89007527968457,12.552257840592741,58.729361087787126,142.57590956521742,-165.20983141794068,439.4796702193061,-9.779336273976726,19.96326905174597,-0.9059566497802736,1.4192236709594728,-5.801739134030277,15.605324814524751,1.6419504880905151,2.2836461067199707,-0.03886575996875763,0.08195237070322037,-2.31681752204895,-0.15868081152439117,-15.328240525903624,88.95556412754567,-134.12032661803838,54.60757073502163,-30.32188374474666,22.97045551841356,3.8024790287017822,3.8464457988739014,-0.009320146404206753,0.04575098678469658,0.35647261142730713,0.7095824480056763,-44.4697941575385,40.62639207005897,-30.9689690365245,141.6201202135225,-31.859399613060024,25.58668103187535
pi_5,downstream,3.85,3.9000000000000004,45,-0.8406950759887696,0.8284732341766359,-70.66131907720589,-54.11755588849199,-157.56966377463445,223.38656873017126,49.26173876600356,142.5552550731673,-524.9517832286319,408.7255140472731,-5.8319007459375465,14.114021156937188,-1.0845635414123536,1.7373577880859377,-6.272795546391035,17.433353818848182,1.6335152387619019,2.2633533477783203,-0.04183192923665047,0.0917096808552742,-2.533559799194336,-0.2654188275337219,-23.30053636288547,95.46099829309182,-114.50067652906846,168.7061369521785,-28.53650303155659,23.552087107375165,3.852653741836548,3.898977756500244,-0.008145583793520927,0.04688233882188797,0.3212703764438629,0.6937520503997803,-44.89527396169528,38.48962885992301,-216.20002127040226,136.0502375491605,-31.72320584724034,26.048394836232298
pi_5,downstream,3.9000000000000004,3.95,31,-0.6545161151885986,1.020290174484253,-70.98202377949467,-65.13544332166627,-150.97238405531914,23.81288592800105,46.38061470993044,142.66564459053305,-248.92523343311754,482.6708905302587,-22.385869919382642,14.180527342884183,-0.916885805130005,1.7392822647094728,-6.7500694182373815,19.431555104034594,1.6482611894607544,2.21549916267395,-0.014722921885550022,0.08937349915504456,-2.718416690826416,-0.3924277126789093,-24.225700853889332,102.96245162454426,-199.3740688161293,64.16867785597516,-29.818334878376643,11.679147075027196,3.9012959003448486,3.949913740158081,-0.00749354250729084,0.04111047461628914,0.28871744871139526,0.665703296661377,-44.94291111606153,38.29640963849252,-166.0483600819648,122.14022945534938,-32.26706791537205,15.107501783656998
pi_5,downstream,3.95,4.0,26,-0.778972568511963,0.7396467685699464,-70.82824207033183,-67.44925186527814,-83.7158937887971,16.593772126269435,34.76371968654603,142.2527323344491,-780.6608971491895,184.3207416967714,-22.66197809071289,15.051883741912434,-1.1933666992187502,0.9092833614349366,-5.4653222105197345,21.54056501745786,1.631433367729187,2.3054914474487305,0.0035502391401678324,0.15339778363704681,-2.954918384552002,-1.1239405870437622,-24.58667976661909,109.5423485124219,-98.03128727022683,257.7585804829116,-24.745186259140283,21.922829150685953,3.9504244327545166,3.9986395835876465,-0.0055943145416677,0.0509701743721962,0.32259395718574524,0.6475726366043091,-45.31295027472531,33.61372073599099,1.410573762320501,123.90958995984118,-31.86797758772861,27.290490013935308
pi_5,downstream,4.0,4.05,31,-0.7764704418182374,0.43808896541595466,-72.86128885792114,-68.65123538560616,-625.9467852023756,34.598326655794175,107.82262299262857,143.26144199183324,-945.039508205518,187.47366630067597,-19.197104435973785,10.05120814652507,-0.9628492736816407,1.7423246574401856,-8.245213156012738,8.205367783200751,1.350484013557434,2.5776443481445312,-0.012141249142587185,0.09217521548271179,-3.4694535732269287,-1.2461581230163574,-31.02563570097351,38.37664728576724,-84.76555726044467,370.0301701348331,-16.96440038874913,21.691336964241298,4.000554084777832,4.049638748168945,0.008470181375741959,0.052555155009031296,0.276498407125473,0.570952832698822,-43.034265978920246,37.406726272679585,9.835655966152306,147.02191192241048,-22.978009787825506,27.613778741002022
pi_5,downstream,4.05,4.1000000000000005,13,-0.7791500091552735,0.6937471199035645,-71.90058177002383,-69.13053025023346,-45.30327531176599,99.34407694945996,25.763613568166083,142.8948110975653,-1060.220321311758,71.987004153592,-12.23571180037295,3.779513733954354,-1.2486194992065431,1.1655842208862306,-8.75196324488414,26.183366972315035,1.815434455871582,2.406338691711426,-0.014361054636538029,0.22912433743476868,-3.4032270908355713,-1.7158102989196777,-26.701109965716398,118.41030413074043,-87.14798871464764,378.92971537806295,-17.720854084611798,21.63154036560513,4.058927059173584,4.089541435241699,-0.0030648012179881334,0.054236553609371185,0.3199346363544464,0.5867160558700562,-45.64056371335956,35.636778371919156,-11.017167701990498,66.74912332440599,-32.782231301383334,27.954508315401437
pi_5,downstream,4.1000000000000005,4.15,9,-0.6770164966583253,1.184800548553467,-71.385189355633,-69.93312528903415,-162.6821969721724,37.862945343196,23.949604117069907,143.17062779662876,-82.33728840672173,774.0105331996449,-9.62312776993349,4.9060129957490854,-0.5270412683486939,1.7438023948669434,-8.443061957622778,28.765442703070583,1.8067700862884521,2.195096969604492,-0.10085868090391159,0.05650706961750984,-3.2088258266448975,-1.5204578638076782,-26.10439219642553,135.1790879016604,-287.6823495764112,-45.33511765367659,-21.094721647787974,8.909103239199641,4.100334644317627,4.141869068145752,-0.001797381672076881,0.04636125639081001,0.29412543773651123,0.5436134338378906,-45.507262326423,34.48788249691507,-20.445293601124824,134.6687225064987,-32.67303571175515,16.195866864492277
pi_5,downstream,4.15,4.2,10,-0.8297045040130616,1.1717834281921389,-72.26411858859775,-68.81918973729677,-102.53212921626594,190.26207736895535,18.443520542197703,143.1023122445503,-1106.0797413615976,655.9197862994126,-9.782612863339647,4.336479511070276,-1.1832973098754884,1.0668727493286134,-9.767966473158294,33.99339967943381,1.817344069480896,2.247307538986206,-0.09395456314086914,0.2639634311199188,-3.4740166664123535,-1.9891759157180786,-25.56775960126326,141.58825055085524,-280.63807495705356,249.49702954967432,-12.2654138011143,23.616579461065715,4.150556564331055,4.190576076507568,-0.0003879521682392806,0.0605035126209259,0.2961806654930115,0.4457789957523346,-45.807944329159895,32.12031694944062,-12.090790623472817,92.73783602195358,-33.791112601294486,29.442020641179084
pi_5,downstream,4.2,4.25,5,-1.07172833442688,0.32733809947967535,-76.20419517358965,-70.20496681800066,-730.9610529743485,39.266573123295714,134.04389680122594,144.148847489558,-9.22481080433691,161.76901434052004,-10.944861309828077,0.1836414471042577,0.13734405636787417,1.1418280029296877,-9.349223429606502,-2.859550450513994,1.2931181192398071,2.101891040802002,-0.022522781044244766,0.08237341791391373,-2.8723340034484863,-0.8632519841194153,-25.27818860875869,-17.888436190992646,-86.17771936191231,409.536394105537,-12.473428919834332,5.7105055872019825,4.20540714263916,4.225168228149414,0.011692550964653492,0.048577483743429184,0.2864324450492859,0.39302295446395874,12.651197399588607,31.588883835784028,30.29576851645512,82.34552561486076,-15.534454493765468,16.586276940641657
pi_5,downstream,4.3,4.3500000000000005,1,-0.9351044464111329,-0.9351044464111329,-76.18818521017515,-76.18818521017515,-526.169032221755,-526.169032221755,134.59617223713482,134.59617223713482,319.3691544192311,319.3691544192311,-10.688626621712089,-10.688626621712089,0.48665596485137946,0.48665596485137946,-3.8923631247026425,-3.8923631247026425,1.3418742418289185,1.3418742418289185,0.19395501911640167,0.19395501911640167,-0.5817053318023682,-0.5817053318023682,7.609002343897101,7.609002343897101,241.0874547567445,241.0874547567445,-21.25590728201111,-21.25590728201111,4.304028034210205,4.304028034210205,0.05144837498664856,0.05144837498664856,0.2883046567440033,0.2883046567440033,16.974304163045648,16.974304163045648,78.57264523056162,78.57264523056162,16.660535922183207,16.660535922183207
pi_5,downstream,4.3500000000000005,4.4,2,0.7326866626739502,1.2073395156860354,-69.00062005221982,-68.27737815119633,-57.65308036894403,-32.225839957022735,109.92259880389484,118.85142506809653,-363.42237192419594,-255.48967360290345,0.7078018023925761,4.9604336872356685,0.5855895709991455,1.9130969238281252,-9.721918504159943,-7.32423651054946,1.5854121446609497,1.6271281242370605,-0.055326759815216064,0.0017354724695906043,-0.4453712999820709,-0.294948548078537,-32.296139679055095,-27.01162573331081,123.4604230596428,147.16320121558138,14.288794163480757,43.30601530033296,4.385924339294434,4.390392780303955,0.036698341369628906,0.04323700815439224,0.6933672428131104,0.7225278615951538,21.73116891993352,35.771281872149636,-86.28751465282026,-60.25986304681442,-0.3668129963088362,10.333673120093378
pi_5,downstream,4.45,4.5,4,0.79679500579834,1.4271488189697268,-69.59298186836752,-66.88642378710158,-25.46633129208857,143.3207416942073,102.18506681397008,105.58556528472015,-224.01489149229906,81.85106090008686,5.86466368666723,6.327010615485051,0.6678228282928468,2.1793912696838382,-11.565294046850845,-8.346607132202386,1.6305153369903564,1.7165924310684204,-0.011243300512433052,0.10585713386535645,-0.675117015838623,-0.32047298550605774,-31.71449784480973,-27.335996539636596,-70.81751184314574,61.959016036827656,11.260140582656302,44.76474221646716,4.453278064727783,4.487515926361084,0.03494569659233093,0.046366721391677856,0.6753175258636475,0.7005336284637451,27.231496352882694,37.29801015166049,-39.63282494206472,-8.073051372523292,-0.12267071625166397,12.325999688922074
pi_5,downstream,4.5,4.55,3,1.0602914905548098,1.070410614013672,-68.57805673883864,-67.98294235645542,-32.0723997573184,-0.6663316442810232,112.97289981552001,123.07910725865933,-511.2652316037069,-440.13020475661483,2.411004154790598,6.176787911013699,2.2137286376953127,2.2362768173217775,-14.142734492973798,-13.297121185797481,1.8019053936004639,1.8086755275726318,0.051073115319013596,0.06412623077630997,-0.7029091715812683,-0.4347504675388336,-43.27127354311968,-37.767971562786975,157.42663961341438,175.89040312876472,18.5433300965391,18.5689774568725,4.514187335968018,4.54988956451416,0.09846246242523193,0.0993715152144432,0.696667492389679,0.7093243598937988,41.345692951931355,41.67287950374247,-32.84933036031276,-18.523809415891204,1.8872777853708544,2.4234420132742205
pi_5,downstream,4.55,4.6000000000000005,7,0.7680322647094727,1.3775396728515625,-69.61146436026156,-65.10403811186256,-22.605977841281458,130.69403052279318,96.72625668589083,112.83792844733138,-510.8568955743669,128.49861647825432,5.60236073262018,8.075942525651486,0.6444249629974366,2.375308303833008,-14.872843088601797,-9.694489774685277,1.6463923454284668,1.8774964809417725,0.01449852529913187,0.12879997491836548,-1.3307995796203613,-0.6295652389526367,-37.72071689901424,-27.33826416244104,-55.96647785153068,175.61103473133286,10.809751932370137,47.78240175404884,4.5503249168396,4.589995384216309,0.03581183776259422,0.10068639367818832,0.6258944869041443,0.6970276832580566,30.91194037204948,41.67194376782618,-18.467820647717318,4.18576062387137,0.7423863164799054,15.022518628482947
pi_5,downstream,4.6000000000000005,4.65,3,1.204247455596924,1.3375008392333985,-65.93685673774056,-60.58796484397432,-22.40756255343988,324.4018017242366,95.36646164478968,120.49680397877427,-359.8367411759927,-328.6238968200583,6.541860406933795,18.168158050486348,2.1487270164489747,2.5760869979858403,-22.500502403608454,-15.411262881359988,1.606590747833252,1.9509564638137817,0.08345220983028412,0.4450119435787201,-1.0030721426010132,-0.14178350567817688,-69.59828209516344,-30.295263082456536,-120.6899480681239,179.84673556398124,18.93182271879296,84.67823329190605,4.625259876251221,4.6324005126953125,0.10179869830608368,0.27743610739707947,0.6614991426467896,0.7240163087844849,41.30086983550314,41.930753295856306,-24.768034949461267,-2.82417223122626,2.550860124130744,26.336972547446624
pi_5,downstream,4.65,4.7,7,0.6375997734069825,1.477904453277588,-69.48775597401429,-48.82946633871721,-27.068410218523006,576.8833507336396,95.59983554835067,136.80000107473114,-797.2103362251037,247.35926230173038,4.843131383052441,19.17945509568171,0.6258111190795899,2.4815029907226567,-23.516406458758844,-11.045973611673423,1.538366436958313,1.7546740770339966,-0.04226398468017578,0.32027220726013184,-1.7824358940124512,-0.10634678602218628,-80.72541840411208,-28.19474256360396,-100.62126768273899,201.114660563837,10.350280838035147,106.49247097252527,4.65277624130249,4.6958441734313965,0.040215592831373215,0.30284619331359863,0.5455216765403748,0.7697741985321045,31.727953317474658,42.44927393688699,-22.959233517607228,3.5079473782347024,0.8026860040348167,31.90999706522196
pi_5,downstream,4.7,4.75,8,0.7366199970245362,1.4792151641845706,-69.19587467002297,-36.19150926083467,-13.344753590931921,576.5960456563922,70.33661871425265,133.2977532759154,-870.8358412888792,-267.45135657559007,4.84886790686063,20.236733453604767,0.5045843124389648,2.4735185623168947,-24.47778653973455,-15.785563267204939,1.2980444431304932,1.890608549118042,-0.333795428276062,0.15659017860889435,-2.2272019386291504,-0.2294008582830429,-91.6866972294453,-21.79514217924715,-78.97458820283852,137.70347117738376,14.04079084849124,129.72574192491714,4.7006330490112305,4.7479729652404785,0.056223995983600616,0.279407799243927,0.5087956786155701,0.7582868933677673,32.234053259499674,42.737808448185014,-22.140013798366727,23.14817021042812,1.5600346879873213,33.622891370558484
pi_5,downstream,4.75,4.800000000000001,12,0.6936214828491212,1.6466912269592286,-69.78338705185996,-17.142890307234488,-51.84423329118538,588.0125702502852,48.178422952315344,135.13603038913263,-842.1497571144994,212.40131594085128,3.8339681889714274,18.44562520296719,-0.03138508915901184,2.5774229431152347,-24.01083171365372,-10.770605000531273,1.587379813194275,1.9742416143417358,-0.24456901848316193,0.5165082812309265,-2.7050907611846924,-0.12740501761436462,-75.07190007336328,2.7111524506998244,-121.90999743880658,228.38222373063195,15.572397590616776,181.1757127915473,4.75222110748291,4.796236515045166,0.047110456973314285,0.30316847562789917,0.4239683449268341,0.7461377382278442,22.597283010468033,42.78383367790714,-61.78774904338959,6.475886340309857,2.9482709010786596,40.692614943703305
pi_5,downstream,4.800000000000001,4.8500000000000005,5,0.827731294631958,1.0639206790924074,-69.48751691739335,-23.59948008247859,-34.00453733010995,606.9138893442448,67.77066007705143,129.6982845644537,-909.9967035743907,143.62129733844455,1.988728596572149,17.96454138314901,-0.04730034410953522,1.9240686035156251,-24.967624388194935,-17.51250832734708,1.4287039041519165,1.7992732524871826,-0.4851394593715668,0.17748376727104187,-2.298269510269165,-0.7193524241447449,-61.14578639348926,-15.372833123447343,-189.48995180404208,130.2215180360117,11.004104111429204,60.82922078583751,4.8001604080200195,4.842487335205078,0.058914270251989365,0.16628725826740265,0.3728097379207611,0.6905760169029236,33.44621376169101,42.35121291097312,-30.362106728768868,42.864337702559496,3.78048852399351,16.75999627023276
pi_5,downstream,4.8500000000000005,4.9,14,1.1863694763183594,1.7172131347656252,-70.35631014962979,-8.982291277477266,-220.4873036916626,400.31255148051497,43.82139746944002,120.31159656924021,-410.45953515299925,305.68787570034533,-0.13284290648253752,17.21913852309895,0.23132597208023073,2.5893735504150395,-21.443925865664443,-11.443227420218777,1.6849286556243896,1.9721570014953613,-0.046079035848379135,1.2752255201339722,-2.923701763153076,-0.06742768734693527,-28.107188076180858,27.9163986945476,-237.17438473973084,70.44753415618449,25.720124046173318,192.54685760859465,4.852859020233154,4.896763324737549,0.05046146363019943,0.3486367464065552,0.3282032310962677,0.7173840999603271,25.288635383094224,40.32723319950699,-25.488116180446326,8.141919316150883,6.386802937735899,53.75324120510728
pi_5,downstream,4.9,4.95,12,0.9160578155517579,1.7468282318115236,-70.28164252162321,-10.328972355372,-179.70838325215348,472.56226520015315,44.632779546607935,120.75005373282,-745.207461545161,535.1024825240247,-0.1446649377771207,16.090734226086777,0.0913403081893921,2.5496863937377934,-25.14665139394713,-12.107637623293066,1.6418203115463257,2.3336739540100098,-0.09224694967269897,1.5320237874984741,-1.4038710594177246,-0.7876309156417847,-71.28198519727411,26.29121323815101,-184.80927780734572,72.06335883832357,19.459357501980776,184.68029651505918,4.900228500366211,4.939770221710205,0.060242053121328354,0.3786543309688568,0.26243627071380615,0.6990001201629639,25.985927687913534,41.50128807631883,-202.00692915625078,25.317412677614783,5.242389236694739,57.34557629957537
pi_5,downstream,4.95,5.0,4,0.724527931213379,1.3398110389709474,-70.100888395428,-13.15328802057083,-308.30173445419587,290.5508104617631,40.631026353410824,126.05249351004097,-182.54093100284945,353.2963705928419,10.652072951224273,17.298759933663458,0.09615374445915223,1.9952842521667482,-24.65269716274163,-16.322428162194655,1.9320842027664185,2.3638978004455566,-0.10522742569446564,0.7658571004867554,-1.2760790586471558,-0.13442331552505493,-53.02787433849733,-10.924925997249476,-150.85713144326434,123.8354687469682,47.06722972152973,105.1080326088987,4.961818218231201,4.980985164642334,0.0043866620399057865,0.18359991908073425,0.570408284664154,0.7404554486274719,31.940068257243986,40.72864000193406,-65.155278191016,26.235697460577146,3.5276052868071073,21.58653144796585
pi_5,downstream,5.0,5.050000000000001,12,0.7938766479492189,1.664555587768555,-70.61929975343196,-16.446993068553155,-420.09821614745124,-21.980936985049837,71.25924749752714,132.13208587140434,-160.9158690716721,861.0097125828455,3.688630371767608,19.9135920466205,0.1946283030509949,2.573400688171387,-24.65260901007677,-12.666391277836714,1.8480775356292725,2.7953250408172607,-0.13151851296424866,2.142294406890869,-2.3284974098205566,-0.2669666111469269,-53.94273719668551,22.357831946093018,-119.47156526359868,104.5879205337914,15.465655394267817,141.8921256670291,5.001874923706055,5.049887657165527,-0.0007920557982288301,0.4567675292491913,0.4067087471485138,0.7431089878082275,26.17894029612163,41.27821409802621,-36.86846980004214,57.3581937817179,8.6700816033843,66.55560817435133
pi_5,downstream,5.050000000000001,5.1000000000000005,14,0.6630152416229249,1.4970541572570801,-70.39380105798399,-14.520980467899816,-499.92580618516513,131.63270342042804,50.31727278524274,131.37935804373393,-145.6352742378712,711.0809950930826,3.6996189943973192,22.946522008660732,-0.0028685726225376133,2.4206829071044926,-25.302950058671527,-11.690251741171465,1.8492792844772339,2.658825635910034,-0.04654510319232941,2.0130066871643066,-2.5083203315734863,-0.25567489862442017,-52.66566257662238,-4.107358589936086,-119.52309221069726,174.310389128444,16.59662031515333,109.0309585888847,5.050057411193848,5.092423915863037,-0.002504653763025999,0.5331125855445862,0.3587144911289215,0.7378135323524475,26.32270894796123,41.60721406506197,-19.549953131131826,42.96561916266703,4.591185928667883,68.17524283111356
pi_5,downstream,5.1000000000000005,5.15,10,0.7599312114715577,1.5093892860412599,-70.45965774196125,-20.549252495387,-372.39363415371093,150.74821724675934,61.940424261906884,130.46377118549373,-272.49905761752626,595.4248008206097,4.140708359024114,25.089694664238646,0.1686812472343445,2.456261558532715,-26.022456951587237,-11.211571578683577,1.875795841217041,2.7152225971221924,-0.10662562400102615,1.5105549097061157,-3.208470106124878,-0.5298655033111572,-50.3849531297284,-14.510801778489204,-123.84415674759246,85.31753899821925,18.111487971170458,93.69260767546216,5.104092597961426,5.147887229919434,-0.005502419546246529,0.565059244632721,0.29914602637290955,0.7282907366752625,27.894554042034606,41.69404625998034,-11.900914779641047,22.587678056947702,5.307017220856142,67.68994806566418
pi_5,downstream,5.15,5.2,8,0.7733826541900636,1.5326102447509766,-70.21852474350312,-29.912704187044124,-440.17755162794134,47.649660442624224,76.95096707630383,132.18251998823573,-106.08561709423512,836.1398463430485,7.820045972150765,26.211155629640782,0.1840450167655945,1.7852789115905763,-26.734618734171892,-12.151506710215378,1.8521682024002075,2.598663568496704,-0.10080727189779282,1.5712778568267822,-2.1265389919281006,-0.5211296677589417,-48.295260168257585,-22.710375575197812,-47.985671598843005,82.64290522113396,38.92336636278633,98.75833358661801,5.150507926940918,5.198329448699951,-0.00705082667991519,0.6000516414642334,0.4171116054058075,0.7079370021820068,26.26508605702842,40.37574120299242,-66.8634811816795,28.114737142761015,6.069993473696967,73.84083301705216
pi_5,downstream,5.2,5.25,12,0.7557831192016602,1.6018397331237795,-70.25079738733143,-41.50966871843043,-308.45555031430456,225.0331224333862,109.27114902123736,136.92372312135674,-103.47856120879793,648.2904649965084,7.480741483866406,27.235069552449005,0.16370841979980472,2.5064354705810548,-27.60842931656222,-10.114444333671305,1.8615171909332275,2.469773292541504,-0.03552401810884476,1.305296540260315,-2.5132687091827393,-0.8916312456130981,-56.15051729871668,-13.497767757586777,-112.95049679504237,64.0930949826198,39.44292177747627,101.18464900623832,5.200190544128418,5.246110439300537,-0.008034481666982174,0.6269594430923462,0.3690304458141327,0.6913041472434998,25.5521252982531,38.79380450442036,-51.023978798285626,29.91733505530139,6.807102158545472,76.39744125364747
pi_5,downstream,5.25,5.300000000000001,8,0.7451013660430909,1.4865760803222658,-69.86900347310606,-55.142466754587424,-211.17640347547953,16.895657949847536,118.32536389822215,133.75806704483924,-116.7834213723351,468.2118718309619,7.262735374325059,28.27479665934635,0.07357380509376527,1.809964122772217,-28.63241064109413,-15.251102022790304,1.927634835243225,2.365433692932129,-0.14592750370502472,1.1055015325546265,-2.1762144565582275,-1.280815839767456,-63.27791190517878,-24.689066009824874,-49.532412332621995,77.6927051295997,40.50148498561236,72.91511074858084,5.253509998321533,5.293853759765625,-0.009959600865840912,0.2822774350643158,0.3489213287830353,0.6534755825996399,26.281649265765697,39.35521531834414,-28.123300492432918,25.961487563515938,8.397992893101447,33.01578467152651
pi_5,downstream,5.300000000000001,5.3500000000000005,2,0.9449200916290285,1.440735778808594,-69.03061141286534,-59.25413818209755,-137.74610521818298,-4.585473112497448,118.56668814197705,128.3864237909477,43.418180666882904,323.61075653532237,18.22376140187684,20.145956015409677,0.22225830793380738,1.8050833702087403,-27.10104249895173,-22.511138384668826,2.1798789501190186,2.2762081623077393,0.048898398876190186,0.9192500114440918,-1.7530605792999268,-1.3445931673049927,-71.80752727277158,-45.52651662969327,4.818777433506274,8.34402461369156,50.70758053026854,54.43987593051948,5.334043979644775,5.336222171783447,-0.0011741964844986796,0.2677115797996521,0.42786967754364014,0.6214930415153503,35.258361986238356,40.70053718859404,-29.912263639842656,10.268068412316643,9.362326026002126,30.87022996586994
pi_5,downstream,5.3500000000000005,5.4,6,0.822457208633423,1.467582187652588,-68.50646269595856,-55.64662350779357,-47.60892860950885,168.47218931272724,118.40355590384046,136.72716393742212,-167.83340270079097,214.60892870324778,6.062343261146228,26.206191969487605,0.18307266473770142,1.8275367546081545,-29.600852717204972,-15.919271483303325,1.9588274955749512,2.2303364276885986,-0.20015159249305725,0.7620704174041748,-2.8486526012420654,-1.6661527156829834,-80.98435087554726,-23.220954413771068,-109.78714932246432,103.69905337558428,47.1262732918099,77.21802747285132,5.355009078979492,5.3813862800598145,-0.011962722055613995,0.2868877053260803,0.30424240231513977,0.592548668384552,25.130017899999018,41.43862450577854,-26.235437913388687,19.21723924873487,10.306385202683519,32.81573138215581
pi_5,downstream,5.4,5.45,3,0.37639669895172123,1.6908688735961916,-66.64558448677776,-47.53893966108373,70.91938411461648,528.9127465321058,119.1277881822936,133.2969609739717,1.4555770249880688,135.62555004694747,18.084790385556968,23.63335861057884,0.3028105688095093,0.8102554607391358,-30.789987321452237,-20.460370731374937,2.113219738006592,2.3730874061584473,-0.1545659601688385,0.12577509880065918,-1.7226042747497559,-1.3398996591567993,-297.3736230274722,-30.480750529746572,-215.10518292758422,-57.59893062920417,-225.27071739385428,76.70638483231484,5.40638542175293,5.427455425262451,-0.012751268222928047,0.28178659081459045,0.3215365707874298,0.5560756921768188,32.89842234497223,48.27551409136708,12.24043494554592,3037.289610539317,11.780978055361977,22.625990417669893
pi_5,downstream,5.45,5.5,1,1.5351317977905274,1.5351317977905274,-55.806408953236854,-55.806408953236854,28.49551848144193,28.49551848144193,128.34672673149157,128.34672673149157,-60.46651725034232,-60.46651725034232,20.01662262212677,20.01662262212677,0.3962880420684815,0.3962880420684815,-20.42484856823953,-20.42484856823953,2.1696550846099854,2.1696550846099854,-0.0811726525425911,-0.0811726525425911,-2.1082286834716797,-2.1082286834716797,-26.32383934426887,-26.32383934426887,48.81002079015018,48.81002079015018,80.073743225212,80.073743225212,5.459099769592285,5.459099769592285,-0.012785986065864563,-0.012785986065864563,0.5170163512229919,0.5170163512229919,31.537578869833474,31.537578869833474,33.90021985091634,33.90021985091634,24.406114251733104,24.406114251733104
pi_5,downstream,5.5,5.550000000000001,2,1.5802144050598146,1.6383031845092775,-63.12583091311927,-53.810299828678964,63.83712681328441,114.19829039413365,120.0769249297369,129.77976872125197,160.7905897419157,185.88981373404172,17.212015791942825,19.738706943088836,0.3846787977218628,0.5137519454956055,-24.299347607070903,-20.282591799294476,2.3880834579467773,2.4105985164642334,0.18471303582191467,0.19469846785068512,-1.962803602218628,-1.9610967636108398,-40.3345210113514,-24.74254468347878,-124.61661016158588,-47.338408722146745,53.5350329598437,80.11085164297268,5.505382061004639,5.519438743591309,-0.011229539290070534,0.000365347572369501,0.4752688705921173,0.4763284921646118,31.323916892217138,35.00002374126097,16.834358709593964,23.328917506434166,14.654940547047946,26.323065626133676
pi_5,downstream,5.550000000000001,5.6000000000000005,2,1.3591230964660646,1.6128839111328126,-62.445216222705845,-52.560440097363745,-29.29493406718398,10.026278861924546,120.0182536047665,133.3467940341561,-143.3010161078843,184.31053739415137,17.700007148345307,19.345847783214424,0.1112185835838318,0.4728743410110474,-24.776965460127215,-20.109521206223196,2.1611785888671875,2.407317638397217,-0.11390357464551926,0.23964612185955048,-2.5843234062194824,-2.0831387042999268,-38.180112007494714,-24.258168158108987,-13.89024408767405,99.19894225978636,57.6442489343472,81.66329216961404,5.553652763366699,5.564897537231445,-0.0067367409355938435,0.0006630254210904241,0.42911139130592346,0.43573054671287537,28.732041102210303,34.33578101428805,18.005170954097334,55.87641156204031,15.705917887337277,28.309331388917723
pi_5,downstream,5.6000000000000005,5.65,3,1.5346679687500002,1.6024498939514162,-59.648854814232585,-52.47084167583152,-82.59633699137281,122.01900725796,121.01399956310597,139.01896561152822,101.52451921933815,225.17465761336723,16.516410399688443,20.774700882065606,0.3812453413009644,0.4230184936523438,-24.976264557634643,-19.99985984323125,2.3383021354675293,2.450430154800415,0.14255981147289276,0.2535238564014435,-2.584582567214966,-2.2785840034484863,-37.23377905270569,-24.772636789414566,-140.92137820105185,61.1045730320374,55.81499108592897,84.52203369577703,5.601451396942139,5.648682594299316,-0.00220407173037529,0.00180336507037282,0.3422221839427948,0.39206165075302124,24.942689716727664,34.439213983984146,17.80386820378413,64.23320265306427,17.572376576324015,31.53271558089817
pi_5,downstream,5.65,5.7,1,1.387606658935547,1.387606658935547,-58.67970561252114,-58.67970561252114,-19.021212819555505,-19.021212819555505,121.8017799215969,121.8017799215969,-100.82569524459747,-100.82569524459747,16.602090248919957,16.602090248919957,0.13922574996948245,0.13922574996948245,-25.33835330111233,-25.33835330111233,2.1932241916656494,2.1932241916656494,-0.07657849788665771,-0.07657849788665771,-2.9048447608947754,-2.9048447608947754,-35.04280804622192,-35.04280804622192,76.29523476503675,76.29523476503675,59.75315180285868,59.75315180285868,5.657872676849365,5.657872676849365,0.0031427163630723953,0.0031427163630723953,0.32687854766845703,0.32687854766845703,33.36374264255769,33.36374264255769,25.358125727709936,25.358125727709936,18.867315884036895,18.867315884036895
pi_5,upstream,2.75,2.8000000000000003,34,1.744698944091797,1.9396098136901858,-71.59547721979936,-60.616726770569244,-78.77246241473034,393.85567312977844,141.5009334125058,144.25869059179013,-236.59056749023483,-11.508285624071096,-1.7697848166929988,0.05459302504599846,-0.4672051525115967,0.6698840904235841,-0.10596790902726085,0.03975312420545835,0.9673296809196472,1.8270424604415894,0.014733050018548965,0.060548558831214905,0.017151812091469765,0.14449137449264526,1.7761343446011633,11.68232140544396,-56.17184114930546,53.204933332351565,10.929340007000597,42.81776264260918,2.7712206840515137,2.797431230545044,-0.00010635433136485517,0.0005243082414381206,0.1187700405716896,0.12101317942142487,-4.345833791033435,17.256266324814824,-80.82208607143528,85.43010051574106,-0.20997111790118161,0.16004784678068854
pi_5,upstream,2.8000000000000003,2.85,60,0.5998862266540528,1.894533748626709,-71.55899717944231,-44.920641284272705,-53.949635687747225,556.4686256441453,124.61785325601483,143.9162658879407,-653.1572206669526,-4.114341177701955,-0.3737400067988525,0.28975558712063226,-0.6946139621734619,1.271981315612793,-0.6680758550978084,0.6881099062002928,0.5853415131568909,1.9052808284759521,-0.0842403993010521,0.12647578120231628,-0.3020312488079071,0.15086053311824799,-22.229870059540122,26.041494691906173,-19.788628969036044,63.848785946197616,-55.28889235001416,70.24532640580625,2.802701234817505,2.8480305671691895,-0.0022272365167737007,0.0036765614058822393,0.1177256628870964,0.11922209709882736,-11.946653141418038,10.669292507183409,7.149058258962088,122.06778846901223,-1.6482351338233265,1.9249271313426701
pi_5,upstream,2.85,2.9000000000000004,88,-1.8186912918090823,1.856592025756836,-69.21453474683544,-20.811808382176878,-454.6346578742705,721.3026190728168,47.00005481104265,133.4017770569747,-1829.814344911046,-385.40916067381715,-0.9708267791604532,19.79455799941725,-1.2306560707092287,1.1674056243896485,-2.0926150041925524,1.2079134157070728,0.3510427474975586,1.8944833278656006,-0.08313576877117157,0.08949673920869827,-0.02017977647483349,2.4603402614593506,-16.380352620368633,2.2483010530559135,-25.52192049419601,964.9563398252752,-50.859501012882546,83.48669313081899,2.8553664684295654,2.8906588554382324,-0.005993276834487915,0.004947041627019644,0.11740385740995407,0.17178569734096527,-17.447783121594686,1.614231540515181,-195.23858051898333,151.5134443206109,-4.287900169374808,2.521697850814847
pi_5,upstream,2.9000000000000004,2.95,53,-1.4548764228820803,1.2734251403808594,-60.51255955553738,-25.334368622229338,-676.6436730714986,663.2905986026103,23.01802437088811,137.28957537405932,-1337.947724814389,978.279142895762,-0.08880064145723908,43.82886268063257,-1.5341034698486329,1.8489286994934084,-2.666677167731954,1.9831064240323353,0.6187705993652344,2.079296350479126,-0.10837522894144058,0.08653572201728821,0.07934510707855225,3.461376905441284,-18.88660857403477,3.796389041648691,-131.3943707995296,746.6380310064419,-78.98453978845923,51.44142629997847,2.9011528491973877,2.9498887062072754,-0.004906444810330868,0.005321269854903221,0.1185898631811142,0.3002716898918152,-17.839272489346893,14.053702467343502,-153.85552984738658,201.03547135059986,-5.856713211388631,4.572066970261953
pi_5,upstream,2.95,3.0,51,-0.31760983943939214,0.5941106605529786,-61.29348240410162,-27.105301777777537,-587.3032687653576,15.701566713105473,37.98945069190839,84.89204553368413,-1449.1588319750176,1464.6536352015685,7.214596547236588,36.8357157814185,-1.453804168701172,2.299295349121094,-3.4226860533934302,2.072203407716167,1.0586521625518799,2.3715507984161377,-0.009925591759383678,0.10524500906467438,1.3149014711380005,3.487281322479248,-5.127215969819356,8.876536043463373,-532.6636678582233,548.9909345408153,-65.78997351963943,28.230776934117653,2.951704263687134,2.995913505554199,-0.006062014494091272,0.007280910853296518,0.13898488879203796,0.3674069046974182,-13.17093125297062,32.908705194767684,-134.19649688766236,247.64419047314664,-7.980258481197278,5.060798920922846
pi_5,upstream,3.0,3.0500000000000003,52,-0.6254454231262208,0.7562645721435548,-62.729290620475844,-47.93593416130697,-395.583000650118,-5.627272475089384,40.55292314025173,96.8653398279598,335.95383727126256,1262.690187029574,16.464113648356648,39.44356308614557,-0.7640425205230713,1.8403208923339847,-3.5563518540404826,2.1121036765747467,1.7757446765899658,2.7132887840270996,-0.01473044790327549,0.09675293415784836,2.1624231338500977,3.523672342300415,-7.82493279809153,16.414619679434587,-431.22191687124734,124.82669312007714,-39.32786041071824,36.991621525872056,3.000966787338257,3.0454506874084473,-0.001222579157911241,0.009277665987610817,0.2583172619342804,0.4301306903362274,6.3459693121070435,36.72152852533307,-108.19307196264255,231.65985392840264,-8.644730083284005,5.574916185843272
pi_5,upstream,3.0500000000000003,3.1,50,-0.8725414657592774,1.194472064971924,-63.206481786838786,-33.48508436825755,-438.9328452743549,313.94259644441263,29.003162046219376,97.52211715816989,-665.5990932590479,1266.4546594510048,13.723639881704935,36.029693516840894,-1.033176317214966,1.6515751838684083,-3.684961563585616,3.0291655457430005,1.2687736749649048,2.73931622505188,-0.014481861144304276,0.08627843856811523,0.6560335159301758,3.332137107849121,-11.01266660732746,25.689075713753734,-400.5259812316995,191.4987650804562,-91.71025455189267,45.732993248302755,3.050307035446167,3.0998170375823975,-0.0060593485832214355,0.013017215766012669,0.2204383909702301,0.5008265376091003,-2.663922332919421,39.84552727810268,-115.06620253196718,207.88938859778924,-9.181490318304878,7.622435891389399
pi_5,upstream,3.1,3.1500000000000004,76,-0.6689783954620362,1.223528804779053,-63.451562634637185,-36.45973420463565,-272.89160224950524,520.0831151052201,33.95434910008869,94.24561394161225,-851.4423114425717,1190.6526736270696,12.157097271973498,36.95981701394467,-1.1137777614593507,1.8956763648986819,-2.8288891661710447,3.6572802925732235,0.9908215403556824,2.700868606567383,-0.019147980958223343,0.08515071868896484,-0.339021235704422,3.2111313343048096,-12.691993265727447,29.920032980023546,-304.65255562595485,173.54849518690742,-91.35190867708796,49.330689525674835,3.1008968353271484,3.1487443447113037,-0.006368197966367006,0.016658088192343712,0.2656618654727936,0.5305213332176208,12.50326489367624,40.80694129057908,-113.12539744911888,156.0064657000503,-10.275981006468633,9.41863455456393
pi_5,upstream,3.1500000000000004,3.2,59,-0.42929704189300544,1.1754271697998049,-62.59515936555513,-18.25771378356397,-197.3778913896797,515.5011510024087,24.60536374909366,89.57065681325116,-815.7922756734736,385.50634060532815,10.124304577856153,30.545119661274597,-0.8680973720550538,2.009434909820557,-4.077654345571014,2.899983690082586,1.217720627784729,2.3169972896575928,-0.006860237568616867,0.06586549431085587,-0.11802233010530472,2.3110575675964355,-10.525106360030794,32.023601470793245,-262.79360469374825,94.08694864719284,-87.89770442889409,32.36748783512505,3.154674530029297,3.198291540145874,-0.006611742544919252,0.01410969253629446,0.30328863859176636,0.5492774248123169,14.353741578524762,39.47012983603502,-105.16766699054209,64.72240812217727,-12.117839964344363,5.7536228487079555
pi_5,upstream,3.2,3.25,51,-0.46080236911773687,1.2734032440185548,-60.94668637918339,-12.010412957320106,-159.91515073561683,580.6395722865532,17.47583470851593,85.79396518339514,-743.2023365708988,154.70703587083375,4.1760052702215456,25.432139201105457,-0.8009861564636231,2.0394153022766117,-3.312286442605743,4.396524324095194,1.4428651332855225,2.358037233352661,-0.01565323956310749,0.10056189447641373,-0.06338600069284439,1.5972877740859985,-8.556236029882918,34.95208264347664,-296.81212683618384,139.49132783414794,-91.31133052322892,58.27115784731682,3.2023682594299316,3.249788999557495,-0.00723679643124342,0.022084951400756836,0.3356657922267914,0.5736164450645447,21.429908058664473,38.54502852428098,-128.3073165399806,41.95443697680332,-15.755104653973898,11.75853439254277
pi_5,upstream,3.25,3.3000000000000003,63,-0.47396842479705814,1.2678339576721194,-52.60914617633511,-6.686751355461075,7.0779751996092966,521.9079777269075,10.590956213818886,70.01294970986409,-687.2717206276052,290.61088880570253,0.5808428710778595,23.434179039409994,-0.7394499683380128,1.6627138900756837,-4.300189951998524,4.714006529033861,1.5339022874832153,2.3589158058166504,-0.019623395055532455,0.10523989796638489,-0.14121052622795105,1.2708693742752075,-6.37866201256931,35.20936903932186,-295.0239559907178,-79.78378803456661,-94.2980561340596,60.002986462319406,3.250168800354004,3.297489643096924,-0.0076269046403467655,0.02413983643054962,0.3494121730327606,0.5898308753967285,25.716657725169537,38.433115874730326,-110.12729957332012,37.92736085725839,-17.632372701289704,12.658556768034787
pi_5,upstream,3.3000000000000003,3.35,36,-0.4825497627258301,1.30643217086792,-35.848128330501446,-8.047346809355595,-79.51139326027733,407.6503603096431,11.536285984573563,49.34281311145161,-678.0994322704383,459.6438093285311,-3.4239147733848014,18.552825513051868,-0.6786226081848146,1.9448629379272462,-3.554877705666502,2.346514696073206,1.6616114377975464,2.3863143920898438,-0.031212463974952698,0.08360551297664642,0.017790211364626884,1.1576868295669556,-4.869943661239309,34.45190106036744,-285.8743165408388,-67.45220933718875,-96.7760760856969,35.85709978397626,3.3049166202545166,3.348888635635376,-0.008237315341830254,0.017788000404834747,0.40997442603111267,0.6152620315551758,23.93408763482293,38.547350788598784,-89.70504078517116,41.873936367245555,-19.60135435994329,7.996025506620856
pi_5,upstream,3.35,3.4000000000000004,63,-0.5811859321594239,1.2385671997070313,-26.147275539129453,-2.809158835100337,-320.4153481547803,485.05331515427247,15.742300253768136,71.25216459135784,-682.8908372939591,633.1478263235634,-6.326147470423163,14.747057598687505,-0.9300959873199464,1.8424787521362307,-4.485192911131999,5.751434425337461,1.760992407798767,2.3504602909088135,-0.0358286015689373,0.11150781810283661,-0.0922623947262764,1.107443928718567,-9.059083094315719,35.18022120703883,-258.4042519255313,43.373767361804894,-94.33171530628942,59.95197177940858,3.3503623008728027,3.3996381759643555,-0.008888198994100094,0.03053065948188305,0.34709611535072327,0.6345885396003723,20.31543121443537,38.52506046624245,-70.24314074527186,149.64124848797536,-21.571962277138613,15.651852993814353
pi_5,upstream,3.4000000000000004,3.45,71,-0.6411706161499025,1.1620183181762695,-34.05600622060058,-3.3561090713341453,-614.4221796950565,316.27846649904365,10.875121965369036,85.10539332259864,-200.3658942458852,720.7276810692418,-7.47550107686746,12.740264482959825,-0.8486511325836182,1.4353927993774416,-4.698682246415813,6.082573014962888,1.83840811252594,2.3057239055633545,-0.04183470830321312,0.10210768133401871,-0.025396479293704033,1.0735993385314941,-8.487454317393597,38.9031011915189,-223.45926926369685,209.2583224319999,-89.22056180696381,56.77836536269718,3.400425910949707,3.4494500160217285,-0.009443740360438824,0.03252323716878891,0.3475649058818817,0.6465294361114502,12.242943332518605,38.8194860156996,-137.041243356216,149.34401231567475,-23.40441995150499,16.72883461327671
pi_5,upstream,3.45,3.5,48,-0.6264638042449951,1.0161747264862062,-44.55411967303148,-1.5330705370420352,-580.0667106604859,155.36127237067257,17.30836017761451,100.6000804359336,0.9778979269862951,753.9821236096063,-6.234923588383457,13.265726928516779,-1.037970485687256,1.723026351928711,-4.802725447266861,3.977394317092264,1.9451284408569336,2.4563148021698,-0.044047996401786804,0.09057661890983582,-0.023617340251803398,1.0492891073226929,-9.280960935729938,45.80724081967538,-196.70458500167817,182.00756153056315,-79.05226794426908,39.6090524686585,3.451465606689453,3.495914936065674,-0.009582854807376862,0.023810135200619698,0.35580217838287354,0.6623427867889404,1.162948028726039,38.42130306256079,-40.88379799421465,59.33551305586908,-24.931179854900538,10.712991470688323
pi_5,upstream,3.5,3.5500000000000003,55,-0.7629174613952637,0.9079928779602051,-51.992434735796316,-6.011177344655114,-606.9469474598277,121.62475507868852,12.417672378092226,113.86908210632821,-189.20785133094222,855.7594281301267,-6.1987538747581405,14.149436825030692,-1.0800770568847657,1.6084414863586427,-4.895984723757795,6.89339915453151,1.9025298357009888,2.5043787956237793,-0.03823438286781311,0.10517223179340363,-0.1544361114501953,1.0950316190719604,-11.0040136114227,56.007950760171006,-206.8517189383242,165.1056027312063,-69.19407833027125,49.73166602618419,3.5001590251922607,3.548936605453491,-0.00927221029996872,0.03832579776644707,0.3566340506076813,0.7001191973686218,-7.645455917271105,39.926027887660446,-180.18013075774792,124.4720833587484,-26.08567729914922,19.746582025540466
pi_5,upstream,3.5500000000000003,3.6,48,-0.7433630084991456,0.8076580715179444,-53.12578168515487,-11.185700912213271,-646.2526097557434,96.13100569972423,13.752540643817422,123.20075292777726,-37.87920460851522,806.7821633279596,-6.064000183306473,11.685630500319508,-1.1016461086273195,1.714504261016846,-4.380306811192844,7.09928781194375,1.9524250030517578,2.5871596336364746,-0.009160255081951618,0.11514578014612198,-0.1323229968547821,0.8431211709976196,-8.49458759620803,13.853532674658878,-177.75706650817253,209.81311137752334,-53.34000032318857,41.59434940376025,3.5529747009277344,3.599930763244629,-0.004468013532459736,0.040082450956106186,0.4386378526687622,0.7194914817810059,16.967322002166604,38.61259275555075,-146.5578278890648,115.06908487179692,-16.35113392998354,20.70357520263048
pi_5,upstream,3.6,3.6500000000000004,59,-0.7958025264739991,2.006190776824951,-62.64018397256386,-15.738468517643758,-516.0270755684998,-19.34271836152447,21.558235360337967,135.90016463271698,191.6838768673419,868.7173351743947,-7.4375966749434586,15.116911661036749,-0.8935000228881836,1.7414307785034182,-5.0370888190182646,7.673336377479509,1.8640186786651611,2.525540351867676,-0.024165118113160133,0.22616688907146454,-1.078437328338623,0.7811112999916077,-14.620605607133623,68.23572082744843,-131.58747390774423,126.58548049173376,-54.0372192034743,42.05166813473304,3.6020238399505615,3.649837017059326,-0.009933938272297382,0.04160945117473602,0.31324049830436707,0.73328697681427,-19.641163477308176,38.771415144321054,-65.86539246845471,764.0568165599153,-28.53122019039823,21.679585999691486
pi_5,upstream,3.6500000000000004,3.7,45,-0.6492224693298341,3.0387798309326173,-64.87900386927815,-27.852956482441936,-563.712013938187,-3.4267227686249107,33.86186833872672,144.4981297033341,220.83496032041623,866.2143167303951,-5.127505690670296,13.932340086747951,-0.8891523933410646,1.0770691108703614,-5.128146534726591,9.133531874001541,1.873878836631775,2.6265194416046143,-0.013688536360859871,0.6081791520118713,-1.105655312538147,0.9021515846252441,-9.369732050598946,121.11082432478008,-173.00111016644428,105.75022748523081,-45.087700881182045,117.75769321592405,3.650197982788086,3.699738025665283,-0.010391484014689922,0.03029206208884716,0.3083494007587433,0.6341593265533447,-23.716513666359464,38.8651560755849,-465.831250376889,187.53771981471237,-29.7120816986187,13.738497300583775
pi_5,upstream,3.7,3.75,36,-0.9402597045898439,2.828960876464844,-66.35832722085453,-32.363755136743634,-470.45785659611556,-35.83263404636927,70.20564983691766,146.9526947853616,-0.8939310497855962,903.2008839162814,-4.699329292163057,13.632773322212776,-0.8615420818328858,1.0634561157226563,-5.157378058624479,10.659065296966148,1.9519554376602173,2.520895481109619,-0.03972586616873741,0.24251514673233032,-1.0754140615463257,0.8062790632247925,-33.10995330356753,75.35107722549839,-190.07607765747755,115.30285492632977,-37.8211036043405,33.503863973380504,3.702941656112671,3.7462809085845947,-0.0105467913672328,0.04318330064415932,0.2995474338531494,0.7012659907341003,-32.485629617198754,40.26428276102157,-411.197250224874,121.27188018540897,-30.621309640704172,23.979942188102118
pi_5,upstream,3.75,3.8000000000000003,35,-0.8241449642181398,2.9294371414184575,-68.8661950991648,-43.11355081480575,-424.3608279254295,-42.951863161678624,57.29829302269689,145.39672305091932,-167.31657594667445,822.958510150651,-5.089027160033058,13.881965105105742,-0.8244644641876222,1.1490763664245607,-5.2279910131220095,7.762287785695195,1.7609388828277588,2.425020456314087,-0.19208160042762756,0.08553887903690338,-2.0660738945007324,0.7445449829101562,-61.34576067200889,26.271313482004178,-219.63291532838568,39.99766632677012,-68.72837554209228,27.820895574477895,3.7510643005371094,3.7997515201568604,0.0049901739694178104,0.044786542654037476,0.2880549132823944,0.711818516254425,-7.2368031379083035,39.119023961750514,-68.65266289514268,100.39863083655325,-20.321770864448357,25.26630226418532
pi_5,upstream,3.8000000000000003,3.85,16,-0.5235334444046021,3.0466740036010744,-69.00750488290319,-51.46745956599997,-305.6978477765336,146.05371894718283,92.77230115650548,142.4338279701028,-337.4601125493038,877.0221348654566,-9.442046185787511,14.194724603779493,-0.53658597946167,1.2339839172363283,-3.533910732830555,3.6066559968454523,1.8211300373077393,2.5713419914245605,-0.14331459999084473,0.14663438498973846,-1.696574091911316,0.6255828142166138,-44.430230286771206,28.8084128624148,-271.5591689462192,31.003157548414997,-52.311326022860456,24.078535890484943,3.801771402359009,3.8467860221862793,0.004833878483623266,0.038463275879621506,0.2760131061077118,0.6751394867897034,-5.606854051452454,36.509048170443144,-122.10426167918008,655.7459716454142,-21.132544864820463,14.646742475870385
pi_5,upstream,3.85,3.9000000000000004,19,0.0025011211633682254,3.1454506301879888,-70.76610100926305,-62.69901922207435,-233.5447675732727,215.99574397270553,121.69916315950664,146.73102782603797,-645.0910951062477,411.8691495939065,-6.426915792584203,14.256230894476255,-0.8370549392700196,1.504833106994629,-4.472572986478095,-0.08270266478212691,1.412798523902893,2.504967451095581,-0.19553835690021515,0.2523229718208313,-2.2632009983062744,0.17592912912368774,-51.142779693614244,35.4150806767443,-176.7558017569837,42.21885750523661,-87.09781414500473,122.10345571685804,3.851390838623047,3.897261619567871,0.007579491473734379,0.030072767287492752,0.2734944224357605,0.4971288740634918,-16.342489466704667,36.60236904507303,-119.97556492245391,80.39337558780109,-17.63007525139126,0.07913008146241554
pi_5,upstream,3.9000000000000004,3.95,9,0.11308374643325807,1.4241140365600586,-72.0360654024002,-41.61691976387256,-487.11537658545603,610.3022642292182,81.04777601218001,144.36106146707027,-1515.3337481260896,232.60681867568988,-7.51837218177671,1.865352848169825,-0.8363873004913331,1.6226830673217776,-4.384365044728382,-2.2784269789577225,1.070493221282959,2.141688585281372,-0.17037445306777954,0.05963601544499397,-2.2946360111236572,-0.08511489629745483,-42.68101201014177,4.86808926487965,-45.61353665481382,241.8522173777325,-26.093487799415602,17.929746882640174,3.9085958003997803,3.9452595710754395,0.007912405766546726,0.030119316652417183,0.27831006050109863,0.4689255654811859,-3.6756129409894713,29.15813562339238,-120.89968951715665,76.4780311177938,-17.88603409562168,-2.9735967378070285
pi_5,upstream,3.95,4.0,13,0.38106573104858404,3.9696019363403323,-77.81133868529365,-25.014075438838052,-108.88007287992994,623.9851002312347,34.74261781710528,146.3516244780221,-1312.5776701612936,211.17781049444855,-8.005846479318693,10.024523300268543,-0.5125925397872926,2.0646280288696293,-5.308392276615406,-0.4924150806906781,1.2829210758209229,2.887296199798584,-0.27086949348449707,0.0822610855102539,-1.9440455436706543,1.9863054752349854,-81.52889453731571,15.585588393451363,-408.5230672402739,63.601908758647504,-72.62169265202627,81.57055869125278,3.9514451026916504,3.995512008666992,0.005866422317922115,0.031026994809508324,0.27778732776641846,0.4648802578449249,-14.42592643276804,29.231949477752707,-384.79673859207713,126.38229602430421,-18.32642838330854,-0.12125859871554714
pi_5,upstream,4.0,4.05,23,0.3748039054870606,3.9954978561401373,-74.82399835743766,-22.099145361467954,-194.85849415205044,543.1356046106602,31.55078162549911,147.18421087746833,-880.6527355791552,149.1413742633788,-9.94952442775201,5.680897282509115,-0.5121868228912354,2.390633888244629,-9.517134263776793,-0.36380730500040953,1.1171090602874756,3.01853346824646,-0.45500004291534424,0.09710990637540817,-2.454681158065796,2.0271496772766113,-119.79190113567228,17.49312191730523,-340.57284832013204,91.59554835497148,-120.06555949495801,100.01215141255724,4.000063896179199,4.04635763168335,0.004624528810381889,0.028631318360567093,0.27054381370544434,0.4370468556880951,-13.311996857446186,29.598693070141955,-83.69769133465903,233.06867606736614,-18.551073546181158,-1.5410287228130375
pi_5,upstream,4.05,4.1000000000000005,14,0.4337615299224854,2.0964252853393557,-71.09190103267265,-20.420346335181353,-287.43312963397574,578.3804735581931,36.393757992347915,145.88886550137542,-693.4727127712764,308.49240601506597,-12.387101172338246,0.21526720416607656,-0.5014458227157593,2.456696815490723,-11.924659443667952,0.48228584450398077,1.0000962018966675,2.22843861579895,0.0066024260595440865,0.11327257752418518,-2.7625486850738525,1.8870420455932617,-68.34764713737742,27.673763054472065,-209.874323532865,48.645092212261886,-16.7707115918132,134.96882735825073,4.054684162139893,4.098701477050781,0.006878478918224573,0.02768031880259514,0.2685074508190155,0.40172865986824036,-8.642393743620751,28.995146819228363,-256.1412190082093,230.748187598746,-18.777632138032793,0.40745942018458153
pi_5,upstream,4.1000000000000005,4.15,12,0.28769376754760745,1.5340233612060548,-73.73357231682347,-23.106202113072975,-529.7030267398329,632.5571515641408,46.188102413079044,146.32418077793702,-1168.8868824782332,927.8688497642129,-12.248398195268603,5.802978865830902,0.33030612468719484,2.832827987670899,-10.159323196654658,0.8858169079438497,1.011161208152771,2.152669668197632,0.008678472600877285,0.31093013286590576,-2.5172507762908936,2.895932912826538,-51.52452579651543,15.47172060225079,-331.2513339899788,332.3552018428796,1.205011535286151,119.26683717341672,4.101075172424316,4.1429219245910645,0.008175546303391457,0.02774979919195175,0.2771797180175781,0.510676383972168,-2.4054146138732473,26.03140479495477,-131.83994502022458,204.0097728473303,-15.833158867436937,1.398824821078165
pi_5,upstream,4.15,4.2,18,0.2693785953521729,1.965065670013428,-79.6222335701283,-19.69816140593193,-446.2306565157034,631.3129643049313,47.118811310141666,140.82672543953382,-1144.352296564414,733.5914407859904,-6.586679345306728,9.038113356390724,0.6731518554687501,2.644238090515137,-14.797150409128347,-1.389719502316705,1.0642637014389038,2.14247989654541,-0.0484740287065506,0.3677201569080353,-0.0701383501291275,2.593681812286377,-56.96869882920334,-11.990761649304334,-176.39873312755375,253.24964476270605,0.537564915983976,178.25699537428244,4.15245246887207,4.1978936195373535,0.01323607936501503,0.037945590913295746,0.27263933420181274,0.5583198666572571,-13.353480011370257,29.848309163549242,-106.62035260435542,113.154207187038,-14.225760411225037,4.928562156122759
pi_5,upstream,4.2,4.25,10,1.193259620666504,1.9669147109985354,-73.0758114393729,-24.768960440093807,-319.75314765436923,646.9883577331371,42.23995595958278,142.43582238534046,-1109.362057069139,732.2929398625009,-0.75902071407699,5.300273502910926,0.5865753078460694,2.497013092041016,-15.786604031760104,-7.040898916085757,1.0623797178268433,2.219562530517578,-0.2646738290786743,0.6228097081184387,-0.00899248756468296,2.769857406616211,-133.17215975745722,-13.844377659850121,-56.814575610582,128.42493239748822,20.924421126117462,187.74676458444978,4.207248687744141,4.2447099685668945,0.006637000013142824,0.05254446342587471,0.2759135663509369,0.4540598392486572,7.087179306402712,33.46567980082555,-120.71265161692502,125.05799064613045,-19.179320913686986,5.002415133627679
pi_5,upstream,4.25,4.3,15,0.33160678863525395,2.488200607299805,-74.78920537380561,-19.178389132735838,-212.65284448722616,467.0387731806339,42.385493630417415,133.36360995989267,-1409.7244889151389,852.8896558484541,-1.6463878069500442,7.405239508809577,-0.05788905441761017,2.6984756469726565,-16.319715301038855,-3.978018825602049,1.3477513790130615,2.655647039413452,-0.38700228929519653,0.8541716933250427,-0.3508274555206299,2.906536340713501,-64.85258469756855,-8.70894369179877,-270.18960673460487,213.72626335680704,-35.9790835474581,166.2924573825227,4.2500128746032715,4.296767711639404,0.0007434141589328647,0.08082745224237442,0.2772112488746643,0.6811165809631348,-7.204562937478551,34.64537641389181,-133.393553509214,248.07902763646632,-15.722372197836094,10.253076198472368
pi_5,upstream,4.3,4.3500000000000005,12,0.7719902992248536,2.051920795440674,-65.01970576618041,-20.331471913701147,-467.7372010044027,613.3381467115054,38.1492532128246,123.34010244722386,-1067.1154245996424,1018.0433021302823,-2.730800911442776,7.865447634353045,0.25897144794464116,2.5222873687744145,-16.48671030449108,-6.179145094281802,1.5411545038223267,2.7691359519958496,-0.18994753062725067,1.005540370941162,-0.0027330697048455477,3.4417457580566406,-48.43568544249846,-6.205361757192692,-223.61081750100112,12.814421845278988,21.2171886471536,192.64518501188616,4.302619934082031,4.349489212036133,-0.010482694953680038,0.1044890359044075,0.2728286683559418,0.7123538255691528,7.134684979627443,35.1019199183938,-98.9093217484103,111.80405637304489,-12.943116466053226,16.70806764877236
pi_5,upstream,4.3500000000000005,4.4,14,0.718001880645752,1.950138626098633,-68.2453172432323,-21.702304540501046,-391.74670195937523,682.3881353710461,46.423716618687806,123.08662046674634,-1517.1655502199737,775.2600753271637,-0.25289613343230555,8.97749436401438,0.10010617136955262,2.534861755371094,-16.854722872963073,-7.442881856291679,1.3906664848327637,2.624185562133789,-0.2829609215259552,1.1224395036697388,-0.07149549573659897,3.1054577827453613,-44.75866676320044,-6.9077101095451034,-212.47803262560888,118.86951140901873,-3.308225603270948,240.19256337168943,4.350529193878174,4.398843765258789,-0.016436394304037094,0.12701919674873352,0.2783135771751404,0.6966097354888916,7.446460917123723,36.568583514343565,-178.49321063653815,50.48953357120505,-13.324437229860006,19.595364204597118
pi_5,upstream,4.4,4.45,9,0.7171449851989746,1.3561242294311524,-64.61025641600565,-29.287953613852228,-581.1723270418141,-110.00363899839704,63.778612582664906,129.23168702149346,213.999689489661,1000.8210621003652,-0.8736750530930426,12.153890556459514,0.06309912025928498,2.4796954727172853,-17.672235394014184,-7.963112733388795,1.8617260456085205,2.476280927658081,0.34637320041656494,1.3033682107925415,1.2824738025665283,3.166260242462158,-50.89711827973639,-13.23645581899949,-41.79050219143926,164.02986159730762,18.999342553833124,123.66153114956465,4.409085750579834,4.4482011795043945,0.05424398183822632,0.1717572808265686,0.42740118503570557,0.6960307359695435,0.34214274510274467,38.677824477218955,-78.75930747038889,123.40686071617156,-0.12375454404276438,19.328342475946894
pi_5,upstream,4.45,4.5,11,0.7122569561004639,1.9244292259216311,-66.70454950988248,-19.877807333934314,-532.661045065582,308.17562184136074,29.742591495575784,129.61137723745446,-151.02205319096348,882.9205223081395,-0.2578608277892234,12.699466178796515,0.01974210321903229,2.4983396911621094,-18.259498488378394,-8.203756324075163,1.8719115257263184,2.3853201866149902,-0.01178986020386219,1.390093445777893,0.3193701207637787,3.221935749053955,-62.06296468580608,19.2911214049869,-223.65155274921108,75.30560182600443,18.916174755404462,289.80801372914584,4.4539899826049805,4.499924182891846,-0.01821587234735489,0.19839031994342804,0.3296048641204834,0.7116795778274536,3.1912551986398943,40.46904841724397,-99.6254329319403,122.3665136225519,-8.703675037417323,23.651112948005952
pi_5,upstream,4.5,4.55,12,0.9636960220336915,1.803009490966797,-60.06318091947473,-20.472127706826512,-398.07888837662404,-16.77979062076744,37.7791491673637,117.9636097590216,184.58666828191664,823.362147009842,2.345769974598422,12.56584266298421,0.08745872735977174,2.446117935180664,-18.99966409712941,-8.344747656008487,1.9482579231262207,2.4418389797210693,0.029302753508090973,1.3872416019439697,1.6562960147857666,2.8655965328216553,-64.73563819859959,17.24413590884888,-115.19865356035206,66.92166073302967,43.89159473863483,268.6446725858614,4.500105381011963,4.549341678619385,-0.01764724776148796,0.23646216094493866,0.37922394275665283,0.6793031096458435,-10.25783764271361,38.86992696272015,-133.91174630116453,193.23822301676168,-6.3086775032867655,27.712716911780714
pi_5,upstream,4.55,4.6000000000000005,11,0.7153036212921143,1.6668612480163576,-64.8940029646955,-30.274468571528434,-530.8074410078673,-64.15091936413313,55.55912878452571,135.7574683205771,-7.772010784854979,1147.3512413836697,3.6548609632759894,14.697966405323188,0.0822200894355774,2.263416290283203,-21.17398135957264,-8.608516234721224,1.7297110557556152,2.6683712005615234,0.1831197440624237,1.1463274955749512,0.6025397181510925,3.281752109527588,-80.1743724022538,-18.885071781471517,-28.114463935194212,85.9721579886516,28.748495027920864,102.27034855594687,4.552529335021973,4.599479675292969,-0.014693818986415863,0.2660081386566162,0.43608883023262024,0.72601717710495,-6.585037032114891,41.48799652819398,-119.22790509514765,57.767957320594476,-4.547225807268284,29.45952593768622
pi_5,upstream,4.6000000000000005,4.65,7,0.7162722682952881,1.5032822036743165,-66.78759094981149,-41.514695737659565,-517.1829621421193,-46.39947286222885,75.31859967599497,138.57851403271076,44.152548946064336,914.1503874954856,4.493152674083531,15.088216952704885,0.07949733853340149,1.8180078315734864,-18.724536149495787,-8.99022921878537,1.8525712490081787,2.569953203201294,0.19170404970645905,0.5540770292282104,0.9479861259460449,3.109600305557251,-89.50420590281611,-21.83916787108976,-5.722129288508875,115.68055072705315,29.554348066955647,88.34000015878743,4.603219985961914,4.633346080780029,-0.009968266822397709,0.13064344227313995,0.4989246129989624,0.7492802143096924,-3.2631913913087036,41.77548943564357,-128.05951727689254,114.2454733409201,-3.175762753198958,13.914689228989195
pi_5,upstream,4.65,4.7,4,0.7060387229919435,1.6733862304687501,-67.8907894441736,-50.008179404542986,-390.26009762614365,-14.631093362604176,91.09217024333071,139.77732151507473,-193.29970837967014,813.9210224069435,6.293873586869337,16.396797301285588,0.18619124412536622,1.4138318252563478,-22.081114143047827,-9.42190930289741,1.7499356269836426,2.5386788845062256,0.22826990485191345,0.5814098715782166,0.07397472858428955,2.9324278831481934,-88.32582751625966,-31.689164673178155,-22.499068305297836,125.4015218406254,30.488612077481257,86.48214772340894,4.650388717651367,4.6563591957092285,-0.0051865787245333195,0.29470571875572205,0.5569807887077332,0.7653881311416626,-10.126716793669583,42.259739602513726,-33.14627966466824,122.95095924945156,-1.9636867578731525,31.71538711569084
pi_5,upstream,4.7,4.75,8,0.8908496952056886,1.6616073226928711,-69.46938959533612,-56.60672612394934,-300.03420027524567,-30.28073527009192,105.37003866546038,138.9761266650539,-118.48281341896929,681.5921724459295,6.017997519052746,9.17456942962824,0.07968188881874086,1.760847911834717,-19.62055282026516,-9.986448371254946,1.8267841339111328,2.5030503273010254,0.20680932700634003,0.45877212285995483,0.21539363265037537,2.617579221725464,-101.40378196537984,-23.357284989604523,-32.481521258413,99.61242142157143,44.32618260004982,66.47346371969344,4.704093933105469,4.74478006362915,-0.0005603093886747956,0.150583416223526,0.6112701892852783,0.7555739879608154,-6.629731228722516,42.21779199572609,-115.0241695478149,-38.2398351815973,-0.8244700005067922,16.318036787890936
pi_5,upstream,4.75,4.800000000000001,4,1.0659954261779787,1.6264321517944338,-68.95200276570766,-61.299540781895416,-227.2636982917723,-71.31869746406294,117.38287975503043,138.71382008016872,-84.5153879217146,519.7322073064215,5.2279366019616,7.62920257351906,0.018631670176982883,0.43819367408752447,-17.100201053623614,-10.716333807729615,1.876852035522461,2.4350085258483887,0.0899103432893753,0.31706368923187256,0.0408160500228405,2.179868221282959,-73.31505930562011,-45.43670647229678,-21.92731487742336,76.24993695046123,47.62734279951121,63.63541083652642,4.752319812774658,4.7997870445251465,0.002943214261904359,0.15794190764427185,0.6589771509170532,0.7087352871894836,-0.4023447794991775,31.21533395988686,-125.38481519791556,-85.39763662661599,0.2948476306930382,15.748644945658139
pi_5,upstream,4.800000000000001,4.8500000000000005,2,1.5265095710754395,1.5409370040893555,-67.33253759274096,-64.68352385523238,-173.20042874680357,-123.9750231720899,126.18641985928659,133.72401172163757,162.94876559509967,368.98785594673245,4.764361911783583,7.596520831449384,0.23441637992858888,0.3761777353286744,-12.604145045879445,-12.042126911072833,2.2319350242614746,2.3689115047454834,0.01640322245657444,0.14367179572582245,1.0600967407226562,1.7080436944961548,-58.72132195513402,-53.036575999499924,-1.5945770308482345,65.2280948377575,46.50981115317582,62.84407194947791,4.804651737213135,4.845402240753174,0.006145649589598179,0.007470160722732544,0.6973465085029602,0.7218905091285706,8.690833445214482,14.877825408634425,-136.11564344065255,-88.4423915246351,1.3158449473844835,6.849317159151153
pi_5,upstream,4.8500000000000005,4.9,3,1.370405197143555,1.4856962203979494,-68.77493011147509,-66.99750315357349,-130.96482020262752,-92.93481184742758,131.0309910753066,135.27936873905452,-41.820537948314396,153.33662671576238,5.065890758631435,9.072029325715455,0.10864001989364624,0.3373702716827393,-14.199665356271316,-13.087961059858845,2.154223680496216,2.262559413909912,-0.059312667697668076,0.04568442702293396,0.47855067253112793,1.075412631034851,-59.7293895747362,-57.92617182252865,50.052654181323526,101.33489950760026,46.7807920783069,63.628765062464,4.85110330581665,4.895467281341553,0.005487737245857716,0.009114307351410389,0.7239810228347778,0.7380819916725159,16.392395951422657,23.706416939218894,-140.18359482728542,-136.09755709973035,2.169145459827999,7.778048853865436
pi_5,upstream,4.9,4.95,2,1.3291995811462403,1.4505249214172364,-69.67839338393851,-69.55536801660826,-72.76499685100231,-69.10820919202585,129.29628695066344,134.46266935961776,-158.09498728407848,-75.67527215445304,8.50465136251995,11.081895671208713,0.07573616266250612,0.31182789802551275,-15.293712586256584,-14.707582560766681,2.1001834869384766,2.11188006401062,-0.11565671116113663,-0.11204425990581512,0.05058092996478081,0.179447740316391,-57.957665824791576,-55.71473073910236,117.91435043472747,128.25390446067112,47.13347572628968,64.17303551666564,4.932097434997559,4.938352584838867,0.003491424024105072,0.006757957395166159,0.7420701384544373,0.7435614466667175,27.43907946213772,28.676317003866753,-101.5431178244481,-97.84448159642699,3.1732814655394264,8.573051423493432
pi_6,downstream,3.1500000000000004,3.2,1,0.24685092687606813,0.24685092687606813,-45.784704610508925,-45.784704610508925,493.73410309876516,493.73410309876516,67.71634641277149,67.71634641277149,-751.4294906714758,-751.4294906714758,8.741222096509253,8.741222096509253,0.41739413261413577,0.41739413261413577,-2.176298970344358,-2.176298970344358,1.5730905532836914,1.5730905532836914,0.025980522856116295,0.025980522856116295,-0.20205354690551758,-0.20205354690551758,-2.384295668959568,-2.384295668959568,-123.16096024567277,-123.16096024567277,-4.253671914128337,-4.253671914128337,3.1780319213867188,3.1780319213867188,0.009349574334919453,0.009349574334919453,0.4968324303627014,0.4968324303627014,33.88223254773711,33.88223254773711,34.42992492671293,34.42992492671293,-1.4458254230889516,-1.4458254230889516
pi_6,downstream,3.2,3.25,2,0.2447164821624756,0.28568080425262454,-50.836449124433756,-24.471147116808325,390.46218926330596,471.12879973866427,39.33876480772817,85.51629750306661,-620.7663872452445,-565.6448481902739,1.8363086704128577,3.724624928334471,0.41374571800231935,0.46415418148040777,-2.3510878909142034,-2.262202112830501,1.612104892730713,1.6909199953079224,0.022272007539868355,0.04650488123297691,-0.2735994756221771,-0.03493082895874977,-3.099010719134522,-2.3556850737434423,-161.40642691824075,-119.95659065693962,-7.201643031608371,-4.671361033763065,3.224146604537964,3.241736650466919,0.010722597129642963,0.010773222893476486,0.49028921127319336,0.5418732166290283,28.70207364722687,34.321382975517665,20.420064589878088,44.38437922687291,-1.448301524917231,-1.3887284042015444
pi_6,downstream,3.25,3.3000000000000003,2,0.2517084813117981,0.2734722137451172,-41.16359327846964,-31.556631682523225,444.7186165580027,458.06688257371525,58.475134616690084,72.40804433478827,-652.5421757925714,-628.8290157490943,-2.133040652305669,0.6176859055985473,0.4236788225173951,0.4473076677322388,-2.461063686768656,-2.4074451459389548,1.6454747915267944,1.6762727499008179,0.023721642792224884,0.031881313771009445,-0.47831517457962036,-0.4501607120037079,-2.778925856512922,-2.6618749837157094,-147.40665647835732,-127.99859198949603,-5.79984318088528,-5.670339379127253,3.257692575454712,3.2905800342559814,0.011136404238641262,0.011632736772298813,0.5211282968521118,0.5321061015129089,29.18750202172885,30.702472130583526,43.96435674386297,67.46851982892674,-1.4075917481416311,-1.3888294207137701
pi_6,downstream,3.35,3.4000000000000004,2,0.26928363323211674,0.2927063655853272,-18.21172441233498,-15.39344492681515,223.38570812633583,304.0809507546948,38.24878955959919,40.1097565612392,-317.1077061057966,-100.13883093109348,-9.019069740130643,-6.820594763879002,1.1839835739135742,1.2115202522277833,-2.6271360430228765,-2.5697250620302348,1.7279276847839355,1.7949217557907104,0.05469145625829697,0.062398720532655716,-0.2813109755516052,-0.24155406653881073,-3.889715892694099,-3.2988178714629015,-173.48690054097224,-150.95228963878097,-11.77441284602324,-9.62431454530648,3.357633352279663,3.3928020000457764,0.013493000529706478,0.014785858802497387,0.5062932968139648,0.5087601542472839,26.563317729400563,26.91353226399838,13.247547192437946,41.900399935184765,-1.5406733275948403,-1.4445929192358082
pi_6,downstream,3.4000000000000004,3.45,3,0.2504018759727478,0.3083995819091797,-15.138311748105785,-10.618904494128932,46.5480363068658,100.7545793149593,34.092708242105644,39.97420804206572,15.990977196164545,93.8224973829083,-11.528001014943056,-7.201164482076828,0.609885654449463,1.1575666809082032,-2.732750872771491,-2.573650872988065,1.796705722808838,1.818724274635315,0.06980793178081512,0.07823670655488968,-0.24639607965946198,-0.028018523007631302,-5.032617849814679,-4.037531858503753,-129.36154257799373,-81.73093153296468,-16.52512360246893,-11.01684156045763,3.4194111824035645,3.439601182937622,0.016248803585767746,0.020277392119169235,0.504368782043457,0.5329234600067139,28.529353531042883,35.448446150839814,-14.975223906198806,16.460112154401457,-4.407829690933072,-1.67894960111288
pi_6,downstream,3.45,3.5,4,0.16454003095626832,0.36947227478027345,-20.685642835375695,-12.600916962013558,-77.70504045124075,75.01951252242928,38.293066260893795,47.82069179453593,68.4483719370676,163.15745519500024,-12.002291834788545,-8.745631101598281,0.6047647762298585,1.0496498584747316,-2.8051161742208643,-2.6320378207698467,1.7697255611419678,1.874290108680725,0.07610545307397842,0.08389747142791748,-0.3740321695804596,-0.13713602721691132,-5.982205816630035,-3.7756705165751034,-159.064942448112,-41.02314409856667,-19.785241195207718,-8.709486691837787,3.45495343208313,3.499079465866089,0.019368888810276985,0.021922951564192772,0.4975070655345917,0.5334175229072571,30.340215972478976,32.545345961112176,2.335333671337743,66.6340278067021,-4.661475729004085,-2.01478254961657
pi_6,downstream,3.5,3.5500000000000003,4,-0.005411749780178071,0.23888468980789188,-25.8611401317774,-10.185422269585843,-176.0687257076154,31.784777076274576,18.101246102510025,53.11366834466185,-23.69459900440748,215.78138531579384,-12.401506971238414,-8.873117247280414,0.38281767368316655,0.98243390083313,-2.9289154206316748,-1.4478434118600425,1.6775051355361938,1.8017659187316895,0.088018037378788,0.15947528183460236,-0.4266034960746765,-0.07549667358398438,-6.051679512659644,-3.590857550465606,-65.37570205591065,14.062249595316127,-14.790808798608463,58.0031685450422,3.52759051322937,3.5483617782592773,0.02143699862062931,0.05472750961780548,0.49208998680114746,0.5384924411773682,30.26239962726502,34.49127368583798,12.696268964147876,37.153886329984054,-5.247652956352889,19.493899004638443
pi_6,downstream,3.5500000000000003,3.6,13,-0.054444762468338015,0.22477572202682497,-31.37438515999436,-5.965316466359886,-260.78528319095443,130.33883336519585,17.288690940352165,58.236761014656636,-89.05738858769222,296.54533964720315,-14.01005602300677,-7.617851671466691,0.45723666667938234,0.9791119289398195,-2.9891295261959336,-2.1011935084889948,1.7392431497573853,1.85307776927948,0.08579104393720627,0.1651919186115265,-0.4487472474575043,-0.03051617555320263,-9.312530923847383,-4.329525006842737,-181.70089969720792,43.67821279877446,-14.435835329706437,52.84016024953787,3.5558953285217285,3.5995728969573975,0.023771017789840698,0.06159962713718414,0.4897892475128174,0.5640556812286377,29.360831732296262,35.52821593015639,18.934949237885537,107.27466423627513,-5.542260760402966,21.83181825582378
pi_6,downstream,3.6,3.6500000000000004,17,-0.08348937749862671,0.4701635646820069,-50.66607688577696,-7.089173721640356,-388.5757183353051,118.40045499795728,9.845330929111629,80.59035141327509,-90.26128456098783,583.6947432230565,-14.871276641612747,-3.729059828802895,-0.6965557956695557,1.1546076011657715,-3.2729530494610026,-0.358607356084576,1.641107201576233,1.9248565435409546,0.09043587744235992,0.17557433247566223,-0.4865403473377228,-0.005035577341914177,-12.320290102227123,6.6463883525608844,-165.01623653610585,94.07470211801102,-68.83935928591582,50.847705276185934,3.6011264324188232,3.649918556213379,0.01151012908667326,0.06477972865104675,0.4805605411529541,0.584770143032074,24.047741982611942,35.69224292307425,0.3777111152881447,98.3167140454525,-24.48116216856796,22.892649470102924
pi_6,downstream,3.6500000000000004,3.7,18,-0.5760180568695069,1.3174512481689455,-65.94816753100609,-7.696894925684118,-533.7342043879744,141.04415768157202,19.751925239983688,127.64614056794504,-45.111623618750016,653.9293052507309,-15.279274569175247,6.92585068412725,-0.9048072242736818,1.235606918334961,-6.587417940969421,3.339041709610094,1.4960130453109741,1.9965674877166748,0.04425729066133499,0.1708918809890747,-0.5617199540138245,-0.004780356772243977,-29.428775039064963,23.218054998468396,-156.16145635269626,264.5715029347026,-67.70981675192496,21.336541080257692,3.651780128479004,3.6978390216827393,0.010741482488811016,0.06093430519104004,0.4799320101737976,0.649114727973938,0.6231284032640183,40.943978790991636,-11.085157112536098,109.86586725264871,-27.134746170399623,7.692651170669217
pi_6,downstream,3.7,3.75,28,-0.5741398429870606,1.2422751617431642,-69.32333283012457,-10.095975819762648,-361.28250097798764,113.19780428451018,23.728309403056077,136.98361021999943,-411.18613067690524,644.8665184863377,-18.067746781106006,7.455092265289941,-1.129032783508301,2.281824188232422,-7.9224007384636534,4.304965270366217,1.602279543876648,2.0227651596069336,0.03163829818367958,0.16592076420783997,-1.552381992340088,-0.22091639041900635,-36.310538967500484,24.48213347608829,-207.4939479656022,143.1259993405919,-66.10099301368513,44.7197483453097,3.7000975608825684,3.7459464073181152,0.011527825146913528,0.07444291561841965,0.4585244059562683,0.6367826461791992,-24.58500978536702,39.34793433668891,-171.13006180558932,114.81778855185381,-28.46118708366521,25.405334243204262
pi_6,downstream,3.75,3.8000000000000003,17,-0.5671015644073487,0.8797300148010255,-69.68850889409931,-14.076235261415375,-195.56110205159132,14.820197395059735,28.935546588530833,139.38386163774697,-684.4638025390562,657.0040378490172,-17.34762978862576,7.4667482167903,-1.0692214012145997,1.9471826171875002,-8.674302253342201,4.790639912158336,1.690622329711914,2.102461576461792,-0.04174119606614113,0.18357329070568085,-2.598532199859619,-0.31408339738845825,-38.52538831532261,23.116708651563748,-205.59284677239918,217.27689621570315,-62.42013576807356,18.79548531277034,3.7579967975616455,3.7999868392944336,0.01313797477632761,0.07171167433261871,0.4365728199481964,0.6318566203117371,-31.507590924282535,39.25955168882894,-4.317315189927693,134.03411597033448,-31.06059986111603,8.90563000620533
pi_6,downstream,3.8000000000000003,3.85,35,-0.44425436019897463,1.2267475700378419,-70.74146451692681,-10.600970124915772,-381.1333802911192,107.85570842896811,3.2953005374837567,126.72123733167693,-1049.5628219799503,609.7115348282821,-17.61250794444787,-2.6587237927092047,-1.398697032928467,1.682433834075928,-6.133859913896497,5.3232281369372,1.4576959609985352,2.1840996742248535,-0.10896645486354828,0.20561225712299347,-3.610429525375366,-0.05468044430017471,-36.82474975916489,27.19079013297671,-214.66254568823237,317.79602524959375,-59.95573521364126,23.614371602416508,3.8006834983825684,3.8474557399749756,0.014068054966628551,0.08586166799068451,0.3360031843185425,0.7113401889801025,-31.04471583441994,36.88036457448172,-12.968525427106462,127.91616526659232,-32.29693571206486,27.36917946173443
pi_6,downstream,3.85,3.9000000000000004,24,-0.5610350036621095,0.43835702896118167,-71.93986901812974,-9.292386134664076,-707.0098744986749,155.5041462677309,3.214621275790508,142.37015694665993,-429.60614000043245,678.7309788818544,-21.43087539921556,7.094954358304568,-1.4330878067016604,1.2824963760375978,-11.090684833972166,2.33660824823973,1.3206055164337158,2.154895544052124,-0.004704371560364962,0.21067741513252258,-2.7752742767333984,-0.2325093299150467,-41.549502381669946,20.543552702524625,-178.29219816926468,416.1556123924664,-50.54554795258833,31.968949712149385,3.851550817489624,3.899458408355713,0.03105219267308712,0.08349153399467468,0.28757721185684204,0.7047836184501648,-23.87005631890135,38.40030706105217,-140.73050173450667,138.91266054728612,-34.477208221309255,17.115878717311805
pi_6,downstream,3.9000000000000004,3.95,28,-0.44945237636566165,1.2989237213134768,-71.37161776975219,-8.483275949168842,-355.6965810294544,217.7330572296116,3.058032358878796,121.42274540379621,-926.65875880934,629.0464889722675,-18.13572602999951,-4.8078644454351664,-1.4112443161010744,2.3571233749389653,-9.070073412717601,7.032929134696671,1.4492206573486328,2.3984215259552,0.008931243792176247,0.22230617702007294,-3.252079725265503,-0.3886328935623169,-47.12666944278176,31.688799258057557,-234.49012039591585,301.52162423117767,-45.26370461080952,14.580804387292666,3.901832103729248,3.944646120071411,0.016072098165750504,0.09545915573835373,0.31454721093177795,0.6989228129386902,-40.963482396166604,33.49507693501328,-35.7129110755027,102.73945960852168,-35.376422003562126,29.020864030815837
pi_6,downstream,3.95,4.0,22,-0.579450445175171,1.2576542854309083,-73.56811781436907,-7.708721398231995,-702.2157373994862,133.33104361793005,1.296899350850802,142.90670928709946,-480.57129037939677,573.4310999195484,-18.93762588495912,5.019595268148589,-1.3336345291137697,1.3609522438049317,-13.541311518451275,7.681507487370486,1.3507462739944458,2.0931246280670166,-0.0253898948431015,0.24482867121696472,-2.985628366470337,-0.49720826745033264,-46.59774983873973,34.74543868523249,-186.1998360204686,432.1475987490808,-37.548674679105375,38.23525212466422,3.953864812850952,3.998303174972534,0.018350187689065933,0.09802060574293137,0.29071447253227234,0.6813162565231323,-38.10563903987948,36.431706523376505,-68.87150898633907,126.58888192594043,-37.074911803303515,29.302636318937505
pi_6,downstream,4.0,4.05,14,-0.5528741693496705,1.1841208267211916,-71.39619962057506,-7.748082924645132,-196.37345743071597,42.25252692275019,-0.7257501279136087,144.92691531904916,-171.67170946714967,517.4559511428664,-20.09962279964253,0.4041276413977691,-0.9744172286987306,1.3958570480346681,-14.305335867098096,3.240870415025834,1.311891794204712,1.9469983577728271,0.03625444322824478,0.4283483028411865,-2.8421480655670166,-0.4586409628391266,-77.41408122278737,23.52503272807274,-165.62725159887685,24.484073249812575,-33.183623723955286,96.84509514725988,4.002709865570068,4.048431873321533,0.032895591109991074,0.09474503993988037,0.2656611204147339,0.6581483483314514,-32.06466798317795,40.58582416148368,6.212576998277164,222.4038684331465,-37.85110126956644,18.254535723474913
pi_6,downstream,4.05,4.1000000000000005,12,-0.6316354179382325,-0.014672858566045763,-75.9011123593595,-16.184944323309153,-744.8604879353244,-23.46373348781917,4.051093625987637,110.79302445134293,-126.48793173000763,418.7521497865818,-17.211861509099478,-10.442880204868558,0.2067750430107117,1.7383738327026368,-7.682058442937023,3.8040252521392994,1.2720863819122314,1.895829200744629,0.08821126073598862,0.2887687385082245,-2.601480007171631,-0.772990345954895,-46.491151076363344,27.17514899977738,-124.53329551409007,460.0866241528014,-27.72846774708199,49.229100707054656,4.05304479598999,4.095714092254639,0.05507120490074158,0.10708840191364288,0.28791144490242004,0.6310248970985413,-14.735465483311142,28.43774532634738,-4.179944717793104,118.37868035488327,-38.99048944371051,10.876295384753849
pi_6,downstream,4.1000000000000005,4.15,3,-0.5899538230895996,0.021956456303596498,-69.45956778330965,-22.97995972664363,-111.68769727034456,-3.366807282008501,7.496635486766636,118.1354163374041,-129.45605873572836,-22.25523738211755,-15.171473239502912,-11.863052423559244,0.9193997478485109,1.587693614959717,-6.220478656098228,0.6885797291858,1.0332754850387573,1.9214791059494019,0.039247579872608185,0.30690425634384155,-2.801321268081665,-0.9799304604530334,-19.524734365168843,11.920622436717473,-26.46812196784351,53.24793620336597,-20.601477829328214,-3.4295794952452683,4.105886459350586,4.1433916091918945,0.053896334022283554,0.11788611859083176,0.32258981466293335,0.5972795486450195,-0.005730315270229135,34.08383241127921,-63.39638836652182,125.84756051418393,-26.56346329003578,0.5501990935597775
pi_6,downstream,4.15,4.2,3,-0.5436354398727418,-0.40903983592987064,-62.23664956621034,-36.14887863513003,-190.7175826847035,-111.09506907681923,25.118450974639604,92.95613569801637,102.98024426733214,497.5981869990515,-15.383492918690438,-13.166755671842045,1.1478831481933596,1.663238334655762,-6.778119391524669,-3.3480556314226413,0.9878565669059753,1.5070104598999023,0.2494010478258133,0.33232077956199646,-1.8492108583450317,-1.3469313383102417,-11.950926278517526,-3.5540332258857172,-129.87861521892037,-8.610559939446615,-18.319253787985783,-6.17595950036308,4.152831554412842,4.190662860870361,0.09139245748519897,0.13787013292312622,0.3494913578033447,0.534498929977417,20.918840861565563,34.103633129683075,-75.21166623434925,68.1549606707022,-12.67967010286502,0.057314930608535083
pi_6,downstream,4.2,4.25,1,-0.6214777755737305,-0.6214777755737305,-46.4288426756599,-46.4288426756599,-258.96561151303627,-258.96561151303627,36.949708070030276,36.949708070030276,178.75997050476218,178.75997050476218,-13.84308209333299,-13.84308209333299,1.5594140625000001,1.5594140625000001,-7.147808170632296,-7.147808170632296,0.8335654139518738,0.8335654139518738,0.3637525737285614,0.3637525737285614,-1.5051484107971191,-1.5051484107971191,-13.012744071793124,-13.012744071793124,76.399176583826,76.399176583826,-5.274091930844487,-5.274091930844487,4.226256370544434,4.226256370544434,0.1523595005273819,0.1523595005273819,0.48205041885375977,0.48205041885375977,35.58966372702441,35.58966372702441,-14.636904146040566,-14.636904146040566,-0.3805835879596002,-0.3805835879596002
pi_6,downstream,4.25,4.3,1,-0.5196189689636231,-0.5196189689636231,-63.31221994537975,-63.31221994537975,-83.74846013075972,-83.74846013075972,57.137339614905535,57.137339614905535,82.09918118206592,82.09918118206592,-13.879366042236661,-13.879366042236661,1.6970042610168459,1.6970042610168459,-8.095504299859684,-8.095504299859684,0.9150233268737793,0.9150233268737793,0.34488925337791443,0.34488925337791443,-2.398446559906006,-2.398446559906006,-13.936454586277417,-13.936454586277417,-36.24284837773107,-36.24284837773107,-9.07752802016934,-9.07752802016934,4.292428016662598,4.292428016662598,0.18208254873752594,0.18208254873752594,0.33523979783058167,0.33523979783058167,30.502040229389504,30.502040229389504,21.104753488131433,21.104753488131433,-0.9767667453184367,-0.9767667453184367
pi_6,downstream,4.3500000000000005,4.4,2,0.5102081394195557,0.5556976318359376,-67.1592420331194,-66.85018280336548,-68.59416232490153,-16.420539745897695,124.08970204825442,132.53244423979382,-492.6158645278507,-269.5164506107651,7.804554280009399,10.164186332131747,-0.3519140625,-0.28192143917083745,-28.63395357800781,-26.866383417901805,1.5043989419937134,1.5924873352050781,0.2671699523925781,0.4710858464241028,-1.0655676126480103,-0.48957401514053345,-88.33150340345995,-73.56229166300706,122.39208585080443,179.67746981597,14.358905201537292,16.67114280164005,4.351949691772461,4.382977485656738,0.288308709859848,0.2945084869861603,0.6325390934944153,0.6504006385803223,38.36180528470081,38.974340064562135,-20.30910133662206,-12.758362213892461,7.362868610197267,8.283149130937467
pi_6,downstream,4.4,4.45,1,0.7020149993896485,0.7020149993896485,-51.05132687572235,-51.05132687572235,377.65831664520005,377.65831664520005,98.29355970416616,98.29355970416616,-747.7902565986664,-747.7902565986664,8.654602126561548,8.654602126561548,-0.12819931268692017,-0.12819931268692017,-30.72681139771608,-30.72681139771608,1.4853016138076782,1.4853016138076782,0.021096250042319298,0.021096250042319298,-1.910184383392334,-1.910184383392334,-45.33055850240561,-45.33055850240561,-3.4398777129663554,-3.4398777129663554,19.236078618013057,19.236078618013057,4.4452924728393555,4.4452924728393555,0.29628786444664,0.29628786444664,0.5649024248123169,0.5649024248123169,39.738173779823,39.738173779823,-5.000112125780943,-5.000112125780943,8.928922570944403,8.928922570944403
pi_6,downstream,4.45,4.5,1,0.7454867553710938,0.7454867553710938,-40.78334298699669,-40.78334298699669,415.6135959006909,415.6135959006909,82.34691214326227,82.34691214326227,-734.3190471778935,-734.3190471778935,7.336226449773423,7.336226449773423,-0.08181799411773683,-0.08181799411773683,-31.356500002371103,-31.356500002371103,1.4941906929016113,1.4941906929016113,0.13219277560710907,0.13219277560710907,-1.9352446794509888,-1.9352446794509888,-35.95738403646497,-35.95738403646497,-41.39307055910915,-41.39307055910915,22.92737239267641,22.92737239267641,4.475361347198486,4.475361347198486,0.2961699068546295,0.2961699068546295,0.5236353874206543,0.5236353874206543,39.65339064165563,39.65339064165563,4.418646595793533,4.418646595793533,10.204625712180631,10.204625712180631
pi_6,downstream,4.5,4.55,1,0.7450195217132569,0.7450195217132569,-23.112815443736842,-23.112815443736842,280.3381203694633,280.3381203694633,51.92189595714301,51.92189595714301,-527.2448143367886,-527.2448143367886,6.084733133942049,6.084733133942049,-0.10737499594688417,-0.10737499594688417,-32.31079971831867,-32.31079971831867,1.5476998090744019,1.5476998090744019,0.5255428552627563,0.5255428552627563,-1.7363343238830566,-1.7363343238830566,-25.788174928421448,-25.788174928421448,-20.453465922466744,-20.453465922466744,32.33768088958711,32.33768088958711,4.5349321365356445,4.5349321365356445,0.3052159547805786,0.3052159547805786,0.4442744553089142,0.4442744553089142,37.70522602997665,37.70522602997665,22.404111600361734,22.404111600361734,12.31055681460944,12.31055681460944
pi_6,downstream,4.55,4.6000000000000005,1,0.6956744003295899,0.6956744003295899,-16.739620570711303,-16.739620570711303,-21.46238902326247,-21.46238902326247,38.04883577164706,38.04883577164706,-72.5498458921469,-72.5498458921469,6.98044886245409,6.98044886245409,-0.18048243522644045,-0.18048243522644045,-33.16083767273706,-33.16083767273706,1.6750943660736084,1.6750943660736084,0.8860127329826355,0.8860127329826355,-1.637636423110962,-1.637636423110962,-23.961285448097918,-23.961285448097918,39.434230361757436,39.434230361757436,36.91712806768931,36.91712806768931,4.5990095138549805,4.5990095138549805,0.33287715911865234,0.33287715911865234,0.3762039244174957,0.3762039244174957,36.03288494755029,36.03288494755029,17.181067649600273,17.181067649600273,13.43979821418758,13.43979821418758
pi_6,downstream,4.6000000000000005,4.65,1,0.6223454856872559,0.6223454856872559,-19.05131175568046,-19.05131175568046,-193.27804301962286,-193.27804301962286,38.58676781029893,38.58676781029893,86.78393963188596,86.78393963188596,8.64135324370419,8.64135324370419,-0.2708896112442017,-0.2708896112442017,-33.67943831270796,-33.67943831270796,1.6959285736083984,1.6959285736083984,1.0047287940979004,1.0047287940979004,-1.6686718463897705,-1.6686718463897705,-25.292482487144234,-25.292482487144234,113.4472769439449,113.4472769439449,37.68033682064112,37.68033682064112,4.632925987243652,4.632925987243652,0.35196763277053833,0.35196763277053833,0.343328595161438,0.343328595161438,34.79311682073377,34.79311682073377,24.310815256231443,24.310815256231443,13.246638978867017,13.246638978867017
pi_6,upstream,2.75,2.8000000000000003,2,0.8206738567352295,0.831502742767334,-63.710679521179955,-63.70096016199103,463.8335566484437,471.30846103459226,132.868270980905,132.87000584895418,-454.53023794223935,-452.99251647325934,-0.3387063310998289,-0.33846409484506057,0.326085433959961,0.32713505744934085,-0.8603756522534408,-0.8602470907419191,0.7574135661125183,0.7693530917167664,0.03794786334037781,0.03826155140995979,0.04399006813764572,0.04425744339823723,0.4373601444856446,0.5254301777889493,20.556690571393148,20.79139294674771,20.95506818492331,21.20590688219203,2.7987842559814453,2.7988016605377197,-0.0023106432054191828,-0.0023101982660591602,0.11736676096916199,0.11736691743135452,6.2042535589998575,6.2045318892085355,54.91340270039271,55.11983833786717,-0.40064230406296886,-0.40019428525416123
pi_6,upstream,2.8000000000000003,2.85,29,-1.2389391708374025,1.7362130355834962,-68.04905858762115,-38.467485386633825,-141.4185203499804,598.7047123015632,62.42119444739491,133.61076718519874,-1483.3661678668689,-391.3712874418347,-0.1418601975766737,17.68031774269754,-0.9776184368133546,1.7784864997863772,-1.5322427415669448,-0.4835582026946247,0.5154148936271667,1.7773776054382324,-0.04987850412726402,0.08392641693353653,-0.09759438037872314,1.6485586166381836,-18.55926492787274,10.58941344484011,-36.38112555747798,713.3480714823933,-33.24841831351661,54.07507552694909,2.8000295162200928,2.842710494995117,-0.0039334832690656185,0.00041655945824459195,0.11779691278934479,0.16586866974830627,-16.24859314863721,16.989415956584303,-143.40117400187336,139.4813420975814,-1.5796362546028677,1.2067375497097448
pi_6,upstream,2.85,2.9000000000000004,28,-1.8515664100646974,0.2433443880081177,-55.715587927843195,-37.41349157505248,-512.7756869575203,116.53220701466203,30.293774101217473,64.4540431594983,-1873.549302921445,666.5173985325778,6.8147636322132685,40.174676177883306,-1.8402935218811036,1.4921525764465333,-2.1348555353115333,-0.5517380957663808,1.0100057125091553,1.888511300086975,0.02218915894627571,0.15423527359962463,1.1320152282714844,3.0781431198120117,-17.220243907132176,0.4162581149623315,-2.370417151452925,1017.3584254018268,-27.53947812029503,70.7625356505163,2.876119375228882,2.8944478034973145,-0.001922436524182558,0.001301643787883222,0.1377597451210022,0.2789754867553711,-20.374145228088093,13.72083319814293,-132.20092051785974,135.67997299425411,-2.842578063152848,1.7835520444775967
pi_6,upstream,2.9000000000000004,2.95,11,-0.8133186149597169,1.37219482421875,-61.58046646245804,-34.556686407519194,-470.22590337190195,660.5083073838273,22.503439626366642,89.68962504821445,-1744.509107083522,1441.900034774208,0.3817702168813145,41.75337825566673,-1.3907893753051759,1.851267604827881,-1.9850177079425315,-0.9897304583561213,1.4691956043243408,2.300095319747925,-0.0993596613407135,0.10357984155416489,0.17534825205802917,3.229287624359131,-16.745692608883445,5.9954252208817715,-502.72099280110115,364.4965147938288,-47.454375088969805,-2.6642531702073433,2.9026453495025635,2.949519395828247,-0.003021721728146076,0.0033353420440107584,0.11979101598262787,0.3415699005126953,-13.81636022387473,31.715447241104364,-127.7880718988979,235.23646882690147,-2.4823532158332013,0.22712102125846784
pi_6,upstream,2.95,3.0,40,-0.046853926181793216,0.8250493240356446,-63.82979119011581,-34.85323614580822,-424.8947028317143,428.3598217222019,10.258875831467451,78.9776003162625,-592.1210656398313,1408.8039979810744,15.068498715111344,34.77394218503868,-0.9487982845306397,2.567120170593262,-2.789765722378526,-0.5808706843636632,1.5702214241027832,2.4407525062561035,0.009250531904399395,0.17590615153312683,1.4156469106674194,3.4221465587615967,-12.3944685179344,16.233428421132487,-582.7240913797277,522.2812339046703,-51.71157052693622,31.767298622188516,2.9509758949279785,2.999443531036377,-0.002266830066218972,0.009952709078788757,0.1964598149061203,0.38312387466430664,-3.7872464065578058,45.29079314105779,-127.4035049278695,222.5549931987222,-4.8509831430493575,3.103843320994911
pi_6,upstream,3.0,3.0500000000000003,35,-0.6541920757293702,1.1244150543212892,-65.68174917224057,-40.0645680296904,-179.58983848891873,340.007308656855,8.934993925022221,102.99402075888806,-549.3464868682495,1119.4908451176743,12.388931197682398,31.02130303740904,-1.3515042304992677,2.3670050430297853,-3.021291704372506,-0.4288237567648915,1.201655626296997,2.3911943435668945,-0.006624720990657806,0.16005107760429382,0.7692173719406128,3.372330665588379,-9.119168268444321,12.102446341291444,-417.6885254082707,115.15957121792124,-36.625455084467674,37.30298594447084,3.001586675643921,3.0499258041381836,-0.0013862763298675418,0.013260017149150372,0.2459123283624649,0.4693913161754608,-0.3055718578936601,45.753552117704494,-113.47639404037666,73.61752057263578,-5.697872723818755,3.8695829766033456
pi_6,upstream,3.0500000000000003,3.1,17,-0.39726937294006354,1.4520734214782716,-65.7933271425219,-25.80861939215459,-118.39682133731883,526.005326247728,22.67316299705229,105.27860292304143,-645.5455485728637,658.4488141037716,10.905041515362141,23.261864149632547,-0.9278794479370118,1.5787303924560547,-2.629424820160056,-1.1578860834830464,1.272425651550293,2.269167423248291,0.007457458879798651,0.14936946332454681,0.11049730330705643,2.07846736907959,-5.590130333269678,15.899355331090701,-285.3199783878005,219.29926058743055,-40.840378481660885,18.197505666030306,3.0527126789093018,3.0988221168518066,-0.000724557728972286,0.014010208658874035,0.2887532114982605,0.4977053701877594,12.144216363160657,39.809252143420736,-113.57348517942839,52.29012511567674,-4.395126663430742,1.5983511370149701
pi_6,upstream,3.1,3.1500000000000004,38,-0.3258362627029419,0.6116466426849366,-64.13511430639372,-25.088908698932006,-109.20499180893663,576.2279257808852,27.38034666546478,81.88825128011759,-737.4224665706938,-93.00398800334148,11.427627558895672,26.729979523225524,-1.1221007156372071,2.2739356231689456,-3.653641467792352,-0.12781979811659985,1.449048399925232,1.9648844003677368,-0.039602167904376984,0.1467592418193817,0.12345080822706223,1.6948950290679932,-10.183333085473464,7.458941380284629,-332.4214546778287,61.43897909380123,-43.42102202557763,41.061143856014034,3.1002538204193115,3.146639823913574,-0.0017877881182357669,0.02191571518778801,0.35607075691223145,0.5007367730140686,29.1531427551091,40.56594831099894,-7.647919908014187,41.21317020656018,-7.588650743740739,6.291350635145352
pi_6,upstream,3.1500000000000004,3.2,25,-0.3289416074752808,1.2176812744140626,-64.88975458703175,-7.164784769526043,-71.05200589773061,580.7407683692961,15.60422968724362,101.56709861862402,-798.4926632606386,177.73246416678214,2.354977854637405,14.998069340616482,-1.1876110267639162,1.5380384063720705,-3.8118377984260383,-1.301466604958684,1.5175188779830933,2.072786808013916,0.01931828260421753,0.06661339849233627,0.24602030217647552,1.6825058460235596,-8.24192694597821,14.975845453413278,-246.24741678787902,-95.90713941948789,-56.175471394849325,4.7848211480475555,3.154106378555298,3.1999878883361816,-0.0020273723639547825,0.012263013049960136,0.3623969256877899,0.5452288389205933,26.908718688180816,37.18274387922735,-25.398125023036823,67.98289454513123,-9.213172399351388,1.8464597866282495
pi_6,upstream,3.2,3.25,30,-0.19465760946273805,1.3052294731140137,-46.262442192005466,-11.840273798868735,16.603431721303128,572.5177670237343,5.507566579695741,49.34831824392264,-766.1157634248373,65.92368813302078,4.0927261801020265,12.89298080374174,-1.1583892631530763,2.3554010391235356,-3.8636776590022452,-0.06120689688227866,1.5734717845916748,2.0981571674346924,0.025599228218197823,0.12450936436653137,0.0018073987448588014,1.3917124271392822,-8.43213746907931,15.10458256643697,-286.6291890479086,-95.55338343180541,-60.58312907004195,58.696733274121975,3.2000346183776855,3.2436630725860596,-0.0014358417829498649,0.02933511696755886,0.36412954330444336,0.5386228561401367,30.07080940595158,38.840857677612576,-52.25867209454883,45.59620846488949,-10.190887104407093,9.507456880573482
pi_6,upstream,3.25,3.3000000000000003,20,-0.3812474775314331,1.2221791076660158,-39.3219693725591,-3.4412894276904322,96.7328478184399,419.65611166285464,0.8079419563428976,36.21638139469727,-619.3621003518898,177.6235089891421,-3.8033183672296667,7.077136943073319,-0.8835023307800294,1.465292949676514,-3.917145999274238,-0.6944780406137673,1.688493251800537,2.034761428833008,0.03274574875831604,0.0924878865480423,0.3164769411087036,0.9311057925224304,-12.236045695230539,14.239299197660259,-269.92738211198974,-68.10680783705361,-68.07777953308106,-1.172683076005717,3.255244016647339,3.2994563579559326,-7.903755613369867e-05,0.01742755062878132,0.43222489953041077,0.5714722275733948,20.472696320074913,38.42273057209732,-40.04204548090228,33.766795520574725,-12.35492423157595,1.9128578193757697
pi_6,upstream,3.3000000000000003,3.35,36,-0.4170271015167237,1.2332638740539552,-35.68803552654552,-3.299695123884425,2.356986011336918,441.3053797844505,1.98886464172603,42.54523809472567,-427.08115566806214,250.36424500821252,-5.611191696603346,2.1819181939287606,-1.1744968414306642,2.3657305145263674,-3.9140667942246363,-0.18939042158432692,1.742129921913147,2.035097122192383,0.030663486570119858,0.16154444217681885,-0.13673721253871918,0.7944199442863464,-12.958900836792267,14.40591056340532,-241.44735108449083,-70.22680293277719,-72.33884768830687,60.282259237102885,3.3014984130859375,3.3474206924438477,0.0005654161795973778,0.03835880756378174,0.37051787972450256,0.5810647010803223,20.105869057868333,38.61890043524926,-111.06828790508361,142.57510360289535,-13.538755826721905,13.143766158650495
pi_6,upstream,3.35,3.4000000000000004,18,-0.24725707769393923,0.629211597442627,-22.386286514175293,-1.66734511921361,-174.28487154170483,267.7249739537408,1.6929730561965557,49.28333582415914,-254.81979596986528,334.9277242918732,-9.035737114669422,-0.607044509858067,-1.29939022064209,2.270026321411133,-3.4377784931843376,-0.442937323462208,1.787213683128357,1.9493401050567627,0.03872402757406235,0.1660059243440628,-0.12264706939458847,0.7942826747894287,-5.415086245220591,2.2647968136751406,-215.3992635524883,-12.71748011661535,-54.91150390780344,61.60714518135611,3.3512487411499023,3.392396926879883,0.006836601532995701,0.04167598485946655,0.37180259823799133,0.6057646870613098,29.58203082366171,40.31711085915703,-84.27706213100535,108.03610055513732,-12.99953702918922,14.41217157174345
pi_6,upstream,3.4000000000000004,3.45,33,-0.46612435340881353,1.1685052490234376,-39.4666259489908,-0.4656813371161173,-429.5805131306666,213.95493809021906,1.2527841194970415,70.8725973188019,-163.30374418664357,555.1277775478017,-10.702490297433219,0.8819304837832702,-1.4097392082214357,1.42120849609375,-4.309333988074923,0.5564230882361384,1.7470961809158325,2.0246200561523438,0.03636127710342407,0.11947941780090332,0.056194569915533066,0.724592924118042,-14.003295671268809,16.170437001512045,-186.64493212792166,130.99995469571806,-76.71655498398898,0.10443104442876942,3.401087999343872,3.4494025707244873,0.0019003043416887522,0.026040464639663696,0.37873369455337524,0.6208657622337341,16.298774548469293,39.43984477725518,-157.9632875765023,142.33980358598842,-17.504413830456695,1.699833679324194
pi_6,upstream,3.45,3.5,25,-0.5778533458709717,1.01222957611084,-48.53753380830711,-2.82103525340652,-487.85691656326594,143.12830794453137,5.258567337747872,85.40076485325585,-73.6228686107559,726.8295535076778,-11.80544149221178,1.4248424036108445,-1.5408460807800295,2.1250274085998537,-4.855286319057437,0.9142233440377685,1.7224786281585693,2.1193552017211914,0.057368095964193344,0.16243067383766174,-0.025063076987862587,0.5457579493522644,-15.072496045263543,18.19928663785639,-130.7704466792273,184.92881977819928,-73.08977917622558,60.329503655591864,3.4502670764923096,3.496098279953003,0.004247624427080154,0.051541514694690704,0.3862307071685791,0.6176754832267761,8.23960126656582,39.341855468327594,-61.71994575549887,121.68207402620327,-18.929647042498804,18.256598642940457
pi_6,upstream,3.5,3.5500000000000003,17,-0.6708990001678468,0.4202336835861206,-44.90650279269078,-0.841369915997145,-552.849171799172,153.76463368991205,4.481938116850633,94.6905939358494,-186.31323082106917,678.114240120559,-11.852042344070847,6.816655064264868,-1.224550189971924,1.9181533813476563,-5.17119008030811,-0.6575103530361524,1.7336891889572144,2.188626766204834,0.09076577425003052,0.16037467122077942,-0.13299806416034698,0.6677642464637756,-16.943018481552404,5.1107419804281085,-137.7035941207888,211.16934105987775,-34.274947934445336,24.667607262999987,3.5008697509765625,3.54593825340271,0.013827180489897728,0.04736614599823952,0.4971565902233124,0.6624826788902283,26.723055363519652,39.39001171707077,-68.51991816862349,72.41070810856456,-16.678711386416886,5.576852424216701
pi_6,upstream,3.5500000000000003,3.6,27,-0.609135971069336,1.2892357826232912,-63.600870569893665,-4.5294412287544255,-548.4310229534143,127.86534865916742,9.888612984108352,124.07727110396499,-105.14906838543214,799.525005372551,-12.1915146619306,8.049464530392298,-1.5307395744323733,1.6964860916137696,-5.561585183309565,2.2718689079447283,1.69149649143219,2.194247245788574,0.042248617857694626,0.16161373257637024,-0.6510164141654968,0.6708422899246216,-20.76637225627066,23.56887058971318,-143.52947227524288,215.29129192208873,-71.15820167894597,23.885002480352632,3.551645517349243,3.5960731506347656,0.0076119257137179375,0.05063466355204582,0.38798895478248596,0.6462319493293762,4.926500615774777,39.2480359898883,-152.22379765467053,144.61657884392045,-23.116677675862995,6.138788935442925
pi_6,upstream,3.6,3.6500000000000004,14,-0.5849384880065919,1.3135245895385743,-66.19112418997261,-3.2469122757522126,-505.8306959679379,111.40521430665116,2.3775907710721427,130.8758774792556,-193.59779149542783,844.6569283135143,-12.053053188875289,6.283418426733596,-1.156303634643555,2.336995010375977,-6.031612113015734,2.801127635113851,1.6977988481521606,2.096494674682617,0.04351099953055382,0.15760278701782227,-1.105767846107483,0.8176515698432922,-25.099346935531077,23.297659145697605,-217.96839822765358,172.69550018222122,-30.074060575996505,-0.1540488069119816,3.6014206409454346,3.6430935859680176,0.009919533506035805,0.04226426035165787,0.3707594871520996,0.691243052482605,7.163600585478692,39.46135304295155,-132.90376064383238,59.86530350903029,-18.239620049225945,1.796122625687334
pi_6,upstream,3.6500000000000004,3.7,9,-0.057709631919860845,0.6453292560577393,-69.23643916350368,-49.119247359538754,-371.56201764112683,-20.689754609256042,53.631881627179894,138.41553205873592,115.87231511819041,895.5369745354202,-10.819880187163236,3.5837504999401086,-1.2070604705810548,1.6462631797790528,-4.76567590429755,0.1355407859199485,1.726279854774475,1.9825398921966553,0.03658189997076988,0.1776989996433258,-1.8424971103668213,0.8307679891586304,-14.119287651301258,13.316027522830138,-243.594407389706,-49.61140688546778,-26.978161221472334,-5.434661140495025,3.656238079071045,3.6992526054382324,0.022910842671990395,0.043261025100946426,0.3118021488189697,0.6192054748535156,23.77502618943167,35.37871333450857,-64.55262327978909,35.51222645730939,-15.324987702376188,-0.7895868359640706
pi_6,upstream,3.7,3.75,9,-0.432236762046814,0.3569879770278931,-75.64771234115203,-4.330235346516418,-447.37307395627977,77.31309004571956,0.640454939001901,142.43366404556272,-114.6967302790045,821.7929520291666,-12.810063177047311,-3.16782951316073,-1.0939088821411134,0.6634762001037599,-5.585612865072579,-1.4672444875663708,1.0823265314102173,1.9146621227264404,0.023182807490229607,0.18239916861057281,-0.24392427504062653,0.4956820607185364,-75.87614801794311,1.8092878693889936,-242.05933603412396,221.06616222382115,-22.741068737780555,27.235066834271315,3.700861930847168,3.7422776222229004,0.023882342502474785,0.05195214971899986,0.2885662913322449,0.7060644626617432,23.09769169736714,37.33077798420363,-43.747481162242146,81.5319954431989,-15.788122511373604,1.8200085719635108
pi_6,upstream,3.75,3.8000000000000003,3,0.6119911766052246,1.2142196464538575,-73.70789763573339,-60.726453759585496,-207.06808567085187,155.1853403580314,89.16706776538429,144.46971611638685,-31.626490857354117,933.1671094656617,-12.578027361451834,1.0707558733952334,-0.6342105102539063,1.322756576538086,-10.448602757224432,1.0224069528495077,1.2373126745224,1.772404432296753,0.11267569661140442,0.19486075639724731,0.13555164635181427,0.6334713101387024,-63.463255918496245,14.113753490526255,-303.879241608126,15.006620578266062,-18.718638854418526,94.9092761025057,3.7501041889190674,3.785268783569336,0.02874239720404148,0.043417103588581085,0.2754839062690735,0.5958723425865173,18.936904379535452,24.883533448326183,-78.95941835269193,95.45140187730796,-12.473096821729142,-5.9085033013968316
pi_6,upstream,3.8000000000000003,3.85,2,-0.38503211021423345,1.252861785888672,-62.85036255370349,-9.020112596232565,95.56677060257864,279.21665794926054,2.930279646869231,136.9132592715483,-360.1919929751034,-94.79285552810283,-12.611342705339522,-0.042247414529750296,-0.09956005573272705,0.8070081233978272,-12.158410620019094,-4.012246707683263,1.0905460119247437,1.5879822969436646,0.18721243739128113,0.2515948712825775,-0.0189164150506258,0.07037172466516495,-40.71598707649661,-9.23325377192469,-88.42796616510803,27.74870559759274,-4.393381726053655,104.86896915775908,3.8038277626037598,3.833883047103882,0.03848598524928093,0.05926397442817688,0.2765922248363495,0.7108452320098877,21.249533007968193,36.784885360074114,-115.01783113226514,65.82078450298536,-1.0676789874110861,1.74226612523665
pi_6,upstream,3.85,3.9000000000000004,1,0.7879293155670167,0.7879293155670167,-35.06944919907956,-35.06944919907956,406.4056539560566,406.4056539560566,95.54637565771698,95.54637565771698,-994.7662360049322,-994.7662360049322,0.5540841728294412,0.5540841728294412,-0.21930052995681765,-0.21930052995681765,-14.170201828276173,-14.170201828276173,0.9510921239852905,0.9510921239852905,0.2789444029331207,0.2789444029331207,0.22864538431167603,0.22864538431167603,-22.58777197204879,-22.58777197204879,71.1994901724787,71.1994901724787,53.96397225481508,53.96397225481508,3.891049385070801,3.891049385070801,0.051318779587745667,0.051318779587745667,0.2772417366504669,0.2772417366504669,23.201239072731827,23.201239072731827,-6.735522321229551,-6.735522321229551,3.146016312381696,3.146016312381696
pi_6,upstream,3.9000000000000004,3.95,1,0.7528184318542481,0.7528184318542481,-21.928076443515817,-21.928076443515817,166.8521367434919,166.8521367434919,57.0881964038273,57.0881964038273,-423.3629099669339,-423.3629099669339,5.134791607267718,5.134791607267718,-0.1628252387046814,-0.1628252387046814,-15.059777760602294,-15.059777760602294,1.450015902519226,1.450015902519226,0.6822898983955383,0.6822898983955383,1.4975266456604004,1.4975266456604004,-23.536889936471884,-23.536889936471884,24.910116544575875,24.910116544575875,35.13027886382769,35.13027886382769,3.933570146560669,3.933570146560669,0.06802280247211456,0.06802280247211456,0.30557867884635925,0.30557867884635925,18.835517051495785,18.835517051495785,40.94501356465089,40.94501356465089,3.7554188598392946,3.7554188598392946
pi_6,upstream,4.0,4.05,2,0.7734254455566407,0.7927597332000733,-26.903502131202217,-20.82795665692208,-299.27960097574265,-100.17585738658411,57.40054778476115,67.89356250097664,177.05661694840938,619.8911941257558,4.125181266683764,4.725843227797602,-0.13203779339790345,-0.10977810502052308,-16.362867816198914,-15.879349238833083,1.7803118228912354,2.0330655574798584,0.899859607219696,1.1084548234939575,1.7897411584854126,2.219710111618042,-28.34705407454795,-24.0400067933769,-18.48800044162012,-0.2907822571847611,27.70871142490773,32.95815576435858,4.001838207244873,4.041064739227295,0.10124064981937408,0.12231383472681046,0.37609630823135376,0.41924065351486206,22.01149354384918,22.9007483152917,-48.025645280960504,4.767173646779535,5.382717009493014,5.853564002733838
pi_6,upstream,4.05,4.1000000000000005,1,0.6118466472625733,0.6118466472625733,-37.60620536248439,-37.60620536248439,-533.4395227064234,-533.4395227064234,82.22682375727511,82.22682375727511,666.3354422930886,666.3354422930886,7.245980669905168,7.245980669905168,-0.3010862302780152,-0.3010862302780152,-17.01179724298982,-17.01179724298982,2.012789249420166,2.012789249420166,1.2105127573013306,1.2105127573013306,2.379408597946167,2.379408597946167,-35.13656605295869,-35.13656605295869,138.10813256495032,138.10813256495032,26.788456132369816,26.788456132369816,4.081889629364014,4.081889629364014,0.14639511704444885,0.14639511704444885,0.4680835008621216,0.4680835008621216,23.601383997709732,23.601383997709732,-27.373523306483936,-27.373523306483936,5.680917435792871,5.680917435792871
pi_6,upstream,4.15,4.2,1,0.7699839115142822,0.7699839115142822,-53.81034080981399,-53.81034080981399,-313.78760579176674,-313.78760579176674,111.85994098083394,111.85994098083394,611.6395606271933,611.6395606271933,7.685674106316084,7.685674106316084,-0.10898613929748537,-0.10898613929748537,-18.732411093057955,-18.732411093057955,2.0552356243133545,2.0552356243133545,1.2333414554595947,1.2333414554595947,2.0858473777770996,2.0858473777770996,-57.35327604551549,-57.35327604551549,-19.154754970660303,-19.154754970660303,19.766208873085475,19.766208873085475,4.166549205780029,4.166549205780029,0.1977306455373764,0.1977306455373764,0.5637080073356628,0.5637080073356628,25.54109454274353,25.54109454274353,-37.3685489303138,-37.3685489303138,6.453207573928769,6.453207573928769
pi_6,upstream,4.2,4.25,2,0.7064884662628175,0.7299544906616212,-62.39291746423106,-58.78586041260147,-244.34818706650861,-184.8560372824036,122.29500154194187,129.6390668243497,304.3023035253166,441.3780256764628,6.70296998520131,7.137765423325789,-0.12588577508926393,-0.11981811285018922,-21.400734943756202,-19.935927381315288,1.8861051797866821,1.9595060348510742,1.012673020362854,1.1214221715927124,1.1827733516693115,1.6250429153442383,-82.67966529924696,-70.28566550304436,-10.291200555488183,-5.331742569420803,20.018111372317424,20.02312985381009,4.206906795501709,4.245600700378418,0.22116385400295258,0.24233058094978333,0.6003790497779846,0.6278700828552246,31.5859058733059,33.531717484815815,-102.65636352707931,-48.79225888321356,7.039285028873346,7.616744112904574
pi_6,upstream,4.25,4.3,1,0.6868382835388184,0.6868382835388184,-64.88600481317741,-64.88600481317741,-136.5610127556724,-136.5610127556724,134.59910921847793,134.59910921847793,202.41430895910702,202.41430895910702,6.328447149470312,6.328447149470312,-0.12761355996131898,-0.12761355996131898,-23.100593725888427,-23.100593725888427,1.8366492986679077,1.8366492986679077,0.9220316410064697,0.9220316410064697,0.7926693558692932,0.7926693558692932,-93.16124627879185,-93.16124627879185,-3.9081411817538547,-3.9081411817538547,20.031906646893557,20.031906646893557,4.2831034660339355,4.2831034660339355,0.2614735960960388,0.2614735960960388,0.6469921469688416,0.6469921469688416,35.77685872160695,35.77685872160695,-42.45149716346183,-42.45149716346183,8.188941080456814,8.188941080456814
