key,proposer,phase,trajectory_id,source,state_sha256,snapshot_context_sha256,root_cell,witnessed,frontwheel_tangent_mps,hip_deg,hip_rate_degps,knee_deg,knee_rate_degps,pitch_deg,rearwheel_tangent_mps,roll_deg,root_vx_mps,root_vy_mps,root_vz_mps,root_wx_degps,root_wy_degps,root_wz_degps,root_x_m,root_y_m,root_z_m,steering_deg,steering_rate_degps,yaw_deg,evaluator_pi_0,evaluator_pi_1,evaluator_pi_2,evaluator_pi_3,evaluator_pi_4
854604cc0d074794ca161d900d501a012702d0263e014706adc287cfef64445b,pi_3,upstream,/home/qy/DVGC/JIT/runs/campaign/all_proposers_v1/round_000/proposers/pi_3/tasks/acquire/attempt_0000/result/catalog.json::dense_v1_train_x2.85_family0/variant_0,/home/qy/DVGC/JIT/runs/campaign/all_proposers_v1/round_000/proposers/pi_3,2d09b101f38d61f2071a1232b07acdcba0daea9df763b1aef3958a68706c5dcb,5617bdb6c3d6ceb8b53984ac48d0d5704230055839300ed59bbe4c7e3e55daec,6e420363ba07dc7c95c310c5260c19946445d279be7d928c299996dc68f7fd8f,True,1.911608238220215,-72.24216636060534,-0.9586619798494236,143.6030607333606,-77.4110895999309,0.0997656023485644,-0.32982113361358645,-0.4169002939543693,1.8880248069763184,0.055358946323394775,0.005476676393300295,9.80812432738163,-8.808307576296825,32.94175306506679,2.7400243282318115,-0.0015519856242462993,0.11878393590450287,6.607174102101726,-75.50479063276951,-0.15804606478036154,1,1,1,1,1
f7498ddef4a65ae5444b07d2dc4e9609fc36e7e55c77797006906ab403293d21,pi_3,upstream,/home/qy/DVGC/JIT/runs/campaign/all_proposers_v1/round_000/proposers/pi_3/tasks/acquire/attempt_0000/result/catalog.json::dense_v1_train_x2.85_family0/variant_0,/home/qy/DVGC/JIT/runs/campaign/all_proposers_v1/round_000/proposers/pi_3,c139f85aa3241d10a522f7d1214eb3ba7b420e1348fbb0e5706972e02c1632d1,c0a3bd1cc595894d225a085700f4ec061b4ef5f05af4153eddaf061d45587209,3fba33e348e756f1737c7c4e04d346195b109136674cb441ecbfd48afbd0361a,True,1.8891417694091799,-71.78942727147104,38.270014372445004,140.55551228797097,-226.23365112342103,0.0660706770466508,0.24411638498306276,-0.2457987095713455,1.8911924362182617,0.04722749441862106,0.009423005394637585,6.35662526098591,3.1352698455605923,24.785842960174783,2.777639389038086,-0.00048706051893532276,0.11892304569482803,2.8903994529659958,40.13516828004624,0.460869474690613,1,1,1,1,1
d96054d5fa699ce4b4dbef1e9e734e792c21e1409d576f8591b3412405aa4ef1,pi_3,upstream,/home/qy/DVGC/JIT/runs/campaign/all_proposers_v1/round_000/proposers/pi_3/tasks/acquire/attempt_0000/result/catalog.json::dense_v1_train_x2.85_family0/variant_0,/home/qy/DVGC/JIT/runs/campaign/all_proposers_v1/round_000/proposers/pi_3,1098f3d460c499efd23ad1031fa80c73727e2e1e01cb6ee21fa3b1e5cea3f1ec,a720f867379e4cbbd6b13bcb52fa7704a9fbca6a8e15c83728de33989336a7b6,8abf65b88035c48241b9970101eecbcedb3640f3861ce5cede31a631f993f168,True,1.0511262607574463,-63.65217212074963,516.2472262258276,124.56280193130452,-612.9103036618958,0.18177419105643774,-0.48447233676910406,-0.07428557255589067,0.9465336203575134,0.01597641408443451,-0.0426284596323967,1.3078234913762967,-8.683837623957096,4.67463653635691,2.843161106109619,0.001107653952203691,0.1186559796333313,-0.14386368751859677,40.83164266971244,1.1385596116337642,1,1,1,1,1
5457a744c3493f5b22587776ec6bd7ebcda1430a912d2c63c13341f16042ca26,pi_3,upstream,/home/qy/DVGC/JIT/runs/campaign/all_proposers_v1/round_000/proposers/pi_3/tasks/acquire/attempt_0000/result/catalog.json::dense_v1_train_x2.85_family0/variant_0,/home/qy/DVGC/JIT/runs/campaign/all_proposers_v1/round_000/proposers/pi_3,cd1c2d77971c54d9a87b99a52b525b4a055f1d956d67c2bf52835d0736021100,c04a2e4d57bc99e16ebabca989f10f13687fbb3ba4dbbefe7ff67037524b60b2,95882e5dcb3455d2772778f002f306847270e6b7e5b6e42960c6f420990a42c4,True,-1.0431399631500244,-46.65899956012182,-260.8364003267028,69.29348490345163,-1290.664346926385,14.858948028443136,-0.22231178045272829,0.02076227588150775,0.7649509310722351,0.020696332678198814,1.8265786170959473,-0.6923323601822635,724.494776283314,17.15629626102793,2.8815083503723145,0.0018996187718585134,0.15942910313606262,-3.2212465592854205,26.937415727978625,1.39387931768704,1,1,1,1,1
71374642770230eab15d5c19b5d3cbd3fe1e47ce5bca262a04b7b87fe15df196,pi_3,upstream,/home/qy/DVGC/JIT/runs/campaign/all_proposers_v1/round_000/proposers/pi_3/tasks/acquire/attempt_0000/result/catalog.json::dense_v1_train_x2.85_family0/variant_0,/home/qy/DVGC/JIT/runs/campaign/all_proposers_v1/round_000/proposers/pi_3,5efaa2f7084b4cca8756db332728276088c1e40270fec873d7c187b537755818,004411fbe0631f6e1875ea47cd04ed41b7a948e533f0a02d941142034e74f707,3ff6c28fa15dc8b2385f8316e425ad3c14e3955f2686ddd3f17c4dfd7687e8f1,True,-0.16866435766220095,-60.32697648559896,-262.7248929906979,51.389465635867595,481.3464348879232,33.10072838025478,0.14453189611434938,0.09738179525924055,1.732473611831665,0.036408063024282455,3.145270347595215,0.5893284117434169,2.9356445470188643,-2.063259062165809,2.932711362838745,0.0029575263615697622,0.27076005935668945,6.116608571570254,-25.49657024709151,1.7677154572748628,1,1,1,1,1
4904264d4c63d5906a8bce6ad1c83bde87bb03ddf5d9341c45a6259b19e21cd8,pi_3,upstream,/home/qy/DVGC/JIT/runs/campaign/all_proposers_v1/round_000/proposers/pi_3/tasks/acquire/attempt_0000/result/catalog.json::dense_v1_train_x2.85_family0/variant_0,/home/qy/DVGC/JIT/runs/campaign/all_proposers_v1/round_000/proposers/pi_3,d3bce20d9eff146770e3385339bf13eee1197587c0f1b3114f0d5ac72885981d,e34befd9ef87fd217f41f0c2112ed53e95a0ab34774c8105568e6036081779d6,0dd70633eae4675d886c6ecc2ddce58b9f25a221bc6697cf70528b9af3091bf7,True,-0.11064569830894472,-65.01326489779309,-31.160405578581617,76.84989393696598,112.22443402589167,25.781507695369264,0.18314588069915774,0.013340525731351329,1.5901727676391602,0.03219616785645485,2.3346235752105713,-0.06757630416273266,-28.61990647151162,-0.5568047051022558,3.0051369667053223,0.0044513363391160965,0.39142361283302307,33.236431331523235,-106.02344871240966,1.3923009313949426,1,1,1,1,1
64c4aca83cb0dfc9a1ac1f8e275a5f94c3f5afeadd3859d80e55523b67805192,pi_3,upstream,/home/qy/DVGC/JIT/runs/campaign/all_proposers_v1/round_000/proposers/pi_3/tasks/acquire/attempt_0000/result/catalog.json::dense_v1_train_x2.85_family0/variant_0,/home/qy/DVGC/JIT/runs/campaign/all_proposers_v1/round_000/proposers/pi_3,883f62df59c6ed2f8d42d5c1c89e1e44e41e7c591341d15b37841219c8f6aa8f,acf5caf458c7bf110a727ba3a2375b42db681babf102f7ada7dee2b48d123cf7,bfdb371bcdcb099e890ef37f7f4b42190a84d2feff610693b9d7471b57b05ba8,True,-0.15059051275253296,-61.8785359178374,189.08703894490304,72.2206717552873,-396.3152515706567,25.18059203238596,0.1320971488952637,0.012932513980059205,1.3733556270599365,0.02906811237335205,1.3830883502960205,-0.2592105615200234,13.155845926415,1.3153496127897104,3.0340068340301514,0.005054134409874678,0.42480841279029846,34.29681136997855,-35.3338799727966,1.3870356285546244,1,1,1,1,1
6ddf1102b4022d9ad778e65009d3dacb76e6e0a84728c22b557961dc6c4169f3,pi_3,upstream,/home/qy/DVGC/JIT/runs/campaign/all_proposers_v1/round_000/proposers/pi_3/tasks/acquire/attempt_0000/result/catalog.json::dense_v1_train_x2.85_family0/variant_0,/home/qy/DVGC/JIT/runs/campaign/all_proposers_v1/round_000/proposers/pi_3,05c69d1c27fdfebe6e881a0995c978cd5f833dd9499f231326686d90c2015255,e6cfdf66cd6229ed7e9b2818a310e5afbf2ec9583f57096a4c8f2b26cd54e44f,05232fe7edeb748667642b6ee90838bb51ac01345e8ec6f59ae03d068fbc697e,True,-0.0030358706042170527,-47.31324289014983,435.6897894941628,45.48700740043933,-539.5750543170891,24.59125455472367,0.48771112918853765,0.0315738456906323,1.3421066999435425,0.02802775427699089,0.8671445846557617,0.2692616651313732,-131.69356040593286,-0.7902094512362222,3.0845870971679688,0.006121370941400528,0.4607425332069397,34.78515965035071,15.233546783250567,1.462597502276478,1,1,1,1,1
33abf5171ee986c87cd6905cf54fad5f187b623416cf90cb20afa1294fa768c9,pi_3,upstream,/home/qy/DVGC/JIT/runs/campaign/all_proposers_v1/round_000/proposers/pi_3/tasks/acquire/attempt_0000/result/catalog.json::dense_v1_train_x2.85_family0/variant_0,/home/qy/DVGC/JIT/runs/campaign/all_proposers_v1/round_000/proposers/pi_3,52dfa1838d1a584ab785685319bf7f6b9f1df5cc720447d4972e1593ee3cd7d8,44595d3f3b8bb02ea80554c61851b1113912f3b9f5e8ea77576573098993b18b,e6c499c43951ad668a337b7ce1e12bb13d7dc3cc9fe2ef290a848cede79e45a6,True,0.06891139447689057,-27.22778414506879,521.2705844735618,23.25854265232094,-539.6131394519011,17.326521529586017,0.5797585964202882,0.015597283481356448,1.3892643451690674,0.02939891442656517,0.7047104239463806,0.4528552023501854,-207.03886612158257,-2.886248618941332,3.138796091079712,0.007268529385328293,0.49077460169792175,38.11276975737297,-38.82816718613469,1.35064346252461,1,1,1,1,1
13b1d932fb5bf9877762700aef8695e4f32a4d259a4aafcc1119dad5093ca4be,pi_3,upstream,/home/qy/DVGC/JIT/runs/campaign/all_proposers_v1/round_000/proposers/pi_3/tasks/acquire/attempt_0000/result/catalog.json::dense_v1_train_x2.85_family0/variant_0,/home/qy/DVGC/JIT/runs/campaign/all_proposers_v1/round_000/proposers/pi_3,8f437c5f1583ba3dc4d912a7af1c0b8585c0f7d98f388d5cf0fbd5d67026ddf5,04ab43846cf013dfcf1c921c5e00cdaffaffefeee9023715d7cfd3ac9b8d8b53,c46e88fc81d7e51cdbc5f0ced0a8dbc4f9a65145ed48d7fa0c9908e7cd604d4f,True,0.05935239315032959,-12.637846941082172,411.7810128328567,8.738675505255836,-364.5400914007335,11.232532428481596,0.5606426048278809,-0.007654371346953774,1.4944638013839722,0.03209720551967621,0.6984035968780518,0.05444260411084522,-191.36124605170716,-4.769966340376424,3.19704532623291,0.008505912497639656,0.5219882726669312,39.82806931458412,2.0489848205741286,1.210236807449819,1,1,1,1,1
362db3608620aa0e25658106f232fb09268eb8546a98869544baf8c6e1bec49d,pi_3,upstream,/home/qy/DVGC/JIT/runs/campaign/all_proposers_v1/round_000/proposers/pi_3/tasks/acquire/attempt_0000/result/catalog.json::dense_v1_train_x2.85_family0/variant_0,/home/qy/DVGC/JIT/runs/campaign/all_proposers_v1/round_000/proposers/pi_3,c75807788c368ecc3a06f0f8f9152452c4cb70878bd0bb4e24a6d6c034971cef,bce48bf911ab25b5a766e049ba6c80078213a9e1225f796b8078ec84864b4204,65a05ab1baf4c8111629b3ce3025595be090b3c2acbba94636b381b74604df84,True,0.05632026433944703,-8.43590944104845,358.4831616070362,6.098810806140493,-270.964778563888,8.807987491176842,0.554332847595215,-0.02687960934475948,1.5496165752410889,0.033432479947805405,0.6651008725166321,-0.33759213156822365,-186.23256628697132,-5.816264663197283,3.2282562255859375,0.009172857739031315,0.5375003814697266,40.28838991369713,5.858056029407653,1.120235997843084,1,1,0,1,0
7d545daf16cb53ecf8fd36bce13cc09e67834508b778f83291a89aa2cec58866,pi_3,upstream,/home/qy/DVGC/JIT/runs/campaign/all_proposers_v1/round_000/proposers/pi_3/tasks/acquire/attempt_0000/result/catalog.json::dense_v1_train_x2.85_family0/variant_0,/home/qy/DVGC/JIT/runs/campaign/all_proposers_v1/round_000/proposers/pi_3,7d34359eb1470c1cebced983d590af5a7037239fd2dc7d20deb348385483737d,3ea611ca9c5fe8713797d33a1eab76205177a113abb4628457e90833790e4b58,ce4b7d9abf2fca81fab8dae3c40760fc6f28770b278996d93fef9655481781b3,True,0.005266113206744195,-2.7638415971743604,216.24305146217333,4.154809194760634,-122.2410567078771,4.816664699697023,0.4871228647232056,-0.08452622359194403,1.6307710409164429,0.03484770283102989,0.6366173028945923,-1.427913264745636,-131.18819470924362,-6.31617346562651,3.2928576469421387,0.010548175312578678,0.5659241676330566,40.91068161878783,18.84247189161815,0.918786481560736,1,1,1,1,0
6a6a1f59944899d118219b1bc55d008e5717a1ab7f2d8c7f0325c2bb7a1bec55,pi_3,upstream,/home/qy/DVGC/JIT/runs/campaign/all_proposers_v1/round_000/proposers/pi_3/tasks/acquire/attempt_0000/result/catalog.json::dense_v1_train_x2.85_family0/variant_0,/home/qy/DVGC/JIT/runs/campaign/all_proposers_v1/round_000/proposers/pi_3,08de59972aa813ad5598d5877b4ba0196095d42283bda870051ae7fe4b307655,277650923e358c7bdd6756feeaa407feb858a416a755a47407e9d5959cf5a3f3,0159378672ef31de1e5ed442a85c1cdbe5b354b15b0a3308ee87049bcb94f30e,True,-0.010861924588680268,-1.6046865645934998,178.48454995667058,5.007053732411791,-77.3053377810116,3.4404345020071476,0.4719843673706055,-0.1250233002973743,1.663504719734192,0.035454925149679184,0.5936516523361206,-2.0295772649343604,-118.83967714272411,-6.869134908660164,3.3262109756469727,0.011252195574343204,0.5790676474571228,40.74703028627432,27.77902309977113,0.814785186178181,1,1,1,1,1
0a1932acf571fb1c295064f635d6908ec1718068fa26d9350884950e98b6c0a5,pi_3,upstream,/home/qy/DVGC/JIT/runs/campaign/all_proposers_v1/round_000/proposers/pi_3/tasks/acquire/attempt_0000/result/catalog.json::dense_v1_train_x2.85_family0/variant_0,/home/qy/DVGC/JIT/runs/campaign/all_proposers_v1/round_000/proposers/pi_3,e0d30b1f1395112b055a30fda75a7882148f4fdf77a769bda61bf08527187acb,6552d3816ea13bbee14a67fc975877ecdd9615cffc8f3f05176e23cfb9f82e36,698dbe16adc311616a3d110de474a30c629bf6027e1202684c6dcd361a3a8282,True,-0.06134351015090943,-2.218532100445236,40.4647146622156,9.562289597453592,69.11593413597714,1.8995508572106365,0.40814856052398685,-0.23312386632010862,1.7360289096832275,0.03662438690662384,0.5568169951438904,-3.033163853554191,-66.6413839204382,-6.9591585094682245,3.3946971893310547,0.012692388147115707,0.6034944653511047,41.3445420650562,18.23857900860418,0.5899451953128312,1,1,1,1,1
5e1db54bd87caa66a573800c8a4a0c258b9ab14783fda3f6e47197d9c5878315,pi_3,upstream,/home/qy/DVGC/JIT/runs/campaign/all_proposers_v1/round_000/proposers/pi_3/tasks/acquire/attempt_0000/result/catalog.json::dense_v1_train_x2.85_family0/variant_0,/home/qy/DVGC/JIT/runs/campaign/all_proposers_v1/round_000/proposers/pi_3,752c521686176c71694d221aa540130039b6f46fac259adc06a92ab9804001ff,a56a1ca62e4a1741e5417f4930bf181f594dfda9b5a86255305e847b26f7ad65,5e6934a5de2cfd2aeca798e324a00ac9225e98ed9fb636d88250cf4894a8e91e,True,-0.09533826351165772,-0.161585760578532,6.2456607270694136,8.456268527416965,37.510172902754015,0.5644576253881938,0.35909813880920416,-0.2955837958321079,1.7129623889923096,0.03614788502454758,0.4258175194263458,-3.029967325022625,-26.46114492960634,-5.445212928989048,3.4285507202148438,0.013409159146249294,0.6126682162284851,40.830341518675546,12.50388217202248,0.47800640984733506,1,1,1,1,1
dc216305325c94dbecec014ae391cf5a5c599d2d310eae3fb4cad627889bbbd8,pi_3,upstream,/home/qy/DVGC/JIT/runs/campaign/all_proposers_v1/round_000/proposers/pi_3/tasks/acquire/attempt_0000/result/catalog.json::dense_v1_train_x2.85_family0/variant_0,/home/qy/DVGC/JIT/runs/campaign/all_proposers_v1/round_000/proposers/pi_3,00a44c5d38eebd91caeed0e91ec116bdde4e01b027a1f05c24514ed96785acdb,a7e254cb47395ed33fadcd89fb6a5480e936a6d0e03b95ec46fd6c3c12228cc8,6ba754dac40efe01946d4a5564e93b6f06db2631cf8ce9791f62e46a86876268,True,-0.07625243782997132,-2.3141112063694558,93.26936134316398,12.466787414640141,-52.47525397803535,0.41370625463825367,0.4033019876480103,-0.4535200780222519,1.7655696868896484,0.03921094909310341,0.5019238591194153,-4.8546273889123785,-62.689224730804554,-8.270690580120426,3.4990227222442627,0.014930816367268562,0.6351737380027771,40.162304621618695,55.34486575026241,0.24997782757768156,1,1,1,1,1
297ae3a3c88ff88fb94354b1e1d0312e7b8d58831781a3704c6fddcd5a9040b4,pi_3,upstream,/home/qy/DVGC/JIT/runs/campaign/all_proposers_v1/round_000/proposers/pi_3/tasks/acquire/attempt_0000/result/catalog.json::dense_v1_train_x2.85_family0/variant_0,/home/qy/DVGC/JIT/runs/campaign/all_proposers_v1/round_000/proposers/pi_3,7b34cdf18454722d2e1844ed1bd1ce8bf793f8d7e4cfbc1e85284603525dc6b4,1e8345073315f5d8b6f93658f3a6337dc7238f04a1d37b60001a6f8ff27c1bd9,bfaa78cff0d3e2840c97dedecac8e2f6c85b7860533335bc72fdbe694382b674,True,-0.10799541234970093,-4.155286027342066,76.24846845978968,14.88327248449751,-38.04830643198639,0.7595816709795342,0.39549059391021735,-0.5602608900906813,1.808603286743164,0.04214152693748474,0.6379116773605347,-6.22566790959514,-56.32863838698686,-9.67683101606106,3.5351402759552,0.015745656564831734,0.6480799913406372,39.08115397789738,76.5127216485883,0.1205577842002558,1,1,1,1,1
871b0008bb324ac2792d4a1ecb4e9ce3c12e70d344f7f22a9df58a097ef3531f,pi_3,upstream,/home/qy/DVGC/JIT/runs/campaign/all_proposers_v1/round_000/proposers/pi_3/tasks/acquire/attempt_0000/result/catalog.json::dense_v1_train_x2.85_family0/variant_0,/home/qy/DVGC/JIT/runs/campaign/all_proposers_v1/round_000/proposers/pi_3,45f32e2c5c90ae789824bf4d177fa7f3327a797fa16e8eb06a24dce8d593febd,a0339043d7439ed759240891fa39ec1f6462db467549a83f9b96ef41fe235a73,d2ca224599491ae51b705aa83049daedf97dc925767cea50cb83bf34f1776859,True,-0.11137114048004151,-8.323280475408586,59.42792551533935,21.37292379041906,8.539217759792185,1.108994949140232,0.40331927776336673,-0.8253805702795128,1.852925181388855,0.04349261894822121,0.45026731491088867,-6.941832453978018,-62.74319688562599,-10.358858701859036,3.6095943450927734,0.01749756745994091,0.6745790243148804,39.25985904734159,33.135826060143536,-0.22171244584735572,1,1,1,1,1
c4c2f151cc9e2228eb941471bf58532adeb42cb8e6931c2f2b1eb57e3014c552,pi_3,upstream,/home/qy/DVGC/JIT/runs/campaign/all_proposers_v1/round_000/proposers/pi_3/tasks/acquire/attempt_0000/result/catalog.json::dense_v1_train_x2.85_family0/variant_0,/home/qy/DVGC/JIT/runs/campaign/all_proposers_v1/round_000/proposers/pi_3,3b0351c66614ac37c170ca44c7925b455e67e868009c8704fc6d84a52b585ba5,f1a4ee34d91fdce2ecc783d90a2f78e7ac49a17ed4bc0fa00e42c4d117634c45,563201d85ae89ddd4a0a75bb34208be47ecc70c8addec7742c1a68afef7c75c3,True,-0.11766349077224733,-11.498386118642808,-29.61920071312492,26.603894175712316,165.91809471411432,1.3361595264072172,0.39427421092987064,-0.972093579738409,1.9215354919433594,0.04550689086318016,0.4719484746456146,-7.387692261957641,-55.32323454116098,-11.052211695074542,3.6479294300079346,0.018421754240989685,0.6866024732589722,39.86218269439375,19.31387788775409,-0.4163081638692642,1,1,1,1,1
9166e781fba2116a0c0be6222317de1da127667c92cd2e0a0d5f42c6ac769211,pi_3,upstream,/home/qy/DVGC/JIT/runs/campaign/all_proposers_v1/round_000/proposers/pi_3/tasks/acquire/attempt_0000/result/catalog.json::dense_v1_train_x2.85_family0/variant_0,/home/qy/DVGC/JIT/runs/campaign/all_proposers_v1/round_000/proposers/pi_3,3efc2fe460453dd913315fc3556c8c88661c2a8943be4296c7827ec219dab0bf,421f07040a14e95393bc70211ec96e487ab3119b4f073a14570d6b62ab95febd,ea313026271676f2fb8f01c88c7404e845a265c6736e6c40b9bfa902e19eeb32,True,-0.13303310990333558,-14.779158203431713,-29.64765869630178,31.819143173083496,128.92326299933237,1.6314952640331548,0.3771214818954468,-1.1252403847936465,1.9095356464385986,0.045620743185281754,0.3298114836215973,-7.576343794380685,-41.25046986961762,-10.23739061765953,3.686450958251953,0.01936623454093933,0.6969371438026428,39.904260074775614,22.71587900012155,-0.6052845167683771,1,1,1,1,1
ae1810e72cefc53431dbaf8382c3372844599b28d14cd62eeff390c0eee36ef5,pi_3,upstream,/home/qy/DVGC/JIT/runs/campaign/all_proposers_v1/round_000/proposers/pi_3/tasks/acquire/attempt_0000/result/catalog.json::dense_v1_train_x2.85_family0/variant_0,/home/qy/DVGC/JIT/runs/campaign/all_proposers_v1/round_000/proposers/pi_3,76cbd50f8f1dc2ec2fdfdca51ed49a50218df0095bf80798d2ee93b47af3cbeb,4aa6e05cbe2bcbe3a9529c6b7c0c90f6ef5050e1bc3e3a086f68bf42e32952e7,bed9666f1518fd24f36951ebca1ba9135a9441149c89e926bb83b8cfe0876f0e,True,-0.12270743131637575,-19.074536106405795,-82.96782415014063,38.77854244671996,273.7822315965182,2.015679273921063,0.397242603302002,-1.2870175457424624,1.9774545431137085,0.04731176421046257,0.3204890787601471,-8.041255134389589,-57.7441267905803,-11.166438071206542,3.7257423400878906,0.020350763574242592,0.7066654562950134,39.62180101674432,28.507887954028824,-0.7978911446875558,1,1,1,1,1
67426597873d378607cbf517d1d306d1cb46e9d6838c44f5037a377f7a6435ba,pi_3,upstream,/home/qy/DVGC/JIT/runs/campaign/all_proposers_v1/round_000/proposers/pi_3/tasks/acquire/attempt_0000/result/catalog.json::dense_v1_train_x2.85_family0/variant_0,/home/qy/DVGC/JIT/runs/campaign/all_proposers_v1/round_000/proposers/pi_3,bf0bce86bae8abf3d32a82c51739ea306f01f827a1dda7c7a287988bc7e413d8,bea893ef7e2d82b95316143246347a6a220896eb79f5d7bf82f3ca930c06abda,8bcda10b14355014ca3a5133e89a5824faf6faaddc0c37c021c12e94c2ab8715,True,-0.27575531005859377,-34.49435751624824,-358.8447791424534,57.892328235191236,436.04799193499497,6.004020734307407,0.5019479036331177,-1.6466196331592136,1.9851428270339966,0.05708841234445572,0.4356480836868286,-8.807614312096067,91.24892991497168,-6.681318366863153,3.805293560028076,0.02258629910647869,0.729073703289032,38.667821665179474,32.38218640221891,-1.1800286750750923,1,1,1,1,1
84d53850277667e34ba41f7d106ad1b6ff673891f32e7d575a49b9c988882540,pi_3,upstream,/home/qy/DVGC/JIT/runs/campaign/all_proposers_v1/round_000/proposers/pi_3/tasks/acquire/attempt_0000/result/catalog.json::dense_v1_train_x2.85_family0/variant_0,/home/qy/DVGC/JIT/runs/campaign/all_proposers_v1/round_000/proposers/pi_3,e2f096b776cd8027e80a73d178f611808d8c915a3772235d3f15bcfbb2152fc8,026991be3721bd1753c7f3bca2edc732da7822ff172942d15af93cfa171e162e,b509356d44e3b70dbf4a3abe5a0529f60d0c6f82db059515b71a588fc05d2d79,True,-0.2740209746360779,-44.3762956979902,-397.70033197206527,69.39076728780012,540.1038202418748,8.793357344571508,0.5231269264221192,-1.8593320566954916,2.026407480239868,0.06302934139966965,0.511324405670166,-9.743819803893253,73.90738697082196,-7.122694155652662,3.845519542694092,0.023881081491708755,0.7419711947441101,36.533647096738946,54.55747471255417,-1.3716499234774495,1,1,1,1,1
b95620f7848441489e411f0ed815483d79272b09e1d9ea7a6fa6b57a9adab3e3,pi_3,upstream,/home/qy/DVGC/JIT/runs/campaign/all_proposers_v1/round_000/proposers/pi_3/tasks/acquire/attempt_0000/result/catalog.json::dense_v1_train_x2.85_family0/variant_0,/home/qy/DVGC/JIT/runs/campaign/all_proposers_v1/round_000/proposers/pi_3,56928d1ebd44278757a13ab72e23e0bbf4f780c1fd1e46a8ab57c1eefc8bd84d,08db364ff49f99066a77cbac1f558d1d55a763baaafc6c3e6a1cc6a55e9a19a0,8ceb8b2aa905c7a3e8e6b38808f172bc49511563087c42bf042655dbc8176e7e,True,-0.13644809126853943,-52.1026569135274,-282.7172118611621,82.9666698481709,668.374117156554,8.910299114991112,0.7038910102844239,-2.0970342950525254,2.113454818725586,0.065578393638134,0.5373733639717102,-11.453399931448166,-74.03500222527447,-9.645026240190896,3.8872921466827393,0.025238577276468277,0.7549260258674622,34.1360628678623,57.98469288333732,-1.5321992653753258,1,1,1,1,1
f7014adae361f43310c1e86115facb3e883eedf12ffab6c3cb5db208af5468d9,pi_3,upstream,/home/qy/DVGC/JIT/runs/campaign/all_proposers_v1/round_000/proposers/pi_3/tasks/acquire/attempt_0000/result/catalog.json::dense_v1_train_x2.85_family0/variant_0,/home/qy/DVGC/JIT/runs/campaign/all_proposers_v1/round_000/proposers/pi_3,6cf73bded254a306efb48d881d5c0aece69ce723355a360e2df838be86218ae6,acea498d0225014b221b08ddcb1cb3b1e1a565a83c5dbad49569e64e7d274a68,f0161635818f8fb6b4defc7867189480359e2adddc1475510d2aad4c37a9d52f,True,-0.028525173068046573,-57.76240437679925,-198.91083172624067,98.701164903265,775.2297492872489,6.440509377211718,0.8394254875183106,-2.3736544071459753,2.176862955093384,0.06984715908765793,0.6300504803657532,-14.955534178368952,-184.94567668507088,-10.704663495573966,3.930446147918701,0.02667747437953949,0.7690908312797546,32.55678311287736,42.6060916651359,-1.6319198579181962,1,1,1,1,1
93512f2de6da8f5d107c39dfabee7bea770ae6d9bdac6e51c97d1eb1a6ec03d3,pi_3,downstream,/home/qy/DVGC/JIT/runs/campaign/all_proposers_v1/round_000/proposers/pi_3/tasks/acquire/attempt_0000/result/catalog.json::dense_v1_train_x2.85_family0/variant_0,/home/qy/DVGC/JIT/runs/campaign/all_proposers_v1/round_000/proposers/pi_3,32e5baafe225fbe36a91f064f228d7378e60f47cf54a86d4497f76c1da0ee035,7cd0d37aa7cef9194089f57a5ee645a25bb0bcb11a2d87dd279474a6984906f0,9dd22d7c9055bcef682be8238d20d958c2d6beab0711e285fb84df89e8f8707f,True,-0.20124290704727174,-61.34427169076983,-123.95458724609323,108.59030893458132,232.14034407613468,4.644917449092767,0.6497246170043945,-2.7054525577665083,1.9601770639419556,0.038075000047683716,-0.46958595514297485,-17.06744745275711,-29.689312604955102,-7.358812514599534,3.971493721008301,0.027790986001491547,0.7710763812065125,23.74124578134408,120.40368117963031,-1.6903307462650554,1,1,1,1,1
0ce860e4cff13b4fd16f85ea06fdcbf130f7be23f22212d7b51a8ae02b8cb424,pi_3,downstream,/home/qy/DVGC/JIT/runs/campaign/all_proposers_v1/round_000/proposers/pi_3/tasks/acquire/attempt_0000/result/catalog.json::dense_v1_train_x2.85_family0/variant_0,/home/qy/DVGC/JIT/runs/campaign/all_proposers_v1/round_000/proposers/pi_3,3ce9e4561297b765cabb8b17e35f33a30e69716683ae395045adc2eab25f2d32,ef27a98bbdc3979b8c59e950d32022b59b9a1872565f26e14f102d9420b90168,f65fd083fdc961a97aa238a40303d4071bade9189392394b9d28a2992a8b193b,True,-0.2395576858520508,-64.13732728768481,-94.70112608754957,111.78795761717117,105.59142558702801,4.833078885467995,0.6176066589355469,-3.0660737911534994,1.9163113832473755,0.02841811254620552,-0.9028096199035645,-17.83611181930847,-3.40555857370798,-7.134300354599807,4.00987434387207,0.02848445437848568,0.7575092315673828,19.12301337403996,104.34734078065604,-1.8150554425497822,1,1,1,1,1
aa113acccec8df34a4e54f124022c1c90f482d9e637afc52d7a79d90c75b66b2,pi_3,downstream,/home/qy/DVGC/JIT/runs/campaign/all_proposers_v1/round_000/proposers/pi_3/tasks/acquire/attempt_0000/result/catalog.json::dense_v1_train_x2.85_family0/variant_0,/home/qy/DVGC/JIT/runs/campaign/all_proposers_v1/round_000/proposers/pi_3,f49b00074c6f4e9376f2411589860065763245cbc28ab047577c0ce9ad982ee6,5541dfc744237c41480e5e0d762a76c599d34ad39cf5022a5ed769b74614b7b7,7b352d78b40bd6af2490100983d417b4935ce847522cf86f5b12f0ac052c110b,True,-0.26723430395126346,-66.07589889867451,-56.67396250613895,112.43198298420084,-13.16924334247198,5.379774958070098,0.642453088760376,-3.436723075603817,1.8843395709991455,0.017478298395872116,-1.3382147550582886,-17.76624581428841,15.542641871497615,-7.15002259629553,4.047520160675049,0.028954455628991127,0.7349177598953247,15.121002341201681,90.52792148580679,-1.9642845696046713,1,1,1,1,1
47e96594af893ef1e0683185c8218737fa05f8163a3062d9ba9441288c76d0af,pi_3,downstream,/home/qy/DVGC/JIT/runs/campaign/all_proposers_v1/round_000/proposers/pi_3/tasks/acquire/attempt_0000/result/catalog.json::dense_v1_train_x2.85_family0/variant_0,/home/qy/DVGC/JIT/runs/campaign/all_proposers_v1/round_000/proposers/pi_3,c68e11849067a4ccc5061335ceb3624c2030db4ae00512059d8557f9b1df47de,2328b738f47625ec928b669bbc4109d58ff2170c6410e1e0bc163dd796aa43c3,b486387334e709ff40a9f5145198dfa7ab2bda72d129f4435be49290d4d4c9bc,True,-0.1555395746231079,-67.49621624601114,-26.939394775290634,114.64764853962879,172.39088740561698,4.918515412961962,0.7921397590637208,-3.813756243901548,1.9596892595291138,0.03247491270303726,-1.2110480070114136,-18.88825123453016,-80.21749821667325,-8.832040776115326,4.0858893394470215,0.029550954699516296,0.7110002636909485,15.09042016919295,22.617399625121013,-2.0902791863958026,1,1,1,1,1
5521e3e1ebab296cf77ca1822aa7af5e0d265c7ee84755a31ed43b71e5b1fef7,pi_3,downstream,/home/qy/DVGC/JIT/runs/campaign/all_proposers_v1/round_000/proposers/pi_3/tasks/acquire/attempt_0000/result/catalog.json::dense_v1_train_x2.85_family0/variant_0,/home/qy/DVGC/JIT/runs/campaign/all_proposers_v1/round_000/proposers/pi_3,5d48202841e788ba81eca4266f977e38074a121a94672774b1e12b2e65ade469,7e7f024b95450ea8aadafc131437933f4b5d56507fb92994f64d897251237694,83b1abfbdeddd0b222571024267c9b293b128a69e051bc9bed98f34ff95b31da,True,-0.1253617060184479,-68.90108370544522,4.475900656511165,120.55487424709771,179.4411316103092,2.319620410600972,0.824744577407837,-4.622020685242263,1.9705837965011597,0.03155212476849556,-1.5874546766281128,-21.34707323195785,-106.91178311586152,-9.304219437401123,4.163572311401367,0.03078719787299633,0.6536090970039368,14.740219294973471,-5.443208268467649,-2.243524441306649,1,1,1,1,1
df108e89be5ca43aaae62ba1e47d77be0ac231b26624f2553cc31eff079196d7,pi_3,downstream,/home/qy/DVGC/JIT/runs/campaign/all_proposers_v1/round_000/proposers/pi_3/tasks/acquire/attempt_0000/result/catalog.json::dense_v1_train_x2.85_family0/variant_0,/home/qy/DVGC/JIT/runs/campaign/all_proposers_v1/round_000/proposers/pi_3,cf85968f8d1ef4c1305ed6ad2a17e2c676e746cbb67da7fa3fd8d3c7c85d8e63,f844c684690ffd417ec77274017d5060f050a76facb636441f90c9355f461a9f,b9cd074c8f4746ec0173234d5280d7b67eac8dcf231be219ef81b98f13efa1ae,True,-0.19293256998062136,-69.21758101120527,10.622802824597718,122.24264131176454,21.258772546367926,1.2082352440338828,0.8568300914764405,-5.055495651034913,1.9284677505493164,0.008969363756477833,-2.0877525806427,-21.660572084672268,-50.31446899258845,-8.600534929292328,4.202184200286865,0.031195223331451416,0.6165986061096191,12.931819136733166,31.914301368600114,-2.316373956326071,1,1,1,1,1
8731e0e2581699347797b942a42a23aeaa8ef3709c735b85edc47d1411a65139,pi_3,downstream,/home/qy/DVGC/JIT/runs/campaign/all_proposers_v1/round_000/proposers/pi_3/tasks/acquire/attempt_0000/result/catalog.json::dense_v1_train_x2.85_family0/variant_0,/home/qy/DVGC/JIT/runs/campaign/all_proposers_v1/round_000/proposers/pi_3,0e3ccff32705615e3c0fac9dad64930c7b4a94b780871dff729e3b85c9476255,63624ad39e630869769caa37df16ccc7502e479d2cd4da5b5e686264e26c2039,8cb6187947972aeef6c9fcb882ac29578d516dd9cfab758f975f5898ce07f8d2,True,-0.13822580218315125,-69.54505443096153,16.30694003962204,124.10748786085313,128.3284081641376,0.01732221959388299,1.1493480682373047,-5.500036058580551,1.9598268270492554,0.024956338107585907,-2.068300485610962,-22.83902048066771,-96.7264479311876,-9.356692365699747,4.240837574005127,0.031646162271499634,0.576179563999176,13.605227977572234,-0.8243484442552385,-2.3845760574008557,1,1,1,1,1
bc761f1fe906c6219f34eb0b60d260ce98fa8ebf36b51bc800a12b4aaec1e9e1,pi_3,downstream,/home/qy/DVGC/JIT/runs/campaign/all_proposers_v1/round_000/proposers/pi_3/tasks/acquire/attempt_0000/result/catalog.json::dense_v1_train_x2.85_family0/variant_0,/home/qy/DVGC/JIT/runs/campaign/all_proposers_v1/round_000/proposers/pi_3,f183f30b05bf9ce4471ba2b82985a33b452adba3850c1bd83b5c7c8bc489fdcc,92f6a1b624e528b1cbd622ebcb099be726fefc8516ea5903737ef047a4d0042b,1fe7e3636ac3936d8b0a027e6c042817a38c118cfa7bf1654873bdba52c6f129,True,-0.20783234357833863,-69.62750847462192,21.01980984051857,124.71822971605734,-31.73545286518333,-0.8733656130848719,1.0781065845489504,-5.954713671026186,1.924057126045227,-0.0030992047395557165,-2.5805258750915527,-22.59273068938622,-38.40807981632764,-8.67517694408952,4.279289245605469,0.031854256987571716,0.5293087363243103,12.428788510966422,22.618980813913872,-2.465828714633814,1,1,1,1,1
8f93be0ef8781719a5a0f9e206fe8d2215d3a8a24e6a1990ff9f8bd5c43f0e4c,pi_3,downstream,/home/qy/DVGC/JIT/runs/campaign/all_proposers_v1/round_000/proposers/pi_3/tasks/acquire/attempt_0000/result/catalog.json::dense_v1_train_x2.85_family0/variant_0,/home/qy/DVGC/JIT/runs/campaign/all_proposers_v1/round_000/proposers/pi_3,5cabf0bd2c1e57ede58db9ca08f3fe4c5986918c0e77572f35e6d464d1b5f0ec,49ba3036d863b187dcbfc8a8599b92027cb65a7f4a73280f78ad7e26bce861db,b07ac7db1b9bcce5f19ba009cd38c4c4b5d95925292eeaad51f1ce5124180bd3,True,-0.22694990396499637,-69.60219579355785,30.938830826811817,125.46661354341563,-94.78118956500045,-2.623766662593,1.215253849029541,-6.871510957683021,1.9210119247436523,-0.019204039126634598,-3.0951223373413086,-22.61489465324291,-21.503062799769896,-8.729311315903749,4.356181621551514,0.032168928533792496,0.42307090759277344,14.688987753556496,-2.2006735036431797,-2.6365290712986074,1,1,1,1,1
23669178afde299b741fc75e4674f94fc112ae5c56025a96425a25e1743a05f1,pi_3,downstream,/home/qy/DVGC/JIT/runs/campaign/all_proposers_v1/round_000/proposers/pi_3/tasks/acquire/attempt_0000/result/catalog.json::dense_v1_train_x2.85_family0/variant_0,/home/qy/DVGC/JIT/runs/campaign/all_proposers_v1/round_000/proposers/pi_3,5e848c616e12637d16d2d342b1d4ddab78e36b0d14314a48bfdd4d2adf99dd14,c446e004b7a1d12140c06a80de34a436b52f7b5f468a8f5a34480708bf78571e,8e2584773b36cf4b685565edd4f100f0db6d45492936f467f48035e6300ec85b,True,-0.15950289964675904,-69.54797092173713,33.60978996212364,125.3600216112284,47.88510730859832,-3.344345382910962,1.284289073944092,-7.319731352663939,1.9457625150680542,0.013029216788709164,-3.0005195140838623,-22.911324863221466,-78.0188056813328,-9.774395999486462,4.3945465087890625,0.03225697949528694,0.36323562264442444,17.329489367811945,-39.02055653958102,-2.739349147124779,1,1,1,1,1
e008df367ffc65b582bd7a17c4747c2ab69c35a08df90a0e735abeee6abd0fc1,pi_3,downstream,/home/qy/DVGC/JIT/runs/campaign/all_proposers_v1/round_000/proposers/pi_3/tasks/acquire/attempt_0000/result/catalog.json::dense_v1_train_x2.85_family0/variant_0,/home/qy/DVGC/JIT/runs/campaign/all_proposers_v1/round_000/proposers/pi_3,fb8221ee8b270ff20810fa0df4c85d3ea3d67ecaf2350870c22d0a1e111ac95f,0802d1ff8a296d4ede984158eaee7526bd9dbf6c0e8779e0f0681e3207929f7a,65458cb87e10d336c4e40d942940f1460e8a3566b02a805e34c3a582c53cb834,True,-0.23468434333801272,-69.06003586780976,45.993564965138745,123.90173524229567,-142.70438542350536,-3.8424068223688317,1.3432757377624513,-7.757039462116696,1.9256995916366577,-0.03338339924812317,-3.5809757709503174,-21.49682342196309,-12.653995215827374,-9.075068298294488,4.432937145233154,0.0319722443819046,0.29657867550849915,17.583741452118375,-7.737131570084663,-2.8599633694979487,1,1,1,1,1
db8c8b82fc23fc83eb0f7a436ae8d8d7b52a0ecfbb4a54b0727ec4ddf153e512,pi_3,upstream,/home/qy/DVGC/JIT/runs/campaign/all_proposers_v1/round_000/proposers/pi_3/tasks/acquire/attempt_0000/result/catalog.json::dense_v1_train_x2.85_family0/variant_5,/home/qy/DVGC/JIT/runs/campaign/all_proposers_v1/round_000/proposers/pi_3,4681aa229a078a5d206c75765d8d4cd56874ef5a726649f8d7a7128b66a9aed9,086f05bf149858f5ccec14a0aa80910299513c7b8be90ab51588a17021428afe,15846bcd129cade3806addff547ff7055c62124a91899ee645aa470dd9bbe47b,True,1.9494710540771487,-72.1707020913195,14.599073435775157,143.61088813014945,-81.29505618089115,0.08784349007341102,-0.5250446605682374,-0.33972006071552285,1.9112684726715088,0.09615989029407501,-0.01525857113301754,18.94864888981329,-17.602027576073795,55.33883810831988,2.7400224208831787,-0.0012128276284784079,0.11886464059352875,10.875689724843793,-92.52592940295395,0.04477458223717282,1,1,1,1,1
704d1429cbc0c999037d4bd8aa886a1b566d7fc0a5d37a3a69de74ee60c52727,pi_3,upstream,/home/qy/DVGC/JIT/runs/campaign/all_proposers_v1/round_000/proposers/pi_3/tasks/acquire/attempt_0000/result/catalog.json::dense_v1_train_x2.85_family0/variant_5,/home/qy/DVGC/JIT/runs/campaign/all_proposers_v1/round_000/proposers/pi_3,cb9ab7c168d8f91352e9d39f0bb26207589ef6d97e4263268d0875cdb4a46860,3339c39eb274cd615d982aea3dc2859b0b42945fd7b1de98e665eb1b0b6cb52d,02b91a53a8ba943de3bec49bf95cd35192f5fda10964a7a79e394b78a8ce14f6,True,1.7895653915405274,-71.2536535725969,41.047264911620566,140.40252971094102,-221.6026599227473,0.13888268892702416,-0.015591637939214708,0.03382529631593558,1.8178339004516602,0.09807637333869934,0.08268528431653976,17.061412980625406,27.8451512837679,51.13094980597178,2.7770352363586426,0.0007791200769133866,0.11866495013237,7.3584735664619725,40.1780208868989,1.183000890623843,1,1,1,1,1
77ca6c979bf5b18d12873c20555292affe956d411ea7edd88021b56c08794316,pi_3,upstream,/home/qy/DVGC/JIT/runs/campaign/all_proposers_v1/round_000/proposers/pi_3/tasks/acquire/attempt_0000/result/catalog.json::dense_v1_train_x2.85_family0/variant_5,/home/qy/DVGC/JIT/runs/campaign/all_proposers_v1/round_000/proposers/pi_3,348a1a2e102d656dfd88b5f369fbaa2eeab71d23ad8518404188406877b130dc,2760c593a2ef28ea2f1221eef5e979fba87533ddbe9da4a5bc6f7dd2822805c3,a8aa496ee83b761730b225a2b862aed92c10fe97a079792f0806620721f21996,True,0.6814566516876222,-57.50914779256435,640.5508224781302,123.33726108852913,-650.1477846771317,-0.32289591257559047,0.49443077564239507,0.49915206597662104,0.5750827789306641,0.007672264706343412,0.07580166310071945,4.941584661669927,-2.0622138297793855,-0.9484684561217085,2.8327457904815674,0.0034147247206419706,0.11760928481817245,-3.3249051386675306,127.85163363931404,2.3462873795245884,1,1,0,1,1
05e7035b6efc3d6696d8f790954647e7179c859483d33e44dad5b1e43bf1bd85,pi_3,upstream,/home/qy/DVGC/JIT/runs/campaign/all_proposers_v1/round_000/proposers/pi_3/tasks/acquire/attempt_0000/result/catalog.json::dense_v1_train_x2.85_family0/variant_5,/home/qy/DVGC/JIT/runs/campaign/all_proposers_v1/round_000/proposers/pi_3,2f9e083fd8316f8924b8cdc0354736fd86912df9069a53ba2e835b48a82cca62,9ff7088561d7c48ebaaa4ffb14d17cb383b02c36660c84c733ad27fb97964df8,e4ecac02515143d0a48b65b7314dafbf7433f70188ab48921c3ea212fa4a0870,True,-1.2948620796203614,-50.11388682723269,-473.3684460882681,47.196579844031426,-482.599474072297,32.26178001853938,-1.214734745025635,1.4852379888122975,1.2806756496429443,0.012905730865895748,3.1599793434143066,-7.134734071612103,608.6338949017942,39.43551102222681,2.8780856132507324,0.004032440017908812,0.21794243156909943,-7.747909608594943,-4.025915414272854,4.518278547719801,1,1,1,1,1
539261c0fd387dc9bcec22e0837d0ca2d2420aa4b80d94a3d77b0ca2bcdffa69,pi_3,upstream,/home/qy/DVGC/JIT/runs/campaign/all_proposers_v1/round_000/proposers/pi_3/tasks/acquire/attempt_0000/result/catalog.json::dense_v1_train_x2.85_family0/variant_5,/home/qy/DVGC/JIT/runs/campaign/all_proposers_v1/round_000/proposers/pi_3,e1e82fa41f1d2cfc7ba1524f7f0ee0967a956341639d34f7635b1a223dab76a4,321562a6c1d9944d402ba5b1afd0d31ca2cdd0db7e819394adabc63ed7207043,f390a35369a4ffeaee1c531bbd76544cf01fe1e482cdc09bde74335adc2860b7,True,-0.14756289005279544,-62.79548881391161,-144.3465951264082,69.98544453807644,1195.28682037514,33.64391641593336,-0.02942686885595322,1.986217623573474,2.1931214332580566,0.05627329647541046,3.6468586921691895,1.4882411240331854,-370.0352244748189,13.085921011013347,2.951357841491699,0.005642987787723541,0.35290196537971497,25.4120466561126,194.77247474964332,5.535567218282387,1,1,1,1,1
0eb467299e6d8fa57e6e18647ae911ac03bd261d07edcd199d4aea3809c230f2,pi_3,upstream,/home/qy/DVGC/JIT/runs/campaign/all_proposers_v1/round_000/proposers/pi_3/tasks/acquire/attempt_0000/result/catalog.json::dense_v1_train_x2.85_family0/variant_5,/home/qy/DVGC/JIT/runs/campaign/all_proposers_v1/round_000/proposers/pi_3,92c660acd71a4b9adaca832d7a17dc970a58345ebd9a7ea02f5dea1f27eecd30,8daa16ca4d522a0d94cb60716e47df4ca6d9915a268cf96102d5b34e6b1ba5d4,e0df6e9244a8752c349acabee747ed03049a47edf7cd42cdca5371fa7c216166,True,-0.508226718902588,-64.157783704249,-84.64807117653127,84.70924918092707,347.14889981150696,28.991459254629156,-0.6840217971801759,2.1206082498409264,1.7225368022918701,0.048273298889398575,2.750053882598877,2.87981180597883,-52.14738440730723,20.130558484170635,2.990447521209717,0.006699597928673029,0.4163971543312073,31.77026975447747,-69.90721155132312,5.701023449734998,1,1,1,1,1
0b6c48e92ff706aa4c442ddc9e7d5372fe54f8cbbd0a71f3420845c6a7e101bc,pi_3,upstream,/home/qy/DVGC/JIT/runs/campaign/all_proposers_v1/round_000/proposers/pi_3/tasks/acquire/attempt_0000/result/catalog.json::dense_v1_train_x2.85_family0/variant_5,/home/qy/DVGC/JIT/runs/campaign/all_proposers_v1/round_000/proposers/pi_3,589f577fc4a29a037c211155e69be127784263b679caca9ca1a7a1550e7f7b7c,f04e1eeaa28383975a9f46fc3f6fbcc82878c1cf0281de30b8b36e8fd439f275,d5a0b82328b07e7988aa9d8fa3d2a0c2d41f4c4e7652675328815177b6783f5e,True,-0.7267824554443361,-56.80544023256711,308.4429008039617,70.70887768439668,-893.5089001255467,30.12403728131478,-0.9365715694427491,2.783955241093878,0.9352247714996338,0.039625801146030426,0.7313008308410645,0.5717058833545492,154.51693804585395,28.976818006590637,3.0413854122161865,0.008697578683495522,0.47657647728919983,31.981063052642405,-9.441174121769988,6.8337221833061506,1,1,1,1,1
4d9faa32fed3bd1f59928b437d12cef2ac27ba212d6b5849aba173b4881c9148,pi_3,upstream,/home/qy/DVGC/JIT/runs/campaign/all_proposers_v1/round_000/proposers/pi_3/tasks/acquire/attempt_0000/result/catalog.json::dense_v1_train_x2.85_family0/variant_5,/home/qy/DVGC/JIT/runs/campaign/all_proposers_v1/round_000/proposers/pi_3,3a19a8faa97f73e87993f1fd675cead716cf922bfb3bb732b27560100f7d5083,6de41652c257ae58dc6d28e53bf715307557975ad4b6b3be6225b75702880a5a,180c46890a2b468bbb5537ee766025dea46bc01a26d5f7d073e650b9d7c53e6a,True,-0.4168869781494141,-40.027708913834424,379.84304827387706,48.03543294204113,-341.78170984095425,26.956970111480857,-0.5720413970947266,3.3086095836817027,1.333675742149353,0.043894216418266296,0.9512818455696106,1.1695688299093085,-143.84934369445293,27.058731840469097,3.0883853435516357,0.010455729439854622,0.5106276869773865,31.766103339083763,-27.740946502695603,7.854971409613488,1,1,1,1,1
9802e742f1d7fdb3cbe2dc7cac99eea0a6de1823d77f71ef4ca294327ce3a40d,pi_3,upstream,/home/qy/DVGC/JIT/runs/campaign/all_proposers_v1/round_000/proposers/pi_3/tasks/acquire/attempt_0000/result/catalog.json::dense_v1_train_x2.85_family0/variant_5,/home/qy/DVGC/JIT/runs/campaign/all_proposers_v1/round_000/proposers/pi_3,a3c1f1a03086929e78c5a27072990938c1afe93a197590d6081c9d19844727f5,403317e1493874927898b35a95383c2413b1989157693a17671f24359eb55188,d69f0885ad0e14d41435807fb3df81c78e05a9e419852f2f27f0303338f0bc9a,True,-0.4842372846603394,-18.29552571080916,345.7845831851752,29.3056574641809,-372.10862402002465,17.795097851505798,-0.6130708408355714,3.6547981451202736,1.386522889137268,0.03416654095053673,0.8021295666694641,5.006250331410668,-110.2990446800001,34.3596183744914,3.1409502029418945,0.01227651722729206,0.5378658175468445,37.052813190646205,-78.63288749904113,8.440491526202935,1,1,1,1,1
f457822b10968cc76f9d7549ad50d6c7906489d7a15e00f09f5a1c9c7f24dd8e,pi_3,upstream,/home/qy/DVGC/JIT/runs/campaign/all_proposers_v1/round_000/proposers/pi_3/tasks/acquire/attempt_0000/result/catalog.json::dense_v1_train_x2.85_family0/variant_5,/home/qy/DVGC/JIT/runs/campaign/all_proposers_v1/round_000/proposers/pi_3,218e3c482e9345c4c926eb19ebe8bbb5c0efa6796a3b87b39f85e91ea6355dad,5e368ee489226af7cf65ed5ccfd64ba55b5e09b5acc35249f449bc2a42e70efc,65f0eb48de9dedd8d118b91aab80e109afbe9636aa00fb61709578682bd58930,True,-0.556614842414856,-1.9297867070565933,189.32192915045977,13.967641230027695,-152.2309556929207,11.350361453478877,-0.6556998538970948,4.163692459801883,1.554040789604187,0.03319581225514412,0.7467181086540222,9.144792576889271,-75.3723464345738,38.6103490384084,3.198497772216797,0.013690995052456856,0.5653902888298035,40.74206473874772,-67.78468928560663,9.391721215486434,1,1,1,1,1
7100db1cbf2deca96be28ce7de05517bea1b86d33ec5b57e491265a05267adb0,pi_3,upstream,/home/qy/DVGC/JIT/runs/campaign/all_proposers_v1/round_000/proposers/pi_3/tasks/acquire/attempt_0000/result/catalog.json::dense_v1_train_x2.85_family0/variant_5,/home/qy/DVGC/JIT/runs/campaign/all_proposers_v1/round_000/proposers/pi_3,102d4cb62133f444826c6ba91047e9f1556ead391b083ebd008d0e05ac18acf0,4c713a6737211d47d73cd813aa65fea55acb03ab6d5fb3bf5f4a406e50b16a41,41e5f808010b371c5d0979e5147fd14f26b53f1ae9910f5d38334190cf0adcf5,True,-0.5289665126800538,4.023480878720568,204.9647835574598,10.640945514580563,-75.87006231939263,8.145557112892014,-0.6019646453857422,4.438015007629067,1.6443687677383423,0.040538035333156586,0.6604399681091309,11.061837992936029,-119.35571159489692,37.47772950419645,3.2303860187530518,0.01452204491943121,0.5781112909317017,41.44405792126329,-62.684088428548705,9.866437520187612,1,1,1,1,1
1f2bf8fcd0cd631794b94f552c6764456e986ee1ed4006db698735c64f51d0ac,pi_3,upstream,/home/qy/DVGC/JIT/runs/campaign/all_proposers_v1/round_000/proposers/pi_3/tasks/acquire/attempt_0000/result/catalog.json::dense_v1_train_x2.85_family0/variant_5,/home/qy/DVGC/JIT/runs/campaign/all_proposers_v1/round_000/proposers/pi_3,00e216951d78bda22b0b70f8aeed00c5518f34d03216753b0c912e3cf1c00826,7ba2bc2e07dccfbcfd596a9f8692d9ea053e0a9841ff17936e45d169e01e6e44,b7666215f40aee02257e1343ae6bbc3efa7b65c561ab5e6ea009a5613219683e,True,-0.6001712799072266,10.148984917911116,53.735731238415354,11.029434721739841,23.89405931119207,3.5369833404031694,-0.7013467597961427,5.062904284557126,1.7203816175460815,0.036936115473508835,0.5121448040008545,15.349827338775448,-38.048808450890384,40.44374939655824,3.298462152481079,0.016359925270080566,0.5999518036842346,41.56875668494021,-39.576107051196935,10.97386561715385,1,1,1,1,1
68b2954826126e3f246ec62ad69262db2ab3b98dc6774e4fe4f8e9a650cabb5b,pi_3,upstream,/home/qy/DVGC/JIT/runs/campaign/all_proposers_v1/round_000/proposers/pi_3/tasks/acquire/attempt_0000/result/catalog.json::dense_v1_train_x2.85_family0/variant_5,/home/qy/DVGC/JIT/runs/campaign/all_proposers_v1/round_000/proposers/pi_3,73a7735b34b4ca677b51ca6e5bd4aab8b40a18b12a2d03bf14927485b3a3f3d3,47bc79564d882e8d40dfb8a9de0f2f3e038be9f1d62488d6bc35d3587153680a,27eb4d24b62ab9bea778faa7acc3366abf3eda8b5e147cd8737be4678b6b3cf2,True,-0.5578753519058228,8.405071990719488,56.65319531596752,16.035250482364567,135.85819995045642,3.1609531241126163,-0.6436585235595704,5.410407523841012,1.822350025177002,0.049366097897291183,0.42535561323165894,14.527494760820716,-85.28014371251342,35.920767392324535,3.334911346435547,0.017323961481451988,0.6102979779243469,41.31556498750243,13.294955535467004,11.721937062296428,1,1,1,1,1
15840da0c5314f56e5b41b190b080bd5c256b95ffdb1c1b501942d7c2407fa26,pi_3,upstream,/home/qy/DVGC/JIT/runs/campaign/all_proposers_v1/round_000/proposers/pi_3/tasks/acquire/attempt_0000/result/catalog.json::dense_v1_train_x2.85_family0/variant_5,/home/qy/DVGC/JIT/runs/campaign/all_proposers_v1/round_000/proposers/pi_3,a258332b8f0b1bbc0838d62f65f13b5c16794d1bb1e5016af5a28b05b7a0fead,4f759b9fd4e5de3e7fd9a85d34895d924ddf7cf582fee20d9c18a2b3be0757d6,1d801abedd7d1a3989eaf82d8e89746ff5fcb786b30df05067346e33904b3729,True,-0.6448665618896485,7.3248152480057955,-212.77170343916274,19.231485315796224,344.34778459137135,3.1303104077855353,-0.8061634445190431,6.1490847500249695,1.9399043321609497,0.042728353291749954,0.3725431263446808,15.522094954926924,47.73264041085071,38.47080827366504,3.40714955329895,0.018672317266464233,0.6248173713684082,38.50335070996557,-7.840965813394489,13.363733277809681,1,1,1,1,1
28ce15e7efbc40608eca9345c3e7464a3cf44a88dd1fe082d051807bc515af11,pi_3,upstream,/home/qy/DVGC/JIT/runs/campaign/all_proposers_v1/round_000/proposers/pi_3/tasks/acquire/attempt_0000/result/catalog.json::dense_v1_train_x2.85_family0/variant_5,/home/qy/DVGC/JIT/runs/campaign/all_proposers_v1/round_000/proposers/pi_3,16b348415a0d9639417a4764960554386a402b2bb600ea4972b325703e12413e,f84e4aa248bf8d474a50cc5cec718f1ada60cc3840e109344747f45084fc47db,e98bbbe6fb686c5c36e9c33215e8c960575aef87bc0482061ff7a9a13195fb5d,True,-0.6367782592773438,4.719250051354964,-233.94408775290833,26.254989329887845,428.9089689314709,2.619747469383231,-0.7857767963409424,6.466058030572149,2.0229015350341797,0.050819508731365204,0.3032226860523224,14.755530871545346,31.030188022055324,34.82013363399575,3.446977138519287,0.0197577066719532,0.6306784152984619,39.79462870840774,-53.20330433223452,13.987797229654484,1,1,1,1,1
3f982a1346bc6647144d531b0ecf00b6f370d72e1a1b893fca8626e070233c08,pi_3,upstream,/home/qy/DVGC/JIT/runs/campaign/all_proposers_v1/round_000/proposers/pi_3/tasks/acquire/attempt_0000/result/catalog.json::dense_v1_train_x2.85_family0/variant_5,/home/qy/DVGC/JIT/runs/campaign/all_proposers_v1/round_000/proposers/pi_3,760f9d69080628f4176f75b9beda62d4f9668d83aa7b165a3ed951e632e2e88a,2d05fb7dfd81cd1311fae477c7c09da49bcba5de6ae210449c0d47562123b9fa,da629be8da3e36172d2f48b532a23a137b718d775f3720c77671de0f3eae0b23,True,-0.6226820087432862,3.973211967089743,-171.5197377581169,30.9728861500135,312.3486761789418,1.5256203872172132,-0.7802652549743653,6.7706027760988405,2.0041937828063965,0.04350297525525093,0.1525803655385971,14.94764018723571,26.528924311834963,32.88989143869888,3.486717700958252,0.020775100216269493,0.6335376501083374,38.00490399490555,-7.78082770529982,14.510554002249753,1,1,1,1,1
5feb7d6c49957f83963e863d008d4ab3e152e29791443114697c3622894177e3,pi_3,upstream,/home/qy/DVGC/JIT/runs/campaign/all_proposers_v1/round_000/proposers/pi_3/tasks/acquire/attempt_0000/result/catalog.json::dense_v1_train_x2.85_family0/variant_5,/home/qy/DVGC/JIT/runs/campaign/all_proposers_v1/round_000/proposers/pi_3,8fb7abbf0171da007b0a9d577437f94dc2d996d666e30f785973c6fd4f2d41f6,5284d803a860a1b7a9801738c3089667175ac3f75f1f4f7d7609c6acaed6ac75,138c15fee3cb3012a3e63b2edab36dfbf6d264d035a38500f2bb5159d8156979,True,-0.6241877841949464,0.023507590132479824,-236.13392836308446,39.24664946148679,448.0756818558206,1.5908637803808958,-0.7784287643432618,7.0707790333685505,2.1118345260620117,0.05183616653084755,0.1305364966392517,13.597367283611195,25.016676033364536,28.49473130214009,3.5284311771392822,0.021850690245628357,0.6365174055099487,36.41119546529896,13.325248278209656,15.131869670094678,1,1,1,1,1
218556aced94791b71535978bb0cdae5daac82549d7cc9d96cf952c65fe30723,pi_3,downstream,/home/qy/DVGC/JIT/runs/campaign/all_proposers_v1/round_000/proposers/pi_3/tasks/acquire/attempt_0000/result/catalog.json::dense_v1_train_x2.85_family0/variant_5,/home/qy/DVGC/JIT/runs/campaign/all_proposers_v1/round_000/proposers/pi_3,bc61e1a127e97adbae0f0a74e96a7b4835c98916f5f5ad75b0d29cef3ef31af1,0aa0b10b3d5d8e4f2851d981c5e994161cdd69a623a697aca802770100d28d86,c19e0be8ce93ff7f4699efa9a00765cb46b131edd5afdc134417a3404acf3a2b,True,-0.6401669883728028,-8.162824817653,-247.80707682447309,55.54049261337533,381.87418260849876,2.0799750805435506,-0.8217644691467286,7.624204825840092,2.11328387260437,0.039348483085632324,-0.13709643483161926,12.378183639405798,60.44290528638159,23.56547427814839,3.6133854389190674,0.023874904960393906,0.6358901858329773,31.100416027101396,47.23714775260672,16.249777777328024,1,1,1,1,1
a930a759fc071437a15c3931b56bfd30a5bf238785860c2f67c69fe1fb038203,pi_3,downstream,/home/qy/DVGC/JIT/runs/campaign/all_proposers_v1/round_000/proposers/pi_3/tasks/acquire/attempt_0000/result/catalog.json::dense_v1_train_x2.85_family0/variant_5,/home/qy/DVGC/JIT/runs/campaign/all_proposers_v1/round_000/proposers/pi_3,5d99cbd2731025c61409263c47f6b062fb130f9a2ebc438197154a2810aa3949,37ef7b6ca331cf773babb7c545e034c6f4773aa9cb3743fd461b55a6473aa333,bbb0968316b2e6b92e50a1ac230e4789e5ae3ceb6bb1b4f2adafa17d7942d275,True,-0.7783327007293702,-13.725962670209611,-335.1406622694375,61.67815182796756,271.2589684718188,4.227314086363709,-0.9569346523284913,7.9544803847618555,2.0057058334350586,0.013412932865321636,-0.3582274615764618,12.689032378722247,171.01062911776248,26.334863269589267,3.6543643474578857,0.024424852803349495,0.6304488778114319,11.16360951911651,-185.1254472640256,17.148797086136405,1,1,1,1,1
226ae5af5a2a37fda3d576398f881fb6fe3b48551e8c27b5e67ef59add1fe7c6,pi_3,downstream,/home/qy/DVGC/JIT/runs/campaign/all_proposers_v1/round_000/proposers/pi_3/tasks/acquire/attempt_0000/result/catalog.json::dense_v1_train_x2.85_family0/variant_5,/home/qy/DVGC/JIT/runs/campaign/all_proposers_v1/round_000/proposers/pi_3,02eea54578a4614578de54d6baab572eea3c9c870d98d2018ac6e048f0446c7a,f5f60ce547bb23c8ff558f6db249a630ea766dc109e33788784829db9cb6a615,bdfd7f22154745b6cc754d1f3345da89fed227496879fbbc437592b498d910d4,True,-0.6895547008514405,-21.247115121002007,-357.99409274170665,71.38973143143106,537.734127090474,6.518657234510882,-0.8527014255523683,8.277676375168545,2.2769293785095215,0.0372067391872406,-0.16805016994476318,10.469640101328412,85.62626354870382,20.728958187544624,3.698521852493286,0.025072447955608368,0.6269044876098633,-4.6693854015456395,-132.03407265681466,18.01031780715585,1,1,1,1,1
f32881797c119636052439fa8d9a21593ab227ab21055ea47700c6d9a07998ac,pi_3,downstream,/home/qy/DVGC/JIT/runs/campaign/all_proposers_v1/round_000/proposers/pi_3/tasks/acquire/attempt_0000/result/catalog.json::dense_v1_train_x2.85_family0/variant_5,/home/qy/DVGC/JIT/runs/campaign/all_proposers_v1/round_000/proposers/pi_3,13a5f0ef13370497d5b8c288e28bc5c16e80ae5b7c0e14a43912030ab2d42dc0,19fe6eb36e70589276580dd29ea5e14d47efb38b41a3791f559657deebf74a27,ace7d0eaa00adc80e3c3fceff89f7da3f7c5daf8b4d852d7c14b3526b6dc7cd1,True,-0.8497312641143799,-40.71094298179456,-516.3655797437656,97.23053638250205,454.56818647326793,11.924738445796478,-1.0290778255462647,8.964608947250502,2.2364845275878906,-0.004425434861332178,-0.3451475203037262,10.345824139601714,229.94738889969705,17.626592351423742,3.7944962978363037,0.026107190176844597,0.6256677508354187,-32.283759961184444,75.4410649678133,19.704817680489057,1,1,1,1,1
65a79c34244baac713ce04ada2ab33f98e47de9ff1749d506cef589713e6ea57,pi_3,downstream,/home/qy/DVGC/JIT/runs/campaign/all_proposers_v1/round_000/proposers/pi_3/tasks/acquire/attempt_0000/result/catalog.json::dense_v1_train_x2.85_family0/variant_5,/home/qy/DVGC/JIT/runs/campaign/all_proposers_v1/round_000/proposers/pi_3,acdb68efa7c0256f5554a3dedec11b592da2f88811447dd0554c7cab52100954,c577b9d77e48f4aef77e78e90bbd0165f5295f87ff204c6215e51568e65100be,8d520a2497d35d45f1550ed80c97d38c7f3c84226d7b2cb3077ec9547385d5d3,True,-0.7776852226257325,-49.01884699383415,-380.4933096036189,105.8217737167867,394.1285255267421,15.060507359387802,-0.9291858196258546,9.37862427644416,2.2203071117401123,0.005181578453630209,-0.6337854266166687,10.47744871509703,148.19174574231525,15.178961618951117,3.8394012451171875,0.026244383305311203,0.6157273650169373,-38.36311326592686,119.00592394712223,20.58650811188485,1,1,1,1,1
62ad31a7909049650f6317c6804555d4ed5c36298a82ddfda94a6ab60c1ca999,pi_3,downstream,/home/qy/DVGC/JIT/runs/campaign/all_proposers_v1/round_000/proposers/pi_3/tasks/acquire/attempt_0000/result/catalog.json::dense_v1_train_x2.85_family0/variant_5,/home/qy/DVGC/JIT/runs/campaign/all_proposers_v1/round_000/proposers/pi_3,567003c25f8cfe4420af510ff3bd7ed24ec9a0b0b2b5f468d7b5eeb2ddbe9a23,9c710777869d3a75a37e4122b3a9415863157ec8b24dc776e22c099cfce900c8,9140334eea1d5547b00c6d72869bbb416bef8d7032621aa7929b2f21ee712746,True,-0.8435305213928224,-54.611883999482494,-277.4872540514133,109.25206547269634,23.840939222469586,18.08749679335027,-1.0052569198608399,9.849709693333828,1.854490876197815,-0.006095582153648138,-1.454452395439148,11.270198036209145,210.46911006616804,16.588593135331273,3.879568338394165,0.026353998109698296,0.593044638633728,-40.71891722765054,65.90829288663156,21.465434651557192,1,1,1,1,1
4c6f2f340a2819c239604d0e1c7bff82fb17b62ce823f5da568c15fd9833cf01,pi_3,downstream,/home/qy/DVGC/JIT/runs/campaign/all_proposers_v1/round_000/proposers/pi_3/tasks/acquire/attempt_0000/result/catalog.json::dense_v1_train_x2.85_family0/variant_5,/home/qy/DVGC/JIT/runs/campaign/all_proposers_v1/round_000/proposers/pi_3,47e9b72cd29712627908b2d1f52e22fe1e7b65b1abb4349e770dd7ef58202d64,d1571b5fa6a1727d0066d5fee45d11e0e4edbdf1d966011ac99751bd26f06df6,71c407a61358ba0fa2f1bbe6cbc9207ca152db11386e681d0c178daa9f85fcec,True,-0.768108835220337,-61.82503504606869,-147.1541034036069,114.38521218114938,-4.845566716091533,21.918763322315137,-0.9045918655395508,10.767354603755614,1.8465690612792969,0.01122166495770216,-1.960495948791504,11.566119397094532,128.05502301241867,15.39270214374291,3.9589450359344482,0.02697296440601349,0.5314902663230896,-39.89719424407924,6.536626358825133,22.84927691259135,1,1,1,1,1
ac32939afb5d14666ec811b0c13a4ea113bbecadb6fe9de5d7e5621aa63aef66,pi_3,downstream,/home/qy/DVGC/JIT/runs/campaign/all_proposers_v1/round_000/proposers/pi_3/tasks/acquire/attempt_0000/result/catalog.json::dense_v1_train_x2.85_family0/variant_5,/home/qy/DVGC/JIT/runs/campaign/all_proposers_v1/round_000/proposers/pi_3,321d5b6389d2243e2a21be43d38fef66cef4dd11fcc557142758a82058d634d0,d57635b4adbaf83e26fd41701af0f817d2885edba9b867c30bf07a3eaa430276,5a67c28e8abb1f5b528669abc89139d332d15d878ab620f11bace49ec1d6eb4f,True,-0.6094065380096436,-62.10781853808555,-14.35745890898054,116.58026422566223,176.7208311884332,21.657224956068873,-0.7061000061035156,11.079621197041767,2.0520975589752197,0.04050379991531372,-1.957511305809021,11.540349947129721,-34.397194660210225,12.706564620548024,3.998577356338501,0.027748046442866325,0.4919968545436859,-38.27064616494323,-21.345806231866813,23.08015878207317,1,1,1,1,1
807a5618dfacfd6515a1f9822b7cba38269fca24cd165586c1d5a14136a4e234,pi_3,downstream,/home/qy/DVGC/JIT/runs/campaign/all_proposers_v1/round_000/proposers/pi_3/tasks/acquire/attempt_0000/result/catalog.json::dense_v1_train_x2.85_family0/variant_5,/home/qy/DVGC/JIT/runs/campaign/all_proposers_v1/round_000/proposers/pi_3,b9fcf322b7b30cbe6a57e894937f9f3e608231908a0989363958bb63952a87b2,6aed72df8da6dc484cc29500cda3bff758504fd50e33a8ff84a7663110e673f8,b536bab2d703fdff88edcaa91336b8fd2b95ee1e714dac14dbe184d74ed4895a,True,-0.7881355953216553,-62.932304333176134,-83.95857724019683,116.05138901784981,-180.0312599545983,22.79251322250025,-0.9321525096893312,11.536674324035928,1.662075161933899,0.012681936845183372,-2.6746087074279785,12.464363551258433,150.64856478676884,15.627457453063542,4.035250663757324,0.028323443606495857,0.4446716904640198,-39.47755083656824,16.648948101932092,23.642860551865823,1,1,1,1,1
4762ad65db38b67bd2f43f71c88a595977a827b46491e62c891214d0cf8fd502,pi_3,downstream,/home/qy/DVGC/JIT/runs/campaign/all_proposers_v1/round_000/proposers/pi_3/tasks/acquire/attempt_0000/result/catalog.json::dense_v1_train_x2.85_family0/variant_5,/home/qy/DVGC/JIT/runs/campaign/all_proposers_v1/round_000/proposers/pi_3,0799d41971a60e5e8ee83c10c69a8659c0f2b4befdccbc651b49753f3624f485,f9bd42a4285b1013331bbaa0cf98a55ce6658e01ac2edb88b149cc4b25f1af7d,810b1e72bfdf112630bd11ed48076a8e19e8608fffeda0ac2adfd4c9ff91453e,True,-0.7756525325775148,-59.37509400210931,-55.00671674483342,115.491805279529,-206.86536565628592,21.278734060684,-0.9177352905273438,12.09953463804019,1.627722978591919,0.014855975285172462,-3.1262500286102295,12.998256386789881,138.86610597790332,14.921967213692925,4.1095404624938965,0.03030276484787464,0.3353956341743469,-40.27580870524597,32.731065634833996,23.864853180028444,1,1,1,1,1
de4323bb61e5da6c24c7d5f1b3987e977afac249010ee007f195f04affef6b91,pi_3,upstream,/home/qy/DVGC/JIT/runs/campaign/all_proposers_v1/round_000/proposers/pi_3/tasks/acquire/attempt_0000/result/catalog.json::dense_v1_train_x2.85_family0/variant_10,/home/qy/DVGC/JIT/runs/campaign/all_proposers_v1/round_000/proposers/pi_3,059941d58dffead6516d5bd16b040a9dbb9ec4b9230f6da3c32122c41f350799,e49095298864214dff021c7ea5dc5e81404a3ef790df9544c435b88ccc241ae3,5f55771609e616051e63a621a5f03b54e77322b88a75b34f74cf96f6ceccb495,True,1.8712154579162599,-72.36949474711271,15.29064545716458,143.64439703821753,-77.14638561864706,0.1839978102934829,1.1839687538146975,-0.33299913662557185,1.8700238466262817,0.09194108843803406,0.020566565915942192,17.847982688085953,-14.682464922899134,52.110655065045485,2.739859104156494,-0.0011794220190495253,0.11909668892621994,10.912807534114581,-110.75616192039237,0.013937514645631845,1,1,1,1,1
ec52c0ee46cc306bfef2193aad158e37470528030c42a92aae16e3b9d128c8b9,pi_3,upstream,/home/qy/DVGC/JIT/runs/campaign/all_proposers_v1/round_000/proposers/pi_3/tasks/acquire/attempt_0000/result/catalog.json::dense_v1_train_x2.85_family0/variant_10,/home/qy/DVGC/JIT/runs/campaign/all_proposers_v1/round_000/proposers/pi_3,4e5e640af44cc545e9e5e85ca6d5a6b4ed78982f2d963df3aeba959709058ff8,7132721fb6a67339b0247f0ad06cf19de1391c273197435bf9c80582b487dc2e,aa0eb0d91cd814f889f9992a0ee8324db688fe0a66b02357b9df36bc2b735669,True,1.7936556053161623,-71.71318186976619,63.810748622709816,140.55226111792604,-228.01780581765507,0.17151444851483272,-0.09378182768821718,0.001108292666982206,1.7783551216125488,0.0797208845615387,-0.000143624929478392,13.05864721188384,0.17443620121295564,45.99098656872707,2.776142120361328,0.0006348705501295626,0.11917642503976822,5.865859520534392,46.7279503197931,1.047740484154202,1,1,1,1,1
007f08764c63a7ccbaf63821e6897004687a974ddabf94cff5ad2190ddacf1fa,pi_3,upstream,/home/qy/DVGC/JIT/runs/campaign/all_proposers_v1/round_000/proposers/pi_3/tasks/acquire/attempt_0000/result/catalog.json::dense_v1_train_x2.85_family0/variant_10,/home/qy/DVGC/JIT/runs/campaign/all_proposers_v1/round_000/proposers/pi_3,9c434ac539d82a898b3f048f2eb019f4642e9447de961099830b05f13f7ee9c5,5428a643d6deede5e79440a8723d8ed7ff01329ec2bd4e39bce73ca025d20875,a30639fb69a263593be5900e58fd0b93cd6450773ff7bd2262180b9f9b8f2210,True,0.7039478874206544,-60.68015873739115,475.0658847007997,124.07136982052211,-603.9617176604253,-0.31173598845232203,0.10784892201423646,0.4525312221485658,0.6886002421379089,0.025120805948972702,0.09702792763710022,7.276299560557549,41.39680667258514,15.971377968341194,2.8341174125671387,0.003445034846663475,0.11733584105968475,4.195238792005232,23.866900771504806,2.4190568083742705,1,1,1,0,1
3af2349b2b6e41e7675912966cec2580af619b886c47502e79cbe98916aa75cb,pi_3,upstream,/home/qy/DVGC/JIT/runs/campaign/all_proposers_v1/round_000/proposers/pi_3/tasks/acquire/attempt_0000/result/catalog.json::dense_v1_train_x2.85_family0/variant_10,/home/qy/DVGC/JIT/runs/campaign/all_proposers_v1/round_000/proposers/pi_3,4603b790af7fac10b2568a807c1c824f04479ca783582c10c554739c8dba0cb1,23afc9c1a2831f1f616355dc216ece84bc3b962b90f08441ae796c550468bf23,ebb61a4d6d8e45fdebc0224b1a58d9d460f9e6c54c1b277e15e2274f58a43afd,True,-1.005113458633423,-51.544794382877434,-419.1290396249831,50.47810666472362,-510.00492509805616,28.35012841884162,-1.6728612518310548,1.2055316570523595,1.1811769008636475,0.007286329288035631,2.964148998260498,-6.682245991929806,553.1141284974552,33.460031234381944,2.880419969558716,0.003952140919864178,0.20856402814388275,-7.457364460360002,-6.624108275488303,4.386842076753593,1,1,1,1,1
477d76f023b3a87a89abcc15189c43cd277a8ec1b26595f14263847dbab5edee,pi_3,upstream,/home/qy/DVGC/JIT/runs/campaign/all_proposers_v1/round_000/proposers/pi_3/tasks/acquire/attempt_0000/result/catalog.json::dense_v1_train_x2.85_family0/variant_10,/home/qy/DVGC/JIT/runs/campaign/all_proposers_v1/round_000/proposers/pi_3,b095d55f3799ef9acafe9ca3e48ea7d2d230d6dac38d6191311ff0caa41a9992,e58a8a1d655003e53cd8022f9d5eb4935c4ce7a474439311523e2aabf6f427f3,f71de29d4ca2089724b91f839566619ab66470b1fae9ab8555992f1cfbbf48e4,True,0.05449491798877717,-63.118604572977404,-143.29310674882544,68.69520131329352,1057.2965632148857,29.83635707894192,-0.5829215526580811,1.510853182021238,1.9645898342132568,0.04418172687292099,3.468297243118286,-0.01776542541785564,-339.00037484865504,9.817279342190385,2.9468579292297363,0.005167256109416485,0.33755069971084595,21.692487851116443,175.52549344216763,5.189114178637132,1,1,1,1,1
44f588521f323f273901b469f4101a54e9ab121876c3d1026419816f97596908,pi_3,upstream,/home/qy/DVGC/JIT/runs/campaign/all_proposers_v1/round_000/proposers/pi_3/tasks/acquire/attempt_0000/result/catalog.json::dense_v1_train_x2.85_family0/variant_10,/home/qy/DVGC/JIT/runs/campaign/all_proposers_v1/round_000/proposers/pi_3,2601985700495f50b7b8354fc3a85296f4bf6dea47ee24272f917faa27224fe1,9aa1b882ab6f9508f6786dc87e9c0e03cf881f5175cde91ca2e4fe0c71e10808,5154bee276e4b363a04413940f19c76dd6b7c285bfba7e530d23a47dea57d35e,True,-0.2985615396499634,-64.33951454749553,-77.92381824054542,80.73907195226293,230.0109643004915,25.628209075795855,-0.9506252956390382,1.5814071776521372,1.5675233602523804,0.03653194382786751,2.5270514488220215,-0.1134983206551597,-38.02217754331651,16.984645069449048,2.982046127319336,0.005989960860460997,0.3965851366519928,30.041507894412224,-106.53892308907052,5.323831134273473,1,1,1,1,1
2e0946120690a008eefb76ca2884bcaaceb12cf8916af82b1320b8cf7f8531c2,pi_3,upstream,/home/qy/DVGC/JIT/runs/campaign/all_proposers_v1/round_000/proposers/pi_3/tasks/acquire/attempt_0000/result/catalog.json::dense_v1_train_x2.85_family0/variant_10,/home/qy/DVGC/JIT/runs/campaign/all_proposers_v1/round_000/proposers/pi_3,12f9c5f2eaf9b43cda88be60d28fc3a88a5dce66d3e8bbc3b8017673ce1fd28e,a436da0490f7eaa25d4f3284a7762f4fc952f9616cc85ab00c7f53b877bffbc9,16c326c868ad3cd6f78a88bb775b8198c65c2d7b73634bd664381ee421a4a1da,True,-0.48633629798889166,-55.08426329757516,284.7069825701702,62.69334333487407,-866.5301446776166,25.801377886934453,-1.1625071144104004,1.9346810956517508,1.0363690853118896,0.025445755571126938,0.7892234325408936,-3.054508194710481,135.36777870767116,25.4646613108365,3.031733751296997,0.007510944735258818,0.44844159483909607,29.647409394397073,2.8841765103018795,6.217458191142632,1,1,1,1,1
00a074f88608154dfff6a504a4d78e2d1a63c00359826909cb25fc4c814649e1,pi_3,upstream,/home/qy/DVGC/JIT/runs/campaign/all_proposers_v1/round_000/proposers/pi_3/tasks/acquire/attempt_0000/result/catalog.json::dense_v1_train_x2.85_family0/variant_10,/home/qy/DVGC/JIT/runs/campaign/all_proposers_v1/round_000/proposers/pi_3,6e329398695dec3934ee1848e409c04c1fa47dcec39e2eef56cc524c35a7e8d5,6db93804a16277cb76873ec5c516f16513f39ef79ba4ff9426daa8a474772b8c,f4922308e8344be583c9b594989a7dc54833e65470be3c7189ea2ebdcdd1798b,True,-0.2035438442230225,-38.15012064684919,373.12189624377436,38.028539864528376,-413.18762199052907,22.333363890781765,-0.8349217796325684,2.1906252527154844,1.3032385110855103,0.02797015570104122,0.9002304673194885,-2.4879595844269673,-132.76553127540967,23.81717528679982,3.0795395374298096,0.008690264075994492,0.4806782603263855,30.12613393822868,-27.994005011444575,7.094242463405482,1,1,1,1,1
7821c859c2e18447621416a73bcf8dbdc9b945f47345a25734ae63cf91e9124b,pi_3,upstream,/home/qy/DVGC/JIT/runs/campaign/all_proposers_v1/round_000/proposers/pi_3/tasks/acquire/attempt_0000/result/catalog.json::dense_v1_train_x2.85_family0/variant_10,/home/qy/DVGC/JIT/runs/campaign/all_proposers_v1/round_000/proposers/pi_3,356870e8592a261243741813e4a39c209af8d3876e0443d220dd3b423d2350ac,d93dcd7736aed9a3ad09a7447d45d8c3528e5ad0600028ce9cb2d065fbeb10bb,6e52db36f1910c92465eb40c3f08d3eba34b7d019920ed8b5ff482e12c54d6ba,True,-0.24313727378845218,-18.199986732246312,323.68760982386334,19.273545620705164,-315.1089468678407,13.729101530791025,-0.8307677459716798,2.338061126361242,1.3899710178375244,0.024050023406744003,0.8166986107826233,-0.04853642480970148,-136.12072510139504,27.426206263099537,3.1324734687805176,0.009881289675831795,0.5089423060417175,36.59265310097869,-86.69893792766516,7.695154385297096,1,1,1,1,1
ed219e683a845ae6f3df823ab13ba6f500e55f659133cc31b61118e3277b9b1f,pi_3,upstream,/home/qy/DVGC/JIT/runs/campaign/all_proposers_v1/round_000/proposers/pi_3/tasks/acquire/attempt_0000/result/catalog.json::dense_v1_train_x2.85_family0/variant_10,/home/qy/DVGC/JIT/runs/campaign/all_proposers_v1/round_000/proposers/pi_3,a953d4bb808efad5d71f2e92581b9814bb51b6602be8a6802a5a8c802568d79a,4b1b93e658b0db1f9436d3b5f825c5c6218ff5b4b2d7ea48b282fc1c900ff64b,d97fc848095450ed18bf73a92ec3f8be8f948e7bde30031bae4b4aae677cd989,True,-0.32373975276947026,-2.1837173455852117,181.7494213610717,4.776388425743528,-130.91237801018016,6.470676091170249,-0.8790302658081055,2.517610006154613,1.4934484958648682,0.023756518959999084,0.7449832558631897,2.626268140355375,-96.61747226298004,29.46400515480389,3.1891093254089355,0.01085630338639021,0.5369693040847778,40.51823602455182,-62.45542052532584,8.440747450906901,1,1,1,1,1
21289afe5f338f76e8e5b361bf19a24b807b657ed1fbfd45345654c0807f291e,pi_3,upstream,/home/qy/DVGC/JIT/runs/campaign/all_proposers_v1/round_000/proposers/pi_3/tasks/acquire/attempt_0000/result/catalog.json::dense_v1_train_x2.85_family0/variant_10,/home/qy/DVGC/JIT/runs/campaign/all_proposers_v1/round_000/proposers/pi_3,802d989c602ed5980af5dae1ab458560f5dae5aa2d1472face0aeba349d862bb,47c4a4380b1cf8648b0e0ae337400c81a2cfd367669c056faddb2eb1b4d7139b,98d173f70174297f400b4b0943284cf1c4e1fa7051b161ca4283889bc3c7f04f,True,-0.35440036773681644,5.6422216247484265,71.04038774595242,1.4121898491111495,47.05319709787994,1.3355627233204828,-0.9010869121551515,2.7142301910027884,1.5883287191390991,0.029730327427387238,0.5799058079719543,4.576125571731462,-78.60088806277962,29.454801474897298,3.2508559226989746,0.012028735131025314,0.5618297457695007,41.53069204069573,-17.092213718687578,9.324811011219714,1,1,1,1,1
e0277b18436b729b2c25a5eb5fc54e6f3e5d9598d1511e8cf968e50a5db5922c,pi_3,upstream,/home/qy/DVGC/JIT/runs/campaign/all_proposers_v1/round_000/proposers/pi_3/tasks/acquire/attempt_0000/result/catalog.json::dense_v1_train_x2.85_family0/variant_10,/home/qy/DVGC/JIT/runs/campaign/all_proposers_v1/round_000/proposers/pi_3,f24ef98e9dcdd5509dab9dc2f2dc4074b5ee4df20cf1395e4595fb561c37852c,296f47fd4070556a8575aad655a0981645b9d293227f67b1fc7d439ae49b681c,4b755523d1b8f5ae452635e6833448d2abc09f8386c0d758f238c264d22f8171,True,-0.3558490657806397,8.85368223050051,77.96645228134464,-0.12679595191723406,-30.255292815433624,-0.7285861563990387,-0.9320102500915528,2.8213994255090293,1.5757215023040771,0.02179235778748989,0.5131941437721252,5.783503233956494,-53.291601602729855,31.0671598360326,3.282254695892334,0.012536806985735893,0.5720425248146057,38.95429687444273,22.381862259140416,9.839945716720813,1,1,1,1,1
fb1b9aefa18aa3c94b422f75341465c98535e51d41424ec832c38860bc057e3b,pi_3,upstream,/home/qy/DVGC/JIT/runs/campaign/all_proposers_v1/round_000/proposers/pi_3/tasks/acquire/attempt_0000/result/catalog.json::dense_v1_train_x2.85_family0/variant_10,/home/qy/DVGC/JIT/runs/campaign/all_proposers_v1/round_000/proposers/pi_3,d4fda913e84c67f49b62019bd98bc8c018a6f3732340dd79c757a5d134539815,3cd0f44c8f01ec4a00f1320890db48200a7f8143ea0e1665e3c7a908d880f557,abed4b71488f323449b14a9b4768bf055d6c7dd84f8a98b8e63ca9e0f679764c,True,-0.35541781425476077,7.0727483973469445,67.29753287324465,6.603555382502089,-56.84954276403788,-2.17206275781163,-0.9540570163726807,3.011014434199244,1.6540712118148804,0.009958073496818542,0.6491753458976746,5.290434012207389,-35.15391131835594,31.42436506924593,3.3493704795837402,0.013682329095900059,0.5946328639984131,40.481417889830865,-34.40065415102484,10.954801013414793,1,1,1,1,1
99acd33d3a040e8b4d43128ce759ca4913cafd054da888ab385bc3b51b9d9e8f,pi_3,upstream,/home/qy/DVGC/JIT/runs/campaign/all_proposers_v1/round_000/proposers/pi_3/tasks/acquire/attempt_0000/result/catalog.json::dense_v1_train_x2.85_family0/variant_10,/home/qy/DVGC/JIT/runs/campaign/all_proposers_v1/round_000/proposers/pi_3,08d924b95e22c1393ced8fb1bfb7b88a7232544f0d4f5a41c7217f381bc41d22,4d78945d18f9c37060df1e7bfb3c9ba377e2eee56eada437086902b5f0b85ee4,76a4e429fc5c66dd6e02984800850549f5917e22e8427a0fdfa70971e6957a4d,True,-0.45863219261169436,1.7802376874667543,-334.7878966591847,13.91165673072204,477.81254965287195,-0.9434763857127946,-1.088685932159424,3.0854207878177604,1.8264663219451904,0.0257148128002882,0.8208841681480408,3.7185347035074776,74.98613338795543,30.0657482357766,3.384882688522339,0.014139057137072086,0.6099472045898438,40.45885094481314,4.9894015353887164,11.648373947612173,1,1,1,1,1
34f4b889b2d09cb56b92cbfab64c764015f807d9c1e7ecfb1bc41917d963c983,pi_3,upstream,/home/qy/DVGC/JIT/runs/campaign/all_proposers_v1/round_000/proposers/pi_3/tasks/acquire/attempt_0000/result/catalog.json::dense_v1_train_x2.85_family0/variant_10,/home/qy/DVGC/JIT/runs/campaign/all_proposers_v1/round_000/proposers/pi_3,8f3c3682762cf313186da4023839227b39c96c49d06d1a217574141f884f212d,961b8f4837c2348359877cf225f0070b21ecd82c7af9572f54317d2ef43905a0,de35ed358cd7f51da26f95e0f19af332640c8200c12517adc62b174111cedaad,True,-0.41497919082641604,-2.3957874622381143,-160.51743681662856,22.97964383039452,267.8806749460604,-1.5020683797165848,-1.0167029094696045,3.156048055243022,1.8430020809173584,0.014889765530824661,0.7460439205169678,1.7052186248830365,16.022472905974766,26.102746120835555,3.4577574729919434,0.014872492291033268,0.6409127116203308,38.89811515342479,21.73291574081375,12.709138258784032,1,1,1,1,1
57dc947791ed9f0c14f696f715b7620b67fb40f8346ea4109c1cc2e62d450a62,pi_3,upstream,/home/qy/DVGC/JIT/runs/campaign/all_proposers_v1/round_000/proposers/pi_3/tasks/acquire/attempt_0000/result/catalog.json::dense_v1_train_x2.85_family0/variant_10,/home/qy/DVGC/JIT/runs/campaign/all_proposers_v1/round_000/proposers/pi_3,c4a200ec636dea7a6d337a45b53ad65f58d832f24a54fa9c40c978fe9f4c9b98,23ed84566f4456bdf0b855fb4b81a3a58a64c1175ab1ba8f758aba12ae5d7edc,4483dde2e91ed48d742123bc391a9207cc6b34ee1fc67cbdbe94b7108f8bc253,True,-0.4047013854980469,-2.4928376201548255,-147.91411221293257,25.56145704420663,231.73662525467358,-2.622275315196574,-1.0212460708618165,3.171781473703021,1.8396492004394531,0.012095541693270206,0.6080715656280518,1.8790001951527286,19.72462838896573,25.843794866380154,3.4943737983703613,0.0152018116787076,0.652599573135376,37.20145859755319,14.923814779863413,13.148119174190555,1,1,1,1,1
e553a070b6eba1f7bcc06d15cbfc3cbe5e75bcbabd95f200547d2c9a9d455247,pi_3,upstream,/home/qy/DVGC/JIT/runs/campaign/all_proposers_v1/round_000/proposers/pi_3/tasks/acquire/attempt_0000/result/catalog.json::dense_v1_train_x2.85_family0/variant_10,/home/qy/DVGC/JIT/runs/campaign/all_proposers_v1/round_000/proposers/pi_3,be99579cfb7d7ff1f364ae300a9c08b706b2d081fec48c6a66437902e6f1767a,546b36f08405c93e7a2c2f14ca75e79e756a37f90b4696b83d7d86ca9eb1c865,f08dc383efb07ec9b0da2fb16f77d04db55361b79e6ba8b6146906190dae9dc0,True,-0.4680248641967774,-6.7170761147154625,-276.33923585571756,31.4131430684396,326.2076217785179,-1.7402860215257694,-1.1006625080108643,3.179749702290066,1.8553798198699951,0.008133060298860073,0.5582712292671204,1.1819725601637574,84.71105235086796,26.126269292337078,3.5315451622009277,0.015455338172614574,0.6642844676971436,37.54949430180577,-12.09336389724262,13.709903754928842,1,1,1,1,1
e0845f873a739e0ac04f55f611977774592dd8a1539d7a036d910746ea7d33df,pi_3,upstream,/home/qy/DVGC/JIT/runs/campaign/all_proposers_v1/round_000/proposers/pi_3/tasks/acquire/attempt_0000/result/catalog.json::dense_v1_train_x2.85_family0/variant_10,/home/qy/DVGC/JIT/runs/campaign/all_proposers_v1/round_000/proposers/pi_3,cb580cb9818b582c2c7b7b9b6ae7ad3bea698f1cbabc5076a5f86bb510986272,f36486f01e75e6e9717c9eb8539ec2b9769370c383f3e48ed132f12ad65fcf53,bcaaa55ca12053bfc196ed5ca12fdb467a61842565d8932f13f121f6b722dafd,True,-0.41047988891601567,-12.282444877809729,-223.6937223371467,42.96221431336578,356.32725337665676,-2.2540408114048067,-1.0324499988555909,3.153371166291221,1.9108834266662598,0.016324253752827644,0.30779263377189636,-0.3975115402073208,29.027317010219125,20.87068632036968,3.6073811054229736,0.016236543655395508,0.6787353157997131,35.242847211538674,14.743356059349798,14.56589262771858,1,1,1,1,1
c4814d1026d1cc30f8c74fd60e9b0cc8c7eaea4e519eaa67c3182b8bb4d0fa35,pi_3,upstream,/home/qy/DVGC/JIT/runs/campaign/all_proposers_v1/round_000/proposers/pi_3/tasks/acquire/attempt_0000/result/catalog.json::dense_v1_train_x2.85_family0/variant_10,/home/qy/DVGC/JIT/runs/campaign/all_proposers_v1/round_000/proposers/pi_3,3d7e107d4f7f1aa39d45a119022db7d0b637c5c30e7f0fe75d4e16f237060339,1cb2895c141ef952e81fe307dadee54ee2ab72d0ed71e2e5f43f33d2ab34b602,39c4e43191007cfa75c2c10abe8771f22fc5d1fd822835ffb58114c98df94cf6,True,-0.412715220451355,-16.489043128178338,-251.17881336862823,50.79266419675939,395.477542529333,-2.2045302457571783,-1.0391678428649904,3.1208621644681966,1.9323675632476807,0.016287168487906456,0.22845546901226044,-1.15721088326664,34.558311992541654,19.05533815219618,3.6462535858154297,0.016678672283887863,0.6840591430664062,33.83175744977072,13.03217595998181,14.962655263002548,1,1,1,1,1
db5bec5c6e97f7635f39c3b31c5c00c45d47046bf75cc537612240d7d3296103,pi_3,upstream,/home/qy/DVGC/JIT/runs/campaign/all_proposers_v1/round_000/proposers/pi_3/tasks/acquire/attempt_0000/result/catalog.json::dense_v1_train_x2.85_family0/variant_10,/home/qy/DVGC/JIT/runs/campaign/all_proposers_v1/round_000/proposers/pi_3,a68317b5f4f83e19f6395a82c310ef0f58d2c90432bb5b5cedecee293f913e58,9cd3d65445110bfaf83503de804503e5599c59b77b18741c181ab84e6b1ae1fd,7bc49ce9601160605a40ddd8d91fe7ed867caa2d8b731d33099de7acd0171f17,True,-0.4424259805679322,-22.152393516237375,-302.32130277920277,59.390140908850846,409.62649796106786,-1.3259744620192346,-1.0798171710968019,3.077108314614531,1.9303160905838013,0.009874237701296806,0.14913903176784515,-2.0895823977836265,67.86716381983454,17.807633345564103,3.6852362155914307,0.01700427196919918,0.688374936580658,30.363059540158083,52.29130332330857,15.3983395678027,1,1,1,1,1
f1ffe1f5e2e2041e3ca12b48ad18bbc7b5ec87e8ffa6c7759c78d50f35203eb1,pi_3,upstream,/home/qy/DVGC/JIT/runs/campaign/all_proposers_v1/round_000/proposers/pi_3/tasks/acquire/attempt_0000/result/catalog.json::dense_v1_train_x2.85_family0/variant_10,/home/qy/DVGC/JIT/runs/campaign/all_proposers_v1/round_000/proposers/pi_3,0dc20ecd61939a11f20597a07e3105fa6c83609a911ca9af554bb1ef908ad0f9,5a717b5120d8c77d20657599ffdf7f536331f5b7593cb6d31b125beefe563634,82a167397d3de27ae6a7c93b5cef1d7e6610cae6b455a6beeea2bde77f4851ef,True,-0.43838396549224856,-29.762303421520443,-367.89073632073166,70.33321044985681,541.8480319898426,0.11777526348547682,-1.0756463146209718,3.017113600176916,1.9965475797653198,0.011639995500445366,0.2507408559322357,-3.631616277450834,64.46681561324623,15.2046806962708,3.7251431941986084,0.01728493720293045,0.6942910552024841,26.570537239353264,68.15563002924085,15.830116120894708,1,1,1,1,1
41ef4091fb2ba24b084041e4c6d9c5c7921abbb7b2b71e6377f47c93986b903b,pi_3,upstream,/home/qy/DVGC/JIT/runs/campaign/all_proposers_v1/round_000/proposers/pi_3/tasks/acquire/attempt_0000/result/catalog.json::dense_v1_train_x2.85_family0/variant_10,/home/qy/DVGC/JIT/runs/campaign/all_proposers_v1/round_000/proposers/pi_3,e4a5061e1fce4f1f1b8697577c89d14b496fff71c0f7a15797fc17841383a128,6ecfff8e60d9ec10c2082a1ce875e93d5d68b981fde5d1d58943672724df0257,3f6fbbc8f4322f08f1359c73478fbbe1d129c701530b16fe203202a61b182a39,True,-0.33234565734863286,-49.38808702036504,-386.01232101904264,99.09467942210611,764.1528763404024,3.3917566392561644,-0.9716328525543214,2.821401132444963,2.1267614364624023,0.010729271918535233,0.5391926169395447,-7.870572975899202,-20.629346708689155,9.509886678593963,3.8080339431762695,0.017546162009239197,0.715768575668335,12.476682651200196,124.56109438401202,16.601938848351026,1,1,1,1,1
5b68d84ec3f2861c81cd4446f0cc0ebb944149fa191a1c7da7d7aa6120121cb8,pi_3,upstream,/home/qy/DVGC/JIT/runs/campaign/all_proposers_v1/round_000/proposers/pi_3/tasks/acquire/attempt_0000/result/catalog.json::dense_v1_train_x2.85_family0/variant_10,/home/qy/DVGC/JIT/runs/campaign/all_proposers_v1/round_000/proposers/pi_3,19a45ecebbac50f0728768641366d86d09f2c5f41b7173acf30e29556d04a50a,f77eb3ba3150f7b2def9ed97d95fcc35e852b0f6be42f8ab499bff84e060024f,e7b26f996cb10b6a6d61c6e4ced7e94d1fc10f891b6648b8ef47d30d5d8ef926,True,-0.3117669820785523,-55.65532858389076,-296.170225657986,112.74439583683723,597.5308486700482,2.4510245935695214,-0.9620020580291749,2.6575429419980345,2.053396224975586,0.0007287318585440516,0.12742750346660614,-9.650825070796238,-28.55162336283171,9.441119480256628,3.8501060009002686,0.01775130070745945,0.7223275899887085,0.06005358450369086,-50.02832163240536,16.78600570107193,1,1,1,1,1
63316f2479ef40828ea2fce069fc666ab0cb510f8607cb2abb80dcdff0efa4cc,pi_3,downstream,/home/qy/DVGC/JIT/runs/campaign/all_proposers_v1/round_000/proposers/pi_3/tasks/acquire/attempt_0000/result/catalog.json::dense_v1_train_x2.85_family0/variant_10,/home/qy/DVGC/JIT/runs/campaign/all_proposers_v1/round_000/proposers/pi_3,dffcffd2ea551bf2ad7b2b3b0825017c11e04a38e08ca11d4fb1ae62b73e9791,e1bbab7f93f0aefb3c49a46be73362d1b1411214355b627ae35602fedfa70fe6,e28a8c36b263849058d8cc5b214dfcff13d6ffeef1dbc5a7c7612fc468ea3f23,True,-0.32680557727813725,-60.40100207582356,-234.29414860824983,122.94121939969511,430.7053906454543,1.6192756836420115,-0.9782169818878175,2.45345440896706,1.973177433013916,-0.008554012514650822,-0.36146578192710876,-11.474059546140161,-15.298069872792384,8.974597069377246,3.890587091445923,0.017761973664164543,0.7195796966552734,-10.343302946024334,66.30844634934593,16.96125810364444,1,1,1,1,1
b8e2d0a60cb5f785af703613ee491288a512dbb58de0a40caf01b48198490740,pi_3,downstream,/home/qy/DVGC/JIT/runs/campaign/all_proposers_v1/round_000/proposers/pi_3/tasks/acquire/attempt_0000/result/catalog.json::dense_v1_train_x2.85_family0/variant_10,/home/qy/DVGC/JIT/runs/campaign/all_proposers_v1/round_000/proposers/pi_3,5c34f66e8aa361c0d6b9fff2d46255a67fb2ccd50ebd60a7253387d669428dd2,b40396bada7d71454c4a12f5b7143a57d08905cc04d05ff8e94bcc2fb0d46522,707260c422848fb85da592af09c26f18816179ed17cdc09f4baa93478ffac08c,True,-0.3391538238525391,-63.85043202178759,-177.66537804875426,130.002337265546,288.48038887903544,0.9590107052352747,-0.9892486763000489,2.2160393011991206,1.9092942476272583,-0.013656692579388618,-0.8506311178207397,-12.942423859193259,-6.260009246968318,9.585239886838481,3.9296534061431885,0.017651056870818138,0.7068235874176025,-30.61878865287253,-163.23046991722768,17.1719273389939,1,1,1,1,1
4a2ffad7893476c4f3066b12688c0f221c28bd83b9371ee9848b1957bd7c35c5,pi_3,downstream,/home/qy/DVGC/JIT/runs/campaign/all_proposers_v1/round_000/proposers/pi_3/tasks/acquire/attempt_0000/result/catalog.json::dense_v1_train_x2.85_family0/variant_10,/home/qy/DVGC/JIT/runs/campaign/all_proposers_v1/round_000/proposers/pi_3,2da40050e0358b8b9202f48fe83351607ffc850e21aec949851e59b78c788d69,448ffe94202c195008d755f053a9ce1bd914cd52c0780f3bf1a6e21bee7d526a,c7219c64f09acd4fac3e8af802c7016f46a2e22a686bc98b043d4b32c7df2e75,True,-0.3669786596298218,-68.33239532496079,-111.3333675467718,135.96383565615986,126.88957417396107,0.8059537541730619,-1.0012695789337158,1.6710740129389665,1.842431664466858,-0.01846425235271454,-1.6030691862106323,-14.789166138113075,3.57802746699656,8.544728014905093,4.004115581512451,0.0170841533690691,0.6520630717277527,-39.27434587857119,42.455386956194154,17.54820836934589,1,1,1,1,1
ab17ef750cda82712fe1a48c0513cc688e48a3063ea3b7f54d8d27050b7e5e40,pi_3,downstream,/home/qy/DVGC/JIT/runs/campaign/all_proposers_v1/round_000/proposers/pi_3/tasks/acquire/attempt_0000/result/catalog.json::dense_v1_train_x2.85_family0/variant_10,/home/qy/DVGC/JIT/runs/campaign/all_proposers_v1/round_000/proposers/pi_3,ff91c6f4dee3c0fd30a7da4e29e2fba3328fc97709ed93029f49aeaf6970d30b,4d20d9a2104a7d69a42764c0213b8755f3ad0058909902349382a9c02b702a52,75f7a748819a027b7b6d32c735de9ffc57cc178db91c676508d7e75566f0d020,True,-0.48104996204376227,-69.39265242001103,-71.54345166889136,134.54703585624577,-263.92853624699427,1.514945599587018,-1.1445380783081056,1.3928803454359115,1.6774462461471558,-0.039715081453323364,-2.648414134979248,-12.836237469488008,120.81966702084077,9.954713847348444,4.039649963378906,0.016627920791506767,0.6088998317718506,-39.883059167591895,18.108779801164548,17.748740843552657,1,1,1,1,1
4f421e25c5310a8818a7437c6485703665afdb84f7088fa6781a13f426e95313,pi_3,downstream,/home/qy/DVGC/JIT/runs/campaign/all_proposers_v1/round_000/proposers/pi_3/tasks/acquire/attempt_0000/result/catalog.json::dense_v1_train_x2.85_family0/variant_10,/home/qy/DVGC/JIT/runs/campaign/all_proposers_v1/round_000/proposers/pi_3,6ec74cf3da73f6125c92484c40665a4b0a5f2c2b490a0bd4b7eb6d39a1a2f99d,73b13539775700dafa71161811a0addd6ffe687e1ff56c93e199bc44d41cdb33,f61a285cd87bb10d5041fc436a4f53496c85248303fa299d20cbd99b1320d887,True,-0.41917578220367435,-71.02633121664054,-53.04113856586549,128.85757023989518,-109.43865258044275,3.807340171014004,-1.066438093185425,0.8968593286531604,1.7586084604263306,-0.02388055808842182,-2.7069287300109863,-12.625337449617293,56.894294163479806,8.515447847706895,4.109708786010742,0.01566380448639393,0.5050003528594971,-38.57036511100714,-9.220711837061256,18.144656230943458,1,1,1,1,1
d770e33d30963f8a072a54a1a02932ed6e38c9b3e0744606190c90184bba1abb,pi_3,downstream,/home/qy/DVGC/JIT/runs/campaign/all_proposers_v1/round_000/proposers/pi_3/tasks/acquire/attempt_0000/result/catalog.json::dense_v1_train_x2.85_family0/variant_10,/home/qy/DVGC/JIT/runs/campaign/all_proposers_v1/round_000/proposers/pi_3,3f8f6d32614b24cb93c88068a86ef9fe9c6b83c5f9d332aa3ac9acf5a1bc7930,4d68be210003413398f142ac47fabf797dd8b77ac22e5d70e867810fd95f28db,a03bd0651b6e69380be55e78763f4f0cc8608621240061dad8ca58619dfd14bc,True,-0.39653073787689214,-71.42191528280017,-42.64729819639859,127.0897533581558,-68.28773954816724,4.319561187481171,-1.0401197338104249,0.6557239674547075,1.7795671224594116,-0.018788760527968407,-2.8212265968322754,-12.570572992852131,35.351037407991676,8.058911173394073,4.145395755767822,0.015335781499743462,0.4493178725242615,-37.63736468547799,-16.43310729397052,18.309486756835586,1,1,1,1,1
25b8cde7ff72cfdc02a7476922c1e28942081e164f70e4dd8ab36d7d14b0bab0,pi_3,downstream,/home/qy/DVGC/JIT/runs/campaign/all_proposers_v1/round_000/proposers/pi_3/tasks/acquire/attempt_0000/result/catalog.json::dense_v1_train_x2.85_family0/variant_10,/home/qy/DVGC/JIT/runs/campaign/all_proposers_v1/round_000/proposers/pi_3,9404d131e49b7408f8f63b62c79ee8b7bc8c024fe4c0dc7f791a5f27c677f949,36910ac39a235685448f1d8c16ec62b657d3594917c156cbccb163c274882d59,7f1f94a4ef5b79545e2e944335d1b73df461c7fea76f889454b8782a043a4d85,True,-0.4056118535995484,-71.5431033292437,-31.716908901586745,125.10938098944563,-110.124000591951,4.749914957165822,-1.0523072624206544,0.42042217697812945,1.769589900970459,-0.02039291523396969,-3.102477550506592,-12.161443807794722,45.327071690834316,8.124728583783607,4.1811323165893555,0.01503156777471304,0.3892020881175995,-37.36507236402626,-7.513710959691668,18.46999655597368,1,1,1,1,1
e25bfaf4ddec2222b3643b5d388df7f0727583593432b0eabc1757176ddef9e1,pi_3,downstream,/home/qy/DVGC/JIT/runs/campaign/all_proposers_v1/round_000/proposers/pi_3/tasks/acquire/attempt_0000/result/catalog.json::dense_v1_train_x2.85_family0/variant_10,/home/qy/DVGC/JIT/runs/campaign/all_proposers_v1/round_000/proposers/pi_3,a4d523e8e4ce6ca718c5c7d85cbdcec2edf0c2f54a9447748c2337186425297d,c74927585d75036e97651d884864b8c23b9aac8b7b6bc99db755641874b5cac6,aa0626b4412688d0b2dc1e59e9c127057d30facadce38884928f25dd8b641c86,True,3.5421045684814456,-70.10446741455308,71.4135483010669,125.2052085435009,463.9869353764455,2.1349094438256735,-0.08018916010856629,-0.8728773805784582,2.5443835258483887,-0.5188382863998413,-1.1351995468139648,-129.07650512355076,-393.19751610135603,-232.1340329813416,4.2578654289245605,0.01118325162678957,0.270670086145401,-37.70786931318545,-359.40630265449846,17.54700879189476,1,1,1,1,1
0eaf0db80d6fc68e2731e4819597cf1d34c833e3e5c2d306112be25c9065d21f,pi_3,upstream,/home/qy/DVGC/JIT/runs/campaign/all_proposers_v1/round_000/proposers/pi_3/tasks/acquire/attempt_0000/result/catalog.json::dense_v1_train_x2.85_family0/variant_15,/home/qy/DVGC/JIT/runs/campaign/all_proposers_v1/round_000/proposers/pi_3,cfd57ac8875400b900155e71d72ffe30790df9a5bae9cd7151132c0519662c4f,8dca216f272ffe8444c708af9519422d69ed0c85355a590d1b0e91f48c5ac39f,3e7c13f42053870afa22af11628de6680851238cca28902e92d0fbd03a60beac,True,1.8656452369689944,-72.24769881383304,-78.41176695485113,144.4612330214377,-7.431627453793747,-0.046535646929642474,-0.17986593246459961,-0.2990297805092419,1.8229918479919434,0.08014196902513504,0.06497151404619217,15.683208872163771,37.355356419931915,32.56544379274494,2.739999532699585,-0.0010298143606632948,0.11894436180591583,10.902694585274732,-102.56434038839173,-0.19727544211919876,1,1,1,1,1
b17670096e90bf5871e154cdc4cdf84eb40aec1bdf021704546298995e3cd4a4,pi_3,upstream,/home/qy/DVGC/JIT/runs/campaign/all_proposers_v1/round_000/proposers/pi_3/tasks/acquire/attempt_0000/result/catalog.json::dense_v1_train_x2.85_family0/variant_15,/home/qy/DVGC/JIT/runs/campaign/all_proposers_v1/round_000/proposers/pi_3,6967271b5eea824a1494c87e66ff11def1d49661641accfc6b21e553cd48fec6,b25ac884b1c0b1447330f2a2cc340689eb9fae04caba843bb115e74769cb2f4d,fc96676ec271d92eced7003481e4af75c0d9f1d87cc45110ca477ae7ebd25188,True,1.850033531188965,-72.4243889774721,5.61406843876328,144.18365413356838,-13.23084140350174,0.11585474167046826,-0.31253322124481203,0.0018607366928201188,1.7860572338104248,0.08448643237352371,0.006801442708820105,16.321206597250907,9.182064065416384,44.35590758331771,2.776353120803833,0.0005311848944984376,0.11903391033411026,7.040994421008732,41.20776069673753,0.5895988033349673,1,1,1,1,1
f74925be37fd85bf290c53882a875a029ff3f39394c47c6eabd21ea1b6719c9b,pi_3,upstream,/home/qy/DVGC/JIT/runs/campaign/all_proposers_v1/round_000/proposers/pi_3/tasks/acquire/attempt_0000/result/catalog.json::dense_v1_train_x2.85_family0/variant_15,/home/qy/DVGC/JIT/runs/campaign/all_proposers_v1/round_000/proposers/pi_3,527a3f3c1368dcb08c75c1505a9015ede00dab585d05ab7a3b2d3805caae5b2e,45216f99b2e4ad9ece3efb1944039256e68804f481952275ac3feba60790717a,a546331ee9d737894688e785f7ec7d4c7c393abcd698b3735a923263291767a7,True,1.6227856063842776,-69.45613219815714,129.09004255848572,139.72590385100287,-231.50054659620125,0.08191997091639044,-0.07351346492767334,0.46713696908687535,1.672940731048584,0.036909762769937515,0.08223158121109009,5.338755893037937,23.87695822505765,0.9813335121388116,2.847435474395752,0.003145683789625764,0.11872699111700058,-0.8099055823684234,46.16534763785915,1.5852488639042235,1,1,1,1,1
235b116e45c94b7ad3b0ae736cfa303913bdfb8cdb65c259ba3b934bb88459ac,pi_3,upstream,/home/qy/DVGC/JIT/runs/campaign/all_proposers_v1/round_000/proposers/pi_3/tasks/acquire/attempt_0000/result/catalog.json::dense_v1_train_x2.85_family0/variant_15,/home/qy/DVGC/JIT/runs/campaign/all_proposers_v1/round_000/proposers/pi_3,21aaee61fa48053531462d2fabd2eddd4cddaf237129fa09a6811f62d296c994,12983d25bdc5afa9d9858f9366230d1cf6630e2999f57fd451eb138c7f9eb5e9,2fb1e139784b7fb8e0a6531857e3379f0210e2379ceac3b439fe284ebb99afc7,True,1.1087427997589112,-63.1628846893666,329.4761405039358,132.76774425670075,-416.73910179288225,-0.029030129362478264,0.26072087049484255,0.5470921921847716,1.1061444282531738,0.014256773516535759,0.14091509580612183,3.4238858922418283,61.543672233399185,2.8834661706281985,2.8764548301696777,0.0036874746438115835,0.11776906996965408,0.4220264765206717,-12.478008561672826,1.5728916244735744,1,1,1,1,1
b06fd890451d844fd55e81db00015b98e3bf62dd6d4dd8256483a509da8b8679,pi_3,upstream,/home/qy/DVGC/JIT/runs/campaign/all_proposers_v1/round_000/proposers/pi_3/tasks/acquire/attempt_0000/result/catalog.json::dense_v1_train_x2.85_family0/variant_15,/home/qy/DVGC/JIT/runs/campaign/all_proposers_v1/round_000/proposers/pi_3,78e58cf000fa143b1b1d2f9cb1ca890affb8ad317874eb05e9923bff7dd9d83f,029f1787e7b9ad0d61452b0161c2483a8e0dd1c9abcd4968468a14e4440d443e,c85901c24e0ae8c3d29fe7a3eccc2512ef14849dd02ef6db6a7e6f78bcdcf5b0,True,-0.9231713962554933,-47.68757823780155,-296.9682649606103,69.99268453859666,-1202.2037802683685,19.629257445719904,-0.6565852546691895,0.7669120762445955,1.0137706995010376,-0.008015040308237076,1.7175954580307007,-0.7065302423934573,701.3789572638896,20.25599661582521,2.943328380584717,0.003312514629215002,0.17075864970684052,-3.579386674641393,27.599271303836613,2.024022511146173,1,1,1,1,1
cb8cd37e931052d009d54620825e94955d71dc19dc57e3b9e1838494c35243a4,pi_3,upstream,/home/qy/DVGC/JIT/runs/campaign/all_proposers_v1/round_000/proposers/pi_3/tasks/acquire/attempt_0000/result/catalog.json::dense_v1_train_x2.85_family0/variant_15,/home/qy/DVGC/JIT/runs/campaign/all_proposers_v1/round_000/proposers/pi_3,7ad6f007a08dcec1d4979d25c681926facb4b849b272c1df08d59f316428e54b,ae5353489b4d02a52c0bbf59726544f350948884de88c9d4782aa079056546e8,e5abb86935868bf577db343f5160905c0c3f784ae3caf1cde06bc1433d517e9b,True,0.00892201453447342,-60.62670567694663,-257.6353638702846,55.46285726817438,596.5280129753502,35.21654288284963,-0.5595945501327515,1.0386300177444485,2.095874309539795,-0.002562548266723752,2.94470477104187,-0.45689301808842653,-66.61592097521239,0.9459966746941043,3.007075309753418,0.0029435588512569666,0.27227485179901123,8.424556812874242,28.21795154640366,2.8036617091593232,1,1,1,1,1
e7718ab21089dca8d8fae6532edfcb6daebf9197b0cd0f5d48c493072e7d49fa,pi_3,upstream,/home/qy/DVGC/JIT/runs/campaign/all_proposers_v1/round_000/proposers/pi_3/tasks/acquire/attempt_0000/result/catalog.json::dense_v1_train_x2.85_family0/variant_15,/home/qy/DVGC/JIT/runs/campaign/all_proposers_v1/round_000/proposers/pi_3,ca25f204764f2b0dd740d746d828f24c03cef59537ffa9757e719464cffbac62,8dd7f73b197d9840ce9b7dcca4dac2a33421752d0dcf39a3e508a58ee882089c,b9183b05443a740c053c7f8ef910b5b792f2cbcbd108e1515febde82d2b0b1de,True,0.3218878746032715,-63.792368583653314,-102.07072944726407,73.4748174303067,953.9037823518739,29.621084552226137,-0.2163750457763672,0.9326870601810103,2.3151533603668213,-0.0024313509929925203,3.1300809383392334,1.1499480443013892,-347.5573724446304,-5.4159395919800195,3.0523290634155273,0.0029407881665974855,0.333661824464798,26.64264354642109,234.17186090134993,2.519575760721356,1,1,1,1,1
b6dd94d74b79f0d57b6bb06734b985b1abc01cad423ef2e13285cee34c9690b5,pi_3,upstream,/home/qy/DVGC/JIT/runs/campaign/all_proposers_v1/round_000/proposers/pi_3/tasks/acquire/attempt_0000/result/catalog.json::dense_v1_train_x2.85_family0/variant_15,/home/qy/DVGC/JIT/runs/campaign/all_proposers_v1/round_000/proposers/pi_3,afbb2ee342e23905a336a80dec3673b196cd119fec4b3a9e2f7a9b7d6ac3f704,1f1e5dbec3c3857cb0e15acfb53831fa814294fceb3fb33e75959b5d4f43843f,3227aaaaaa423cf4bd9b92e814825a059d31d4a7e785d2aeea093be164841980,True,-0.019494200348854067,-64.66407830666536,-61.29210953607844,84.19748359698553,165.10549344817957,25.28142224502672,-0.5845655155181886,0.8785126943945418,1.9090986251831055,-0.002615053439512849,2.1613078117370605,-0.5569311169627539,-46.19409248898115,2.420016064214854,3.0945827960968018,0.0028915139846503735,0.38610318303108215,33.272481069962566,-65.21856672386534,2.3826921559867005,1,1,1,1,1
f822f4896f1a010c18c6635b2f5819954686404c77feddb2d4d202bbb463d54a,pi_3,upstream,/home/qy/DVGC/JIT/runs/campaign/all_proposers_v1/round_000/proposers/pi_3/tasks/acquire/attempt_0000/result/catalog.json::dense_v1_train_x2.85_family0/variant_15,/home/qy/DVGC/JIT/runs/campaign/all_proposers_v1/round_000/proposers/pi_3,ae7a82c305de6802a0ec8ea0e100535fd5afc6f47cba6f78fdcf08c9404221bb,17e65402c750142a4ec0e74b516bac735ad79a0c208f6321f3b1b6bc5e82bcb0,8643f77595dd9b81c535ec92b755a1d99e166c23e7405b007b4e0e246fbf17a0,True,-0.15065962314605713,-61.46902509596011,167.7005555214342,80.1400233809178,-559.109449984839,24.005562597305964,-0.7389452838897705,0.8886884968173314,1.5308198928833008,0.002544997027143836,0.8912018537521362,-0.8236989359538526,80.16917462829541,6.252709055406044,3.129187822341919,0.0029338528402149677,0.41398885846138,33.430545307735,-20.094641934420125,2.4244826884576045,1,1,1,1,1
66e07779b36df39d2fe9c5e3eff466bf426a46f5fb813c7e2f473880339166dd,pi_3,upstream,/home/qy/DVGC/JIT/runs/campaign/all_proposers_v1/round_000/proposers/pi_3/tasks/acquire/attempt_0000/result/catalog.json::dense_v1_train_x2.85_family0/variant_15,/home/qy/DVGC/JIT/runs/campaign/all_proposers_v1/round_000/proposers/pi_3,0dd5d012bc95fdc6b79bc503be3777c8b92412c416e7debe0708352490248afe,7b326b16a48fdd6c7b499791d8dfcef8c2a8dec76354c0d691b6717117c1f17f,86121cfe3662f219cf06a1cf94f55370ebfd9309261d706418a65bdbdad34ddd,True,-0.042895511984825135,-43.354475492494196,371.7428537295921,43.130325759407306,-719.901337462697,24.19981005874002,-0.6176972484588623,0.9698902471739799,1.5003987550735474,-0.004670440685003996,0.6269723773002625,-1.754388836552841,-19.044884547671476,7.124292846805269,3.1846001148223877,0.0029956207145005465,0.42610105872154236,30.856287990692213,22.893002880772904,2.7601143694320096,1,1,1,1,1
981476ebb56f72a7a95715edb09cbd6ae1df274d3c888d1cfdeceefd555ac9dd,pi_3,upstream,/home/qy/DVGC/JIT/runs/campaign/all_proposers_v1/round_000/proposers/pi_3/tasks/acquire/attempt_0000/result/catalog.json::dense_v1_train_x2.85_family0/variant_15,/home/qy/DVGC/JIT/runs/campaign/all_proposers_v1/round_000/proposers/pi_3,08ec7df35aabca9721ed9ef7f00f35dcbe7c309079aa2d10d17904ba6cdc12e7,43d881c6ac64880ca7d20275dc66fd608cf07c7e0a9c18572adfde9220081865,24435091bb7dddc02425694fbecf4cfbe4a695484f015505513020486526e3d4,True,0.1069306516647339,-23.68039733357573,385.76627028438213,19.80136897938541,-344.6337782722981,17.144963212967273,-0.4099485349655152,0.9392947332911098,1.7275304794311523,-0.0016092709265649319,0.6336337327957153,-0.7412909427095034,-189.10981079559585,2.102475660502495,3.248931407928467,0.002926137298345566,0.44764554500579834,35.22546779519558,-69.40153849612122,2.7498440234044996,1,1,1,1,1
111955cffd5cc38e9b58af356711c3893b9ee7e023703de7914f82e9f7f72ce1,pi_3,upstream,/home/qy/DVGC/JIT/runs/campaign/all_proposers_v1/round_000/proposers/pi_3/tasks/acquire/attempt_0000/result/catalog.json::dense_v1_train_x2.85_family0/variant_15,/home/qy/DVGC/JIT/runs/campaign/all_proposers_v1/round_000/proposers/pi_3,50cb4c4648987c559f572f962d11ccb3f08c42cdac404bd1c8f526623c077d44,344b3f8c6ec155dc5a541b97d376f6b6bc474cfb9ab121537d4eefe3d33512e4,55e58f2fdc915aac4987758e518320c1c27b074a25126141922a893e26dc11ea,True,0.03681320071220398,-14.179944853772849,294.056118185327,11.268545130430002,-251.32599028486368,12.562550955861928,-0.4540389299392701,0.9051407928837324,1.7780898809432983,-0.002626449801027775,0.6399595737457275,-1.0072571749684776,-152.98186669027191,2.1760417070619984,3.2834177017211914,0.0029119309037923813,0.45835331082344055,39.12181067893188,-94.89098485590841,2.6573502783916196,1,1,1,1,1
f8fdb911a011851e6a7e1af2e4d73edaa27e2313cac8ea9f9bce0db5674b58bc,pi_3,upstream,/home/qy/DVGC/JIT/runs/campaign/all_proposers_v1/round_000/proposers/pi_3/tasks/acquire/attempt_0000/result/catalog.json::dense_v1_train_x2.85_family0/variant_15,/home/qy/DVGC/JIT/runs/campaign/all_proposers_v1/round_000/proposers/pi_3,419953e3895e58fd9a74df6373c5544711e3dc3d3f87f46e6f3964c9b4d45e99,15969e8b71992f3ebd62b81331c70b77452d610b8d8db730841af0a5c5994e8d,2d5cb1987841be7ab139223ce11ed101da051f32a3d6040e4efbcd17b9ba7b9d,True,-0.04380998134613037,-1.1013020496503831,124.14886514684507,0.8222482678071653,-72.12774020144012,5.502305472204498,-0.5336076402664185,0.8406382291598349,1.8548113107681274,-0.003646846627816558,0.5317414402961731,-1.2088534099725774,-87.79812710098447,1.9668485941535518,3.355803966522217,0.0028255584184080362,0.48047274351119995,41.78834385166154,-34.251001291215275,2.5373611245790775,1,1,1,1,1
48752e72a5dea40fa23c7d174966a6f0e5996daf6d331d01d337938aee0daf83,pi_3,upstream,/home/qy/DVGC/JIT/runs/campaign/all_proposers_v1/round_000/proposers/pi_3/tasks/acquire/attempt_0000/result/catalog.json::dense_v1_train_x2.85_family0/variant_15,/home/qy/DVGC/JIT/runs/campaign/all_proposers_v1/round_000/proposers/pi_3,033062692f2b78aa22ece95b495251f7956b322b5c5e54a24e9efd58a28286b4,0e2722aac839cb230b89543f7ecb79ee9ff5d4bc2765fbd90d9dfbd9cc050279,21902a7c8d23f6c0f78cfe45a55793370db7e8d1d67451999b1e95ac31ae62d4,True,-0.04950846374034882,2.917598546901456,86.65454852824924,-1.8047586001956288,-19.90189228849507,2.966838214927116,-0.5450407457351685,0.8126310646340188,1.889128565788269,-0.003910975065082312,0.46854168176651,-1.4037025920154682,-78.4586971846383,1.327131475664571,3.3931045532226562,0.0027552517130970955,0.48991426825523376,40.93260311092898,4.776023437509756,2.519406075811213,1,1,1,1,1
6db37e65f4687342b493390e0ee7bc9f719d6304ff07e2f7299d8aa6c2326e97,pi_3,upstream,/home/qy/DVGC/JIT/runs/campaign/all_proposers_v1/round_000/proposers/pi_3/tasks/acquire/attempt_0000/result/catalog.json::dense_v1_train_x2.85_family0/variant_15,/home/qy/DVGC/JIT/runs/campaign/all_proposers_v1/round_000/proposers/pi_3,f53f182aab4221c88c70e92566216b4ed45b9c7899a4ac80ebcb7b10c7a4cb68,629895f8edc6bf4a5cd7b348bb9b9a6bb0daf999ffb0e8bc76fe810029441823,942c1d5112296cbf287c8c0e3d17ad6192abe38185025decc12876be30988df5,True,-0.024025591611862185,3.812418641857065,61.57902529254317,0.3605932738459176,111.19820493328642,1.0376260121218845,-0.5054688119888306,0.7776813597606388,1.974050760269165,-0.00196403032168746,0.43088486790657043,-2.0805565162388664,-110.84349271912015,-0.9832603725366956,3.4321374893188477,0.0027276119217276573,0.4983261525630951,41.74326118804487,-29.28915572714615,2.480661848673316,1,1,1,1,1
3fe36066a4c10b7ea1d970156359693b54484fb313d4d701ce3180beb59f0154,pi_3,upstream,/home/qy/DVGC/JIT/runs/campaign/all_proposers_v1/round_000/proposers/pi_3/tasks/acquire/attempt_0000/result/catalog.json::dense_v1_train_x2.85_family0/variant_15,/home/qy/DVGC/JIT/runs/campaign/all_proposers_v1/round_000/proposers/pi_3,ed0a6a42e2acc3fbe4059b5f1739e1d59775bad3400672b9477e7e48b5692013,f69ed3bad46d75cf106e2edb5cdbb2445d4b06d42ee02985196bffe0495e1235,0272d205047de1086a224436a17a0b6e456954346b47fbe004cff2cba4716f36,True,-0.1021367919445038,2.830338611386312,-43.551700619872896,6.816146727966028,101.22905889622174,-1.439956444327283,-0.613801965713501,0.6903459617973717,1.961496114730835,-0.00673995865508914,0.3082613945007324,-2.2305327428169486,-22.172563064856423,1.347079043135593,3.51167893409729,0.0025812394451349974,0.5134196281433105,40.74088311602131,28.056924714078733,2.4558938116381763,1,1,1,1,1
2a7f72625e381a1bc5c518bb61cee3c81d11f2674dd603353836ff1b3b1d8ef6,pi_3,upstream,/home/qy/DVGC/JIT/runs/campaign/all_proposers_v1/round_000/proposers/pi_3/tasks/acquire/attempt_0000/result/catalog.json::dense_v1_train_x2.85_family0/variant_15,/home/qy/DVGC/JIT/runs/campaign/all_proposers_v1/round_000/proposers/pi_3,99b6247615bc104511c04ff176f82beecf2387be64451eb8b9c13231e1565202,61bf637d3d77b1503aac41109373a00de50f00b00d201801cdc0c2eb64ee7740,2b6f94212ce21a8f835b03ce44586d3d77336c76fa9bb957340ec841448de47e,True,-0.09698071599006654,1.7358036783778248,-51.91113840920024,10.025030644853725,138.84158559878298,-2.1904707418415215,-0.6030919075012208,0.6439989821740232,1.9909602403640747,-0.006439598277211189,0.22331811487674713,-2.6554131978740543,-30.9152154477565,0.22025970023073319,3.551586866378784,0.002465935191139579,0.5182815790176392,37.82724735949893,52.19890452421663,2.4832901577439626,1,1,1,1,1
e793ea0398032ec90177610ec5ec008f9bdf79db3c2ab9fcbc58a4e50d743279,pi_3,upstream,/home/qy/DVGC/JIT/runs/campaign/all_proposers_v1/round_000/proposers/pi_3/tasks/acquire/attempt_0000/result/catalog.json::dense_v1_train_x2.85_family0/variant_15,/home/qy/DVGC/JIT/runs/campaign/all_proposers_v1/round_000/proposers/pi_3,4513d41eadda44bbc403ee3bdcfeff189ae522490a9b138c99783577758ab5c3,29e51f915581b4c02f29d32abeec5428ea222ab35003b6afbc75a0d05c039905,a39a86836825c7cee11e49585e3a0a24287129f93849f8723c8acdbca19b20f9,True,-0.22129904031753542,-7.253313412679518,-446.4851493641781,21.513424196740804,573.1058189905158,0.0981496666276493,-0.7779586601257324,0.5929106299546477,2.0954971313476562,-0.00757673429325223,0.4475950002670288,-2.5411812722133527,112.19540572191912,3.2009111651355884,3.593350887298584,0.0023425519466400146,0.5268122553825378,40.289049026952036,-34.22341415715759,2.5499161101410315,1,1,1,1,1
ac9a532f4b5ad4a531d066112ebbe8204d571eb97af96a53bf84a33f2b249702,pi_3,upstream,/home/qy/DVGC/JIT/runs/campaign/all_proposers_v1/round_000/proposers/pi_3/tasks/acquire/attempt_0000/result/catalog.json::dense_v1_train_x2.85_family0/variant_15,/home/qy/DVGC/JIT/runs/campaign/all_proposers_v1/round_000/proposers/pi_3,fd5814099160bdaebc05f567d5c6e5460b8f0cc5808fa57856d178b92f213b01,4384bca52b1f1682e9058d8e8436459dedec53ab550c8ae39cd9f0b5d3e94e6f,2dff09d6e45adc6ed4f2888828c98dddab60b69a6b4ac03306030fe7289a8567,True,-0.09691153883934021,-8.043543247761544,-84.42974417971182,24.405592668701836,147.83068828241005,-0.8089494843085617,-0.6281745243072511,0.5346335010928598,2.0115859508514404,-0.009145335294306278,0.10133888572454453,-3.023072249055497,-10.387244968049611,0.8801345479098465,3.6338202953338623,0.00218609138391912,0.5292705297470093,38.840823526666725,0.7004788015105318,2.552371838504803,1,1,1,1,1
68a0900dfec02f3fdad8ad84a371c4c40ec82e30768441f0d83de15d957a9937,pi_3,upstream,/home/qy/DVGC/JIT/runs/campaign/all_proposers_v1/round_000/proposers/pi_3/tasks/acquire/attempt_0000/result/catalog.json::dense_v1_train_x2.85_family0/variant_15,/home/qy/DVGC/JIT/runs/campaign/all_proposers_v1/round_000/proposers/pi_3,5092c666e927a58a772d3785ff23ac133bbdc477854f6dff9221e16c60fcf7a4,3075b4ab4bf24e617b1a15146ad48a2c20902e4c1f23b01ecb1e7aebe61d4dd5,feb6e0a7e4f112aed2fad4e96a45637d4e660c2e9989bda778b3c6f7c43bfe34,True,-0.12168927550315858,-15.558713306614656,-340.6903275738563,36.097006763478376,613.0360884256507,0.1441058713511892,-0.6499451160430909,0.4679627520004043,2.178863763809204,-0.0064877974800765514,0.363675594329834,-3.7067103653937163,7.485195773680512,-1.5627923186587571,3.6768248081207275,0.0020456756465137005,0.5367212891578674,36.884571971010445,36.61917131043126,2.5792032727640315,1,1,1,1,1
623ddcbf099a08952fddbfb8dcbf7b7714e9251ae9771a3ddb7d41e2e6fc36cb,pi_3,upstream,/home/qy/DVGC/JIT/runs/campaign/all_proposers_v1/round_000/proposers/pi_3/tasks/acquire/attempt_0000/result/catalog.json::dense_v1_train_x2.85_family0/variant_15,/home/qy/DVGC/JIT/runs/campaign/all_proposers_v1/round_000/proposers/pi_3,a574505903612a500d51daf8bec8241e2de7b7abc72f867ae17fb251bbc869f0,75c0dfa69e96322492d4e48096f6603641fa1e63732d31e5b525c4bd23539e34,7cb61a4ca44a6ddea95e21d488ea32a82ea1d0860c770455aa8ad4e8518cce91,True,-0.11318444132804871,-29.604450919612276,-379.0395994614301,59.14794923107136,662.9311667277275,1.2331648401273487,-0.6552842903137208,0.31452178125409075,2.1970274448394775,-0.00953718926757574,0.37449151277542114,-4.39077387445118,11.86158740417376,-1.3910331247136234,3.7633273601531982,0.001696219900622964,0.5492403507232666,31.271949397917094,65.47963704451072,2.607144947533292,1,1,1,1,1
86bd7c962017be9d619ff9c5901c09c47c85a34c8c4a3c79472e4309b0a09b5b,pi_3,upstream,/home/qy/DVGC/JIT/runs/campaign/all_proposers_v1/round_000/proposers/pi_3/tasks/acquire/attempt_0000/result/catalog.json::dense_v1_train_x2.85_family0/variant_15,/home/qy/DVGC/JIT/runs/campaign/all_proposers_v1/round_000/proposers/pi_3,42cfa5b5f50f787e1bc18f9d25a505434d21609bf9732795a6ab47a9667828da,151f04ffef4d0e04e249a814c5c30fe974da5ef33a5be2a8632223309f1ab728,f9a8821240e66348c344000cfa87614bb0beb78071e11c0d484aed09da76b230,True,-0.15445752382278444,-40.545987083149576,-514.9800348894935,75.97144281724313,810.6630768143608,2.594320529509238,-0.7026889801025391,0.21825217361982455,2.2192044258117676,-0.01254988182336092,0.6883126497268677,-5.342031822518604,50.664526432835366,-0.9492569160840219,3.8079819679260254,0.0014730410184711218,0.5632980465888977,26.888439856535047,84.62696589199594,2.629590430911414,1,1,1,1,1
937a86daa27583093257e103162ab4539d3738c7b45f31e21209838375a65558,pi_3,upstream,/home/qy/DVGC/JIT/runs/campaign/all_proposers_v1/round_000/proposers/pi_3/tasks/acquire/attempt_0000/result/catalog.json::dense_v1_train_x2.85_family0/variant_15,/home/qy/DVGC/JIT/runs/campaign/all_proposers_v1/round_000/proposers/pi_3,3bdec695700d6010346e56088c1e5fa0f5ec774863d2a916cdcb494cdf2e56cd,25632be084c9199892c901f842dae57d33700288dce0803876ee7b86737e62f5,328f7bd299e132b9cfbbc775f5990a8d1290e76287d445b4316f633b4a306d00,True,0.009190403521060944,-49.30891488260084,-383.9249878879301,93.87220749968765,863.3437248260223,1.6445238945372418,-0.5427845525741578,0.09580213342080796,2.2710115909576416,-0.013497469946742058,0.7506201863288879,-6.874297677899047,-80.22273697176665,-3.1159207734155925,3.8536152839660645,0.001235742587596178,0.5792111158370972,18.896821414391233,138.96126417341995,2.614606947809361,1,1,1,1,1
db6bbd2e46995f76e3017480c4332c782670d673e26967f16eb4893108f043b8,pi_3,upstream,/home/qy/DVGC/JIT/runs/campaign/all_proposers_v1/round_000/proposers/pi_3/tasks/acquire/attempt_0000/result/catalog.json::dense_v1_train_x2.85_family0/variant_15,/home/qy/DVGC/JIT/runs/campaign/all_proposers_v1/round_000/proposers/pi_3,041913e4f635d36f3f9cfa9762457b020563685578729059debc411a6ce379ee,b5de34f41eb3bb72ada230f4e957acbb1c3f02956e4b5a080afc021b92fb34f1,a868b12c0bb707235cb27fbd16967c623e5666a02310ca0b512add7e261105c1,True,0.021200403869152073,-55.62068586442045,-298.6904288579373,109.12481221826984,662.3824566505654,-0.3007456129485907,-0.5497043037414552,-0.05647843103430203,2.1913206577301025,-0.017072658985853195,0.33348163962364197,-8.44437546052468,-74.56908203723445,-1.6690118988145046,3.898488759994507,0.0009442890877835453,0.589976966381073,7.397701050412648,-15.345049621451025,2.6074395920609534,1,1,1,1,1
6f7a66c7ace1bb61dd8c4419e35d136890bec1f10e7eaf5623727a0bbb13d1b0,pi_3,downstream,/home/qy/DVGC/JIT/runs/campaign/all_proposers_v1/round_000/proposers/pi_3/tasks/acquire/attempt_0000/result/catalog.json::dense_v1_train_x2.85_family0/variant_15,/home/qy/DVGC/JIT/runs/campaign/all_proposers_v1/round_000/proposers/pi_3,b58048e2c7fea24e01f65f611b8b87764cea979ed83cb1cbc0b40469f0980903,274757305ca5940ee8577259573b9ad7f11624010a9ffdfc1d29882e647ff03c,87f1942dbd1f9a63ee2e568675b2de9dbcf9a2af3d3590516bdba52e3b89ffe4,True,0.008546844273805618,-60.44119090889991,-237.10132903636838,120.42474548303063,477.13078749067796,-1.989664107298697,-0.5705989074707032,-0.24042695535327677,2.1216647624969482,-0.020394299179315567,-0.1669004112482071,-10.022044998412783,-57.48266031896304,-1.029747280358037,3.9418575763702393,0.0005840150988660753,0.5912716388702393,-4.777401001287983,-12.257776795848581,2.618951893158062,1,1,1,1,1
ccc570efe1283023fa82b2efad0d6e4550758fe6e660f42455aa41c01e2bd9b1,pi_3,downstream,/home/qy/DVGC/JIT/runs/campaign/all_proposers_v1/round_000/proposers/pi_3/tasks/acquire/attempt_0000/result/catalog.json::dense_v1_train_x2.85_family0/variant_15,/home/qy/DVGC/JIT/runs/campaign/all_proposers_v1/round_000/proposers/pi_3,ab1c8fc1110f65dabefa5af170629917e8f199544f6e286cd69ebe5188fba6a0,f593ff26ccdb1067a496e879d8a97b09a04c2972944443ba725251cf85ae6a46,3c796a08027e04e9f053b4f177184c6395d55ee1c44d44ebff12c2b77650691f,True,-0.002057857383042574,-63.96070542593745,-179.8337445441799,128.38886899867057,330.18027836585077,-3.5008214096250856,-0.5793308830261231,-0.4561324745635667,2.0773024559020996,-0.02334129996597767,-0.6543934941291809,-11.478371103053732,-50.33161618249977,-0.3785385553534948,3.984151840209961,0.00016582864918746054,0.5825080275535583,-26.86705624179103,-151.30804687189024,2.6705031939471913,1,1,1,1,1
3927835b8f98aa3ad0437594a518845bc00c2ca3dbc584b3d9f542f6e6a6577c,pi_3,downstream,/home/qy/DVGC/JIT/runs/campaign/all_proposers_v1/round_000/proposers/pi_3/tasks/acquire/attempt_0000/result/catalog.json::dense_v1_train_x2.85_family0/variant_15,/home/qy/DVGC/JIT/runs/campaign/all_proposers_v1/round_000/proposers/pi_3,2750263d49824053dbccd36b98bd9d3a58388ba8fd17a5720cf6e582a670c1a8,735bcfd4b2da6f0c8c42ce17ef2124f47c92c08442cf281b54409047511207ff,b950d0fa04bca308a1e93dc9fe4049851c2e618b5a2afbfe6dc0eda353656a24,True,-0.02766466021537781,-66.56506338665248,-141.55728247315838,133.80703950118823,221.07654411135957,-4.830429136993236,-0.5890558719635011,-0.699638196798806,2.048189163208008,-0.02629857137799263,-1.08183753490448,-12.69758206801581,-42.38000898851389,-1.0347524216374813,4.025731086730957,-0.0003197226033080369,0.5646109580993652,-35.13191127903933,98.73193490547591,2.687442279281296,1,1,1,1,1
5e5ff4f615a12f8a1420effb6ab60fa846d280e1dd759e892e44b030191b90b8,pi_3,downstream,/home/qy/DVGC/JIT/runs/campaign/all_proposers_v1/round_000/proposers/pi_3/tasks/acquire/attempt_0000/result/catalog.json::dense_v1_train_x2.85_family0/variant_15,/home/qy/DVGC/JIT/runs/campaign/all_proposers_v1/round_000/proposers/pi_3,4284f1ff556d82cfed8d1f91b0c4abfc4de9b9add97c56f18e8bd2296129509b,8cfdec9b18b07f4c0d9921bc4460f94e4e84be3e3ad0f84fb9e51c1a885cd9c4,5ff3d88c1e94fad3d706cb1c27ce9039b5aa3221a66cc9481fdaa369316cc87a,True,-0.1644722056388855,-69.48992114398119,-71.40442999852493,135.60906197029104,-268.6859815699616,-5.962328007325879,-0.7466170883178712,-1.2117224265246302,1.9660667181015015,-0.040991682559251785,-2.5590980052948,-11.145050187594293,86.58481229682342,0.33443415625287126,4.1072001457214355,-0.001562764635309577,0.49703535437583923,-37.78647796034312,15.856642743116026,2.6805309509876403,1,1,1,1,1
8a16823810463dc7763cf1f1a9e5e833e863d4e51d7fdfd361ad74b44d675c53,pi_3,downstream,/home/qy/DVGC/JIT/runs/campaign/all_proposers_v1/round_000/proposers/pi_3/tasks/acquire/attempt_0000/result/catalog.json::dense_v1_train_x2.85_family0/variant_15,/home/qy/DVGC/JIT/runs/campaign/all_proposers_v1/round_000/proposers/pi_3,55197ea3d4e42a00bfc6bc69f8c5140f2f1fbb944460b2ae46c54f784fbce3ca,2892a8e481542172b373a76220ba207c4730711312cc5f3d86aeee21f89df73a,0cfeda6869be0473bac88e68c5b88dd8b4dfed28db1a15671c0a8af7a64776d8,True,-0.1601994609832764,-70.4038209454964,-70.09915352737882,130.403119105664,-236.99365793429232,-4.566935303041369,-0.7420470237731934,-1.4204368198930009,1.9778417348861694,-0.03789203613996506,-2.6617181301116943,-10.06415140709862,82.85620519872428,-0.21832456890065105,4.146971702575684,-0.002354297786951065,0.4442109167575836,-36.536198172393945,-18.547674096851228,2.642278287954313,1,1,1,1,1
465fc0f803e5ab1aac0c99b77dee80ea7c7f26786c4f903443ac5acb53f35783,pi_3,downstream,/home/qy/DVGC/JIT/runs/campaign/all_proposers_v1/round_000/proposers/pi_3/tasks/acquire/attempt_0000/result/catalog.json::dense_v1_train_x2.85_family0/variant_15,/home/qy/DVGC/JIT/runs/campaign/all_proposers_v1/round_000/proposers/pi_3,560df3239e17091ca640ef6af12159c7607c5353d44caf058e3b9d9196c3fbc6,d08726ac22f98a238d9e9a3c4fd2bd9d60ab3ad4e8bcd220ca239b04e8d1fe92,efe612627ebf7dedf5ec4d5eae7004e5dff019503f339ec77145c9b8b7c63464,True,-0.10756290078163148,-71.09509073101505,-54.216054046512745,126.92834232769006,-121.19357889676395,-3.8408324791746926,-0.6809749984741211,-1.6164018027123535,2.0011448860168457,-0.031790878623723984,-2.612732172012329,-9.789822835500582,32.858325719449674,-1.317424176028396,4.187153339385986,-0.0030462597496807575,0.39135581254959106,-34.87860346838565,-32.41529574422055,2.5960709159421125,1,1,1,1,1
45915ac9d27cd83879316be17214af21f7710837b33c45f6cc40b4b72b22c28b,pi_3,downstream,/home/qy/DVGC/JIT/runs/campaign/all_proposers_v1/round_000/proposers/pi_3/tasks/acquire/attempt_0000/result/catalog.json::dense_v1_train_x2.85_family0/variant_15,/home/qy/DVGC/JIT/runs/campaign/all_proposers_v1/round_000/proposers/pi_3,fa85c7cb07a376693c14748e2bd158b424cbfb8982b94ac339e916453b83fbad,28f3e28646b041b83706efa2f1b568bc9132ed4519fae1235d5b9ba1544e3efd,8ab12f67ea2e7896099ce709a55cd45db93ed83597ef4877d16c27390341eeb3,True,-0.11539934515953065,-71.43058279285691,-41.090786877011894,123.88654490158156,-159.86410190176016,-3.448869212691358,-0.69258207321167,-1.8020829319798528,2.0051236152648926,-0.03272503241896629,-2.8830766677856445,-9.05967049058434,42.370999968998646,-1.4495500233757672,4.227592945098877,-0.003704346949234605,0.33549776673316956,-34.06562995714113,-21.8740991660525,2.548518898537328,1,1,1,1,1
5a44b504ef00eb1bc042e8a48529db35b29138071b3987d5a59651f376fc30bb,pi_3,upstream,/home/qy/DVGC/JIT/runs/campaign/all_proposers_v1/round_000/proposers/pi_3/tasks/acquire/attempt_0000/result/catalog.json::dense_v1_train_x2.85_family1/variant_1,/home/qy/DVGC/JIT/runs/campaign/all_proposers_v1/round_000/proposers/pi_3,335ebd54e02de2afb9fb364684525253b461940a96eaf247cb3ed84be92d137a,7fc38f45dde579cf356c9329f5564a894b65264aca3aa9029a5faf63d9ac04cf,65ed7d7d5b8069f320f4250973b8f80b8807fe44360b4be9f72a4c2d2e9502d9,True,1.9135247039794925,-72.22354043473871,-2.060363275401135,143.6141529605727,-76.53713957487109,0.10448386980688738,-0.3064457988739014,-0.2141499542954949,1.8722164630889893,0.1439879685640335,0.01105987187474966,29.475759910365483,-6.96113670300659,76.87445529722135,2.7398743629455566,-0.0006545030046254396,0.11884287744760513,15.001837738299761,57.825201136028355,0.20941201782009772,1,1,0,1,1
29889f66bd8cff634f5169522a565e347d1ba1fc3e8c0ae6b62db9017a23a062,pi_3,upstream,/home/qy/DVGC/JIT/runs/campaign/all_proposers_v1/round_000/proposers/pi_3/tasks/acquire/attempt_0000/result/catalog.json::dense_v1_train_x2.85_family1/variant_1,/home/qy/DVGC/JIT/runs/campaign/all_proposers_v1/round_000/proposers/pi_3,0282f87fb0cd1bf4a0d039aa0298cb953c6902079db1e95d40cfb02f4a5a9af1,a7bf65b2004a51edb850656673445394d50f8ff2bfc886338bad18683b2e0f53,463ba1154a32408873133bb9c13cd7bf2b6928ed0cc7fdcb314e6977dde4e111,True,1.9434152412414554,-71.86242833332014,50.966536907365814,140.58275108238098,-230.05514196404317,0.11095233875479786,-0.11998689174652101,0.3730870964888861,1.895871639251709,0.15460826456546783,-0.011737306602299213,27.724289378857236,-3.7806381985358186,76.5361833483873,2.777291774749756,0.0023629148490726948,0.11909438669681549,10.303814207337904,85.41588006188908,1.8301452119602413,1,1,1,1,1
75aeb597309616cbde416c0a79599601ad3af61b9d3a6366d6bbe52f34b95381,pi_3,upstream,/home/qy/DVGC/JIT/runs/campaign/all_proposers_v1/round_000/proposers/pi_3/tasks/acquire/attempt_0000/result/catalog.json::dense_v1_train_x2.85_family1/variant_1,/home/qy/DVGC/JIT/runs/campaign/all_proposers_v1/round_000/proposers/pi_3,d3b0132f96aedc2bf21db5f2d2cc06a086f236bd4d9362f6827238ab524d7c6a,b15cf6e6f7a0d8091146e3c71c674ed8305f75d6542149012dec53f5ea97bf2b,4b76470fae5f23815e02b6fee0d3718e98bd2ef7a404c555a4fab91b9fbcb2d0,True,1.1558411407470703,-65.45607972206335,366.5262011283465,124.56700932783325,-578.3912379363251,-0.053441239007944646,0.24962488889694215,1.3421935355044277,1.1359554529190063,0.06012698635458946,0.10561636835336685,11.878511759163406,45.25811751606845,25.898381738226895,2.8496389389038086,0.008681750856339931,0.1178453341126442,0.7866913168442838,109.00302994536851,4.428512918058579,1,1,1,1,1
63c47320c0b8efda648aba2fe1fadbd7920f4cc38bd0314543d542912c4c0564,pi_3,upstream,/home/qy/DVGC/JIT/runs/campaign/all_proposers_v1/round_000/proposers/pi_3/tasks/acquire/attempt_0000/result/catalog.json::dense_v1_train_x2.85_family1/variant_1,/home/qy/DVGC/JIT/runs/campaign/all_proposers_v1/round_000/proposers/pi_3,a09ce3eed804cd1eb986081bc4219867d2d869c21017e019753ca06ee5423f95,fc03147b2511832a3fa79ebbbe9c55f333649e038db246932ae4ba1a521c0bfa,3afc68bf707b2ebe7cf813f94f8b7b9ea6e178d214e03ad5b97d65b597ffbecc,True,0.10802002072334291,-45.255474232859655,307.54481289037506,90.54248344911726,-1057.8242909509174,3.25813864614859,-0.1454507923126221,1.7462240564977127,0.6197320222854614,-0.008027441799640656,0.7074615359306335,7.197433073758704,240.063062985026,3.556275022037362,2.8756158351898193,0.009345315396785736,0.127030149102211,-6.146363863802591,54.36783451024877,4.772202261295737,1,1,1,1,1
be721b0551f93ea9bce6b19cf8b225692d082f6c17d03cb32bd507b671da65ec,pi_3,upstream,/home/qy/DVGC/JIT/runs/campaign/all_proposers_v1/round_000/proposers/pi_3/tasks/acquire/attempt_0000/result/catalog.json::dense_v1_train_x2.85_family1/variant_1,/home/qy/DVGC/JIT/runs/campaign/all_proposers_v1/round_000/proposers/pi_3,906d1fd03377167538c1319c52985ee6b6d854a0a3c538f6dfcba34a396d1c5a,ee1f840ad012fab2583a3c3706c5995944283e7bbe2846a560554368301bf504,6d608e21fde70603c9e01cf98ee1952e16f921871811869111df1c248fcdd1b8,True,-0.1929525470733643,-59.194046177779775,-283.12806140011674,48.41184466720053,418.20095352056177,31.617738080839732,0.09446830034255982,2.7433072021433853,1.6775972843170166,-0.0044748131185770035,3.172501564025879,-1.3963449841754836,43.671126477510576,18.056211250217547,2.9398157596588135,0.008222135715186596,0.2662060856819153,-0.45473062288588284,-100.68432398915654,7.468399882874397,1,1,1,1,1
6ce33040ea6aff3308a015a0e9461aff242e690330ec184c181d5369280bec6d,pi_3,upstream,/home/qy/DVGC/JIT/runs/campaign/all_proposers_v1/round_000/proposers/pi_3/tasks/acquire/attempt_0000/result/catalog.json::dense_v1_train_x2.85_family1/variant_1,/home/qy/DVGC/JIT/runs/campaign/all_proposers_v1/round_000/proposers/pi_3,52e5ce757fdbe7f07bc2d100e9b902a81c608f4193f64da503cbc6908c0a363c,84c39d7ebc9a1a3f1d7841835791943eff348986f77e3d7e6f40c11ddbb3012e,fdbdf0b830b0de164bd19d442bd8dea8efc1f909b547a7b4e871603143a84df8,True,0.2499574899673462,-63.359908326164785,-95.39641202430018,64.72555683938464,922.1310537292952,27.810429762492753,1.0425306701660157,2.80605741299135,1.9061915874481201,0.00920067634433508,3.290050983428955,3.85282604098686,-329.2274123351206,9.238433616636499,2.9766550064086914,0.00833711214363575,0.3322094678878784,19.00543849766736,168.7696167303246,7.447716209918296,1,1,1,1,1
28f88ba90cc3c3929ec0a6e90ff38b2c5f253839678dcf42bf1c97f3d35968cf,pi_3,upstream,/home/qy/DVGC/JIT/runs/campaign/all_proposers_v1/round_000/proposers/pi_3/tasks/acquire/attempt_0000/result/catalog.json::dense_v1_train_x2.85_family1/variant_1,/home/qy/DVGC/JIT/runs/campaign/all_proposers_v1/round_000/proposers/pi_3,b05b680b1ba1aaa125da47dcadffde44a7139c41f4cfa4846b59a8df8644e546,62ecdea18a39d9433af7a50cefd7f0f97fefe66aad991eac751e93bd21cc7457,7479838ffe3a9b10efc9661aff2e157583c276953aa203317ca88f888d9ca8a1,True,-0.0934685778617859,-61.42408245122143,188.27217005616384,70.30897693868161,-333.7803344735811,23.473347673291656,0.6623140239715577,3.1137354266984105,1.4110602140426636,0.02512570656836033,1.5076870918273926,2.6476427904761066,-18.002136642558554,18.719091354451038,3.040360927581787,0.008960320614278316,0.4242621958255768,29.744066816436508,-34.56915833294364,7.84068766652609,1,1,1,1,1
30fd2d4c06bc5856ecf9803022b3f92c0dcf6d83e84ce5c5de03872396d57765,pi_3,upstream,/home/qy/DVGC/JIT/runs/campaign/all_proposers_v1/round_000/proposers/pi_3/tasks/acquire/attempt_0000/result/catalog.json::dense_v1_train_x2.85_family1/variant_1,/home/qy/DVGC/JIT/runs/campaign/all_proposers_v1/round_000/proposers/pi_3,b32a046aca47947f1411b642801ec002f19379c5ab03a2bdd462e6f1ce2d216c,6af659d2074e2f46e20d8af5c341b3d8610147f1dc20d0f6124a3665c41fcd75,e83424ddd08eb3dc2d5fec5bcb5333b8273bf7db2265f60eb33c8a4f0e6343b5,True,0.04219587564468384,-45.98533458718888,461.1130103397575,44.25859446311795,-564.379350740854,21.647294037213133,0.8194463253021241,3.464990700995686,1.3508416414260864,0.02332361601293087,0.8933365941047668,0.5461501436055647,-146.567758984118,20.47782237704701,3.0921716690063477,0.010051899589598179,0.462401419878006,32.746269635926446,-5.68813799833066,8.610950818075551,1,1,1,0,1
8f2f5f1ae32ab95ab041885a2f179d82f39f295083f3088c38b7d23a9e6d0e98,pi_3,upstream,/home/qy/DVGC/JIT/runs/campaign/all_proposers_v1/round_000/proposers/pi_3/tasks/acquire/attempt_0000/result/catalog.json::dense_v1_train_x2.85_family1/variant_1,/home/qy/DVGC/JIT/runs/campaign/all_proposers_v1/round_000/proposers/pi_3,c19e99cd24fdde0a943bb089a15c05762c0f3d42d42e759a63077c3a2432ec96,93a2ea6284dcfcce80120c732177367046e0e848048688d5a3a3bed73ea06bae,4945c7ffb5a9a127a8a6f6bfc3bb073ea3d09587d8d7ffda3b50a4ad58cb28dc,True,0.10187345147132874,-25.970155073572684,531.0358425337125,20.692271533965194,-569.9095090250032,14.775089485067287,0.8931905364990235,3.6451941101593235,1.3868604898452759,0.007662873715162277,0.7781111001968384,1.381844172402429,-206.90824558389525,23.313771561949665,3.1463119983673096,0.010633563622832298,0.4951258897781372,36.46603163905041,-42.33564349476008,9.070256862595702,1,1,1,1,1
e12dcfdf0a4a1e649cd84c8a2a7bdb322400eb717d7df1840d8f5112a73c3534,pi_3,upstream,/home/qy/DVGC/JIT/runs/campaign/all_proposers_v1/round_000/proposers/pi_3/tasks/acquire/attempt_0000/result/catalog.json::dense_v1_train_x2.85_family1/variant_1,/home/qy/DVGC/JIT/runs/campaign/all_proposers_v1/round_000/proposers/pi_3,161887f455d99af2609e173cc762cc4b952cac6895d88695b74d5fa02463386d,e553b98f31cf88139eea93c82b6894e35b1d09957d055f21650a272eb409c124,785d67ce836247859efb0648097ee8f13519da78ac2ca5597373e29ce0a71d11,True,0.11925599217414858,-12.324723748772108,407.9364359528399,8.107542974058209,-314.05054075405553,8.449534100264188,0.9003162002563477,3.851193252306212,1.516242504119873,0.0004181796975899488,0.7930317521095276,3.304700798772398,-212.72652856799226,23.435244768791048,3.205277442932129,0.01065977755934,0.5304638147354126,38.54818407167753,-2.7909587288397804,9.626406005810248,1,1,1,1,0
e7fdf77a91f398bd9adffa3286e8132662e57b1931848b1eee17907e56c75adc,pi_3,upstream,/home/qy/DVGC/JIT/runs/campaign/all_proposers_v1/round_000/proposers/pi_3/tasks/acquire/attempt_0000/result/catalog.json::dense_v1_train_x2.85_family1/variant_1,/home/qy/DVGC/JIT/runs/campaign/all_proposers_v1/round_000/proposers/pi_3,2e758f6406070bc4d572e44d0265d503dfa0ca16d4a5067c43ac7efd3608aff3,c5099cbb4d7ea17c71abd94a9d2892ae5d6e1b55ca2c3e4d6254851fcd30e94e,ac4489a9d7d39f9b99d88e03c932ea11560c7ddf24a5628679ae64ce7b1c9178,True,0.09898579359054567,-8.272171877396673,312.75477190623405,6.455304845906492,-187.36853602897116,5.640422933471289,0.8687823677062989,3.9626094782557733,1.5693002939224243,-0.003040267387405038,0.7840825319290161,4.073051830395581,-186.85138142577446,24.00945194212485,3.2367522716522217,0.010616076178848743,0.5479026436805725,39.20192879789613,1.2953443088758605,9.926203841162318,1,1,1,1,1
daa346a60422c0469d404463bf9b4d244ad7343c610de3161b6f2d7f6042f434,pi_3,upstream,/home/qy/DVGC/JIT/runs/campaign/all_proposers_v1/round_000/proposers/pi_3/tasks/acquire/attempt_0000/result/catalog.json::dense_v1_train_x2.85_family1/variant_1,/home/qy/DVGC/JIT/runs/campaign/all_proposers_v1/round_000/proposers/pi_3,9b4a9be4e0d1bd3eee69da4cb64da1496efc54cb79fbdd242f6c0b54d0a47df7,e086b8e63850f333bd2803aba20a782fa57a1d9e72e7e7d600e90f6c58eb5c33,382366fcd052a0bbd8c035c2c7e48d9f654443a9c89ae3009d4780e7a2e2152e,True,0.08590923428535462,-2.8059166296786966,273.7616863874948,6.197319209445002,-146.5547543039383,0.9154807572358258,0.8508312225341798,4.191481727534439,1.6164404153823853,-0.016249801963567734,0.7165997624397278,5.080282751824437,-172.12442806571644,24.737212013284292,3.301365613937378,0.010240497998893261,0.5798165798187256,39.725961401587014,20.24140391666348,10.617885062266064,1,1,1,0,1
db562a98347ca04d231e91215f4f356822534a5c7fb4820ad0bbc7b8b7f621a1,pi_3,upstream,/home/qy/DVGC/JIT/runs/campaign/all_proposers_v1/round_000/proposers/pi_3/tasks/acquire/attempt_0000/result/catalog.json::dense_v1_train_x2.85_family1/variant_1,/home/qy/DVGC/JIT/runs/campaign/all_proposers_v1/round_000/proposers/pi_3,01f0466b08bcd7a23a185a2e38861731a9d9ba4d3a7813c63f01073fb26c1f44,5ac05b86dd9bc267f0a18ecc47c37810308d6dabe074931c3ba9438427af2438,799840c72416aa7d38e974246f72fe0ef5039c190a4d1c9268c1a9452ce47610,True,0.015599729120731355,-1.8724743762876046,115.53550482983874,7.459916389788648,-10.690151904908628,-0.5647662193567025,0.7615840530395509,4.298935424206765,1.6507582664489746,-0.02866174653172493,0.7793936729431152,5.120992386825005,-99.05456572111063,26.24050762130013,3.3343520164489746,0.009760795161128044,0.5958803296089172,39.926396717875626,24.36053391074726,11.049550841257584,1,1,1,0,1
f20e06623f813081daeb3fa9c56d9670b7d1c4fc933082f1e4e40d4ff87bed00,pi_3,upstream,/home/qy/DVGC/JIT/runs/campaign/all_proposers_v1/round_000/proposers/pi_3/tasks/acquire/attempt_0000/result/catalog.json::dense_v1_train_x2.85_family1/variant_1,/home/qy/DVGC/JIT/runs/campaign/all_proposers_v1/round_000/proposers/pi_3,0e376120f8210260aafe0884c1fd0e9afce52d8e60dabbe8b434f464688d1578,94882073167172fb70691cc01319018d8ea3e5a0ce810a65fa6dc0bd0b788445,bd2fa3dd483efad36cc9762aa355e7e960f1a11bf35e7aed09d6f548b90110a5,True,0.047924878597259524,0.1780249586936949,307.66584384246767,7.759181982046403,-233.10703440974493,-2.815735326430892,0.8442277336120606,4.47224856463323,1.6593934297561646,-0.06056425720453262,0.8363476991653442,3.475248914800324,-166.657052880418,23.58997245915393,3.400378465652466,0.008006435818970203,0.6270917654037476,38.21137719842044,73.8669249301788,12.00061579037468,1,1,1,0,1
a1cd23276c7feed5fbc14fc693a91c5e2b83382faf958a56a042fcdba68330c5,pi_3,upstream,/home/qy/DVGC/JIT/runs/campaign/all_proposers_v1/round_000/proposers/pi_3/tasks/acquire/attempt_0000/result/catalog.json::dense_v1_train_x2.85_family1/variant_1,/home/qy/DVGC/JIT/runs/campaign/all_proposers_v1/round_000/proposers/pi_3,34285ba6f038f396df08a053683f957a9f0fe7edc2c1ef0f9475a28910ea641c,5745155c3320d2b9572b3cfc100959d6a1bfa18ab7019e311204ab96bf2a07d8,e778b4adb5f560d0cb20b1a2f6c685fed5ef5827f1ab089490c8d242b42b159e,True,0.04359200656414033,2.2722338224642264,311.6058521255679,7.1541117451742515,-225.24398403344287,-4.5287099027566855,0.8534125900268555,4.517046255410276,1.7052971124649048,-0.08499888330698013,1.0756529569625854,2.4645465497258097,-174.11199945381182,22.550489384464274,3.4344229698181152,0.006539542693644762,0.6473007798194885,38.41736887359886,56.393528599196564,12.378517667774574,1,1,1,1,0
2a10e735246dc1585971145158cd5ff58ffd6033542a43db87919ae9284b02da,pi_3,upstream,/home/qy/DVGC/JIT/runs/campaign/all_proposers_v1/round_000/proposers/pi_3/tasks/acquire/attempt_0000/result/catalog.json::dense_v1_train_x2.85_family1/variant_1,/home/qy/DVGC/JIT/runs/campaign/all_proposers_v1/round_000/proposers/pi_3,6e6f60bbec3c5108bc4b487cfe7a9885f2c0ccbcc48f28d754bb87e890a28e8b,79550a96d718dc607a26d2b793530934a315ce4070fabfdc8c7f8cd95965ea84,beaef347257ffbf18e995c2396470a6448bd6267a84f6a6e3811d460be142064,True,-0.04322220504283905,5.961331050979184,316.3790615251396,2.517283507524536,-378.12659441469617,-6.239157694113541,0.784941463470459,4.502961529230127,1.702699899673462,-0.15945696830749512,1.5751094818115234,-0.1358398027292053,-118.10645633532324,23.780176152065863,3.5027332305908203,0.0015838178806006908,0.7013465762138367,37.907020553910094,61.91015969369456,13.315184039751584,1,1,1,1,0
0a05a607a83840c25062b8bfe9a8c8c3cef3a024877798f5c6fb4ace0b32745c,pi_3,upstream,/home/qy/DVGC/JIT/runs/campaign/all_proposers_v1/round_000/proposers/pi_3/tasks/acquire/attempt_0000/result/catalog.json::dense_v1_train_x2.85_family1/variant_1,/home/qy/DVGC/JIT/runs/campaign/all_proposers_v1/round_000/proposers/pi_3,7b34ac28662ae44a213600e080950eca3ed6be5a43dbfb66b6eeba7466c188a1,8520ed33522c4a80a1168567715ad97557a66ea6425a3924e401fe75b1c5dc82,939f589b3b0e8385f29ae72aa2ece3c336522bf4f00796c796c742f601db69ae,True,-0.07367492556571961,7.777299058819861,300.1498490382723,-1.2061524970426605,-387.6131807567103,-6.523446074126524,0.7643660259246827,4.439463801716563,1.7295680046081543,-0.1942441165447235,1.8772611618041992,-1.8580460285527758,-101.22231749951094,23.48028303617811,3.5372536182403564,-0.001944935298524797,0.7362023591995239,37.90691468597796,66.50068885372511,13.830628361218524,1,1,1,1,1
04db40e2495ad7b23e3c35098d5e804161cb326eb43681f5e1e01c309fb12d33,pi_3,upstream,/home/qy/DVGC/JIT/runs/campaign/all_proposers_v1/round_000/proposers/pi_3/tasks/acquire/attempt_0000/result/catalog.json::dense_v1_train_x2.85_family1/variant_1,/home/qy/DVGC/JIT/runs/campaign/all_proposers_v1/round_000/proposers/pi_3,ca4d82463d2bcf7454a19d25a85c80f16715bd5bdce7778914ca4cb36c65e558,8be5f49d2e913a7e2eb5d1d2e483c69c60cb2a5c0f44dd94b249397a49d935d7,a325a4952a8c3e08342466d8611d42d3f77456a119c4cb96381b3a8d8e3e61ae,True,-0.1831270217895508,9.636030881053989,151.88340834719378,-9.345964699834594,-319.808581469673,-5.357932129844407,0.6492003059387208,4.195479655835517,1.7739609479904175,-0.258392333984375,2.400733232498169,-5.409753575026103,-6.943309909272856,24.44340118085244,3.607398271560669,-0.011064310558140278,0.8223909735679626,38.63293647399363,57.30832657058764,14.99210687286426,1,1,1,0,1
fb77b1288a7e0aa3d1c3a1a7e205aebde169ae4a7aede7021ff91d22b0ee8aca,pi_3,upstream,/home/qy/DVGC/JIT/runs/campaign/all_proposers_v1/round_000/proposers/pi_3/tasks/acquire/attempt_0000/result/catalog.json::dense_v1_train_x2.85_family1/variant_1,/home/qy/DVGC/JIT/runs/campaign/all_proposers_v1/round_000/proposers/pi_3,1612ee5056917ea59232632d8c9813f77b25314aad2f4ee55a97d6661bfe41b0,b8957f951784d82f518a9aee8bede1c532409acbdbdbfb33e508749a93b0dbd4,0b7cc82828c2ae48cc943ca398dd7696f65a39cf3ec5d4fc119dfdeb247f2cf7,True,-0.234427227973938,8.358017963753625,90.72360640552766,-12.79426339571734,-318.6530227451336,-3.2173769245617443,0.5889299678802491,4.025292178898161,1.7646021842956543,-0.2773427963256836,2.3844451904296875,-7.055972598971747,42.44571199323483,25.10914654944275,3.6427764892578125,-0.01645839773118496,0.870521605014801,38.986774423946144,32.191699256456424,15.69595185013667,1,1,1,0,1
2f21e6197f2d071642562dd9d7472786ede3ffa3f6350df3d892eb443ef98f65,pi_3,upstream,/home/qy/DVGC/JIT/runs/campaign/all_proposers_v1/round_000/proposers/pi_3/tasks/acquire/attempt_0000/result/catalog.json::dense_v1_train_x2.85_family1/variant_1,/home/qy/DVGC/JIT/runs/campaign/all_proposers_v1/round_000/proposers/pi_3,1666885e9d9b7afb39e6fa7edd7e07552c94ff5801d4778799a73e291d97296e,0d605ca214077e8071c663e3572405a1b516bddfef2d2bf73d5ae3c31d46a582,255af77c203aa222d4d0cf1d90bb944ba2bbcf69befd6a74dac005ca3ab6f91f,True,-0.24849927902221683,6.621507254074998,52.00242047236288,-16.215965334972058,-278.8970597376173,-0.704491968650924,0.5695827293395996,3.845493581588954,1.7819093465805054,-0.2842571437358856,2.322056531906128,-8.867071108821028,58.27887596107894,24.00001262069189,3.6782755851745605,-0.022088143974542618,0.917759895324707,39.62511365849178,17.958047771466124,16.396378822925726,1,1,0,1,0
234afa332b95eb6eb4e57610613d00a5b6d67898c6902eab5804c19a3600c50b,pi_3,upstream,/home/qy/DVGC/JIT/runs/campaign/all_proposers_v1/round_000/proposers/pi_3/tasks/acquire/attempt_0000/result/catalog.json::dense_v1_train_x2.85_family1/variant_1,/home/qy/DVGC/JIT/runs/campaign/all_proposers_v1/round_000/proposers/pi_3,18338fe4e39e063453530c159b65e200158ab72ce87a0eb09ef43d691185fc2f,8745c47d4cfef5e86a26d1433fd53a521cdf3435d243c1f0cb4393d5a7f02f5c,5d8290c523fc18859417fe7d5ce90bd23a4d443e8674ce9689229dff14a7906e,True,-0.2824535942077637,6.27041333262154,-59.20498131064097,-26.268632632754947,-165.30804953820547,3.1110016618655787,0.5150095844268799,3.462879902314645,1.813949704170227,-0.28852155804634094,2.0829885005950928,-11.37669519952163,102.98265532410916,21.3504780812591,3.74947452545166,-0.033889900892972946,1.007452130317688,40.88033508830546,-3.4018354802800883,17.5725090288596,1,1,1,0,1
5f4ebd2c4b0b850f7d7e6c10d6cc4e906a8bd79c8479a974388c017b9a27721c,pi_3,upstream,/home/qy/DVGC/JIT/runs/campaign/all_proposers_v1/round_000/proposers/pi_3/tasks/acquire/attempt_0000/result/catalog.json::dense_v1_train_x2.85_family1/variant_1,/home/qy/DVGC/JIT/runs/campaign/all_proposers_v1/round_000/proposers/pi_3,43c60c4ad4b1d7ea4b6ddc425385806845cb57e4773306997ae066b0f171d612,bbb6a0ac5a6f308313d1ac3b17ce7ecdc8f46454ab9d5dbd2eb48ecaec8d7b8a,42200bcc0492811705e29b09b8c754de3e64c0cc0b4d554161afc7c202101f96,True,-0.2848011112213135,4.13744258502223,22.86214579365008,-30.866598161244347,-344.8217723990136,6.4240098269379295,0.5093082523345948,3.269687314839286,1.7663573026657104,-0.3178789019584656,2.075441360473633,-13.205218802604083,107.63880211149602,20.055776450495458,3.7848777770996094,-0.04011877253651619,1.0494788885116577,41.61522929205298,4.030010966453923,18.20963618745098,1,1,1,0,1
79f5a7121dffb0f662fe84e4c5d5b764ae9c5a167b11359f93e1682489493552,pi_3,upstream,/home/qy/DVGC/JIT/runs/campaign/all_proposers_v1/round_000/proposers/pi_3/tasks/acquire/attempt_0000/result/catalog.json::dense_v1_train_x2.85_family1/variant_1,/home/qy/DVGC/JIT/runs/campaign/all_proposers_v1/round_000/proposers/pi_3,c646884324889d70b465a9ca195f1335c28f38502a3214000b09f0aac82a553d,bf3376afa68239e958053e1b50ff8fc873b5654d2ec85927c879d7ab3d2f88ba,24923dea2ebbacbfada3608f17653df24959cb3972fd21ed313e2e7d9a1b1057,True,-0.20618731260299686,4.768322399220566,116.35391175656801,-39.9469931533178,-292.54082705758134,9.089035320429616,0.6255958938598634,2.828909893863831,1.8333773612976074,-0.29776835441589355,1.722641110420227,-14.612306927292057,12.407243533003262,14.236180362530503,3.8577306270599365,-0.05198993161320686,1.1227158308029175,41.41782999485044,34.76977806433983,19.036388540918875,1,1,1,0,1
04d9c912b3bcc91c43cebb61a2ed7ec462b298f2414ae9cc3b62debcc2cc8598,pi_3,upstream,/home/qy/DVGC/JIT/runs/campaign/all_proposers_v1/round_000/proposers/pi_3/tasks/acquire/attempt_0000/result/catalog.json::dense_v1_train_x2.85_family1/variant_1,/home/qy/DVGC/JIT/runs/campaign/all_proposers_v1/round_000/proposers/pi_3,c0d1db833538a3e2a14d0c5c24a1a6941f2dd23d4690d7d097be37eab0d0db4a,008259d12e773beeb029150543501fe7aa20c0d77bc4ed7cab8ec2ee18a680bb,e8c56fc9bc14b4825bedcc656e1ac0ba5636372b0e145ba133443432ceeaa4ce,True,-0.1482225012779236,6.9366090668102505,203.3916680482008,-45.35698791939897,-314.51351829675565,9.289045587756432,0.7003524112701417,2.5793151972004322,1.8526668548583984,-0.29234594106674194,1.553199291229248,-14.864523615225824,-48.74766116302796,11.824537896794672,3.8945181369781494,-0.057907845824956894,1.155272364616394,42.354962684827456,6.0146210406572695,19.315932122087908,1,0,1,0,1
c5a1fedcff711810b5f615db5554b515982826e51ff6877279ac0c5ef57eb83f,pi_3,upstream,/home/qy/DVGC/JIT/runs/campaign/all_proposers_v1/round_000/proposers/pi_3/tasks/acquire/attempt_0000/result/catalog.json::dense_v1_train_x2.85_family1/variant_1,/home/qy/DVGC/JIT/runs/campaign/all_proposers_v1/round_000/proposers/pi_3,e1362194c22760537d1b752580de399203b80da22820c2bf1a57e0b4592d5e10,665e4039ececfb48741ea98f7dba8317d991a79776b03e96b7572e145c621887,faaab6c391f8767e1f508b9f773831c6f0eef5c5a0eddd3c4e819c389d34b23f,True,-0.16281432390213013,9.025060214512594,181.79594860969783,-50.65625848884506,-309.0241225815731,9.520426967619919,0.6810793399810792,2.3172174553558205,1.8576743602752686,-0.29478350281715393,1.4398512840270996,-15.409572710992842,-32.94442025393768,10.651696232334164,3.931490421295166,-0.06383147835731506,1.1851811408996582,42.55817447301367,14.982574897293032,19.570699328328136,0,0,1,0,1
bee69cc03649dbbdca438bf219ca0aea022bb440f1dced55ee0fd9fe633b9797,pi_3,upstream,/home/qy/DVGC/JIT/runs/campaign/all_proposers_v1/round_000/proposers/pi_3/tasks/acquire/attempt_0000/result/catalog.json::dense_v1_train_x2.85_family1/variant_1,/home/qy/DVGC/JIT/runs/campaign/all_proposers_v1/round_000/proposers/pi_3,e012d866e417c81de9512e123f08145e2969a907ec8c3d90c58d7f93c5f890e1,d91813d465141201203402f1821c34dbe0da1395501184d3d502620f720a43ab,dfa77dd7bde1951cec4fc0b7f231d2be1aa5326da8bdd9e9556a69b91a4d7185,True,-0.17707803487777712,13.799847387782577,172.57796628698364,-62.3461238382273,-296.00007198538265,9.94456537295422,0.6774669075012207,1.744134285551042,1.874335527420044,-0.29371458292007446,1.1584668159484863,-16.649240092519108,-29.951062529422913,7.689575524214803,4.005552768707275,-0.07587181776762009,1.2382009029388428,41.53057934257443,20.228472661017353,19.9915525954078,1,0,1,0,1
aa70a845e65ca831ed056a670f852b6082432f79021ba8e231a37e0212848e9c,pi_3,upstream,/home/qy/DVGC/JIT/runs/campaign/all_proposers_v1/round_000/proposers/pi_3/tasks/acquire/attempt_0000/result/catalog.json::dense_v1_train_x2.85_family1/variant_1,/home/qy/DVGC/JIT/runs/campaign/all_proposers_v1/round_000/proposers/pi_3,639ac83c529fb5c048f8c36b7e03b1854e04878016cce9ebf7298e2b647a63fe,c4e5f649e7eac4e8848af91a87f815197e1e37ce5752c1c23ce1b94f7263190e,8dfcfa18dd838f215dbdf3b7fd4e379d9291eff4b744fa712322724b840466c5,True,-0.18056249380111697,15.363397217108972,148.99698406432475,-67.07887119715586,-249.75928149304613,10.399621876265485,0.6752611827850342,1.4335357118403298,1.895072340965271,-0.2858048975467682,0.9492897391319275,-17.284358892871087,-28.159474881824597,6.3845987276185205,4.043078422546387,-0.08173514902591705,1.2592893838882446,41.62828519865146,16.773551242960632,20.162717778060333,1,0,1,0,1
4c08bd5e4ae15e8aed01008c323146f532fc8800ddf03a8c50ee4ad58427e54c,pi_3,upstream,/home/qy/DVGC/JIT/runs/campaign/all_proposers_v1/round_000/proposers/pi_3/tasks/acquire/attempt_0000/result/catalog.json::dense_v1_train_x2.85_family1/variant_1,/home/qy/DVGC/JIT/runs/campaign/all_proposers_v1/round_000/proposers/pi_3,8450d569dbc878005e37ac5aa0700a3603df22eb1a20e770fcdd88212659bef6,639b0b88fe3bfb19dfd5288beeb1141422d8f69df012e1946e83f027bf6a8831,d49a3ecd723a4410b8e36af08b4ddcd22016eb3e2636262483024985d1112209,True,-0.18530051946640017,16.417537877757475,126.1093206839355,-70.93351577600923,-207.55475030959363,10.938343070303727,0.6715873336791993,1.1071530344232967,1.9140883684158325,-0.2783214747905731,0.733646035194397,-17.895949399079658,-25.167348298907722,5.2795641930301365,4.080997467041016,-0.08744603395462036,1.276124358177185,41.6658341636136,16.59452686217272,20.308900887451447,1,0,1,0,1
bf0902cfd9d4609d41efff627746f01c4b573f41e8a1a4132c25f8db042b091d,pi_3,upstream,/home/qy/DVGC/JIT/runs/campaign/all_proposers_v1/round_000/proposers/pi_3/tasks/acquire/attempt_0000/result/catalog.json::dense_v1_train_x2.85_family1/variant_1,/home/qy/DVGC/JIT/runs/campaign/all_proposers_v1/round_000/proposers/pi_3,b7660f0fc2a2918037a78dfbc0ed6fdccca1b0da3906706cabf0eade6864afd1,4350d699a4c4c368c7c7ab0601bb3bc983f98c558fe73cd32b9318176d34e782,55b6c7ffc0796a1e7307364f27b78c874699b8c3eb8510991e82996b43ba0373,True,-0.18965240478515627,17.4336360922763,96.56373233459038,-76.40463390497284,-138.92457239719863,12.090316641686005,0.6719638442993164,0.41075402414232204,1.9490292072296143,-0.26440900564193726,0.2947438061237335,-18.93263892639878,-25.41827237354107,3.491782454903398,4.157944202423096,-0.09842874854803085,1.2966595888137817,41.619064443271945,17.396563533008763,20.531857510735065,1,0,1,0,1
0a4a3a3a85d8c7c66a9432b464d20b01c51df87323c0edc177e53f6fac736b9c,pi_3,upstream,/home/qy/DVGC/JIT/runs/campaign/all_proposers_v1/round_000/proposers/pi_3/tasks/acquire/attempt_0000/result/catalog.json::dense_v1_train_x2.85_family1/variant_1,/home/qy/DVGC/JIT/runs/campaign/all_proposers_v1/round_000/proposers/pi_3,725920bbd8c0c7f965d44b8c21079e8c698450c5cc50998642b4a96f4b29861c,b581a6dc6143a5307764072fcac859124ad5d1e357d614846eaae8952696a03c,245e9919687e1623108acb2626e60fdbbc328802defda6e8d94dc6f2d79aa163,True,-0.19041073322296145,17.594150660413476,88.42178484390917,-78.2344347534301,-113.11405933509666,12.635206275621293,0.6743407344818115,0.04354906830313,1.9643975496292114,-0.25837600231170654,0.07961084693670273,-19.341120097258685,-27.35093928599329,2.8010136210716854,4.196923732757568,-0.10371998697519302,1.3003818988800049,41.54924283448149,17.52323792890311,20.613001705549284,1,0,1,0,1
540a30939bcd6932ae0f9d25b48e5ffb4dcacd6b46a4ff49656f00244c75aa50,pi_3,downstream,/home/qy/DVGC/JIT/runs/campaign/all_proposers_v1/round_000/proposers/pi_3/tasks/acquire/attempt_0000/result/catalog.json::dense_v1_train_x2.85_family1/variant_1,/home/qy/DVGC/JIT/runs/campaign/all_proposers_v1/round_000/proposers/pi_3,65d37c1ce79b1c90123a67a0b574ed7523a243fbccee7ab5b26b2d3b502ba8b3,78f0d803f351c85c1d8a354d1115fb9bfc5cb02a78e1a340c10eb6b4c95ad74b,78335b33649e4b982a9b734f8eafa265ade48b1db6e2ef304c8dd87be241603e,True,-0.1907645630836487,17.630121851677348,83.43973558027515,-79.6081838710056,-92.65983526163204,13.133908312101136,0.6772615623474122,-0.3341112628597832,1.9782073497772217,-0.2530044913291931,-0.1297835260629654,-19.679774536686256,-29.691607548516224,2.2329566061986568,4.236201763153076,-0.10889516025781631,1.2998595237731934,41.47333552714055,17.464821028479285,20.67759429481344,1,1,1,0,1
790a66551b74cb0143d3ed54d8cdafd4a1d70a08798506d10f4b098a3569c5c1,pi_3,downstream,/home/qy/DVGC/JIT/runs/campaign/all_proposers_v1/round_000/proposers/pi_3/tasks/acquire/attempt_0000/result/catalog.json::dense_v1_train_x2.85_family1/variant_1,/home/qy/DVGC/JIT/runs/campaign/all_proposers_v1/round_000/proposers/pi_3,54ccec288bf8aa31efc36ca4f2cc08f0bf3fd262e2863efe203e7a4b96cc365f,820cebc4aa6f8d009097e6d10ce6d31e576b5880d6fdd6c52aa02304f76361cf,4d7e65330ccd17d11e2b4fbfd7b906faf9d1e7de8ed62c3c0d8d3029804c11ac,True,-0.19105425596237186,17.592178443290635,80.60539832001662,-80.62114873624267,-76.63734528018435,13.583483280232333,0.6801275157928467,-0.7205658507991947,1.9906225204467773,-0.2481723129749298,-0.3333970010280609,-19.957080216988775,-32.033201301671696,1.773283274231212,4.275747776031494,-0.11396647244691849,1.2952086925506592,41.39603486120893,17.342804821598882,20.728559794219752,1,1,1,0,1
2566f7d8b23c27754792e8347c7b7fd3ecb08c8a07fa3239cf6d2ce634adabba,pi_3,downstream,/home/qy/DVGC/JIT/runs/campaign/all_proposers_v1/round_000/proposers/pi_3/tasks/acquire/attempt_0000/result/catalog.json::dense_v1_train_x2.85_family1/variant_1,/home/qy/DVGC/JIT/runs/campaign/all_proposers_v1/round_000/proposers/pi_3,8b4402d31bb5995e44c747b614623cc8db2c7bcd17e31cf9e417c06dd4a4ff6f,92c1b00239fa4f280ca69783f0013509a88e4d2dad4963b3c6de8dbc6e627dd6,e8fcaf00bd6776c541aaeb6494bc13591752d446658b709566bfed2804ced41b,True,-0.192041494846344,17.421999157477888,78.79189430291902,-81.86166818386789,-54.49750223654687,14.347571904066786,0.6850323009490967,-1.5139645425830224,2.012122392654419,-0.23956769704818726,-0.725674569606781,-20.363922142447876,-36.05342674147911,1.1205176129414505,4.355541706085205,-0.12383326143026352,1.273950219154358,41.244090472932825,17.1070591348486,20.799834249099167,1,1,1,0,1
f6ea268c26721db8c8d80d55ca0e4f428fbf374a57190a11a8b95f37a0834767,pi_3,downstream,/home/qy/DVGC/JIT/runs/campaign/all_proposers_v1/round_000/proposers/pi_3/tasks/acquire/attempt_0000/result/catalog.json::dense_v1_train_x2.85_family1/variant_1,/home/qy/DVGC/JIT/runs/campaign/all_proposers_v1/round_000/proposers/pi_3,ebe40fa47020d43915f146aa99b592da9e8c4ed0ee8e86b1e7235bc06f7dda2d,f8fb1101cbdf8ecfdfad318bf1678183f9dc25788012c6d4d15f20e3ef2e053c,8db5c1addeeb5889b44fdd5aab072cee6bd9381515971e92029fc5e545b16cb2,True,-0.1928771781921387,17.324737263696907,78.87767464870521,-82.19665481171117,-46.815240137385864,14.674524295821092,0.686914119720459,-1.918434386821427,2.0216729640960693,-0.2355348765850067,-0.9161397814750671,-20.509301011384306,-37.60484615483956,0.9019579628033892,4.395750999450684,-0.1286398023366928,1.2575162649154663,41.16938527888581,17.038832375229344,20.824302895870982,1,1,1,0,1
b92dbe1867a60255fe03ba4a915e6f086e5008aef8e51425d3e237408bef6127,pi_3,downstream,/home/qy/DVGC/JIT/runs/campaign/all_proposers_v1/round_000/proposers/pi_3/tasks/acquire/attempt_0000/result/catalog.json::dense_v1_train_x2.85_family1/variant_1,/home/qy/DVGC/JIT/runs/campaign/all_proposers_v1/round_000/proposers/pi_3,7feb8d86e5870a1274ca905803145d91c8bcb80afc520a5ecedbd06db1c6f997,90edda1b74461a107636260954a9e7c486bf8e1bcd63e78ad1d4af58cb099959,786c2e495d3d534f24af6f8f26a3d3a8075dd123756d83c584176052ce07a409,True,-0.19392309665679933,17.23082557770382,79.26080044981873,-82.38964863689905,-40.54358627165632,14.97333342518145,0.6884763050079347,-2.326725430361742,2.0307106971740723,-0.2315444052219391,-1.104051947593689,-20.623855236596466,-38.884765548692,0.7416755143762868,4.436149597167969,-0.13336528837680817,1.2372970581054688,41.09539042451248,16.99845400440352,20.84350380915669,1,1,1,0,1
633444cd2be108941f68a0e9317c9252744e1d3bc535cad7bb204c366d7441b9,pi_3,downstream,/home/qy/DVGC/JIT/runs/campaign/all_proposers_v1/round_000/proposers/pi_3/tasks/acquire/attempt_0000/result/catalog.json::dense_v1_train_x2.85_family1/variant_1,/home/qy/DVGC/JIT/runs/campaign/all_proposers_v1/round_000/proposers/pi_3,1e0036a94f7bb72562bb07a5840048a5b2d7cec57c7f89dfdd821178d8c6dc42,853d2f3d7e5485364f68f0671abe26bbc8b31c2366cf6d5d52bbf2d0b22a46cb,bbf7709a816448ca02d516c0d66471860e4f039a2f34dbbd07957685dba0d179,True,-0.19513095140457154,17.14321986386194,79.77499758110481,-82.46217158550624,-35.16434443231313,15.249376353821347,0.689771661758423,-2.7379810443339325,2.0394251346588135,-0.22752030193805695,-1.2902621030807495,-20.711057969277313,-39.95493324822794,0.6322127683035468,4.476728439331055,-0.13800999522209167,1.2133334875106812,41.02183270224603,16.98766913570407,20.858730837184485,1,1,1,0,1
40d07fc97f496e3953228927987437995ed0d8e45381d82d2209ac9b4128fb6d,pi_3,downstream,/home/qy/DVGC/JIT/runs/campaign/all_proposers_v1/round_000/proposers/pi_3/tasks/acquire/attempt_0000/result/catalog.json::dense_v1_train_x2.85_family1/variant_1,/home/qy/DVGC/JIT/runs/campaign/all_proposers_v1/round_000/proposers/pi_3,03cc50f99b6c1071ea3de87e9ab89d30c0165ac93c5bc8b146ce755b89c8eca3,7aa5e25642068022504dffe4f6b59c6e19a370c81807e25b699c531af8069ff9,9763e0c664c3388c7bd31eae09e38054bf4cad5817964b918c53f874544cf98e,True,-0.19774970293045047,16.9848380222931,80.80350795689284,-82.2834733462512,-25.339429792404317,15.747779556340042,0.6920778560638429,-3.566270825610046,2.056565046310425,-0.21917112171649933,-1.6606788635253906,-20.809574910318283,-41.8001976449661,0.5477953654218916,4.558411121368408,-0.14705242216587067,1.1542528867721558,40.87514072944166,17.032743261584276,20.881719238095055,1,1,1,0,1
c6d3d0a290fb9abe6a4072246b18a1bcb518cdf92b726ab1ef0dd10a01c511f0,pi_3,downstream,/home/qy/DVGC/JIT/runs/campaign/all_proposers_v1/round_000/proposers/pi_3/tasks/acquire/attempt_0000/result/catalog.json::dense_v1_train_x2.85_family1/variant_1,/home/qy/DVGC/JIT/runs/campaign/all_proposers_v1/round_000/proposers/pi_3,4e3500fb090ef073ff28f100525b40a68bafde3f5d71ec76b9966c56f0315836,0aef9453e27c10678b4b5556bae6ce87841a0e3ef197ade66dac55d9a42260cd,6284365eb220307b7b850fadfa6fa13315cb06fa9560ab621944bf40af599cf1,True,-0.19900013208389283,16.907453686544148,81.16370481296264,-82.02874144115557,-20.071192187452176,15.973597792919996,0.6932090568542482,-3.981745848699135,2.0653176307678223,-0.21478480100631714,-1.846392273902893,-20.81946502423646,-42.75900935536873,0.5689757820381011,4.599515914916992,-0.15144582092761993,1.1191365718841553,40.80118344110876,17.090342246854995,20.891623645541127,1,1,1,0,1
5156113fe459096e95c1ccb2748c46421a3b59617781373b364b1e3fa8743a07,pi_3,downstream,/home/qy/DVGC/JIT/runs/campaign/all_proposers_v1/round_000/proposers/pi_3/tasks/acquire/attempt_0000/result/catalog.json::dense_v1_train_x2.85_family1/variant_1,/home/qy/DVGC/JIT/runs/campaign/all_proposers_v1/round_000/proposers/pi_3,6c6c09ea031c98f54d8cb8dfc6ca6c9dacc771615fe36c5665be629b07362dad,6d5f0fab47253d2b3f841d18e716df0a068a3010d79307335af42a8ddd33d678,8453916b4a7340842b24e042588fe8a8f7efd73a30c4cf6139585463cd50f8b5,True,-0.20007675886154178,16.823193057848286,81.33772437263622,-81.64590250798719,-13.980254881877416,16.183317853060583,0.6945923328399659,-4.396944694099419,2.0744240283966064,-0.2102423459291458,-2.0335285663604736,-20.799172532212353,-43.89491421057146,0.6332194207933304,4.640802383422852,-0.15575052797794342,1.0802758932113647,40.72587036022562,17.17621480019498,20.902044405962943,1,1,1,0,1
46361d056649613839cab0a9a0a2dd1cadf3de48b11e06d9395feb21fe1cfcb5,pi_3,downstream,/home/qy/DVGC/JIT/runs/campaign/all_proposers_v1/round_000/proposers/pi_3/tasks/acquire/attempt_0000/result/catalog.json::dense_v1_train_x2.85_family1/variant_1,/home/qy/DVGC/JIT/runs/campaign/all_proposers_v1/round_000/proposers/pi_3,42d605564ad0b3aec86c7db428d2ea84f0e1f2f62f5eff295b439d7924fac797,8cbdf81176d9f26f0f1419f1edfc05d4ae1453c5e5f7ffdfeeeee4d34473a281,1de3c55f28952d195783b81435ed335f0b0bf3e162a49d37d22f708ee75e2d2e,True,-0.20084223031997683,16.7228114751639,81.25800240464383,-81.10771092214686,-6.519258041539437,16.37394336583106,0.6963676071166993,-4.810795089412711,2.0841031074523926,-0.20554782450199127,-2.2230875492095947,-20.742997641383585,-45.36271503301803,0.7432896801762312,4.68228006362915,-0.1599639356136322,1.0376263856887817,40.64806084520083,17.29301274254949,20.914456458245525,1,1,1,0,1
732b5098272886c6cce308530a3197acaa3fbffd50d314b7b390f9e83db871b0,pi_3,downstream,/home/qy/DVGC/JIT/runs/campaign/all_proposers_v1/round_000/proposers/pi_3/tasks/acquire/attempt_0000/result/catalog.json::dense_v1_train_x2.85_family1/variant_1,/home/qy/DVGC/JIT/runs/campaign/all_proposers_v1/round_000/proposers/pi_3,b310c6348519bb51f7e67aae547ef2ff997a3307bf4163e000257e0be2164e13,c2e4ebc85ab52b0d2e37fc1b7201a4b329b84281b5b15d3d6e54c2187ae162b1,ab0c93541170942f31b1c356ef99d35bb309dfbb7332405836f59fe1f3a445f2,True,-0.20063338041305545,16.418178207992163,79.97988276563768,-79.37724151478912,15.60543009299025,16.67077336308871,0.7022651386260987,-5.628671331422805,2.1063828468322754,-0.19580751657485962,-2.614872694015503,-20.486218387084246,-50.20403166389852,1.1245228785594281,4.765879154205322,-0.16810889542102814,0.9406517744064331,40.477046568762056,17.6850485254353,20.95357430311803,1,1,1,0,1
faf936738fffb80f4ecbe7b9ea99d1d1080812bfdcb0bc85a3b730511d75adc8,pi_3,downstream,/home/qy/DVGC/JIT/runs/campaign/all_proposers_v1/round_000/proposers/pi_3/tasks/acquire/attempt_0000/result/catalog.json::dense_v1_train_x2.85_family1/variant_1,/home/qy/DVGC/JIT/runs/campaign/all_proposers_v1/round_000/proposers/pi_3,6cda526abd3c9ed6305912c3f790fe6ba87696c8278c406b63271921473590c7,e2970f49ba75c0f096b6987757b2eb9fb2c56e4614d40cab523a948b4bcc3699,8ee1ae2707ec2f9cd446ef8c61f31c7c8b299659571fa41bd9db563f69511e0f,True,-0.1990076756477356,16.172815614890503,78.55671722941715,-78.03262998421289,32.59001198318948,16.75180675077551,0.7072387504577637,-6.028616670605255,2.119884967803955,-0.19085830450057983,-2.8209056854248047,-20.257740021610857,-54.309863279668285,1.4124930454772746,4.8080549240112305,-0.17203913629055023,0.8860805034637451,40.377472655947024,18.002879425630795,20.9864979148703,1,1,1,0,1
3523cdc4a21c478d16a6e5f147e9410fe331dac303cd14447b04e5bad4f4b20b,pi_3,downstream,/home/qy/DVGC/JIT/runs/campaign/all_proposers_v1/round_000/proposers/pi_3/tasks/acquire/attempt_0000/result/catalog.json::dense_v1_train_x2.85_family1/variant_1,/home/qy/DVGC/JIT/runs/campaign/all_proposers_v1/round_000/proposers/pi_3,24563007e0fcd54cc477ad3e5999814c9aed80e51fb085b7f6b71c6aca524581,7bbfb807f0ead80f497f57d0a62e8585c02a834f45f7961d8a76c783c774e5cc,ba6a0de853bcfe9e413f4e88765b2037ee1d2508fcb907cbd82871cb9ce15802,True,-0.19567709207534792,15.824040542660263,76.38588503570116,-76.20699555114936,55.92486833910697,16.759084524787923,0.7146149539947511,-6.418666777669015,2.1358981132507324,-0.18593721091747284,-3.0372281074523926,-19.935968102264265,-60.320091654915586,1.7799698159852428,4.850538730621338,-0.17587637901306152,0.8272031545639038,40.26148921365104,18.454423231660336,21.034705125249147,1,1,1,0,1
46f2fafd01371e6d2ec5b75481386aadbd294838b696f65627edced016ab20fb,pi_3,downstream,/home/qy/DVGC/JIT/runs/campaign/all_proposers_v1/round_000/proposers/pi_3/tasks/acquire/attempt_0000/result/catalog.json::dense_v1_train_x2.85_family1/variant_1,/home/qy/DVGC/JIT/runs/campaign/all_proposers_v1/round_000/proposers/pi_3,ae34c6145ca2f0c5b80eae34431eaac2cf995b321dc9c05f3e076c8da6a36f4c,2924b454e8d7c927cb1172febc462b64f2980fe5a295309676a17211bdf4c5ec,66540b85b991f00f098ebaa5450ff89947fa9e52a9db180c76cfbcb41816cad9,True,-0.18980733156204224,15.323712110483905,73.21119261891172,-73.70825280557023,88.43284292017542,16.656674002466257,0.725431890487671,-6.794634059123113,2.155550003051758,-0.18105995655059814,-3.267277956008911,-19.493937042201257,-69.18317734835591,2.2376852315384212,4.893398284912109,-0.1796240657567978,0.76374351978302,40.11987890158916,19.120283005919248,21.10563686024359,1,1,1,0,1
3e85726ccf3705226a44ab50c6236f2064f953c924a076a7d512d0e288013d3a,pi_3,downstream,/home/qy/DVGC/JIT/runs/campaign/all_proposers_v1/round_000/proposers/pi_3/tasks/acquire/attempt_0000/result/catalog.json::dense_v1_train_x2.85_family1/variant_1,/home/qy/DVGC/JIT/runs/campaign/all_proposers_v1/round_000/proposers/pi_3,ce502bd9774610135dbb9af7ebba4b07bdc90c86750d3c6ee86ffc7915246e5c,2929ae83ba4f478d703fddbdf297ff35c8f4305415945df7bbe5ed080e60ad3f,9c777aaf113bbaa6bcfd74dc4bc76222a9a7abf8a68e49ee09fb67e59b104aac,True,-0.1801592302322388,14.600299454731173,68.6753459533763,-70.25268251954236,134.22429575758431,16.39054900665116,0.7415153694152833,-7.151021660295912,2.180567979812622,-0.17604021728038788,-3.5146806240081787,-18.899422008917714,-82.32860040609748,2.7901651462355894,4.936733245849609,-0.18328528106212616,0.6953365206718445,39.9372669639397,20.152365570643195,21.209946063540816,1,1,1,0,1
8a96bbd5eafe6d9cf0153565fb2f599827497b40de27b9f6b9370f66097e5b00,pi_3,downstream,/home/qy/DVGC/JIT/runs/campaign/all_proposers_v1/round_000/proposers/pi_3/tasks/acquire/attempt_0000/result/catalog.json::dense_v1_train_x2.85_family1/variant_1,/home/qy/DVGC/JIT/runs/campaign/all_proposers_v1/round_000/proposers/pi_3,8b509654945f6fdd4fa6b1aa86ad2dffe4800373bf80934ef6ac19ad771ab04c,62932a87ba6a53862674b6162a4f674dec952a7590aff530b6c70bc60aa1585d,2a5f12dc9e2007d9aa831f4802550aabaf2b4809a9873d24694e28d7dd321dca,True,-0.16493181228637696,13.543135581601295,62.26703707782772,-65.41518054931332,199.2437351463871,15.880288157945113,0.7653986263275148,-7.480942126263959,2.213662624359131,-0.1700630486011505,-3.781482458114624,-18.118509405637234,-101.8836778866541,3.421415925083222,4.980697154998779,-0.1868545114994049,0.6215316653251648,39.68671513461612,21.842173154324566,21.36268991794445,1,1,1,0,1
9a059c1fe9a409a7b995d8253031b838edce1dbf9bf70cb3f0ec5735c73dcb65,pi_3,downstream,/home/qy/DVGC/JIT/runs/campaign/all_proposers_v1/round_000/proposers/pi_3/tasks/acquire/attempt_0000/result/catalog.json::dense_v1_train_x2.85_family1/variant_1,/home/qy/DVGC/JIT/runs/campaign/all_proposers_v1/round_000/proposers/pi_3,a7196779eace3e30a3575b418b0cd39576949fff5c652d79a22e13924c05ab68,bae8857ed458ed0d77361118cadac3748540edd87c0424b54fd0e082779c51a5,785e4c41c46c208f0629eb945fe008d9e08bbc8892b42c0a179506e28a66d169,True,-0.14162925958633424,11.972605298943147,53.37971104302302,-58.54665352748929,291.7542078312493,15.007994449600407,0.8009264755249024,-7.776594611603622,2.2592227458953857,-0.16051223874092102,-4.062564849853516,-17.127218438183895,-130.9721148446611,4.059076836466912,5.0255303382873535,-0.19029228389263153,0.5418642163276672,39.315391900388384,24.870873692699565,21.58449206954251,1,1,1,0,1
165eb82361dcae5262af983f5225446b62a479eeae35a276dd37b707624088e4,pi_3,downstream,/home/qy/DVGC/JIT/runs/campaign/all_proposers_v1/round_000/proposers/pi_3/tasks/acquire/attempt_0000/result/catalog.json::dense_v1_train_x2.85_family1/variant_1,/home/qy/DVGC/JIT/runs/campaign/all_proposers_v1/round_000/proposers/pi_3,fa1c23790a7cfbb0dbb3cd7007426160139348af6f570a143700b524edf04e9b,78201113b2a68c0197ce0e9272b104c2ace4d06140ba1784e3ebee3ba33e0089,0741d609c86fba806fb120cdf1b86eece4b9276807a92be9550a1c953bc35980,True,-0.0677987813949585,6.162257287114388,-4.98095259138541,-34.4823397984036,639.7974799334344,11.328742448987894,0.9164481449127199,-8.24040656242177,2.422522783279419,-0.09678447991609573,-4.549887657165527,-14.64606172217026,-225.54188956428214,4.129074322628496,5.11948299407959,-0.19599652290344238,0.36511820554733276,37.61956862759552,42.38563706438998,22.35780856423619,1,1,1,0,1
bfc05d93820cfbafd09ccbd5013014fac098a2386a921cb9ed4306d4fd07785e,pi_3,downstream,/home/qy/DVGC/JIT/runs/campaign/all_proposers_v1/round_000/proposers/pi_3/tasks/acquire/attempt_0000/result/catalog.json::dense_v1_train_x2.85_family1/variant_1,/home/qy/DVGC/JIT/runs/campaign/all_proposers_v1/round_000/proposers/pi_3,271ddf173eaca71ed3ec7294a8a4ed159c68d34cb9d7750e82aec41d116dbad4,54eb5fb80e43ede8038fffd71bdc7e09ebadb026d96d4a7b121433956e663526,203d918567c786fc8076ba0030056150aa7996dadcc7bfe0d5a85db6bf15fe58,True,2.92849479675293,5.748803311651891,1017.9633069547231,-16.541512641382376,578.3425523479212,5.166505254243133,1.884288787841797,-8.2339765749157,2.1767032146453857,0.3049065172672272,-3.4330992698669434,24.128087205366093,-1017.7149066349881,220.4213377246586,5.1688923835754395,-0.19605793058872223,0.27617257833480835,47.883362195265384,2100.849474423385,23.841685372554036,1,1,1,0,1
e760c0fa86497c83f308e0b751e25b6d862dd23aa1aae0c16b29bda2ff36ce56,pi_3,downstream,/home/qy/DVGC/JIT/runs/campaign/all_proposers_v1/round_000/proposers/pi_3/tasks/acquire/attempt_0000/result/catalog.json::dense_v1_train_x2.85_family1/variant_1,/home/qy/DVGC/JIT/runs/campaign/all_proposers_v1/round_000/proposers/pi_3,abf8209969f97b6a4688c929e07acd5a9bb29ba40dd99ff7ab5dbfdaa249e720,f6289b20cf2ec2470f9d108ad144e8db1dbfcd89de377309e5155eb2a3237fd9,f9394de6e897aafeeb58e3dc93a0d3b4344e27441f933f891cf7bce1726574b1,False,0.591993055343628,-0.2633874623213242,317.41470944861027,137.48143538784498,45.767345684733336,28.12618378683577,2.148277206420899,7.9095613716763955,0.9330486059188843,0.806952953338623,-0.013473418541252613,6.055532593125177,226.53263582414917,-235.99910042886842,5.372626781463623,-0.015264349989593029,0.4801633059978485,-21.56008804915033,-101.31953158196772,18.55320872396013,0,0,0,0,0
5e693d004914be0ffb3e9f3cc0b8b09ab010c3c4e68beb70d46c498564f62a19,pi_3,downstream,/home/qy/DVGC/JIT/runs/campaign/all_proposers_v1/round_000/proposers/pi_3/tasks/acquire/attempt_0000/result/catalog.json::dense_v1_train_x2.85_family1/variant_1,/home/qy/DVGC/JIT/runs/campaign/all_proposers_v1/round_000/proposers/pi_3,5909daeef5c990c16034bdf4898bf4dbe3b292ec8ab45e7b4a363a1657d1b756,c24450ea5ea761ecdf1cc692eb54a942f6ad3cd68dde6be4209fedff0eb2cd19,4d5a49112b87732a3bbfe337c6e70a1688eb76259d57b0b0e2419d39b3e2a473,False,0.4874159288406373,4.4633766508943,285.29541702754517,138.51577191499504,17.83450843240081,34.41772130658252,2.0959242057800296,4.970800713561087,1.1123335361480713,0.8334603309631348,-0.13053734600543976,-43.74912723783212,269.35493029727263,-246.81831131946538,5.393130779266357,0.0011680045863613486,0.47901079058647156,-4.554880695204961,228.83641765005945,13.648929801658316,0,0,0,0,0
44d3342d99c65de2a43e24c5e7dc8f5677d1336e13db3f9881ddd20aeb8b5346,pi_3,upstream,/home/qy/DVGC/JIT/runs/campaign/all_proposers_v1/round_000/proposers/pi_3/tasks/acquire/attempt_0000/result/catalog.json::dense_v1_train_x2.85_family1/variant_6,/home/qy/DVGC/JIT/runs/campaign/all_proposers_v1/round_000/proposers/pi_3,9c53ed6a4ec64bab297be8f6e2c35d8c1451e8b6921a6add21bb38ee1e408f8e,8a8ee6c09a3e568b5bdde7437512b256a06b07b3ab50847db63eed0e1225fe4b,46a0199a6676e513d5e70786f596f5dce18327307c5503de7a3d3d355dfb1255,True,1.8447884178161622,-72.2767271178056,-42.63636647863198,143.09242213063212,-125.1422068785967,0.17562536566186607,-0.0013920554704964162,-0.34442682918667245,1.8858643770217896,0.07835686951875687,0.11204595863819122,14.477002587381396,25.906053748212113,58.56536824581512,2.740253210067749,-0.001231195405125618,0.11889573186635971,10.855513346035575,-84.76810492100508,0.07150149178870562,1,1,1,1,1
30f0d5d70832e4e46250dad598c642e735c254fb6c0bf3784fc80b2906362973,pi_3,upstream,/home/qy/DVGC/JIT/runs/campaign/all_proposers_v1/round_000/proposers/pi_3/tasks/acquire/attempt_0000/result/catalog.json::dense_v1_train_x2.85_family1/variant_6,/home/qy/DVGC/JIT/runs/campaign/all_proposers_v1/round_000/proposers/pi_3,b597fba0c989ef00984f99e7a1cad4d46182dce55a983d730e426aa3a0f6012b,1135c8c08b16678a79060dea1709f5f1701784917e20ed76301cd3c15b3fe5a8,088ffa4604563631ac32e4fffea762bf4fc178235f60efa57f8de0ce89627df4,True,1.9014688873291017,-71.71868700223722,-8.445622823821854,138.77311978254278,-278.3638132087361,0.1032923835850141,0.05394657015800477,0.03422404541334231,1.9474785327911377,0.10695143043994904,0.10222780704498291,16.851186588161585,34.13579307539008,54.070226092638386,2.7792587280273438,0.0008964313892647624,0.11899158358573914,7.190462865710706,40.53172564816259,1.296764731430343,1,1,1,1,1
84f6c0777d640b7a0b17f7a3440be99baf59af2ec9559044aafee7b6cc9737d9,pi_3,upstream,/home/qy/DVGC/JIT/runs/campaign/all_proposers_v1/round_000/proposers/pi_3/tasks/acquire/attempt_0000/result/catalog.json::dense_v1_train_x2.85_family1/variant_6,/home/qy/DVGC/JIT/runs/campaign/all_proposers_v1/round_000/proposers/pi_3,ebfb332ae97b7ec00022e94441ec7c8d3e17649049daea496d9fd092cde83932,0011b5bbf18c2d2ce9f3ab023e3021b96bb83bc162034ae8524cf40284ecd64e,e3eb259d457384c890408ae384bd7b89241db294e967861f73cbcfd35f482ffd,True,0.9850776863098145,-61.19031922687774,527.7504122599096,119.31718932797804,-715.7253598041511,-0.2631100588068032,0.293111515045166,0.5267495957747782,0.882262110710144,0.019196145236492157,0.013357540592551231,4.2126946210896685,30.333877556929203,4.02799349932783,2.8475143909454346,0.004515041131526232,0.11779851466417313,-1.2010916470327984,70.02848839022586,2.590888581508313,1,1,1,1,1
9cd90b8fe4186eeafd083c9d27f3e439bab1d03f7776ddd5d0999a04c748144b,pi_3,upstream,/home/qy/DVGC/JIT/runs/campaign/all_proposers_v1/round_000/proposers/pi_3/tasks/acquire/attempt_0000/result/catalog.json::dense_v1_train_x2.85_family1/variant_6,/home/qy/DVGC/JIT/runs/campaign/all_proposers_v1/round_000/proposers/pi_3,7b8d6af41e5627e71b06b26b38640e7ce23de7e2095a97977fd991deec04661e,d2078bbe71ac2b8247d1929b99213689c514bdce5e6c70cac74a81f4734536d1,8c439066e340e906350d29db985feab21ca74f783342f817f7edbed99fef0a1b,True,-1.404097023010254,-46.1159790305383,-421.1358038446462,56.54706783664386,-1138.7826871076188,19.395193195296166,-1.4029383850097659,0.9317656736309906,0.7670532464981079,-0.000959027383942157,2.500439405441284,-0.951253572477487,834.06095532575,28.571231128391524,2.883129835128784,0.005127075128257275,0.17221561074256897,-3.313841726315991,87.91109842985648,3.4298050832790388,1,1,1,1,1
facbaf250b53cf710e4625df37e2bf2f4405da30e96af17a60681f27a0e0b9c1,pi_3,upstream,/home/qy/DVGC/JIT/runs/campaign/all_proposers_v1/round_000/proposers/pi_3/tasks/acquire/attempt_0000/result/catalog.json::dense_v1_train_x2.85_family1/variant_6,/home/qy/DVGC/JIT/runs/campaign/all_proposers_v1/round_000/proposers/pi_3,114fdc7a2b633b28e81e44da8fb6c01bb9a53124686e1289010f7b46f52ad7e1,5fc2b773df4b5539a85b61fb0c65034819968820000aa1bbdd4b66cde0b035bf,d8968c282ba0316e433b551ff227fb75549391f9e0e72cca27d406c5e46e3986,True,-0.20925080060958864,-61.146790431297255,-237.59373103401296,52.39819919891385,858.9474872271219,34.29498507469243,-0.20171881914138795,1.344033788291107,1.7938388586044312,0.031356532126665115,3.3071935176849365,2.7434139954707333,-149.1622609818607,2.518819873200966,2.9372446537017822,0.005635796580463648,0.29674074053764343,9.168823743710314,5.9498136444912495,4.374912951489758,1,1,1,1,1
1f969ec33d5062f5dc0f47d83c71ac80ab0f3cc8a30e6c7e3262e7cc4ff8144a,pi_3,upstream,/home/qy/DVGC/JIT/runs/campaign/all_proposers_v1/round_000/proposers/pi_3/tasks/acquire/attempt_0000/result/catalog.json::dense_v1_train_x2.85_family1/variant_6,/home/qy/DVGC/JIT/runs/campaign/all_proposers_v1/round_000/proposers/pi_3,bc9fefe44eccca13e35bb168d15726bf67d6e3e7c17c56385fee0cecdaa43d58,ed89d16a7ed4919512a573f42c7bf5c1d3905947b3c0317f358902468c29963e,466af09934687321368de8357c0fa16a4c1cc15ca572b4e74e69cf74173369eb,True,-0.02469093352556229,-64.05308373446186,-101.08079597990827,73.46476339184845,1011.4017354643886,28.169744799516288,-0.6760414409637452,1.3146042196020293,1.9109681844711304,0.02952827513217926,3.4765281677246094,4.07925321527513,-319.23200422069726,-1.1609481706814004,2.9753525257110596,0.006306754425168037,0.3653528094291687,27.438352046991113,223.47339409490044,4.110033523956387,1,1,1,1,1
a87392bd53fa39a57e81f42aa1b1334ed46c244870da401dd7f8eb3137dc5198,pi_3,upstream,/home/qy/DVGC/JIT/runs/campaign/all_proposers_v1/round_000/proposers/pi_3/tasks/acquire/attempt_0000/result/catalog.json::dense_v1_train_x2.85_family1/variant_6,/home/qy/DVGC/JIT/runs/campaign/all_proposers_v1/round_000/proposers/pi_3,7336f0d79ef9419c81297b5f95b3adc165ed68d348d306cbb4516861ebe1d1ca,8db9f6ccbfa22cd3a8fd22f4097aa3e60acd6feaa19215fa85fcf9027bf23e16,c196043ed8117d41b926cd283fd731d670823a0acf3a93d6b61096f889239057,True,-0.5287304592132569,-62.61269246115456,117.91895398222806,82.50470317346792,-485.62896349752117,24.557244614636513,-1.2440451622009279,1.5028441697280286,1.1444448232650757,0.029729867354035378,1.290535807609558,2.822278561278874,145.68868631718067,10.849297020117218,3.0365679264068604,0.007487750146538019,0.4606693983078003,31.941164502605776,-23.593051166922315,4.2311975107182045,1,1,1,1,1
535d3b173fed9a6a7d279df16e3255a3e21b4b73f45db79826f7585d7603b68c,pi_3,upstream,/home/qy/DVGC/JIT/runs/campaign/all_proposers_v1/round_000/proposers/pi_3/tasks/acquire/attempt_0000/result/catalog.json::dense_v1_train_x2.85_family1/variant_6,/home/qy/DVGC/JIT/runs/campaign/all_proposers_v1/round_000/proposers/pi_3,49541c7fe262c33fe28ad73e250d86742f1a07ae0d486c25a4ddc1190a6eb757,6e080ab47a8e2f3e41c169a378a8c1feb8ecaa6eae31f120ae412575aa7b438f,bda6202903b08f893a5b35f33def49189aef5378bd38f0c233d7020dbb950593,True,-0.39599260807037356,-48.50152163590821,290.01371170618995,51.55550070440143,-554.7127752538318,27.47609914073587,-1.0964134788513185,1.8466315095700423,1.1577911376953125,0.022352147847414017,0.9772589206695557,1.0061452415159406,24.837923152596133,10.999394695996479,3.0775818824768066,0.00863192230463028,0.4902046024799347,28.21344191400416,18.429113965690853,4.859593020891124,1,1,1,1,1
e593e0bda54dca0e818910d0a078dfe7b40a10a997e077e766f2c8f01cda38af,pi_3,upstream,/home/qy/DVGC/JIT/runs/campaign/all_proposers_v1/round_000/proposers/pi_3/tasks/acquire/attempt_0000/result/catalog.json::dense_v1_train_x2.85_family1/variant_6,/home/qy/DVGC/JIT/runs/campaign/all_proposers_v1/round_000/proposers/pi_3,e249b77a8792d9a0fec57c3500486e162f93180f3c8d6b659837266df8604d95,0588c2b6cad432dbc6a62923fbb4c17d897288df355ae0b5366d621d0e5fd8f0,7164be76899acb58d054a0d118c71f8ef92f7b26d96e297b67739994c23511eb,True,-0.18684312820434573,-29.465958588906513,425.8283623704984,34.179041833214605,-303.64111389290264,20.262246164105278,-0.8264623069763184,1.9408357351848549,1.3440499305725098,0.029366087168455124,0.7724376320838928,2.2471512333978243,-196.1733328880346,6.535675681870033,3.127882719039917,0.009828662499785423,0.5207907557487488,33.507121973614595,-79.17678229283841,4.862926187576377,1,1,1,1,1
4a4f3f08749c8015ebf994c705fee681f4afc8a03e3d377240ff361b537cb12e,pi_3,upstream,/home/qy/DVGC/JIT/runs/campaign/all_proposers_v1/round_000/proposers/pi_3/tasks/acquire/attempt_0000/result/catalog.json::dense_v1_train_x2.85_family1/variant_6,/home/qy/DVGC/JIT/runs/campaign/all_proposers_v1/round_000/proposers/pi_3,632a5fd55550f3e6f1250c5a4fdc81998b18c4d0bed4245ce3b0d1be61e707ea,d7b0d0e28a15e4bb70c71dd8d6dc1ad5acf6303cd5ce5a5641fc986cf2ceed23,b2521f65b691c76174f7ae41041d3479acfda10c7b74929288b27685ddc91496,True,-0.3419977140426636,-10.70320525018617,261.2184537881166,17.692918610906446,-241.11660600412213,12.665484980321605,-0.9534229564666749,2.024919817792712,1.4088736772537231,0.021262168884277344,0.7413869500160217,2.3537508495478594,-92.23474477825796,9.341227109871545,3.181093215942383,0.01088562048971653,0.546522319316864,39.40629830314666,-87.33371521855862,4.827270208348588,1,1,1,1,1
b6867be9ba8f30d3f405ae8ca3ea8d656dd8a8df896f71f82797ac15ffd59ba9,pi_3,upstream,/home/qy/DVGC/JIT/runs/campaign/all_proposers_v1/round_000/proposers/pi_3/tasks/acquire/attempt_0000/result/catalog.json::dense_v1_train_x2.85_family1/variant_6,/home/qy/DVGC/JIT/runs/campaign/all_proposers_v1/round_000/proposers/pi_3,219f3e93aa8143a05ac7a67038255dac80e4f22106895f40001157ea829f8afc,ceb403c1a0c24fee3f68d12a4bb4ed36c61715be55d91cdc7c8ea737bbd08307,34cd9dae5bb7afe077c0cd450c62da1799d6d1f340d9211e3bd6b5d815717021,True,-0.38194712638854983,2.713300545193793,146.59889098635492,6.882659110103612,-44.681526606714314,6.9809185224088175,-0.9684282398223878,2.126815288583635,1.538413166999817,0.022612258791923523,0.603814423084259,2.4980260026030967,-79.89772925030077,7.881672887074119,3.2390427589416504,0.011783022433519363,0.5711931586265564,41.30988227011297,-46.81513426945373,4.886200223838998,1,1,1,1,1
2361ebb3887cca1a6972dc851ad8fba44347a6062deb88f3408bcba773bc4298,pi_3,upstream,/home/qy/DVGC/JIT/runs/campaign/all_proposers_v1/round_000/proposers/pi_3/tasks/acquire/attempt_0000/result/catalog.json::dense_v1_train_x2.85_family1/variant_6,/home/qy/DVGC/JIT/runs/campaign/all_proposers_v1/round_000/proposers/pi_3,a379baa99ca94cf07199fa1488bb7ebb5b365e43b8a4788a70a1bf32a4af781e,2a7844cc8e852e48cb6fccc7b3b17e0905f9e1cc5f484c73153f88862a9d2cc4,239e057a1fff0eacde5af0e32fb328383c3443d0f9ae263277d03665d4d91af5,True,-0.45121349811553957,7.984042054806977,-12.726789664454078,7.027289219552278,113.9253218839541,3.4526946622483305,-1.0476251125335694,2.226764068356158,1.6143351793289185,0.02162305638194084,0.41287410259246826,2.8084414517940743,-15.024058051217105,8.615685142645063,3.3026511669158936,0.012738446705043316,0.5912449955940247,42.12782474397868,-19.52720006345922,5.008298585667857,1,1,1,1,1
b891953cadff296d6d358665e83ad5c38c907154a55096ac3b44b9fbd42abb7f,pi_3,upstream,/home/qy/DVGC/JIT/runs/campaign/all_proposers_v1/round_000/proposers/pi_3/tasks/acquire/attempt_0000/result/catalog.json::dense_v1_train_x2.85_family1/variant_6,/home/qy/DVGC/JIT/runs/campaign/all_proposers_v1/round_000/proposers/pi_3,dfad8db84515852bdcd065ecc8460391c48acfa3f2c67543c1d1b4b302130792,e93ae35a4a3ea468a8ce3a8762f6579558e583e73780cb27dee375c0fdb4713b,b2f312f6dedcb535b59b26bc5f7503ee57d03a87c74127961ecb4cb6207d9790,True,-0.4702599287033081,9.328817509923278,-32.21939908863541,7.367153883123412,91.95743909795544,2.6168832649803373,-1.0772638416290283,2.2895972205324706,1.629859447479248,0.01823364943265915,0.33997148275375366,2.950354213170133,9.265095260061644,9.271256944466641,3.3348724842071533,0.01313995011150837,0.5982525944709778,41.13456838959167,8.354151222909751,5.145011309192995,1,1,1,1,1
a004e01f98f74706ee090fa4ce2e0e3fbc37fcfea94b7a326c30f22e8b04037d,pi_3,upstream,/home/qy/DVGC/JIT/runs/campaign/all_proposers_v1/round_000/proposers/pi_3/tasks/acquire/attempt_0000/result/catalog.json::dense_v1_train_x2.85_family1/variant_6,/home/qy/DVGC/JIT/runs/campaign/all_proposers_v1/round_000/proposers/pi_3,fa1423d649cf2b41fa86ff811995dc61c5d8356505613a033a93d2766d0bd275,401834b2fba3b798ceebba1bde12d8af8bb28e7624b1925e6a66ec884418c561,ab8d0ebade2fc144139bf0fc997da7138591aedc73699ba2432fa288af150c95,True,-0.4195238876342774,9.21814112461239,89.49947258172129,12.375833200557667,-38.38088541814724,1.4599030230704553,-1.019740161895752,2.3916183937743805,1.6723873615264893,0.014638119377195835,0.14163659512996674,2.252389988491224,-37.723121125602084,7.54881898579918,3.4027621746063232,0.013955285772681236,0.6081937551498413,40.48848372052724,-0.06513497844191589,5.3906969394772695,1,1,1,1,1
5bf777ce5f4139338a52b4fd1d5b8c4fd8a54931673360d95bbf0f37e60333fb,pi_3,upstream,/home/qy/DVGC/JIT/runs/campaign/all_proposers_v1/round_000/proposers/pi_3/tasks/acquire/attempt_0000/result/catalog.json::dense_v1_train_x2.85_family1/variant_6,/home/qy/DVGC/JIT/runs/campaign/all_proposers_v1/round_000/proposers/pi_3,6524c80d712a8f9579f56831dcd6ff85ab295a6af5172f63a1e3ff74cd0df891,fd696304c751c06fe1b0202b5e536975ae53b61494eb79eb08afba584e470cf4,5c60df09f3c4d932033879ef988ca3cca334049c1e448203f2489f68574824f3,True,-0.5029820060729981,7.554607571120766,-140.22599664165287,15.714865091419487,234.57828447772238,1.8313062110165297,-1.1127226638793946,2.4426263442679375,1.7857252359390259,0.0162670835852623,0.16271409392356873,1.7838080621336727,38.359735737382294,7.7130312475982725,3.4378271102905273,0.01428140513598919,0.6118142604827881,38.66485736307968,33.251761691115334,5.583056092555657,1,1,1,1,1
2999cd29a02ac108b36d19ffdcda11b0b829d8b0329f089a55ecbc7e34f4fd3e,pi_3,upstream,/home/qy/DVGC/JIT/runs/campaign/all_proposers_v1/round_000/proposers/pi_3/tasks/acquire/attempt_0000/result/catalog.json::dense_v1_train_x2.85_family1/variant_6,/home/qy/DVGC/JIT/runs/campaign/all_proposers_v1/round_000/proposers/pi_3,4cde3806dab75d7b9ceb1d6db2981f857dde65011ecf199020e1a973d215b437,60386c204942a657eb7301984e5a6cfac5960ac7799493a4e34dbc299de86fa2,164a54120a4288a17a6cfe68441a9c33226bf40e7d2c0c50d29eb59a37823e1e,True,-0.48572753906250005,4.007270705386012,-80.19206259220412,24.062935738420634,173.00753054426409,2.061592337314289,-1.0815667438507082,2.485093684350039,1.8556338548660278,0.012833058834075928,0.007273988798260689,0.36766918974349216,12.884768524861888,6.151999196754675,3.511138677597046,0.014930634759366512,0.6147984266281128,40.664910921883255,-38.014841920147916,5.825024084699543,1,1,1,1,1
c34bdaa33b393bf7b75f97926205185d4c2672869f1a15edd56ad49f73c81c3f,pi_3,upstream,/home/qy/DVGC/JIT/runs/campaign/all_proposers_v1/round_000/proposers/pi_3/tasks/acquire/attempt_0000/result/catalog.json::dense_v1_train_x2.85_family1/variant_6,/home/qy/DVGC/JIT/runs/campaign/all_proposers_v1/round_000/proposers/pi_3,d674d4c12dc47931c3f6fd800cc832e9518204c9737b5c14b67306c94b9a25bb,b64329f0b0a32a594300c67882cae17a5cc8217abdc8bb251732b6eac10cecdb,c7ec20933ea88bb01a7b88be98d1ea6a5808591dd7f51b8fdbb58950eaac3ef0,True,-0.48820052623748783,0.02021778683006087,-234.87206457430295,32.49187582519473,488.0482165015397,2.2484817489475257,-1.0810384273529055,2.4821296117146616,2.0402019023895264,0.019816342741250992,0.0698881447315216,-0.6886315715908802,12.408194636845186,3.4130754103329903,3.5510356426239014,0.015316728502511978,0.6163116097450256,39.818090408206736,1.9655875704780381,5.9196362700502085,1,1,1,1,1
61f680c2911a04f1f9dcc023b5bacb3e8d7199faaa62be0bbdab037eac35cfc9,pi_3,downstream,/home/qy/DVGC/JIT/runs/campaign/all_proposers_v1/round_000/proposers/pi_3/tasks/acquire/attempt_0000/result/catalog.json::dense_v1_train_x2.85_family1/variant_6,/home/qy/DVGC/JIT/runs/campaign/all_proposers_v1/round_000/proposers/pi_3,39352947fa0d79213c0b3dc5d552ad3057b6cdf5a04b3f46a4566c48bff68e6f,d555297d58f4b1861fb578922dd4dfd3353207df18f515b63d7a6e1e3c206620,55fadee7a1ed7745d57182e22963ad68b4b97c9d597c32e9e4be42889545bba0,True,-0.48733668804168706,-1.7357890575041326,-181.02822168661007,39.31384486254137,369.81818838375256,1.292250015535896,-1.0855631637573244,2.4607463083636847,2.0080506801605225,0.015558535233139992,-0.09992758184671402,-0.7833166697857686,16.08839618429644,3.827699909464499,3.591224193572998,0.015708619728684425,0.614465057849884,39.1181155465909,-12.518736125919967,5.9256582890981875,1,1,1,1,1
14f909f16b2968e1015f391f2c39f28edbc3a6f4aa805b23a6092575d1d50987,pi_3,downstream,/home/qy/DVGC/JIT/runs/campaign/all_proposers_v1/round_000/proposers/pi_3/tasks/acquire/attempt_0000/result/catalog.json::dense_v1_train_x2.85_family1/variant_6,/home/qy/DVGC/JIT/runs/campaign/all_proposers_v1/round_000/proposers/pi_3,5738355428f583fae01944115eb345be89695e1c9659ecc6286254cc3b93fab0,9ef9a71034a48d8eb53ba6280f5ce0a34e32e3227766788932222cf6d7602832,1e5e91eec54823672c42bf3e0d751f62821669d96d20f6117b14c79ca6dbc5b0,True,-0.5522909116744996,-4.645350392743188,-238.75081972092647,43.745999011192254,219.69614921972166,2.1922606487869656,-1.2134461975097657,2.4782150658749593,1.8904188871383667,0.005676411557942629,-0.32368820905685425,0.41309434999444045,120.76730679066345,6.898810373056577,3.6296334266662598,0.015922408550977707,0.6089043021202087,31.877930611269797,106.26370744665402,6.12120760129427,1,1,1,1,1
bb2905701333e57bd6594f2a1126ab39feed9fc91a1b8f1f7aa14b25ed02b702,pi_3,downstream,/home/qy/DVGC/JIT/runs/campaign/all_proposers_v1/round_000/proposers/pi_3/tasks/acquire/attempt_0000/result/catalog.json::dense_v1_train_x2.85_family1/variant_6,/home/qy/DVGC/JIT/runs/campaign/all_proposers_v1/round_000/proposers/pi_3,c2594187b6a93a92a760b226558b16f28045421b6b7b696636ce43e37ea81a8a,f216c6a18c02075f791e9f37c68d587143095940ce2100b3148bf4451cd3b625,a212996508de25b9484c11c66a54d308395fbd8c026476eec6e02e5c51c4f625,True,-0.49143945217132573,-12.304146096350152,-293.1124319288414,59.10321149200778,448.12969499177706,2.9265679530750828,-1.1574996566772462,2.475491365606286,2.100713014602661,0.012536780908703804,-0.37440919876098633,-0.8115905046593009,75.01787327702847,3.806817886737654,3.7121245861053467,0.01654670573771,0.59507817029953,21.924639150816006,118.28344019709662,6.355828384087115,1,1,1,1,1
c05b940c6e65aa47dc6ad297e6fc7eb427cb96c4987b3c221d9c8ec5af5ddbe9,pi_3,downstream,/home/qy/DVGC/JIT/runs/campaign/all_proposers_v1/round_000/proposers/pi_3/tasks/acquire/attempt_0000/result/catalog.json::dense_v1_train_x2.85_family1/variant_6,/home/qy/DVGC/JIT/runs/campaign/all_proposers_v1/round_000/proposers/pi_3,541e0148dcf46867fd639a1c776804ce53a280e9b8ce23612e7771b3b0645063,540ca7c669d7add2cfacb56633601a1d5db38e01e370f2c4e7199242562b5a9b,dc280f5a6c651ca16a6e25239a81cb56ebf5da1d664889e536d0804c4dfee9e0,True,-0.4341449165344239,-18.66840281307308,-315.2465341984814,71.13810043221862,617.572044374213,3.6346652538445983,-1.101032876968384,2.464618141819016,2.282200813293457,0.017402756959199905,-0.250236451625824,-1.6783954047953387,28.785664917384075,2.058183804725666,3.7571113109588623,0.016908252611756325,0.5902140736579895,15.760424160730764,120.8868760822737,6.476203365210515,1,1,1,1,1
95d846762ca66c47de3fb04cad2ecefbbbd319ea01b39439c84014cb7905a570,pi_3,downstream,/home/qy/DVGC/JIT/runs/campaign/all_proposers_v1/round_000/proposers/pi_3/tasks/acquire/attempt_0000/result/catalog.json::dense_v1_train_x2.85_family1/variant_6,/home/qy/DVGC/JIT/runs/campaign/all_proposers_v1/round_000/proposers/pi_3,56e08fcec833222827a00f5015a70665fda14e796e08003e585d3a92901a6c75,da6939570f1e32af432eff2d9256f253263c09389d046c248f45c4af272e5058,2307c143f023cc9a092fce0745476b8e592da3f49f3911aab5cc0d99e1f1b724,True,-0.5882696723937989,-27.76038522107346,-458.9482775049704,84.17297687824353,599.3086649487324,6.078017690135949,-1.2439011001586915,2.4720501686936807,2.2607126235961914,0.00830787792801857,-0.2675396502017975,-1.410234814182939,145.7053109976205,5.033997548027022,3.8030054569244385,0.01715603843331337,0.5865933299064636,3.3624449255629782,-52.51149154667685,6.72476941684193,1,1,1,1,1
72302b4178a9d74b1485c4bdb6b646479d698a0218d18425aed5c11954195d36,pi_3,downstream,/home/qy/DVGC/JIT/runs/campaign/all_proposers_v1/round_000/proposers/pi_3/tasks/acquire/attempt_0000/result/catalog.json::dense_v1_train_x2.85_family1/variant_6,/home/qy/DVGC/JIT/runs/campaign/all_proposers_v1/round_000/proposers/pi_3,b4d53a40e4791fb0a7f791ecf242ff28763f112387f7116bc9e3dfed9dbce286,46d1a73ffd0e0d7c447de9bb9bd7e03990599c02b5cc82f072cdedc0d215010a,263e889134d45d0e7ce7e8f39563c3146faae4503f57b140fd9c488d4aa8d11c,True,-0.59925443649292,-39.4709084776004,-547.2386358488702,99.1897556553527,756.8088930202646,9.706549087955427,-1.2487380599975586,2.4860665308144125,2.4414169788360596,0.008150896988809109,-0.00504682632163167,-2.591340260487222,149.68076796251304,4.631760877615801,3.851081371307373,0.017326466739177704,0.5865755677223206,-10.744287130496502,-83.35993848020189,7.040618879004114,1,1,1,1,1
751fba0a5b0e23668a22a129f2c2e8db900a65c901c475a5c9fcea7896865654,pi_3,downstream,/home/qy/DVGC/JIT/runs/campaign/all_proposers_v1/round_000/proposers/pi_3/tasks/acquire/attempt_0000/result/catalog.json::dense_v1_train_x2.85_family1/variant_6,/home/qy/DVGC/JIT/runs/campaign/all_proposers_v1/round_000/proposers/pi_3,c4e6fee2f9be3713a84f44c80c7880f24ba4b2d2d6b08466a772b02ba7fb4c34,e419f4216af7435e3df0cc11cbfba5c9b6861da340ea8136b5aacd0930cdca5f,c092fa2e19bb63b67f1468f919606f9f8477e6d80357ba00812c1228bf53a52a,True,-0.5397608852386475,-48.11903445748209,-398.9393282875056,112.6748166997623,594.9831881096334,11.581339042354859,-1.1870012664794922,2.469866832744674,2.340411901473999,0.006076955236494541,-0.4084627628326416,-3.277616964279182,99.1355444439103,3.993188562864738,3.8991949558258057,0.017517661675810814,0.5821343064308167,-25.128388899881973,-85.51997214484008,7.246060704094447,1,1,1,1,1
c35262205970a548c56673a44d3ec899fb7d1bc7fba2ed1f635f7d662839cc85,pi_3,downstream,/home/qy/DVGC/JIT/runs/campaign/all_proposers_v1/round_000/proposers/pi_3/tasks/acquire/attempt_0000/result/catalog.json::dense_v1_train_x2.85_family1/variant_6,/home/qy/DVGC/JIT/runs/campaign/all_proposers_v1/round_000/proposers/pi_3,cb9b0c0da8e4589359839cf2f7ed239d3747c60ea757c4ff1bb947b1fc4b887c,70b9a9feee326b66c5ac8de850daa77d48c2c3cbc1fb6cded9f416b5240e0d37,17362eb0c9fe8e4fab7813b0d93379a5ebe3f30662bff1117facddc22ef7f0aa,True,-0.5377852725982667,-54.39068832321163,-301.3893098065762,122.82014746646746,431.4852343241297,12.963338794015094,-1.174731960296631,2.4321044445748283,2.2012574672698975,0.002402531448751688,-0.881784975528717,-3.7898474279711114,89.09670315655481,3.4392188131548607,3.9447617530822754,0.017642371356487274,0.5686841607093811,-31.854151307674396,91.46485951539246,7.397680146734962,1,1,1,1,1
ac3e011594d2267b1b3dc34885034b865a6f655fd1e3527528de56773031727e,pi_3,downstream,/home/qy/DVGC/JIT/runs/campaign/all_proposers_v1/round_000/proposers/pi_3/tasks/acquire/attempt_0000/result/catalog.json::dense_v1_train_x2.85_family1/variant_6,/home/qy/DVGC/JIT/runs/campaign/all_proposers_v1/round_000/proposers/pi_3,5aa4f39f369bcde5e9f107e04d585b359b2f81f81f0ed808d01e7ee6a671f892,af9a2008da6b171bbf8dd35d75ab02a22456e7b0f46a5295babcca9f2ffc3f16,9c0936ed8281fd95e98f100d2dd09fbf3a7ed36242b0799a3ae82b983937eb6a,True,-0.5404451131820679,-58.94480574477684,-227.68370028421472,129.99362194416506,298.5512296026525,14.232978685097402,-1.1715216064453127,2.3829763801156663,2.077512264251709,-0.0007355887209996581,-1.335235834121704,-4.137199686419872,86.45814643866552,3.6025465654564366,3.9876739978790283,0.017698559910058975,0.5458509922027588,-33.83511790284236,50.93720807506978,7.5294962959542255,1,1,1,1,1
fa74752861c868c5d86c10d0bbe93d40a7e54809936f3193dfcb02ad87a54098,pi_3,downstream,/home/qy/DVGC/JIT/runs/campaign/all_proposers_v1/round_000/proposers/pi_3/tasks/acquire/attempt_0000/result/catalog.json::dense_v1_train_x2.85_family1/variant_6,/home/qy/DVGC/JIT/runs/campaign/all_proposers_v1/round_000/proposers/pi_3,ba49d636d0aab6bab9716307b517b385a763b51bfc36aa17e6c940a667f2d9c2,eec520c35de97949c9a34314ed71c06f4deb34ded77a0895e6883c9f1d0b7261,739360854d95cbf305830cd4c40eac19b5c206f931338fc24d2e835af8e7436e,True,-0.5609019565582276,-62.212784885250315,-174.32514233705123,134.2538158351771,152.00517695971678,15.679774113812881,-1.191240348815918,2.3365778058552276,1.9263627529144287,-0.005496027413755655,-1.8257246017456055,-4.070227120286958,102.5999666551025,3.8608079708056664,4.0276970863342285,0.017671434208750725,0.5132864713668823,-35.59486833117196,39.562446672856915,7.6713212982278955,1,1,1,1,1
a18b75b8a5ce132bf9e3448954832bb5b4b7800a240fd73354159979c89342dd,pi_3,downstream,/home/qy/DVGC/JIT/runs/campaign/all_proposers_v1/round_000/proposers/pi_3/tasks/acquire/attempt_0000/result/catalog.json::dense_v1_train_x2.85_family1/variant_6,/home/qy/DVGC/JIT/runs/campaign/all_proposers_v1/round_000/proposers/pi_3,5c05ff2a253a290e3d7e2932f07071d0aec7ba11cec9920c6c74e385b680a5d0,34261d0c8d35c3b98862429a170a48a6757b88987498fd22cddd032b00676683,40b98bf21cbf962b5a24ac3ba09cc33e14f8e83c9e563234172e84dcae1f8f1b,True,-0.5328985452651978,-66.12856648736447,-97.39259628093893,139.17795875502776,92.35125414512004,18.171202052127015,-1.1579590797424317,2.230090660046704,1.8799372911453247,-0.005445055663585663,-2.365753650665283,-4.586427631433957,75.33904243218082,3.6764282948216414,4.104388236999512,0.017547324299812317,0.4284641444683075,-34.661324905603784,-10.3173448120837,7.9191872817334685,1,1,1,1,1
c0688bfc7291cc47566a5da180cac78728fbf41fe5ed2ba1f42586d2e67ce523,pi_3,downstream,/home/qy/DVGC/JIT/runs/campaign/all_proposers_v1/round_000/proposers/pi_3/tasks/acquire/attempt_0000/result/catalog.json::dense_v1_train_x2.85_family1/variant_6,/home/qy/DVGC/JIT/runs/campaign/all_proposers_v1/round_000/proposers/pi_3,97eaa1de48119db3b9e0fb9b7dbe05d98a41a62cfe62daaa4ad48162d591255a,b0a2d8d336e8e3c2a99629018cd53ea2cb7402c5896018b207ade88cf1ab7722,c43b841593899d08b45e3e12f06eb34b9cf658cbf50b1ab1f3abe59a855aec3e,True,-0.5260679817199707,-67.12619757791488,-72.92052708859266,140.66372980518065,62.52523188883254,19.172154186511847,-1.1525892639160158,2.16996576066513,1.8519287109375,-0.006291598081588745,-2.6293718814849854,-4.687449544353031,70.94509977684157,3.697578829360232,4.141866207122803,0.017468005418777466,0.37785854935646057,-33.42527581679033,-20.579691233423166,8.027999221595872,1,1,1,1,1
6fad0c68a80d9783bf8cd0043d128e855a819486806b8b34394b9fa40d1909c8,pi_3,upstream,/home/qy/DVGC/JIT/runs/campaign/all_proposers_v1/round_000/proposers/pi_3/tasks/acquire/attempt_0000/result/catalog.json::dense_v1_train_x2.85_family1/variant_11,/home/qy/DVGC/JIT/runs/campaign/all_proposers_v1/round_000/proposers/pi_3,13d8750045b4fc30e1498c920d57bb375f703ea96e6cb890d85b9ecb5b641f01,8f4ab75e5ca917d11bbd66a8cd67d98169e8c7b731ec91af649b7db475b8c30c,82379c01514ea7f46f3bc21d01468cf5a22b1fc7066654f2bf0e2e4b1708e3e7,True,1.9398367881774905,-72.19348760239066,-3.6746409196932137,143.60027401617924,-77.49357779453715,0.05355662565942665,-0.09644499778747559,-0.32669786094841996,1.9114224910736084,0.09575820714235306,0.002210333477705717,18.80513807761486,-11.553271811265738,55.036134369588666,2.7401328086853027,-0.0011539279948920012,0.11873635649681091,10.89002373059071,-100.97052257575842,0.031818088194378986,1,1,1,1,1
a3802dc564cb0cab9dbc1b89c791480e34e0992d9f35f0725a36c520a2a64d39,pi_3,upstream,/home/qy/DVGC/JIT/runs/campaign/all_proposers_v1/round_000/proposers/pi_3/tasks/acquire/attempt_0000/result/catalog.json::dense_v1_train_x2.85_family1/variant_11,/home/qy/DVGC/JIT/runs/campaign/all_proposers_v1/round_000/proposers/pi_3,930d5b32fcb2322a5683ab63cb3b797119ee0154dd091b9d9a7d89aa2cd907a8,0180aba562a0d5df40e977c1a9ff92db82bd9b952bf40fbfaa23f56b21f6691d,dc654f8883913cfe2d4a70e29f81191f7fdfdb72885015d35f7d861a8dd0dfb1,True,1.8371096038818362,-71.92159143191078,-7.297777090402654,140.50134888785274,-214.61533542068926,0.14176779202872342,0.031035969853401187,0.02348023813035741,1.8816502094268799,0.08927427977323532,0.09829593449831009,14.705419481152255,33.802899900527414,44.8368690141025,2.7780556678771973,0.0007562704267911613,0.11882663518190384,5.80908485371913,56.23445349342697,1.1292316830037978,1,1,1,1,1
3a332c9d61aeac4bb2977d02935de00913e36ac414bf304076a868ed52158518,pi_3,upstream,/home/qy/DVGC/JIT/runs/campaign/all_proposers_v1/round_000/proposers/pi_3/tasks/acquire/attempt_0000/result/catalog.json::dense_v1_train_x2.85_family1/variant_11,/home/qy/DVGC/JIT/runs/campaign/all_proposers_v1/round_000/proposers/pi_3,6bbc0ef55fe5a89151d0e117fd7e17ecea2ad31b44f70442497224f121ce13dd,295d8097e9081f7b76ddc0cc3f6d17fec53b3e3d251e96401ea87db18b27ea67,d5cdfbc41e016293b5473eecc5bcbe02d5d7aa1585ee2b995c7b774341f6217b,True,1.4045784759521485,-65.29918344663899,398.5248177671558,124.42009195878627,-599.09283097096,-0.2766325350124034,0.6858546829223634,0.6436815588397795,1.2530404329299927,0.06439372897148132,0.034736502915620804,9.750215422277323,28.619052697865367,22.48846443661139,2.853215217590332,0.005166287533938885,0.11736224591732025,0.432798351852443,58.51264601561179,2.9131790426351705,1,1,1,1,1
994ebdec164b1cd50e8ec0fc9452f9e43b5723bc30330a14924048b9b4ae5b55,pi_3,upstream,/home/qy/DVGC/JIT/runs/campaign/all_proposers_v1/round_000/proposers/pi_3/tasks/acquire/attempt_0000/result/catalog.json::dense_v1_train_x2.85_family1/variant_11,/home/qy/DVGC/JIT/runs/campaign/all_proposers_v1/round_000/proposers/pi_3,4af94d0516bbc3c961a0ee9ffff4b418928f43d5947654277c9e68a923f89c14,682ae0471ce3584ea3b33fd4c0cd25b41e92386e771b508bbfa1d6a4820f1a6b,ee46102fbc975e1a709234563868596f7ade0c84f50fe4463890d26aed11fe65,True,0.1100563406944275,-44.460634873861515,346.45402368610655,89.90941370551629,-1087.9936190054573,3.1007573645874147,0.01616209387779236,0.8586643959907629,0.6050281524658203,-0.006157157942652702,0.6806711554527283,3.7126001228923826,232.46841172234875,7.923484743851998,2.8796138763427734,0.005561159458011389,0.126778706908226,-0.2787558682015289,-35.92390244915357,3.1338091665959844,1,1,1,1,1
56fb3d78c41aa83017afd299071289b2341fa4f6c2bba0e8aac7c460ee7becfd,pi_3,upstream,/home/qy/DVGC/JIT/runs/campaign/all_proposers_v1/round_000/proposers/pi_3/tasks/acquire/attempt_0000/result/catalog.json::dense_v1_train_x2.85_family1/variant_11,/home/qy/DVGC/JIT/runs/campaign/all_proposers_v1/round_000/proposers/pi_3,ce4cc33d41a831cd45cfb642b5b3d15c32f8b2f4cadf6c2cc2a35ce2769c53ae,0c84f78f2f97e0e9ec7d6f3f98faf608675d31489723917769254d6b7a3f0ebb,89edeccb39180ec89b6dd14d6a31dafe858d82cd729cd788033b4c89034331ca,True,-0.26899964809417726,-58.52488571460446,-293.61701898396524,47.45633876835618,394.1730583601306,32.27080955144993,0.2132106375694275,1.338037905572333,1.6826386451721191,0.00013080691860523075,3.21205735206604,-2.6509411315149882,71.20207881417413,9.591069453295088,2.943704605102539,0.004559289664030075,0.26887086033821106,1.0549705286326594,-134.38429976908103,4.861018557378269,1,1,1,1,1
3474d99ec2d0d557253201ac7caf91b1418cd7e8568a731a5cafa2efa901cd94,pi_3,upstream,/home/qy/DVGC/JIT/runs/campaign/all_proposers_v1/round_000/proposers/pi_3/tasks/acquire/attempt_0000/result/catalog.json::dense_v1_train_x2.85_family1/variant_11,/home/qy/DVGC/JIT/runs/campaign/all_proposers_v1/round_000/proposers/pi_3,6a71f7731bacb02b12939126677c6efe1599d0a324b2a2a180cdf682499bf14b,08c4ae00e3040302d0a9c5063cfb9075d4260499355717d5ce4ab49fa27572ec,fdb77859e496a01de70f2fc20202308d4e4f86d629ba2dea76e0b5bd5b77d1b7,True,0.1994363069534302,-63.01314645219241,-106.14434989090806,63.816895792962825,958.3603441815238,28.898355123361,0.6990192031860353,1.3257914365809311,1.9376572370529175,0.011846635490655899,3.3555524349212646,1.5349109528582363,-326.42998541713683,0.3153825975431636,2.980868339538574,0.004747784696519375,0.33585092425346375,20.439127647851596,159.61223184592677,4.761337082661111,1,1,1,1,1
9ee82e38923ddeae1cbd9de0a64bac6cf83c22a5bf931f75d556b0be94532a0b,pi_3,upstream,/home/qy/DVGC/JIT/runs/campaign/all_proposers_v1/round_000/proposers/pi_3/tasks/acquire/attempt_0000/result/catalog.json::dense_v1_train_x2.85_family1/variant_11,/home/qy/DVGC/JIT/runs/campaign/all_proposers_v1/round_000/proposers/pi_3,3b159699456258541dddc98d9e66afe8a8a730a364e2e0567f1c941793ca9311,31de1220e2557a4172c780c72a33990f8ae888134ff2b22316b655ef5547e597,c55423196c53f5a5f99e68ce252caec1a3a6de720c579a41b856787cde428eda,True,-0.1551470756530762,-61.5134896274569,174.17336187331523,71.17158201953002,-324.08783158846944,24.578111087158618,0.3013275241851807,1.402819895535095,1.4064953327178955,0.0070697832852602005,1.5757006406784058,-0.4049458809537623,-0.9073625634275735,10.090774630709683,3.045478582382202,0.005039974115788937,0.431775838136673,32.75991976898271,-40.27184036533819,4.884537550951897,1,1,1,1,1
013fb2a758ea727dfb0bd3096290b4a32bec190df555434047912a3cc7c45b6a,pi_3,upstream,/home/qy/DVGC/JIT/runs/campaign/all_proposers_v1/round_000/proposers/pi_3/tasks/acquire/attempt_0000/result/catalog.json::dense_v1_train_x2.85_family1/variant_11,/home/qy/DVGC/JIT/runs/campaign/all_proposers_v1/round_000/proposers/pi_3,4862af9b447b1062123c58e587bbaefee17df5b78d7a8a7b1d50226822ed5766,a71eae08b777d7864df8e58b92b052665d9dde59c97c1d42f3e4859ec692defb,f29b61d46f50468891e7f74410e9cc341c264cd5500e038873cb17f46cc6bb9e,True,-0.015232096165418626,-46.84456555458731,445.24806550170536,46.22509471762383,-536.3169447999663,23.317321021993873,0.46701342582702643,1.5521709090338025,1.3480982780456543,0.004994036629796028,0.951392412185669,-0.8957483603524957,-136.51581056374525,10.210549681768672,3.0970611572265625,0.005243656225502491,0.4728914499282837,34.52187976350881,2.1103602601256286,5.337720954880903,1,1,1,1,1
57c54ddd1fefe9d1c7e80433c70f03446d7100c3a2baa87b0b5b448ecb5d74f9,pi_3,upstream,/home/qy/DVGC/JIT/runs/campaign/all_proposers_v1/round_000/proposers/pi_3/tasks/acquire/attempt_0000/result/catalog.json::dense_v1_train_x2.85_family1/variant_11,/home/qy/DVGC/JIT/runs/campaign/all_proposers_v1/round_000/proposers/pi_3,0d1ad78c63466108c4635173f22b1787416ba57c66fa59e07055d6abab38c815,bcf972c6d6582db5e41fe7dac3ddeca995a1c20f8886e3c034f7afb1b3cfa1a5,b6c3f175429d80abfb3f2a07d8d98ee16243e947233e686e7e4fa51285d5f69d,True,0.049401068091392525,-26.50054487583356,524.5321910475398,23.487169574408778,-546.6321696920864,16.205203300492354,0.5481389808654785,1.6102678096259277,1.388674020767212,0.00028647875296883285,0.8024929165840149,-0.05974309771103957,-203.0452818346328,10.859236652906878,3.1511919498443604,0.005344216711819172,0.5063997507095337,37.62603681673952,-34.907003394954565,5.554328994370745,1,1,1,1,1
a26b1509eed4de4f0b4e15716d72d6fd67dd2bf2a165755916970faf093df20b,pi_3,upstream,/home/qy/DVGC/JIT/runs/campaign/all_proposers_v1/round_000/proposers/pi_3/tasks/acquire/attempt_0000/result/catalog.json::dense_v1_train_x2.85_family1/variant_11,/home/qy/DVGC/JIT/runs/campaign/all_proposers_v1/round_000/proposers/pi_3,45d24368ca6962de85eaa498b59355081c28fba8ffdf917927ec86252998038f,b3743d85d943f326434937d84076f495b310940345f4ea489037acec333ada7e,b97dcc51afc0fbcbc5c1b3be2cf8dfae52db07cb6a26d16dbbd1224e4ddcd427,True,0.03761775434017182,-17.86753068949053,470.1230680437582,14.430547055741554,-483.50176938241236,12.878990687886546,0.5275097703933717,1.6471955553412372,1.4294193983078003,-0.002671338152140379,0.8206062316894531,0.4028508271475667,-186.15124605471314,11.494708915548403,3.1795802116394043,0.0053125303238630295,0.5236663818359375,39.131366113580725,-24.905279063096213,5.683139183888949,1,1,1,1,1
6fac6172b628bd5a70c1a8a1550c1301d01fa10008553c704163bf5d012690c0,pi_3,upstream,/home/qy/DVGC/JIT/runs/campaign/all_proposers_v1/round_000/proposers/pi_3/tasks/acquire/attempt_0000/result/catalog.json::dense_v1_train_x2.85_family1/variant_11,/home/qy/DVGC/JIT/runs/campaign/all_proposers_v1/round_000/proposers/pi_3,64bd3856794d485e0f01da67dee28cb3351fcb83b5e8c6768f80eb811c2bcdf0,2955c4ed8372be74c448e09cb9291c5445cc29d5d1e890c88342b578ac7f9b2f,389cb40f09980febbcdf5885941bf48f79fc2780330390ab5f5680631636b398,True,0.024087842702865604,-7.469756131061698,292.269996396612,6.568293677138252,-181.06432606656273,7.594114570587124,0.502208857536316,1.7317487607301636,1.5794117450714111,0.0001937861234182492,0.841729462146759,0.9997334014325912,-165.3765563355807,10.148698049965976,3.240880250930786,0.005284103564918041,0.559574544429779,40.009281063453734,7.452277676975635,5.981927212744018,1,1,1,1,1
9a290c6068b6f6bbf50dc4f1d316bd5cd93794900e2d1c44377511f2b0611495,pi_3,upstream,/home/qy/DVGC/JIT/runs/campaign/all_proposers_v1/round_000/proposers/pi_3/tasks/acquire/attempt_0000/result/catalog.json::dense_v1_train_x2.85_family1/variant_11,/home/qy/DVGC/JIT/runs/campaign/all_proposers_v1/round_000/proposers/pi_3,41071d076f36bb0982dd3bc48278b3d9eb4f2f8ab5c853ee5aa5863d72b1479b,5bcf89bbe18857448ff6ed3a4b12eafb5522574ed474cdba4ef919c353160b27,f43ff9f7adf9929ae26179c01a5c4d1b779bc01122d8e6eb80622b1f01d0ee59,True,-0.007880377918481828,-1.7363615127339445,212.09257772998836,5.098111253105462,-102.94179030230497,3.4886862231461206,0.46158606529235846,1.8115000159864625,1.6320581436157227,-0.0019213516497984529,0.7127578258514404,1.175850789676722,-132.10533885061457,10.46785742195504,3.3055965900421143,0.005253930576145649,0.5918278694152832,40.31137008515964,22.759404380607457,6.310413377393188,1,1,1,1,1
e6d26a3dfc78001084887fded4c3c0ef0273e0e7c6395d3312db1ea91719e7a2,pi_3,upstream,/home/qy/DVGC/JIT/runs/campaign/all_proposers_v1/round_000/proposers/pi_3/tasks/acquire/attempt_0000/result/catalog.json::dense_v1_train_x2.85_family1/variant_11,/home/qy/DVGC/JIT/runs/campaign/all_proposers_v1/round_000/proposers/pi_3,7e9c267c94a6f1225dcf490935e077dd85ddc925149041355969ba095ac9a17a,ae9e8a1744d94765b5301fc9858ad5705a7d698601f41a8e2d64ed23f879cf7c,ec37049d5c2ce770fae6cfab93f158ff244b39fbfbc07fb7d47331e146577b57,True,-0.037551810741424566,-0.7014789973371155,135.95289369310947,6.351218312484199,-21.693189653053665,2.113944890339007,0.4264164018630982,1.8454291890251975,1.6717615127563477,-0.003058311063796282,0.6981353163719177,0.9626446204657757,-103.35552901127849,10.579649689421577,3.3389623165130615,0.005214403849095106,0.6065654158592224,40.39463350623668,26.849630721671033,6.500229165307084,1,1,1,1,1
6d5b6fbee0657a5ef90cb1653dd62e41185225580652f332bbd2002db1e2f15a,pi_3,upstream,/home/qy/DVGC/JIT/runs/campaign/all_proposers_v1/round_000/proposers/pi_3/tasks/acquire/attempt_0000/result/catalog.json::dense_v1_train_x2.85_family1/variant_11,/home/qy/DVGC/JIT/runs/campaign/all_proposers_v1/round_000/proposers/pi_3,9df73dd5e0d0692eae23855eb52ac94ed795d215755f054e8459494b5527f227,905e47b534161314c54aac7266cdbcfac04f5ebf061880da650df3391853a893,6eac207c6476c75ad4d05ad6b48299ef85e907267060d98af56a4983d975f2e5,True,-0.046723382472991945,-1.7298908689907093,118.80626385730442,11.144788079084895,-2.2290228441235524,0.9316361815148633,0.42000827789306644,1.8893184162131318,1.7210886478424072,-0.0067251138389110565,0.6138031482696533,0.12205696123179557,-98.07856583966166,9.719527382336457,3.4071314334869385,0.00498547125607729,0.6344199776649475,40.74409330493121,19.22596310785227,6.9446656664689295,1,1,1,1,1
a29f276eecfd94d1bfcab415b4bd26cf78a920d2f6a47a710bda5eac22ff1e3b,pi_3,upstream,/home/qy/DVGC/JIT/runs/campaign/all_proposers_v1/round_000/proposers/pi_3/tasks/acquire/attempt_0000/result/catalog.json::dense_v1_train_x2.85_family1/variant_11,/home/qy/DVGC/JIT/runs/campaign/all_proposers_v1/round_000/proposers/pi_3,39ba6df3a7e27d42d3132e62daca1ee91382c83ff15b33c79d2972ebe20d0033,13107c8a4387537f2fca649255c1e98041e4427cddf0430442bf453d7edcefb0,b36e612a954c8c8ec55d547932a93faf6d4021f7dbe1a4d31af807f48e2d7a72,True,-0.0859738051891327,-1.7951066891247547,100.54980341345315,12.302657968884734,-49.97600579845764,0.4612736031776727,0.37913297653198247,1.8975828168092916,1.7063900232315063,-0.012480604462325573,0.5356064438819885,-0.2085605600180666,-64.56819611109673,10.553667649818848,3.4413645267486572,0.004757240880280733,0.6465907096862793,40.14738748847139,40.82790314114185,7.174492986259727,1,1,1,1,1
b8e42ae082c3f21c8e3fe53a2f95319dfead3bb85ed10180f5c923d7b8bffb08,pi_3,upstream,/home/qy/DVGC/JIT/runs/campaign/all_proposers_v1/round_000/proposers/pi_3/tasks/acquire/attempt_0000/result/catalog.json::dense_v1_train_x2.85_family1/variant_11,/home/qy/DVGC/JIT/runs/campaign/all_proposers_v1/round_000/proposers/pi_3,14ec09d5b6c166a05940af0d4b4f0a33ee13f8250ce81fede1e04e8c1ba62c57,c1328c2deeb1988d5948e0dbb2385e2e06be99e7f15544ba485fe0c7a933fd52,7d3dec712405f617bd4bdcf7ec895624457aa099e4bd0edae683d085092f0c9f,True,-0.12047750711441041,-3.422647066681117,5.963128671391367,15.220632603077364,73.21093307172326,0.5348827681246712,0.34684271812438966,1.8925893666643365,1.7571927309036255,-0.012054089456796646,0.5251982808113098,-0.9086311643441976,-38.1820961774486,9.930418864470708,3.476388931274414,0.004507753998041153,0.6585610508918762,39.726060439329984,41.52274170050184,7.414708071770032,1,1,1,1,1
81601cf87548a05985301e97d6e37545cee957b4ef8952d4160dd987c358cb06,pi_3,upstream,/home/qy/DVGC/JIT/runs/campaign/all_proposers_v1/round_000/proposers/pi_3/tasks/acquire/attempt_0000/result/catalog.json::dense_v1_train_x2.85_family1/variant_11,/home/qy/DVGC/JIT/runs/campaign/all_proposers_v1/round_000/proposers/pi_3,ab359ec29868fecbaa095b630f9d5148231514ec9861f4a3991bc5dfb8ca60d2,86385ef9da079462e82a8bfda95547f4e758bb2e3035256d33b56d86ea246fea,ebc886b1d27c531eb1c2759d092084691ac1f0281b72b3ce2318fdfb6ae1b798,True,-0.08811203002929688,-7.060106144080074,78.87843279970309,21.90343312099041,54.40068088996736,0.6168553280053517,0.41083413600921637,1.8453700606733114,1.7989473342895508,-0.010613946244120598,0.28038543462753296,-2.1978259550895194,-90.59518518875308,6.93204906176562,3.5476772785186768,0.003959761932492256,0.6776774525642395,38.76072589826999,35.843507707527934,7.843955675192111,1,1,1,1,1
7f7c39e2be49b06eceef558b391885d36e893012b793127298f97d21bea2d7c4,pi_3,upstream,/home/qy/DVGC/JIT/runs/campaign/all_proposers_v1/round_000/proposers/pi_3/tasks/acquire/attempt_0000/result/catalog.json::dense_v1_train_x2.85_family1/variant_11,/home/qy/DVGC/JIT/runs/campaign/all_proposers_v1/round_000/proposers/pi_3,82ee3ed78ec9860289dbb0c4eab70c512b3bfc65651da958db88347f24536eb1,7c18dac7782e07278dd16267c743fd7848d8047556b5f0849a73dc3a8b762b9c,fc2f2877e82fe639cc2312c841ccafac66d696ad6e8a1e796acd64571326e7f7,True,-0.12408619284629822,-10.65046252941533,-44.47066500665768,28.396436342247142,221.76773193460818,0.7941061002767283,0.3728591680526734,1.79826851693464,1.8669683933258057,-0.009748128242790699,0.3485391438007355,-3.0459992731085257,-59.52643050354928,5.914869542923818,3.5849392414093018,0.003730005817487836,0.6870887875556946,38.741044708176595,34.22315802506372,8.016596124934388,1,1,1,1,1
eb56ef041d5f49496075dcc982f901e5b24bbcc84200d381569f618757a4a9a3,pi_3,upstream,/home/qy/DVGC/JIT/runs/campaign/all_proposers_v1/round_000/proposers/pi_3/tasks/acquire/attempt_0000/result/catalog.json::dense_v1_train_x2.85_family1/variant_11,/home/qy/DVGC/JIT/runs/campaign/all_proposers_v1/round_000/proposers/pi_3,3273b64f08a48a9ae0d3e4d9e9bb878f4b08c65c7d828e73a3284b793806b481,8c8d86f59b99620a1af1f01f5d1444390b0a36be4556496592769c44a188e4c5,a0e5ab83699c2ceac4659263ab3d75593fa589319fd209478d405ebe287f633c,True,-0.1311935818195343,-19.0746488045271,-92.16889492446987,42.27741271699113,316.54905127320285,1.7190785418680723,0.37453894615173344,1.6689992940962965,1.922177791595459,-0.009570098482072353,0.20558768510818481,-4.2464434395523485,-60.88657388429811,4.048330387581543,3.6603620052337646,0.0031443217303603888,0.7025780081748962,38.4782190289145,36.63127782073511,8.340496426576903,1,1,1,1,1
3783f0b7351319019bd50be094de0db9df3f091985e27ce2d6d8df3c1ff1abf6,pi_3,upstream,/home/qy/DVGC/JIT/runs/campaign/all_proposers_v1/round_000/proposers/pi_3/tasks/acquire/attempt_0000/result/catalog.json::dense_v1_train_x2.85_family1/variant_11,/home/qy/DVGC/JIT/runs/campaign/all_proposers_v1/round_000/proposers/pi_3,53ba187a8e1158299c47357d7a86a85bb403b0dcb1f4563d54ceb453c990fd5a,f7d375b15f2cbad75e127ec0c5b526e267aa896498c093d0cd049f4351cec8c6,5839ad173edcf3ec45104a1d5cde4e48b4f782ce7a89507dedddf3c199268dec,True,-0.22644827365875247,-26.690552200806852,-292.7383834491348,53.170061801544065,486.47312023742137,3.264984243951851,0.5943730163574219,1.5861878838378602,1.960668921470642,-0.015157999470829964,0.3746744394302368,-5.047192192843017,28.75449534910672,4.888759124855402,3.6994712352752686,0.00281001185066998,0.7125190496444702,37.643228402880446,40.11363952378235,8.520588604789378,1,1,1,1,1
2dfdca97d728a7795227a688b65a7b39a04a776b17f0a87ea1bdc79fe608d7a9,pi_3,upstream,/home/qy/DVGC/JIT/runs/campaign/all_proposers_v1/round_000/proposers/pi_3/tasks/acquire/attempt_0000/result/catalog.json::dense_v1_train_x2.85_family1/variant_11,/home/qy/DVGC/JIT/runs/campaign/all_proposers_v1/round_000/proposers/pi_3,7135253866f3481909315d68b1477c2ef9a1cf9c18d5d792cbf73f5c1e2586a7,f04b64c64463b0a0d24117acf049e049af498bc953b14322bf274c8db306c8fa,f8a6d2bcc7741632c3e63f83fac539b6bc27a745c3768e609ca73493b17a6f05,True,-0.32525741100311284,-36.789628926452686,-423.67097881925815,64.7764075977554,510.06158834741063,6.409608267756956,0.4849922752380372,1.494585911391861,1.9406498670578003,-0.025346865877509117,0.43148425221443176,-6.175352040413771,118.25680245933357,5.881615486289142,3.7383971214294434,0.002293706638738513,0.723996102809906,36.41076516338125,44.883703621241274,8.757902521303466,1,1,1,1,1
aab373ec174a519a63693ec91a9faf43cb6dab43e6bbbe3c3fc3ceda1c3e11ed,pi_3,upstream,/home/qy/DVGC/JIT/runs/campaign/all_proposers_v1/round_000/proposers/pi_3/tasks/acquire/attempt_0000/result/catalog.json::dense_v1_train_x2.85_family1/variant_11,/home/qy/DVGC/JIT/runs/campaign/all_proposers_v1/round_000/proposers/pi_3,845a7a82448fa7b0381e486c2c5c9eeb818d2ed1f19eaca0b2a533eb69a2170d,e00ef49e6ebf266924e9a950d64958e0da2958575a571785c6eaf774da43b00a,d51c2e6b802c127dd176172d225086e5f173d6f7e27a43ff31c5ab9057ae84b6,True,-0.25279049873352055,-46.327325574026,-369.1241592018092,77.60238953820462,616.8227453015058,8.502888064476297,0.5967563819885254,1.377876912226102,2.0147998332977295,-0.021261557936668396,0.4739310145378113,-7.4932272223708,26.777295603266015,2.7192626600089795,3.778256416320801,0.001794070703908801,0.7359722256660461,33.054109676913505,75.88409835813701,8.926484272613193,1,1,1,1,1
e4b7da68502179b2f1d7b9855929936ab1c3c891212c4dab1cc6a89cf3761407,pi_3,upstream,/home/qy/DVGC/JIT/runs/campaign/all_proposers_v1/round_000/proposers/pi_3/tasks/acquire/attempt_0000/result/catalog.json::dense_v1_train_x2.85_family1/variant_11,/home/qy/DVGC/JIT/runs/campaign/all_proposers_v1/round_000/proposers/pi_3,a7b66732d802c782fff5c4f800ad5aceba1b829684af5c95626aace3e92fc9c0,2f7eabeb271405a89fbd8b48d512f8260cde309c23a4ae1f07300212c36cc44d,bce1751fd55d8097a1fd4d42d9b85202357001e3a6bd76a7ebffa5f99e8b41e0,True,-0.09779898405075074,-58.77083399642745,-186.48104856897638,108.13687316615169,660.6148036933661,5.308312712429694,0.7958712196350098,0.99496074127252,2.0833911895751953,-0.02125454694032669,0.33689072728157043,-11.811441862834819,-136.2042309941876,-0.45545937205381143,3.862215757369995,0.0010383514454588294,0.7608258128166199,27.167611886028272,60.093254242390294,8.905575127052282,1,1,1,1,1
5092d5316bd11738465f7f94ae16760d28bc7804aa9ac85a88b95ffe7f42f3b2,pi_3,downstream,/home/qy/DVGC/JIT/runs/campaign/all_proposers_v1/round_000/proposers/pi_3/tasks/acquire/attempt_0000/result/catalog.json::dense_v1_train_x2.85_family1/variant_11,/home/qy/DVGC/JIT/runs/campaign/all_proposers_v1/round_000/proposers/pi_3,b4ba15d5bff60cd44a812e09b2db56aa6dd7ffd56f10432568c36bafdc60790f,464930f845cff8441bd14a5cbb14c6b92b3753b49a4cfddb0f978f3ababd573c,01354c7ca4b02c2badf8eaf246d364ba08811ab54715e77652ab4ec5edcdf3f2,True,-0.1336009967327118,-62.59802121481737,-133.04660722013404,119.60213115977264,484.4981027370205,3.3306733077631856,0.7617647647857667,0.7335990851683376,2.0089902877807617,-0.0286874882876873,-0.1317596137523651,-14.31538067482503,-108.29763532864628,0.25725029722822973,3.9028406143188477,0.000490153965074569,0.7635055780410767,23.494978188177395,76.18839694603942,8.896056661005868,1,1,1,1,1
fb7e162f80e0164dfa014a2e2c1c63de793142fd8f0a4ca54e23266cca77b178,pi_3,downstream,/home/qy/DVGC/JIT/runs/campaign/all_proposers_v1/round_000/proposers/pi_3/tasks/acquire/attempt_0000/result/catalog.json::dense_v1_train_x2.85_family1/variant_11,/home/qy/DVGC/JIT/runs/campaign/all_proposers_v1/round_000/proposers/pi_3,9eb832676526688da9cfb7675cc4e2babfcc90f172fdab292dcfdf30ead9e93d,207470bb9df9460da78726a2d21dd7efb3db3702ae0e3826dcb109448722f16d,992bbf890fdb38bd31c0f47c0cbdd1e518faee7f996eeca9330882e9914a356d,True,-0.27429252624511724,-65.07179278879093,-72.19049597953419,124.88918935098275,49.744718517688085,2.6913827381975217,0.6161962127685547,0.44562609308264844,1.8181424140930176,-0.04391617700457573,-1.2087959051132202,-14.645875599515376,10.845818746282388,3.0065030639026924,3.940814971923828,-0.00026699190493673086,0.7504146099090576,7.061435469647288,-194.44713917909726,8.973188437485952,1,1,1,1,1
845a3f149c4d01a59f26b9a8fd4d44b37f96b48ac949ed231698a7b17625ff14,pi_3,downstream,/home/qy/DVGC/JIT/runs/campaign/all_proposers_v1/round_000/proposers/pi_3/tasks/acquire/attempt_0000/result/catalog.json::dense_v1_train_x2.85_family1/variant_11,/home/qy/DVGC/JIT/runs/campaign/all_proposers_v1/round_000/proposers/pi_3,9ec13476cb70bf777d297de57ae411bc806617ed71d6a49bcf1600166455f316,7248465f51f55d27aa148bde39c2f704568f2ef108e47c2505ee8069be3171c4,39e7df64fc8e62e2c13d3ac331eb4f2088baaef915bbc18c8153850d31aa6941,True,-0.25106956481933596,-67.04471342111663,-54.337648489211894,126.18584612339632,66.75527049465899,3.1738769596036454,0.6397304630279541,0.15206584408264393,1.8319817781448364,-0.04220813885331154,-1.3771802186965942,-15.286794938019986,-8.404648518990948,1.4585929803934525,3.977022171020508,-0.0011689325328916311,0.7253087759017944,-3.0539282689612643,111.61863039745738,9.053604157026447,1,1,1,1,1
08c35a26fcdc34fbc2769f5c7fea3ccbe675cf69f8d2c2d6a2eee3debf127da9,pi_3,downstream,/home/qy/DVGC/JIT/runs/campaign/all_proposers_v1/round_000/proposers/pi_3/tasks/acquire/attempt_0000/result/catalog.json::dense_v1_train_x2.85_family1/variant_11,/home/qy/DVGC/JIT/runs/campaign/all_proposers_v1/round_000/proposers/pi_3,60fff7c761956a531f37c8ae44cb49548b5b5fcc997c5729bc5f1fa636f45e75,374ab07e12abe545745c5abd0866aa001404d95d3aa4ed7534670b5063f4223f,13b830c09f6353a71729bf4b30e5c1230286be106badce38158dd3895e6fb0ef,True,-0.2638663530349732,-69.09265685128574,-6.564782533018041,130.21061705409636,-65.48762836583964,2.2581446400371963,0.6203343582153321,-0.4998488358257194,1.7953282594680786,-0.049936164170503616,-2.0644900798797607,-16.373534384029668,7.4850958821638995,1.5734936242625805,4.050757884979248,-0.002849775366485119,0.6652684211730957,-10.149641469845085,72.41755195811292,9.13190037232637,1,1,1,1,1
b616afa13c9a8e6d37d0d765c64a91bca31d5982b6b6f1e29cc06f887dd13694,pi_3,downstream,/home/qy/DVGC/JIT/runs/campaign/all_proposers_v1/round_000/proposers/pi_3/tasks/acquire/attempt_0000/result/catalog.json::dense_v1_train_x2.85_family1/variant_11,/home/qy/DVGC/JIT/runs/campaign/all_proposers_v1/round_000/proposers/pi_3,643fe5e0dfa3567afc968b07c48c5be35b076a39c80c9675556e4fd30f84a3b2,c4ec9baa0823a1a8cd35295d95c073dd93659dc2a64f1e5083c19a25180cf9b2,03468da3388a03e66b444757fdd9a568fbefd7cab81529736ecbbd63653d100a,True,-0.15766058444976808,-69.73273436897514,7.505808430821964,131.518284091452,139.61794588098164,1.7788552308963987,1.1907196426391602,-0.8383502262338026,1.8871244192123413,-0.03427819162607193,-1.8411719799041748,-17.771120861808505,-79.71399716162742,0.2730341440286152,4.087493419647217,-0.0036927734035998583,0.6278172135353088,-10.86039778506578,28.27542758826932,9.16334853493432,1,1,1,1,1
869bb0cfc828bc61907c46c3f105111ea5dd7af1231e186b3a0bb9896d2bf81a,pi_3,downstream,/home/qy/DVGC/JIT/runs/campaign/all_proposers_v1/round_000/proposers/pi_3/tasks/acquire/attempt_0000/result/catalog.json::dense_v1_train_x2.85_family1/variant_11,/home/qy/DVGC/JIT/runs/campaign/all_proposers_v1/round_000/proposers/pi_3,bda07734af4b6cb6b6469b94a3bf19d07744d425f2fc8e1fc915ffdbcfb9c671,86cb124ce89065bf848d5fefca3e438ada93790d6a856f2255d6a075b41f7d87,446dd74eaacdc70f70963ac0351b383053798ef08c23bbe643b70159f66b7584,True,-0.15609763145446778,-70.2763149740706,20.827476836132888,135.30134828780362,114.96848984570097,-0.13243510970662076,1.1906912040710451,-1.57121227903607,1.8827197551727295,-0.03582146391272545,-2.2784359455108643,-19.384375685272374,-79.66984681883247,0.41966424492405224,4.161721229553223,-0.005285120569169521,0.5434277057647705,-11.690784863599252,-6.100494874657724,9.237439177220661,1,1,1,1,1
40643025b631e287a5b2064fc9a20a3edde5d240dcb4819a6fa04e4d7b72c357,pi_3,downstream,/home/qy/DVGC/JIT/runs/campaign/all_proposers_v1/round_000/proposers/pi_3/tasks/acquire/attempt_0000/result/catalog.json::dense_v1_train_x2.85_family1/variant_11,/home/qy/DVGC/JIT/runs/campaign/all_proposers_v1/round_000/proposers/pi_3,45567df1358cddadca88e522ea47db6b330dda527888f219fbba83319ed44ba9,7cc901fb752dee66218ad3b3b792499108d6ee9b8d9480da71fc73f37abf0272,5cdb76a537de08652916632e57f3c2538b441bf8dff994221fe4aec6d2a5c14c,True,-0.20390119552612307,-70.27474403056151,27.909937335592765,136.17498412416163,-5.8818028896044945,-0.9027954475292467,1.1422818183898926,-1.957671371102707,1.8432046175003052,-0.048393506556749344,-2.732194185256958,-19.25625158172669,-40.06104023698409,0.9666991915118245,4.198584079742432,-0.006186180282384157,0.4931797385215759,-11.365185476996512,-4.179217302646498,9.279115602171352,1,1,1,1,1
1b65f0719bf11414f8cf7c4d25b5467071cc2aca6a6616131e940d06a3775869,pi_3,downstream,/home/qy/DVGC/JIT/runs/campaign/all_proposers_v1/round_000/proposers/pi_3/tasks/acquire/attempt_0000/result/catalog.json::dense_v1_train_x2.85_family1/variant_11,/home/qy/DVGC/JIT/runs/campaign/all_proposers_v1/round_000/proposers/pi_3,464c8d0aae020a3baa774a6786017a914fcda02ab4dd3f522dd90ad7ade76d05,6525d8a5680b3b1c194c6724045505ea51d3a1b5fe295db0cc7c5bec5fb27c68,7dbf833b230f5cace1340a20be1e26f47c8f8690829ac733e98b5e2e5fa1cf29,True,-0.18779832363128665,-70.28472293693889,30.653649938396274,136.56093079340235,31.641182594258815,-1.4878282867637298,1.1612438011169435,-2.346377660067022,1.8575336933135986,-0.0440094918012619,-2.844907522201538,-19.6472850343518,-55.58434242784681,0.7482907126700028,4.235269546508789,-0.007137487642467022,0.4380643665790558,-8.817237194862969,-39.12188581101275,9.31414067449224,1,1,1,1,1
1eace90e7b1598b932d170db4d51919a389d463b39e70424f67f19d0cd38389e,pi_3,downstream,/home/qy/DVGC/JIT/runs/campaign/all_proposers_v1/round_000/proposers/pi_3/tasks/acquire/attempt_0000/result/catalog.json::dense_v1_train_x2.85_family1/variant_11,/home/qy/DVGC/JIT/runs/campaign/all_proposers_v1/round_000/proposers/pi_3,b18d0a3d2f6774a7c7e7e7ec85f8aa6fbf69ef10fb1ffa9c4357663484afa3e2,acfe2a89fb8acaaaf910028f187afc7da88029743a196e9e7b55b9fc7a86f425,4d14ddf5787d788d45aacbf674e9f43dff318e08d9401310a4ce37349ffddb8a,True,-0.2092898201942444,-69.84674388660099,41.06116434658154,135.34459704562815,-23.123955482273132,-2.221354478319561,1.144466781616211,-3.112687521950204,1.8451026678085327,-0.04998299106955528,-3.353323221206665,-18.881122224583958,-41.8581859510195,0.7153811537015888,4.308225154876709,-0.009272098541259766,0.3117423951625824,-3.2508746392444663,-64.13129623064768,9.372590626688655,1,1,1,1,1
168d04867bde3744a8d650e9f5038b7c7875bd09f113bc111b43669f075b483f,pi_3,upstream,/home/qy/DVGC/JIT/runs/campaign/all_proposers_v1/round_000/proposers/pi_3/tasks/acquire/attempt_0000/result/catalog.json::dense_v1_train_x2.85_family2/variant_2,/home/qy/DVGC/JIT/runs/campaign/all_proposers_v1/round_000/proposers/pi_3,059941d58dffead6516d5bd16b040a9dbb9ec4b9230f6da3c32122c41f350799,a016cd53a666e158078b70f9d4b61b3c644139492e9188590fcb6534bc29bd84,5f55771609e616051e63a621a5f03b54e77322b88a75b34f74cf96f6ceccb495,True,1.8712154579162599,-72.36949474711271,15.29064545716458,143.64439703821753,-77.14638561864706,0.1839978102934829,1.1839687538146975,-0.33299913662557185,1.8700238466262817,0.09194108843803406,0.020566565915942192,17.847982688085953,-14.682464922899134,52.110655065045485,2.739859104156494,-0.0011794220190495253,0.11909668892621994,10.912807534114581,-110.75616192039237,0.013937514645631845,1,1,1,1,1
48ffc71e56777b5153f9df7fea544f9006aa170f2fd3d59916cd32a4f5139e02,pi_3,upstream,/home/qy/DVGC/JIT/runs/campaign/all_proposers_v1/round_000/proposers/pi_3/tasks/acquire/attempt_0000/result/catalog.json::dense_v1_train_x2.85_family2/variant_2,/home/qy/DVGC/JIT/runs/campaign/all_proposers_v1/round_000/proposers/pi_3,15c68fe4a9a5eb2f045e68353d9a909dfca00546f6cc2589fd073731f4ff5f4c,b4fe3e660f412c71bedb29b26dbb98c267822eaed2a0c0e3a53e01e0f96ef614,16f0fc9d0f602fddad690d9e73044641675415a68f518664e293955b0ef19c17,True,1.8696497344970704,-71.70346251057725,55.626358336526145,140.52309621017008,-230.6206816273202,0.1076838822943687,-0.1578405284881592,0.014406237683910103,1.8496235609054565,0.08944568037986755,-0.008484764955937862,14.849042991471991,-2.9511354160564536,45.04235525528233,2.776658058166504,0.0007048597908578813,0.11902649700641632,5.906357846557513,52.40821908642626,1.0450417053626853,1,1,1,1,1
c29fa54b51b7d7cfdee1a4879c124d62aa07fd3b941dc8d1d7762bb6e2d36e9e,pi_3,upstream,/home/qy/DVGC/JIT/runs/campaign/all_proposers_v1/round_000/proposers/pi_3/tasks/acquire/attempt_0000/result/catalog.json::dense_v1_train_x2.85_family2/variant_2,/home/qy/DVGC/JIT/runs/campaign/all_proposers_v1/round_000/proposers/pi_3,024993cc9e2c27e4219ff5ad40a45adaf246c4e1001fe3b31ef257a2b4a15c08,532a13a778052288ea9c95c903a447562ec3f420ad1c7c001ca7b120d70b6e26,c2b5238d61b9ef59125ee73cc8449082f26045e4721e164f22a004a050b9acde,True,0.6745400047302247,-60.86520905257431,491.2557826188044,124.00585464600334,-604.275032098032,-0.28529243008447047,-0.008940519839525223,0.5177506571470668,0.6828378438949585,0.022184494882822037,0.11248794198036194,7.125566250198653,37.609033060800776,16.861331126626347,2.8359007835388184,0.003820078680291772,0.11746558547019958,3.6744091201482565,24.34704599468378,2.544111873227803,1,1,0,1,1
a54d3cea8227b1ed24c097077f5de939f071a48cfb0fd0b644639c16f4e0c3a0,pi_3,upstream,/home/qy/DVGC/JIT/runs/campaign/all_proposers_v1/round_000/proposers/pi_3/tasks/acquire/attempt_0000/result/catalog.json::dense_v1_train_x2.85_family2/variant_7,/home/qy/DVGC/JIT/runs/campaign/all_proposers_v1/round_000/proposers/pi_3,628fd8605c6cbc964ab621844509d2cefe3123e339a62ec8ad1f7348f54135e4,13cd32c5e7d132968212e10c265e6c3e3b8c6725ffafd6599e5c2f94c57b3ee6,3e7c13f42053870afa22af11628de6680851238cca28902e92d0fbd03a60beac,True,1.865655384063721,-72.24769881383304,-78.41302370965842,144.4612330214377,-7.431583911337789,-0.046567917267783025,-0.17979852437973023,-0.2990446349237823,1.823001742362976,0.08013682067394257,0.06496912986040115,15.682040909815699,37.3542909104214,32.56377039639829,2.739999532699585,-0.0010298810666427016,0.11894426494836807,10.902251476752326,-102.58756303156977,-0.19728617080576327,1,1,1,1,1
ad37c34fd4cc628ca27faa7c235e2a3a98b7ef1f671dca0513c55829528deffb,pi_3,upstream,/home/qy/DVGC/JIT/runs/campaign/all_proposers_v1/round_000/proposers/pi_3/tasks/acquire/attempt_0000/result/catalog.json::dense_v1_train_x2.85_family2/variant_7,/home/qy/DVGC/JIT/runs/campaign/all_proposers_v1/round_000/proposers/pi_3,c52aafdf2703de9e5ffcc5daaaa8d567d9d430fec15cc5bc766ff88fdb27dc67,df42876c7d103316ef96a4ee21befde3c7f1e284d348b3b38928001f620c3658,82991d88025ab41380a4585d405ab5172ab917e3ed4f569a8ab468039f9dc4c2,True,1.815046615600586,-72.36946059616686,16.115054412626996,143.75180859310515,-44.11195713182695,0.17598646888089894,-0.34085953712463385,-0.011613101198169383,1.8139185905456543,0.08478416502475739,0.025707600638270378,16.06610073929822,2.5180858413086007,45.922254375109226,2.7763774394989014,0.00047466493560932577,0.11898049712181091,7.121667492843045,44.56778005137151,0.6240479688323564,1,1,1,1,1
227dc688cc5dd9a03f83dba9b491bd59f2c25b67bef8efdbc2262b41f80e7479,pi_3,upstream,/home/qy/DVGC/JIT/runs/campaign/all_proposers_v1/round_000/proposers/pi_3/tasks/acquire/attempt_0000/result/catalog.json::dense_v1_train_x2.85_family2/variant_7,/home/qy/DVGC/JIT/runs/campaign/all_proposers_v1/round_000/proposers/pi_3,642b1120583b04e71be795e40c658a55c0bded1e4fb72af4cf90d784c2d4f768,21dd39dc91234828376b6602c05480cc82167bf83b6bbc4d79ab56e679c119af,a245a42ccbef761492c34350e5c12fc6f41d489b684c10916b3aefcd35405349,True,1.3376438331604006,-66.04121519806918,311.6369431466698,135.38332421822213,-370.819275550023,-0.0024761286898539576,0.3160147094726563,0.4386949313803611,1.3000010251998901,0.027561277151107788,0.041513219475746155,4.985909601175547,18.751982130399234,9.719075736077588,2.8431339263916016,0.003016031114384532,0.11810030788183212,0.29528951502630835,42.684532972658914,1.7245457945698426,1,1,1,1,1
559a87d2fa02c97b46e914c2b90d9acf31f4d1e5cdcadd1f1b6bdb3e2b2247ea,pi_3,upstream,/home/qy/DVGC/JIT/runs/campaign/all_proposers_v1/round_000/proposers/pi_3/tasks/acquire/attempt_0000/result/catalog.json::dense_v1_train_x2.85_family2/variant_7,/home/qy/DVGC/JIT/runs/campaign/all_proposers_v1/round_000/proposers/pi_3,52c29ff7f7c49b7c975db0b8d3debe3fcc5e01b90723ee6d52b4a925f68d505e,6aa9b5b49916ace5c97ca3c255e4774e55c1059becd5c59ab87646f0cac96acb,7b1ba9d20772899ca707ccdceed73a5d97ce094fab4492a47f16489cb31e9456,True,0.01167937070131302,-43.14785543991214,-85.58479747025268,95.8688220582441,-809.2524515054564,5.846397155852224,-0.30216622829437256,0.6003056349785452,0.8859311938285828,-0.009855353273451328,1.0825955867767334,1.7818837630567272,383.11566511279693,7.323564469614037,2.887892961502075,0.0029841980431228876,0.13500720262527466,-4.315608496408836,7.414308655379534,1.9110238101727661,1,1,1,1,1
96ac1d19bfdfcb21f240586b491d9d6e39bd6e2381329be3e788975acffb3097,pi_3,upstream,/home/qy/DVGC/JIT/runs/campaign/all_proposers_v1/round_000/proposers/pi_3/tasks/acquire/attempt_0000/result/catalog.json::dense_v1_train_x2.85_family2/variant_7,/home/qy/DVGC/JIT/runs/campaign/all_proposers_v1/round_000/proposers/pi_3,dc82063fa5c32b22a72ba13bfacdbd91e44629e327a31734306af83b3b8bdac8,4eef7f2d3bab6fe7e2de2979d405d518f33ce878674c7f6e177e97dbaa7c0c08,4e6506a61ca6e981a5a4000efaf05f439ce15d543947c3ea90973d09279fe71a,True,-0.4586240148544312,-53.89831706141833,-322.40831539232,60.602779524284074,-583.3448189714985,27.55869919173769,-0.4183003950119019,0.9150333083588129,1.4282089471817017,-0.00863091740757227,2.392303705215454,-4.75393802082852,478.19039571775704,20.06290546044166,2.931466817855835,0.0027432108763605356,0.20368213951587677,-5.6776562192756295,-7.288857717120264,2.987067985252859,1,1,1,1,1
e78c23e1f374a4b383b6a88b53e7691c1af142a28a182f0edd80fb2c46b6f2a6,pi_3,upstream,/home/qy/DVGC/JIT/runs/campaign/all_proposers_v1/round_000/proposers/pi_3/tasks/acquire/attempt_0000/result/catalog.json::dense_v1_train_x2.85_family2/variant_7,/home/qy/DVGC/JIT/runs/campaign/all_proposers_v1/round_000/proposers/pi_3,c0bf4c2b02d2660b4e8ea016b559fbd5c6366847b8805c018720281f2ce6fe9e,4f3ca4f8b3e3ab0ee0d5ab52b69c11e7efbfd3d475a196c509066775a6662b8e,82c0a3a3e5cc175d3af3dd5c3ae4be8223fa29e4ea1f2a58731b5d488902bf70,True,0.4561066341400147,-63.407460103166414,-89.66147100845565,70.83623339166074,786.0853787465003,29.79666327471131,1.1465761756896973,1.0009727579586343,2.162745475769043,0.008617604151368141,2.913186550140381,-0.7844387418003548,-291.9340330517174,1.0055261489007026,3.00666880607605,0.002799286274239421,0.3143117129802704,20.73448722567775,176.69177556370397,3.335671821610007,1,1,1,1,1
81648bc0579943e15959dd522d204af21eec6f0480bb56daa1e2a5084f06f378,pi_3,upstream,/home/qy/DVGC/JIT/runs/campaign/all_proposers_v1/round_000/proposers/pi_3/tasks/acquire/attempt_0000/result/catalog.json::dense_v1_train_x2.85_family2/variant_7,/home/qy/DVGC/JIT/runs/campaign/all_proposers_v1/round_000/proposers/pi_3,2977cc9e9e13ca6dbff0b44b937fbbba9821b746c82c2f5cf6fb9ffc87baefc6,69fdfb687a256fe1fe7bba1f2175ae06a85d12335b1523ff45d2f8cd03f46a91,9f4fa60fdbce8ee06e557cb7bdfe3aeb2263f1682e101dfd7c45eb6c711ef5c3,True,0.19311705350875857,-64.58712256528682,-41.279310343388,78.63579032943838,132.4919685387723,26.847735567316587,0.8550253105163576,0.9849729190945882,1.8396044969558716,0.005472610238939524,2.0867364406585693,-1.8705457016207223,-53.288835376116005,7.252184723919172,3.045973062515259,0.0029264322947710752,0.3633350431919098,31.57463606117538,-77.04004640345913,3.3388331358775964,1,1,1,1,1
5aad21d7132abbb2b489d3527504707dfb54cd3f0d2fa1a85956b7d1d1f77fc5,pi_3,upstream,/home/qy/DVGC/JIT/runs/campaign/all_proposers_v1/round_000/proposers/pi_3/tasks/acquire/attempt_0000/result/catalog.json::dense_v1_train_x2.85_family2/variant_7,/home/qy/DVGC/JIT/runs/campaign/all_proposers_v1/round_000/proposers/pi_3,b047859e2aaf47fe45d24e755274cc4cae2f015b81f3f68f578c2a9dea0ccbc9,c842e49f85fd53bb9dea159d1c5e5a6a2e0a57f363eeac3f38f063213ad7c2fa,b62fd92613d9e25d355c38a3a5804ca5f8548343786e6f2703de70104bd0617a,True,0.18833775520324708,-60.26183014129538,260.43708014706715,73.93521999168976,-443.09256708267606,24.86551321762885,0.8470752620697022,1.0070922092578698,1.5669630765914917,0.007910937070846558,0.9691521525382996,-1.8847268818849614,-46.762548643033796,9.245494324691,3.079284906387329,0.003096461296081543,0.389637291431427,33.1788596670092,-40.99902328551277,3.457657248472688,1,1,1,1,1
348cf200491bb53342e3a236829bd73a49388ebfdbf30f74e22aa2ae83ab4195,pi_3,upstream,/home/qy/DVGC/JIT/runs/campaign/all_proposers_v1/round_000/proposers/pi_3/tasks/acquire/attempt_0000/result/catalog.json::dense_v1_train_x2.85_family2/variant_7,/home/qy/DVGC/JIT/runs/campaign/all_proposers_v1/round_000/proposers/pi_3,e2a4c9936cbc66868f6768850b9f42f15f22c5fade967a1f8f8e23a1cf0f0b42,11e64711d6feaa2a6ea7de161674eeb08616bd987df55d32fc88e06e80b21453,207d596d6f9d523b462963fb30e8d923f78a1fbc188720d21d51185a9b40ae43,True,0.24067443370819094,-43.89963045619335,442.6580850891932,43.059896263780715,-682.743960906047,23.71179152057492,0.9083030319213868,1.1006370967732728,1.486391544342041,-0.0006451039807870984,0.5586594939231873,-3.1400859826990977,-96.84400914718185,11.86044420126143,3.136115312576294,0.0032058118376880884,0.40997201204299927,34.84789493787727,7.0502783556380715,3.9487324429031667,1,1,1,1,1
3518659a1dcc04d20396beabc09d858e0428d67037118b00d75586fda168ab84,pi_3,upstream,/home/qy/DVGC/JIT/runs/campaign/all_proposers_v1/round_000/proposers/pi_3/tasks/acquire/attempt_0000/result/catalog.json::dense_v1_train_x2.85_family2/variant_7,/home/qy/DVGC/JIT/runs/campaign/all_proposers_v1/round_000/proposers/pi_3,f77eee91c68b6dc8c83ac6caa76ba46e8ff65c4ee6d58ded5e07d4dbd1b3e096,c38345b09f7189b8098525b44009ca3cc4c14c578cdb766c6fdc2dabf6f053fd,b1ee8c318a18435ff804c7639d9677bebe4b422dcf1382f99be6869f9185beb6,True,0.34978494167327884,-24.60847319271331,512.9444199507763,18.107405225594086,-566.7040739267595,17.48567078520857,1.0424258613586426,1.1204237397351806,1.5943455696105957,-0.002596622332930565,0.5072933435440063,-2.1578168413657,-206.5893577119257,11.146212173526843,3.197518825531006,0.003121791174635291,0.43132537603378296,37.63131996806253,-37.0698510975308,4.295171566448355,1,1,1,1,1
72de82ed067db2bcfc568deb2d5e502f5e1c52d206c0eedc8a18d32fa923c01c,pi_3,upstream,/home/qy/DVGC/JIT/runs/campaign/all_proposers_v1/round_000/proposers/pi_3/tasks/acquire/attempt_0000/result/catalog.json::dense_v1_train_x2.85_family2/variant_7,/home/qy/DVGC/JIT/runs/campaign/all_proposers_v1/round_000/proposers/pi_3,fea0eddd10a26643a73db7237950145abc42ff14022fcd296b396ead3e9af0b6,bd8e14e22395c1266eb31c39e68b8d5dcd60cd8fb67a4a10769baaa13b2da1f3,b296c69f89ab4c8da0fa8839535832ce3b27372ebf106cb0649f0d3a60a57c3b,True,0.3457051753997803,-16.71210003099803,408.42441198790226,10.088693130560122,-389.7491448347133,13.924477550077528,1.027657299041748,1.124960573494316,1.6828968524932861,-0.0014527990715578198,0.560074508190155,-1.608632919829886,-194.48975955951815,10.857054407467059,3.230638265609741,0.0030920200515538454,0.4428919851779938,39.08635858204493,-30.269851363649504,4.441415888734902,1,1,1,1,1
f4734860f77d2e9f523545bb4751dc74acf82b111aabd0e2bc670c46d58fef3c,pi_3,upstream,/home/qy/DVGC/JIT/runs/campaign/all_proposers_v1/round_000/proposers/pi_3/tasks/acquire/attempt_0000/result/catalog.json::dense_v1_train_x2.85_family2/variant_7,/home/qy/DVGC/JIT/runs/campaign/all_proposers_v1/round_000/proposers/pi_3,689ee9c6648d058f3b286adadb2cb56a6a6db3b83d9acd1ecbceaa0398813f17,dd22438808fe33ef3c319d52c2900f95ec9b08dc70eca7eb0789d3049e89521a,67caa61501d115f7d1e718fafc13163159ea23b807e53a38790d88724488b7a7,True,0.3869136953353882,-7.30992031297329,364.00293800364705,5.227089557184222,-213.26002098368363,7.445858772581259,1.0711613655090333,1.1295330100169283,1.8054296970367432,0.0036479763220995665,0.4418521821498871,-0.9052644146919101,-230.0408532082995,8.628194634109942,3.3020753860473633,0.003196418285369873,0.4660552442073822,40.090444201360995,-4.518595315239268,4.717198171177931,1,1,1,1,1
d8cdb3d0c4e33ea8163b074b42be399f5e0f64a808a40abb6058dfb84a789f1a,pi_3,upstream,/home/qy/DVGC/JIT/runs/campaign/all_proposers_v1/round_000/proposers/pi_3/tasks/acquire/attempt_0000/result/catalog.json::dense_v1_train_x2.85_family2/variant_7,/home/qy/DVGC/JIT/runs/campaign/all_proposers_v1/round_000/proposers/pi_3,a24fcfdc8de69e15ade2ce69254a1738510e3e4f384e26958ccd6cf25dfdd383,a29544cecc6a66c50e71980a1c89cd81749ce0d7b477564b4679938f3473ea75,fd71b765f80f2d8b6f165bea3d96344f5ff7b5d9b98fd5e0e72bdd4e64c83301,True,0.33262276649475103,-4.588889487742923,204.28825332017004,5.532997508409814,-52.36412680023924,4.706751221289083,0.9924113655090333,1.127705017899444,1.866150140762329,0.003422678215429187,0.5117686986923218,-0.9323699136914,-165.52336442160095,9.578589843907828,3.3392534255981445,0.0032774892169982195,0.47675690054893494,40.8119717249028,-4.069775900914914,4.862053462562834,1,1,1,1,1
2672c0bd37638828a72d5b110bdecdd84759ac21a07ab953dea1d31c960f7b2d,pi_3,upstream,/home/qy/DVGC/JIT/runs/campaign/all_proposers_v1/round_000/proposers/pi_3/tasks/acquire/attempt_0000/result/catalog.json::dense_v1_train_x2.85_family2/variant_7,/home/qy/DVGC/JIT/runs/campaign/all_proposers_v1/round_000/proposers/pi_3,94493e5c7e8505586042adc53ce0e7ef6b728765c00b1340148ce6aebb9a3ece,e7d05050889438ce78eca6383ed2288c772893e0ce39c98d6d014a6a24b41b6c,498cfb98ab04c9a3e99584742c4d8336fe3d71a5d2562fccb254060c321401fa,True,0.33121966361999516,-2.4275446402275005,255.91516706743855,5.739265379362791,-155.67108975142435,2.457340145558054,0.9928950881958009,1.1213405700837584,1.8506032228469849,0.00017703430785331875,0.42387402057647705,-1.0123781092986945,-165.87638957904224,9.935228171420043,3.3766636848449707,0.0033115416299551725,0.48696669936180115,40.637180353853005,13.220096662163664,5.038361492639579,1,1,1,1,1
aaedfa7d389cfebf768b8b761bf9eac610fdfbcfce173bb66687a711cb36fccf,pi_3,upstream,/home/qy/DVGC/JIT/runs/campaign/all_proposers_v1/round_000/proposers/pi_3/tasks/acquire/attempt_0000/result/catalog.json::dense_v1_train_x2.85_family2/variant_7,/home/qy/DVGC/JIT/runs/campaign/all_proposers_v1/round_000/proposers/pi_3,aaf117f0c25ffcf7b8f44082d815d2b39cdda59f86a8a7bf73cc02d1c6db8fad,40e15933aadc595db04446cce4cc6404d761c1a8585424f29c32a283f921d241,4150dc4448fe93ad6c2f7326c5f15e4e65e1de01f582858669ceddb6397a93f7,True,0.24105496644973756,-2.4546084110400295,44.76144665019263,10.070613619827098,64.39259194753569,-0.11580439058991696,0.8930590915679932,1.0703449017669053,1.9336766004562378,-0.0005932298372499645,0.47911256551742554,-2.0324914078324285,-84.19930725749393,10.29453795667138,3.4533779621124268,0.003312336513772607,0.508431613445282,40.0177163470787,18.928223209100366,5.448380208060615,1,1,1,1,1
30aaadc3c254a91b357e56cbb17316c67f71971262d797a91451f34c5565f687,pi_3,upstream,/home/qy/DVGC/JIT/runs/campaign/all_proposers_v1/round_000/proposers/pi_3/tasks/acquire/attempt_0000/result/catalog.json::dense_v1_train_x2.85_family2/variant_7,/home/qy/DVGC/JIT/runs/campaign/all_proposers_v1/round_000/proposers/pi_3,852e86dbc138d60df4ab6c4413e6cffefa1b650acf440f13fa12a6e186c1e842,b69184a23541e79d4dd551ef435a048cbdce5311a914cbcfbee3e1aeb9f903eb,d4af70ddffc05e3322ea371f67e10c6657ca02f300736e213d4d2f6caa2fd627,True,0.23984560966491703,-3.61377027381006,80.29866135458052,13.125682957266578,12.477474099370273,-0.8448438073099717,0.9031292819976807,1.0267800199290944,1.9302048683166504,-0.0018999222666025162,0.35619473457336426,-2.5463389188103585,-92.4656939646636,9.701894395220423,3.4922382831573486,0.0032819684129208326,0.5178189873695374,39.20081547706142,33.724424442058556,5.669121688448768,1,1,1,1,1
b290808ddc3eaac1fd0b0291f4a772b3f600263ae06aca1d9dfef7b391e0d1a4,pi_3,upstream,/home/qy/DVGC/JIT/runs/campaign/all_proposers_v1/round_000/proposers/pi_3/tasks/acquire/attempt_0000/result/catalog.json::dense_v1_train_x2.85_family2/variant_7,/home/qy/DVGC/JIT/runs/campaign/all_proposers_v1/round_000/proposers/pi_3,314b006ea9018b792461fb623361453aa2fc70199b28ab8ec0cf52f05a03eddb,1ad07641d08ffe21bc33feb2acd5f57ea2f16f6e8603ccdac0412b80f9da80b2,ae4da9418f553080953e430445df0fdfab8f86db6fcdb9d95b9b44bd6a4968f7,True,0.23427649021148683,-5.85762828881088,41.82642215628436,17.925699995556943,108.2356513619284,-1.4148038569351815,0.9134513473510744,0.9643157373445422,1.985060691833496,0.00010415109136374667,0.3883179724216461,-3.621734274382295,-100.93329121459267,7.662363196787826,3.531935930252075,0.0032717629801481962,0.5274156332015991,38.45097681940991,39.40961435998871,5.869600640794198,1,1,1,1,1
a67a0605c0cff392a7ded9869fb30e8bdf36ee5926ec38f788015148e49cbf14,pi_3,upstream,/home/qy/DVGC/JIT/runs/campaign/all_proposers_v1/round_000/proposers/pi_3/tasks/acquire/attempt_0000/result/catalog.json::dense_v1_train_x2.85_family2/variant_7,/home/qy/DVGC/JIT/runs/campaign/all_proposers_v1/round_000/proposers/pi_3,975a613bd11d25419cce8195a6fd2a16f506bdb6a512f2d838daf0ee4b96a5a7,b0179b19c603594e30f23f2a173021a6a36ee7ce6342dc7e2e3fdd91c0488861,bb12b108a7706547f5c40173e968e5b05f050d85c5d34e998360d8b436b1a531,True,0.165454421043396,-13.806683553368114,-88.18313120411976,30.61408606762898,211.69568909769725,-1.0857801656343031,0.8394123363494874,0.7856121658259689,2.011967420578003,-0.0027841487899422646,0.35787907242774963,-5.14780429441189,-40.33627636996809,7.280956895797852,3.6125004291534424,0.0031731771305203438,0.5481923818588257,38.22209035013361,24.463821738923485,6.251333014661566,1,1,1,1,1
aa543a4d5d6208d75c614e2296eb7fe249899a18b78b63e94b293cdd45d78c13,pi_3,upstream,/home/qy/DVGC/JIT/runs/campaign/all_proposers_v1/round_000/proposers/pi_3/tasks/acquire/attempt_0000/result/catalog.json::dense_v1_train_x2.85_family2/variant_7,/home/qy/DVGC/JIT/runs/campaign/all_proposers_v1/round_000/proposers/pi_3,f2e0cd3ada3bec39c6b607f12c1aca4005a7e70c91d1185a48ce7929248e76b6,199564f136f9dad963f00cb3e12b2c164a31bc1fbeb667126ef0d2eef9f599ce,47ee37c528072d5738e013d2e04c5fb01c639539d7d30b0398371146768ac80f,True,0.15791871786117556,-19.73760916348334,-158.38660904088135,39.426044380037176,356.0621873953469,-0.39503967923998456,0.8438815307617188,0.6713318946142752,2.0656919479370117,-5.555714960792102e-05,0.3934239447116852,-6.1880941851972535,-43.97436638609163,5.261801005433049,3.6535587310791016,0.003121157642453909,0.5591802597045898,37.222331655656745,37.473423069924756,6.425165447893381,1,1,1,1,1
25acd86af9329690945706c4d2277776d0625475ef0ad86d41beca22af526ff8,pi_3,upstream,/home/qy/DVGC/JIT/runs/campaign/all_proposers_v1/round_000/proposers/pi_3/tasks/acquire/attempt_0000/result/catalog.json::dense_v1_train_x2.85_family2/variant_7,/home/qy/DVGC/JIT/runs/campaign/all_proposers_v1/round_000/proposers/pi_3,8718da5110d88268bbbbd67b55d84965e60fcb894d36c539e595ef7cf4f896bf,f3fff76238dd655ebd191426b2bec2bee66bc0c73d8c61eb6cea1a55d35168a8,bb55805ab2ed143cf538ce4c6a8c6404caffa000771d8192b79a60fb117f3a97,True,0.045506590604782106,-29.4186766043771,-392.38764691108923,51.707892470068174,549.0711482824279,1.828897680860805,0.7156402778625489,0.5384794916861547,2.0773556232452393,-0.004291709512472153,0.6346745491027832,-7.42947679797884,60.99903977917154,6.0148378991634175,3.6950364112854004,0.0030216695740818977,0.5740391612052917,36.25964381290013,37.4219815001908,6.612491043126934,1,1,1,1,1
e12d1704591e47a984706ffcdb92ec9debc6635108c4a137dfdf4f21337be1ea,pi_3,upstream,/home/qy/DVGC/JIT/runs/campaign/all_proposers_v1/round_000/proposers/pi_3/tasks/acquire/attempt_0000/result/catalog.json::dense_v1_train_x2.85_family2/variant_7,/home/qy/DVGC/JIT/runs/campaign/all_proposers_v1/round_000/proposers/pi_3,de6f91be28bf8bde5be79b8422aafdfcbbced4a3fc831097d5947174970677e2,28363e129678d8f49ddc065965371b15964cd565b85e15901fc1f3d6532a6ec3,e87db76cc0e24e1b760fb45eff0840021d65ff853159513a264ec3de29074017,True,0.01656882256269455,-40.68826333865553,-459.9966295802973,65.46908440224306,627.3182325462009,4.573095524670168,0.6988538455963136,0.38070046761208387,2.082378625869751,-0.0070587461814284325,0.7598360180854797,-9.077678284331078,74.73698857760087,4.5913043865013465,3.7365598678588867,0.002859831787645817,0.5917301774024963,34.27012582089131,51.70187848850397,6.779885012963055,1,1,1,1,1
3671c72815cd08fe25d478402d81b18bbe5b755595207da5f44fdae423c3b35c,pi_3,upstream,/home/qy/DVGC/JIT/runs/campaign/all_proposers_v1/round_000/proposers/pi_3/tasks/acquire/attempt_0000/result/catalog.json::dense_v1_train_x2.85_family2/variant_7,/home/qy/DVGC/JIT/runs/campaign/all_proposers_v1/round_000/proposers/pi_3,6e4ad36abe1124e44a10f9fb1245fcfcf9fd86a36c3ce7742998dd7b17f56b1a,620fcdeb5d7daccb4d22799937bf760f978eee2060c0c188c3cae0e15192193e,4a592b518f76b8e425917a66386d85418eba20c66ad78d6f2af5f17ef687a70e,True,0.1877210021018982,-49.71217949648214,-331.2303516488485,81.63102635597491,802.1815664690924,4.3817981785248,0.919955701828003,0.18417196364436297,2.177905797958374,3.3597603760426864e-05,0.9062928557395935,-10.939836300207615,-106.24336714330573,-0.4473186403368025,3.7795217037200928,0.0028098663315176964,0.6113139986991882,29.007454820112727,104.77454179248366,6.847419509605721,1,1,1,1,1
7d153b1f8cbc3f751e725e38391eaf29332bda6e903f82ae93a39a0ed52161a0,pi_3,upstream,/home/qy/DVGC/JIT/runs/campaign/all_proposers_v1/round_000/proposers/pi_3/tasks/acquire/attempt_0000/result/catalog.json::dense_v1_train_x2.85_family2/variant_7,/home/qy/DVGC/JIT/runs/campaign/all_proposers_v1/round_000/proposers/pi_3,71410e47bd80b622bb68a8ba633d01df4ea07054db1d382838e54f457f0b5463,9eee2d96bbda4fed8dfd4d659ba3d3ea42da165bf40763082fcdd5e1f4febc27,489491ded18cec136fa5e8e9cbfc14cfbe070bf53d48bc90e36fb41e19b0052b,True,0.24084925413131716,-60.89204486582329,-170.3078572936815,112.55536352136795,601.4780423121551,-1.3034348674279161,0.9916185569763184,-0.3787468957571951,2.120671272277832,-0.0120902881026268,0.4354245662689209,-17.466613953136413,-164.89597056520026,-1.2825305538277991,3.8657588958740234,0.0025933319702744484,0.6448615789413452,20.234947680350526,85.20697872612425,6.855729664970422,1,1,1,1,1
41da713b0f2e4f61b09c81fa52c4d541f4994623bce54c1b9ddb0a95b8b8d624,pi_3,downstream,/home/qy/DVGC/JIT/runs/campaign/all_proposers_v1/round_000/proposers/pi_3/tasks/acquire/attempt_0000/result/catalog.json::dense_v1_train_x2.85_family2/variant_7,/home/qy/DVGC/JIT/runs/campaign/all_proposers_v1/round_000/proposers/pi_3,dd96702f739880ca1f2c1e201615eaf4627c613b7b181407b9cf9610605880ca,f35544fa45c3f07e59d4bc266e74cdabd7b8a1bfd37165ac2c59fcea4fb44ea8,83d1078cf799983aec36c0dc0ea48e18094a7f5d475edbc67c47d6ead457f404,True,0.21419924497604373,-64.38378100350637,-118.63169788249722,122.83479139204798,428.6912498214876,-3.930150328978903,0.9652594089508058,-0.7656546826747771,2.078734874725342,-0.020603280514478683,-0.05189264938235283,-21.120372423215958,-143.3034749759855,-1.0198646369592632,3.9073727130889893,0.002237645909190178,0.6491690278053284,12.161039972860044,139.146430601819,6.897327491048378,1,1,1,1,1
83cd292cb0e1d0ef4ab9883dac430dd06d9b60976f72cf00c3caa3a159cf0b9e,pi_3,downstream,/home/qy/DVGC/JIT/runs/campaign/all_proposers_v1/round_000/proposers/pi_3/tasks/acquire/attempt_0000/result/catalog.json::dense_v1_train_x2.85_family2/variant_7,/home/qy/DVGC/JIT/runs/campaign/all_proposers_v1/round_000/proposers/pi_3,e670615d6dbed2f49d78fcf634dcf3ecd5f21275daf4ccc976e1cb9cc8ce548c,6b358b2af6bbd771e13021e63c8eb708451a3e53b576048b1091142acc401b02,94354b471b41530ad225d1244d699804cf6a7fa25b9869916463df1e7bad03a1,True,0.08461438655853272,-66.61252637119489,-65.31559639121454,127.14024211650053,19.627443334812913,-5.330851030792024,0.8287359237670899,-1.207380304249169,2.0123887062072754,-0.038357485085725784,-1.0994338989257812,-22.010996647587064,-31.564428343460797,1.294206228605407,3.947908401489258,0.0016234313370659947,0.6376270651817322,-3.8297485393286794,-189.33683262322873,6.975576347595746,1,1,1,1,1
404977881aae5cad8b3000dd0244fc9c63665faf12218c3bcd4cbcf1c37b4e39,pi_3,downstream,/home/qy/DVGC/JIT/runs/campaign/all_proposers_v1/round_000/proposers/pi_3/tasks/acquire/attempt_0000/result/catalog.json::dense_v1_train_x2.85_family2/variant_7,/home/qy/DVGC/JIT/runs/campaign/all_proposers_v1/round_000/proposers/pi_3,6cb13a3cbee404f8ce21e0df48c43f379996074ebc2c2251adfb6a8efde1318f,c14e93932c3e30e9f68dc7f92be3f899f23198d22ee68ec93408641ae449c6ea,12c9c374fc17cc2246cc11ad35b3fbeb5e34f39cbda45abf8c6a57ba22cb0ba3,True,0.11391850352287293,-68.44776405023147,-49.20617859220009,127.81047491937554,37.08460089104344,-5.691330432493577,0.8513615417480469,-1.6568109662922308,2.019780397415161,-0.037172723561525345,-1.2587389945983887,-22.680710356085154,-50.079032371898116,-0.7398402745628161,3.987823247909546,0.0008437952492386103,0.6146832704544067,-12.283968863768287,101.0243034852831,7.018206788492446,1,1,1,1,1
33c19689cbacaa7c6d1eb3bc516aa075135c2982c42a71a45867c788fc4f5b0b,pi_3,downstream,/home/qy/DVGC/JIT/runs/campaign/all_proposers_v1/round_000/proposers/pi_3/tasks/acquire/attempt_0000/result/catalog.json::dense_v1_train_x2.85_family2/variant_7,/home/qy/DVGC/JIT/runs/campaign/all_proposers_v1/round_000/proposers/pi_3,ea8612fa08d582f9ce2ce2aade03be068ef6db638a2c4ddf3997249dbb49c24f,7517f8bf4f609fca73d7b387730d26b8f9ab4cb250ce0d2a77cf71c106b292d9,1fa11d64f8eafd9cc1f0490adb7b724b5213f19573b62ffb2903abd0099a3cd7,True,0.11880498051643373,-69.50413476764399,-14.55084717759299,127.89567469908228,-17.42662319554599,-6.373479529666487,0.8550096893310548,-2.110959367933634,2.029810905456543,-0.039254624396562576,-1.5804502964019775,-22.65024429729231,-53.0613627559979,-1.2988967542962075,4.027994632720947,4.94629712193273e-05,0.5863117575645447,-12.78298419207671,31.50526182977556,7.030063225750454,1,1,1,1,1
8a86a47f0ee786328cd748722300f0b288d12fdf1e5be86ce30300984a53c4ec,pi_3,downstream,/home/qy/DVGC/JIT/runs/campaign/all_proposers_v1/round_000/proposers/pi_3/tasks/acquire/attempt_0000/result/catalog.json::dense_v1_train_x2.85_family2/variant_7,/home/qy/DVGC/JIT/runs/campaign/all_proposers_v1/round_000/proposers/pi_3,0f8bb78d1efe37df06472ce45a3acc35b4a0af3b6dae13a3aa8a6ef40e8b1024,098fa6144a221b8546932fa2bd55df0fe9a73569582b09788811677343bd1d20,3f0671d7eee19825e006494a4c2b2849274a75248614e102b42a3d26cf58b6d7,True,0.15072993516921998,-70.54467310656041,6.778902133308772,120.71818407015272,42.4678588816186,-5.473552022220726,1.1671241760253908,-2.9153904908165367,2.027777910232544,-0.027404041960835457,-1.8553149700164795,-19.666868894249518,-84.54660871641073,-3.0673237640275404,4.108425140380859,-0.0018919327994808555,0.5028265714645386,-7.561076614038414,-71.51296170443644,6.939596510462596,1,1,1,1,1
157f89e34bf4680d85ebd311dddd3742613131ac6f3fbb33485fc00f6c033ae6,pi_3,downstream,/home/qy/DVGC/JIT/runs/campaign/all_proposers_v1/round_000/proposers/pi_3/tasks/acquire/attempt_0000/result/catalog.json::dense_v1_train_x2.85_family2/variant_7,/home/qy/DVGC/JIT/runs/campaign/all_proposers_v1/round_000/proposers/pi_3,37b4c065d148f0aa0095ff4f9ef894d67b5f03a91ffdfc37bed1c6f34b164d81,699fd90c5d2f90c7ee9f9ce988a43380516a209cf8e55024595f5461de5a5f7d,31fbb24496fcce136fe03204a8063ce55bd7b136cf0e87dc27a2e4ce907cfe2b,True,-0.008046023920178414,-70.48221102660064,25.64348078594931,117.45933689259957,-309.0808404724409,-5.449027243674838,1.0090983963012696,-3.2846436101342498,2.052402973175049,-0.055390097200870514,-2.7264320850372314,-17.590404301653724,44.77889778352201,-1.3944420294396944,4.149007797241211,-0.0027904254384338856,0.455951452255249,-6.013754033519501,-36.22046926291552,6.89010922379538,1,1,1,1,1
4b4030f956b4bbec83e3693f3bff01bcd8dad49522ae24d23ee10b03c0224e54,pi_3,downstream,/home/qy/DVGC/JIT/runs/campaign/all_proposers_v1/round_000/proposers/pi_3/tasks/acquire/attempt_0000/result/catalog.json::dense_v1_train_x2.85_family2/variant_7,/home/qy/DVGC/JIT/runs/campaign/all_proposers_v1/round_000/proposers/pi_3,206994910bf866bb2fb008c1532134dde1260b8bd1069efe8acad5c1f24627f6,6ef8a6236b892ae53c0391f51d9d403d2f382849b8b20b54923eef7a66dbd8ff,2ab988466e59088047535e3aaf231e0cf91b31735f62f5bb2384e22362fa1e35,True,0.14416084289550782,-70.52216080305604,28.48678096194619,115.12216910202626,13.422547738031072,-5.644513853599562,1.1664031982421876,-3.6247634223583645,2.0284597873687744,-0.025066737085580826,-2.3091859817504883,-17.418565279872666,-83.98615071387617,-3.7132028870866365,4.189383029937744,-0.0035609996411949396,0.40721943974494934,0.9042306015280053,-116.06679792461736,6.826325202312529,1,1,1,1,1
3ba050f982878bbd7c8c97727614142a7ec0ebf3f96d910f0a90f7f683f96511,pi_3,downstream,/home/qy/DVGC/JIT/runs/campaign/all_proposers_v1/round_000/proposers/pi_3/tasks/acquire/attempt_0000/result/catalog.json::dense_v1_train_x2.85_family2/variant_7,/home/qy/DVGC/JIT/runs/campaign/all_proposers_v1/round_000/proposers/pi_3,d0e3d50533d334d91814ee732a4ab9b23caadba3c3e08fe26316ed67599808fe,fe2d7800a7c1ee6cd19aae404cf7ceb3aa968dce57e4947a7f3122c40c9e0490,d4e86235cbf5252b3d04ee13460672b04ae89df0fe6292f15b2c65de33b83862,True,0.02344492077827454,-70.1385159075656,36.71954777047377,112.05232008899651,-241.6688677796527,-5.812852288194184,1.3029953765869142,-3.954257654232463,2.0593440532684326,-0.04811622202396393,-2.965524673461914,-15.962693382811523,15.106995330761277,-2.5690490843572396,4.230094909667969,-0.004384639672935009,0.3531511425971985,0.0013565662826144466,-5.790298845293833,6.780372174488291,1,1,1,1,1
4a9f2431da1f9d51d6d25e8aa01213c8b104797f973d1c767393d2631977e9c5,pi_3,upstream,/home/qy/DVGC/JIT/runs/campaign/all_proposers_v1/round_000/proposers/pi_3/tasks/acquire/attempt_0000/result/catalog.json::dense_v1_train_x2.85_family2/variant_12,/home/qy/DVGC/JIT/runs/campaign/all_proposers_v1/round_000/proposers/pi_3,59e2f5705e455f74d58ff296f81828baf039fe2eaa106a31ab92a3d44e574f43,04b2cac7ebda9090c32f0db9f94173c20add195889ae06e75aa348b44e9f9509,3c27b762fb3f2bf9e0811d33a3cfd764e4e01732e78b3673aea629a1f0dbcf7f,True,1.8628202056884768,-72.53007932468888,-29.890495826957824,143.65076277452397,-70.09096413056398,0.1824271724684711,0.32935326576232915,-0.2949166804165991,1.8953231573104858,0.08928244560956955,0.06774409115314484,17.16407243139799,3.14611447841528,51.167897714286966,2.7401504516601562,-0.0010051679564639926,0.11907690763473511,10.912370402007701,-114.45483229935932,-0.056499937688790046,1,1,1,1,1
ef7bdaec6545c1c2dcafacba63c1347003fb281e4065ffce594c12b7522fec75,pi_3,upstream,/home/qy/DVGC/JIT/runs/campaign/all_proposers_v1/round_000/proposers/pi_3/tasks/acquire/attempt_0000/result/catalog.json::dense_v1_train_x2.85_family2/variant_12,/home/qy/DVGC/JIT/runs/campaign/all_proposers_v1/round_000/proposers/pi_3,83d4bf9ef4a4e57670e7ea57938fa2ba0ad7c7ba6c5365a93ce6ecf3c7daee1e,8a2cae9e32a4edc2f09e6f6d14fcb73cb880048678a3b139ccd3ce1a2b2ba603,6028ba7d5babddd44eaaf041467662b2e434ef03b714f76dd88d2308724e8c88,True,1.935055103302002,-72.2015882067463,47.09009036468176,140.5091762846416,-232.12501713163718,0.11431341100836136,-0.3343894624710083,0.05534011050647581,1.8991501331329346,0.0869288370013237,-0.024382641538977623,13.969376098076879,-8.274658066254558,47.50877754570896,2.7779183387756348,0.0009091930696740746,0.11888373643159866,5.654011385029515,48.56197222515741,1.0324173957360758,1,1,1,1,1
494199b714b9dfd3dc3b6a4ae5d1d6f799435b4823e27fb5289ab8203f1f2102,pi_3,upstream,/home/qy/DVGC/JIT/runs/campaign/all_proposers_v1/round_000/proposers/pi_3/tasks/acquire/attempt_0000/result/catalog.json::dense_v1_train_x2.85_family2/variant_12,/home/qy/DVGC/JIT/runs/campaign/all_proposers_v1/round_000/proposers/pi_3,de69e2ca01739ad0562b79a2e16a6bcbe277cad327565a811e7b9e941ea96a91,1f8fc680e353be7b3aa78c91409fe138eed3a0f027c0c5ee3568c0ddac5b4d26,9408fa7798d423377d53d8c07fead35158e421b60f0800f390157fe97979463b,True,1.937736339569092,-68.60285032552578,250.2800424361246,125.02184528504274,-576.5530427853779,0.15944771377089012,0.6414011955261231,0.5664289618036448,1.892030954360962,0.08550646901130676,-0.0630750060081482,6.933339967518753,-21.87171884512675,28.469360564468076,2.855698347091675,0.0049066608771681786,0.1192004606127739,1.9731432538039533,49.537924295282195,2.6462464623905717,1,1,1,1,1
1773b3605ff83bc85783beba93ded253a6ba28995a00e52ac8cd61f0befc7c69,pi_3,upstream,/home/qy/DVGC/JIT/runs/campaign/all_proposers_v1/round_000/proposers/pi_3/tasks/acquire/attempt_0000/result/catalog.json::dense_v1_train_x2.85_family2/variant_12,/home/qy/DVGC/JIT/runs/campaign/all_proposers_v1/round_000/proposers/pi_3,aae809b9221a86999297c3466b5fb42727699e402116d318ed8d3e0993c405b5,6af0e1ca49ea7a1d370c98826440885b282a63d26822d30696901b514bdd1b90,db20a0d975634713f2915a1f55b88b70255f22481ae397706abfca1423ad7185,True,0.9469447040557862,-59.79811493816487,539.0738823565503,110.72853380519966,-836.2976510336324,-0.42456478969350075,0.44537487983703616,0.6986398203623675,0.9476766586303711,0.03535006195306778,0.06442197412252426,5.786310868592192,22.97168495246416,10.788224029879903,2.8856425285339355,0.006266127340495586,0.11724520474672318,1.5448563486200095,8.382105479635321,3.0032835794995933,1,1,1,1,1
83afa7abdfe524166bad303a4a168c9717db34e4761dc8439efa94d7fd390fc2,pi_3,upstream,/home/qy/DVGC/JIT/runs/campaign/all_proposers_v1/round_000/proposers/pi_3/tasks/acquire/attempt_0000/result/catalog.json::dense_v1_train_x2.85_family2/variant_12,/home/qy/DVGC/JIT/runs/campaign/all_proposers_v1/round_000/proposers/pi_3,3e34b5cf2e629af885c414b5bdecd1e5ce8e655b0c86db7dcd5511b7828756f1,d3337b56c8f37f23aef72fe8eb8859dc3eee0ed1aa06fd66b8c7b20833686ca2,d2cc943a9a4c91bec07cca114ff46e6dad08e145e27f8563a48446b3d3ee9967,True,-0.4558969163894654,-53.4355888206229,-470.015916036059,29.75312706237053,295.4751036457755,32.34573016471095,0.1930942225456238,1.2246916854930392,1.4268361330032349,-0.0034716760274022818,3.32385516166687,5.0899056345913385,280.0502142355689,-3.7638897209173012,2.9476661682128906,0.005893543362617493,0.24757365882396698,-8.4059693068217,98.68756599662751,4.271961307610846,1,1,1,1,1
f71c200531164de67dfcf5dc605344f06e864db3e5998a26bcc49b4d2b1ed9aa,pi_3,upstream,/home/qy/DVGC/JIT/runs/campaign/all_proposers_v1/round_000/proposers/pi_3/tasks/acquire/attempt_0000/result/catalog.json::dense_v1_train_x2.85_family2/variant_12,/home/qy/DVGC/JIT/runs/campaign/all_proposers_v1/round_000/proposers/pi_3,b2153fa09d29c663cb135134a65a5d895e70907f5219cd36425e6e3ae593b0d5,c14e91c3d474264c61b8c9f3c48faa68258e9068892042cc767095ce0597239c,e0ec52d693f535d83122356545f5441b69ccb016a29ed3e6d331431dbc86c7f0,True,0.21548510551452638,-60.323110598528736,-163.25026380544236,46.31693685629841,1000.3320205557923,31.251831981909216,1.3122399139404297,1.2422217301407692,1.7011306285858154,0.011765244416892529,3.110316753387451,9.796358472762638,-281.79945300276586,-13.932064482188391,2.9801464080810547,0.006106921937316656,0.31216639280319214,13.705779461212224,173.43316061258258,3.8951759836244024,1,1,1,1,1
7f41b3a9261038de81cf8807ab26c7b96d36ed71a74f9eaa6095bcbcd0bbd8d6,pi_3,upstream,/home/qy/DVGC/JIT/runs/campaign/all_proposers_v1/round_000/proposers/pi_3/tasks/acquire/attempt_0000/result/catalog.json::dense_v1_train_x2.85_family2/variant_12,/home/qy/DVGC/JIT/runs/campaign/all_proposers_v1/round_000/proposers/pi_3,b5916ec348862ec134f6601b0ee013cce803b17caf143e660d73bcaf38b4f6e9,636c504aff55b08c53abd15023a2e1329eb31416c7ac17ed8bca60d877a08bcf,26d41c133a003d092cc2c31d5e07d06a15c590ffb56425d0964fc54d28e887c7,True,-0.15501586437225343,-64.19283623506949,-50.48644974079479,72.41012754248511,12.84983039970998,23.91429660685833,0.9024454212188722,1.2194834616062857,1.337032437324524,-0.0005376139306463301,2.1746013164520264,4.061009780002026,53.5947527188517,-3.405641603195078,3.043315887451172,0.006198605988174677,0.4271980822086334,32.20411654036751,3.1152898346910125,3.1986194432791106,1,1,1,1,1
8c806f14128621c46f24be58410ed1fc96e6a46851a3e3dfef509be099f9d5e5,pi_3,upstream,/home/qy/DVGC/JIT/runs/campaign/all_proposers_v1/round_000/proposers/pi_3/tasks/acquire/attempt_0000/result/catalog.json::dense_v1_train_x2.85_family2/variant_12,/home/qy/DVGC/JIT/runs/campaign/all_proposers_v1/round_000/proposers/pi_3,6f47930f914ea2823a632259eff2da8c70912aabc86aa447df578551894768e6,4b445efd644f94e5d4953e00a4002e772af6f8b060d2277601a94653d64a73de,fe49a7f335246a8bcf2d27ec3f1030d5c83921aabaa144416f84625f116b5bed,True,-0.05056621074676514,-57.86916023352655,309.97742574441014,58.514421864796,-440.84423273244795,25.53206223432596,1.0234112071990968,1.3422161227474831,1.197044014930725,0.009736469015479088,1.0392358303070068,4.29394783211661,-45.41059124400523,-4.242739769474909,3.0918617248535156,0.006439534015953541,0.4843854308128357,33.651973210437646,-0.1862627671423253,3.108259649471424,1,1,1,1,1
c9c174753a849cc9bb5959fe6aa09b1a0c4af5573727e3b7460775d59b1b87b6,pi_3,upstream,/home/qy/DVGC/JIT/runs/campaign/all_proposers_v1/round_000/proposers/pi_3/tasks/acquire/attempt_0000/result/catalog.json::dense_v1_train_x2.85_family2/variant_12,/home/qy/DVGC/JIT/runs/campaign/all_proposers_v1/round_000/proposers/pi_3,44f6558871f88fe3b6b14211fa10344e593a291cccb1cbd12b06b47fa2910903,2d7bdf4619388be4d71c999636312039d365b840fea91059607c081d74455a5e,c9e251586f87e0fda45e5f600f043895b510aff5cf7b5fece173d004d40911d6,True,0.05971458435058594,-39.2771462561309,465.76431452302285,38.679152949012526,-502.37352741764425,19.4764585480544,1.1569793510437012,1.3472872063086785,1.201775074005127,0.010465584695339203,0.6750636696815491,3.952837512795595,-154.7421703639243,-7.730256984685045,3.1395983695983887,0.00693804956972599,0.5142646431922913,35.66607305326934,-22.483142011700657,2.6469469199771094,1,1,1,1,1
99ab6e0e02a5232478221ec9c5a0e77ed07b9f2a87c3591e61eb6c4a62ee7b6b,pi_3,upstream,/home/qy/DVGC/JIT/runs/campaign/all_proposers_v1/round_000/proposers/pi_3/tasks/acquire/attempt_0000/result/catalog.json::dense_v1_train_x2.85_family2/variant_12,/home/qy/DVGC/JIT/runs/campaign/all_proposers_v1/round_000/proposers/pi_3,3705df264191fa0d3400be3b76fb01be945861a2eea90867ac0a3001b27dc163,10d7e7defe6392e4b976fe23d491da9703e86cd39716923aa9a3e252f7ffbc97,58088a479f985f8467e1959bd07688cd97965884de1f8c36e694728b8a0bbdde,True,0.04586456775665284,-21.109715620563446,426.22383032344214,17.391195004321133,-478.3336657657872,14.053745629560911,1.136909065246582,1.3429705879982365,1.2335059642791748,0.004687025677412748,0.6324308514595032,2.863993301304492,-138.28291710581095,-9.337671996408554,3.187357187271118,0.007231866009533405,0.5395445227622986,38.38477521087956,-17.246302786363067,2.150092535510115,1,1,1,1,1
41c65c4a1e021aa7987e8a6f42f4a7cc064cac374a7789b87dc2efd3d38187e1,pi_3,upstream,/home/qy/DVGC/JIT/runs/campaign/all_proposers_v1/round_000/proposers/pi_3/tasks/acquire/attempt_0000/result/catalog.json::dense_v1_train_x2.85_family2/variant_12,/home/qy/DVGC/JIT/runs/campaign/all_proposers_v1/round_000/proposers/pi_3,81e50c1f688187e9ecf305bb13551e9cbb0c763e4651c3af1e3c0316f9717f13,0a18448ae750bd6bba3ac7bee63d5e71327aeecf078f689f8cc64ef081fae9cd,8ac9e927d8d8ed9ba9311c03bddabb11618710874c863d572d10af93a600e49c,True,0.07729855656623841,-11.5893591157455,308.8265115485063,10.646429302710438,-174.41572430582394,9.60565648096098,1.1729530143737794,1.3191212407254462,1.3889477252960205,0.0027800900861620903,0.5605589151382446,1.6680269641918477,-167.75400858187874,-13.708534588768677,3.241344690322876,0.007349077612161636,0.5670338869094849,39.14633447314681,3.1173032463922854,1.578864591505959,1,1,1,1,1
607af5e2c984318a16ef489b528aee3613f84b24786a8c6ce113fae138e1b185,pi_3,upstream,/home/qy/DVGC/JIT/runs/campaign/all_proposers_v1/round_000/proposers/pi_3/tasks/acquire/attempt_0000/result/catalog.json::dense_v1_train_x2.85_family2/variant_12,/home/qy/DVGC/JIT/runs/campaign/all_proposers_v1/round_000/proposers/pi_3,e4f0f1500b8b5d651f37d9f43225e4c92fd3a3490383c8ca8d78629b77c55807,2c27d7457348d7d588a48d828a5661fa570e83530deecd385a0dacd020dbc893,67222c1b50ff0cafec91137075a245df63e0fa4acbca42b3971926a1cef2f81b,True,0.021872928440570833,-7.048562697495929,140.31034947790252,12.216706014595648,5.554486991085966,5.801137251998069,1.095649175643921,1.2651934693224745,1.4733874797821045,-0.004814005922526121,0.5166260600090027,-0.11316633610890005,-104.51190735851833,-14.354178710631642,3.299567461013794,0.007279112469404936,0.5907116532325745,40.209583191053525,12.230533732570338,0.9398987392600793,1,1,1,1,1
292e62431d6495ddbbc7e116a0e7dfde55f4fb28e101ea74ba9557f61108a72a,pi_3,upstream,/home/qy/DVGC/JIT/runs/campaign/all_proposers_v1/round_000/proposers/pi_3/tasks/acquire/attempt_0000/result/catalog.json::dense_v1_train_x2.85_family2/variant_12,/home/qy/DVGC/JIT/runs/campaign/all_proposers_v1/round_000/proposers/pi_3,6b7e39f66af8bb1c5f71800e9a1ca52c20be6dbdd3d30b8fd84e3e7502febcbe,b626702feaf92774db8f88ab21eff6e9a2ab0205c88a82148a73224331024507,82d0e95d1d2b55b488202b8f9540947a5708f5d1b49e86f0a117637bd2800bf1,True,0.013520992249250413,-6.397655487990646,131.7523136931733,14.39046067550275,6.153113798249857,4.639721298520078,1.0878192234039308,1.2289893125104387,1.4868969917297363,-0.0074478560127317905,0.41496777534484863,-0.8578502553298866,-98.10443176604849,-14.721969029511197,3.329470634460449,0.007134276442229748,0.6009869575500488,40.22305232409679,20.019076136537688,0.640820528805017,1,1,1,1,1
b6278b4fce641c3ff70f0bc2eb7bb58874a53a5e883eaad10d7c8964cedaf146,pi_3,upstream,/home/qy/DVGC/JIT/runs/campaign/all_proposers_v1/round_000/proposers/pi_3/tasks/acquire/attempt_0000/result/catalog.json::dense_v1_train_x2.85_family2/variant_12,/home/qy/DVGC/JIT/runs/campaign/all_proposers_v1/round_000/proposers/pi_3,990d8ac002ff77d20807ca296472423449d4fe24b0fe22b8675996c37d1c0de5,b92bbec72029180fd0c895a409b2227df4de938d3b2777605d898510d27ac46c,f2bf576a555e9a6808f426b2db45ebcec5191e8000ed4791b0f9112e2e78dc0c,True,-0.019502008855342867,-8.275995929558233,27.985057463631858,22.395671194094888,151.56413798463072,3.3818360161168597,1.0584811019897462,1.123854962774452,1.5794397592544556,-0.016613388434052467,0.3883722126483917,-2.5330842963957143,-74.1571260076343,-15.758750764384112,3.391458511352539,0.006598764099180698,0.6194744110107422,39.978012457433415,28.073018347310576,0.05366931286924912,1,1,1,1,1
7f41b0aea6cd83cd26f42fbb007107d5ad84bb867d38df42b0a20d4a51cfc03e,pi_3,upstream,/home/qy/DVGC/JIT/runs/campaign/all_proposers_v1/round_000/proposers/pi_3/tasks/acquire/attempt_0000/result/catalog.json::dense_v1_train_x2.85_family2/variant_12,/home/qy/DVGC/JIT/runs/campaign/all_proposers_v1/round_000/proposers/pi_3,57c8bb134db70fe1fa439a5b5073d6451a187ea57c41e68be7f9877c8fa24d60,f3159a268c590d0018efadcdeb3fc772a0d78db6258fb77326b954e80b4fb216,ae084a5c86cd40225cbe0b5f817208696856b7c92938039182aa4030289dd214,True,-0.0359198808670044,-13.580951777714716,-25.547875213042058,34.02347744467839,245.02847390784189,3.370841980288983,1.052570085525513,0.9758790255732552,1.6448280811309814,-0.024335695430636406,0.24367035925388336,-3.576124618982477,-69.39461268430283,-15.58246187435879,3.4560768604278564,0.005699431989341974,0.6358528137207031,39.390363471813025,34.646131149795096,-0.49530968049963336,1,1,1,1,1
561e273dad16c8fb10de783af56c1e31d47d425db23ebd2878443577941bd8b8,pi_3,upstream,/home/qy/DVGC/JIT/runs/campaign/all_proposers_v1/round_000/proposers/pi_3/tasks/acquire/attempt_0000/result/catalog.json::dense_v1_train_x2.85_family2/variant_12,/home/qy/DVGC/JIT/runs/campaign/all_proposers_v1/round_000/proposers/pi_3,d402dbaee6205dc2dcff60efd279f09edae9411828e48a4d5f3dc1d630835e31,9e27dbcb2c4d750a877a66c9e6006ed093f21b7ce1a58f57874e865b190441fc,2543893db4faf5b4bf7fa057535942e6377dfe583f4359cf9a7e2d703912de84,True,-0.06256801247596741,-18.252478443565156,-110.3613155146631,42.915680234550486,360.99016888151107,3.7300984388509564,1.026634578704834,0.8859872902298047,1.7009966373443604,-0.03068719431757927,0.26685696840286255,-3.9782927740585863,-48.19396504777171,-14.467978199940518,3.490053176879883,0.005081555340439081,0.6442764401435852,39.03296699330294,31.99964799737401,-0.7546208863774189,1,1,1,1,1
e3ccc52111ec196e00f260935ae990814d1b886dbbb1d95f4051e4a94920b54a,pi_3,upstream,/home/qy/DVGC/JIT/runs/campaign/all_proposers_v1/round_000/proposers/pi_3/tasks/acquire/attempt_0000/result/catalog.json::dense_v1_train_x2.85_family2/variant_12,/home/qy/DVGC/JIT/runs/campaign/all_proposers_v1/round_000/proposers/pi_3,0a627a5040b7230359d4a73bbe18a056ee4f978b0da253e0d794c77454198293,9647d43f9efdfe6112de41635257c867780670ce50da58ae3d5dbbe2d27c02e6,aea5d44f377ad16402d75281e2a84fd87a90746c3c04800a27b086891381d952,True,-0.10776830434799195,-25.172848308736878,-242.77101442488262,54.36595620822701,517.1732905942546,4.840529823652477,0.9746726417541505,0.7898266583626309,1.7698214054107666,-0.039002854377031326,0.3987635374069214,-4.189185536853308,-5.689439149367548,-12.363281020410476,3.5252292156219482,0.0043143294751644135,0.6547180414199829,38.77057503105314,27.2222243710844,-0.9712776423373292,1,1,1,1,1
ec38f8179c7e517f240220e11d7e2768f29b847955ae5525ea76408922244aad,pi_3,upstream,/home/qy/DVGC/JIT/runs/campaign/all_proposers_v1/round_000/proposers/pi_3/tasks/acquire/attempt_0000/result/catalog.json::dense_v1_train_x2.85_family2/variant_12,/home/qy/DVGC/JIT/runs/campaign/all_proposers_v1/round_000/proposers/pi_3,0ba0ab7426dc3833d9259e478057e8fddd472aff2d9aee43cff4b51b3ba800cf,41a3aed5157a7c41e97e0c8c00abc699a112cc3f2ea4bcfb5cd1b6b2b54bfd90,3e03f86bd51d60329001322a308e5e3ddc72688ce3a7a3bd9355d019ccecec52,True,-0.13537447690963747,-45.21613917342955,-384.7186012279722,84.48356607037152,768.9592531385836,8.904871905243645,0.9671681308746339,0.5722724608077364,1.9160128831863403,-0.05651053041219711,0.7749889492988586,-5.387616931926092,0.42412299775032186,-9.503347626237321,3.59938645362854,0.0022808387875556946,0.6868264079093933,35.29909381935373,56.923520542938284,-1.2617490397933757,1,1,1,1,1
0f7c3875d50384b60042d62e8448fd76759ebb3cc0dabc52e772f85fa2c43fe1,pi_3,upstream,/home/qy/DVGC/JIT/runs/campaign/all_proposers_v1/round_000/proposers/pi_3/tasks/acquire/attempt_0000/result/catalog.json::dense_v1_train_x2.85_family2/variant_12,/home/qy/DVGC/JIT/runs/campaign/all_proposers_v1/round_000/proposers/pi_3,616920203ea3c93c968950cd46ed83dfa0506d6f36ba6a40df44e5357bac1590,db4453d1de557d34969c55193b716a3678272e953c8ba708dc2fab82cf36fa8c,b61bb3f230e69454a387f91095c835035e497b45825e20d3b8898ed54abae684,True,-0.06758930563926697,-52.69108795580775,-274.96950971956323,100.6315607778182,757.766594824927,8.449474594388237,1.0633573150634767,0.4210308562652292,1.9473408460617065,-0.06126818805932999,0.6867195963859558,-7.190888044986539,-78.28820200257643,-9.246433475701878,3.638274908065796,0.0010769534856081009,0.7034655809402466,31.65958312388283,77.52274953248228,-1.432437098861666,1,1,1,1,1
38240e6b6b867a3e2c8476304a7b9d5d3e93bb02152b790052e4b83e72dc0702,pi_3,upstream,/home/qy/DVGC/JIT/runs/campaign/all_proposers_v1/round_000/proposers/pi_3/tasks/acquire/attempt_0000/result/catalog.json::dense_v1_train_x2.85_family2/variant_12,/home/qy/DVGC/JIT/runs/campaign/all_proposers_v1/round_000/proposers/pi_3,c0c8cd5c0b80de5359ccb112e74765f24f496fae55c35e3ea5e1c04a303aeaa5,878cd00b6a64e07b44d0022f4dcc666bae620dd8605769ecc0d38c147ae8c623,87edb4e3f1c3030e539b08228a0a9fc94fabe6f54517ace4402b8e63bf40cb02,True,-0.0892173707485199,-58.05622545451486,-195.65912892655933,114.05203555343617,575.8053829580716,7.489050255780074,1.0461320877075195,0.23823664723329807,1.8543615341186523,-0.058064911514520645,0.24585695564746857,-9.008190501036308,-64.19957080159114,-7.500632854978386,3.6760880947113037,-0.00011238081788178533,0.7135998606681824,29.352355467536277,58.17608844425941,-1.587192719881587,1,1,1,1,1
90ca63ad524b9072b9c594a68bf1a808992c5c8e6a4637f79379e870f08a5240,pi_3,downstream,/home/qy/DVGC/JIT/runs/campaign/all_proposers_v1/round_000/proposers/pi_3/tasks/acquire/attempt_0000/result/catalog.json::dense_v1_train_x2.85_family2/variant_12,/home/qy/DVGC/JIT/runs/campaign/all_proposers_v1/round_000/proposers/pi_3,6b55c59bb5739ce22111124ea74ead8e979d22d3ca6371dee7fc6218a984f676,8912516c49f58570d8d20d86e34e1fa4a10001543e768ff48763dbbd779e413c,3b4679de034e74ad3ffc9817dce0318b81bbbb030e31179fe652d6927f8edd28,True,-0.12147815585136415,-62.020207701601805,-136.6394096669658,123.9053279217991,409.9182563216541,6.9067491232450005,1.018237991333008,0.02731287684694516,1.761625051498413,-0.05447752773761749,-0.24434442818164825,-10.6898505228115,-41.365599538267354,-6.260639758806074,3.7119693756103516,-0.0012248054845258594,0.7141582369804382,26.120699273068933,68.45262714492053,-1.7065693040434506,1,1,1,1,1
867e55b472546112f324695bc4ffe269fcb36a69c65332c6466dc5598aea5f23,pi_3,downstream,/home/qy/DVGC/JIT/runs/campaign/all_proposers_v1/round_000/proposers/pi_3/tasks/acquire/attempt_0000/result/catalog.json::dense_v1_train_x2.85_family2/variant_12,/home/qy/DVGC/JIT/runs/campaign/all_proposers_v1/round_000/proposers/pi_3,94b86f8dc9775177aafce53f7854143c725722dbbbb5870020f7694ab190c969,b25a7cd3013d9162b287c8571069123b86cabfca990ae818132cf0b53db32c68,fecd1f0d53c1ee93ac04eb924919e699732ed7173d967a20bc89b088f6e7c088,True,-0.14609262943267823,-64.77443367308526,-83.48447331933873,130.77847898169122,279.6087927698893,6.624673750606021,1.001535472869873,-0.20577606363259288,1.6891067028045654,-0.051856037229299545,-0.7083539366722107,-12.0681314709013,-27.69850712228773,-4.996053285866663,3.7461931705474854,-0.00226601492613554,0.7050148844718933,12.572367625056552,-76.91897447023149,-1.7741931431726485,1,1,1,1,1
e57e86e2d28f3d8adce0230dcffecdd15aa5ad09ce5a5f655707054225e708b7,pi_3,downstream,/home/qy/DVGC/JIT/runs/campaign/all_proposers_v1/round_000/proposers/pi_3/tasks/acquire/attempt_0000/result/catalog.json::dense_v1_train_x2.85_family2/variant_12,/home/qy/DVGC/JIT/runs/campaign/all_proposers_v1/round_000/proposers/pi_3,fdedf05ada98f48b956c2a311e0bf00d6f7a9d4407a49bc1d0e587cb931ba144,21b5adc40d984354621d10ab1f0e5f22e7f162c4c2a40381354ac29c71afbeab,6dcebc73bc10f07de72c06448fa21a05f151a20c6c299c20bff5beb4cce40c00,True,-0.1639149332046509,-66.64454629802391,-46.53743243817935,135.40214821957468,184.13926357052415,6.595959914707625,0.9874127197265626,-0.46452463417139556,1.6345680952072144,-0.050665564835071564,-1.1118395328521729,-13.184947654921132,-16.12887188531793,-4.9186732189859415,3.779134511947632,-0.0032698872964829206,0.6871935725212097,4.569220677367403,115.96043821886192,-1.8449448712855487,1,1,1,1,1
14a124f9bfe5901168f01986bbfe0cf952d4c30a877c06bacfa1042cf96eda80,pi_3,downstream,/home/qy/DVGC/JIT/runs/campaign/all_proposers_v1/round_000/proposers/pi_3/tasks/acquire/attempt_0000/result/catalog.json::dense_v1_train_x2.85_family2/variant_12,/home/qy/DVGC/JIT/runs/campaign/all_proposers_v1/round_000/proposers/pi_3,88b8c3264b3944ca3ad75e914cbe357b7e63d213d7afd6371565a3e9f2eb58b0,cc813e016ffa5851120e22a637f6400e9197152ad799d031c072198a28c06a1b,d0a972b61b5021a5ddf54adffcad6787a1a5d7a0d6ee10cde7c1280f2a6d604d,True,-0.17681906700134278,-68.50593677139247,1.7812553856530862,140.31493936502477,72.5689089501204,6.924682914607135,0.974628782272339,-1.0355265397544977,1.5712215900421143,-0.050849009305238724,-1.7574982643127441,-14.513892439088636,-5.65458981667485,-3.9527952510001056,3.8425588607788086,-0.005251756869256496,0.6300488114356995,-0.8832095737793803,45.43320258525256,-1.994266447042128,1,1,1,1,1
0f8ab3cd269c6cec1065df21b3b758327ca490102e3717368ce9587ea3f39ea0,pi_3,downstream,/home/qy/DVGC/JIT/runs/campaign/all_proposers_v1/round_000/proposers/pi_3/tasks/acquire/attempt_0000/result/catalog.json::dense_v1_train_x2.85_family2/variant_12,/home/qy/DVGC/JIT/runs/campaign/all_proposers_v1/round_000/proposers/pi_3,8f1aed9631bd0e97f8509b1e3579a97a3fa4513bd7294c5380cf9a4ac41b4e3a,1474870a081e22e533ca1703f80448344c3e9009475850a2c9d809129ef07623,ef36f6a54937c28e6b7ac502cdc0ab9d5ce4facb5f3702002a6b1ac2089963a6,True,-0.17703190565109256,-68.90069438466253,29.693953718496125,142.1967384436333,25.22028055742803,7.434261912424456,0.974782590866089,-1.6467036328009417,1.5461567640304565,-0.05246515944600105,-2.2603328227996826,-15.136662257421229,-5.776629502330522,-3.333608507217419,3.9042837619781494,-0.007270925212651491,0.5502443313598633,0.22518989619229235,-12.800972349029585,-2.1459130391756487,1,1,1,1,1
fe6cadbe7bf3d4a1b39ce9e5e19812e951f5e68bfc1a056c4c4627585d73cf60,pi_3,downstream,/home/qy/DVGC/JIT/runs/campaign/all_proposers_v1/round_000/proposers/pi_3/tasks/acquire/attempt_0000/result/catalog.json::dense_v1_train_x2.85_family2/variant_12,/home/qy/DVGC/JIT/runs/campaign/all_proposers_v1/round_000/proposers/pi_3,c889afda4e27379b7d80ed71093d250b7c74a8e0c19caeb3a15e399c722c9954,4cfd767b4174bd211cc9860010742a5a74edcf9c3d6a84111a23bd125fba8c39,8018827f4a94429dfd5756b5d0a997cc5bea4aa11dd3c6a0788031dd0906415c,True,-0.13317453503608706,-67.68399863686231,94.82480032285099,142.56054163958487,12.85092152242989,7.0113613653245475,1.019137945175171,-1.9597627223728484,1.5588833093643188,-0.05560732260346413,-2.5211730003356934,-15.401647984008335,-42.081311155730894,-3.2229323353499444,3.9351933002471924,-0.008346504531800747,0.5024167895317078,2.0642259608201887,-29.145602226265407,-2.2041744909305776,1,1,1,1,1
7ed049fc6046b692dc62a549c1ebb041b943de8993349352b479b61d35f0f7a7,pi_3,downstream,/home/qy/DVGC/JIT/runs/campaign/all_proposers_v1/round_000/proposers/pi_3/tasks/acquire/attempt_0000/result/catalog.json::dense_v1_train_x2.85_family2/variant_12,/home/qy/DVGC/JIT/runs/campaign/all_proposers_v1/round_000/proposers/pi_3,2e78eef53abb8586b7ce877569606d465e4eaff7280d1d6c3247d6df42de6276,d716fa010534f04d4fcf6a83cb9c17f9230869c0c994b938205c828f04145ae0,38304a90da5bf2600fb3bfa1e0228a199e31b036f0a9a67a703250edcfd639c3,True,-0.07578629732131958,-61.844337160663144,175.99389415506874,142.850606113257,3.8395421768248315,4.195429149476987,1.0770501518249513,-2.5841300716340263,1.5824804306030273,-0.05995898321270943,-2.9633326530456543,-15.602875602240665,-89.50455424246378,-2.0412720428973032,3.9978835582733154,-0.010668103583157063,0.3923252820968628,6.841638701495808,-47.10974423401847,-2.2169190143144566,1,1,1,1,1
37fe0cdabfc2e6aee847bde91811ab74500146addad60382c157a1c1e969d9fb,pi_3,downstream,/home/qy/DVGC/JIT/runs/campaign/all_proposers_v1/round_000/proposers/pi_3/tasks/acquire/attempt_0000/result/catalog.json::dense_v1_train_x2.85_family2/variant_12,/home/qy/DVGC/JIT/runs/campaign/all_proposers_v1/round_000/proposers/pi_3,2a5f721c2c5d7dbb54d6845f17dddffe2bbb14c046ab3086edabdba6cee8a73a,ec1b6e31b637611f042ee3550149b16fa9550b6e30c9ba0822319f7ac945b39d,d6e082d9e40714be2b5b6c53a5d60fa8ce4a91ed617d9b4ca028c270454b990f,True,-0.07298567414283753,-58.535370054980426,185.18795715530956,142.81660543156866,-8.159715374033352,2.6054638807659045,1.0795516777038576,-2.892470453158058,1.576545238494873,-0.06101186200976372,-3.177255868911743,-15.461801460028637,-91.54645295521743,-1.2200358170260635,4.029259204864502,-0.01185859739780426,0.33111172914505005,8.889414365143432,-38.728111744983174,-2.178641904978269,1,1,1,1,1
028cdc89660ca8b7fad405f0be7d76a8df25175dc474a40c24b336bb0759c737,pi_3,upstream,/home/qy/DVGC/JIT/runs/campaign/all_proposers_v1/round_000/proposers/pi_3/tasks/acquire/attempt_0000/result/catalog.json::dense_v1_train_x2.85_family3/variant_3,/home/qy/DVGC/JIT/runs/campaign/all_proposers_v1/round_000/proposers/pi_3,4bf62b215413987562fa7af6838071b472fec8b2e833618ab9d7a68b106e6a84,d25c365073d5e3d21f82542de15fde8dd2a39eaec900cd94c60c294b77b195d0,223e71844e576703571705976f5448e0b3b61a9c007acffab2326e22f2e549f3,True,1.8932355880737306,-72.27659734421137,-17.99996976504437,143.61695333813242,-73.66079665121698,0.11127038243714174,-0.3062846803665161,-0.3353305903952084,1.88754403591156,0.08641325682401657,0.03772279992699623,16.678707236145836,1.6026378280076132,57.12710116133969,2.7400569915771484,-0.001193085452541709,0.11886584013700485,10.878253607103487,-95.52179380689411,0.044322927435824985,1,1,1,1,1
b8a2c25079f7c50da4cd9007ebb7cdc5d8eb1671121ce41c4e52e020b2ebea69,pi_3,upstream,/home/qy/DVGC/JIT/runs/campaign/all_proposers_v1/round_000/proposers/pi_3/tasks/acquire/attempt_0000/result/catalog.json::dense_v1_train_x2.85_family3/variant_3,/home/qy/DVGC/JIT/runs/campaign/all_proposers_v1/round_000/proposers/pi_3,91758bd551a6c055a128bc4becd52f9a8ea183175e4aa0a0959fe9ff08d6ea8c,5b99ab7bc5c945d0bd09e5ceb0e526911b3d91e30448cebf667982c7a105d0c6,5928539811104ac5bdf337d429fca05ad8d7601e278d54ad51dccccdae203a16,True,1.9522879409790042,-71.8850294292837,53.166062725785025,140.54906458939448,-232.0144773501097,0.08899913428880629,-0.1418709707260132,0.04364929710153369,1.9237393140792847,0.10488016158342361,-0.016818001866340637,17.78037406058658,-5.866541258790924,52.31435862685194,2.7780184745788574,0.0008518329123035073,0.11902398616075516,6.872319484360682,44.76243019743311,1.1975489313992942,1,1,1,1,1
7fc68fea0c79beda4b8b9d4478a5970edde73ea0acd86122e42d099cf7ec3f3e,pi_3,upstream,/home/qy/DVGC/JIT/runs/campaign/all_proposers_v1/round_000/proposers/pi_3/tasks/acquire/attempt_0000/result/catalog.json::dense_v1_train_x2.85_family3/variant_3,/home/qy/DVGC/JIT/runs/campaign/all_proposers_v1/round_000/proposers/pi_3,f84cccc4ca4577e1a80df0b66d0b7b84ecedac084c0ecd0c6bbe290766789526,fe26118632bbf87774998d3daa7d5bf616e6957e85536fb1d7158e023d7c371e,a3777604d95c3afb85506e38f6377ada0959f5147cd39f160ad0a0b402d860fa,True,0.9959539699554444,-63.21871465564228,455.349505472804,124.16671926133549,-599.3167518927097,-0.09705396822916323,0.2948425626754761,0.6450387764009301,0.9941056966781616,0.03415774926543236,0.08289515227079391,7.2909708068947365,27.651551279291184,14.414142648902477,2.846370220184326,0.004801150411367416,0.11781482398509979,0.20133071140011555,69.10240353123135,2.865354706431514,1,1,1,1,1
e5d5d52cea053c8b0d0e99f07475fcd000024c6424e25e94031696b4890d3252,pi_3,upstream,/home/qy/DVGC/JIT/runs/campaign/all_proposers_v1/round_000/proposers/pi_3/tasks/acquire/attempt_0000/result/catalog.json::dense_v1_train_x2.85_family3/variant_3,/home/qy/DVGC/JIT/runs/campaign/all_proposers_v1/round_000/proposers/pi_3,32c12bd74c38e5e31693e643cf2fdb6b73b0dea97521bffaa290c52164335f7a,9d8800e0f3822227a50666a7936b234258ca7873780fcd26fc4f70ec781c6da9,ca91925a14718b2fa89480baf6bf0c1a719f4fb7628280198a7a1577ede23f86,True,-1.096087169647217,-43.281006562686954,-257.8115281093576,66.57262440606368,-1294.9484601398703,13.78644397104022,-1.254486656188965,1.0062386314444323,0.7933783531188965,-0.007209334056824446,1.9613206386566162,1.3782930076425512,727.3919786046933,33.13818247540719,2.885230541229248,0.004873244557529688,0.1561112403869629,-4.7659164650854295,37.50127658136007,3.5963126520897264,1,1,1,1,1
046245a19cffce4d6a002cd5c9f154bfaf8a5353bbd821c64600fffe7da62a1a,pi_3,upstream,/home/qy/DVGC/JIT/runs/campaign/all_proposers_v1/round_000/proposers/pi_3/tasks/acquire/attempt_0000/result/catalog.json::dense_v1_train_x2.85_family3/variant_3,/home/qy/DVGC/JIT/runs/campaign/all_proposers_v1/round_000/proposers/pi_3,b97000c19fd89cc2a1e26134bfb22ffa3b0708a74a81f6aac9e05ddfae37b687,8da5c949002f308eb432812a2c401373059c23878824ce2d33bf5ec2bfe71cd0,7c0610dc40e21f0b082c098be8c73e178187f328bd80fd91c491bdfdf92af2a9,True,-0.21840366363525393,-58.72355542699262,-297.8996568765899,50.18215115289238,557.4068204285383,32.96122573906864,-0.3710595273971558,1.5150657164328203,1.8301626443862915,0.013957640156149864,3.315062999725342,-4.211959521980246,4.27498936141477,15.296288900966303,2.938998222351074,0.004687287844717503,0.27474260330200195,2.5335553660050336,-128.40597179235226,5.2402021463405015,1,1,1,1,1
525c6158e2201e1d268af39d23b1d5ab8964e550368283d32d3c3b61cdfad2a9,pi_3,upstream,/home/qy/DVGC/JIT/runs/campaign/all_proposers_v1/round_000/proposers/pi_3/tasks/acquire/attempt_0000/result/catalog.json::dense_v1_train_x2.85_family3/variant_3,/home/qy/DVGC/JIT/runs/campaign/all_proposers_v1/round_000/proposers/pi_3,8672c804011cc26516bb8d1a2d004b33cd548698f86cbd4c81eb11d7f0c92420,57204cc4491d93236749e5c5548569da31050c8c51f6961642ad8022b6c888cf,7bf881922e1ebf0be99cb870e40881fdc322e0c45b894d1a7055124a82a5a84d,True,0.16930177211761477,-62.9108780297498,-137.56387577112704,68.84734377705556,1029.9765715160217,28.339227221522844,-0.6088392353057862,1.5106152445893724,2.0706374645233154,0.024243291467428207,3.557661771774292,0.1316780697503387,-329.36830547731967,6.41441036891151,2.9791929721832275,0.005165535490959883,0.3441608250141144,22.545964384139143,143.4192330220389,5.214035967732423,1,1,1,1,1
96a7a618e9461ff76081721395b0798df85e85a05a129672b7c1b9a960509fad,pi_3,upstream,/home/qy/DVGC/JIT/runs/campaign/all_proposers_v1/round_000/proposers/pi_3/tasks/acquire/attempt_0000/result/catalog.json::dense_v1_train_x2.85_family3/variant_3,/home/qy/DVGC/JIT/runs/campaign/all_proposers_v1/round_000/proposers/pi_3,2a5d0bd398215731c80219a590636fabb62f69f348d7e599b31967d38164703e,47deeb49a5873fed61797dfc9077110dc7af36114e78cc2a320bc10f18d59d2d,1f4d06be3b8f4c51efc4289ddd0e178c0befd0fb21003340074663e6c679d7f1,True,-0.31186598300933843,-61.07237552028997,153.21898353749808,76.44358647380943,-500.6456534821711,23.656085293839862,-1.1223336982727052,1.6592392999510306,1.3569955825805664,0.018015045672655106,1.3879982233047485,-0.9659702822613372,90.96401540393377,17.708715130909393,3.0469672679901123,0.006036648526787758,0.44097766280174255,31.56997787216143,-47.72192042894837,5.5704189988303074,1,1,1,1,1
11e9587dbd5c7c6143959d5f5b9cc35e007e676bfa598460746d09a7624125d1,pi_3,upstream,/home/qy/DVGC/JIT/runs/campaign/all_proposers_v1/round_000/proposers/pi_3/tasks/acquire/attempt_0000/result/catalog.json::dense_v1_train_x2.85_family3/variant_3,/home/qy/DVGC/JIT/runs/campaign/all_proposers_v1/round_000/proposers/pi_3,35596f3404d20b257de077cb1562b7eef08ae92deeede97f9f545f2aefdb4d8a,d51f1afbfcd09c5cef337d4e652a043f9cf8675eed03d405fd407e246cab373a,63e7b7677232fb143f713479f4cc29173eada93e85d41bad8215fb1922b28fdf,True,-0.1464717435836792,-45.314507557856075,366.92033036421293,46.18079069557255,-554.3694079838768,23.727945087155277,-0.9318211936950684,1.9161476317357387,1.3739266395568848,0.010001575574278831,1.0476548671722412,-2.807834632175001,-64.94446440228356,19.412309451430435,3.0977320671081543,0.006643244065344334,0.4761887788772583,30.036351101588863,-2.9936646561405955,6.4151720751564545,1,1,1,1,1
5ed210a7ac07b10ca0d2b0b6b61b938f1edf3f2beeca3ff3e0bc62ace5c64c24,pi_3,upstream,/home/qy/DVGC/JIT/runs/campaign/all_proposers_v1/round_000/proposers/pi_3/tasks/acquire/attempt_0000/result/catalog.json::dense_v1_train_x2.85_family3/variant_3,/home/qy/DVGC/JIT/runs/campaign/all_proposers_v1/round_000/proposers/pi_3,cd883e5e4b04dc2429ac05d5b34f5a3a593148c24fc3ab66a6d1995efd995f2c,64bc79ef97eb5e4f9d9cacc41cc33981f2a4e597fa516db056e132011d52a3fc,e7621f20f28edaa02e2f6b56a33f612e55c9a9f265fb21ad31dbb54ddeae9664,True,-0.06820100605487824,-35.46448685010559,403.98798555592555,35.074585501335406,-441.85518269187986,20.34373694362397,-0.8342398548126222,1.9731035220336903,1.4496748447418213,0.011310155503451824,0.9971868991851807,-1.9520311390794438,-144.83858731270254,19.25160705309108,3.1257567405700684,0.006920955143868923,0.4940854609012604,31.4468978633178,-31.854615760537957,6.675004153851178,1,1,1,1,1
afe5c499bd848402889ae1a114fae25017aa03cb4befe42aa9fd0c3a04501096,pi_3,upstream,/home/qy/DVGC/JIT/runs/campaign/all_proposers_v1/round_000/proposers/pi_3/tasks/acquire/attempt_0000/result/catalog.json::dense_v1_train_x2.85_family3/variant_3,/home/qy/DVGC/JIT/runs/campaign/all_proposers_v1/round_000/proposers/pi_3,2cd6b235c8383f75e155c2d67e29491c69d394c4e725736d4a15eb96a92a8d69,4622cda672a61be663fe702683adae43d7a5d63fdfdb73fc5c428e1de32d1f33,078a75e726d0b2d7ae531aab18ed5f761ef48f6da09c28069fe4543429c02419,True,-0.13136031627655032,-15.22714348090368,310.2695392748332,15.531095436705709,-296.1203652770449,11.880125331269642,-0.8502612495422364,2.0639259326647412,1.5489445924758911,0.007630631327629089,0.9776477813720703,-0.08905100588263455,-131.64671896860492,21.920564942976096,3.1847071647644043,0.007402545306831598,0.5281155109405518,38.21743216111966,-91.05082027809546,7.108060011461084,1,1,1,1,1
14bf95be7700e7c59acde76954397d82356398e07753f4cf7130202b7c90b45d,pi_3,upstream,/home/qy/DVGC/JIT/runs/campaign/all_proposers_v1/round_000/proposers/pi_3/tasks/acquire/attempt_0000/result/catalog.json::dense_v1_train_x2.85_family3/variant_3,/home/qy/DVGC/JIT/runs/campaign/all_proposers_v1/round_000/proposers/pi_3,fd12119943bb3d67a2540f5d58ffc0ab1e9648cd66e0e23af2df81fda66912df,99c0b3f73b0cc01a3314cb070a8f28fd50ba26a561e87e696003ef791bfee494,d485c5a08f279bfc3fe3fa9fd4bcf54a150336f7fad428a8ada43182313ac8c9,True,-0.13815590739250183,-1.0933298315068032,294.0300268626975,3.103433266622105,-213.63663761451812,5.377649806114888,-0.8243922328948975,2.182581529965639,1.6321308612823486,0.008627134375274181,0.8430914878845215,1.779585404401018,-152.85945603996694,21.30007982292087,3.2479755878448486,0.007725846488028765,0.563680112361908,40.618960824241995,-25.164824544009406,7.694750201412671,1,1,1,1,1
3b42c5183a9a08699a603d6ee89139859e916eaf31d55f08f0968937dba01a45,pi_3,upstream,/home/qy/DVGC/JIT/runs/campaign/all_proposers_v1/round_000/proposers/pi_3/tasks/acquire/attempt_0000/result/catalog.json::dense_v1_train_x2.85_family3/variant_3,/home/qy/DVGC/JIT/runs/campaign/all_proposers_v1/round_000/proposers/pi_3,8d1cca4cc30d977c44da8f9bae94ba73a455a55521b569a0a004b6371b6d73f8,658c10ea23539ef362b240b761a28ca0b0b437ed409f66d5514720641f63617c,5daa2026256a3164d46ac0b931fd9934f273d7804835abad25df979ab9149f72,True,-0.18986292362213136,4.366977922269679,193.45581918333994,-1.6482913460285074,-193.3985685377169,2.826283156391489,-0.9138858032226563,2.256496713971961,1.6333234310150146,0.0015142433112487197,0.8176026344299316,2.867059842798416,-79.64118734507508,23.765718349140236,3.280470848083496,0.007826107554137707,0.5796428918838501,38.2674872024521,22.4606741044259,8.065914352476772,1,1,1,1,1
2df679a664b8dd818f7d5982195298162c9dbddb722cf77383aa2b7c0125d174,pi_3,upstream,/home/qy/DVGC/JIT/runs/campaign/all_proposers_v1/round_000/proposers/pi_3/tasks/acquire/attempt_0000/result/catalog.json::dense_v1_train_x2.85_family3/variant_3,/home/qy/DVGC/JIT/runs/campaign/all_proposers_v1/round_000/proposers/pi_3,5c9526fbba46f1c29695b6d351505743502eca348a624cc0f2ce51c4a51ff9a7,8e180a5ef4acd72680e1980fe3046754ba359c24debd5cca712286465c9dfdc0,9261187247a3660590ceeb033e7c014c206f92c51e27219cc0394231124f147b,True,-0.23816750049591068,6.3867357230550885,12.647422012524883,1.2717531556477537,21.390834253970123,-0.0655085137359974,-0.9864844608306885,2.392566537095804,1.7710374593734741,-0.001008291612379253,0.9874320030212402,2.9564330815314444,-20.150188447845252,24.805392669126654,3.350691318511963,0.008292830549180508,0.6127980947494507,42.310426436344386,-58.40888178174096,8.81088474122943,1,1,1,1,1
0205b2b6b04f88ac66fc8589f5972ec8070e4e0e9e3ef212c4efe634cc5b3425,pi_3,upstream,/home/qy/DVGC/JIT/runs/campaign/all_proposers_v1/round_000/proposers/pi_3/tasks/acquire/attempt_0000/result/catalog.json::dense_v1_train_x2.85_family3/variant_3,/home/qy/DVGC/JIT/runs/campaign/all_proposers_v1/round_000/proposers/pi_3,206dd89b21bc8bc864d8a7579b63435b57fa5ea772a308b83106201cbf075663,ce24c23270664944b4b5e19b57818fb0b90e86554996940ab3de6217166ba4bc,9bf4105aaed9238385d24e94c6f33b67d802437606feab00d2f2ae24058687e9,True,-0.25466958045959476,4.359183822653048,-95.48175523797948,5.306473003925872,198.833951116943,-0.10177549614462747,-1.0060399818420411,2.445136628972422,1.8496413230895996,0.004716132767498493,0.9746924638748169,2.319622742142833,-4.097890667085979,23.384889199135127,3.3874151706695557,0.008414887823164463,0.6323198676109314,41.64006727496973,-11.672796706646377,9.28826650206881,1,1,1,1,1
7b00b0d9872b7817c88cb81dd6838c82227fc124a33ddc1640a8848cd77aadb9,pi_3,upstream,/home/qy/DVGC/JIT/runs/campaign/all_proposers_v1/round_000/proposers/pi_3/tasks/acquire/attempt_0000/result/catalog.json::dense_v1_train_x2.85_family3/variant_3,/home/qy/DVGC/JIT/runs/campaign/all_proposers_v1/round_000/proposers/pi_3,2701c61f7ca6dc72fb4fa7faccf10de349a9998e50020701e54d0cd21017d9dc,80cbd219f7728e47d82ca205cc47a6e9ee2e83efac1c245ef389c6049c675274,7b2deb6e07360b9f8686dd5e6469562921cff3207d40f8fcc3c8e53ed5978286,True,-0.20083076477050782,5.236872522509795,115.60907962757813,6.706811621053403,-193.49083073302543,-1.5111176466998733,-0.9888281059265137,2.533545098547839,1.7640135288238525,-0.01827208697795868,0.7739912271499634,2.948716888760034,-18.235105857411227,24.745083806302734,3.4606587886810303,0.008341376669704914,0.6669236421585083,36.88990634875223,84.35231715528056,10.198563187367233,1,1,1,1,1
874cab2f53c2516a2c1946800ba254ee90ba70da3a7057c753de9ea7bf2a9857,pi_3,upstream,/home/qy/DVGC/JIT/runs/campaign/all_proposers_v1/round_000/proposers/pi_3/tasks/acquire/attempt_0000/result/catalog.json::dense_v1_train_x2.85_family3/variant_3,/home/qy/DVGC/JIT/runs/campaign/all_proposers_v1/round_000/proposers/pi_3,68e5c8e9ee6db02c54286f6293ab651ef965f081fa906e2e99d2927089242dc5,737e2ecadd5fb6cc4dbce53bdfcc06bfd9b9db68c4fa75d7d7e7901465649803,c7c9f911107f9248c4953fae50b1adf055c30aba9774e065c1ff52c33dbd65d3,True,-0.265388400554657,2.1981533772828565,-125.86460866635227,9.322544834944267,132.60268590521824,-0.18981932513365946,-1.0668485832214356,2.576634146381389,1.886945366859436,-0.011405442841351032,0.9168226718902588,1.6583790018240874,45.61664780598076,24.461087955708187,3.497828960418701,0.00812173169106245,0.6846286654472351,37.626815458304904,31.66614693567521,10.775373709536476,1,1,1,1,1
7656baa6f0512bcdf47f7ee6a3a773ca110a50155f6f7c634b0abaef011be87e,pi_3,upstream,/home/qy/DVGC/JIT/runs/campaign/all_proposers_v1/round_000/proposers/pi_3/tasks/acquire/attempt_0000/result/catalog.json::dense_v1_train_x2.85_family3/variant_3,/home/qy/DVGC/JIT/runs/campaign/all_proposers_v1/round_000/proposers/pi_3,b4244c69a837c7fa7b3e7ad2d0eb8a9fa2b8f369d558fa2f3b7ea0d8abb1dbae,7a1ee890ce7acbd9b061421db87cc3b1ff8a8972d1e8b72d4263b4bb90038162,8e253a1c084ad926a9d5b1ff729dc6d27d0a56c50da8018b5122f0049d48fd72,True,-0.2090142130851746,3.1767536398148994,-48.230264088115746,9.656630731590747,125.9529776538339,-1.2060818816118468,-0.9930179882049561,2.5958181430915515,1.926921010017395,-0.005612032953649759,0.7808927893638611,1.340068814447927,-14.804870450562227,22.420247922275887,3.535823106765747,0.007980292662978172,0.7004936933517456,37.95787814247001,-19.040504688866207,11.163027051424514,1,1,1,1,1
8d18d4a19b23be2b49e54d1e6306f3d0505aa7dd0461cb07b4dbaf8eeb98848d,pi_3,upstream,/home/qy/DVGC/JIT/runs/campaign/all_proposers_v1/round_000/proposers/pi_3/tasks/acquire/attempt_0000/result/catalog.json::dense_v1_train_x2.85_family3/variant_3,/home/qy/DVGC/JIT/runs/campaign/all_proposers_v1/round_000/proposers/pi_3,b60cbbc849b801bb896196f340952887f4d81850fd05f4e3ab41d3f2a0139b3b,692ed677f2635c4c338e20b0821d2ba451ec199d2ce68d30c05a5061dac5caa0,f7e201ba21f4693fe4c84243cb691d9e067ce6c3ed88889f67ef14874d179b26,True,-0.23561073303222657,-2.283065008383986,-122.87910565938301,16.68323906666014,203.49030964019414,0.16575762094221946,-1.0267604160308839,2.613942558505181,1.989615797996521,-0.008062087930738926,0.7337956428527832,-0.37434593978101766,12.84353723416346,21.251238847713402,3.613809823989868,0.007577043492347002,0.7317901253700256,40.266215704556686,-41.47011850804147,12.12074567734139,1,1,1,1,1
9e82fbde706bab0c10f1ab05da0eb49a51cac708275cd0a503c6cbba30181b0d,pi_3,upstream,/home/qy/DVGC/JIT/runs/campaign/all_proposers_v1/round_000/proposers/pi_3/tasks/acquire/attempt_0000/result/catalog.json::dense_v1_train_x2.85_family3/variant_3,/home/qy/DVGC/JIT/runs/campaign/all_proposers_v1/round_000/proposers/pi_3,7257917a89b4451c2dbbd3f97ca812bba9d40acbd30293e516818af6d1fb29f9,02c8ff57261a9012a07bfe61a42b2d79f0f5c64dff14e071fa73cfd658f56363,d836677ed521c53050f76f1da507f805d253ce7c9aa6a51102cbe8361e414d51,True,-0.29904042243957524,-3.9498992507920203,-212.7216927940599,18.86189524207037,197.26322617389351,0.5074067522225163,-1.1178351306915284,2.60723274952819,1.9659146070480347,-0.018071701750159264,0.6432743668556213,-0.5269342067885272,87.40707828043374,23.04058107062208,3.653033971786499,0.007294932845979929,0.7444916367530823,38.64552792772855,5.366749850238057,12.579418663519679,1,1,1,1,1
66f41edd703b63eb116aa153144b1eee6ba7cad876556f0c8c58f8f4e4dea74c,pi_3,upstream,/home/qy/DVGC/JIT/runs/campaign/all_proposers_v1/round_000/proposers/pi_3/tasks/acquire/attempt_0000/result/catalog.json::dense_v1_train_x2.85_family3/variant_3,/home/qy/DVGC/JIT/runs/campaign/all_proposers_v1/round_000/proposers/pi_3,b45b4aef50afe222661d9fa0701c9756b919769be4290ccf883ce5d4aad5fd43,4c7062f325493921b0a81dcd122fb4003bd2b30b23f4d689b0523a97ccb101a5,9580b430dd69a89bb55d6b51cb7681e996fc1fb41439b3726702fc3655ba401e,True,-0.21766723155975343,-5.552119903651734,-100.87371147446265,22.178454103015557,199.5587434709081,0.33494194296231883,-1.0055837631225586,2.5852446982092854,2.0196385383605957,-0.006804541684687138,0.4872123599052429,-1.4821733547292752,-4.428253256861155,19.161605650397824,3.6931004524230957,0.007146243471652269,0.7547592520713806,39.19838051462231,-31.968430617772466,12.957369803539862,1,1,1,1,1
896d333189fc4c989ebd2eb0b602683ce68486054802be3403296af76b2fffbc,pi_3,upstream,/home/qy/DVGC/JIT/runs/campaign/all_proposers_v1/round_000/proposers/pi_3/tasks/acquire/attempt_0000/result/catalog.json::dense_v1_train_x2.85_family3/variant_3,/home/qy/DVGC/JIT/runs/campaign/all_proposers_v1/round_000/proposers/pi_3,f83d06bfc5ee328e7144753a065841f23625673130909bceaa3670068c773cea,035f3a40225ab19b7bdccab957849c51597b4fd915ddd552efe0db881cecfe46,9788c3e0d80d9f19fb11ed7f642a3517e4cac67a80b95e60b4001f4c6536ee2d,True,-0.2716010761260987,-7.092863731339455,-140.74739962251329,24.35751155203953,132.01455197616679,0.5558687958573311,-1.0772030258178713,2.556997581093741,1.9791738986968994,-0.018909942358732224,0.3529800772666931,-1.6986735961108719,54.2088652724113,20.800927890829048,3.7328085899353027,0.006867676042020321,0.7622566819190979,38.47314419836118,-13.888004639399933,13.368386046495594,1,1,1,1,1
ccf96b671b9f280956f31a2975311f667c06d1b5bab2ff4a02e2758146f768c8,pi_3,upstream,/home/qy/DVGC/JIT/runs/campaign/all_proposers_v1/round_000/proposers/pi_3/tasks/acquire/attempt_0000/result/catalog.json::dense_v1_train_x2.85_family3/variant_3,/home/qy/DVGC/JIT/runs/campaign/all_proposers_v1/round_000/proposers/pi_3,b592f5288e53e338651e1e162ea2ad63ef2375c20590c31522632993444fc12f,7aea358fa2d571b6630bc9be48d75ebcec6cdd78788510419bb836edeae9b3d6,d08fe508f6de82f78a7410434ca7f6e423b2e66f8dbb9765e3f533bfccec3cd3,True,-0.26197610616683964,-9.510490296561862,-149.95349741607166,29.04785880414794,157.72668982365306,0.3036654489514201,-1.0724111938476564,2.4707784337772116,2.0059890747070312,-0.01684570126235485,0.07505295425653458,-2.463382856245969,50.25639530917042,19.124345260928113,3.8131608963012695,0.0064162579365074635,0.7685473561286926,36.907326746230346,2.5719237402241686,14.095790713519241,1,1,1,1,1
0eaa4367854b3c4cd7758730a266cf58d71fdef1991e585109f59f88d393a19d,pi_3,upstream,/home/qy/DVGC/JIT/runs/campaign/all_proposers_v1/round_000/proposers/pi_3/tasks/acquire/attempt_0000/result/catalog.json::dense_v1_train_x2.85_family3/variant_3,/home/qy/DVGC/JIT/runs/campaign/all_proposers_v1/round_000/proposers/pi_3,2668b4ee840af9bdda728b6bf1c990e05d53391b08166372dbfe05af883d7d68,7a0941b371666b8c284a3a784a8c308df697e42a4fca52e7adb1a95e509f1a18,a63401bd741ad15baf941e055bb2360d14ea1803264d6ac13dacd6bb079efaf4,True,-0.23444133043289186,-10.997786186446941,-149.4578852295172,32.102852155732904,226.15565036309948,0.104748550429056,-1.0378179454803467,2.4144504547734713,2.050571918487549,-0.00838030967861414,-0.045459963381290436,-3.0024527617248746,21.97647174887994,17.21117512346169,3.8538594245910645,0.006250421516597271,0.7676711082458496,36.72325656319309,-14.48178713489499,14.42729728812581,1,1,1,1,1
8dd42fb1af0f1c414ef9ce9320dd283e8b8212a71bbfdee50dc33c39dc95da3b,pi_3,downstream,/home/qy/DVGC/JIT/runs/campaign/all_proposers_v1/round_000/proposers/pi_3/tasks/acquire/attempt_0000/result/catalog.json::dense_v1_train_x2.85_family3/variant_3,/home/qy/DVGC/JIT/runs/campaign/all_proposers_v1/round_000/proposers/pi_3,e7ee150a2ef5d379fd39d1dce1108f95ac514d637c64e17cf5e6de810bf263ee,d6d30afbd2d0ad8331e4885a83d20337b68828807da7617320990105f5984c36,b9d738b45c4ceb63000c4a618567b138bbc06b82bca0a6faaa45170082bac864,True,-0.24626169443130497,-13.306895559909831,-184.30094780855669,36.33532572399846,255.87396736636504,0.08629486281504334,-1.056824254989624,2.3501693874859892,2.060941457748413,-0.00845066737383604,-0.16402003169059753,-3.3863860192643425,37.50914495928392,16.590198229786225,3.895052671432495,0.0061409445479512215,0.764681339263916,35.63390969246775,0.08780393607015187,14.756872793102255,1,1,1,1,1
c6ff25255cd0a6d46881479e98e8bd23e0004e0db90be528925d480279ee5010,pi_3,downstream,/home/qy/DVGC/JIT/runs/campaign/all_proposers_v1/round_000/proposers/pi_3/tasks/acquire/attempt_0000/result/catalog.json::dense_v1_train_x2.85_family3/variant_3,/home/qy/DVGC/JIT/runs/campaign/all_proposers_v1/round_000/proposers/pi_3,62da07c9536f7857c552e2d972d4b305ac2982cea99a985cc196c7af2aa4c103,f3e70183bb45890e415249c45569f108ed3d75b92b2c2a0ecc2d7084013fc595,ed3b8eeecc027b021115c66ac18eaf07c3694fee305d132f6c3e125a98d18c6e,True,-0.33486550807952886,-14.655711071920194,-185.18481526829135,35.465555774710694,-45.36772497677423,1.3206047458384997,-1.2044070053100586,2.301349491551047,1.9003007411956787,-0.04586455225944519,-0.4905913174152374,-2.9436913636347857,158.29310375114386,21.666394820939704,3.933868885040283,0.005506817251443863,0.7553000450134277,25.838206064091793,80.4617457813929,15.259132176826371,1,1,1,1,1
26a1e511488a8025f3a6cc18cdf0dd0a4e2f8874f8be0e876f748ac6061bc3e7,pi_3,downstream,/home/qy/DVGC/JIT/runs/campaign/all_proposers_v1/round_000/proposers/pi_3/tasks/acquire/attempt_0000/result/catalog.json::dense_v1_train_x2.85_family3/variant_3,/home/qy/DVGC/JIT/runs/campaign/all_proposers_v1/round_000/proposers/pi_3,8310a018dff176d95d03dbc4148f0d510bb66b3fc6db21af8cb96b1613bcfee9,b2c186de5bf7bc202cc6c87710f64fb35e89c7abe4a21742db405691256a81cd,cafae7c961732f88a172fec807a062a8835a79f7e5d52d7bbad4d8ae1a70850d,True,-0.2560574293136597,-19.838207604673872,-258.3382176566356,43.198064160500905,253.43821262531176,1.9818796655458124,-1.1283697509765627,2.1761995198609627,2.047086000442505,-0.0159941203892231,-0.6150994896888733,-4.039886993106938,96.11744094403258,16.338261579608428,4.016103744506836,0.005165857262909412,0.7328929901123047,15.833039316891755,118.3411143144482,15.996532742129007,1,1,1,1,1
4d2b283d95c3edb7d58ed58bc795f0ee961494119810f9b9e2a165eb6cacc10f,pi_3,downstream,/home/qy/DVGC/JIT/runs/campaign/all_proposers_v1/round_000/proposers/pi_3/tasks/acquire/attempt_0000/result/catalog.json::dense_v1_train_x2.85_family3/variant_3,/home/qy/DVGC/JIT/runs/campaign/all_proposers_v1/round_000/proposers/pi_3,5287279c8f0e84fd21659596db549ba611f1588e2c9049e82704e58bfc3cc670,6170e022aab7029ef0537eef3a0d1ba49736330f7d1aaac81d2e2c40568f0edd,7a7bd2ec67ba2c7acb714f6846176c4ff6be29015bcde984efe8271367c33359,True,-0.1191601622104645,-24.220544061065972,-214.14929795324093,51.51364530516759,441.86523673033815,1.948680802707847,-0.9921919345855714,2.098236696112658,2.168916702270508,0.01198211032897234,-0.6209383010864258,-4.783663430983238,-15.352345971031891,11.224166830071491,4.059184551239014,0.005353356711566448,0.7212116122245789,10.24654477869464,117.17663536285274,16.292353060074937,1,1,1,1,1
56a0a93a8a921b01c06297093950314dc78778b3c1b5ddcd22d11f32c26d3e4c,pi_3,downstream,/home/qy/DVGC/JIT/runs/campaign/all_proposers_v1/round_000/proposers/pi_3/tasks/acquire/attempt_0000/result/catalog.json::dense_v1_train_x2.85_family3/variant_3,/home/qy/DVGC/JIT/runs/campaign/all_proposers_v1/round_000/proposers/pi_3,f0e72be3c197122530cfabdeac0b4aff616c3fd1f6a6a03389f198ded753c186,a6f065c86d593963913dd4c9ba4892c7482d33f5f55efb49955e2d7786d6ace0,7e7dc3ba6e58f7f3111bab9512d744900824136253593d73451db379ddd92277,True,-0.36526533603668215,-32.38285576075757,-432.8774727637884,60.282293388048735,373.5111623849517,4.687885244480996,-1.2335005950927735,2.0230262146514275,2.068965435028076,-0.022352168336510658,-0.6592341661453247,-5.815823262222171,182.1336468226416,15.435187627927682,4.101428031921387,0.005149513017386198,0.7099359631538391,-1.773188398634772,-34.69260717200245,16.757547178393487,1,1,1,1,1
dae862128309aa837e973c86f25b79636575cd308922ad1e523a4531bbceec54,pi_3,downstream,/home/qy/DVGC/JIT/runs/campaign/all_proposers_v1/round_000/proposers/pi_3/tasks/acquire/attempt_0000/result/catalog.json::dense_v1_train_x2.85_family3/variant_3,/home/qy/DVGC/JIT/runs/campaign/all_proposers_v1/round_000/proposers/pi_3,a236689493c716fbf171abdf21833355c8e88902ccb1494c842db6ae296b3d22,ea2a9bc5df29838e6858fc69cf824aab73104a98210f4766762448bc9aa297c3,ed75b511e5f1d071c003c8e7af29c4a1fceda2838083c2f4498366c64705e773,True,-0.1963996720314026,-42.87598317509437,-466.137461417759,74.07088120898455,774.8677492612381,7.160945486635506,-1.061397523880005,1.9249430848456488,2.275629758834839,0.014873625710606575,-0.21466942131519318,-7.622011292945037,41.26723798403,8.49411119051342,4.145760536193848,0.005215643439441919,0.70432448387146,-11.744375381600818,83.34448859229933,17.134050438520397,1,1,1,1,1
be539d80d9d7a552a7e99b42d475734a0eb42ca11f256e8fc2cb00c14d1c771c,pi_3,downstream,/home/qy/DVGC/JIT/runs/campaign/all_proposers_v1/round_000/proposers/pi_3/tasks/acquire/attempt_0000/result/catalog.json::dense_v1_train_x2.85_family3/variant_3,/home/qy/DVGC/JIT/runs/campaign/all_proposers_v1/round_000/proposers/pi_3,83efb281f47bf3cda7421c99efcf68a30b0e429b39e31db4a50028fcf67878e0,546f6584532a1980cc888cb1b999f973f52d4941658094ec43aaee1938c4df32,a765c1cf8c729354cbc77310d5e634f9f7cac460877008be824061433b0b0167,True,-0.2457830619812012,-50.36447280750212,-354.24893609524855,85.42747772309977,438.2794420575948,8.135211655831572,-1.1126984310150148,1.7968982455804603,2.1314280033111572,-0.013485942035913467,-0.8043237924575806,-8.538627802202626,83.25039590629322,9.489460144107394,4.189701557159424,0.005237565841525793,0.692925214767456,-24.472456805581675,-53.58309358593849,17.403259327464944,1,1,1,1,1
c7f48a5cd57e6226a4e55703cdeda0407ceb4d066be990aad19040b5adbb46ce,pi_3,downstream,/home/qy/DVGC/JIT/runs/campaign/all_proposers_v1/round_000/proposers/pi_3/tasks/acquire/attempt_0000/result/catalog.json::dense_v1_train_x2.85_family3/variant_3,/home/qy/DVGC/JIT/runs/campaign/all_proposers_v1/round_000/proposers/pi_3,6564934d554de040d16216a7d3d79866aad96f8c506218bd67d780db2ef2aed5,3a953abc0d675e79417279e6bad6ef2f51dff8e266b2519e7370a69714c93ce3,70faf016f4436f3f0a2a79ff25a3dda515f2cfbd3a3a7b2153a7bde94d90ce23,True,-0.052479885220527656,-56.63034491809925,-274.0052236125408,98.49522103941078,735.1574119173775,7.388190261055744,-0.888025598526001,1.6243184433178361,2.295551300048828,0.01737392321228981,-0.4836084246635437,-10.434460358234617,-100.65666172301799,4.408934920567421,4.2347259521484375,0.005446888972073793,0.6817483901977539,-29.444501549628917,68.04747398373371,17.528569224433063,1,1,1,1,1
fcf0b6dd97ee691e995dc881b48ea649e953650c4a27eade4a2a74b6acd2b2fd,pi_3,downstream,/home/qy/DVGC/JIT/runs/campaign/all_proposers_v1/round_000/proposers/pi_3/tasks/acquire/attempt_0000/result/catalog.json::dense_v1_train_x2.85_family3/variant_3,/home/qy/DVGC/JIT/runs/campaign/all_proposers_v1/round_000/proposers/pi_3,882b5f8f8e96f17e0d0cb92611389e31c8b8befd4438ba53db404d5b152984cc,a775ca2ca39132d6f7498e17945dfca9712d9b628711fa6e324b36187ccdcbe4,16969084f85a3a6f709c7ac61fa522b05534b5a06fccde6120f45fefd89aa906,True,-0.20175236463546756,-60.628734243130125,-204.7401386356581,107.82681672877895,263.3920658688248,6.335427302519092,-1.047424373626709,1.4180306836732754,2.083034038543701,-0.022985296323895454,-1.4588168859481812,-11.134489861363807,29.810176217413062,6.499221681609205,4.278491973876953,0.005431273020803928,0.6609477996826172,-34.744216081371064,97.48017979666601,17.630908445850128,1,1,1,1,1
a1d057ede0f38460d10ac24976e0fed9f25d2aeaa669bd28be3830d51f1d0f99,pi_3,downstream,/home/qy/DVGC/JIT/runs/campaign/all_proposers_v1/round_000/proposers/pi_3/tasks/acquire/attempt_0000/result/catalog.json::dense_v1_train_x2.85_family3/variant_3,/home/qy/DVGC/JIT/runs/campaign/all_proposers_v1/round_000/proposers/pi_3,eb2deab307aa00ef5b5a41b61bb826246f144c799f2691e8b27c22259af253c6,5382fdd52fd308c1eb76ed24745a4f58dbb28df4cbff85007494b28c6ebc9402,fe0d2a9d30889c3d33ed9f89b958a18fa8aacb2613732e192227919d2ac69564,True,-0.23645743131637575,-66.31343921762921,-125.2819662093935,119.62908308623751,36.32288794951987,5.062165310430868,-1.0781233406066895,0.9263586110711917,2.00242018699646,-0.03968343883752823,-2.2988409996032715,-13.265160542760116,54.94451079696753,6.31950446350736,4.36326789855957,0.004843730479478836,0.5961648225784302,-39.457709137029354,54.50795925616616,17.835694417094526,1,1,1,1,1
e81df06aaf4d14ff0c9c162594239ed8dc242eba469067d0f0e60c252b262e66,pi_3,downstream,/home/qy/DVGC/JIT/runs/campaign/all_proposers_v1/round_000/proposers/pi_3/tasks/acquire/attempt_0000/result/catalog.json::dense_v1_train_x2.85_family3/variant_3,/home/qy/DVGC/JIT/runs/campaign/all_proposers_v1/round_000/proposers/pi_3,f04d98852c6ffbbb913689b75b1e3d623fff54f8891c9ecf7834418a07aa9e06,fe88d212e7e4b17bf9ab5b238894c16557bdcd588c0b26fe33834f0ca47cc213,1bf80e682a96bed95314dc9135ab6a742707d71910fce57bd1752cdf8de80664,True,-0.12985520839691164,-68.31249215371938,-105.00822988474647,123.56788925604378,283.37258217240316,4.530151703133195,-0.9426912021636964,0.6486394072906735,2.1122241020202637,-0.01596369594335556,-2.017836570739746,-15.266207040314274,-55.921675225669986,4.3395175735984655,4.40493631362915,0.00442145811393857,0.5541477203369141,-38.9600205729672,1.1666264057592082,17.92828325264053,1,1,1,1,1
68b5b0f4b00d3629a7b04cb685653833848d4d91d922c139719bd8a1b98fbe88,pi_3,downstream,/home/qy/DVGC/JIT/runs/campaign/all_proposers_v1/round_000/proposers/pi_3/tasks/acquire/attempt_0000/result/catalog.json::dense_v1_train_x2.85_family3/variant_3,/home/qy/DVGC/JIT/runs/campaign/all_proposers_v1/round_000/proposers/pi_3,1116fa2dff20781eb6416d6788a3d48e5b080266d4bd396ed14d9d76aa9416d3,3d67ca95c9c67a19190b1da59ae5e862798aef30502196600af70ebd18bfdc6c,bc08639c0cb9c1e86eb6cc98f246a9bd96d5902370cef679d0521777c1599deb,True,-0.24753847599029544,-69.33323660442109,-73.69740646516826,125.07536664737896,-91.2071086666837,4.227776762785563,-1.091036319732666,0.35350419660168336,1.9703609943389893,-0.04898765683174133,-2.9728434085845947,-14.613145333012676,65.48641942235655,6.0717346556100935,4.4459333419799805,0.003845254657790065,0.5028753876686096,-39.99982125145326,15.098039245212098,18.02854328459,1,1,1,1,1
6607417710beebfcccba9ec5f1ef623cc7fe6d9e9aca30bd70bbb19620d690a3,pi_3,downstream,/home/qy/DVGC/JIT/runs/campaign/all_proposers_v1/round_000/proposers/pi_3/tasks/acquire/attempt_0000/result/catalog.json::dense_v1_train_x2.85_family3/variant_3,/home/qy/DVGC/JIT/runs/campaign/all_proposers_v1/round_000/proposers/pi_3,e58a91c8250922fd3078ce72d1e7c6320c00329093f3200c02286f42bc666187,b148c4bac4e517e51b22d6a37da9d2aaeef0969c1e5539c7cc087c3619b1f80b,c997ba56c87f915c5f7079664c012261e2d761c3a51daf4ccbe9ca403d9e9256,True,-0.14273050308227542,-70.40196996423133,-66.80631932851567,126.54451301709202,173.90193015569892,3.9676171003315552,-0.9602532863616944,0.05256823603826064,2.074467420578003,-0.021875763311982155,-2.6404285430908203,-16.130461611847252,-41.55339900459144,4.188460256140817,4.4868574142456055,0.0032695233821868896,0.4477446675300598,-38.7606985775133,-18.376576150595117,18.12024992824135,1,1,1,1,1
a7e994e0a48207df76d8cac3016658be3df1486b5f4f77a79c3c2f1ce43be7e0,pi_3,downstream,/home/qy/DVGC/JIT/runs/campaign/all_proposers_v1/round_000/proposers/pi_3/tasks/acquire/attempt_0000/result/catalog.json::dense_v1_train_x2.85_family3/variant_3,/home/qy/DVGC/JIT/runs/campaign/all_proposers_v1/round_000/proposers/pi_3,139c3bc1dc6ee53907b479e7d335d72736ecca500e2eb38cc12ac5effff6caae,f10e15c891dc71ac9f12cd66966a833e0b6d910844d4ed68361d20c6b7018e71,c6f4c9b08492d410bd4e58e5d3e0ba8df53bfd5b62e81fe3beabef6d2386bc47,True,-0.2533249735832215,-70.76187995235598,-45.99884128627258,126.13832166715136,-160.09753044683453,3.9366813172262884,-1.1002586936950685,-0.25470808995597366,1.9606494903564453,-0.05460980162024498,-3.5162079334259033,-14.95929761260163,73.01698985024075,5.8032851693401435,4.527367115020752,0.002560562686994672,0.38449668884277344,-39.377898376577754,4.548593506073964,18.21754554829824,1,1,1,1,1
ca22d324657fb7b4a58af483cc74fc89808e262b04ca7ba527fccb50e4213550,pi_3,downstream,/home/qy/DVGC/JIT/runs/campaign/all_proposers_v1/round_000/proposers/pi_3/tasks/acquire/attempt_0000/result/catalog.json::dense_v1_train_x2.85_family3/variant_3,/home/qy/DVGC/JIT/runs/campaign/all_proposers_v1/round_000/proposers/pi_3,214081288a6f08fd6ee8cdb65253c4dc67fef4b818bf8b96a62a3ef56741f300,3d087434c2e6e247c1be60957dda3f45bc3930934d687d01cffeed6be798a474,cd7b9cabdb068b92cbf63829cef1e712c16a71700d41d89e42b7d1a5320e4758,True,2.977693786621094,-71.16393903784878,-310.8713609029814,130.41708001232752,607.1821245333296,0.7028938258983125,1.1107104682922364,-1.721738026797135,2.3278164863586426,-0.20915992558002472,-0.32716381549835205,-67.79884826775607,-151.83979075915408,-283.2264434449216,4.613426685333252,-0.0018200338818132877,0.26703372597694397,-39.17055773903826,133.9256935474497,16.467400022865714,1,1,1,1,1
296e2c45c584c2beff15ce0385ae5b1ea23023f366564f10a73fd6fe9c033bc1,pi_3,upstream,/home/qy/DVGC/JIT/runs/campaign/all_proposers_v1/round_000/proposers/pi_3/tasks/acquire/attempt_0000/result/catalog.json::dense_v1_train_x2.85_family3/variant_8,/home/qy/DVGC/JIT/runs/campaign/all_proposers_v1/round_000/proposers/pi_3,624ffa908fc89f67b286c5b63c4de3cc769e8f508616968c9253ecdba1ac5d2c,596f9a4aeb08197aa4830b25e811bb804ebd74b7f23d3823180f6220c10486a4,c5a1e8298bdd4ad4b52faa1369441dd1358eaa079e70dde0e31f0bf152b510a3,True,1.7432905006408692,-72.29545549650977,-51.84146364947694,143.62643364070038,-62.030890117463706,0.15858320608603588,0.7762371921539307,-0.5037105476780886,1.8201484680175781,0.017959371209144592,0.12402769923210144,1.1391139768955738,28.45676398809128,10.736638172399735,2.7398600578308105,-0.001931508188135922,0.11899664252996445,2.2819920283540593,-9.256204915083226,-0.3511757467309269,1,1,1,1,1
31dd29b32ab83e50d2c720075acca32f0809e2a263aa85f32209d1135fab1de1,pi_3,upstream,/home/qy/DVGC/JIT/runs/campaign/all_proposers_v1/round_000/proposers/pi_3/tasks/acquire/attempt_0000/result/catalog.json::dense_v1_train_x2.85_family3/variant_8,/home/qy/DVGC/JIT/runs/campaign/all_proposers_v1/round_000/proposers/pi_3,1839f0221f164b1462e449d9394afa7fc37999171c1a01ea7d99dad74d8760f5,68e6e7b5e6d18c05044abdff84aef8043f81042262f94416c42a34d3d600d49d,d29dfa3c37dc30ebfa87e504db36d9a61ea7c8471af7b855c01ac7ef078f2ce2,True,1.8739347457885744,-71.77854678012321,54.21944182034107,140.56149553368388,-230.1154661947927,0.12154696502771194,-0.323094711303711,-0.5467123142963463,1.8621503114700317,-0.014873442240059376,-0.02065911516547203,-6.088143758204225,-6.469827108742408,-6.132443511387282,2.776803731918335,-0.0018702540546655655,0.11909552663564682,-2.106738125431406,56.28321762900627,-0.2681042756697498,1,1,1,1,1
6f006971bda6c256f63d4c82946a43d5a4d95b9332bee4ad9e2f162ba1111367,pi_3,upstream,/home/qy/DVGC/JIT/runs/campaign/all_proposers_v1/round_000/proposers/pi_3/tasks/acquire/attempt_0000/result/catalog.json::dense_v1_train_x2.85_family3/variant_8,/home/qy/DVGC/JIT/runs/campaign/all_proposers_v1/round_000/proposers/pi_3,10b9ea9d76769e1c8d1b93cfdffdb8cff76381b87d3fa575c830a5994e9619cf,1cbbf9f606df81bbf922762ddd280d4d5be3b085b2570b96b651a640d3f6342e,b3e0bc2e5e2584b4442c0b2c5ea397e8b9048b3ef1be7692293d653db028e117,True,0.8466769886016846,-61.215761681536044,474.43761658018525,124.10621744566751,-604.9019341808125,-0.3607375474830582,0.33973708152771,-0.839813752438654,0.8051135540008545,-0.009703543037176132,0.08886749297380447,-6.8271151579994225,33.60003303689428,-8.83413764419052,2.8375422954559326,-0.0026927904691547155,0.11728144437074661,-2.978968650367667,9.572872975572528,-0.7313514686734449,1,1,1,1,1
b1dfd244167edfaf143c186faa94386a21081316794eda6b360d307bdc9e501c,pi_3,upstream,/home/qy/DVGC/JIT/runs/campaign/all_proposers_v1/round_000/proposers/pi_3/tasks/acquire/attempt_0000/result/catalog.json::dense_v1_train_x2.85_family3/variant_8,/home/qy/DVGC/JIT/runs/campaign/all_proposers_v1/round_000/proposers/pi_3,51ebdb527a7cf6966522fd71243588243cd690e1e66d517ca445e99c8d4fa486,67f71a4bba10c83cac4c28b9b7f275f49c92902b15e95aa47d0691582180f01c,7f367c1032b84b803047dcf91eb42d25e78cdd5a5dae3a97fcd439f98a3d30dd,True,-0.7633953094482423,-54.898495812529156,-327.91410356151056,51.56217721431512,-479.0024232478015,29.719772813557668,1.2477314949035645,-1.45065647231515,1.3006800413131714,0.040744926780462265,2.8061678409576416,-3.209784007754258,468.16553582763254,-3.9257809990590586,2.8949456214904785,-0.0017144442535936832,0.21172578632831573,-2.0344153867442567,-10.29454478686055,-1.558845403458597,1,1,1,1,1
89dd1860a874033dcfc1a63252ace0cb8a09afed2de4e298b87b0c397ee7f455,pi_3,upstream,/home/qy/DVGC/JIT/runs/campaign/all_proposers_v1/round_000/proposers/pi_3/tasks/acquire/attempt_0000/result/catalog.json::dense_v1_train_x2.85_family3/variant_8,/home/qy/DVGC/JIT/runs/campaign/all_proposers_v1/round_000/proposers/pi_3,71fea3a7a01bfdceef23a36c93e9474250bbec4024a1226f340189744d5c5778,fb21e1b25148ff9dd3226a2e6fe9aef4b6586fd0f0dd6f933952f946eda79092,dbdc84a699d1b4cdad6a8ba57050f561f5e49d65dd3b5de1820d1802c852e3f0,True,-0.13784335851669313,-61.28391330907443,-234.25833109624227,53.07350000215301,559.5894210381941,34.24543023377253,1.8829011726379397,-1.6791501595142917,1.7761669158935547,0.04377896711230278,3.07621693611145,1.820929073055634,-51.715098319642536,-15.564274788146339,2.9261205196380615,-0.0008199524600058794,0.27199241518974304,10.969156594767187,49.019991050520126,-2.003468519794853,1,1,1,1,1
a24226f9c94de51c20b881131216a990256c498143b6e82e00e7081531e471a3,pi_3,upstream,/home/qy/DVGC/JIT/runs/campaign/all_proposers_v1/round_000/proposers/pi_3/tasks/acquire/attempt_0000/result/catalog.json::dense_v1_train_x2.85_family3/variant_8,/home/qy/DVGC/JIT/runs/campaign/all_proposers_v1/round_000/proposers/pi_3,b9e09c4ce2b258a2c85896b3422981e68a0e6fef316d283698b1ff2a970f1310,f4539009162b4f8570e462a90c93f308bc3414918251910cf6372f36f870a38a,eb5cd1411a803ac5fa7ae4251a1cd014d07bda3bfb0cab6a55dd55bece286f63,True,-0.1405350923538208,-65.48495776187417,-27.57430866996751,78.92829318064418,137.93980938304455,26.46284228350875,1.8674478149414064,-1.9467713944769065,1.6042088270187378,0.02965434268116951,2.275707244873047,-2.7891611084275976,-39.0490555038929,-12.223394477340383,2.9992504119873047,0.0007452975260093808,0.3896568715572357,35.64523073101705,-54.801664220665884,-2.623372984207213,1,1,1,1,1
598294ca5879f105c646d001624ca8772516f4cd2dd2679edc534fe9a1a9c99b,pi_3,upstream,/home/qy/DVGC/JIT/runs/campaign/all_proposers_v1/round_000/proposers/pi_3/tasks/acquire/attempt_0000/result/catalog.json::dense_v1_train_x2.85_family3/variant_8,/home/qy/DVGC/JIT/runs/campaign/all_proposers_v1/round_000/proposers/pi_3,83d5d0f15d77923fd4138e8ff0b4e259caa2f86403d5302cc30ea1f885fd7d33,e29a237168e166bae2ab3248425a102fdd684daa2359aeaef9eaaa2e552059a0,5830c9637965e73b6056cbdc86fa3aca5da1995463e29e0b4902a322cc5333a3,True,-0.3407418107986451,-65.53983150166606,14.358561984531498,74.79328982692928,-424.97346857322293,28.23549434217136,1.6139203834533693,-2.140945407237747,1.3338477611541748,0.022148165851831436,1.458204746246338,-3.152239877440312,168.43489647985896,-7.717699681895977,3.0278899669647217,0.0012392052449285984,0.4253385365009308,36.89318825464842,-25.242854332634924,-2.916458611604501,1,1,1,1,1
7440ca2755ea354b021eeea4802a9e9a1ef8175146290d7630c4cd1af0a82b96,pi_3,upstream,/home/qy/DVGC/JIT/runs/campaign/all_proposers_v1/round_000/proposers/pi_3/tasks/acquire/attempt_0000/result/catalog.json::dense_v1_train_x2.85_family3/variant_8,/home/qy/DVGC/JIT/runs/campaign/all_proposers_v1/round_000/proposers/pi_3,7434fa7ef29df1fd9a0c06d8e680c67ebec59e85d7ab40c6132c5ab63eb05e85,05572f320fd7ee9e865f51e8cf721432f54ccb326300c30bf953e5c863f26146,7cfd079c551684bc6f5e28bebfa882497a804f612287606f3fe9042b57cf243b,True,-0.05939118742942811,-51.69910884679553,393.7188507803247,50.781872497870765,-482.27676129439226,27.272167607630088,1.9627831077575686,-2.4064415802202026,1.3405860662460327,0.016053691506385803,0.799590528011322,-0.18724931593078223,-117.0823241107932,-13.607049930533336,3.0787267684936523,0.0017193024978041649,0.4589236080646515,36.548728154426335,11.63994435051226,-3.3569735947328585,1,1,1,1,1
6fd6a9ec27d76d6693373d01e30670a05b9be1703d88cb1c45e2f1652b4e1b47,pi_3,upstream,/home/qy/DVGC/JIT/runs/campaign/all_proposers_v1/round_000/proposers/pi_3/tasks/acquire/attempt_0000/result/catalog.json::dense_v1_train_x2.85_family3/variant_8,/home/qy/DVGC/JIT/runs/campaign/all_proposers_v1/round_000/proposers/pi_3,035f47b01422d128bb882f26c04e7edc6b67208ec83ccc60a42dd59d2a51b2a2,b320132163337f5842dd6b2f4edff3b224432b7e1c71422d34789b2d3fe31957,616d3b1dff61cbc8d43f066ebe59e745938a33b55328d5dea7a82f3a0645e7a7,True,0.0013113928213715554,-31.95474291867576,514.9863186635299,27.46655048297951,-580.5898485093954,20.879129187707846,2.0417894554138187,-2.565420479577483,1.343389630317688,0.02453908696770668,0.5559052228927612,-0.21600338514011777,-181.71990128347892,-17.663183382354795,3.131314754486084,0.002461962169036269,0.4829734265804291,39.006107274391866,-23.752006744381436,-3.749222556260967,1,1,1,1,1
203f619754e866f5b4103de1d0bccf590b8f836a23a6eff6acd26a13e601b28e,pi_3,upstream,/home/qy/DVGC/JIT/runs/campaign/all_proposers_v1/round_000/proposers/pi_3/tasks/acquire/attempt_0000/result/catalog.json::dense_v1_train_x2.85_family3/variant_8,/home/qy/DVGC/JIT/runs/campaign/all_proposers_v1/round_000/proposers/pi_3,05d0f2d2bc61fcd36e300d42ef66f3f4b3602a14ec62bb5e9ec45e2fc024d8ca,552a5be687a0020f2a392d477f9479649438c763a9352ede1b18272e8b8c9d94,a804ae78cf0fa96d5a49cf846e828c39e76830cce46c09521b7c5cfc396a50c6,True,-0.017035507559776307,-16.705872606022268,352.6298534128754,10.674909484002098,-319.8391807171547,15.255170306703082,2.0142833518981935,-2.7644619628829714,1.4887446165084839,0.03819940611720085,0.6142444014549255,-1.504729200689596,-159.14863958620134,-21.64467311183177,3.1879444122314453,0.003802864346653223,0.5082880854606628,40.5182155339843,3.3945088217347803,-4.292094678011196,1,1,1,1,1
336b834b52a0b15be14811d37c964123774a0e0ceac56812d924b751f534b228,pi_3,upstream,/home/qy/DVGC/JIT/runs/campaign/all_proposers_v1/round_000/proposers/pi_3/tasks/acquire/attempt_0000/result/catalog.json::dense_v1_train_x2.85_family3/variant_8,/home/qy/DVGC/JIT/runs/campaign/all_proposers_v1/round_000/proposers/pi_3,dfa7f73e4e0222bb0a1ce637aab5314fdac1bc2dd5db9bc20c0f0384a1386b15,bc6b618fc00ac2a4125ecadca9cb857ecd48e0ef6a5790a81136362118892aa8,69efe4f87c1a85e9ee7590b57ef0a8d1dee5f0424cd136fa4c658849600ddd4a,True,-0.03830106854438782,-9.328483684427594,208.90190950073026,6.844826265404088,-90.32332316921907,10.694167365996671,1.9859805679321292,-3.0222852737520323,1.6151043176651,0.044978152960538864,0.5458855032920837,-3.504507737657366,-135.9925224506739,-24.786210082842672,3.250922918319702,0.005482669919729233,0.5330132246017456,41.1434681260802,11.31209527035165,-4.998161575776452,1,1,1,1,1
6b5a1381ef99da2a3925d080146e7ea5d75eb8fd364b04d89af76e2fb2c01960,pi_3,upstream,/home/qy/DVGC/JIT/runs/campaign/all_proposers_v1/round_000/proposers/pi_3/tasks/acquire/attempt_0000/result/catalog.json::dense_v1_train_x2.85_family3/variant_8,/home/qy/DVGC/JIT/runs/campaign/all_proposers_v1/round_000/proposers/pi_3,48be3e7bd7264c811d38849d6610a9c8f0e68ec1e5f04f09bb0225a085e3d092,7b7eb2fe4bcebd8c0e35bf7c876736dc1e0c234b359bce73f08c91c8a58bb52e,b2c8f011daa420c7bce96d656d08ded49e87be45245857272a0bff2cf28d2064,True,-0.05070844948291779,-7.12869191551758,185.67739485085434,6.735090738651371,-77.35988367172332,8.880280746206417,1.9697058296203616,-3.170725340386413,1.640936017036438,0.04962700232863426,0.49222859740257263,-4.533117151188361,-122.66030737951083,-25.539339184126835,3.2836196422576904,0.006436496041715145,0.5438315272331238,41.51841819075722,14.798315176506307,-5.395467572203731,1,1,1,1,1
c3a6a4693d0c70738d85d8d844737c1a9b25b610fdf300514378e3f172ac317a,pi_3,upstream,/home/qy/DVGC/JIT/runs/campaign/all_proposers_v1/round_000/proposers/pi_3/tasks/acquire/attempt_0000/result/catalog.json::dense_v1_train_x2.85_family3/variant_8,/home/qy/DVGC/JIT/runs/campaign/all_proposers_v1/round_000/proposers/pi_3,511373c9e9a7cb394ead68672f5402a223dd6d9caf0dcfce451c49b15ed950b3,faf140d30e4cd066b97ea44ac9f17074766d564cd79519e250e638c14b7884a9,32f00ac1f2d263710b1149f02bef61f92b9e52553d36916bb37352abab6c92c3,True,-0.07378501653671266,-6.238675577982606,153.2312368968691,9.424267696026913,-53.71267934996656,6.894998631013163,1.950224475860596,-3.5064857403513026,1.698954463005066,0.06038995087146759,0.410994291305542,-6.1687075470118184,-106.75162884020305,-26.859276656326387,3.3510587215423584,0.008679852820932865,0.5639907121658325,41.43347795823894,25.47333735862971,-6.279698243919819,1,1,1,1,1
1a2eca1708927ffed47ffac28da652237e0bd08f4209ad13d4f5bc3b3cbe11bd,pi_3,upstream,/home/qy/DVGC/JIT/runs/campaign/all_proposers_v1/round_000/proposers/pi_3/tasks/acquire/attempt_0000/result/catalog.json::dense_v1_train_x2.85_family3/variant_8,/home/qy/DVGC/JIT/runs/campaign/all_proposers_v1/round_000/proposers/pi_3,97d25d693cfc7e39c9a515b940df6b8d8b35668456a1f33247d414795d06906c,49de512c093b0c45580a6dcc297c80e141c7797698f6838b628bd303cbca1a65,77658f8d9f06eaeb60e0af9b4f83ba49d6c184064bdf20f53443b749050a08e5,True,-0.11926946043968202,-7.277054296460835,43.024355374434556,12.153878519515287,41.88007329221481,6.524419975248783,1.889122009277344,-3.6922564725609557,1.743360161781311,0.06813381612300873,0.43584293127059937,-6.6575002165668495,-56.681796733116954,-26.15762156817473,3.3859262466430664,0.010000372305512428,0.5738951563835144,41.90992463398235,20.709430676707555,-6.767200501903567,1,1,1,1,1
42ee8b1d846f6d1931db4b7f0719452e8a4d56135b7fa77d15e069522b81f0c7,pi_3,upstream,/home/qy/DVGC/JIT/runs/campaign/all_proposers_v1/round_000/proposers/pi_3/tasks/acquire/attempt_0000/result/catalog.json::dense_v1_train_x2.85_family3/variant_8,/home/qy/DVGC/JIT/runs/campaign/all_proposers_v1/round_000/proposers/pi_3,e84268aee573a93fb9cf68e2527eb94146483975d15f535907c37894d4fb9882,980d436ce309e2a3c329a6a57e69411fe35d9dc105bf45407c15ac2b7593ca08,1a8903c0d7df573eb379c030046507ea1f248a1b0a3940c9a703e5eba36fa015,True,-0.13591249823570253,-9.552303007113387,29.333008956712217,17.200625896288606,58.09004855128477,6.070067149329803,1.8849048233032228,-4.0809781296848024,1.7818056344985962,0.07513504475355148,0.2429911494255066,-7.453398681773163,-53.1930351428174,-26.67486154873604,3.4566187858581543,0.012938229367136955,0.5890681743621826,41.09856304738195,37.751316146495896,-7.750939819046659,1,1,1,1,1
f8229e6939bbf268e47a5b32738a83685a9d7bbd872cf07f8074a9e44deefed0,pi_3,upstream,/home/qy/DVGC/JIT/runs/campaign/all_proposers_v1/round_000/proposers/pi_3/tasks/acquire/attempt_0000/result/catalog.json::dense_v1_train_x2.85_family3/variant_8,/home/qy/DVGC/JIT/runs/campaign/all_proposers_v1/round_000/proposers/pi_3,b7d911c149c58be6b65c31df42081d2422f2f71ab50b1d92d646de7df0724a7e,bc01f5a12cfa34bc0d2fd96f501e93eb8da0d21ba63b63a25ec9d9e333d79138,330be1f7a4961484834e70dd7202d49b06469ab3b999ed92d5f13b1edc37ee15,True,-0.1615200686454773,-12.54730680721813,-46.140680409671646,22.096894814136437,149.49292409995937,6.361320712648694,1.8564589118957522,-4.290009495489387,1.8269199132919312,0.08025912195444107,0.22124113142490387,-7.646763044723516,-29.927911603231156,-26.036768201000523,3.4932589530944824,0.014557771384716034,0.5957052707672119,41.15146627759828,29.375349299377124,-8.280048289058131,1,1,1,1,1
3a4cb4c2103355af89a6a17bd420f8d73b56ce204bf19b5dc25aba98d07078f8,pi_3,upstream,/home/qy/DVGC/JIT/runs/campaign/all_proposers_v1/round_000/proposers/pi_3/tasks/acquire/attempt_0000/result/catalog.json::dense_v1_train_x2.85_family3/variant_8,/home/qy/DVGC/JIT/runs/campaign/all_proposers_v1/round_000/proposers/pi_3,c0bd0eddcab3372cda18c60a2c2b192b99e1a0c605df76b20cea0b39efa9f8a0,1aea0925e1d7e85465639c4c085966a9143de4b207758f7bfbc435e9cd92a1a8,b81d3349588b6722144fd22c4ff4ad8f751768fff34f7bc7187e69c67588412a,True,-0.13893391251564027,-15.590446365498535,-2.6560082781054914,27.391018836042925,128.44510877629645,6.510468830829482,1.8898233604431154,-4.503022574420468,1.840435266494751,0.07976355403661728,0.06590919941663742,-7.808397763884576,-57.23985050906367,-26.002566028731685,3.530442476272583,0.016245519742369652,0.6007282137870789,41.21604230110617,23.12032011408739,-8.795122718406857,1,1,1,1,1
cd302019b95d171e3556e3f21f93710e27891bb0d8c87f0cad0cec72992b3000,pi_3,upstream,/home/qy/DVGC/JIT/runs/campaign/all_proposers_v1/round_000/proposers/pi_3/tasks/acquire/attempt_0000/result/catalog.json::dense_v1_train_x2.85_family3/variant_8,/home/qy/DVGC/JIT/runs/campaign/all_proposers_v1/round_000/proposers/pi_3,c21be8331939b69f7b3f864b2940c185ae26de91b75d2209bb10e5e8ad360388,471eb50f9ee0b43eb21ac25715625077d9459603acbe5e899ededaa4574b71fe,3a3a849571b4e49c98631778c4d20720851ea671793443f4b1519c60fd2030b2,True,-0.1965846395492554,-26.16640177635278,-215.10582496536622,44.94770932395347,409.3002608055513,7.524799055452597,1.822985649108887,-4.9551519058323645,1.961397409439087,0.0946367084980011,0.15124472975730896,-8.388897248991253,-2.5685918885696717,-22.451011094297627,3.608258008956909,0.019982194527983665,0.6115583777427673,41.07999176302869,22.27149323234218,-9.834818265373096,1,1,1,1,1
d45c88c74454b4db7f862d3c506309970dab1257f985408985382946ac0734ee,pi_3,upstream,/home/qy/DVGC/JIT/runs/campaign/all_proposers_v1/round_000/proposers/pi_3/tasks/acquire/attempt_0000/result/catalog.json::dense_v1_train_x2.85_family3/variant_8,/home/qy/DVGC/JIT/runs/campaign/all_proposers_v1/round_000/proposers/pi_3,80e99fa3b82ab2a32d7cbdf72c2272e3f4c83bf0aef89a643567b8a7dd13c38f,1d93467159e76d50964a5c6df9800ea2e3da179cd6888679a74a024a252190f2,7e2a7c40c1cf61c3a1ccdf1df1499001fa2723fcaeb4e81e6cf530d152b5d86e,True,-0.26203862428665164,-34.911678659441435,-355.2202163159811,56.474657586157974,515.1077321062161,9.606890144002868,1.7428787422180176,-5.211637400345162,1.9952106475830078,0.11429277807474136,0.27230316400527954,-8.597746504563672,63.024675811511386,-18.857530751190733,3.648205518722534,0.022331999614834785,0.6195565462112427,40.668145016455256,26.801397633299697,-10.407831519282793,1,1,1,1,1
ed7463a2d4446d122720d4f88f0491d23ff52bcd275914b95bedf23e7fe03ae4,pi_3,upstream,/home/qy/DVGC/JIT/runs/campaign/all_proposers_v1/round_000/proposers/pi_3/tasks/acquire/attempt_0000/result/catalog.json::dense_v1_train_x2.85_family3/variant_8,/home/qy/DVGC/JIT/runs/campaign/all_proposers_v1/round_000/proposers/pi_3,c59ef28876a32ca7b9d21a197be927738cd38c937834f9e80559941276d36851,2006680a67d210f681d552763d457c0251c661e1ffc1b893799944f2e68452f7,0f9afaaf5cadbbb58338fb40921c4590a64c2f7bc689c92c0d9c03738c4600cf,True,-0.2553667759895325,-44.68966819220497,-392.17877972627025,69.64788975910524,616.8044950360436,11.735492700416891,1.7645009994506837,-5.495129676226517,2.0516810417175293,0.12888354063034058,0.3696916699409485,-9.43253222492263,45.344765295879235,-17.431240403424916,3.6890692710876465,0.025014346465468407,0.6294785737991333,39.324008184026354,39.47111679837009,-10.953840147162948,1,1,1,1,1
f6e98219aa3eca5f61f412dd52c8854d5d0cafb2c1a560bd68522b41862891d5,pi_3,upstream,/home/qy/DVGC/JIT/runs/campaign/all_proposers_v1/round_000/proposers/pi_3/tasks/acquire/attempt_0000/result/catalog.json::dense_v1_train_x2.85_family3/variant_8,/home/qy/DVGC/JIT/runs/campaign/all_proposers_v1/round_000/proposers/pi_3,01f3aa7efa1ae8fe54b5cda3f51e55eaf4fa5a35c0cce294a25baba9ef708983,4d75da5849277044c0a451fbe89014f43a539a89f5e242e1bc69aa11de73f0ed,8a313c1f07b26364de55854f3371b3310430f0a6687cb7ce8e71d6f646b587eb,True,-0.12139708757400514,-52.34159400616737,-278.23360248239896,84.91472859191774,750.3704288595303,11.228026271075734,1.9453893852233888,-5.769239641006977,2.155376672744751,0.13099265098571777,0.4381512701511383,-11.84351386985626,-102.72739749444743,-18.320864005082615,3.731715202331543,0.0277600958943367,0.6401403546333313,37.680131914966026,41.95989771304475,-11.261356492280433,1,1,1,1,1
3d71a78afec3c6e023ba0d40df54228f4a2901a3604c42d895c7a510bad02abb,pi_3,upstream,/home/qy/DVGC/JIT/runs/campaign/all_proposers_v1/round_000/proposers/pi_3/tasks/acquire/attempt_0000/result/catalog.json::dense_v1_train_x2.85_family3/variant_8,/home/qy/DVGC/JIT/runs/campaign/all_proposers_v1/round_000/proposers/pi_3,9da61e5933f264b9e3ff0333c2bd68ee58c42cc973b3efc885a009bb7a2f3696,652f78144124581da5df6ebfe60e3374ef7ead91c6ea392dcd85ecbdc1f18557,42650faf43c16cdffd51451353e0110286c23d040c8b8d59771c8982e876e8c6,True,-0.06248001396656037,-57.84787053388362,-196.56397872742428,100.88095830517204,754.8487380114976,8.706471474539923,2.0260613250732424,-6.063880620794714,2.1810648441314697,0.13501101732254028,0.38738858699798584,-16.123172092455558,-168.76032767305338,-17.213299312293564,3.7753093242645264,0.030580908060073853,0.6503982543945312,36.56652079721422,31.845657967441486,-11.350007486287375,1,1,1,1,1
fd5ff731881b2594338d319961caa2514c82839b8b0b15493c2dbe96ca1394ae,pi_3,downstream,/home/qy/DVGC/JIT/runs/campaign/all_proposers_v1/round_000/proposers/pi_3/tasks/acquire/attempt_0000/result/catalog.json::dense_v1_train_x2.85_family3/variant_8,/home/qy/DVGC/JIT/runs/campaign/all_proposers_v1/round_000/proposers/pi_3,72436927c79fbf9d9a9cc2f08b8bdc61b59a537c9ffe5724535ea8ebf2125593,74cc26c29f2f5b81d344f5a7085b73546d66e86f6dfa87796d1ff7fef55bac5e,0263e40c1ebf03f0e6e9df68927c137c868b605ee2a598d488cd0f340132d3cb,True,-0.13130200386047364,-64.77049265393416,-95.79514480766719,124.01387328808893,407.8547742111232,3.973610556755259,1.95365873336792,-6.899532492172946,2.0171828269958496,0.10263542085886002,-0.5064724683761597,-25.294046600464167,-109.46307050672556,-13.111595692103426,3.858715057373047,0.035658109933137894,0.6498541831970215,33.88503292529682,41.892582783679686,-11.394626918847461,1,1,1,1,1
09be717ad1be3ec68d69247af558d55d565812140933df6bd38857e0fdea3ac1,pi_3,downstream,/home/qy/DVGC/JIT/runs/campaign/all_proposers_v1/round_000/proposers/pi_3/tasks/acquire/attempt_0000/result/catalog.json::dense_v1_train_x2.85_family3/variant_8,/home/qy/DVGC/JIT/runs/campaign/all_proposers_v1/round_000/proposers/pi_3,323e8cb3e198ef143629e180619e398549b685162839c741e15bc5a8d99fbf29,796ed053f2387c7e76faa527dcef959af1d6eeb801740c64b9838fb977b1a9c7,2eff262e1874c58cde1fdc8f6a4dffb09376a289ffbfdf62956b7b2ab4c44f50,True,-0.26515610218048097,-66.52527753473716,-41.265291380116544,127.92550896537689,-11.61919252826647,3.2452675897234005,1.8097830772399903,-7.428665550431839,1.8060932159423828,0.038126710802316666,-1.5645232200622559,-26.20170873171987,8.278351491048243,-11.221893230851522,3.8966774940490723,0.03716488927602768,0.6293984651565552,27.255142467789277,120.06167994750943,-11.518773065705068,1,1,1,1,1
51a3fa47348d50f938338812902481b6d9745696bd907dbcc371adce42422c8b,pi_3,downstream,/home/qy/DVGC/JIT/runs/campaign/all_proposers_v1/round_000/proposers/pi_3/tasks/acquire/attempt_0000/result/catalog.json::dense_v1_train_x2.85_family3/variant_8,/home/qy/DVGC/JIT/runs/campaign/all_proposers_v1/round_000/proposers/pi_3,e2226378c0323c652cff032a0a2d2e31044e39e299bea06831d87c32c9cdbca8,ff40eb3fcbc27e2b26718f8bcef3e45907c766a1f16ed1d349c248337a2147d7,38a368c559882044772c1329c03d6668eabe26e316127e6927985842348ca679,True,-0.24066648960113526,-67.80497494744158,-23.65063307672011,128.18922256923108,25.062038734737175,3.525791695315069,1.8411983489990236,-7.9687243161520325,1.8316336870193481,0.04176383838057518,-1.6934365034103394,-26.3896345565436,-17.431511903444424,-11.888811684431785,3.932811737060547,0.038110725581645966,0.5975136756896973,26.46496983554155,41.67022256015534,-11.778316270743705,1,1,1,1,1
48892dc5949a26ce712cc0439f1f0c2799ec593202e67d6e6abf6f0851b2aea5,pi_3,downstream,/home/qy/DVGC/JIT/runs/campaign/all_proposers_v1/round_000/proposers/pi_3/tasks/acquire/attempt_0000/result/catalog.json::dense_v1_train_x2.85_family3/variant_8,/home/qy/DVGC/JIT/runs/campaign/all_proposers_v1/round_000/proposers/pi_3,2e82ec935f700eacc505c744e94341a1ea2dfb7b18d6898e0e0102f893d8ded8,6f34c9403ee893157c8421494cc572c9e83909274a17726e59bbadc205e14c2a,eba581b408458a6ba59ce3f2d0bdad54f1a8b62e0e50cfd5b1a3ef4eada95434,True,-0.23605002880096437,-68.66080448063335,19.77491565672995,126.38672198688639,-49.06377939328908,3.812917720221563,1.8420445632934572,-9.026688483820047,1.809913158416748,0.02311907336115837,-2.2559916973114014,-24.8643286639274,-18.141194171418135,-12.553343840670774,4.004498481750488,0.03935648128390312,0.5164111256599426,29.111939638941,-19.074087021467864,-12.308255777480747,1,1,1,1,1
fafdeeb9c873cbf43d9332b8de54905ddf2793214a7e865973e45ee50a3fcbfa,pi_3,downstream,/home/qy/DVGC/JIT/runs/campaign/all_proposers_v1/round_000/proposers/pi_3/tasks/acquire/attempt_0000/result/catalog.json::dense_v1_train_x2.85_family3/variant_8,/home/qy/DVGC/JIT/runs/campaign/all_proposers_v1/round_000/proposers/pi_3,96db45171afb7e8292975c430eb1e5b9c3d17176d2afa81610e85d8ac43fffb1,1a84c7ca02113c4e2f0dd599b1259880f479c68b7eccf990e88d18e014830fae,5dd5036a489d8adc0ea26e6dd4ca945414502eafbb34c93e8ede3e29165d1e52,True,-0.17039492130279543,-66.50144017453381,140.96481820417313,124.56103974249866,-107.23916774315857,2.5725339066487622,1.9157224845886232,-9.517726899626636,1.8220367431640625,-0.011524172499775887,-2.6470706462860107,-23.81388655071446,-78.45968073187878,-13.012265958551223,4.040763854980469,0.03933248668909073,0.46644672751426697,30.216992529662775,-17.623911502174515,-12.371870370552555,1,1,1,1,1
c2c15b9928030b1e93d6bb47233cf63b252b13316da60b59269191f4a450e642,pi_3,downstream,/home/qy/DVGC/JIT/runs/campaign/all_proposers_v1/round_000/proposers/pi_3/tasks/acquire/attempt_0000/result/catalog.json::dense_v1_train_x2.85_family3/variant_8,/home/qy/DVGC/JIT/runs/campaign/all_proposers_v1/round_000/proposers/pi_3,bef9de0ab351b6c8e5365b366ec8fb2c2ed83a55f80a4c8e0d080e914d1a001e,baca6f1e270d96060151a93d576f104d19171639cc94e7b3651e0e5943f8b6f8,0f781fdaa55ee2f3e94fe0a8069b8d055de7e23a354bbcd63a337e2963669654,True,-0.14129263639450074,-62.59000940292095,211.1734528337581,121.50330065486735,-167.87166542052137,0.6004806480936021,1.9476485824584964,-9.977239080378554,1.8160982131958008,-0.036707647144794464,-2.9964873790740967,-22.316997660140096,-104.59267434545373,-12.852782748978719,4.077021598815918,0.0387239009141922,0.4091193675994873,31.49492775356133,-19.984501718959084,-12.30122552184656,1,1,1,1,1
d6a137e8bb491e0a0770fee47d53ad1bee490ec25cf30e10f344050471853756,pi_3,upstream,/home/qy/DVGC/JIT/runs/campaign/all_proposers_v1/round_000/proposers/pi_3/tasks/acquire/attempt_0000/result/catalog.json::dense_v1_train_x2.85_family3/variant_13,/home/qy/DVGC/JIT/runs/campaign/all_proposers_v1/round_000/proposers/pi_3,0d2ec724afe0b1efe1c682248b9fb5eef9b075b953d1001407d431c638edd770,e6cc216f51b38f3ebe85da6ab11884c174165cdb12053f04317fe175b39f75ca,156fe980cd3120a6dd7c10d28050c51bfe53a86cfe9551753427719a42fe3062,True,1.7400864219665528,-72.05058638457565,-36.41276299371348,143.6115574886881,-62.72919499782746,0.11680563231641301,0.7838902378082276,-0.3390292802576389,1.8032211065292358,0.08689065277576447,0.11607878655195236,16.631080327063337,24.220578212011823,47.85062168347893,2.7395691871643066,-0.0012079804437234998,0.11895522475242615,10.900496971909279,-104.36765376324766,0.026010965093804052,1,1,1,1,1
f94dc984c0fd70e26c9170191f000e011c82b805db062115d12217326ad5bcdd,pi_3,upstream,/home/qy/DVGC/JIT/runs/campaign/all_proposers_v1/round_000/proposers/pi_3/tasks/acquire/attempt_0000/result/catalog.json::dense_v1_train_x2.85_family3/variant_13,/home/qy/DVGC/JIT/runs/campaign/all_proposers_v1/round_000/proposers/pi_3,edbfeccd8fa5db36c2d7e32e75a9a368bd0bff682ffd37edc6613b900055b4db,f48431ac54c95a0e18d7e2e5deb96569ccfbeeed7d973f2fb3f3009478dd2c1d,cd311bb6634cc9b5d2589e1868eee57422857920e7ad58747d4f47c8a47dac1a,True,0.6697004413604737,-61.738428247392925,449.17782850105056,133.51888748048373,-424.73815489593767,-0.15021875348760716,0.1906434488296509,0.13865140583103577,0.7132146954536438,0.02234688214957714,0.10341272503137589,5.9385429785870825,31.257718698781375,14.611833936692033,2.793867349624634,0.001295621506869793,0.11827728152275085,5.005899857328882,7.226191585259043,1.4457199692532858,1,1,0,1,1
5c6ea607316989be5baeb532ea0c302bdbeb937b127d6ca5a53e1cd2f796d8c4,pi_3,upstream,/home/qy/DVGC/JIT/runs/campaign/all_proposers_v1/round_000/proposers/pi_3/tasks/acquire/attempt_0000/result/catalog.json::dense_v1_train_x2.85_family4/variant_4,/home/qy/DVGC/JIT/runs/campaign/all_proposers_v1/round_000/proposers/pi_3,cead19f4cfafa1986f8753d10a099a58ae6c2f285e7b20d566bd7decbfcdde8d,30621a6aca0a546ea973bab6f043cdb0cabc4983ea558bbc7ba59e96879124ba,8ff1ad0a0c59be6edd6c6286909695855a0d32986ac6f411f9fd845be9431647,True,1.8976490402221682,-72.38835972960028,-28.844090355544363,143.62723960302245,-72.27258802316857,0.1183595163639374,-0.38646228313446046,-0.31127617106283284,1.9010519981384277,0.08872446417808533,0.048336613923311234,17.146336137670758,4.291467192787426,55.69714300198957,2.7402584552764893,-0.0010824768105521798,0.11889877170324326,10.854386364822524,-84.93096395157487,-0.006959947798044817,1,1,1,1,1
7c06d49f95993bbe53597f73d75434d3c99e6133f8feb52d7ccf3bed20b1c59b,pi_3,upstream,/home/qy/DVGC/JIT/runs/campaign/all_proposers_v1/round_000/proposers/pi_3/tasks/acquire/attempt_0000/result/catalog.json::dense_v1_train_x2.85_family4/variant_4,/home/qy/DVGC/JIT/runs/campaign/all_proposers_v1/round_000/proposers/pi_3,fc6b273b3d2c5e841ebb3ed8bc43400be26cdc1d0c73b2c5168c88e860958d8b,40d7ecea4f3c9e7a5aadb118e7d487b57ac65a5ed61e4f1b0bbacdeb697e16fd,f99de6e7b39dcba00f10a82e79994efbcd2969eb10388749369755fdcc45b084,True,1.9560920333862306,-72.16622148722396,40.25354228855173,140.57305221375955,-226.7448907827965,0.12450750194640306,-0.14529187679290773,0.06723820042637892,1.9355961084365845,0.10297379642724991,-0.006890327204018831,17.28564638352963,-2.2007522642620465,51.78050762622916,2.778508424758911,0.0009652219596318901,0.11913986504077911,6.752157246953117,49.009960917723966,1.1332443907575556,1,1,1,1,1
212cad59ab64034934c89ee438c27fced98f1a169617e6efc3f6b52be6db9f74,pi_3,upstream,/home/qy/DVGC/JIT/runs/campaign/all_proposers_v1/round_000/proposers/pi_3/tasks/acquire/attempt_0000/result/catalog.json::dense_v1_train_x2.85_family4/variant_4,/home/qy/DVGC/JIT/runs/campaign/all_proposers_v1/round_000/proposers/pi_3,48a712d38a7e40aeced9da784b15c32313cb88c8a6675e3c44e2b9e8730d20d3,bbf23f145632a556e6104dab990d5bfd9bb32764ea0b66df3460840a2a6d31fb,4f1e3ab61b254f04ce32e9f7bfbc990a3c4c7823064d25b749466e260e4294b7,True,1.7258878326416016,-67.18877577109053,319.96961000954525,124.86897199103952,-577.6577302609791,0.20192991669451746,-0.4875762796401978,0.6459468862625268,1.6552404165267944,0.07503669708967209,-0.021171508356928825,8.103128110533442,-10.470799525940022,13.916075863115038,2.8548450469970703,0.005182681139558554,0.11857136338949203,0.28236122090751714,60.74001851527714,2.8033535686160613,1,1,1,1,1
e574d5afec6f8296dea139f54040c2340edb8b689da0040d589d3fd3a6d93f56,pi_3,upstream,/home/qy/DVGC/JIT/runs/campaign/all_proposers_v1/round_000/proposers/pi_3/tasks/acquire/attempt_0000/result/catalog.json::dense_v1_train_x2.85_family4/variant_4,/home/qy/DVGC/JIT/runs/campaign/all_proposers_v1/round_000/proposers/pi_3,7230f827e3204d835b35e506eea075e87b549626e9080c73959f40517e636937,69f4753e2fb62606c85c1e901835cc1dec0a42d23ac3b23a43a850eb79449af3,5ea0901756416744561134ba88f384ec79088b54aaf0517adef530bc2ff241ef,True,0.6939090061187745,-57.41166050254076,659.8091692203848,110.7151124834806,-867.5690984126455,0.024798725155117843,0.29503328800201417,0.7788115969638933,0.6640506982803345,0.01712091453373432,0.005441954825073481,5.729021803155064,-1.880587146917699,6.141300132306673,2.879055976867676,0.006127245258539915,0.11875662952661514,1.009701955804519,1.298980530835246,2.9787416967684086,1,1,1,1,1
1630f9ba4b1c5410074959509593ec0c351a6d1264043d2aa7ff6d336aea2209,pi_3,upstream,/home/qy/DVGC/JIT/runs/campaign/all_proposers_v1/round_000/proposers/pi_3/tasks/acquire/attempt_0000/result/catalog.json::dense_v1_train_x2.85_family4/variant_4,/home/qy/DVGC/JIT/runs/campaign/all_proposers_v1/round_000/proposers/pi_3,2782cd39848065468f834a2fc5ec8f270fa4917fbbdcb41c10d5552cead2a3be,58d50864b80f26531758bf2cd0d44b231308c684f27c7d91f5cb2eaa19831e35,da6bae8f2e4e0dbc47be2ce91e5f60c604d42a6f47ce6244f4412593d89f6fc8,True,-0.9939325618743897,-43.265833297445774,-481.6264180023803,38.93348187294712,-1130.0763269348736,20.348947635260267,-1.8422939682006838,1.1205618198581346,1.0152530670166016,-0.01966797187924385,2.8524787425994873,-3.7992811998753684,843.1651057157568,24.94095484867848,2.926608085632324,0.006472166161984205,0.17737512290477753,-5.352640386960103,-14.215492573308179,3.7699958026909,1,1,1,1,1
4974a7df8d459df80114a0cf0f012d3326b056e6c6220a600f49acf05ff26336,pi_3,upstream,/home/qy/DVGC/JIT/runs/campaign/all_proposers_v1/round_000/proposers/pi_3/tasks/acquire/attempt_0000/result/catalog.json::dense_v1_train_x2.85_family4/variant_4,/home/qy/DVGC/JIT/runs/campaign/all_proposers_v1/round_000/proposers/pi_3,d2db67a6dfe581d429a80ed1d8023fb8c61802dac97f47ebad352ab83112eec7,6fdf7d55493d0696dcf2a17f9088c52dc9edb33393a31d5fb58a8f4f5dfe3715,3004d78b4b3e426459071b78276d147808fc4364256a45b0808677adee23a132,True,0.4128322792053223,-60.236961422527365,-206.43951702191396,45.69400311342574,1072.9813003418762,30.499202743922986,-0.4259865856170655,1.3703164130051864,1.9703816175460815,0.029369916766881943,3.058927536010742,6.8594471390961465,-316.11008867562447,-7.10099165645177,2.9909799098968506,0.0068185338750481606,0.3024439215660095,13.23944658808231,210.67427528845687,4.201873684945624,1,1,1,1,1
f5b36574e8e1610566993446a1d98d646a06dbb340cc0c80e23cbeff03fc3263,pi_3,upstream,/home/qy/DVGC/JIT/runs/campaign/all_proposers_v1/round_000/proposers/pi_3/tasks/acquire/attempt_0000/result/catalog.json::dense_v1_train_x2.85_family4/variant_4,/home/qy/DVGC/JIT/runs/campaign/all_proposers_v1/round_000/proposers/pi_3,f62f210cfab916136e68e86deabec03a1c47954f75ec32695ae14a602f790bf5,9e531a8e9210f1c3111584da6cdd5918b003b62b2ef3cd348442414d6a1b56ff,f1b8089574959b11043b93d7e62eb027a13ef669f083832d625d7a31d761f561,True,0.3751073503494263,-62.70084971277191,-110.87039000407165,65.56452946570482,867.4431497243505,23.468312738084872,-0.43652975082397466,1.3362609272517967,1.9161128997802734,0.018814850598573685,3.0494678020477295,5.292513804809658,-307.47869665920933,-5.65292367740419,3.030174493789673,0.007334953173995018,0.3633745610713959,29.522905291111496,136.0252527171766,3.7929054467028425,1,1,1,1,1
c2e46737ac8a2b0484c9875f90d79d5810c73050368761b75ff8963b9b6893e5,pi_3,upstream,/home/qy/DVGC/JIT/runs/campaign/all_proposers_v1/round_000/proposers/pi_3/tasks/acquire/attempt_0000/result/catalog.json::dense_v1_train_x2.85_family4/variant_4,/home/qy/DVGC/JIT/runs/campaign/all_proposers_v1/round_000/proposers/pi_3,581d12fbd37dd37defad7e12bcbeca33a61deb83fb5f89eae771c32d97ed31fb,7afad9efdae044eb81eddd0ee9cabeb69ff73c11c85413d36b6aa084370458d9,ea018b5bf68c48f422f8301b38cbfb9428c45f1ce18668458554a8c698888281,True,-0.12949159026145937,-62.080374838000445,84.67213393297723,65.65048739640943,-608.8284733308694,21.86785987580151,-1.0168081855773927,1.4784972559862315,1.4125018119812012,0.02767067588865757,1.1550335884094238,1.5364036693570013,167.5036958091761,6.947767034593112,3.0952401161193848,0.008318974636495113,0.44185423851013184,29.65645256485817,22.389351561565334,3.834951823895272,1,1,1,1,1
17fbdabb0787a7cae1c9f76aa6156e8eccaf479ffb9858c18a4ceb815f523736,pi_3,upstream,/home/qy/DVGC/JIT/runs/campaign/all_proposers_v1/round_000/proposers/pi_3/tasks/acquire/attempt_0000/result/catalog.json::dense_v1_train_x2.85_family4/variant_4,/home/qy/DVGC/JIT/runs/campaign/all_proposers_v1/round_000/proposers/pi_3,5a3611b14ed41036d4cee837a670b9f6de841168f667439c822f63f64db2958b,151a5299ec778e27e7a8e52937409dca9f23e1612ddd055775b3dc418fd36c20,63cf32dc01057177649844ba1e48e5fc1941e2fa5d0b8b68f96cce1a8f541ae6,True,0.1893627452850342,-45.12717254439555,393.0459951848084,38.49325910546687,-499.67112209139367,18.70304559588954,-0.6509808540344239,1.5893599329169454,1.4968167543411255,0.02983846887946129,0.7914165258407593,2.3115861708106666,-131.94369559371705,1.9693115176795761,3.1531243324279785,0.009730878286063671,0.46949273347854614,29.692850642945167,-14.721060614351584,3.8908152806536833,1,1,1,1,1
7ad7984035088424decb87f04a17c265f75aa915c0458518958fb3ade2a5cd56,pi_3,upstream,/home/qy/DVGC/JIT/runs/campaign/all_proposers_v1/round_000/proposers/pi_3/tasks/acquire/attempt_0000/result/catalog.json::dense_v1_train_x2.85_family4/variant_4,/home/qy/DVGC/JIT/runs/campaign/all_proposers_v1/round_000/proposers/pi_3,84bae3d9c2fba7d162c6555678a9566bd55fea3edac92b47db37cdf76cffcae1,9c847c7c1c9efbc2aaf31408afd70bc50c9d7202e090799cc0091bbc7245fa18,89a83f37a84f5e9ac356303c0d9d6d5f7bb5e613f4d8f0a5946d430b0d444f3e,True,0.2106809401512146,-34.68571892622449,405.38582475070365,26.852668448304396,-458.8492670827619,14.61323833564737,-0.6157353878021241,1.6106455667937185,1.5161134004592896,0.02693299390375614,0.7440941333770752,2.2833817584067453,-160.79295298736855,1.0842307388718768,3.1830708980560303,0.01038114819675684,0.4817604422569275,31.491946375988622,-37.94424508488666,3.773763057442329,1,1,1,1,1
e92e011f83552ae58b59524a6d63813c6378790bc46e911edfc7a440c24e445c,pi_3,upstream,/home/qy/DVGC/JIT/runs/campaign/all_proposers_v1/round_000/proposers/pi_3/tasks/acquire/attempt_0000/result/catalog.json::dense_v1_train_x2.85_family4/variant_4,/home/qy/DVGC/JIT/runs/campaign/all_proposers_v1/round_000/proposers/pi_3,41d4bf1a17e6387e8effa4e3dcd6816221dc954cddb4b2839b44fb9ea987cd07,38b4d35ebe50e315dafd7acc29c3481059faecb2cdb3ddc2d6ba1b4299feb619,17c192b7176a18aa7e0c6602223d176f1abcc22b62e5be8436364383311fc7d7,True,0.10782137632369997,-14.588602755777528,227.43032758676395,5.111884329566793,-250.62881921590213,6.3305549803176255,-0.6866583728790284,1.653168983570145,1.5612444877624512,0.016629260033369064,0.8078175783157349,1.596744548692656,-102.67952469855481,0.9016387581813969,3.2435131072998047,0.01137828454375267,0.5073662400245667,37.39072655454883,-74.1596531776272,3.4782478252044067,1,1,1,1,1
3c45f13150e7fd42750487aeb854d6cf1fbac40045f9f9e17c19e99a81fbc21d,pi_3,upstream,/home/qy/DVGC/JIT/runs/campaign/all_proposers_v1/round_000/proposers/pi_3/tasks/acquire/attempt_0000/result/catalog.json::dense_v1_train_x2.85_family4/variant_4,/home/qy/DVGC/JIT/runs/campaign/all_proposers_v1/round_000/proposers/pi_3,771e0e3ba33ee8255794b41422f7e60f57ae8b2209797a69b3b6b974f255411e,6041bdb63cf9b0cc67394fd6f9f8f93689d8a754aff67c13a999efdc04cfda83,2a076c605a200098e9bd61140b9d38188cca388f2b3eb3d9cc71c6cd2fbf093b,True,0.09704290032386781,-0.9308320539110893,160.13024705295888,-6.8972206465272565,-96.78225740689577,-0.7087877701980502,-0.6775615692138672,1.6979905896863081,1.6233223676681519,0.012288207188248634,0.7153813242912292,1.0165670429723224,-110.0840508154956,-1.518921693454648,3.306882619857788,0.012033918872475624,0.535525381565094,38.28880080775713,-12.89447763876706,3.185769901856213,1,1,1,1,1
662f089a2920046407b41b60b14a9156d848e8a66af63fd475acc82062c1cd9a,pi_3,upstream,/home/qy/DVGC/JIT/runs/campaign/all_proposers_v1/round_000/proposers/pi_3/tasks/acquire/attempt_0000/result/catalog.json::dense_v1_train_x2.85_family4/variant_4,/home/qy/DVGC/JIT/runs/campaign/all_proposers_v1/round_000/proposers/pi_3,7aab98bc2a448440ecc4ca432c1ded5c7ad655d2518bbd3f542040b294626094,7d63c993007b4f6438f17c9c13942812035e9a4c019749875fd18414d0d31821,31f717cd1553d01f267be4f4ff5882049488422f66c604d081fd758815a36ed4,True,0.06943149149417878,-0.5741468755700354,-15.39663121006296,-4.572574300249879,154.66520779235657,-2.3194419893330016,-0.7281910991668702,1.7225800692474207,1.6867681741714478,0.012674533762037754,0.6182145476341248,1.0570435977674641,-68.64303232841297,-1.5310176383096232,3.340548276901245,0.012326930649578571,0.5489403605461121,41.015446475372066,-54.537216371475914,3.0761282992660055,1,1,1,1,1
cfe57a4051d1d2c231c55e2b6a2aceaaa5a780ee7a5211864b0c96c306e96c80,pi_3,upstream,/home/qy/DVGC/JIT/runs/campaign/all_proposers_v1/round_000/proposers/pi_3/tasks/acquire/attempt_0000/result/catalog.json::dense_v1_train_x2.85_family4/variant_4,/home/qy/DVGC/JIT/runs/campaign/all_proposers_v1/round_000/proposers/pi_3,531210a4a10c304cea78b4fb764b0dc4cda7acfbb6feb543cf0e6c4a0fe6cc00,d2ba9a08c1545f0686d8ae022f1323d9f8c4bab62081b907521b73aa5946ec1d,a2f7668ee9df751380774abacc05fff167b6056c0c6c3eeee7320a203d3270a0,True,-0.03711054563522339,-0.7809586536965275,-199.98451014301,-1.1310101708887652,256.1375033853008,-4.308209188166792,-0.8613245868682862,1.741228013635522,1.6611491441726685,-0.009729786776006222,0.8865780830383301,-0.22291699066341195,40.31647223646964,-0.06789288076272011,3.406843662261963,0.012352151796221733,0.579148530960083,40.72222645430342,0.7598020360207073,2.956501629208809,1,1,1,1,1
fcc52a7c7686d4ecf17932a570dfbfc16869c7161aa74a327bf9e669503bf715,pi_3,upstream,/home/qy/DVGC/JIT/runs/campaign/all_proposers_v1/round_000/proposers/pi_3/tasks/acquire/attempt_0000/result/catalog.json::dense_v1_train_x2.85_family4/variant_4,/home/qy/DVGC/JIT/runs/campaign/all_proposers_v1/round_000/proposers/pi_3,1302f51bc3ef3e59a353323f1cb5177588eb0c9318350d86d9cbce5edd935a1d,287531b1190bb0918f4d7cee8090ecf42ac1bf1e76190ad421edf3d8c75f9446,4dbbcc9042b3f6be78b4bd455deede9be8f296deda522d87f7e9b3f3347b7fed,True,-0.01784413754940033,-0.7089365500545645,-114.94145595696605,-0.40785306026052837,132.3702545677627,-5.045359750918787,-0.8375926685333253,1.7354141422248346,1.6268703937530518,-0.017766378819942474,0.8891726136207581,-0.7362903904634077,20.887019010222474,-0.3812067314001632,3.439448595046997,0.012098956853151321,0.595893144607544,40.46093756760458,-11.077859909181585,2.9058562729420365,1,1,1,1,1
22b92d1bcdca590de3edcf7f2bba1ab3dad5958e4c0c951261efb0773861555f,pi_3,upstream,/home/qy/DVGC/JIT/runs/campaign/all_proposers_v1/round_000/proposers/pi_3/tasks/acquire/attempt_0000/result/catalog.json::dense_v1_train_x2.85_family4/variant_4,/home/qy/DVGC/JIT/runs/campaign/all_proposers_v1/round_000/proposers/pi_3,cfcd5da0a84070e5eb9afe9dd42794c310e82d79f211e0325a180f08f765da3b,0e56648ec0805c45332402034204072372fb59f8cf08d60a3ff1249f1c6c28f7,7a5486d42f0858fa10ceb475a270813ae4ca1343c17e32923848409f59625dcb,True,0.018192754089832307,-4.976887348168783,-107.17436290831348,3.653211628059122,121.30941890508737,-4.014076741105154,-0.8345657634735109,1.6951119824152132,1.6160075664520264,-0.02599998004734516,0.7542136907577515,-0.9199049251778325,18.4233407482949,-1.3078196493948886,3.5040013790130615,0.011190942488610744,0.6285363435745239,35.23082949369404,64.53769931645262,2.97009979921882,1,1,1,1,1
ac9ebce2b5c9d6b575e51c8768479e0b558268f807b80d30c4731be2b36f221d,pi_3,upstream,/home/qy/DVGC/JIT/runs/campaign/all_proposers_v1/round_000/proposers/pi_3/tasks/acquire/attempt_0000/result/catalog.json::dense_v1_train_x2.85_family4/variant_4,/home/qy/DVGC/JIT/runs/campaign/all_proposers_v1/round_000/proposers/pi_3,547b887dbc5ffa15a43dc40ad1707a33490daef47cc86ad96cfdf055458b8e95,645782a5c2c148a2060761322e8ea991800c31e3d365a998dd309a73b9476fd7,550e5c7f42be30a6e4baf21f0913aec8e8683ffb99f52f053ebb9baa09b31f09,True,-0.06797081887722016,-12.264692362383219,-343.94931135519283,11.016068041534126,326.22150072291134,-1.4876939242267326,-0.966297483444214,1.6727368246048688,1.6034681797027588,-0.041009049862623215,0.9994096755981445,-1.0815641903312214,126.20844038917072,1.3773157569827106,3.5366289615631104,0.010512802749872208,0.6471489071846008,37.80750811279759,-19.225631843677522,3.0473887854647392,1,1,1,1,1
c3362f97377aaa54d95354ffbbd42f224529e1ec9b56345e634712cf360e7634,pi_3,upstream,/home/qy/DVGC/JIT/runs/campaign/all_proposers_v1/round_000/proposers/pi_3/tasks/acquire/attempt_0000/result/catalog.json::dense_v1_train_x2.85_family4/variant_4,/home/qy/DVGC/JIT/runs/campaign/all_proposers_v1/round_000/proposers/pi_3,fcfdb46555951a04948197824ee80aa845589df6d8a1b6ea90239efb8eaf8dae,919cdea9004f7d8ba3bd7727de4a32399105e993f536ad88fd0ec46bd49db501,2e0a1cd30a63d60f41fd852c5621ad00370d191a4190ad79f7cd0c23d8dca080,True,0.0023690151795744897,-19.098551051527558,-395.27187187304554,19.82962376443446,501.1359517815513,-0.4225665754404099,-0.9269186782836915,1.6388728424757077,1.6382641792297363,-0.051167745143175125,1.0189999341964722,-0.891695656936298,94.00030086738207,-0.7426656783625271,3.601067304611206,0.008793741464614868,0.6828593611717224,35.104467578954214,-15.929870908755026,3.0507622628127997,1,1,1,1,1
0113169d1500dfa591e5cc9c39792a485fe6c5cd2f278b32afbeb4f2c46ace82,pi_3,upstream,/home/qy/DVGC/JIT/runs/campaign/all_proposers_v1/round_000/proposers/pi_3/tasks/acquire/attempt_0000/result/catalog.json::dense_v1_train_x2.85_family4/variant_4,/home/qy/DVGC/JIT/runs/campaign/all_proposers_v1/round_000/proposers/pi_3,4322460dd2f43f3561856fa7ef6515722e363dea5c3dbcd029e6c1b96b134c19,a3f40d83550b288fa764b9fb341f7875229babe5b971b4748ce5a89028033da6,0a36db6d04ea1852462c8f001c73a060598eea9194d1f340bf599484beac7c96,True,0.034690743088722234,-24.67113676325359,-321.87900305240066,28.09648687729874,442.78414306051496,0.2504431214984568,-0.8807158184051515,1.622717626985882,1.6268657445907593,-0.0536622628569603,0.8864438533782959,-1.0110121781863979,56.23631813507038,-1.6244467287491697,3.63390851020813,0.007803015410900116,0.7005239129066467,35.97904256632308,-28.647444086697817,3.0204013812260344,1,1,1,1,1
b39b6b6c4c5753d317f76f2ab5dde963b9ab981afbb2014175d98aa3bf10d0e8,pi_3,upstream,/home/qy/DVGC/JIT/runs/campaign/all_proposers_v1/round_000/proposers/pi_3/tasks/acquire/attempt_0000/result/catalog.json::dense_v1_train_x2.85_family4/variant_4,/home/qy/DVGC/JIT/runs/campaign/all_proposers_v1/round_000/proposers/pi_3,d1a47f0d20388a0b59a3d5d5be212c9c989f3b697ffdd43b1acb720ce9d2c35e,f2b6bad732ceafb0b8ba60045c1d6e4dcbe65404eed7a4d7029cdb98c280d65c,f45bdbe45004b8d6f7527347c08872539544c8b2d25c1dd5fb55cdc8989c0e96,True,0.152693932056427,-37.875635834673886,-319.18531304753105,49.505077915563604,665.7912674615353,1.1243607381336016,-0.7588642978668214,1.5797897549092392,1.6684709787368774,-0.06344551593065262,0.890141487121582,-0.6914173816377462,-43.51028235274594,-5.108270732609033,3.6997013092041016,0.005476893857121468,0.7350411415100098,28.11009602921999,74.43694519755138,2.9811922562309943,1,1,1,1,1
c60e0a6f139e7177db8cba4cfbe30d44c595abf8b140f3c85bb250c754856f01,pi_3,upstream,/home/qy/DVGC/JIT/runs/campaign/all_proposers_v1/round_000/proposers/pi_3/tasks/acquire/attempt_0000/result/catalog.json::dense_v1_train_x2.85_family4/variant_4,/home/qy/DVGC/JIT/runs/campaign/all_proposers_v1/round_000/proposers/pi_3,9000e3bd1af9f7c3a3dd3b8125f7e86b66d6f14838adbb7ff7dab22ddbc3bb4d,d58b44bc3378fab7781fb76329e749e71dd4e0bc21788bb06e37864b5dbf069e,a8cce64d4fcd7eb2e49c8079390d24853c1e4ab2ebe0fff0c7f04d1fe8be5ab1,True,0.09500763177871704,-46.49747583153477,-412.900289592525,64.64828690930429,690.9429199857303,1.2111927871010808,-0.8285783767700197,1.5535053849826217,1.5909816026687622,-0.07716947048902512,1.0051833391189575,-1.1331978591355791,13.577824404848496,-3.5702796846002385,3.7323296070098877,0.0039939419366419315,0.7564579248428345,22.44372157490593,110.75741867519965,2.9398353900415786,1,1,1,1,1
dd67bd979b5d9f51c069d3bec1f0c57de3534100d3e1d44e767d3a9c038b0897,pi_3,upstream,/home/qy/DVGC/JIT/runs/campaign/all_proposers_v1/round_000/proposers/pi_3/tasks/acquire/attempt_0000/result/catalog.json::dense_v1_train_x2.85_family4/variant_4,/home/qy/DVGC/JIT/runs/campaign/all_proposers_v1/round_000/proposers/pi_3,0e4d8df8d99b02b738f2a06c23bad0191d294213037c374b92f5662242ba73d7,b6c9486ed46ece07788ce3c269ce4947f48746d0766829fb836a5b14737b6291,958cb6c66641252de901f1eea4cfdbb0714800e4a9a5ac04ddb1729687c3c6f8,True,0.3410535001754761,-59.07326111249727,-248.056597295232,100.90277392938106,785.1374031312159,-5.202198345955636,-0.6050695896148682,1.4858890356850978,1.5664061307907104,-0.09590073674917221,1.0888619422912598,-2.703002967802941,-169.33735571451442,-4.451671841091014,3.797308921813965,0.0003588666149880737,0.8068545460700989,3.970968249947394,-125.67664186039352,2.609095343242124,1,1,1,1,1
eccc6d83b045ac684d4bf07022ebb8d8f7289a44ba17dfb9baac74a84456e715,pi_3,upstream,/home/qy/DVGC/JIT/runs/campaign/all_proposers_v1/round_000/proposers/pi_3/tasks/acquire/attempt_0000/result/catalog.json::dense_v1_train_x2.85_family4/variant_4,/home/qy/DVGC/JIT/runs/campaign/all_proposers_v1/round_000/proposers/pi_3,a02b5215389eca7aef484853794fa5cf92548750f5f976f30115c3cd69c98268,9234def620b423a89d04f19007f8fe5f6c1b1985860927f231683b6e225fcf12,dcad95621bd4c566849961018ef8b175a43f88a6c7b2e8ddda90f98dbf6a5b7b,True,0.30041959285736086,-63.04870441701149,-198.22848216777805,114.4597568657509,577.3663270702297,-8.557085248673863,-0.6510850620269776,1.4385757010056008,1.5348509550094604,-0.09004741162061691,0.6202356219291687,-3.339316624372846,-131.67897112186571,-3.3213327362882024,3.8285794258117676,-0.0014805421233177185,0.8237338066101074,-10.133358298863774,-68.67447851935171,2.483015100398324,1,1,1,1,1
1dacc1aa0da960fa4cfca5f26a0d61bcfadda00bc22b46552e0d194e3a9e7850,pi_3,downstream,/home/qy/DVGC/JIT/runs/campaign/all_proposers_v1/round_000/proposers/pi_3/tasks/acquire/attempt_0000/result/catalog.json::dense_v1_train_x2.85_family4/variant_4,/home/qy/DVGC/JIT/runs/campaign/all_proposers_v1/round_000/proposers/pi_3,b046d1238b119529790f768839d2b2cedb3601ff78f0bb4035db7d4a9c559852,3117955116d0ba3dbba32ada6953bd83b1448c817d93f6953e04c24ead70f39e,62edc227b2637f7167b558dbe91dfc6ca445c3e2c65348aa2d0d2a257a3ff89b,True,0.21615132570266726,-68.2321964498367,-123.04436891654065,130.9823191472811,277.99716865408976,-13.567914553146014,-0.7088120174407959,1.3217256515456541,1.5411033630371094,-0.07478556036949158,-0.32363370060920715,-4.009257863547663,-84.42740825501568,-2.6368585621068914,3.890705108642578,-0.004710541572421789,0.8284015655517578,-34.15923086952698,96.7425944983855,2.309688525575933,1,1,1,1,1
a71d8df6a9127dc21eb4a52757903355ea58cfef0fc0366ea4752f538e00aec9,pi_3,downstream,/home/qy/DVGC/JIT/runs/campaign/all_proposers_v1/round_000/proposers/pi_3/tasks/acquire/attempt_0000/result/catalog.json::dense_v1_train_x2.85_family4/variant_4,/home/qy/DVGC/JIT/runs/campaign/all_proposers_v1/round_000/proposers/pi_3,efd06d8934834384ace520dc9b38050b0df3796010c8fcdef6d2499bd9b2284e,759b65bee58295eb1efafd6f6791734865c01c72d3e3c8c5440e665ec332a894,3de354143e7fb2f28311caf8996680bfdfbc56da83a510a67dd964c7484e0f9b,True,-0.07188859462738038,-70.31680433547044,-58.61567258905227,125.72708963760323,-551.500346041878,-12.78602610841815,-1.0482699871063232,1.2225959198847491,1.7152740955352783,-0.016621241346001625,-2.438326358795166,-0.7152458839395109,193.41811653912148,1.8479900691038131,3.956549644470215,-0.006483619567006826,0.7720509171485901,-39.5249352739352,22.810408818234528,2.3123304751812,1,1,1,1,1
381794edf01e8ed2423bcbb86d64b9235808b6a9927ba52d1b063ecfdae9b1c9,pi_3,downstream,/home/qy/DVGC/JIT/runs/campaign/all_proposers_v1/round_000/proposers/pi_3/tasks/acquire/attempt_0000/result/catalog.json::dense_v1_train_x2.85_family4/variant_4,/home/qy/DVGC/JIT/runs/campaign/all_proposers_v1/round_000/proposers/pi_3,2e17489ed13b156ad0fb77cf8500bff00bb4219caa97b22c44b61944b9438475,8d8a764bebbdf7c32fe4f07a0f3051f05fbc73eb0f1737150616675fb4049829,0c53256bccc79d658400c7bc009758875f21feb9245213c6743efe2671424b23,True,-0.22542233228683473,-70.69694534391667,-45.2189293057055,110.37745525167183,-903.5452893749901,-7.521195895623282,-1.243077049255371,1.1840038604817837,1.755307912826538,-0.0009750307654030621,-3.118769645690918,-0.4953340164283459,352.86186127860236,5.057616342176926,3.992013692855835,-0.0065656122751533985,0.71407550573349,-38.18342123414758,-18.994648506326033,2.4888139566409153,1,1,1,1,1
68c14f131ea7c5f47264b40886ea9550dea2fb9f4030724c176a3acb1b5cc4d6,pi_3,downstream,/home/qy/DVGC/JIT/runs/campaign/all_proposers_v1/round_000/proposers/pi_3/tasks/acquire/attempt_0000/result/catalog.json::dense_v1_train_x2.85_family4/variant_4,/home/qy/DVGC/JIT/runs/campaign/all_proposers_v1/round_000/proposers/pi_3,070ad66794a1fb240e1fec1933e199f8ff24032dcfa832c1d8810c01df75040a,ec6429c24e204b5a9c072bb9b80c6d89f61d11b9f817869a7da9aa3ea47b2f8a,dbeae324f83b0ad9a063c07d3ebfbd7adf7b9dc28ab0a052d8a02a5637d64fdb,True,-0.05093750178813935,-71.18831598299656,-48.96293506528843,96.87282571529013,-419.2179686879767,-2.4532010717600294,-1.0229463768005371,1.148846762047632,1.6291639804840088,-0.03274761885404587,-2.347294330596924,-1.5544019648719254,172.69932508815643,2.1065445322571184,4.026126384735107,-0.0068940031342208385,0.6591979265213013,-35.003981835884986,-57.3235032509234,2.6510909341205107,1,1,1,1,1
cc742d108ffd7b82089ee1f335ce6c75eeec21a4b53a718ad7965c7eea7350b0,pi_3,downstream,/home/qy/DVGC/JIT/runs/campaign/all_proposers_v1/round_000/proposers/pi_3/tasks/acquire/attempt_0000/result/catalog.json::dense_v1_train_x2.85_family4/variant_4,/home/qy/DVGC/JIT/runs/campaign/all_proposers_v1/round_000/proposers/pi_3,2466e26f926c1116ee077360c44115b555f6ac0341d52d101f6ce2a94624ff52,4bddeb6b2fe18c357c83b91f4abb0049c66143b3615bb70f9f30da3baa754601,84c15eac5a7e930dfe94f420eaa9e9bbd10feead381229ba0d2b43ec9e5e1c91,True,0.024531986713409427,-71.53169691332978,-18.73255024221055,87.9517312252289,-288.8307775834571,0.0029723635103658455,-0.935296573638916,1.0912159669198285,1.6142696142196655,-0.03969765454530716,-2.5110692977905273,-1.5648918547765955,100.9508926120838,0.759306527140764,4.091035842895508,-0.008529247716069221,0.5688006281852722,-33.119297002352106,-21.08646394908143,2.6939538847849374,1,1,1,1,1
52129e9ad3dc4339b7bc4567ae04a8cf33197c47d3af91f0e83a77a3a62639fd,pi_3,downstream,/home/qy/DVGC/JIT/runs/campaign/all_proposers_v1/round_000/proposers/pi_3/tasks/acquire/attempt_0000/result/catalog.json::dense_v1_train_x2.85_family4/variant_4,/home/qy/DVGC/JIT/runs/campaign/all_proposers_v1/round_000/proposers/pi_3,d7890f459199bf58027a1c955a0987ae5f7f4577504f90c5631c969e2996b0e7,53b3ab6ba065d26f3c8dcb89e53c52f579412eb0c33e5e2a28b51bdfbc1623c3,76a2cab355ae66b6d25c218b173c79e67aad3944e70cfd5584d10eaccd238334,True,0.023086261451244358,-71.53696298917986,-14.945539904065932,87.69429456522194,-291.5537281187311,-1.408233501795317,-0.9336017417907716,1.0397486633187076,1.6245315074920654,-0.039726387709379196,-2.8996739387512207,-1.4449857494629061,99.5862549668611,0.46329071754575996,4.154770851135254,-0.01052338257431984,0.47494977712631226,-36.87268402676004,49.95849660852031,2.6101489350172926,1,1,1,1,1
cc35775eb67d74cb771a3e645857b0c4100e1a55b81cc7f4831b0e451c58dddd,pi_3,downstream,/home/qy/DVGC/JIT/runs/campaign/all_proposers_v1/round_000/proposers/pi_3/tasks/acquire/attempt_0000/result/catalog.json::dense_v1_train_x2.85_family4/variant_4,/home/qy/DVGC/JIT/runs/campaign/all_proposers_v1/round_000/proposers/pi_3,1c8adc3577fe58ba14b91408732e7e1f98056ea16aae77e45329249a5346db07,45fcf64fbaf6fb28347ed96cdd6cd7f8914e59c39ff612c537ecd8a5e2187a70,5adf3a2bdb69931d55accc137d43e5486ade573b04be73ee2a4825d5c4b12df8,True,0.280173602104187,-71.7679804774772,-25.325156404586284,88.56250040118978,327.08857957766617,-2.3524093126841734,-0.6191329956054689,1.0206793249972987,1.5099352598190308,-0.06463441997766495,-2.264568567276001,-0.9504865635780356,-157.7879702808864,-4.17149193180839,4.186254501342773,-0.011573687195777893,0.42379018664360046,-35.27058802485268,-21.38390161196256,2.546140014886961,1,1,1,1,1
e5402966706eb92a17ae1a0a9425b1dae132a3db34495165371b39c8a3d566b8,pi_3,downstream,/home/qy/DVGC/JIT/runs/campaign/all_proposers_v1/round_000/proposers/pi_3/tasks/acquire/attempt_0000/result/catalog.json::dense_v1_train_x2.85_family4/variant_4,/home/qy/DVGC/JIT/runs/campaign/all_proposers_v1/round_000/proposers/pi_3,0711d35e7135a12020b0ca3835e123838d8efcec61ec4530190141255ce535b6,29210c18f0f3d2e923013d0c380bfec2c5c99173e03614e92c546dc0f2e99e63,4d011d1316eff19d3c12781da4e821118b825e30a4edb762a2a0648b8e8cd572,True,0.23979347229003908,-71.71546315294897,-20.541052853288402,88.48223201806378,233.84502268918646,-3.874074962214366,-0.6638312149047852,0.978478956818494,1.5198153257369995,-0.06103626266121864,-2.7783899307250977,-1.028664268487767,-121.22480652164924,-3.4550842753797424,4.2498979568481445,-0.01359170489013195,0.3071047067642212,-36.290587984934874,-41.61705295256137,2.4474756022627324,1,1,1,1,1
bcec88fa1c661d57e974f033b3234677c9d3ffdbcac088e030cec84d2e67de58,pi_3,downstream,/home/qy/DVGC/JIT/runs/campaign/all_proposers_v1/round_000/proposers/pi_3/tasks/acquire/attempt_0000/result/catalog.json::dense_v1_train_x2.85_family4/variant_4,/home/qy/DVGC/JIT/runs/campaign/all_proposers_v1/round_000/proposers/pi_3,3bc1718d33ae0ff844f27a21506f0f65a99332156cdf314a2e1966214b75484a,41b9608c576aa547c959414a43b62990b73f76570804b9e9003a7463df6478ac,5d83b85663c0a9521a236c84a107b620a35357c338fb50a367297fcc118a4e5d,True,0.8566938400268556,-78.70522603254074,-414.6802095694736,90.18486840455373,158.1700100819219,-0.16105043083744422,0.9470280838012696,1.1912799430179257,1.4156510829925537,-0.2526527941226959,-0.09169549494981766,27.318043387403215,166.04243147776523,-124.50556494605982,4.277552127838135,-0.015017606317996979,0.26932254433631897,-38.97312429088987,-109.94641567353068,1.9578845464761103,1,1,1,1,1
a42f6ff4d606745333e741cc770949d16f1d8c9ad3fba3e65214769770ee7809,pi_3,upstream,/home/qy/DVGC/JIT/runs/campaign/all_proposers_v1/round_000/proposers/pi_3/tasks/acquire/attempt_0000/result/catalog.json::dense_v1_train_x2.85_family4/variant_9,/home/qy/DVGC/JIT/runs/campaign/all_proposers_v1/round_000/proposers/pi_3,fa40a3c961baea5c403fb02f90bde29510c8fb470fb01db3741a91d244ca0398,380afe69efd866453e3570350ebb87c90793e35f48e2beba799fa4850b7b8025,35d72cd571f6edfc6eecaf8b1a0e3f9a78accf29ac52164383173c367e5735a0,True,1.8782726287841798,-72.27547719318748,-24.012586998953886,143.6434681324904,-70.82770248538739,0.0984861717599985,-0.4186428928375244,-0.08684764788082056,1.8648035526275635,0.1806713342666626,0.05857143923640251,37.63790427042242,6.933499623190602,100.59384447322138,2.739974021911621,-8.617688581580296e-05,0.11896205693483353,19.041370415343504,247.45704328988828,0.33766148346775926,1,1,1,1,1
0e70dd1b740e0a5b7c03b3afd3ba76a9c2b54e2ae539faf37f451ffa8bc8ea59,pi_3,upstream,/home/qy/DVGC/JIT/runs/campaign/all_proposers_v1/round_000/proposers/pi_3/tasks/acquire/attempt_0000/result/catalog.json::dense_v1_train_x2.85_family4/variant_9,/home/qy/DVGC/JIT/runs/campaign/all_proposers_v1/round_000/proposers/pi_3,fb7f4cbd74420cd7597e75688601097ae9df93de3992e4ca455fbc8e1faadab6,ac2f427523f3c1a1e17b9fc11e30400b7fd210c71926ce2776543f8792861edf,c7cb3815d4e88ca7aa6e1a1f82199193b708c6850d9786747761e6318a4a5af4,True,1.8550348472595217,-71.90598444965731,-20.227437887358096,141.016877906027,-151.84342441979254,0.05881203347612859,-0.2909863328933716,0.7153662136821937,1.8434226512908936,0.20222805440425873,0.09752697497606277,38.58400158368507,29.686928868934768,107.87890375138947,2.777336597442627,0.003918362315744162,0.11892855167388916,15.55114374946699,113.25839489263737,2.5327935970117608,1,1,1,1,1
c3cc67aee9112c80b4621b9f480585527b4f921162b9b37611b775de392a2653,pi_3,upstream,/home/qy/DVGC/JIT/runs/campaign/all_proposers_v1/round_000/proposers/pi_3/tasks/acquire/attempt_0000/result/catalog.json::dense_v1_train_x2.85_family4/variant_9,/home/qy/DVGC/JIT/runs/campaign/all_proposers_v1/round_000/proposers/pi_3,15d2936cd9c3cf034d17c3847ec2a1861cf9b9b47f9b4f72fe965a542886c0fe,fb3cc0bfebe79ae6b40c7b433c981219af90c0f35df2d8aaa04525d084e0bf77,788e69a963a42a59a276ec3d4ee48f1d0f02353bba90e69485fae7ce33c5bdc2,True,1.6278631591796877,-68.02341122728775,295.1344957722453,131.54676598029093,-383.1509362096709,0.16752198542804872,-0.11870431900024415,1.9497629110418897,1.5310901403427124,0.11785022914409637,-0.0629282221198082,20.322698535712263,-18.856683807733653,38.206490198069304,2.848606824874878,0.011041474528610706,0.1186336949467659,2.615100994505816,91.03501522035604,5.52763605907025,1,1,1,1,1
df86588b9bee1e8ee1a303b6705cbb220362335d5c32fe646c86a401c775eda8,pi_3,upstream,/home/qy/DVGC/JIT/runs/campaign/all_proposers_v1/round_000/proposers/pi_3/tasks/acquire/attempt_0000/result/catalog.json::dense_v1_train_x2.85_family4/variant_9,/home/qy/DVGC/JIT/runs/campaign/all_proposers_v1/round_000/proposers/pi_3,531d997026d41d1275e5b3d38a296c4b96ba9029497598b1869bcda45ef2e57e,cc0f4350d7f090920fa2d29c85f80ba630dd39fb9b251f0ad2d266b6445f01c8,a9a14ebb814e7e0aa24ff46e4a1b34e9b0f39fba3510e0608dd615467ad04072,True,0.5456612205505371,-46.76831332269329,621.4203915186515,106.51302301173783,-920.119262490403,0.11790315463589411,-0.3225946664810181,2.711461759993312,0.6000433564186096,0.05088026449084282,0.004863797686994076,17.629614710131474,28.870000678160807,-10.678370682364003,2.8830349445343018,0.013258525170385838,0.11887815594673157,-12.675009146582564,-82.83062614028259,5.989705431410742,1,1,1,1,1
a82c7f388fb53ab2a40694a464776250def4a748d36edf6da813b7b84b78f8b1,pi_3,upstream,/home/qy/DVGC/JIT/runs/campaign/all_proposers_v1/round_000/proposers/pi_3/tasks/acquire/attempt_0000/result/catalog.json::dense_v1_train_x2.85_family4/variant_9,/home/qy/DVGC/JIT/runs/campaign/all_proposers_v1/round_000/proposers/pi_3,693765a4a432eca2570f33f3362a6f6733addac0936ca1ba154ab95137b99577,e2c2fb95cb3d4b8ba58e3505019e61091479f5c8c6a6f2f0bc5cb7b6119ae5bd,e5ad377a9dc41882a8d83b495cb7548a33d1eb78f0e5e5b06c2403add04dbc5d,True,-0.6489374828338623,-51.66356454235479,-412.31819355069985,49.58347482685701,-424.73159791433443,28.532989862761646,-0.9089455699920655,4.130186425292802,1.4980915784835815,-0.02693425677716732,2.8801331520080566,6.871002965398162,508.7948341431834,20.412122787420657,2.939532995223999,0.013287123292684555,0.20877787470817566,-8.62567344053256,5.731801690147259,8.243864029127273,1,1,1,1,1
3e147e51d0495fb184f9517270723aa18b2db2e06bb49afcb1561a1b2f81c32e,pi_3,upstream,/home/qy/DVGC/JIT/runs/campaign/all_proposers_v1/round_000/proposers/pi_3/tasks/acquire/attempt_0000/result/catalog.json::dense_v1_train_x2.85_family4/variant_9,/home/qy/DVGC/JIT/runs/campaign/all_proposers_v1/round_000/proposers/pi_3,c834a8a8bb07f80b5a4fc619d5c4f43103f99cc05f37a9de5119065478da8679,31ff08c50f5c174e218d85982fbdba1fe06e1e617246a1c742e1412ee54da04a,b76f2a98235699d1209ed914c51c31a1d17f2f2f27ef2807a13af4819ae0b597,True,-0.011982116699218752,-58.72913569154452,-284.6659467936368,52.08717970486815,570.7998924852061,33.07330242364969,-0.2657492232322693,4.658416386474272,1.9765533208847046,-0.0022060952614992857,3.08310866355896,10.691726263512317,-17.697371894245293,7.660110941909014,2.975013017654419,0.013035665266215801,0.2690936028957367,0.6476504365708037,-114.72037639391108,8.897598980152978,1,1,1,1,1
6dedb00be68b758c67e6d910ae5ac11c02cd3492d54e7a97e1c667477eae436a,pi_3,upstream,/home/qy/DVGC/JIT/runs/campaign/all_proposers_v1/round_000/proposers/pi_3/tasks/acquire/attempt_0000/result/catalog.json::dense_v1_train_x2.85_family4/variant_9,/home/qy/DVGC/JIT/runs/campaign/all_proposers_v1/round_000/proposers/pi_3,42e216b96d2fec35a28cbf68395dd27f5f7b92bfdc725b9a55d405d237a4a9c8,19833f3ad1bd6fcb0a94d8dc1857e5b5167c6a9006a630fa1e1eaeb871230939,ab5764016ca8eea9da6d6052dd981f4056ac7845084b34129267a8906a847684,True,0.04378039538860321,-64.05139667773688,-76.38397941292273,84.18699925660957,266.47838246794345,23.468934727462642,-1.0530998706817627,4.84481722380372,1.8564058542251587,0.010523614473640919,2.452810049057007,14.999238851320571,-58.0778088522921,8.84812501783706,3.0595614910125732,0.013049539178609848,0.39286547899246216,27.103609598410667,-79.45567940721754,8.032945407554399,1,1,1,1,1
dbfd9e7c5da18f0858bba6b2e4325886db77a8428c2f5585d12bd04a025ed26f,pi_3,upstream,/home/qy/DVGC/JIT/runs/campaign/all_proposers_v1/round_000/proposers/pi_3/tasks/acquire/attempt_0000/result/catalog.json::dense_v1_train_x2.85_family4/variant_9,/home/qy/DVGC/JIT/runs/campaign/all_proposers_v1/round_000/proposers/pi_3,35b9cebb3adc043135846b96a775528ccfbe83258422173104edb2f986e0b359,9eee206f01540a94aeb1d8b96323b1e393db3382549bf8b955d020412b08e99b,058716b005ec688383daca6bfc7850df961636735227b67a2ecd9ab4f1512b5f,True,-0.11279417872428896,-61.68071314890632,123.54422948075886,82.30286425330486,-442.22485985051765,22.28420126884223,-1.2260038948059082,5.184801108824489,1.4938538074493408,0.06074775755405426,1.2023788690567017,14.449372764641403,83.43264584391667,12.54209964174964,3.0933032035827637,0.013959549367427826,0.42718127369880676,27.77276152384952,-31.145894841689923,8.124630218642299,1,1,1,1,1
412d316224b879391a97867477cda5cf808c7863186f5dda09747db9028f2481,pi_3,upstream,/home/qy/DVGC/JIT/runs/campaign/all_proposers_v1/round_000/proposers/pi_3/tasks/acquire/attempt_0000/result/catalog.json::dense_v1_train_x2.85_family4/variant_9,/home/qy/DVGC/JIT/runs/campaign/all_proposers_v1/round_000/proposers/pi_3,769904a50e2c31b53a254d71d5670e8d6ae149f22026331ed423b2e4e6bb439c,0f933c660cb10f99d95b354630cb79b8e4c3905049286790512b7bef1df9df58,de41d1b46260a0eea955134f6682f993b69f74ea64c0442e0350a05131f760a5,True,0.018596197068691256,-44.42070217287904,392.6201738711932,48.79686584580874,-695.3285024895255,22.296582252598,-1.085459089279175,5.872687568404066,1.4185662269592285,0.05369184911251068,0.6859719157218933,9.606888171412837,-31.608233761702675,12.238982676573645,3.146662950515747,0.01738494075834751,0.4464482069015503,24.035937708178867,12.96066302559813,8.694130466766456,1,1,1,1,1
2f98a33346022bbd2e72d471bee4fa5e1616784f4583de54fe81ce9e1b743947,pi_3,upstream,/home/qy/DVGC/JIT/runs/campaign/all_proposers_v1/round_000/proposers/pi_3/tasks/acquire/attempt_0000/result/catalog.json::dense_v1_train_x2.85_family4/variant_9,/home/qy/DVGC/JIT/runs/campaign/all_proposers_v1/round_000/proposers/pi_3,3b1cb1c1750c35cf53e733f59c9a45920b5124ae847064ef1cb334e4564ff707,fdf121412429a7e9fd3af5d878c4f92a158369545cdd763c7c3fe63b5dfdd055,f5aab5dc64db111c7d16a01d488f4a7c666663a0a99062e2433e68347b4620eb,True,0.08576728343963624,-34.976428852773154,377.2123872546683,35.74897105922579,-519.7930779523047,19.96121411790254,-1.0076262664794924,6.049889612603934,1.5240470170974731,0.03723543509840965,0.7615541219711304,9.01777240266819,-95.32069254716141,11.09305793385851,3.1759467124938965,0.018470527604222298,0.45900481939315796,25.28578036402116,-24.51924872403814,8.65600732983114,1,1,1,1,1
4a29174dd836716b4584df4c323013cdc462b92a23a38733be9e0e35567e8c95,pi_3,upstream,/home/qy/DVGC/JIT/runs/campaign/all_proposers_v1/round_000/proposers/pi_3/tasks/acquire/attempt_0000/result/catalog.json::dense_v1_train_x2.85_family4/variant_9,/home/qy/DVGC/JIT/runs/campaign/all_proposers_v1/round_000/proposers/pi_3,9fd3272b9a628935dc21b55b165d241a916152ffa79494f0b3eb90f243a30666,4d5b338c5e5d3d30e0b82f32ecaafa03861500e82ff74f2f0038f9c8210ff020,99207b52e89586c70abc897c138859b2f6d472a5a5ac868f9308dd636a391a63,True,0.08922378778457643,-15.635348029102198,294.8719706213067,17.47342023664433,-238.10673288219428,11.589665292865558,-0.9451183605194092,6.245053057655602,1.6936155557632446,0.018116233870387077,0.7362653017044067,8.738243495790833,-146.48979920493147,9.742253983026027,3.2400169372558594,0.020094342529773712,0.48410066962242126,33.853931658911165,-115.93303549991182,7.995866098436322,1,1,1,1,1
d9c6ac85a7da2e238082fe1087a4b86f0949c9b030342d3fb1156559df60990e,pi_3,upstream,/home/qy/DVGC/JIT/runs/campaign/all_proposers_v1/round_000/proposers/pi_3/tasks/acquire/attempt_0000/result/catalog.json::dense_v1_train_x2.85_family4/variant_9,/home/qy/DVGC/JIT/runs/campaign/all_proposers_v1/round_000/proposers/pi_3,1ab380f72e028142453060e1e4b515ec7a3fa7034d5337d09bfce987f19cf492,f669d3e8f284d8143bfa5183a2572b7ae780f31fa1820acea4fba5fc631c2602,1dc954060318757825b6d00c7206a40c750ad779f467ae3848b363e04b905f3a,True,0.040142574310302735,-0.7592358240106838,229.29393104142358,5.522568236434028,-126.46735920022756,4.180344010692615,-0.9539332485198976,6.518555510252608,1.7818769216537476,-0.00160288717597723,0.6197965741157532,8.747339600217998,-139.31152993443652,9.14838696393999,3.308547019958496,0.02060612663626671,0.50877845287323,37.438978425940384,-43.180172479970054,7.4626625513635965,1,1,1,1,1
b675bc99279e84e86885d26f357f1755ce7ff2582565a0fb2e94312dc5357a46,pi_3,upstream,/home/qy/DVGC/JIT/runs/campaign/all_proposers_v1/round_000/proposers/pi_3/tasks/acquire/attempt_0000/result/catalog.json::dense_v1_train_x2.85_family4/variant_9,/home/qy/DVGC/JIT/runs/campaign/all_proposers_v1/round_000/proposers/pi_3,dda2439b339018976479e6f054968ad9d791b356669b17df22debaff2e04d0f7,923f322628b281b3656090330b57dd3b75f3c1e6320697dfffb504152b43c33e,a2fed20296a4f96f2ef99f7d750311ea392c26250b42674827867a505b2ec4be,True,0.026818612813949587,2.3341170438918346,167.432060785161,5.599903907085143,-25.700447978721805,1.5433915760676795,-0.9654329109191896,6.685874109010986,1.8322069644927979,-0.008450423367321491,0.5396918654441833,8.929986542586954,-129.9189952972935,9.098384856573619,3.345252752304077,0.020572684705257416,0.520473837852478,39.25803880192778,-51.879787840909884,7.309656754978202,1,1,1,1,1
47929c943552a8c8191e1299683592f124e04e374b06f05d2c7a0f111bfa836a,pi_3,upstream,/home/qy/DVGC/JIT/runs/campaign/all_proposers_v1/round_000/proposers/pi_3/tasks/acquire/attempt_0000/result/catalog.json::dense_v1_train_x2.85_family4/variant_9,/home/qy/DVGC/JIT/runs/campaign/all_proposers_v1/round_000/proposers/pi_3,144f544a9f68658bea570cb044e20bc773ba84337b1370c9446779e4ad33d5eb,935e9e216a3aefa0d95cbb89538330122449bdf89b795a446f1c7517cfae2669,47958e30211c5513d619c4428005ed993180f584b38164067499bf155fc7efb6,True,-0.04778900265693665,5.536599152536526,109.28536947508933,3.195629294473053,-129.09318444550394,-0.20857272395961604,-1.0732932567596436,6.876797135753893,1.7792834043502808,-0.033396441489458084,0.49115312099456787,9.601792850292007,-41.65015887946843,12.540544919939816,3.3811452388763428,0.02014259621500969,0.5305834412574768,36.32159704376673,50.59577033355543,7.353961235751302,1,1,1,1,1
ba2c772bd2eddb17e8e60bf38a46318a5ef834cc01b8ff2a6a4cd3809ca61c87,pi_3,upstream,/home/qy/DVGC/JIT/runs/campaign/all_proposers_v1/round_000/proposers/pi_3/tasks/acquire/attempt_0000/result/catalog.json::dense_v1_train_x2.85_family4/variant_9,/home/qy/DVGC/JIT/runs/campaign/all_proposers_v1/round_000/proposers/pi_3,cb13ca79b861fe091652078963b357968e6e4d5367bf25d2f4ca83583b60470a,ae3bb259cd68be8613f7fa9cfd0a48886fe9bfed7948cb3beefc145e17ed6680,6c102ad66ccd9576c7431609c202028fc59db86d957eb02abd79bbf2bc8d5b58,True,-0.06038459300994874,0.2775518872777555,-170.01825727287297,15.944135758836598,388.94741722993723,-1.3388762688773244,-1.094662036895752,7.231635822089777,1.9908281564712524,-0.04631737992167473,0.439972847700119,9.040750866583405,-24.112459732545105,9.938904520740802,3.4591197967529297,0.018836593255400658,0.5497331023216248,37.97077353962299,-54.507054256101135,7.6089917635520345,1,1,1,1,1
24086ff824efed326d383ca962e3a803582838f7b61aea2dbe56edaf452c5ce6,pi_3,upstream,/home/qy/DVGC/JIT/runs/campaign/all_proposers_v1/round_000/proposers/pi_3/tasks/acquire/attempt_0000/result/catalog.json::dense_v1_train_x2.85_family4/variant_9,/home/qy/DVGC/JIT/runs/campaign/all_proposers_v1/round_000/proposers/pi_3,22a12a2515b63d58b3978232e53aa9be958f7ea630ab6d6962c6e0cd86e7ccfa,170793f3481ae975c8d5f78526d7655f8d8bbd35543e82c60346366cd0d7fff9,b0df76bc101046a8abc8a2e5be80f9569957c3d72de3272d5ed1d1e3b6040f80,True,-0.04458154439926148,1.2890278779974795,-76.8499827294252,18.60543188402015,210.2653518628482,-3.3593173232858624,-1.089132537841797,7.412603807271268,1.9498059749603271,-0.06076958030462265,0.3169688284397125,9.211719893018934,-28.549159372088628,10.161453428240975,3.4980931282043457,0.017902275547385216,0.5558239221572876,36.26799371916047,5.152747216936864,7.528596296719845,1,1,1,1,1
2db3f5c544745b06264c034a6e483dff9fa51d9ac14cd2f9cbc3606be267718b,pi_3,upstream,/home/qy/DVGC/JIT/runs/campaign/all_proposers_v1/round_000/proposers/pi_3/tasks/acquire/attempt_0000/result/catalog.json::dense_v1_train_x2.85_family4/variant_9,/home/qy/DVGC/JIT/runs/campaign/all_proposers_v1/round_000/proposers/pi_3,b457ba2d4142663b086236266d89b153ec1b29af5afafb485e367161e4dee354,53a3b6c42f8b156d9585050e0996f331e3064c7f4980373e25d11233457f1ad2,ab03c5db83f6a1f84c286d15ce2788f4541b966d97c5dfcdc5eb00260ade28f2,True,-0.16506896495819093,-6.05369484535162,-407.5359136599103,29.335252673854566,590.9404264606595,-1.9243450725481739,-1.2271661376953127,7.574835687848275,2.071061372756958,-0.1001010611653328,0.5505929589271545,8.534813141551174,84.38691206342666,9.961404871414118,3.5389654636383057,0.016194410622119904,0.5659344792366028,34.869044618642214,26.04100804092781,7.950956725308899,1,1,1,1,1
f8f3bb85e3ed7e19f8563a900f64ea654f948751b1a01c14d4a1132d94c5a823,pi_3,upstream,/home/qy/DVGC/JIT/runs/campaign/all_proposers_v1/round_000/proposers/pi_3/tasks/acquire/attempt_0000/result/catalog.json::dense_v1_train_x2.85_family4/variant_9,/home/qy/DVGC/JIT/runs/campaign/all_proposers_v1/round_000/proposers/pi_3,a77b838487aceaa4ec36181ada987ba750ba776413a942901ac2e547e0cf96a2,514d1313d0047e9433bf06b17defad08337f8ce09ee054e3241a6319914f3e11,20f0a42588bf1c5041e25ea6973d08efb7f231eb12a24844a36d4aae7bcd4f93,True,-0.15193418502807618,-10.67293897442655,-308.8988569121951,36.56085857039228,371.88412936238467,-1.3002802126295683,-1.235384216308594,7.740180407566329,1.9955105781555176,-0.10763879120349884,0.3334510028362274,8.655903857799037,91.0621993732527,10.341185587381629,3.5792341232299805,0.014330501668155193,0.5727875828742981,31.600881063061156,50.01920332986339,8.248755710457678,1,1,1,1,1
460afea71e6784338c853e351e93a95258628166a8a384d2d479e8d958963314,pi_3,upstream,/home/qy/DVGC/JIT/runs/campaign/all_proposers_v1/round_000/proposers/pi_3/tasks/acquire/attempt_0000/result/catalog.json::dense_v1_train_x2.85_family4/variant_9,/home/qy/DVGC/JIT/runs/campaign/all_proposers_v1/round_000/proposers/pi_3,620b27fd3036df56f612bd2c00c75f773e1e6472ac922f54f144826e79f6f672,29b18c8c85de0211b9cccc9e7b58534ef0945a1bd9184266f3d41b61184f070e,86994f0c231dfdf7c2fd068dc1f2332ee4efc4f33a4e810122cc18ae0fde915d,True,-0.1286591947078705,-25.560780855478797,-404.56715827678596,58.64162047770915,634.1471103198929,1.315571577081324,-1.1956730270385743,8.082240659219488,2.1463749408721924,-0.1566741168498993,0.45979297161102295,8.245379606603652,58.51221571369408,5.210761136199659,3.663132905960083,0.009101268835365772,0.5893489122390747,16.04433634150798,151.06590300543496,9.030130103823058,1,1,1,1,1
e8b7b09882606f33ba239a112f827597f9fb4265788f868d0e3cbfc1a7da8f71,pi_3,upstream,/home/qy/DVGC/JIT/runs/campaign/all_proposers_v1/round_000/proposers/pi_3/tasks/acquire/attempt_0000/result/catalog.json::dense_v1_train_x2.85_family4/variant_9,/home/qy/DVGC/JIT/runs/campaign/all_proposers_v1/round_000/proposers/pi_3,a4417887a90f7042ded5d8a4ccb8428074120d58212e89b665a1c07c6c2a1d8f,d92214f9762a43010ad2e0c8ae88981ee021f8134cec40bcecd3484609047e23,68f4ee466a2d180450d847097d7731c2f3ca809e8b087505fd55ccd74a5b87b7,True,-0.2543274998664856,-37.16024523610133,-556.1448200359732,73.46416916539066,688.3778834240671,4.254474761695369,-1.305786762237549,8.286870128996602,2.1457958221435547,-0.20819611847400665,0.6240009069442749,8.830949653395416,148.63319452875152,6.812382013072882,3.7064812183380127,0.00511365057900548,0.6029831767082214,4.810752388118332,-9.09541201673737,9.65709527653896,1,1,1,1,1
fb43e6d8d857ebf033a1f858ac8f7233b3e9f4b344bb226a736a9beaeb9a6901,pi_3,upstream,/home/qy/DVGC/JIT/runs/campaign/all_proposers_v1/round_000/proposers/pi_3/tasks/acquire/attempt_0000/result/catalog.json::dense_v1_train_x2.85_family4/variant_9,/home/qy/DVGC/JIT/runs/campaign/all_proposers_v1/round_000/proposers/pi_3,273d2e2ed63d83571707375ef789845353dab5f5b6ac797e55446ff0d41f199f,0b21696e4ef62e8c62b2a5917399a9fb0a65b544d08327d5bf373401dd06c32b,e403c9f8d10103cfcba17bcf850eef6382280f69b5fea34ca977816c3593f22c,True,-0.049186051487922676,-47.015057321554586,-426.6786662806516,90.37047879524883,853.0919387309133,4.886035785683491,-1.0952874851226808,8.494130632464922,2.287752866744995,-0.2429797649383545,0.8103954792022705,10.157883800625997,-23.649722954013203,3.3397078661462407,3.7517991065979004,0.00046936070430092514,0.6192357540130615,-10.364086357895035,-137.1002561906449,9.898021527618033,1,1,1,1,1
165e281c546405af9f9b2726d0fb41467ef75011c5f9617cf6c297ca9da5555a,pi_3,upstream,/home/qy/DVGC/JIT/runs/campaign/all_proposers_v1/round_000/proposers/pi_3/tasks/acquire/attempt_0000/result/catalog.json::dense_v1_train_x2.85_family4/variant_9,/home/qy/DVGC/JIT/runs/campaign/all_proposers_v1/round_000/proposers/pi_3,dc05b46917b429e06fb77f547d26fb6d8c387263ff8dcb7631c9de66b3011dcf,111455c5187a3eb954cd0df692aede4f4a9dc28715e20e021ec7c7df53a833f7,b8849c048510909b3ec987f2f352453ef62bc90b48e47322e700c67807aa9647,True,-0.03456049978733063,-54.0185420511889,-324.3157686614511,106.08412128280689,700.479503312469,3.7114499052747987,-1.0670943832397461,8.71987156105265,2.2248470783233643,-0.2316361367702484,0.48889589309692383,12.989673400324113,-46.741064282999524,3.0912642173986695,3.7972702980041504,-0.004248607903718948,0.6324048638343811,-26.35283349729557,-143.18983428857484,9.828264698782993,1,1,1,1,1
0b12f1f37f24d67bf20ae06766e3e8486704fad2ab77ebe9e2a8e469af64659a,pi_3,upstream,/home/qy/DVGC/JIT/runs/campaign/all_proposers_v1/round_000/proposers/pi_3/tasks/acquire/attempt_0000/result/catalog.json::dense_v1_train_x2.85_family4/variant_9,/home/qy/DVGC/JIT/runs/campaign/all_proposers_v1/round_000/proposers/pi_3,f66b7246d50b95e365a66efc9613b8811643095cee0928e53cac8c35ad2e4e06,77048254fba94a1ef88e8764c2184597d615a5e1ca9ade468a62a7448848a3c4,ac714f47b07f145958a0f45ead748484e88e601f8dd5374405333c3c942d7b6d,True,-0.07189477801322938,-59.22616172725718,-252.54160003258585,118.16010064106453,514.6598902627167,2.5192958265311125,-1.0836510372161867,9.00902607598955,2.1314215660095215,-0.1986200511455536,0.0068842582404613495,16.5530778591945,-33.20205840452515,2.5625911404969925,3.841050624847412,-0.008464318700134754,0.6370221972465515,-34.20878047686084,95.08859588897522,9.719361036418924,1,1,1,1,1
eb33b8a791d3f03f0ded99e99a44a9882c43665f973fe842a1f42dbb95eda625,pi_3,downstream,/home/qy/DVGC/JIT/runs/campaign/all_proposers_v1/round_000/proposers/pi_3/tasks/acquire/attempt_0000/result/catalog.json::dense_v1_train_x2.85_family4/variant_9,/home/qy/DVGC/JIT/runs/campaign/all_proposers_v1/round_000/proposers/pi_3,01d7a088d66cdf05941c8e879b83aa8f0f763004e757a2cf709ced0a11e909bf,3c339af7be10ebf1493a9eb2ec6c98f9fe7acda6a4ee427ac983f32f6f0a4938,7f7465934e28796370ad7fafe02e040ee242c7676f54d576d5222238c2f7b74f,True,-0.11063793778419495,-63.125960686713505,-197.02492087375177,126.8110543192626,360.5607958695274,1.5946686500174152,-1.1006223869323732,9.375375844241269,2.0537126064300537,-0.1608119010925293,-0.478767067193985,20.304586581580683,-19.30887818928164,2.7135581713915498,3.883129835128784,-0.011941082775592804,0.6318009495735168,-40.17681194341581,112.3409775436996,9.643699246422525,1,1,1,1,1
30392a36f514fa71343aaa157d6d17011ea1c945aef59499cb924d9daadc3563,pi_3,downstream,/home/qy/DVGC/JIT/runs/campaign/all_proposers_v1/round_000/proposers/pi_3/tasks/acquire/attempt_0000/result/catalog.json::dense_v1_train_x2.85_family4/variant_9,/home/qy/DVGC/JIT/runs/campaign/all_proposers_v1/round_000/proposers/pi_3,9b29730cfac9340b7f15dae675020eb3c3ac7af4252684dd439c5c4b1a8a4d1f,9235fe85ab3eadfb5b77bae40755ec8903504096265d6bc3b160301c3aa399a4,589eb77237b728229eee2c0a0137a9ce40a470b4fbac84a025af197ee61dd654,True,-0.33538311004638677,-67.38685808721007,-105.57504679339833,124.74938903905093,-424.12884738045915,4.24807141287652,-1.3835053634643557,10.311374012204977,1.6621019840240479,0.06276305764913559,-2.4685914516448975,21.95569260587747,212.2105760780895,8.658536895724076,3.957521915435791,-0.013371353037655354,0.5696899890899658,-44.51234965116227,22.746508983454472,10.341025294435415,1,1,1,1,1
6a77885c96072d4ad6025d98e7777ce833cdb55475d81ac6eda127cecaf2f6f0,pi_3,downstream,/home/qy/DVGC/JIT/runs/campaign/all_proposers_v1/round_000/proposers/pi_3/tasks/acquire/attempt_0000/result/catalog.json::dense_v1_train_x2.85_family4/variant_9,/home/qy/DVGC/JIT/runs/campaign/all_proposers_v1/round_000/proposers/pi_3,b33218d6866c04f069928a23ed8bd15582c06c1f7e7b383aa75f7d125b74dc5c,800edefee24439bc7533c52af9fef1b34e1c04a9611918e020f1e808a8569d64,74c59527011c13377a9bbc262a85ca5693279d3147ebdb7c2755261deb069c7d,True,-0.24757649421691896,-68.95230329403114,-90.71359334820441,119.03364085477413,-179.08392637709588,7.038362324485314,-1.2643482971191407,10.776794983832195,1.8000082969665527,-0.013592048548161983,-2.1691396236419678,18.37960704703931,114.67477805101208,8.37069223353223,3.9925618171691895,-0.012895583175122738,0.5237383842468262,-44.31471129733878,1.286496225692932,11.033543653652542,1,1,1,1,1
f5c6e3b2eb2715ebff845555aa8050eb61f0c59268697dae645aa2e2f0a727a2,pi_3,downstream,/home/qy/DVGC/JIT/runs/campaign/all_proposers_v1/round_000/proposers/pi_3/tasks/acquire/attempt_0000/result/catalog.json::dense_v1_train_x2.85_family4/variant_9,/home/qy/DVGC/JIT/runs/campaign/all_proposers_v1/round_000/proposers/pi_3,38f004816ee4b8025065faf04048efae2b988a476768249ca9e904c3d9645283,4bbf6aced525ed7d886fbe2dcc9ee9b7a5cdc6e21bc3765d6029e6f390e903a1,08b2965ec3dc0c65ab28f13e755edf1148771e9b3f5a2f2a61463e78f003eb89,True,-0.22411996603012088,-69.87438566217203,-62.67794808848486,115.52725396132138,-159.55920225721079,8.619822193569878,-1.2342791175842287,11.193151213121519,1.8217966556549072,-0.018147630617022514,-2.3351776599884033,16.794064008585476,90.05519726316103,8.629529936092679,4.029004096984863,-0.013041213154792786,0.47798916697502136,-44.023868182101296,-5.3812832121313745,11.51308404507506,1,1,1,1,1
6e8c91d6c682275ce42a75936da51558965814e55e6bba17dc5c08a003d99042,pi_3,downstream,/home/qy/DVGC/JIT/runs/campaign/all_proposers_v1/round_000/proposers/pi_3/tasks/acquire/attempt_0000/result/catalog.json::dense_v1_train_x2.85_family4/variant_9,/home/qy/DVGC/JIT/runs/campaign/all_proposers_v1/round_000/proposers/pi_3,7f833d9311b20ecb12202db7c94ad6b81c2534b8cf78c19156d2fedba7a1538a,2fe89aa9a2932de257ebd0a17b10c684b9b8e3999960c06172d48e0124ce04b6,859dd5234e544233487b36f09ca706c93e5b7fe273495ad7b462a91d1310028d,True,-0.2140322518348694,-70.62847952767646,-33.19932974395173,109.35962729174571,-182.58204874165293,10.797050322288236,-1.22447021484375,11.953813054920536,1.825969934463501,-0.012147776782512665,-2.765223979949951,14.484901701156517,82.02883023361478,9.204209246252859,4.102776050567627,-0.01355182658880949,0.3761286437511444,-43.68486881812064,-2.117195998824342,12.319479539875298,1,1,1,1,1
fc04157d786f7b6f12086caa6425cca5879e5d58f6f54af9e861da77318c686e,pi_3,downstream,/home/qy/DVGC/JIT/runs/campaign/all_proposers_v1/round_000/proposers/pi_3/tasks/acquire/attempt_0000/result/catalog.json::dense_v1_train_x2.85_family4/variant_9,/home/qy/DVGC/JIT/runs/campaign/all_proposers_v1/round_000/proposers/pi_3,07fd8217c9eef8f346a38c3661d11c91c07ede131a47c8513e1be0c4bde28607,97ceaa256250500972d7a134f5b91bb6d02d24a4cd82e7dfed9870e890a68fdd,3510bb5a35437d20f083b551d52a03142cf4bc0eedd2f1bbf588991c35e39359,True,-0.17283559799194337,-70.75950987671399,-26.453575372458676,106.88583522720464,-81.60554292018159,11.506426556641983,-1.1692880439758302,12.297370985064603,1.8721791505813599,-0.04254399985074997,-2.7912206649780273,13.515379400361654,36.898403104079726,8.607908972275004,4.140048027038574,-0.014025576412677765,0.32043734192848206,-43.517167183429315,-4.5436723547769695,12.654162847022095,1,1,1,1,1
e19d825bcbdb93f46becf3b5bc4ef1de2d232f8981773b0b406eb3ac0fd97b71,pi_3,downstream,/home/qy/DVGC/JIT/runs/campaign/all_proposers_v1/round_000/proposers/pi_3/tasks/acquire/attempt_0000/result/catalog.json::dense_v1_train_x2.85_family4/variant_9,/home/qy/DVGC/JIT/runs/campaign/all_proposers_v1/round_000/proposers/pi_3,e331f13e9eb6dff599282d6134ecf38dba2e5d5c5edd0ab4daae06ee4129b718,9512e0d85dd5cda08dcfcd9f5f31ac4aa242dcb08960f39563493424e4324f26,d52ac3450b8bc770b2fc09424ace97a121bb612610430f68f468630c8e36cb04,True,2.5533828735351567,-69.75695421977201,-9.208871704135039,112.22636013923761,550.1394991516446,7.937259595873165,-0.8057471466064454,11.891923653402964,1.797446846961975,-1.1053663492202759,-0.21418485045433044,-47.24228405486257,-260.66731216360995,-130.35186536613222,4.179441928863525,-0.023432448506355286,0.2896697223186493,-59.127506474885514,-127.02307705147814,11.120202799711794,1,1,1,1,1
cf9c2a1f3b03099d7f30d965b58e86e41299aa2b7e71e6818796696a200bfd66,pi_3,upstream,/home/qy/DVGC/JIT/runs/campaign/all_proposers_v1/round_000/proposers/pi_3/tasks/acquire/attempt_0000/result/catalog.json::dense_v1_train_x2.85_family4/variant_14,/home/qy/DVGC/JIT/runs/campaign/all_proposers_v1/round_000/proposers/pi_3,9c53ed6a4ec64bab297be8f6e2c35d8c1451e8b6921a6add21bb38ee1e408f8e,57f9bf2ea57501ae94dcfe054ea3f55b36b91d5c80d599efe98b82ccf2a01d16,46a0199a6676e513d5e70786f596f5dce18327307c5503de7a3d3d355dfb1255,True,1.8447884178161622,-72.2767271178056,-42.63636647863198,143.09242213063212,-125.1422068785967,0.17562536566186607,-0.0013920554704964162,-0.34442682918667245,1.8858643770217896,0.07835686951875687,0.11204595863819122,14.477002587381396,25.906053748212113,58.56536824581512,2.740253210067749,-0.001231195405125618,0.11889573186635971,10.855513346035575,-84.76810492100508,0.07150149178870562,1,1,1,1,1
de0017232a8ade1d92f5b5c9beaa693f2106dafcb794e25220a774a7d3f25170,pi_3,upstream,/home/qy/DVGC/JIT/runs/campaign/all_proposers_v1/round_000/proposers/pi_3/tasks/acquire/attempt_0000/result/catalog.json::dense_v1_train_x2.85_family4/variant_14,/home/qy/DVGC/JIT/runs/campaign/all_proposers_v1/round_000/proposers/pi_3,3bd3ebcf4d4acab81e01b98e6886ecf5382ddf61bd75f8e8b6a2ee789910e6fd,6fad5304f5239c4d5b6331179c869931c22b7342cde2b9b970b28abcc1dea80e,088ffa4604563631ac32e4fffea762bf4fc178235f60efa57f8de0ce89627df4,True,1.9005170631408692,-71.69434420803529,-6.860309877365684,138.76902166904077,-278.58352673395706,0.0963518450081486,0.05439936757087708,0.03543296255450195,1.94564950466156,0.10742603242397308,0.10137403756380081,16.960693303577106,33.83514863869363,54.39763462559753,2.7792415618896484,0.0009018839919008315,0.11897186934947968,7.2581312573653145,39.69575488998264,1.3001917150387752,1,1,1,1,1
faa2bc25eaf3e5c610e2bc9f525dac73201080f566d9bdc9e4d11b933a077a11,pi_3,upstream,/home/qy/DVGC/JIT/runs/campaign/all_proposers_v1/round_000/proposers/pi_3/tasks/acquire/attempt_0000/result/catalog.json::dense_v1_train_x2.85_family4/variant_14,/home/qy/DVGC/JIT/runs/campaign/all_proposers_v1/round_000/proposers/pi_3,00c863a28799a5cd1c8fa82ee3784058c29fd9343c99385415d9f9dc4074f99f,44ef98a45635da2352742445ae18ffc094191080ba5840201759346cc560a2a1,97755309ae5f39a7c84d7d5c9e7a979339ae50d78fc4627fafff510a5a979082,True,1.0975151062011719,-59.20175063116355,569.9675383121917,119.01080070218961,-729.0137933627345,-0.3330259128419381,0.5956735801696778,0.5414206912494421,0.8264176845550537,0.032675910741090775,0.03717290237545967,7.425590420341102,20.104123944535395,7.547422212113912,2.841578960418701,0.004329395014792681,0.11750724166631699,-2.644161528433516,124.41331641112963,2.797793085588022,1,1,0,1,1
9b7424e37a842b822311ba9213fc99bfa3721fd487e8729863298ba8fbe93894,pi_3,upstream,/home/qy/DVGC/JIT/runs/campaign/all_proposers_v1/round_000/proposers/pi_3/tasks/acquire/attempt_0000/result/catalog.json::dense_v1_train_x2.85_family4/variant_14,/home/qy/DVGC/JIT/runs/campaign/all_proposers_v1/round_000/proposers/pi_3,96b96987e10e9c711fedc9edeacb846088eb26a3a41dc58b8bfc8fd080b3b966,bfb0566cfac97d37551f5407647bb6f7e7def3207ff7766c4b0ffa946adb1b84,457febec44765cbb36528e83c4a41f5baa9140eebd813143361d4403cd8b13dd,True,-1.4871813011169435,-38.01207569353406,-427.95479150442014,51.64126738980928,-1426.1233906217458,15.68635226974672,-1.4945008277893068,0.9447009244676958,0.7353664040565491,0.03161674365401268,2.388026237487793,1.0667173867880235,929.4675511621027,60.84487557941518,2.878873348236084,0.005003629717975855,0.16151739656925201,-9.546855077476657,34.54125017999496,3.610608302310882,1,1,1,1,1
cb446c2e6c626a3385b2566c0c75e52c739782cc30366a82e7da08bfa746e1a6,pi_3,upstream,/home/qy/DVGC/JIT/runs/campaign/all_proposers_v1/round_000/proposers/pi_3/tasks/acquire/attempt_0000/result/catalog.json::dense_v1_train_x2.85_family4/variant_14,/home/qy/DVGC/JIT/runs/campaign/all_proposers_v1/round_000/proposers/pi_3,baafc7e045fd78e2be1baf45d48a7b9144190009e5d0c1e44e1f5211e0c7bb7f,79c8cfb57396171bb0ddd6c3873893b1e2821c828ba58c6ba84542ed354c3961,73932e885a2d6f558c3bbfc6105fdfb0281938da3f5508a7b5086f9093b297ff,True,-0.24669111013412479,-57.66331199232071,-378.0983993938023,39.551487634333625,981.8425345480276,36.84842680351071,-0.23033174037933352,1.8011473942039247,2.0009605884552,0.07460635155439377,3.3460943698883057,-6.0867585104631825,-105.28550141410314,25.054209630401047,2.935741662979126,0.006519857328385115,0.29043084383010864,6.398526337109822,108.4068910346098,6.108493028273817,1,1,1,1,1
e817bda633f684a38d761054e34ad6de95bf666b2773ba8e20375bb128d71263,pi_3,upstream,/home/qy/DVGC/JIT/runs/campaign/all_proposers_v1/round_000/proposers/pi_3/tasks/acquire/attempt_0000/result/catalog.json::dense_v1_train_x2.85_family4/variant_14,/home/qy/DVGC/JIT/runs/campaign/all_proposers_v1/round_000/proposers/pi_3,54291bc033a792068b2d97adf0ff0fe8909b360998f949898b48d1f49c17d803,d61ea4332a72332b5fc5c6f3ac8c61346ba6d4564a2aa2e5d451aed36c2efc44,af7fa7bf07f390e19bc276926bf0b6a7b6a5f64fdcd988bdf1b9e6b84acf92bb,True,0.1283476972579956,-62.19603043121627,-132.28557388243289,65.49641881930145,1300.8791407169492,29.482710275035917,-0.14346211194992067,1.8559550356945178,2.2026257514953613,0.08715678751468658,3.6515302658081055,1.4903387391603198,-444.4604080866195,16.76420242153418,2.978935718536377,0.008272888138890266,0.36027440428733826,27.097940541399556,203.48123914897636,6.190663435807689,1,1,1,1,1
cab731feab8c5543a7f76f31a3a5776b58a274d6cbcba4b957f2765580f8e383,pi_3,upstream,/home/qy/DVGC/JIT/runs/campaign/all_proposers_v1/round_000/proposers/pi_3/tasks/acquire/attempt_0000/result/catalog.json::dense_v1_train_x2.85_family4/variant_14,/home/qy/DVGC/JIT/runs/campaign/all_proposers_v1/round_000/proposers/pi_3,35317e69332f8fcd672fbf1aa1ccbb0f2b9045bffd30079a2bd6698f34813919,dbc8ef050b3b943a64ea4270ff113fa5bb663a366b22e9740e26908810958d2d,6296df2c02fa1332c7c5125661a59cea499b9d6438677d59f0b481e9c421361c,True,-0.554744873046875,-64.66582683509289,-61.38616807113869,82.35260852103006,-314.6889995169116,24.461623665827293,-0.9148563861846924,2.3278893198272086,1.4271488189697266,0.07381706684827805,1.7419880628585815,2.581668499179073,186.94475011172855,30.131376108416667,3.0511250495910645,0.011480633169412613,0.4694032669067383,31.055510948403146,-12.78315067793773,7.038482638515931,1,1,1,1,1
4320547f63ca2bbb5f7a947d1b915145009ca48d2dfdedfe6689ce56b4c8a0dd,pi_3,upstream,/home/qy/DVGC/JIT/runs/campaign/all_proposers_v1/round_000/proposers/pi_3/tasks/acquire/attempt_0000/result/catalog.json::dense_v1_train_x2.85_family4/variant_14,/home/qy/DVGC/JIT/runs/campaign/all_proposers_v1/round_000/proposers/pi_3,c456f76401ce16cf92b02f3b6d522ee274c16259676abda6e319f6068d0ba08d,7e06ffc0bc475cfe0a127de1a24c64f897804303cc3b1cdff04f354efcb65321,61f264fc937a8315a5c0bb2bffb4a2606923ed9a94baab08fa0da9fad967034c,True,-0.5044673204421998,-59.316784677164904,274.5610097656831,68.94754265217965,-830.9944189544677,25.992235762300783,-0.855754566192627,2.6789192811462006,1.2050154209136963,0.07381405681371689,0.7846671938896179,-0.5616270320996963,138.58849976927732,33.36977369959481,3.0768120288848877,0.013144210912287235,0.4884573519229889,29.17742066251391,21.619824883631264,7.79629021690568,1,1,1,1,1
a0f43702a159d9e73129b21ae08f55de2f6588744a4f202923bf29bb4cb48491,pi_3,upstream,/home/qy/DVGC/JIT/runs/campaign/all_proposers_v1/round_000/proposers/pi_3/tasks/acquire/attempt_0000/result/catalog.json::dense_v1_train_x2.85_family4/variant_14,/home/qy/DVGC/JIT/runs/campaign/all_proposers_v1/round_000/proposers/pi_3,286bf8361592cd826f76833e56183f92e52dd4b6396989d2c2272ee4095f40f1,57f90c018710741378026c17d2dc80591d2aa4f560a05442ab2a6bac21a6eca5,817558fe101c7a771243f5327e5f3004043c329524142ad7f5bdb8d6e0b58c42,True,-0.2117029929161072,-41.54093732445075,393.72854964894617,45.19880073822147,-411.533432135822,21.793443513590496,-0.5122784805297852,3.131623349334083,1.4520823955535889,0.07288850843906403,0.8723917603492737,-0.4845328726687641,-142.55223612955413,33.70584632751612,3.1310348510742188,0.016272906213998795,0.5192188024520874,30.91939210843396,-32.01863250817206,8.947668653032487,1,1,1,1,1
00279c19c645e1e90eac7f10e2215f99744b0c95e4201814b18fc6e7907c6cf8,pi_3,upstream,/home/qy/DVGC/JIT/runs/campaign/all_proposers_v1/round_000/proposers/pi_3/tasks/acquire/attempt_0000/result/catalog.json::dense_v1_train_x2.85_family4/variant_14,/home/qy/DVGC/JIT/runs/campaign/all_proposers_v1/round_000/proposers/pi_3,67eacc9279c5a1d7c5bf778e3b0823fdadb3330bf57ffa0a86940df3279aa909,1b40f57cf06fabecddd5430cce41e61587932a537be068a2bc8ae71e1bf87633,b1fea57ec15e76fda744351b2753528c385498637d9058180fc1e79530732e52,True,-0.2673083543777466,-19.254132515536696,362.0315541638846,22.731190576693425,-416.28921089263184,13.05200695130044,-0.5392679500579834,3.469217999592221,1.4941331148147583,0.05601855367422104,0.7962376475334167,2.9235913975679075,-120.46411469340659,42.52347711203001,3.1883115768432617,0.019109604880213737,0.5442244410514832,36.18934750596236,-75.36876741544872,9.91194962454213,1,1,1,1,1
7817cc4799875162cfef9392c64dc4393dd6fb213724942091fdd7229bb0911c,pi_3,upstream,/home/qy/DVGC/JIT/runs/campaign/all_proposers_v1/round_000/proposers/pi_3/tasks/acquire/attempt_0000/result/catalog.json::dense_v1_train_x2.85_family4/variant_14,/home/qy/DVGC/JIT/runs/campaign/all_proposers_v1/round_000/proposers/pi_3,9e8a320e75be2e8ef47646db71743d2ecf2c1b8c2194166a8f59590527b74b86,ee3b3aedb31369faab9337235b79d49a375ca95995c67c278a97cae35f353436,6d91e59c78635abc7b3fc3f675d5d5b4d0c8645f3521c13f76c9f9acd759991f,True,-0.29590610504150394,-2.68944973805552,306.3562780125228,6.510041981914974,-282.0283463022313,6.2024831240954335,-0.5252708339691162,3.8792959055252694,1.608001470565796,0.05107010155916214,0.7503840327262878,7.326241903768682,-131.9132056292621,45.87105527709081,3.2501442432403564,0.02136320248246193,0.5729904770851135,39.86870210995653,-51.98588799947686,11.18337490861251,1,1,1,1,1
2dc6b3b53495da6daa035f1e328c49d0b506fcb53546853a284eceacd4e9c000,pi_3,upstream,/home/qy/DVGC/JIT/runs/campaign/all_proposers_v1/round_000/proposers/pi_3/tasks/acquire/attempt_0000/result/catalog.json::dense_v1_train_x2.85_family4/variant_14,/home/qy/DVGC/JIT/runs/campaign/all_proposers_v1/round_000/proposers/pi_3,2550fc1a1155eeabd921b9777678c966653aeb695ff837da77197397a8ab7804,5ec127659897ff75872126e1f3d5c7affe413f0de4025f92cc34afb3becf3149,8c57b7ae2367cfa49f5d476b8681d0a79b074620ed30e227e1af23bbbd5384a2,True,-0.3780654621124268,1.8869089138813688,71.20237934249761,3.0143462555039826,-29.13174377243945,3.885588051884953,-0.6334819221496583,4.114645108797292,1.6697144508361816,0.054066821932792664,0.6844567656517029,9.468686977520445,-43.34618705793638,48.27056903440799,3.2830755710601807,0.02245808020234108,0.5871328711509705,38.68462051544312,5.862403871701189,11.959393845757768,1,1,1,1,1
cc70404f8af1a32a5a0b77894d6c410e7a914c9c8fc5ed898787c5dd8aa4b873,pi_3,upstream,/home/qy/DVGC/JIT/runs/campaign/all_proposers_v1/round_000/proposers/pi_3/tasks/acquire/attempt_0000/result/catalog.json::dense_v1_train_x2.85_family4/variant_14,/home/qy/DVGC/JIT/runs/campaign/all_proposers_v1/round_000/proposers/pi_3,7d4324093efcc1029a9190d2480a0c66b937270560172bd639abc4817d0615db,c6597c8982f14e6a8057336cecd79b0c0aff45083c3be940272bc133ad447770,41793c0f71e7a8fbc60c0476434396d6aca0d6d1ec0f7231b3b66e612b452277,True,-0.35236433982849125,5.9328905701620736,79.0828740219399,5.796977916528459,30.182530810205478,-0.5576317958614508,-0.5958920764923096,4.592811422070233,1.7468317747116089,0.05866943299770355,0.5094016790390015,12.895303237882986,-74.15759729068704,48.64100434404363,3.353006362915039,0.025250904262065887,0.6088799834251404,41.907295011151895,-23.592817232943244,13.446888594057873,1,1,1,1,1
fc5a16a254359630b7e7d26d53ed85ee46d4734a9c7fcaa8bb083afbd6f70e41,pi_3,upstream,/home/qy/DVGC/JIT/runs/campaign/all_proposers_v1/round_000/proposers/pi_3/tasks/acquire/attempt_0000/result/catalog.json::dense_v1_train_x2.85_family4/variant_14,/home/qy/DVGC/JIT/runs/campaign/all_proposers_v1/round_000/proposers/pi_3,68d5f32bd5da919264e6c0c28ff61012fc0d9255906197c6d25a2d639b0ce5f7,a59a4466e4f6cae52bb3dff280f86a39cb66f83e5f47a16634a264dd27cb849e,92b579daff261e79b00492b9396964266b902f9d9f176999e3c3c7543f9880d5,True,-0.3591316175460816,9.13038600038242,46.16464071328005,4.016814614090635,-9.17233275339641,-2.4816468636715556,-0.6472715568542481,4.850880306300602,1.737099289894104,0.0468607023358345,0.4343959391117096,15.134276813853601,-32.07097224778187,51.14122582557806,3.387544631958008,0.02629663422703743,0.6175355911254883,38.541203618345776,34.5211762540243,14.304250708558994,1,1,1,1,1
69526967ec290d2eb9150ff8278039b61b3e7e5a54a1d1ddd33a8abda91f5f74,pi_3,upstream,/home/qy/DVGC/JIT/runs/campaign/all_proposers_v1/round_000/proposers/pi_3/tasks/acquire/attempt_0000/result/catalog.json::dense_v1_train_x2.85_family4/variant_14,/home/qy/DVGC/JIT/runs/campaign/all_proposers_v1/round_000/proposers/pi_3,abb7e0eb1f4fda56d602d48ebd9ac47bda482bede28a963a9572fe89244a30ea,7c7d11a4bfe0ea9618e8a9ba33d2a15b894355e0145789d0936ee56489eeb2d5,35b6e775abe207e8332d636d017dd9fa18979206db874afc12dd9b5cc7f89c64,True,-0.3166413259506226,6.53107981833226,127.582783733204,9.426350903723767,-169.64221437792875,-2.7096842098903036,-0.6432271385192871,5.342420118894456,1.7828508615493774,0.01490509882569313,0.5324389338493347,14.173327254240752,-35.45846603835222,50.81870429297006,3.4603567123413086,0.02812955714762211,0.637856125831604,37.92169180024728,5.2653006236090345,16.30165382717464,1,1,1,1,1
602442d6511b434a25dd69ca680a61a86ff5f47b855ac1cef1c4666f8f2d6831,pi_3,upstream,/home/qy/DVGC/JIT/runs/campaign/all_proposers_v1/round_000/proposers/pi_3/tasks/acquire/attempt_0000/result/catalog.json::dense_v1_train_x2.85_family4/variant_14,/home/qy/DVGC/JIT/runs/campaign/all_proposers_v1/round_000/proposers/pi_3,1cb31e3216a8f5c0dbedf30909d595706cf8e9d74682729bc502632c96f1ba89,75535282e9e5c65b6424a496c6921ecae3b629fe634b6b76f641af8061a1dc4f,d64c841d534115f2e765063bfce4c89d23293309d941c5fd287a4c85df8d6277,True,-0.43402959346771247,-0.42483189668097515,-329.44701657731486,17.596211669995526,446.55533638808913,-0.4893180446418462,-0.7920695304870606,5.566790638905863,1.969726324081421,0.04028285667300224,0.6668230295181274,11.131365903592172,86.34539367584695,48.06813588778715,3.498945713043213,0.0288467388600111,0.65129154920578,38.61004167989575,-21.42190990714639,17.535117649200583,1,1,1,1,1
c2e3b6f9e992d53b2b5633121250f2faa342dd867b3dd9a4224882e5d886ac90,pi_3,upstream,/home/qy/DVGC/JIT/runs/campaign/all_proposers_v1/round_000/proposers/pi_3/tasks/acquire/attempt_0000/result/catalog.json::dense_v1_train_x2.85_family4/variant_14,/home/qy/DVGC/JIT/runs/campaign/all_proposers_v1/round_000/proposers/pi_3,d202c9f18625c37ff2aac80f4e7a6e09262fa0c81b4d5c01b346d18d8d98a3df,9d82fba250e0b11b14aeff97f0a27fc483cf6f1d6a171c9efc5d11dfc322f52a,6ffbc6a39c14b4052aeb9f3804e1dfbfa1127258440b8cf2607687e7988697f5,True,-0.33748956680297854,-1.7358846801525127,-89.88005755246357,21.938895463161117,226.28177663631294,-1.287343783838371,-0.6623817825317383,5.760172867275371,1.9595738649368286,0.03881705552339554,0.4855465292930603,10.413375564266786,-19.764870156008154,43.89032432344921,3.538006067276001,0.029722806066274643,0.6613458395004272,38.629535039786965,-34.98999702355938,18.336890246400813,1,1,1,1,1
1f802e01fd75c4826978c8ac1d8ac40ac5ebfd3041b7bdcd28c8b045eace50a4,pi_3,upstream,/home/qy/DVGC/JIT/runs/campaign/all_proposers_v1/round_000/proposers/pi_3/tasks/acquire/attempt_0000/result/catalog.json::dense_v1_train_x2.85_family4/variant_14,/home/qy/DVGC/JIT/runs/campaign/all_proposers_v1/round_000/proposers/pi_3,815da63fbe4217bb0ecc8027a9d2476cb4bd59dfab3f7db58c86c0f771228436,0c3ea9681ff990426dd42862cf410eb96f09793da6b2ef5a8bed3006ba409d9c,b516753727e1ebd4282fdcfb61cb29dfdf6f47b3925c9eb58a79ca8ff674e144,True,-0.4721573686599732,-4.151561439810293,-262.55782656359946,24.597807852324333,199.3243860201066,-0.5527079639288157,-0.8448324203491212,5.954025315004144,1.8967478275299072,0.005648224614560604,0.4000646471977234,10.210822889335473,129.5890698396252,47.46125650455859,3.576092481613159,0.03012428618967533,0.6691455841064453,35.36470461652087,34.78173772557653,19.357395186657556,1,1,1,1,1
26368a265e33edcadbbfc68d9e20fd252db7e352067c8a719f06d569d675698d,pi_3,upstream,/home/qy/DVGC/JIT/runs/campaign/all_proposers_v1/round_000/proposers/pi_3/tasks/acquire/attempt_0000/result/catalog.json::dense_v1_train_x2.85_family4/variant_14,/home/qy/DVGC/JIT/runs/campaign/all_proposers_v1/round_000/proposers/pi_3,bd4be5a90100620c154722623e1a800ca20ffa126d5bbee550e33f863095c5e6,f184316072da72817f088b733dd1ad7388ce268e07e40c777276dbff72ebaf30,d81b3b781ca05be4b31dbf2becb028eaa293377498d1226e7cd094e0578c9695,True,-0.4558463144302369,-11.779532072806166,-306.97921858558465,37.18262093582229,323.84770945800847,0.25021726553561086,-0.8257750415802003,6.29466658872972,1.9728549718856812,0.014421387575566769,0.20328500866889954,8.021638831093313,113.97844026512928,40.350698314400574,3.6559741497039795,0.031557347625494,0.680145263671875,31.537811096265255,40.789186213831634,21.10999982477605,1,1,1,1,1
85c8cd3a4e625ce4bc5ef55d4785b810cd8f51448880786b20594be9fa0605cd,pi_3,upstream,/home/qy/DVGC/JIT/runs/campaign/all_proposers_v1/round_000/proposers/pi_3/tasks/acquire/attempt_0000/result/catalog.json::dense_v1_train_x2.85_family4/variant_14,/home/qy/DVGC/JIT/runs/campaign/all_proposers_v1/round_000/proposers/pi_3,321b91e2b1c9197ad32ce182fae82868d85d421c589c159673c2c312c26a7132,99f456157d2ec7e573c0f6c78b4a798b9990fc549e951148a886f0d59de0ca5a,0a839730e05e7f882bf5e17766c78f1ab660534f3cc703024cdc96e43e2b4f22,True,-0.3359548854827881,-15.464439620595554,-208.09051034808942,44.6642428130196,407.94646267054145,0.07170925678191577,-0.6875093269348145,6.440181143184409,2.0643491744995117,0.04180110991001129,0.09710497409105301,6.94039341849726,0.7931989930194251,33.69584010038205,3.6969497203826904,0.032427962869405746,0.6824992895126343,31.077651006597744,-1.8495633604904431,21.80162174493689,1,1,1,1,1
488a263cfb5a38ef9836a32860f65638a7242956f104362fc169ccc74ec6a3dc,pi_3,upstream,/home/qy/DVGC/JIT/runs/campaign/all_proposers_v1/round_000/proposers/pi_3/tasks/acquire/attempt_0000/result/catalog.json::dense_v1_train_x2.85_family4/variant_14,/home/qy/DVGC/JIT/runs/campaign/all_proposers_v1/round_000/proposers/pi_3,0c3000094cdbfeaf8cd6a5f9dcac6c8839a06e15eeac5b54954d1b0080f6cc06,c16054e9161ea26ae582a3ce3343c8917c5d3ffe72ccc934a7bb4a48d3e3202d,134f0e3c81407254e03a1d919531ae2f84fb8210ad6ba64c5c9060c01de844b6,True,-0.42140200138092043,-21.194051381340177,-317.2390369831576,53.57125003791769,419.41041609803096,0.930620406832195,-0.7864547157287598,6.583069860009876,2.0483763217926025,0.019861912354826927,0.04752067103981972,6.133773690728142,81.79512165078447,31.564394192514946,3.738372802734375,0.03307921066880226,0.6846314668655396,23.890488829803445,118.5774251993523,22.608424041596713,1,1,1,1,1
e7195a294eba0319bd3b9a123dd1046e0594f3743ae91da878fa54747c7dd3a9,pi_3,upstream,/home/qy/DVGC/JIT/runs/campaign/all_proposers_v1/round_000/proposers/pi_3/tasks/acquire/attempt_0000/result/catalog.json::dense_v1_train_x2.85_family4/variant_14,/home/qy/DVGC/JIT/runs/campaign/all_proposers_v1/round_000/proposers/pi_3,bc0e4e575f3c1c0afd79d123bb94d69c6fa798ee2ac5080ad0c1970c3db8c9a8,53efc67f4220c8b97f6e1cb05674e560f4f1a8948cf190be5172f02df95f0757,160e5505b3ca4ef15d09b2371de8d44ae7a6a8a36079cf0995110b221b7c1307,True,-0.3567831325531006,-28.29874414654845,-335.09156686968345,65.32736480715447,591.4453686856202,1.7308539863496013,-0.7183412742614746,6.709772368369235,2.162627935409546,0.029933156445622444,0.16347484290599823,4.993955990904645,26.07801571339823,25.90676921052767,3.7813827991485596,0.03372251242399216,0.6885067820549011,20.784827427408036,70.8378384861157,23.29619953553203,1,1,1,1,1
2d53a72e4a1930fc503c50baad371d394725651251945bb6e2ac9b006bb0bdf0,pi_3,upstream,/home/qy/DVGC/JIT/runs/campaign/all_proposers_v1/round_000/proposers/pi_3/tasks/acquire/attempt_0000/result/catalog.json::dense_v1_train_x2.85_family4/variant_14,/home/qy/DVGC/JIT/runs/campaign/all_proposers_v1/round_000/proposers/pi_3,e4e254046d6c36a9b04a6151fbd507f2c08c401e35bfcfc41e39366eff6988bb,17981f10740b49a7ffa1ec145fe7ee49efb830414c534ce5edf5cb79ac28846b,ca6cb9f0e9579d62ce34048c2d07acc853d42ab7e246d0e46fb51be75337bf7f,True,-0.30625964641571046,-48.54144409160694,-401.2511014347448,94.73122673122181,821.2604704814725,5.4280572161212435,-0.6584087276458741,6.970617218304452,2.312371253967285,0.002298415405675769,0.5036302208900452,3.233342824305513,-23.002714501863526,18.3625264514724,3.870327949523926,0.03364091366529465,0.7057316303253174,-2.5036581339040067,-18.83348165512312,24.804793188296575,1,1,1,1,1
e99190138b19385902805ef8a0599d4eb1318cdaeeaa1ff269405d6f9c80f391,pi_3,upstream,/home/qy/DVGC/JIT/runs/campaign/all_proposers_v1/round_000/proposers/pi_3/tasks/acquire/attempt_0000/result/catalog.json::dense_v1_train_x2.85_family4/variant_14,/home/qy/DVGC/JIT/runs/campaign/all_proposers_v1/round_000/proposers/pi_3,c922a4a0c30d274959e14f38aca6002ecc84cb63beabcf857a32f0e3d55b4b48,80b4ac099cf66108e3212c9c83c03c138436c836ff978012bd8a6032238c9030,60d33307bb019323fdd1ad211d96cab6e41abd103938dbf3421aeb4d7c3ad6c2,True,-0.294882984161377,-55.05172427636922,-305.1074462246777,109.51266451028901,650.1905689820926,4.379269854735993,-0.6472272300720215,7.072209812337146,2.2324209213256836,-0.0046288142912089825,0.11884159594774246,4.440824220028564,-32.15081032899015,17.25780653247266,3.9160451889038086,0.03374890983104706,0.7119218111038208,-20.233745567056605,-235.6678362541228,25.08325489174481,1,1,1,1,1
449607bac09667d1cf01b93993b3ad9627ec0bf8ef419c485991a0f31ac25b0e,pi_3,downstream,/home/qy/DVGC/JIT/runs/campaign/all_proposers_v1/round_000/proposers/pi_3/tasks/acquire/attempt_0000/result/catalog.json::dense_v1_train_x2.85_family4/variant_14,/home/qy/DVGC/JIT/runs/campaign/all_proposers_v1/round_000/proposers/pi_3,866b913bbffb4c291a497c9deccf14af237017e03b9814ad42d25962fa201ab1,47ce5f1acf5aefaa33c3a3bbd7c1dd01efa9df9c2c44af44c0c9afee27aa930a,8523d1a3cd0d3d175d008413b4bff025e7f0f227fca11476e1ba7dd2a7dbf5e4,True,-0.42651066303253177,-59.59087333836835,-222.83934763424816,117.60845358255928,175.71530439920227,4.357407166030386,-0.7884562969207765,7.210881127139716,1.9492143392562866,-0.00616876408457756,-0.9619160294532776,6.307757818795408,83.4531842227509,18.28302134198616,3.958028793334961,0.03379924222826958,0.7029417753219604,-36.86406774312207,-145.89147463363835,25.4741649503446,1,1,1,1,1
7235a2d427af230f141a922d9f33837ca37aba1aed7bf2515ee67f935ddccdae,pi_3,downstream,/home/qy/DVGC/JIT/runs/campaign/all_proposers_v1/round_000/proposers/pi_3/tasks/acquire/attempt_0000/result/catalog.json::dense_v1_train_x2.85_family4/variant_14,/home/qy/DVGC/JIT/runs/campaign/all_proposers_v1/round_000/proposers/pi_3,6a9a08c78bea511276ea1e3f14a952ce33771e5f69add43cf24e7061a5961a15,89df88ec60a2e936ec2a0baa381d95fa00df86415191206a2e398468827d07c1,d0154013fe1209b143d941d5adc097c2b6be0684d5c96a4d16403ece358f3aff,True,-0.4348999738693238,-63.17890831315945,-184.83211795993023,120.13058289585652,90.6227176812974,5.689432538196834,-0.792777557373047,7.384557069291696,1.9057302474975586,-0.0015624368097633123,-1.332572340965271,6.321005824464294,86.98745194839566,17.744722180666407,3.9966986179351807,0.0338621661067009,0.6794001460075378,-41.23360613255686,41.708379411953615,26.016536411603727,1,1,1,1,1
cb4ca6cf11b58e0318c05793aee32e1b2953bcdcf6d2784455b06d6642de06bd,pi_3,downstream,/home/qy/DVGC/JIT/runs/campaign/all_proposers_v1/round_000/proposers/pi_3/tasks/acquire/attempt_0000/result/catalog.json::dense_v1_train_x2.85_family4/variant_14,/home/qy/DVGC/JIT/runs/campaign/all_proposers_v1/round_000/proposers/pi_3,78d244024b0b1abd00ea3991ad9d889db0ae46295c5717f40cabbce24cdc3940,6a527ba1f23d1010370fc6d0156ee71a71c76aeb64c023b2d3142f53b1ed7e30,1923c437723c1c35d3448b8f2a08b240f68ab9db01b11d04c76b2583b3f71c2f,True,-0.5135989713668824,-65.64029675416776,-138.75249261124932,118.25501294977103,-208.29518379675804,7.884746222695359,-0.89473783493042,7.591142190682701,1.7402472496032715,0.006343678571283817,-2.1114253997802734,6.11514819174834,170.4343660574885,19.742571295915354,4.032983303070068,0.03411533311009407,0.64300936460495,-42.50190054444194,29.530647310535706,26.690339272348474,1,1,1,1,1
b6495e36c8b50b6cc2dbe1e562bc0400061d45d4a05b1a00ec13fa1f59aad9eb,pi_3,downstream,/home/qy/DVGC/JIT/runs/campaign/all_proposers_v1/round_000/proposers/pi_3/tasks/acquire/attempt_0000/result/catalog.json::dense_v1_train_x2.85_family4/variant_14,/home/qy/DVGC/JIT/runs/campaign/all_proposers_v1/round_000/proposers/pi_3,6419ab0a73e99adffd29c02db0f3867270a4e54838dfbca1cfb6102dbbdabd5b,d2b0b6fb105e701130f4cc89ac2eebd12e0b0d4ea8ce416479973189659d6cc6,b3ecf1cfd4627098a07d0d145ad554c7f5e5630815fee816ef9976efbdd3213b,True,-0.4392722034454346,-68.8668781180818,-74.66795585565956,114.80668266426336,-106.35544371739647,11.062290898678377,-0.7950193977355958,7.983712142429448,1.8237069845199585,0.018040359020233154,-2.3414363861083984,4.032861716658757,88.80820962639181,19.23749246717125,4.106363773345947,0.03489941731095314,0.5584254860877991,-42.509318129880576,3.1033265449163236,27.90369106158346,1,1,1,1,1
a50d53e4c103f5f20cdeac3d56f7b80ba877e99319754b22bc812ee4006c05e6,pi_3,downstream,/home/qy/DVGC/JIT/runs/campaign/all_proposers_v1/round_000/proposers/pi_3/tasks/acquire/attempt_0000/result/catalog.json::dense_v1_train_x2.85_family4/variant_14,/home/qy/DVGC/JIT/runs/campaign/all_proposers_v1/round_000/proposers/pi_3,dfe017ef4163218976755e46ae873ed9b8f9895a002b354dd50dec193fd3cc39,47a9f8c6328d675e68e42927b95b0d5722a521212c01ff33d292da4b19908397,e9bc2b973b5dab26cdb58014600708e105e43736d1ffb9eecbf496b5489cc664,True,-0.3848180866241455,-69.70492866886401,-56.97820645252799,114.10313219861703,9.09699064420929,11.728423394657778,-0.7238771152496338,8.149997700428608,1.893249750137329,0.020015932619571686,-2.3431856632232666,3.339289090172754,30.5618761016134,18.432354890452025,4.143868923187256,0.035426005721092224,0.5116491913795471,-41.90735989794901,-8.386469116741312,28.38010340879443,1,1,1,1,1
b9e3537387672177ecdc59a395e1b5d5ef463e797ea60dcfdb0f28430736078a,pi_3,downstream,/home/qy/DVGC/JIT/runs/campaign/all_proposers_v1/round_000/proposers/pi_3/tasks/acquire/attempt_0000/result/catalog.json::dense_v1_train_x2.85_family4/variant_14,/home/qy/DVGC/JIT/runs/campaign/all_proposers_v1/round_000/proposers/pi_3,353838d544b2e0a004e3062bd0e79b02462fbc880a14bef1fd8348bba7f532b5,0b2b78d913e6187dd343ef38acb70032092e4acbf915ca94314594a2cd3e0e58,2b472f884920f96ca02f95d9eb866c44867351b51870f55dd205fe099dbf8f7a,True,-0.43080451965332034,-70.07710567673801,-42.051517870571296,112.28794112479444,-141.4957561291149,12.512366474511538,-0.785611505508423,8.321125280720638,1.8160481452941895,0.024716172367334366,-2.809540271759033,3.0286115324723775,81.08862737360585,19.536924545290024,4.180889129638672,0.03606613352894783,0.45869025588035583,-42.18141099311202,3.053341299579466,28.88663567007397,1,1,1,1,1
43cef2bafd1046233383342e4bf148fc7423ca695c4529ede316d084a502b615,pi_3,downstream,/home/qy/DVGC/JIT/runs/campaign/all_proposers_v1/round_000/proposers/pi_3/tasks/acquire/attempt_0000/result/catalog.json::dense_v1_train_x2.85_family4/variant_14,/home/qy/DVGC/JIT/runs/campaign/all_proposers_v1/round_000/proposers/pi_3,6a187d0c45a4e497e077307e368432b60bc36a286cbba562bf897d0edc706b1d,9dcde561ba477ff544612df284d1642fce110433e1555e9caa949502df91a826,0be27129189e144e48b9a5a746b98bf4e4648d6919087f1e6f1a5ab395bb4a19,True,-0.41556762218475346,-70.41701687097287,-26.73244687362842,110.48345978759043,-126.7325891060775,13.083773428560965,-0.7658833503723145,8.612846049395099,1.8306471109390259,0.027459075674414635,-3.1801505088806152,2.337614741077116,64.94141813791373,19.498422768938664,4.256078243255615,0.03738003224134445,0.34405481815338135,-42.170663690453004,5.529265236915225,29.747187157680315,1,1,1,1,1
8dff4843b146fd6bbed7945b23676704f6172c432c20fb9c677c5c83061bc13d,pi_3,downstream,/home/qy/DVGC/JIT/runs/campaign/all_proposers_v1/round_000/proposers/pi_3/tasks/acquire/attempt_0000/result/catalog.json::dense_v1_train_x2.85_family4/variant_14,/home/qy/DVGC/JIT/runs/campaign/all_proposers_v1/round_000/proposers/pi_3,f98e96f98e45ad649cd0102e9db2973bd200132cb04040e2984909e461906174,4ff52343ae0a4faa98e7678472c4410cee20fe037f61421c0bb6dd1b7eec0dc2,0394e1743caf631d991e00d64fbcc5bea5f7ccaaaeead4e9ab491f071986db35,True,3.0237039184570316,-69.6085615298643,42.10726928967153,114.3113436852757,620.3901804257601,10.529985149848393,-0.29125766754150395,8.2245367283838,2.3538506031036377,-0.6611065864562988,-0.7418781518936157,-64.46654923586858,-323.5541206067246,-118.83153555723347,4.2974443435668945,0.034952111542224884,0.2967629134654999,-54.61584892429568,-695.7689130872079,29.12110298320883,1,1,1,1,1
198d1fd534ef87a766aadaeba1221a08916ef0a51512c921c5d6ecd199d5047c,pi_3,upstream,/home/qy/DVGC/JIT/runs/campaign/all_proposers_v1/round_000/proposers/pi_3/tasks/acquire/attempt_0000/result/catalog.json::dense_v1_train_x2.95_family0/variant_0,/home/qy/DVGC/JIT/runs/campaign/all_proposers_v1/round_000/proposers/pi_3,ccdcba30ef838a9689ef7b9c2610403837204f2ace3800f398d67c938ae2f9bd,670b4e14d64a8d0666fbe76a071513e1e15fc4b98366488ec2ff13cff4bc8930,2b8c030a5a07906b4d2c3e172d0bb32783f0bb04207240a7e55a3b22f0aa8fd2,True,1.0343858909606936,-64.06393690505301,410.19168245450805,124.43503641269027,-585.9778295757817,-0.2644212185204005,0.24152215003967287,0.5663786933373886,1.0060685873031616,0.02054440788924694,0.0964958667755127,4.220860966016065,40.32281065201941,5.222998273871384,2.8467087745666504,0.004486791789531708,0.11728361248970032,-3.4646279706409544,64.01719109037344,2.661503263078936,1,1,1,1,1
e4deca0afa76b6de78bdb14babf12ff4b389f90f2b9d2a5890ea931a29cfa601,pi_3,upstream,/home/qy/DVGC/JIT/runs/campaign/all_proposers_v1/round_000/proposers/pi_3/tasks/acquire/attempt_0000/result/catalog.json::dense_v1_train_x2.95_family0/variant_0,/home/qy/DVGC/JIT/runs/campaign/all_proposers_v1/round_000/proposers/pi_3,ace03e6b0d2410f8f573b8b1ff40290a26a7b181b2b6629623d9da172e8431a0,7082710a82ecd490aaf6c59b7f790f91039c303480d741200807034d155912ca,0327cae93b67bd36a760d7b37c0c29dba15c8c3f277d8fb7b07e1bcc662b7765,True,-1.156202564239502,-46.29979649657626,-232.84513763620996,68.41829861415204,-1303.1791112973026,14.632340765284791,-1.0187163734436036,0.8861940069089549,0.7259727120399475,0.029447350651025772,1.8925596475601196,3.914284083138635,714.9940377893396,24.242356270180405,2.882965564727783,0.005175819154828787,0.15863634645938873,-5.664401810304397,34.99562509943548,2.8528006331000655,1,1,1,1,1
8d453904ac0a9b4eba5d1b33dd7ea45783b19b679b4be5506f8cc0f9cdab82fb,pi_3,upstream,/home/qy/DVGC/JIT/runs/campaign/all_proposers_v1/round_000/proposers/pi_3/tasks/acquire/attempt_0000/result/catalog.json::dense_v1_train_x2.95_family0/variant_0,/home/qy/DVGC/JIT/runs/campaign/all_proposers_v1/round_000/proposers/pi_3,06a24ce6f9201b451a9776232b515760027e33ae81ce79e53d2b90c2bf65df94,14c8158da8ed3b8663c1a1d91a5a277cda721f4f6aee6f32107d280aff9eea90,704cd7888b5a628c857fe4fbd6c3503ab3c075e49c8153b94ca86dd81d369a67,True,-0.3200145339965821,-60.089224430779986,-273.3208932992189,49.35696184831729,436.73592858819865,33.696600162434315,-0.19030939579010012,1.5414896154920315,1.6746675968170166,0.05012015253305435,3.204906940460205,-0.315790888109057,36.96869599592291,15.368386670297665,2.932133913040161,0.006787119898945093,0.2733105719089508,-2.6389891542411124,-68.61556813776035,4.456026591977826,1,1,1,1,1
0e1df6a5860dc3897cd4a217da8a34330bc44383d625751502f8bd0423fbfefd,pi_3,upstream,/home/qy/DVGC/JIT/runs/campaign/all_proposers_v1/round_000/proposers/pi_3/tasks/acquire/attempt_0000/result/catalog.json::dense_v1_train_x2.95_family0/variant_0,/home/qy/DVGC/JIT/runs/campaign/all_proposers_v1/round_000/proposers/pi_3,49c54874358b000f40836371d5ec9006e28609749eb281e1fe3894ebe9a65bad,346354e955e8b043185d9afd88ebcff1e7064c44cb3fc5613d1c32a44caa29e5,70132cd48268e142fda718f912760401174a595c9e67d6589854698dff1bf230,True,-0.197656843662262,-65.04012120160958,-28.094927886620685,77.43663450742676,158.34606503796815,25.68983556914786,0.494133906364441,1.7573647609518992,1.5738798379898071,0.05969584733247757,2.467773675918579,4.1063682125064345,-44.30414499469277,14.022176875455662,3.00423264503479,0.009108250960707664,0.39932405948638916,29.687536755770896,13.392097047163864,4.511173595963219,1,1,1,1,1
976212b5f29677b5434c3abf6806a94197a79f97fa15271b804fc2af4ea337c1,pi_3,upstream,/home/qy/DVGC/JIT/runs/campaign/all_proposers_v1/round_000/proposers/pi_3/tasks/acquire/attempt_0000/result/catalog.json::dense_v1_train_x2.95_family0/variant_0,/home/qy/DVGC/JIT/runs/campaign/all_proposers_v1/round_000/proposers/pi_3,067668cf6db05b552be316bb04a71e48bf680b5b56b7168a9d56ad791bca6664,2990990edbff1bfb0f1fb603d4d58cfa24d48a21e1daede5ec4e3e5c9750d76b,93eedb4393618d31b4baed96984fa1b7f532981cf8fc6542847c19e55935f015,True,-0.24652393341064455,-62.21978582914957,171.50219783232828,74.03338347044118,-326.3614649593833,24.935478911584568,0.4354392719268799,1.9683490617766868,1.3623979091644287,0.06795990467071533,1.5479958057403564,3.5317189978672854,3.709600389186278,16.56636599222476,3.0328314304351807,0.010444228537380695,0.43598467111587524,31.43558023986309,-21.704160644407995,4.8126901664416,1,1,1,1,1
d7e6bafb06d08e54bdb7a66c4131802910a62a333a2a54bc06139f2850122f5f,pi_3,upstream,/home/qy/DVGC/JIT/runs/campaign/all_proposers_v1/round_000/proposers/pi_3/tasks/acquire/attempt_0000/result/catalog.json::dense_v1_train_x2.95_family0/variant_0,/home/qy/DVGC/JIT/runs/campaign/all_proposers_v1/round_000/proposers/pi_3,af57b096d91e9da67a9ba8e20f77115e1ec9a77a0c39101d5eeb2205eb4ee27a,a8a4c701d975642a91b39bc0c37f31da157262a2173ba158b9a39942edfe5c9b,c2381bbf5ff787c7fbd4490b48993415b97416df65ed04df6720615bb90a89bd,True,-0.10960208296775818,-47.76454763955842,438.1769892200446,48.32280290608566,-538.8132423378227,24.220583991659264,0.5966188621520997,2.3784224330087604,1.2987371683120728,0.06539442390203476,0.9242344498634338,1.453449741226727,-128.21237691051743,17.686211365141492,3.082033395767212,0.013177869841456413,0.47517311573028564,33.65968790910517,-5.010322831703289,5.582160823997902,1,1,1,1,1
6e9e7fba825ebe9548f308398ca6270c5f290a4e1bbb01a77acb24053407fb83,pi_3,upstream,/home/qy/DVGC/JIT/runs/campaign/all_proposers_v1/round_000/proposers/pi_3/tasks/acquire/attempt_0000/result/catalog.json::dense_v1_train_x2.95_family0/variant_0,/home/qy/DVGC/JIT/runs/campaign/all_proposers_v1/round_000/proposers/pi_3,232c3551c8a5961bf688d4aceee83c7f7eb45d9f79dcb50b86d3288366fe36aa,ea8de9dcd00c9da4e61680afff00576a302d664c21986e4cc15e0b31cab0fa38,6793b1821eb0e5d2f1ca790aba70bbeb494033fdb366c2e843b4025729e03958,True,-0.030897094011306764,-27.340519832414437,522.2387228072762,25.942612335744606,-526.9592031464554,16.936030484119247,0.6940948581695557,2.6083837919619093,1.3541209697723389,0.057788949459791183,0.7662254571914673,2.449090258520894,-208.00274241725478,19.534913054579455,3.1344964504241943,0.0156684722751379,0.5072071552276611,37.05470856814088,-40.13262061948582,6.00596276843426,1,1,1,1,1
e791038368af7c349a8a8fe3c02aa45774a17f00ed7cc384400efc99e0a439b7,pi_3,upstream,/home/qy/DVGC/JIT/runs/campaign/all_proposers_v1/round_000/proposers/pi_3/tasks/acquire/attempt_0000/result/catalog.json::dense_v1_train_x2.95_family0/variant_0,/home/qy/DVGC/JIT/runs/campaign/all_proposers_v1/round_000/proposers/pi_3,421e7e088d024d36ad32f0354e099c3007a8fec1aaeafc0785edffbb1a177f99,01bd19b375b988a7bc9594615090d4b215faf4a570a5750fbe2f6849ae9c3985,d33b55a930725a435a01a5df12dd2ce4b6360f703053aebd91594d10374a9e33,True,-0.04581789612770081,-12.32744728670365,380.68870765539464,11.59259150277021,-306.0529083303475,10.582549211433665,0.6662564373016358,2.866921182246298,1.478601336479187,0.050390906631946564,0.7788050174713135,4.093884761137766,-185.2942895403083,20.74174771676547,3.191396713256836,0.017726602032780647,0.5406314134597778,39.08564141218208,3.416203636972856,6.548307078254637,1,1,1,1,1
86490a587417b1403a146c35f392b991f973e9cdde5dfd52f2afd5a4682f9405,pi_3,upstream,/home/qy/DVGC/JIT/runs/campaign/all_proposers_v1/round_000/proposers/pi_3/tasks/acquire/attempt_0000/result/catalog.json::dense_v1_train_x2.95_family0/variant_0,/home/qy/DVGC/JIT/runs/campaign/all_proposers_v1/round_000/proposers/pi_3,a335dcda80f77afccb6c8fea53e676e88ef1d099cbf18d2150ccd68dd0c47c03,9bb5ec0355a6d55d0620511ca3ab81a5e5089036a95f9570eccd937ff886b89c,597bf1b03b86a3f6e98f1301cf1334c0710195ac275c86b4c9c2fadfdfa2f7e8,True,-0.03011399865150452,-4.7305352314111175,339.7313143728731,9.168296965370578,-194.817376413247,5.362524577852497,0.6813870906829834,3.141674734994595,1.5721040964126587,0.0485672801733017,0.6582511067390442,5.447503176795117,-197.70039926190935,20.310991591474863,3.25408935546875,0.01968846470117569,0.5730838775634766,40.069263784744784,9.564274621181127,7.133763472882073,1,1,1,1,1
ccd07aea8747b8acde961cab400206c40c1e5d36e06e404ea41538f34d92aeeb,pi_3,upstream,/home/qy/DVGC/JIT/runs/campaign/all_proposers_v1/round_000/proposers/pi_3/tasks/acquire/attempt_0000/result/catalog.json::dense_v1_train_x2.95_family0/variant_0,/home/qy/DVGC/JIT/runs/campaign/all_proposers_v1/round_000/proposers/pi_3,44b17fd789cc03f5097a1bc26933432d67c77a467b2d19a712f58b8c4d825ced,67f21b23d7742b8fbeef9de89a1c990fa11cd2c86d390a7a80866c7ca32f6205,f4cd3bd01a8776cd55601e8f69d5963ff1f9506aced9968671ccdff9fdb8050f,True,-0.10736024260520936,-2.7163497977713806,156.91580976538913,9.87458548310044,-34.18026443707603,3.4103704357032134,0.5802058029174805,3.2828669488806486,1.6277064085006714,0.04114347696304321,0.7265784740447998,5.775809452743298,-114.83907142130757,21.972872239187346,3.2866060733795166,0.02056504413485527,0.5883352160453796,40.366950749530616,22.528006109263888,7.473100925317195,1,1,1,1,1
a2d1bfd58f0d17adba6c04ee18dcaff79959002a965337eee8d39fa9e72ed20f,pi_3,upstream,/home/qy/DVGC/JIT/runs/campaign/all_proposers_v1/round_000/proposers/pi_3/tasks/acquire/attempt_0000/result/catalog.json::dense_v1_train_x2.95_family0/variant_0,/home/qy/DVGC/JIT/runs/campaign/all_proposers_v1/round_000/proposers/pi_3,fc67f4ee8f440bbab2c18bc6a7d1fa6f619d27e63e358324918b39b0bd44ec1d,dfdcefc7a73aa3f2a6dd9cb6281442b4065193421b79d3794802682b2abc4479,3bcf191cf6c47921e31b846c7ef49c1dc245e2180e42c21ad9f060acb31264ca,True,-0.14108430385589601,-1.172113182096844,136.35177674063823,12.155156618663725,-46.64927678583831,1.1328059558978183,0.5548347616195679,3.5563538879825525,1.657496452331543,0.031493231654167175,0.5883389115333557,5.640308744894,-94.058350645138,21.97373455057006,3.352649450302124,0.02196446992456913,0.6160937547683716,39.61053803480297,47.372102045322414,8.289281544245314,1,1,1,1,1
315478ea6b3f18777cdee58225be489f84e5fe60463134f45ca1e16abdfd028c,pi_3,upstream,/home/qy/DVGC/JIT/runs/campaign/all_proposers_v1/round_000/proposers/pi_3/tasks/acquire/attempt_0000/result/catalog.json::dense_v1_train_x2.95_family0/variant_0,/home/qy/DVGC/JIT/runs/campaign/all_proposers_v1/round_000/proposers/pi_3,fc2d4c1393bad38b17be4afaf624b2e19237ae20d6b97906d92d059589300e24,631d96618d39a90bdf1c28beb61078b3d4c6f8781c0ad1ace8d313e6697643f3,343007031833aad571ac25ffe0f7a03dcfb198d31c45f9fdfb7e546e9d3f8e55,True,-0.1647212100028992,-2.083035021133935,69.1552555350289,15.161571957324265,47.87004332638386,0.5869838565371055,0.5355329179763795,3.675733539584294,1.7059102058410645,0.029143746942281723,0.5562778115272522,5.160864469878601,-78.23763128196165,21.214130429952725,3.3867862224578857,0.022535426542162895,0.6291334629058838,39.30595257895542,40.81701923469944,8.721824686369859,1,1,1,1,1
f07ebd56546d0623c805a7be35d52a831e40c53d25261327d5a9584e92af6111,pi_3,upstream,/home/qy/DVGC/JIT/runs/campaign/all_proposers_v1/round_000/proposers/pi_3/tasks/acquire/attempt_0000/result/catalog.json::dense_v1_train_x2.95_family0/variant_0,/home/qy/DVGC/JIT/runs/campaign/all_proposers_v1/round_000/proposers/pi_3,53680f2ce1c57aaa7d4bb5f3fd7bc7ac267bfc5a51727b1ffec80dfcdd500f6a,6b4e41b374549515b16038dc3f84462c0ed8b9f1dc4dcdf6f86590af2a04ef96,a30c33309cab88d777b11d172748786ffcbefa426d654e56ec837a53b3048e11,True,-0.1697867798805237,-4.9574806463026615,67.34976332982774,22.233432003192284,84.53770897992221,-0.12020839251775459,0.5536600017547608,3.874921966332895,1.7679730653762817,0.023174049332737923,0.4341884255409241,3.7178226562865038,-93.06346529063394,18.272847775217425,3.4564638137817383,0.023424634709954262,0.651500403881073,38.53963608993126,47.16070427541594,9.565069438649347,1,1,1,1,1
7ddd6ba0e28a279ab53bff0571747119899477bfbc7f5af3393b1ae7eb4a5243,pi_3,upstream,/home/qy/DVGC/JIT/runs/campaign/all_proposers_v1/round_000/proposers/pi_3/tasks/acquire/attempt_0000/result/catalog.json::dense_v1_train_x2.95_family0/variant_0,/home/qy/DVGC/JIT/runs/campaign/all_proposers_v1/round_000/proposers/pi_3,589c07c9cd70633dd7244611dbb35aab92e9b3a72e6e70cf95c27165e6ced5a6,225810c835be4c441938ec60eff207d368519318e92702f1dd460e8faa169e36,af4d2317afd05f26c09e99f8a9d9a234c494e9e6240ef837838175d6e13344d7,True,-0.22012371301651004,-7.791757715519132,-38.60005935842378,27.773671646556426,174.2761152391889,-0.18061762971823192,0.4944718980789185,3.947323577439158,1.8002203702926636,0.01574878767132759,0.43710291385650635,3.114167976119838,-44.63512571658783,18.055371136949635,3.4926302433013916,0.02373019978404045,0.6625313758850098,38.78163652241398,34.302306257165824,9.958215080204283,1,1,1,1,1
e4b3014554f5ab90a6e8847e74305a7234abe8e7f446ebf4a4f1305c68d8fd26,pi_3,upstream,/home/qy/DVGC/JIT/runs/campaign/all_proposers_v1/round_000/proposers/pi_3/tasks/acquire/attempt_0000/result/catalog.json::dense_v1_train_x2.95_family0/variant_0,/home/qy/DVGC/JIT/runs/campaign/all_proposers_v1/round_000/proposers/pi_3,e396b91cbfe5a16668f1d93fb9218a87cf4168fbf71d2aa9c0b6fa05fb25d1ce,92f911eb2776392e2eaba1ee8e747a6664c43b62d9d64f2c877075c754f4a415,05aa35140a8f33068216043b2995e28e2be5738f0328891cd8321ec85850f181,True,-0.21776671648025514,-10.208180459900325,9.323955269007875,32.311186585796634,104.35888380035337,-0.19292001370591627,0.5080669689178468,4.0082150101745455,1.7867622375488281,0.013659797608852386,0.24942712485790253,2.5551310798194575,-55.77074512048563,16.923101649932647,3.5286691188812256,0.023933760821819305,0.6710444688796997,38.15344694897498,42.56638436039603,10.3420512058147,1,1,1,1,1
6e5c93bf4279cdf2b6c5dbfb7bf9940b2ca3244d95479690aeabd27a6637a95f,pi_3,upstream,/home/qy/DVGC/JIT/runs/campaign/all_proposers_v1/round_000/proposers/pi_3/tasks/acquire/attempt_0000/result/catalog.json::dense_v1_train_x2.95_family0/variant_0,/home/qy/DVGC/JIT/runs/campaign/all_proposers_v1/round_000/proposers/pi_3,1c8a2278464a8943b681d8e24bcfbc14ea47c2f6bcd9145db6975b1e1eeae73c,22086645b22cb1a2983d5cc76ccc3ad7dbd638b6ce60255fe50a47ba2cea4969,0bf63c05b3213598086507af30886934b6cf494d473b2e73d2a3af15b4a7c8ce,True,-0.29171181678771974,-21.27745994393708,-216.79167957706545,49.797140219567936,421.7000594323593,1.3446313188578332,0.4451031112670899,4.080500165035458,1.919661045074463,0.002249565441161394,0.37666717171669006,0.4759158953397054,-4.186412906937106,13.143547317040746,3.6043078899383545,0.024015486240386963,0.6905558109283447,36.59561740307847,40.68955082931408,11.12128504266528,1,1,1,1,1
421765e586b33933589f509b3c4d63cb9298b11a9bf3ad31e30a8778b5c0d5e1,pi_3,upstream,/home/qy/DVGC/JIT/runs/campaign/all_proposers_v1/round_000/proposers/pi_3/tasks/acquire/attempt_0000/result/catalog.json::dense_v1_train_x2.95_family0/variant_0,/home/qy/DVGC/JIT/runs/campaign/all_proposers_v1/round_000/proposers/pi_3,897e4e3f4cff7c207da0cc5dd9494901d5abb0654d7fbd2ff783250db6ceab7d,30d16debe8a6f70584372636fc985996568d62e051e49e25c2a4e3e86e99c6fc,f7382fd74f2aee626d6c9ad1be31980a3bb77cd5b56425eb8e71ad70020b3ad3,True,-0.36719365119934083,-29.906553601696526,-339.38655374432756,60.955934455319586,493.29473068983657,3.533516188378681,0.3650176334381104,4.101565251709024,1.933732032775879,-0.014151036739349365,0.4477261006832123,-0.5751465377880903,61.34652565319593,12.626607864802915,3.64296555519104,0.02366362325847149,0.702278196811676,35.56292353642381,45.009280064226544,11.579174323008708,1,1,1,1,1
71a29e19df0a1001c30b6dd45cb1ba9941c685465dc537b3b0ccf78a90aa194d,pi_3,upstream,/home/qy/DVGC/JIT/runs/campaign/all_proposers_v1/round_000/proposers/pi_3/tasks/acquire/attempt_0000/result/catalog.json::dense_v1_train_x2.95_family0/variant_0,/home/qy/DVGC/JIT/runs/campaign/all_proposers_v1/round_000/proposers/pi_3,62f2b2c2dbbef087087e18fcf956acab0fc83d1e7f99203e4574fb2e33fc1fcf,81b7aaf2fe188cb5d542ce283d64a5d76cb57d32d78466f53e12aa9ecbe41f48,63130c2e5e490921cf2fd9ae938adfc0405a06a3aebdb7e9c680032ecbcd0a18,True,-0.4241755294799805,-40.82167059352422,-449.81683367904026,73.98455444806476,612.2523105580135,6.662260124362233,0.45446647644042976,4.121605596608606,1.979943871498108,-0.03221486881375313,0.6234059929847717,-1.9603411314218222,94.22123016627529,10.93225735154984,3.682283639907837,0.022938702255487442,0.7170059084892273,32.31307854819672,79.63131089153525,12.091369764440179,1,1,1,1,1
acef5abe48dd5836df92be19c291d665550312b449c1b9f14c0c32471ff0f956,pi_3,upstream,/home/qy/DVGC/JIT/runs/campaign/all_proposers_v1/round_000/proposers/pi_3/tasks/acquire/attempt_0000/result/catalog.json::dense_v1_train_x2.95_family0/variant_0,/home/qy/DVGC/JIT/runs/campaign/all_proposers_v1/round_000/proposers/pi_3,8cada3deccc9379de14bc44881889663fe5847f727efc60ac430beda235149b0,8f55fde3184385158c75e0d76fe65ef14fcbb8506515f530d6794eddd51537ff,e2df89f9297bff3cfb8a6969079ce2c86ccfd584cadc2e6abe8f01b2d3dda5f8,True,-0.21995201349258425,-55.85150869232645,-228.27988017610846,103.48686671882867,709.543328265616,5.930573792624576,0.7198174762725831,4.04391016570168,2.09645414352417,-0.03284212574362755,0.5545122623443604,-3.6438307901209326,-123.01999880158203,4.8475628388764695,3.764995813369751,0.021479927003383636,0.7459805607795715,21.95743088902124,117.35337333781598,12.394702822266462,1,1,1,1,1
108518bafb7e51816f9c339b5b9929d377df98b85d5a95cfb3fa984a5d4b44cc,pi_3,upstream,/home/qy/DVGC/JIT/runs/campaign/all_proposers_v1/round_000/proposers/pi_3/tasks/acquire/attempt_0000/result/catalog.json::dense_v1_train_x2.95_family0/variant_0,/home/qy/DVGC/JIT/runs/campaign/all_proposers_v1/round_000/proposers/pi_3,65567229dfe4f30a34efbb3cceba155cbe80804ebdcacf62fffa71cbf1dc84f5,fcc5e5f1ebea4dde538e3b066b91b81a1a3e008a6d3c0ef60a625e97a32d5a23,b6db381e327104b73d4bc70507578a62080736147d322a87afca9364ed59f4ad,True,-0.24349944829940798,-60.42164290749534,-163.29882645044117,116.06887430212504,540.3291618429719,4.085572678039984,0.7003215026855469,3.965706444692972,2.020296335220337,-0.03086814284324646,0.12244553118944168,-4.21906291871706,-107.04147474782172,5.045639178580486,3.805919885635376,0.02074161171913147,0.7535316348075867,17.725416650977365,97.5997627486546,12.391927972302978,1,1,1,1,1
75e35152f26ace88c35af487b0c2904c6348913d966f022aca55b437419cf8c7,pi_3,downstream,/home/qy/DVGC/JIT/runs/campaign/all_proposers_v1/round_000/proposers/pi_3/tasks/acquire/attempt_0000/result/catalog.json::dense_v1_train_x2.95_family0/variant_0,/home/qy/DVGC/JIT/runs/campaign/all_proposers_v1/round_000/proposers/pi_3,be4e45ad5505f6d01128101c2637459a2d5d383843a5967bd44b806c47573580,f21c0869a1379fb2dc7e23d06becb46ba7915e7ae243325a7bfffd3b4f656d45,a7a5f562d20ea35174cb50c2b9e4769bfee4883456fa509a2701830470c91442,True,-0.2757709312438965,-63.835856398098784,-114.33132881878716,125.30124100323128,383.5743532966983,2.635106304769379,0.6726434993743897,3.8808972348327604,1.9481420516967773,-0.024762766435742378,-0.35605189204216003,-4.687642924083907,-84.3924854977894,5.243763756495515,3.8452911376953125,0.02009306661784649,0.7517117261886597,9.351198332286117,125.53309860479654,12.434091677623245,1,1,1,1,1
a6d847e6752f9eda5e3f3a393d7a9a6cea1a3f7ea20d0af27124839e2615bce6,pi_3,downstream,/home/qy/DVGC/JIT/runs/campaign/all_proposers_v1/round_000/proposers/pi_3/tasks/acquire/attempt_0000/result/catalog.json::dense_v1_train_x2.95_family0/variant_0,/home/qy/DVGC/JIT/runs/campaign/all_proposers_v1/round_000/proposers/pi_3,6176a90745e1569df86ca0c9da2d0644c7f71a585fa4cd25286978c1f0a9336c,0493882e808e1f7056d66d627e790a0d61cd58977cea086ec3f62998b055d5ce,df507492153c64806bb257e6dcdcba40da6db54adfab017b97ef6bc2ece8b9a7,True,-0.40059458255767827,-65.99888168559345,-63.94113010377619,128.9362813398904,11.295112004980412,2.3455443054406317,0.5486958026885986,3.8078218818401024,1.76751708984375,-0.004343600012362003,-1.3302721977233887,-3.6861369818399914,17.075961283557533,7.5487353159818475,3.8820271492004395,0.019755760207772255,0.734533429145813,-11.26886188045276,-134.2359617206867,12.608281491110999,1,1,1,1,1
e5b01590e7e599387dfc7d88a8c0efa94823e9829c06c6f2d5635e3687fbfa83,pi_3,downstream,/home/qy/DVGC/JIT/runs/campaign/all_proposers_v1/round_000/proposers/pi_3/tasks/acquire/attempt_0000/result/catalog.json::dense_v1_train_x2.95_family0/variant_0,/home/qy/DVGC/JIT/runs/campaign/all_proposers_v1/round_000/proposers/pi_3,a0a3ff9335741ee96a6b54ebc57b40c01849eb80f11580eb89f739c6a27ea927,b73375137830be693bdb082dd67117a7519d13cfd3dec1f5d0386f145f2c748b,70edf274a1bba30eb5887472f2c89939405edd37e576d359bb0ef4070162f269,True,-0.28109044551849366,-68.9941313725083,-13.63801630068288,133.82773497437339,149.75066811847896,1.6800419431284448,0.6542755222320558,3.6455131410578616,1.8541966676712036,-0.005208847112953663,-1.4564191102981567,-4.986202018649388,-69.34504600149604,5.407889360269513,3.9545812606811523,0.01929541304707527,0.6831740140914917,-28.634111557437954,121.99422733165119,12.876887581240709,1,1,1,1,1
7f5ddbae21040a3882bd9366e833156f1792eb1d6565e8846d25f84a489d4a69,pi_3,downstream,/home/qy/DVGC/JIT/runs/campaign/all_proposers_v1/round_000/proposers/pi_3/tasks/acquire/attempt_0000/result/catalog.json::dense_v1_train_x2.95_family0/variant_0,/home/qy/DVGC/JIT/runs/campaign/all_proposers_v1/round_000/proposers/pi_3,ce75d61058bef94b78394b65210521460a2a2dd1dbfdbef0418b6021665b1dd0,7b2cd3f0d5f3b8d2c8391464c66563a9ddfcf4826065492c54286663ffba085b,2ef39c457701456b5317853a1a1feffd0eec9cc7fc94ae4708a05a8bc95621a7,True,-0.38483517646789556,-69.54996533697476,0.11029304761382626,133.26485908487263,-159.2804349164259,1.8030517055148902,0.526034336090088,3.5661816980834127,1.715166687965393,0.010989213362336159,-2.3062570095062256,-3.6854347530159495,35.60152093542355,7.079855636065166,3.989772081375122,0.019302748143672943,0.6448339223861694,-31.49821307455211,69.81542063906731,13.028738218886334,1,1,1,1,1
81b6f574790b094ebd6dcd1f50900c7b0aa3a49830edd5781aecafb577b55c99,pi_3,downstream,/home/qy/DVGC/JIT/runs/campaign/all_proposers_v1/round_000/proposers/pi_3/tasks/acquire/attempt_0000/result/catalog.json::dense_v1_train_x2.95_family0/variant_0,/home/qy/DVGC/JIT/runs/campaign/all_proposers_v1/round_000/proposers/pi_3,f34b8ae07622a235dcfd9609cd16133002a4c39bd2766d61cc29f743eac27549,8ba2f5c5b2138e988ff510a016c09ddeb9ebfd8e420ce8da8adccde793ab3217,f566b18ed67f8e389c3436de21f301cdc7bb0100dff2157ce6e02ab6a24deb09,True,-0.28066323280334476,-70.18694877897016,6.667674637109229,133.1367657171782,88.22527347129873,1.8074534454823534,1.3181336402893067,3.484715468709944,1.8337031602859497,0.001124056987464428,-1.9858514070510864,-4.894526792722655,-61.45045381160685,5.734964067732975,4.025207996368408,0.019299935549497604,0.6036151051521301,-32.154095649980924,25.178175856289485,13.164840910400184,1,1,1,1,1
808cca705b3dfa0eb0627213a432cceb1fb7767a0a55bf585090f97362b5458d,pi_3,downstream,/home/qy/DVGC/JIT/runs/campaign/all_proposers_v1/round_000/proposers/pi_3/tasks/acquire/attempt_0000/result/catalog.json::dense_v1_train_x2.95_family0/variant_0,/home/qy/DVGC/JIT/runs/campaign/all_proposers_v1/round_000/proposers/pi_3,7e374083d57d9f3a1aa44323a290914d084fc8bfd78d4ccc03c87624605a904a,888dab86e7cd991880c083459bb7c6966278cfdd1a6ff9db387c567c9dbaa505,13a40e87c7d3593c909156ae6d87330b66edbea6a2d49cf79375342d39389085,True,-0.3016111421585083,-70.40713358724386,24.31544270939413,130.65981127505142,6.5614011624920625,1.970549716975013,1.2942672729492188,3.3257131507380095,1.804112195968628,0.007183398120105267,-2.554757833480835,-4.55036423261629,-41.914278879578234,6.151359720293632,4.095583438873291,0.019520383328199387,0.5042840242385864,-31.568294230531023,-19.38690114771799,13.442881982435031,1,1,1,1,1
3a097d2e3649ebd4912901ccd620accfbe81b4ebafb2c1428b58767bae0a685f,pi_3,downstream,/home/qy/DVGC/JIT/runs/campaign/all_proposers_v1/round_000/proposers/pi_3/tasks/acquire/attempt_0000/result/catalog.json::dense_v1_train_x2.95_family0/variant_0,/home/qy/DVGC/JIT/runs/campaign/all_proposers_v1/round_000/proposers/pi_3,0708b5ce0e93bdf19c960e74f68bb68a004cce6d0342d68774844c103ec26086,de38d08c7e9e42b07d0f4f722768c7b9047014d0cf148a9ba4ef77f331136f46,5c76bcfa5e6783288b892f4b52551e67ab135c58af270b18660785e62348f5d5,True,-0.35812798976898197,-70.16694315489119,36.40298216282202,128.8353994458493,-147.65108162799538,2.0608757771827353,1.2319622421264649,3.2479633095953013,1.7493830919265747,0.01558199804276228,-3.0712194442749023,-3.921474991674189,9.088377775665904,6.995265877628674,4.130707740783691,0.01969679445028305,0.447415292263031,-30.435626884994885,-21.975443805409856,13.580468672077728,1,1,1,1,1
b93ae3b3e39047d60e84faa64b22aa0860307d91fa0b574eb376db1a1e289b09,pi_3,downstream,/home/qy/DVGC/JIT/runs/campaign/all_proposers_v1/round_000/proposers/pi_3/tasks/acquire/attempt_0000/result/catalog.json::dense_v1_train_x2.95_family0/variant_0,/home/qy/DVGC/JIT/runs/campaign/all_proposers_v1/round_000/proposers/pi_3,898333159f65729f140f8632a803e86b6aee3f37339306f062bfa059572d7d66,aa29119eae811948856ec30b51a329fcf6ea2ef917bd42599fd10bd78d1590d0,5f954d23fcc2de60193819bb1436a7ea0573f347c7ff908803ad3ed1d6a706d8,True,-0.3361592292785645,-69.70569365005106,42.61288770336006,127.45626130901869,-85.09580373700395,1.42935416652347,1.2653395080566407,3.0821012411646507,1.7785165309906006,0.01329992339015007,-3.3324313163757324,-4.189373367055484,-18.23186834774464,6.5583954523704335,4.201851844787598,0.019939199090003967,0.3268048167228699,-27.608276908257274,-13.955421167828897,13.796514593928407,1,1,1,1,1
2549397ef3e34d66484eae2f15ae2b88b97e9a91329801e5cc0064a6dc4fdf27,pi_3,downstream,/home/qy/DVGC/JIT/runs/campaign/all_proposers_v1/round_000/proposers/pi_3/tasks/acquire/attempt_0000/result/catalog.json::dense_v1_train_x2.95_family0/variant_0,/home/qy/DVGC/JIT/runs/campaign/all_proposers_v1/round_000/proposers/pi_3,63f9dec9a27d3ffe3d036b3920c314b98757d287ada9f1f571a5ae62cdad22fc,e62e5f308e664a6b5ec080685a3c4633b0f7e7e744303a2a03d1a556cad53aa4,d3b2fca1248e79c948c17c2746443ac4e14b8acbbeb0c1121535f76429798651,True,1.1380297851562502,-69.44383102746194,-263.8650974499832,128.9380845098313,515.958992242853,0.2421091028167448,1.284918327331543,3.0682715380841152,1.7169417142868042,-0.02513967640697956,-0.7933810353279114,19.196750388772124,-42.968610785523495,-89.14379048069287,4.237930774688721,0.02011331543326378,0.2692040205001831,-25.87358815153975,43.40580436410684,13.498734072254928,1,1,1,1,1
6ff41c60979764a9ba0a32c52e072450d175b8ace0e25c7c5dfab7f90f92a9ed,pi_3,upstream,/home/qy/DVGC/JIT/runs/campaign/all_proposers_v1/round_000/proposers/pi_3/tasks/acquire/attempt_0000/result/catalog.json::dense_v1_train_x2.95_family0/variant_5,/home/qy/DVGC/JIT/runs/campaign/all_proposers_v1/round_000/proposers/pi_3,2bca02231f89d9b6a0286e7e322fdec38bf1ed48161eb59909a0365717a46e02,8e06d1f1732b50e167f7904d0232419c269924f7f30220477866ce9f1e8317c0,bfa66873dc76a50b98786a85e44e54027f461582d14d7ad3d225dc873cb283b0,True,1.0554820346832277,-63.99659807002586,452.5966660297221,124.41567965658244,-597.145571359346,-0.2937776187164902,0.42525145530700686,0.5873464855825101,0.9869356751441956,0.038932107388973236,0.04657527431845665,7.522459578244808,22.579377669558845,14.574185933986923,2.8466999530792236,0.0046075014397501945,0.11720582842826843,0.785503664341495,72.94704188295066,2.733099028504438,1,1,1,1,1
a5a24f0aef1f483eac93fb1b1f7bbd1d71c1053541ebe67136dcabf213c66c50,pi_3,upstream,/home/qy/DVGC/JIT/runs/campaign/all_proposers_v1/round_000/proposers/pi_3/tasks/acquire/attempt_0000/result/catalog.json::dense_v1_train_x2.95_family0/variant_10,/home/qy/DVGC/JIT/runs/campaign/all_proposers_v1/round_000/proposers/pi_3,da6b1fd9144c0e0c56044e3078a208c9363558a448fd4dde330f4e8bd51c51b4,846960bed9f0cad9564612cee45c6c0f7f029fcbc58c5baefc4da72c0973612c,2832a9ac92769f41582f45d6d31e29a6a7d9cd8bd5b174ba8ddc7eecc768da1b,True,0.997025489807129,-63.9703496530455,410.39202556324284,124.49522403965642,-583.8442970451232,-0.36577713932330863,0.3352317047119141,0.5457724931128015,1.024152159690857,0.03388899192214012,0.10160060971975327,6.304553606301026,36.3170720434416,13.496280483895006,2.846785306930542,0.004373416304588318,0.11745840311050415,0.8232554005446249,47.55647958687233,2.582975896180355,1,1,1,1,1
11ab5b1e1a67a177ce3f92d84d3b020407a7277541f6ce5276d6a11ac083ec32,pi_3,upstream,/home/qy/DVGC/JIT/runs/campaign/all_proposers_v1/round_000/proposers/pi_3/tasks/acquire/attempt_0000/result/catalog.json::dense_v1_train_x2.95_family0/variant_15,/home/qy/DVGC/JIT/runs/campaign/all_proposers_v1/round_000/proposers/pi_3,8984363d969f7b4951c9c15dab5b6fe99e5ecefa8f5bd7fd5798872d1d413c49,c8640d926fc2f7ae942c3a9d2b09b1b1ed0fc70765c2126284e36be19fe73c27,840164fb1d7b8abaf43dd8c9908878f7f893419c164570000d19cb6fb06806ba,True,1.0421505546569825,-64.06959913187495,410.0300528579889,124.4329327144259,-586.3080828825301,-0.2652162761588113,0.2500960445404053,0.5865898095873769,1.0099923610687256,0.03650762140750885,0.09553617238998413,7.010072020201969,40.07482014363459,15.804536937485292,2.8467447757720947,0.004604383837431669,0.11728041619062424,0.7853515325499035,71.93885815013257,2.735440507412642,1,1,1,1,1
c51f0b44301206930bd5e6b39e21fd2a4b33fe79aa9f355824162a7d021e9e2b,pi_3,upstream,/home/qy/DVGC/JIT/runs/campaign/all_proposers_v1/round_000/proposers/pi_3/tasks/acquire/attempt_0000/result/catalog.json::dense_v1_train_x2.95_family0/variant_15,/home/qy/DVGC/JIT/runs/campaign/all_proposers_v1/round_000/proposers/pi_3,454411853aef8da9b61c7aab147c633def69cb6b3811d301f046ef7269dc6761,c74a0d4f0b751e3cec39bebb00188b1adb19580b5d380bea99fd425ee15b45e5,75c4748fa1256841be6aa9f6e2eabe24f2850efb5f971ba0bb8e9a63833f488b,True,-1.042317581176758,-48.70466853729732,-343.76743707797374,71.06145204935274,-993.5044541784208,15.453058573038811,-1.0085766220092773,0.9208279462141024,0.7397997379302979,-0.01750456914305687,1.9549537897109985,1.9950764853327452,699.940082292578,4.009957957937589,2.8838143348693848,0.0049984632059931755,0.1611049473285675,0.6634763050428406,25.337585641328413,3.099609900277805,1,1,1,1,1
ffdff24c0c871173db9ecad62ce0322db55462340ddc83d340e5edb80769ef18,pi_3,upstream,/home/qy/DVGC/JIT/runs/campaign/all_proposers_v1/round_000/proposers/pi_3/tasks/acquire/attempt_0000/result/catalog.json::dense_v1_train_x2.95_family0/variant_15,/home/qy/DVGC/JIT/runs/campaign/all_proposers_v1/round_000/proposers/pi_3,477ea67013cc0515757a5706bfbf7e4708043d88d616bc211bf4823b4fc6d6f8,28b518a9b678a9723498441a5a3d6157be61828bda3de08dcef092ca785fb168,4304f97660ee1bb1fec7e01423533c1ef7da16c832077c3acb2ec75b2002aa79,True,-0.07115334749221802,-61.152329714714135,-237.4186323044505,64.0659244901015,741.8178845468939,29.19225134754399,-0.029859541058540346,1.0524096945041146,1.6967462301254272,-0.002865192946046591,3.2038466930389404,6.711235449201455,-101.1718970430579,-15.299022684181601,2.933196544647217,0.004588396288454533,0.2685629725456238,4.543003423125132,-84.76115861861918,3.0799982755371382,1,1,1,1,1
dd1b5121800a8fa9717c0980890ca6142ed68d4b28a722d9eb530f766a74de04,pi_3,upstream,/home/qy/DVGC/JIT/runs/campaign/all_proposers_v1/round_000/proposers/pi_3/tasks/acquire/attempt_0000/result/catalog.json::dense_v1_train_x2.95_family0/variant_15,/home/qy/DVGC/JIT/runs/campaign/all_proposers_v1/round_000/proposers/pi_3,912eb93e6b660a0e98d7cc4dfecfb992d693bc30627780382ac3e20d14e1394d,261d0bbb4bad07d31e49a8bf31a6c8ab4e430badd011bc359a1b0de689544ba2,9df4bf8ada36cf96d8534309c0794256f66b215451f926600b524f609ad8d524,True,-0.08550880789756776,-65.20379985487976,-26.382727527745427,96.46761791258996,319.7339958039365,19.929785655306652,0.2928824043273926,0.8500170583783333,1.5278295278549194,-0.00977204367518425,2.4395041465759277,2.235139278525299,-78.76351486691762,-10.767599419907404,3.0037500858306885,0.0042465319857001305,0.39537325501441956,29.34116420258121,-94.099850874535,2.095164369795915,1,1,1,1,1
b936e2e24cb4a7979e6508d198994fcd9c71096db1ab77e043d0bdb012ad1d75,pi_3,upstream,/home/qy/DVGC/JIT/runs/campaign/all_proposers_v1/round_000/proposers/pi_3/tasks/acquire/attempt_0000/result/catalog.json::dense_v1_train_x2.95_family0/variant_15,/home/qy/DVGC/JIT/runs/campaign/all_proposers_v1/round_000/proposers/pi_3,a93791588e568e3f8a23642d219b7c02413b0a6a84df21d4a80a92e2d3b9eeae,3b5a0aac587549b857ed7bdb2b7ad085a85b038c5c0e997f20123c742e0fa746,695be8559d705d7734d4d7a55f7daa09e810613632761db9a81e3ce9c4361fc3,True,-0.23880029201507572,-63.917292743572844,103.93027576955673,96.92610119081624,-263.2743134075338,19.46368273084908,0.12004325151443483,0.8256895632307076,1.200096607208252,-0.0019579005893319845,1.2725917100906372,2.28994727774642,62.71691431769978,-7.832529675995877,3.030992269515991,0.004131864756345749,0.431889146566391,27.683000885324507,12.688450105095503,1.8903779818221387,1,1,1,1,1
6f628ecddacdbd352df3c2792fe66a2067c19f33a73a7b95643ba6c9cc140e97,pi_3,upstream,/home/qy/DVGC/JIT/runs/campaign/all_proposers_v1/round_000/proposers/pi_3/tasks/acquire/attempt_0000/result/catalog.json::dense_v1_train_x2.95_family0/variant_15,/home/qy/DVGC/JIT/runs/campaign/all_proposers_v1/round_000/proposers/pi_3,a2ce3cd867f26b7e7785af0c5ed053fb7dced0548e2035e4a6480ca694526d3f,1a9848904d3139a1ffcf19e67f6702d6717d4d31fa04a80e076d63de83557c55,9d35f7f3f3a5e55b4b68f62e35adc8b81a0d432068cf83097f31c8c6da17ce8f,True,-0.22107784032821656,-45.86311518218067,267.61413364388983,52.56309704095088,-571.91015339517,25.33801909058148,0.7909547519683838,0.8340538894839599,1.0861351490020752,0.001189986476674676,0.5549402236938477,3.2416015902291164,44.63181307484037,-10.938507828414046,3.0883657932281494,0.0043287514708936214,0.45532897114753723,27.23539126825689,27.45426980285183,1.5022728724453562,1,1,1,1,1
b8c9e1d0b6330507f4b1ab049970a652992001c2f9ec22000d5a862f4b5c5dac,pi_3,upstream,/home/qy/DVGC/JIT/runs/campaign/all_proposers_v1/round_000/proposers/pi_3/tasks/acquire/attempt_0000/result/catalog.json::dense_v1_train_x2.95_family0/variant_15,/home/qy/DVGC/JIT/runs/campaign/all_proposers_v1/round_000/proposers/pi_3,360ac4b5d6e2f6ba8afbd4607c4ce558fa37dac2377708621efbc71de97be073,964b75b8ddfdc7808cf55d00cb8733e941d4fe472e5dc45b41896badacdbfeb5,1f6f1c722da320155dc056fc0db8ee37ae7dcf70b881050114e5ad7dcf1b0fec,True,0.02669213712215424,-29.76889796916409,441.8413037474864,32.34960639987795,-374.7066640557574,21.54121541099193,1.0710965442657472,0.6681257894876245,1.2469704151153564,0.0045332214795053005,0.3108096122741699,3.167154662710093,-184.6871267042292,-19.532737639328808,3.1343138217926025,0.004481511656194925,0.4707658886909485,34.43771134236674,-80.7454376885694,0.7184832846639176,1,1,1,1,1
e9e307c3304865fb1d0a236ed2eca904038369ad1ceaa9e70899f45bc214825a,pi_3,upstream,/home/qy/DVGC/JIT/runs/campaign/all_proposers_v1/round_000/proposers/pi_3/tasks/acquire/attempt_0000/result/catalog.json::dense_v1_train_x2.95_family0/variant_15,/home/qy/DVGC/JIT/runs/campaign/all_proposers_v1/round_000/proposers/pi_3,b54b387b8998add270b0a4559f5e1d1535499b3405fad5de7e8f410752194e2b,97a61a523966665ccacf3f336a4b0c667722b0fe9851410963e937eea54330db,0c74631dbf6c0b71628988400016f2ad792e01b64f34c2ea07feb626596dee69,True,0.049618216753005984,-15.330433016627197,390.91866446591627,22.53165855292255,-254.32780378357091,14.644572695138041,1.0835732650756837,0.4206689879651797,1.3544023036956787,0.002215774031355977,0.16010741889476776,0.12144335144419191,-194.87190864358035,-24.30637051062906,3.1872098445892334,0.004616482183337212,0.48227521777153015,39.03790522007286,-28.256337209539133,-0.319696255119363,1,1,1,1,1
c523865f9d9fc70dbabf2c2f5055b128396392b8cef977ec47035897c40ee9f5,pi_3,upstream,/home/qy/DVGC/JIT/runs/campaign/all_proposers_v1/round_000/proposers/pi_3/tasks/acquire/attempt_0000/result/catalog.json::dense_v1_train_x2.95_family0/variant_15,/home/qy/DVGC/JIT/runs/campaign/all_proposers_v1/round_000/proposers/pi_3,17f58368ade3d6c7bf6dc6aa5b65bf146e88b7fa9b4bc00d18a777438c7c28fb,68b3a140ed21249199b65a69af0678980ee083fbc184d906beab36225a706169,461464bd394cc1ec1ff98f1da94cdff79b2ed02d9f409cc5ee428a2cfa507786,True,0.003912940546870232,-8.405105287891692,271.5689497771106,20.982636535960776,-145.6159994440334,10.412032840676448,1.0208247661590577,0.14256960918711872,1.437715768814087,-0.0023835173342376947,0.028438646346330643,-2.9358298159001013,-143.49687861252357,-25.825573629221854,3.244950532913208,0.00455228378996253,0.4908367395401001,39.89924330083024,8.783931484922695,-1.3414870054515373,0,1,1,1,1
4fac24d093419f7a9e58bdf84a59b2f79c401d734e4d0ec5ec0bc33097070dba,pi_3,upstream,/home/qy/DVGC/JIT/runs/campaign/all_proposers_v1/round_000/proposers/pi_3/tasks/acquire/attempt_0000/result/catalog.json::dense_v1_train_x2.95_family0/variant_15,/home/qy/DVGC/JIT/runs/campaign/all_proposers_v1/round_000/proposers/pi_3,c6d6d50775c849a4976842bb4d5d3464237620f0b61142103279caf423e3323a,114e81fa7f6d10502d17cf8bae3b202867261dc14a11f0e9e6a85dfe9f052ab3,5d39200440335e6f786ab9d24bcd8b5b50857c69dbb464443e4c2468c0be7d49,True,-0.03927062094211579,-6.539645729325103,152.44083374573685,24.13943385712478,-8.061469933011889,8.32297906203161,0.972092742919922,-0.18319327282219514,1.5343233346939087,-0.008203300647437572,-0.10991086810827255,-5.339345850627496,-103.66637092040577,-26.422238464546655,3.3060102462768555,0.004279370419681072,0.493831068277359,39.9664216264119,25.30157176138223,-2.3442038905207006,1,0,1,1,1
e34d85401d5b6870aa72179be517c0afc4cf3ccc78ef79f671e12c600c9f7a17,pi_3,upstream,/home/qy/DVGC/JIT/runs/campaign/all_proposers_v1/round_000/proposers/pi_3/tasks/acquire/attempt_0000/result/catalog.json::dense_v1_train_x2.95_family0/variant_15,/home/qy/DVGC/JIT/runs/campaign/all_proposers_v1/round_000/proposers/pi_3,074b1d940aa4010b7d44239093f4a2443d43e101db4cd531009089f2a0564690,27578f5af59e5f09789f388173771c2746223d6a377c7ad95f5d269bef14a50c,85d597a038c50a63ed31f68a95dd4320cdf9026f056df68becbf430ed9cc42f2,True,-0.06122659325599671,-7.171836086070435,85.10281834128155,27.798359365311438,82.51104158901768,7.687458770795436,0.95063871383667,-0.36820030034356943,1.5950735807418823,-0.01219848357141018,-0.1644258052110672,-6.386017272531768,-86.1736212484103,-26.27577018043761,3.3381125926971436,0.004043653607368469,0.4933164715766907,39.799713784244815,29.59320501314385,-2.844669429477594,1,0,1,1,1
d4d22086fd83c8f2fbf37a2f65037f6e6f878475e07f8298b579acc064e44186,pi_3,upstream,/home/qy/DVGC/JIT/runs/campaign/all_proposers_v1/round_000/proposers/pi_3/tasks/acquire/attempt_0000/result/catalog.json::dense_v1_train_x2.95_family0/variant_15,/home/qy/DVGC/JIT/runs/campaign/all_proposers_v1/round_000/proposers/pi_3,84a698184132239f514524af69ba5001516456be9246cc3efb4b7863fdaa5501,7ec1c51c016203744a226924fbddad6830568d0a305301beafbf525308bc4619,eef55c6fbcc1bf998b5c5b59cecf6ea7df96148ec73fd59afa011a66732eb19d,True,-0.06227281212806702,-11.227278835012077,2.8404972371162365,40.33211336966897,274.6944170205518,6.545660372949532,0.9638820743560792,-0.7802315284273063,1.747358798980713,-0.0237649604678154,-0.2591944932937622,-8.36511623784856,-96.99697806383345,-25.26855633448168,3.4065191745758057,0.0032809290569275618,0.4895930588245392,39.43928470174324,30.265288797283937,-3.823402398782598,0,0,1,1,1
e0c34e92816d49281d000121e5d0c3300ca22c64e7d664e05cd1143fc0e84d13,pi_3,upstream,/home/qy/DVGC/JIT/runs/campaign/all_proposers_v1/round_000/proposers/pi_3/tasks/acquire/attempt_0000/result/catalog.json::dense_v1_train_x2.95_family0/variant_15,/home/qy/DVGC/JIT/runs/campaign/all_proposers_v1/round_000/proposers/pi_3,f8ac3662542ee9c705f07dfe042a62cd2d0e931957805dd81e2b59e34911e2aa,b18c90ca6037ed1ac43801c1a0a694929f6bed1cd62916eabbeec250a39bd21c,f583ea2cf42b764e8d74eed556b21bda514cb2b80d178b725554b3979db1f9a0,True,-0.0709207320213318,-15.277562229809421,-76.36647363807998,50.05817980436207,423.85684192695254,6.212184384336085,0.9579950904846193,-1.000124066424622,1.8603947162628174,-0.03175286948680878,-0.20756003260612488,-9.036758621013533,-92.1750147739662,-23.100613310784613,3.4434654712677,0.002710585482418537,0.4881739616394043,39.38671615079624,25.24382934213894,-4.271372103697728,0,1,1,1,1
9ada975b5961b510f754a8f3e8a845dec16b6bbcbe98f51d064c6f52e6896fd8,pi_3,upstream,/home/qy/DVGC/JIT/runs/campaign/all_proposers_v1/round_000/proposers/pi_3/tasks/acquire/attempt_0000/result/catalog.json::dense_v1_train_x2.95_family0/variant_15,/home/qy/DVGC/JIT/runs/campaign/all_proposers_v1/round_000/proposers/pi_3,9b6237d0574a5c43e224cdaf27e176b6b699547b484201465bbce703a6110361,ea27c67142d449b4e1bc5b63d6dc9c9e798bd9cb426ed441fbda000846bb91ec,94f2c08665a82b0b16b1e3dc3f0ee043a7d25bc83289b8d45b8949569b084967,True,-0.11143259882926942,-21.61680081737624,-207.51512155202923,62.861215724294645,593.7310231894733,6.487882468689214,0.911180534362793,-1.2225709130444669,1.9907370805740356,-0.03882547840476036,-0.03771446645259857,-9.345479756403524,-53.85234305811498,-19.26034286503953,3.4828555583953857,0.0020044269040226936,0.48949533700942993,39.15351641705908,25.218178566710957,-4.666117771693002,0,1,1,1,1
d8f1a5366d5ff79efb52e63888eff8fc0bc1edb228df13c018c2dabee7815f0e,pi_3,upstream,/home/qy/DVGC/JIT/runs/campaign/all_proposers_v1/round_000/proposers/pi_3/tasks/acquire/attempt_0000/result/catalog.json::dense_v1_train_x2.95_family0/variant_15,/home/qy/DVGC/JIT/runs/campaign/all_proposers_v1/round_000/proposers/pi_3,6e537dc00e4da1b0fc37361dda8a4b9b80c4f6ea88e1fe6523388574bfa29802,672111d172c31db45e9a03efa379fbc1872532b22a9184d85f7ada6daebaa8b3,128a46b53a7f78b774a2b99e612e26eda35961bc1875438f405c1bf7eb566647,True,-0.21718851566314698,-41.93357074888893,-428.36656994910186,95.80612092166339,819.5512839435685,10.08868866060733,0.8097079181671143,-1.6941513140106785,2.2166316509246826,-0.044019944965839386,0.4050549864768982,-11.084948791766413,29.26130563080542,-11.891808429930128,3.568667411804199,0.00040788797196000814,0.505717396736145,35.69802809330125,59.41129400471037,-5.288619691455197,1,1,1,1,1
9e73ad89ab448eec39e44a86c067b314286dd621f5f2fd3e6ed88bf8e7fee51f,pi_3,upstream,/home/qy/DVGC/JIT/runs/campaign/all_proposers_v1/round_000/proposers/pi_3/tasks/acquire/attempt_0000/result/catalog.json::dense_v1_train_x2.95_family0/variant_15,/home/qy/DVGC/JIT/runs/campaign/all_proposers_v1/round_000/proposers/pi_3,6fb2bf7989f9743deaec0b782c8d376093c2cfd585fed5e844cfea823505b5ba,e7c45b221170faa5e7a8e9b2eb96508cac6b0957630c26f9ef2f22c55e84295b,6e57bb84051c4db3e979689bd45778f8d3310c4525452a31cff9db9ef3f8f652,True,-0.21454881906509402,-50.02872802866097,-304.3014292611028,110.46421231450934,630.7518506042363,10.985981685342171,0.833963680267334,-1.9748118602741718,2.098144054412842,-0.041839469224214554,-0.01595199666917324,-13.292056120164332,9.410674765804941,-9.944881790038211,3.6117424964904785,-0.00041043051169253886,0.5105571746826172,31.5823302692754,86.40991847293607,-5.510921239766187,1,1,1,1,1
927ba447700f49a915f4a5553b687070dda3bf92c3cbecf1ccff12141d90e361,pi_3,downstream,/home/qy/DVGC/JIT/runs/campaign/all_proposers_v1/round_000/proposers/pi_3/tasks/acquire/attempt_0000/result/catalog.json::dense_v1_train_x2.95_family0/variant_15,/home/qy/DVGC/JIT/runs/campaign/all_proposers_v1/round_000/proposers/pi_3,808f3772700ac0ff65e96822bc2ba1357ce7c2bd8dedeecc938cb2180d579d7d,369f48aa63a1e43f465444177caf656a4c360409c0f8972b8b046b1d39ebc7e0,3372b149f2ebea7d91602d794369b469f8ae4bad7f59aac38e0dd5a726a3d083,True,-0.22816036224365235,-55.910343941836935,-213.22188120735828,121.34232675650848,454.01106160304835,11.692201167731545,0.8317271804809571,-2.3000013880366974,1.9611105918884277,-0.04053835943341255,-0.508121907711029,-15.716809987785648,11.25092068105043,-8.35581181265171,3.65213680267334,-0.0011869781883433461,0.5059472918510437,28.642026039138706,71.08658714549838,-5.7021425869275175,1,1,1,1,1
b91394c148cd285f6e3400a5039d19c5db92c48962afe1081cc0f2b2c6bebfae,pi_3,downstream,/home/qy/DVGC/JIT/runs/campaign/all_proposers_v1/round_000/proposers/pi_3/tasks/acquire/attempt_0000/result/catalog.json::dense_v1_train_x2.95_family0/variant_15,/home/qy/DVGC/JIT/runs/campaign/all_proposers_v1/round_000/proposers/pi_3,3cf17108bd0c15aa5fd24e287dbcbbc806bc505f72018e5b4f14ed59283a89eb,7324ca4d1eac17d8389e4491e63583e863e37468bc2c225082278c4826ba89e1,3fedf9666106c00728766a357ff128c37b3fda549978813dd34da7f989d6b8e5,True,-0.24759788990020754,-60.0332578607209,-138.16920811650857,129.0098288168731,312.9092981060164,12.36460661832601,0.8300404930114746,-2.6640723680244256,1.8440155982971191,-0.041172560304403305,-0.982308566570282,-18.009129048721356,12.632713200147261,-7.160999137178564,3.6899607181549072,-0.001952772494405508,0.4915016293525696,17.708680979963543,28.647237473475425,-5.848332606042907,1,1,1,1,1
115c2245e8305806ec6ff924f20e644a952245e175716f2bdb66ae495877a629,pi_3,downstream,/home/qy/DVGC/JIT/runs/campaign/all_proposers_v1/round_000/proposers/pi_3/tasks/acquire/attempt_0000/result/catalog.json::dense_v1_train_x2.95_family0/variant_15,/home/qy/DVGC/JIT/runs/campaign/all_proposers_v1/round_000/proposers/pi_3,998519b66e3d6c19f81fc47dd3b6924bb84576e5840efa31dfa35e05f127ce1a,ae810ef0dc8252f4beaf34fe0f28bf4ce8972742cb7225b947236bc9ce0b2427,7c2acf89e0ea5074a6bc8a9cc4710c8af50b7ee31dc1084e5acc71a3dae06277,True,-0.2550794529914856,-62.825200136801165,-82.4258076583651,134.2153072286366,207.94771841330115,13.047737035929098,0.8275317573547364,-3.077262307097328,1.7533527612686157,-0.043382998555898666,-1.4008557796478271,-19.99282771955733,14.676193101693771,-6.482148770005112,3.725698471069336,-0.0027484439779073,0.4680878520011902,14.332412605294104,64.1995571412128,-6.005432908485432,1,1,1,1,1
29c546fac5d0f9cf0f3a4097545931b7d867d26b4d079c4133b76d9300d79535,pi_3,downstream,/home/qy/DVGC/JIT/runs/campaign/all_proposers_v1/round_000/proposers/pi_3/tasks/acquire/attempt_0000/result/catalog.json::dense_v1_train_x2.95_family0/variant_15,/home/qy/DVGC/JIT/runs/campaign/all_proposers_v1/round_000/proposers/pi_3,5cb5114d93536b64cb2232768635e7b5a667e132aebc1a5bdc8e2622ae540c9d,74be94a8196afe8a3ef5824d7421fb5916493a2a257dd92bfafccf77682afaae,ed79648b36a4d6101453ed5da58ca7509321b8b7b9e65db320af3d4452e9bd08,True,-0.13942830801010134,-62.55848807990134,149.2712708010141,139.6328766745073,79.34516011625756,12.480459561081476,0.9494489669799806,-3.9819729243665973,1.678933024406433,-0.060975104570388794,-2.1787779331207275,-22.83889582971536,-85.09329705757855,-5.280657877070985,3.7935149669647217,-0.004720380995422602,0.396586537361145,13.567422026742568,-2.9918247739329233,-6.1976647947815104,1,1,1,1,1
87a4d48d80305de4d3f5f8f94223f89c89f0cc327e939422d666d95cdb8b1bbf,pi_3,downstream,/home/qy/DVGC/JIT/runs/campaign/all_proposers_v1/round_000/proposers/pi_3/tasks/acquire/attempt_0000/result/catalog.json::dense_v1_train_x2.95_family0/variant_15,/home/qy/DVGC/JIT/runs/campaign/all_proposers_v1/round_000/proposers/pi_3,e0a477b612f6e92cbb94823dc7b5d97ff618b7ab70caa8f6463157c462078aac,21a20081eea0161ce52acbd916c30abd51d94c809352758dd538e43c08fcef42,1949314746e39ab3f5af98f94ee7651e74f4cd9f5f7918a4fdd3c6450c95a778,True,-0.09989535212516786,-58.605850777025786,221.68301026814336,140.8810527641921,49.41036026724845,10.33373600418265,0.9905437660217286,-4.434372525271164,1.6712241172790527,-0.06770651042461395,-2.4605307579040527,-23.508078491005477,-118.74756521157732,-3.5311954211787215,3.8269190788269043,-0.006013070233166218,0.34997764229774475,15.380373652291038,-26.178684164027757,-6.1336009389199795,1,1,1,1,1
3d514b37a14213f6469b6a9cd7893182d4ea5e113506333e29da39d496d92193,pi_3,upstream,/home/qy/DVGC/JIT/runs/campaign/all_proposers_v1/round_000/proposers/pi_3/tasks/acquire/attempt_0000/result/catalog.json::dense_v1_train_x2.95_family1/variant_1,/home/qy/DVGC/JIT/runs/campaign/all_proposers_v1/round_000/proposers/pi_3,31dd4b1776c42267848bcc83a2c376ec9e153a6881f114013f90e8541ec202ab,17787d76f23cb7b3b2a20ce66876c78b704890bc7ce18fe63bd4a62d55c04533,6425f795c4712748c33bef15db2a98896f3e2a66437cce93dc01229d07bd623a,True,1.0503757095336914,-64.0718667546794,409.9477900596252,124.43233165777893,-586.5667011652636,-0.2669629516444266,0.2554504895210266,0.6052651030249174,1.0118823051452637,0.05207007750868797,0.09475591778755188,9.737785331761547,39.9512517762653,26.221878280338917,2.8467636108398438,0.004712866153568029,0.11728071421384811,5.08857844345824,17.53113192003635,2.803784584520143,1,1,1,1,1
3f6d252a56e9a65b7482345557f19ce7787cb0e74053842a54568272a8b1d5d0,pi_3,upstream,/home/qy/DVGC/JIT/runs/campaign/all_proposers_v1/round_000/proposers/pi_3/tasks/acquire/attempt_0000/result/catalog.json::dense_v1_train_x2.95_family1/variant_1,/home/qy/DVGC/JIT/runs/campaign/all_proposers_v1/round_000/proposers/pi_3,59f64f65448f5e3090e60098fae6f1f389672c4a9a6a42fb1df47934ac8470f4,3bec05a28d99127c2c7414fc2166f904493adb2c63b271cf5a8f9b775f3f77c2,038b03bf96d710df8215b0274c0c9afc4c14091a1ef34cf4caf4ac95c3bee8d5,True,-1.1209886741638184,-46.86148393316143,-225.34864985228413,68.63760232802281,-1306.0092138402758,14.839646292171642,-1.0087174129486085,0.9957853849702089,0.7512788772583008,-0.04771419242024422,1.8730777502059937,0.1324280565377178,708.846703611788,-3.3457775564408547,2.8839755058288574,0.0051300181075930595,0.15914086997509003,3.7337869428109394,9.487045672235794,3.451327984911991,1,1,1,1,1
ce7225b7cbb9e96b5869c386241eb0b233a456cf55b8b82524088ed77c23a14a,pi_3,upstream,/home/qy/DVGC/JIT/runs/campaign/all_proposers_v1/round_000/proposers/pi_3/tasks/acquire/attempt_0000/result/catalog.json::dense_v1_train_x2.95_family1/variant_1,/home/qy/DVGC/JIT/runs/campaign/all_proposers_v1/round_000/proposers/pi_3,53079536187cd8b363771f2ae13a9036833e835de439710b3051a6e902ee8756,9b89841cc42e0831d457b1606bca906c7178977610c3376d2d129ce8f9ae399d,9ee79e2696daf919f57acb9a0f2c06e14b9d3c8c10760a2aa205af704e8aa45c,True,-0.3941581535339356,-60.23358730907738,-271.6362408008136,47.344125590482044,344.88234251657326,34.49649179569742,-0.23309168338775638,1.189542135656108,1.6518542766571045,-0.010705513879656792,3.1381664276123047,7.272143390447596,73.97475995679495,-13.170859535984334,2.932987928390503,0.004102235659956932,0.27196717262268066,7.127829604134866,-79.13329447839294,3.6900134460743548,1,1,1,1,1
410bcbb7e9cd3c8d27b8ee4bf06fcbaf837b96055a5938651ee7d17819c0d1f9,pi_3,upstream,/home/qy/DVGC/JIT/runs/campaign/all_proposers_v1/round_000/proposers/pi_3/tasks/acquire/attempt_0000/result/catalog.json::dense_v1_train_x2.95_family1/variant_1,/home/qy/DVGC/JIT/runs/campaign/all_proposers_v1/round_000/proposers/pi_3,7134343987343034747aaa7049e40a6141fac2d7517affdeefc29d6fa24ab83f,9fb7c65f214684bdfa977a25d4f63c648900afadd855f8eea7053b65ad5ed863,c7e2ae58309ec23178c0c25a737b9f6a8701282cf4c708a32d0283c67fbe8c19,True,-0.19495527982711794,-65.25854382107742,-37.20761942818454,73.95580618184817,274.8095466892015,27.11492797368761,0.34550784111022953,0.9658511108328953,1.6411614418029785,-0.01522757951170206,2.5715832710266113,4.5028700853357835,-88.84731245939014,-13.199163839904868,3.004774570465088,0.0037026924546808004,0.3949221074581146,33.65466088987604,-71.3496109002464,2.5937583018984665,1,1,1,1,1
fd7e307b2596ac3ac31061abe0fc8e9fdec3a092371678408d6d31e0328d5dba,pi_3,upstream,/home/qy/DVGC/JIT/runs/campaign/all_proposers_v1/round_000/proposers/pi_3/tasks/acquire/attempt_0000/result/catalog.json::dense_v1_train_x2.95_family1/variant_1,/home/qy/DVGC/JIT/runs/campaign/all_proposers_v1/round_000/proposers/pi_3,60b7f8c6fdda6e0d1f405c1ab0f508357f0259b3d8d7642a841d7ab7c047f891,c4895e378ca5cd40c75a521c119f6ad9547017ab45ca7d8279ec43d370d1de16,883b3d725e240efef6dc88c0b5890f8c41f90bbb3dcb33f880622527a9ec9d55,True,-0.28086013317108155,-62.75011586725522,154.96509407805516,72.10366378461582,-285.8997248445512,25.91883257366197,0.2395289969444275,0.9194177006949822,1.4001470804214478,-0.010348247364163399,1.6053221225738525,3.8222682015270464,-2.0821761248458057,-10.692190716375878,3.034431219100952,0.003471329575404525,0.4333671033382416,34.88172827993093,-29.83740476653932,2.296819353071736,1,1,1,1,1
eebbe1af1d5fcd418d67472214e242c636be5f21b686b7fab2004e0f5773f614,pi_3,upstream,/home/qy/DVGC/JIT/runs/campaign/all_proposers_v1/round_000/proposers/pi_3/tasks/acquire/attempt_0000/result/catalog.json::dense_v1_train_x2.95_family1/variant_1,/home/qy/DVGC/JIT/runs/campaign/all_proposers_v1/round_000/proposers/pi_3,817bf89d9f52173615275b75a68a549d086d9c747a62b2ee33d13aee86574a5a,0cbbd46c7724ddfdfb3ed7bb5df6ff79708eff27ae5be17782fce5eab6aae871,a4c62402f9dd812e570a41c010528c14ef3a06a31624a0040f7e2e0039ee58e0,True,-0.15148484230041506,-48.28398352593789,443.64493814123335,46.44712026187886,-551.3364761433111,25.139132949578322,0.6375201988220216,0.8637080643682504,1.314324975013733,-0.0048034414649009705,0.9155459403991699,5.147413266081907,-129.30013917735533,-15.025772428698778,3.084592342376709,0.0032135334331542253,0.47296571731567383,35.5302171755832,13.593178670102684,1.7838557340308545,1,1,1,1,1
b5bdb2ace2c5d4b69e994741f42f741ecd09fe232833ac45110dbc5b86bb21f0,pi_3,upstream,/home/qy/DVGC/JIT/runs/campaign/all_proposers_v1/round_000/proposers/pi_3/tasks/acquire/attempt_0000/result/catalog.json::dense_v1_train_x2.95_family1/variant_1,/home/qy/DVGC/JIT/runs/campaign/all_proposers_v1/round_000/proposers/pi_3,20bfdd447eee6d392cfbe1e5c35a8d23af70d91a3a92d64edb7961079a2e9389,7ad83bff2e2634bc612b994c739ec9068177cb7e65ea5dcabf321c0d851a1ce2,eba35427e9fa9ac5136a5e09c1d92df3634a7a1a8afd27a4040ce8cd00a6091f,True,-0.06404344260692597,-28.383003067697018,525.6088474267872,24.5412829143006,-504.87058993668757,18.04839468486337,0.7499794483184815,0.728571706008011,1.3822396993637085,-0.003381664166226983,0.7594423890113831,4.173205028629594,-221.37162194388247,-21.363885742599837,3.137968063354492,0.003059052163735032,0.5056392550468445,38.05414624372675,-29.36878548758474,0.8813766648252974,1,1,1,1,1
33595fc292d8646adf41e524c316f106a917e91e331953b94ba45a85842ea6d6,pi_3,upstream,/home/qy/DVGC/JIT/runs/campaign/all_proposers_v1/round_000/proposers/pi_3/tasks/acquire/attempt_0000/result/catalog.json::dense_v1_train_x2.95_family1/variant_1,/home/qy/DVGC/JIT/runs/campaign/all_proposers_v1/round_000/proposers/pi_3,26beda7da15d5062c9d698307eb6a05b47647bbbf21f283e58ee8bbb138ae76b,c3ee5eda8a90c2a5b804ae930937af9783d2046630c6a0784a6a79030931ddc6,162bce0f74eee07b9a7754c266286bdb9de1fa056d2f412a07706a366eee4a42,True,-0.11262117743492127,-13.327813868016642,340.44072514082734,10.21645181898521,-269.33427580522255,11.638653467123333,0.6858664989471436,0.5846461612790567,1.5014047622680664,-0.006440805271267891,0.8039012551307678,1.65008416396393,-168.81096669555987,-25.076539226345112,3.1955041885375977,0.0028468233067542315,0.5387216210365295,39.826153446521936,7.963437935401988,-0.14541071506804928,1,1,1,1,1
d5bcfb9091bfda7ad5740e4905400b8b0d0840d9e3b006ef2e71e1e6638044b6,pi_3,upstream,/home/qy/DVGC/JIT/runs/campaign/all_proposers_v1/round_000/proposers/pi_3/tasks/acquire/attempt_0000/result/catalog.json::dense_v1_train_x2.95_family1/variant_1,/home/qy/DVGC/JIT/runs/campaign/all_proposers_v1/round_000/proposers/pi_3,18088a1a4be4fc9e668eb3a0dabc25df235fda0657afdef01b92df2f9bb9dc8b,53b029f49fdcf786f79f606a2ff6e71554d8cc29bab51e03d169024a91d066a9,ce52f43a857e2bb3a911bfdfc03eda36f1fa55b1282a774c9cab32b71c9c1950,True,-0.09323723077774049,-9.272888505904628,336.66718222817866,8.460992457001675,-209.33876840004427,9.043026477648995,0.7121247100830079,0.5048419362216003,1.5527602434158325,-0.008035565726459026,0.7262217402458191,0.3151944471758709,-190.30197933408655,-27.597777199955672,3.2266879081726074,0.0026818367186933756,0.5553674697875977,40.12877863807769,13.237728795506051,-0.6944452461359993,1,1,1,1,1
17ac430e851361c4060715ec4ae9aea72fd00bad7d0a541ac66fbc37838fc32d,pi_3,upstream,/home/qy/DVGC/JIT/runs/campaign/all_proposers_v1/round_000/proposers/pi_3/tasks/acquire/attempt_0000/result/catalog.json::dense_v1_train_x2.95_family1/variant_1,/home/qy/DVGC/JIT/runs/campaign/all_proposers_v1/round_000/proposers/pi_3,abe9fd34b09dab94f0174166bd7e3e5962dcce7546f32ef2df75363aecedaa3b,1d9ab071a02e559703149c07d0051ea7301794a8f14e2e8f62e67e0455ccc871,170e463fb975018a81bb140a5df3318ad983af0a0a343d7988e5600bd3f04e49,True,-0.16898746252059937,-4.298521924426403,160.5684993108636,8.383608121252724,-60.39763479256274,4.989719162086234,0.6118662071228028,0.3250723256723108,1.6224673986434937,-0.014328276738524437,0.6941166520118713,-2.30786649247736,-108.18318184872437,-28.325930006992394,3.2911946773529053,0.002190713072195649,0.5860101580619812,41.0679398942382,19.51525064750628,-1.8300725613908067,1,1,1,1,1
14c8a575464fbf5b8d1ecf2a0c53a7cd630063c12325494673191d905dc82203,pi_3,upstream,/home/qy/DVGC/JIT/runs/campaign/all_proposers_v1/round_000/proposers/pi_3/tasks/acquire/attempt_0000/result/catalog.json::dense_v1_train_x2.95_family1/variant_1,/home/qy/DVGC/JIT/runs/campaign/all_proposers_v1/round_000/proposers/pi_3,5ba5a41f327dfafa8e81d905972c317098485874976d5ae5676a65e8b66b4035,2a1fc7f0e9bb82885844f2103ebb021d33c7b2473541d04fd4e967bcbebf615d,1d0ab57c39e46b7c204a981790f36248bee014e984654728d8a3a85f2fe55ae2,True,-0.19962154150009156,-2.6929102960871893,117.43958398551989,10.124803486928332,-28.538536720381966,2.904442943787972,0.5857628059387208,0.12040630971894989,1.6645525693893433,-0.01878519169986248,0.560440719127655,-4.193594423962551,-86.7718365366767,-29.584110616263978,3.3571865558624268,0.001499873585999012,0.6122385263442993,40.74272385200263,38.67436840149893,-2.9509144420903617,1,1,1,1,1
b9db4bb390a931b44f89c93a554e268eaac2e1a55d4ac6b4bcd71d2b26a2e860,pi_3,upstream,/home/qy/DVGC/JIT/runs/campaign/all_proposers_v1/round_000/proposers/pi_3/tasks/acquire/attempt_0000/result/catalog.json::dense_v1_train_x2.95_family1/variant_1,/home/qy/DVGC/JIT/runs/campaign/all_proposers_v1/round_000/proposers/pi_3,e5afaa7e126561251a8e7b35e6eba9567874b228e26ea36ef624f7b1b15bca75,57e93b21497bbce6a9b7775f6072a136a427f86a3b0cdea014ae250214a06056,f5d66933c444fecdc1888fc1ca2784ab73c3ea0d92a9ea288ce72cbb9aab7178,True,-0.19495668172836306,-3.369003614713483,141.5434035287649,12.647421158751238,-45.30634548179791,2.379566758116549,0.6018827342987061,0.004184923491693829,1.6832756996154785,-0.020914243534207344,0.471375972032547,-4.934893637604253,-99.9793869951087,-30.409952203904805,3.3911731243133545,0.001063918462023139,0.6241103410720825,40.486868380788536,37.71537910617788,-3.518796803352578,1,1,1,1,1
e96ab704fc4af5a8b470692a83c973da03dc4736103f78a4dbe239a42463a5df,pi_3,upstream,/home/qy/DVGC/JIT/runs/campaign/all_proposers_v1/round_000/proposers/pi_3/tasks/acquire/attempt_0000/result/catalog.json::dense_v1_train_x2.95_family1/variant_1,/home/qy/DVGC/JIT/runs/campaign/all_proposers_v1/round_000/proposers/pi_3,56c5d048a38ae564aabd01610265312b44650b44a91668db363d3c249212a091,32accf2126153cbed674cb4492e7f030322efde3f5484cb97652f47bbee15e2f,100428e099191e103a6386b68fea98aa4fa3f73abe8a7278a796644f477b9b23,True,-0.261011381149292,-4.853107671822051,3.840076212240562,15.844266440339965,74.6464202692065,2.222407650256406,0.5257413053512574,-0.1218367041373907,1.724090814590454,-0.02482597343623638,0.5094650387763977,-5.4394435535745025,-37.63459504376955,-29.348943788045855,3.425698757171631,0.0005703030619770288,0.6355019211769104,40.31587801001185,41.43652080751418,-4.087751717274404,1,1,1,1,1
15ca3a9f4bcc915c391e973af1abc76ab5c7837265eb73995e916fc20a85478c,pi_3,upstream,/home/qy/DVGC/JIT/runs/campaign/all_proposers_v1/round_000/proposers/pi_3/tasks/acquire/attempt_0000/result/catalog.json::dense_v1_train_x2.95_family1/variant_1,/home/qy/DVGC/JIT/runs/campaign/all_proposers_v1/round_000/proposers/pi_3,3ffc5906bb55be65761cb4be3408cce51fb40be0ce2e7c576954f24097233701,36e2cdfa20d7ca605b071c4d5fc64bcc4153533633052d8ef1cd1859f900bdd1,f71144fa65f79d7517d29824589d41b2297a4f7dcba437fbeaccfde846b8430b,True,-0.2217088294029236,-7.764978251330805,93.49936796346417,21.973280342990254,24.552021679223152,1.924738333463088,0.5909904289245606,-0.3930131300014783,1.7542310953140259,-0.028967633843421936,0.2341221123933792,-6.256560001437461,-91.02080159669325,-30.703452262729424,3.4956612586975098,-0.0005350220017135143,0.65335613489151,40.02018887555824,37.928163404485865,-5.225240708194219,1,1,1,1,1
cce523dac1ee37522868b0a51e4cf44b0a4e36d3fb982bebacdd049779ff5382,pi_3,upstream,/home/qy/DVGC/JIT/runs/campaign/all_proposers_v1/round_000/proposers/pi_3/tasks/acquire/attempt_0000/result/catalog.json::dense_v1_train_x2.95_family1/variant_1,/home/qy/DVGC/JIT/runs/campaign/all_proposers_v1/round_000/proposers/pi_3,489da17040ad422dd2e0ee8f725ca1ce5056b861c618990c22ff1a0c0f7d2a55,e3b4db5f7f3c64fea96901163fcc21880edb01bfd600802ca2ce4bc451fcbc6d,9937b2408b246704f0577c72b3dac5a4e742bab56587c5f42f9cef8b066ff0ce,True,-0.2567055416107178,-10.94200573904274,-24.29278184927532,27.772042646439377,181.7720839287378,2.0356593049438274,0.553576889038086,-0.5413489973882494,1.8201719522476196,-0.03562227264046669,0.28367191553115845,-6.620382834182884,-60.35874369542869,-29.926084527628177,3.5320706367492676,-0.0012273790780454874,0.6616432666778564,40.00524100655967,36.50518228337292,-5.799943258363851,1,1,1,1,1
4ed1fd3b24bd3b6b18e4678fb3fd1eb7c2a24ab74d805bee8ea700decbdaacee,pi_3,upstream,/home/qy/DVGC/JIT/runs/campaign/all_proposers_v1/round_000/proposers/pi_3/tasks/acquire/attempt_0000/result/catalog.json::dense_v1_train_x2.95_family1/variant_1,/home/qy/DVGC/JIT/runs/campaign/all_proposers_v1/round_000/proposers/pi_3,eb5eddef57d4450e3f78c64ab9ec74d3bde6b02e31e5abb4f2a0af9259022f9c,301d820177a111fa0db800e4b65935c5970c1555817d6bb385f4cb2c113a674d,9e3841d05dcc1be56fa8250c6e193146f2b28f5c3e5797a1a28a3a9c2e3a31a2,True,-0.24846363067626956,-18.028712908619074,-55.79922017913541,40.311093462498256,283.14661219390246,2.398619762868975,0.574157600402832,-0.847042373629875,1.8859325647354126,-0.045140236616134644,0.11668160557746887,-6.826881650907172,-77.24803932406437,-28.03682175980409,3.6060051918029785,-0.0027765713166445494,0.6739155650138855,39.87461363868317,33.85453954574729,-6.882839995389639,1,1,1,1,1
4109bc3331663bc873b3ea08d4cc51022a1d144badfee73f5f2f7f0e1f61e927,pi_3,upstream,/home/qy/DVGC/JIT/runs/campaign/all_proposers_v1/round_000/proposers/pi_3/tasks/acquire/attempt_0000/result/catalog.json::dense_v1_train_x2.95_family1/variant_1,/home/qy/DVGC/JIT/runs/campaign/all_proposers_v1/round_000/proposers/pi_3,1a5108af8e8f39e84d7ecad7b46a3769620754cacc308b7be4d4284e2866a3d3,36db40f4ef9263ccca3012c460157bf70f665afd9d1e7f5d7240811450d67e7a,ce8d911e2bfbacdb6a5f6168d80b827adffa0abaa83b9abcfd5dd4d78a30df1e,True,-0.3237420225143433,-24.50373736443304,-228.42198909197975,50.32517872920703,439.5273722604695,3.380038054610502,0.48426475524902346,-1.0050152290396333,1.9275035858154297,-0.04846643656492233,0.2406163215637207,-6.602116773908155,-3.645865759606773,-24.029669302068086,3.6444475650787354,-0.003697712905704975,0.6813833117485046,39.449670004376244,35.33409170866087,-7.3782712976936615,1,1,1,1,1
a6c26ad6994e718abd557f8b1529a2a8ebdd404c16c884aa25cd10a50be3decd,pi_3,upstream,/home/qy/DVGC/JIT/runs/campaign/all_proposers_v1/round_000/proposers/pi_3/tasks/acquire/attempt_0000/result/catalog.json::dense_v1_train_x2.95_family1/variant_1,/home/qy/DVGC/JIT/runs/campaign/all_proposers_v1/round_000/proposers/pi_3,d9664731c55f16fd3cbc60a746ddc3d508d79504bc9955fbd143611bc5371f10,5b3b083ace7c816f16f242a317e7ad9ab9e4e65c8000f9b64fd08513c6d291c2,5e4bf5c1ec5303286de12dca1f49982499ecfc3cd1f181dbc0a6eeda3093b24e,True,-0.3913939046859742,-33.06208733786408,-342.3508012025997,61.45660781204903,492.0986826038973,5.506018096933557,0.40374131679534914,-1.1667347916997453,1.929784893989563,-0.0463569201529026,0.2941685616970062,-6.2083141064614304,62.26897002136284,-19.87158332405314,3.6830780506134033,-0.0045979819260537624,0.6900892853736877,39.017547841251634,32.2382162597988,-7.822040960755145,1,1,1,1,1
d5c254aacce540c43f6724020cfb5ec365cfb149ef0df6f2c99e16005158cd1d,pi_3,upstream,/home/qy/DVGC/JIT/runs/campaign/all_proposers_v1/round_000/proposers/pi_3/tasks/acquire/attempt_0000/result/catalog.json::dense_v1_train_x2.95_family1/variant_1,/home/qy/DVGC/JIT/runs/campaign/all_proposers_v1/round_000/proposers/pi_3,f31efe937fd5c489868496fadd09a4b03fc71297946ab2d288ede1902ae46efe,5f0d562a1de79bf84ee8d621b43d7fe140559f6b00de8dbdab20ca015086766f,783e5abbb88693570413ee3397c7d01a3781d92f48656ecd82129f182c0fc1f2,True,-0.26332356691360476,-51.324954499156824,-292.9653916163893,89.66854708443579,755.0379069307503,7.938975394974518,0.5918329048156739,-1.5359020605267844,2.088770627975464,-0.06176991015672684,0.5387872457504272,-8.169547431343585,-91.68421104058743,-18.420253502790054,3.763593912124634,-0.006609595846384764,0.7138620615005493,34.48519823257126,62.43302433503737,-8.570968565115232,1,1,1,1,1
24e14dde6a0af72f5c5ca1db84341916d4a641ee3e0abd0a652d23687b7956f2,pi_3,upstream,/home/qy/DVGC/JIT/runs/campaign/all_proposers_v1/round_000/proposers/pi_3/tasks/acquire/attempt_0000/result/catalog.json::dense_v1_train_x2.95_family1/variant_1,/home/qy/DVGC/JIT/runs/campaign/all_proposers_v1/round_000/proposers/pi_3,0f121c4079f2d3e0c674ad305da8b16a8c374e2ace4091717440ab64a9cbb772,9837b9feb8ca5dc8316fbdadbd0dba6185b90675def541691ad661fc6fce1917,fdc0e63e50a0abda59d6bd37e427de2096feba5c6ea8a94709addee87ea94186,True,-0.224744930267334,-57.080618308943166,-208.30620772207843,104.8246890413699,699.0914995900956,5.977708528568601,0.6458440876007081,-1.7624461016311064,2.0797293186187744,-0.06395233422517776,0.36917391419410706,-11.066059049843096,-135.9224856909246,-16.745024957892074,3.8053014278411865,-0.007825206965208054,0.7245803475379944,32.103494193514884,58.104050439083295,-8.850560527887183,1,1,1,1,1
63fbc672abe2c4aaf002e07a586d21156cf4826923cc9baa91b5ed7e3a6811df,pi_3,downstream,/home/qy/DVGC/JIT/runs/campaign/all_proposers_v1/round_000/proposers/pi_3/tasks/acquire/attempt_0000/result/catalog.json::dense_v1_train_x2.95_family1/variant_1,/home/qy/DVGC/JIT/runs/campaign/all_proposers_v1/round_000/proposers/pi_3,28a24e69296686d268570b4379d4b5437d5ded3fd754211912f3fd36f3dad83f,d6c5b950df943966f0f4d8e01430bea6febd9ed71b5040e491745c97c282a610,c47137e03fd4ea4f511551b3fabc39d302cd93435867380b53b24d424f970815,True,-0.2529231286048889,-61.29492357401649,-149.00836315948197,117.11514999994428,524.6890121908832,3.936689046659922,0.6184010696411133,-2.0326496507172367,2.0030176639556885,-0.06226000934839249,-0.07665901631116867,-13.961090224840007,-113.49330558876161,-14.596040831783672,3.845860481262207,-0.009018846787512302,0.7282277941703796,30.37968080550331,45.65098999712758,-9.080986893724866,1,1,1,1,1
0da156d6c68e47b6ad07e7851d340ec661f17ee80732f50085915e9e6e32aade,pi_3,downstream,/home/qy/DVGC/JIT/runs/campaign/all_proposers_v1/round_000/proposers/pi_3/tasks/acquire/attempt_0000/result/catalog.json::dense_v1_train_x2.95_family1/variant_1,/home/qy/DVGC/JIT/runs/campaign/all_proposers_v1/round_000/proposers/pi_3,16f0fa2ac83525d646dda2a8f3d936d38d3c0583c9727ed3bd36972f2c512ece,2edfda696ab37dbbece6c868aa6d66516d1c401043ac6b6b20c53dae02e56711,4d457e15572b820ded131b60afeb2ecef2d317f378bae78a14f47d453405bde8,True,-0.3824022769927979,-64.05554943275224,-89.54097964130746,123.18108198296763,111.09172228412592,3.172234148982547,0.48179196834564214,-2.3316628146745813,1.8095550537109375,-0.058656152337789536,-1.091964602470398,-14.571885867783921,-1.6708789950571512,-11.932586366822397,3.8835976123809814,-0.010157478973269463,0.716383695602417,17.900672474890722,-28.160939957401563,-9.271523903589816,1,1,1,1,1
a47a186c5c160a28409e5297aac542401eb90c9a390cc9cfa93dcbc9cc5a20de,pi_3,downstream,/home/qy/DVGC/JIT/runs/campaign/all_proposers_v1/round_000/proposers/pi_3/tasks/acquire/attempt_0000/result/catalog.json::dense_v1_train_x2.95_family1/variant_1,/home/qy/DVGC/JIT/runs/campaign/all_proposers_v1/round_000/proposers/pi_3,1967c682aa3765d3bfcc4284cbf8cdbb44461e302c1776c77a3868bacda2df64,aa8f312433b0478aa8e718cf0edd4809a35e7a33628d072c41592673c0d667c3,c901f788df0e05181831d920a97b8e4ec7cd0baa3fcadf0b859f2c6cde4dc390,True,-0.3134040689468384,-67.70427746850807,-28.19145041242401,129.0344994601552,164.46808653445564,2.578043665832413,0.8530391502380372,-2.9728532847443323,1.8553290367126465,-0.06447407603263855,-1.4005553722381592,-16.663856697342936,-66.46091666218813,-13.129813514167143,3.95644211769104,-0.012456062249839306,0.6680809855461121,7.654275399036885,80.35822743433219,-9.703627973508201,1,1,1,1,1
642a5ffa4b437ebca46efab4eb9f378c1782b858027ed4034c4fc03ab4301fd1,pi_3,downstream,/home/qy/DVGC/JIT/runs/campaign/all_proposers_v1/round_000/proposers/pi_3/tasks/acquire/attempt_0000/result/catalog.json::dense_v1_train_x2.95_family1/variant_1,/home/qy/DVGC/JIT/runs/campaign/all_proposers_v1/round_000/proposers/pi_3,b123630c1f1184ad499d5375be44b89e01a8512c347dc366650e14cd60487abb,b13395ad9fd2c760297cde4cb4403e4f29dc03801802b53e0862cd9ce9a5419e,85a078356edde69fd1964ec4c68bbd893272f0a0559b1bb91f2faf48b3777051,True,-0.3451154756546021,-68.57826847470291,-8.256025310198762,131.1064783260136,57.545361455543755,1.9161592456695296,0.8216208076477052,-3.317970535380282,1.813293218612671,-0.06887141615152359,-1.8236788511276245,-17.04553620589971,-40.73830813470421,-12.549727255505251,3.992764711380005,-0.013716130517423153,0.6358929872512817,6.781958642962352,33.79787629639287,-9.913227977577284,1,1,1,1,1
f5cd723910870c390e3e026409935643f9ef4f06ccdee8cb19d2d26f5608b2b6,pi_3,downstream,/home/qy/DVGC/JIT/runs/campaign/all_proposers_v1/round_000/proposers/pi_3/tasks/acquire/attempt_0000/result/catalog.json::dense_v1_train_x2.95_family1/variant_1,/home/qy/DVGC/JIT/runs/campaign/all_proposers_v1/round_000/proposers/pi_3,cc1768cc976e50a8db513a2131d04cd65435adfcdfa5f253eb94e9a6b199e911,b37bb35cf50e79360458a2492d219d4c82c06111cec5f7d02ca5520afbd91afa,c5ddc7a8ed8073c7d583e99a1890513bcbd42dda5f9c8bb50d59f59a7f0cc39d,True,-0.2935109233856201,-69.2387341070648,5.674767476143537,133.47939532670273,146.7405627701193,0.985931470937027,0.873903045654297,-3.676455502585469,1.8575185537338257,-0.0677650198340416,-1.8350576162338257,-18.41969171973082,-83.56403136279104,-12.992331197684894,4.029274940490723,-0.01498030498623848,0.6004090309143066,6.565572273640824,13.732034708381752,-10.107096415754262,1,1,1,1,1
3f15545b7f4bab509beaecd8a7f45e11fc8be11354b4deaa8187ad101d4ccf64,pi_3,downstream,/home/qy/DVGC/JIT/runs/campaign/all_proposers_v1/round_000/proposers/pi_3/tasks/acquire/attempt_0000/result/catalog.json::dense_v1_train_x2.95_family1/variant_1,/home/qy/DVGC/JIT/runs/campaign/all_proposers_v1/round_000/proposers/pi_3,d1771dce0959b3ca1ae7198e1a94832d535f9f6f7d8a785d911cc7d4ca85b154,8583fb91c574aa75b66cb0ecbde969c9886a5614bdfbc56320b672c6b4770172,e5b7c3e8e69f5a32dc8286372289950c99ff7f8290a57ed737a7ee0fe9a196d6,True,-0.3211111545562744,-69.68537383727028,22.886432238791354,135.32107387412663,52.33449060943055,-0.4265028530153942,1.0693049144744875,-4.41398090345161,1.8248118162155151,-0.07434437423944473,-2.4267733097076416,-18.749791347222953,-60.987360155690816,-12.651684904340618,4.101390838623047,-0.017764968797564507,0.5113288164138794,7.14900916697743,-10.141678323046495,-10.502216399682368,1,1,1,1,1
406456f1b4e02de30d50f5cfc7c868f8fdd20ec001984d753548ee5f4a087366,pi_3,downstream,/home/qy/DVGC/JIT/runs/campaign/all_proposers_v1/round_000/proposers/pi_3/tasks/acquire/attempt_0000/result/catalog.json::dense_v1_train_x2.95_family1/variant_1,/home/qy/DVGC/JIT/runs/campaign/all_proposers_v1/round_000/proposers/pi_3,ba312fd2c32b5df5801de68bb83093e6b97e1e792d38e1ace4c272f0a9cdb5ea,882051f70a9dfcb8e08d6dc55000220609f4bca6a7d62564d6fa15f981b936cf,4ed601460851182dc0a2fc0ccc77e4398bfaba649a173b05bb087fc43017f829,True,-0.362464771270752,-69.62974194648052,30.48293277518639,135.07596570557155,-54.45839940354855,-0.8998285571825306,1.0274816608428956,-4.779409910486674,1.786182165145874,-0.0839366763830185,-2.8510117530822754,-18.073687996756316,-26.751653365574494,-12.361179029693403,4.137105941772461,-0.019278960302472115,0.45837920904159546,7.299195208429078,-0.7464056338199322,-10.7104001768164,1,1,1,1,1
aa5fbb7940d69ec0be3cbe0ef3dd45a2ba21647cf5f4bfab74a4393b26b6f7a1,pi_3,downstream,/home/qy/DVGC/JIT/runs/campaign/all_proposers_v1/round_000/proposers/pi_3/tasks/acquire/attempt_0000/result/catalog.json::dense_v1_train_x2.95_family1/variant_1,/home/qy/DVGC/JIT/runs/campaign/all_proposers_v1/round_000/proposers/pi_3,dddd8eff383af2de0d6682ebba46f4b8de74a217c842da4c749692777648f745,f8a14502c0f983c1b61f2b2b2f45000725c8b556bacc85958c7db2708d8737fc,f6b7acaba9f3b3afd8b0ab7a99382dd176cb65e9180de0cbe76b508fe4983c71,True,-0.3650648307800293,-69.13941632634365,47.06637253278889,133.44255328631968,-91.67100828492178,-1.6702582329057774,1.157197780609131,-5.479481968962499,1.7823268175125122,-0.09102711826562881,-3.323873281478882,-17.038890431837288,-23.499542462090254,-12.677010392009379,4.2083001136779785,-0.022453591227531433,0.3382892906665802,11.310592628734247,-28.921599342245667,-11.154954752202393,1,1,1,1,1
95f065f4717c512d0c586bee10fa5fb47530ffef753c6ce46df5d510a81ff37d,pi_3,upstream,/home/qy/DVGC/JIT/runs/campaign/all_proposers_v1/round_000/proposers/pi_3/tasks/acquire/attempt_0000/result/catalog.json::dense_v1_train_x2.95_family1/variant_6,/home/qy/DVGC/JIT/runs/campaign/all_proposers_v1/round_000/proposers/pi_3,c2d698020bd966540df26432c39f873f38643ad6667465f3a4bf2cff57d1393b,588c5d42d48b8a648bae4cb390dcd8b606c4c40436b49a6f0c929c97f6fc11e2,b5493ce0d5106a32f392db7af52a2707502b2e68dbec7529c3826085b3af8128,True,1.1781842422485354,-64.93865874148904,487.0518831469316,124.71977333880976,-604.6470861625011,0.11228403571763822,-0.29864058017730716,0.5732649620570917,1.1008890867233276,0.04614824056625366,-0.04761521890759468,7.544564631719909,-15.981100742624706,15.893647000491864,2.8470988273620605,0.0045282552018761635,0.11874604225158691,1.2306318950279862,59.44847755455192,2.689590313584095,1,1,1,1,1
1f436ee7a805ee22da190c0f8a730a5fdde40cf8d95be32af5998e8321528cc3,pi_3,upstream,/home/qy/DVGC/JIT/runs/campaign/all_proposers_v1/round_000/proposers/pi_3/tasks/acquire/attempt_0000/result/catalog.json::dense_v1_train_x2.95_family1/variant_6,/home/qy/DVGC/JIT/runs/campaign/all_proposers_v1/round_000/proposers/pi_3,80782940f38c7fe8f023cd2c3772fe48ad92a156ce424c37b9b29620995623e8,ef88bdf61f8e2321865096943e19eb805a96bbc4b0ddc5276f6cc58a26782b44,385fbe30112dd7340c8791def4ea9ede0116ced05a8e2cbb454e7cf15022828a,True,-0.6991346263885498,-38.37847436137022,-90.07863847239253,65.48514900717093,-1326.733756310522,9.17334812727427,-0.5890756988525391,0.9087905774949467,0.7457636594772339,0.00287983869202435,1.6439727544784546,3.4288147275016385,596.8967885490175,41.92531988037156,2.8856587409973145,0.004793235100805759,0.1441427767276764,-10.10399275430095,7.182291398142432,3.576890746428274,1,1,1,1,1
eb28745c6d2651d465ff2c1a362d825bef5afc5228e3c957f66df913e081ac38,pi_3,upstream,/home/qy/DVGC/JIT/runs/campaign/all_proposers_v1/round_000/proposers/pi_3/tasks/acquire/attempt_0000/result/catalog.json::dense_v1_train_x2.95_family1/variant_6,/home/qy/DVGC/JIT/runs/campaign/all_proposers_v1/round_000/proposers/pi_3,0ba749ed240f0ad7e7689ffdf4e18b845ca4294fb643d986b375f3ce6693b58b,73f6f03a9ae6bfccbb1ef89b72c60c940ed730920b74b4251a7a9c8993fe0dcd,a4251b1a031dd20f5a8f70dcc57ac4c1ec5e085efe9d2778d892bc3dc487390b,True,-0.5786271286010742,-55.27439868859539,-416.41862931702525,34.05132754101912,223.12517739063486,35.50367089572331,-0.1547616195678711,1.6255482634025982,1.6406699419021606,0.011068456806242466,3.1808979511260986,-16.96975354951113,241.42945598886539,37.49233244864194,2.9304232597351074,0.004498261492699385,0.25532349944114685,-3.226359382765998,-79.6297945895395,6.409907908009276,1,1,1,1,1
ad6a02c7e5f5a4585f3cea27517260a758aedec19a6d0ceac3ff07263a19bfcc,pi_3,upstream,/home/qy/DVGC/JIT/runs/campaign/all_proposers_v1/round_000/proposers/pi_3/tasks/acquire/attempt_0000/result/catalog.json::dense_v1_train_x2.95_family1/variant_6,/home/qy/DVGC/JIT/runs/campaign/all_proposers_v1/round_000/proposers/pi_3,c7b6dddab3408f7dbd7e4eb6489e4e615dfd5c4d22edc0bf777940a907b69fbb,43bc0748c8086075e950183bfe8f57674bbf869f8b71ab5bf3ff9e57aa23b851,5521d98426c950fde1d8e93a43c951b1e43f83072fe52aeec2844c5985cd1da0,True,-0.020249687433242798,-63.677047669706816,-98.02718232653565,66.10594490083339,749.585121029519,28.190234111988115,-0.1389674496650696,1.7664699270986286,1.8674347400665283,0.04450657591223717,2.9603004455566406,-5.7775003514496985,-252.69716442112207,23.940188701299043,3.005232572555542,0.006138413678854704,0.37774398922920227,30.377676144981912,6.224228020340736,7.257678567264131,1,1,1,1,1
ca4250f1efaa30e2514c7b10d4d224d572dc77561d26e1b3dbdcd319844d640d,pi_3,upstream,/home/qy/DVGC/JIT/runs/campaign/all_proposers_v1/round_000/proposers/pi_3/tasks/acquire/attempt_0000/result/catalog.json::dense_v1_train_x2.95_family1/variant_6,/home/qy/DVGC/JIT/runs/campaign/all_proposers_v1/round_000/proposers/pi_3,54ea4f9438c71bee464137bcf88cc8fb1d7e574706b44e2a1e06c1fb01666643,7b2c94ab18b0acd54da9e1f675af65ba9a8235a3978583d0245052e173b425c0,faee83cc4868adea03ad65a4959a6d10538c2c8462e424b96c25da3193a059f0,True,-0.3850534057617188,-64.52365644751907,-54.22512453773052,71.93294320631135,-135.20337605434898,26.14042557935377,-0.5586887884140015,1.8898044528451934,1.4899883270263672,0.02909284271299839,1.9548066854476929,-6.570364932004058,90.86525769872455,31.135752010772457,3.0388522148132324,0.00691211549565196,0.42635470628738403,32.5508989049074,-38.81348569451375,7.781456849756914,1,1,1,1,1
16e79cb9f9dfa853b1ee3b4de3f48cb3f9d869b5a2d6f3cae30d6f3d2ebda4ae,pi_3,upstream,/home/qy/DVGC/JIT/runs/campaign/all_proposers_v1/round_000/proposers/pi_3/tasks/acquire/attempt_0000/result/catalog.json::dense_v1_train_x2.95_family1/variant_6,/home/qy/DVGC/JIT/runs/campaign/all_proposers_v1/round_000/proposers/pi_3,6b7e98239a159497471d0ad207867b6fa20010393b5d97bb69f9f3e61123a740,eb3c9977e2bc65d88a8454a2f015bc9a2ebf4c1b46bba8ae1ec10b865a6325a3,d301d28f03bac4a4161c698f8bdda096401d115d220f7b05e02ef8da0874bbbe,True,-0.24878648519515995,-49.93281851233565,384.1290466195734,48.23408557895637,-661.4491796023748,24.018899119663317,-0.3967475318908692,2.1790766570447695,1.3121137619018555,0.018495244905352592,0.8605158925056458,-8.961917676956764,-41.63742057666635,37.09474372196091,3.092478036880493,0.008168993517756462,0.46504706144332886,31.757729527161327,0.8523872245717871,9.155249473368247,1,1,1,1,1
efee2ca46b6d2c17291a5e66958d2eb1aff4af192fa5a1b50faa488713df3200,pi_3,upstream,/home/qy/DVGC/JIT/runs/campaign/all_proposers_v1/round_000/proposers/pi_3/tasks/acquire/attempt_0000/result/catalog.json::dense_v1_train_x2.95_family1/variant_6,/home/qy/DVGC/JIT/runs/campaign/all_proposers_v1/round_000/proposers/pi_3,6811cbc8d60b065155f5c661d726499071e3e887a11087a358448c0a2a71be63,faf1080373f3a81bc3f8b5c6185f305771477ad614844d7f7aa0711ea6cefe96,264706522e82315911f4850d06bf9c87a1bf9e8d0d4805a02ef53f8392ce99ae,True,-0.14620321273803713,-29.25435932841952,398.91741704064816,24.06930318227438,-442.1260406736059,16.84634135107039,-0.26313778162002566,2.340899333371791,1.4380415678024292,0.015102713368833065,0.8569684028625488,-6.3504955930926466,-150.9787497916256,42.071929890905885,3.147395133972168,0.009009038098156452,0.4942382574081421,33.86363394262717,-37.5091722800406,10.46996869121816,1,1,1,1,1
07907c1284932ae4e6af2e5e14aa20f397ebda791619227a692255f1854e2d84,pi_3,upstream,/home/qy/DVGC/JIT/runs/campaign/all_proposers_v1/round_000/proposers/pi_3/tasks/acquire/attempt_0000/result/catalog.json::dense_v1_train_x2.95_family1/variant_6,/home/qy/DVGC/JIT/runs/campaign/all_proposers_v1/round_000/proposers/pi_3,e6d54bc5b04b113ef9345b46ee323190fa9a5cea266b825c4b0cc4aea7936f0f,c29d11332e92f429f411c1f932f20df77b2ecc1580687d3028ff223bc435d8f4,1e93775604b6e0552d0cb555ae2965513bf7ebc37c8600af2e15bff2d3a75879,True,-0.17016332387924196,-19.05958140721805,345.17866344352507,13.700401541014484,-343.2285351524597,12.588743985591911,-0.26557248353958135,2.411947066717268,1.491406798362732,0.014013242907822132,0.8661296367645264,-4.084458673196326,-149.00233893263402,44.76313370691763,3.1761975288391113,0.009324928745627403,0.5090521574020386,36.82870785378891,-72.98974422564157,11.138516734975074,1,1,1,1,1
086bd5c74b5d6e31f890801e1e9a883c65782c6d16b731e866f2bc6f52e56577,pi_3,upstream,/home/qy/DVGC/JIT/runs/campaign/all_proposers_v1/round_000/proposers/pi_3/tasks/acquire/attempt_0000/result/catalog.json::dense_v1_train_x2.95_family1/variant_6,/home/qy/DVGC/JIT/runs/campaign/all_proposers_v1/round_000/proposers/pi_3,b3b523da36423e40f259a223c5a38519826839246f0f152b9eca8c8faed39708,e7a3f25c46bb77c7aeac96803957292c329c0f577c77eb395a7800cefe0d16ef,9ccba3017ed6e3ec7fb1245604ce3de89534ebc48d22203deeb1a07e7b7566b7,True,-0.2295903015136719,-3.044143596088398,225.9882834076775,-0.6091629075671636,-162.556152661229,4.955177851275909,-0.29351249217987063,2.5677761590556596,1.5868709087371826,0.016509143635630608,0.8409371972084045,0.6962639344623992,-126.07590739851578,47.56906762551266,3.2370853424072266,0.009949084371328354,0.5400202870368958,40.62359169249926,-63.11397370472014,12.59467072447512,1,1,1,1,1
7b81df2dfe2d3190a262916a888c5f7046d6de673dd9f96013a70f37608f9754,pi_3,upstream,/home/qy/DVGC/JIT/runs/campaign/all_proposers_v1/round_000/proposers/pi_3/tasks/acquire/attempt_0000/result/catalog.json::dense_v1_train_x2.95_family1/variant_6,/home/qy/DVGC/JIT/runs/campaign/all_proposers_v1/round_000/proposers/pi_3,d59c6165dba467467bee068e3183f49f11593f5eecfa592119a503ff8d2e00ad,b4475f4c7a10022331d1cb5c53d5d0684355e9304bc287fb006fa89fc35b41ac,679daef2aec10e23c15c25112923341402260342dc37937efccb133c284be6a2,True,-0.2733750653266907,4.787126336892435,99.99879839272987,-5.114391008992188,-58.328790983533395,-0.014407255210178055,-0.36725193023681646,2.736752267822355,1.6277064085006714,0.013865377753973007,0.7370389103889465,4.186083777196476,-65.77862857542804,50.00094281911736,3.3018510341644287,0.01073144469410181,0.5702483057975769,38.006867674291925,53.61553698449605,14.30985468894722,1,1,1,1,1
0fa77135fdd1da1da5d3d7f58c963146a88a75c27d31bb4b29dddcf3b41d2c2f,pi_3,upstream,/home/qy/DVGC/JIT/runs/campaign/all_proposers_v1/round_000/proposers/pi_3/tasks/acquire/attempt_0000/result/catalog.json::dense_v1_train_x2.95_family1/variant_6,/home/qy/DVGC/JIT/runs/campaign/all_proposers_v1/round_000/proposers/pi_3,5671202c6cf7000972e82179f2395e6f5d821992c68c6220641ca210abc31712,d41737ba511fe506a25c261ff1e8bbefb652382ecd04d46cc2bd7a47bd9e07c3,b9abe88441494edc664ce21a584044ca80dcf663edbb13e83b970f1bc3a625e3,True,-0.31057496547698976,2.075193537079937,-181.14102909094197,0.3779710360025755,366.0323238098412,-0.2430190926479754,-0.4373291683197022,2.8174622398706455,1.7583109140396118,0.038906946778297424,0.7741398215293884,3.942253707789837,-8.418267916195953,50.41394386766052,3.3362834453582764,0.011404083110392094,0.5854138731956482,40.85550735067246,-35.30825993321989,15.286222839318757,1,1,1,1,1
31b82a5a896990724b2461de3c5cafbc53858f596a9d17dc203973fe01abbea6,pi_3,upstream,/home/qy/DVGC/JIT/runs/campaign/all_proposers_v1/round_000/proposers/pi_3/tasks/acquire/attempt_0000/result/catalog.json::dense_v1_train_x2.95_family1/variant_6,/home/qy/DVGC/JIT/runs/campaign/all_proposers_v1/round_000/proposers/pi_3,bfd8e0ada7e2a25c6b199ee1853e9f039efa2733ac5637e93fe7bfa841745012,efa9d302a02184013292e3c706fa16e09f2fd19d99c3180eeda97ef10061b72c,300fc7ffea8d34fef17c6cea88d4ad76f5e8879fd1b547154eef5297a49c90c5,True,-0.37975251674652105,-1.4547021204440724,-156.82209956997656,9.307561107452551,202.08798984132048,-1.4393854310675493,-0.49221754074096685,2.9017091223985654,1.7434834241867065,0.009158246219158173,0.9663769602775574,2.5711585455937156,36.47625643223792,51.57823498905382,3.4066901206970215,0.012421699240803719,0.6219394207000732,40.594525822486276,-5.239267357587531,17.230865069062997,1,1,1,1,1
90b25c48612872ba1ab7d24a6583525d5d373e5920f53c895accdcbd7bd16c30,pi_3,upstream,/home/qy/DVGC/JIT/runs/campaign/all_proposers_v1/round_000/proposers/pi_3/tasks/acquire/attempt_0000/result/catalog.json::dense_v1_train_x2.95_family1/variant_6,/home/qy/DVGC/JIT/runs/campaign/all_proposers_v1/round_000/proposers/pi_3,adac22380ff7850955c7418c503ebd9dda698da8f9aca1d298ce3366a1d0cdca,67f95e791f118384d66effffdf971cdb7377a139eec03a92fe0d695b8fb35909,d9830f8faa30f63acf16b76fdeeebbdd0d25e84b3332ebb97b3918045ab1aba2,True,-0.29610580921173096,-4.585202893138409,-23.60734504530786,15.285751626624267,162.95360136903204,-1.5559596821532096,-0.3794486713409424,2.9198605893663965,1.7735439538955688,0.022347522899508476,0.7696869969367981,1.817414300397428,-55.838422049876705,47.22552960082853,3.442626476287842,0.012939454056322575,0.6400323510169983,40.03255834814514,11.828147651771024,18.20943327833658,1,1,1,1,1
b6b3dd9934442564ca784fe9d67490dccb87f22c5ec44136b96a09dd4bef9278,pi_3,upstream,/home/qy/DVGC/JIT/runs/campaign/all_proposers_v1/round_000/proposers/pi_3/tasks/acquire/attempt_0000/result/catalog.json::dense_v1_train_x2.95_family1/variant_6,/home/qy/DVGC/JIT/runs/campaign/all_proposers_v1/round_000/proposers/pi_3,15d254ea9e45f6fa66c8b9ca2e8b6ef2e8f2550b08588807aa46d5923f0ff5f8,7f7e79138c0571d176baa792e40e7b22b2f068107849df606d0ae9b805f52955,4f2b1ffa1a48cbc73b39692c26a59be1888ca4a1f5f9ce3095c706cd224d5268,True,-0.373585319519043,-3.4028299131345596,-143.73079893121817,14.622422437452846,93.77493194552832,-2.500690898855371,-0.5315293216705322,2.935176118497618,1.7039306163787842,-0.007612294517457485,0.6905869841575623,2.9835013346556165,68.6563511972945,52.10669355532688,3.4768669605255127,0.012990483082830906,0.6530201435089111,34.563789804256004,90.44796046119345,19.19575538979502,1,1,1,1,1
2a52d57762dbb36f27dd670fc91b9c816f942f55ba952ff24ee1c92d4957f189,pi_3,upstream,/home/qy/DVGC/JIT/runs/campaign/all_proposers_v1/round_000/proposers/pi_3/tasks/acquire/attempt_0000/result/catalog.json::dense_v1_train_x2.95_family1/variant_6,/home/qy/DVGC/JIT/runs/campaign/all_proposers_v1/round_000/proposers/pi_3,fe2dc3a231be35899f46465de59f24c93c948a6cda9ad021d42d6db8f36c2dda,a63d42fcf9c43e29d7dedca60198426a8d7f8394a0d8031d0e8dda0d3596c781,649d1d7b75078c80f375b61c8da0bab374d718c37289c6dd0c7451ecf9934c90,True,-0.3156207084655762,-11.881201146149097,-154.76566621466912,25.177108639231673,216.20510293114475,-0.4461619114785796,-0.4799953651428223,2.924684173401512,1.7788184881210327,0.007731276098638773,0.561286985874176,-0.6236209239361997,26.401870840441678,46.194543281466366,3.547982931137085,0.01337327342480421,0.6804118752479553,37.40534998956183,-15.9888922809204,21.22579239693526,1,1,1,1,1
7ab3b6a4073d50cddbd0aa3ae961b0e6e29c7568caf17bf4d125c6484c8fc699,pi_3,upstream,/home/qy/DVGC/JIT/runs/campaign/all_proposers_v1/round_000/proposers/pi_3/tasks/acquire/attempt_0000/result/catalog.json::dense_v1_train_x2.95_family1/variant_6,/home/qy/DVGC/JIT/runs/campaign/all_proposers_v1/round_000/proposers/pi_3,bf2c069fa107581ec6c6179ca54ea6c8a7c7c9c868cd4a1d869167e8cf26e2e7,b57c0c5e6669bced9c84f5f7a5e6f1e4b89d09c45dae6387b8f5154ed5cb633d,30bed1cdeb05667c0056bc7e75e54a256feccf0f50a343724dfde1c91f717f53,True,-0.27469313621520997,-14.799508752063765,-178.34177168226063,31.91262797225346,369.2007392827834,-1.088758199710218,-0.4274323463439942,2.896686503858742,1.8462408781051636,0.03110661543905735,0.49628543853759766,-0.9369461404353085,-16.621152647104726,41.355046895999685,3.584869146347046,0.014007081277668476,0.6910048723220825,35.89246991859317,18.287536097027537,22.05391533646038,1,1,1,1,1
d8c0118a4c3fba41f6a88ad12d2dcd4fc7bd7bcebc07237a9f0927086d00b3e7,pi_3,upstream,/home/qy/DVGC/JIT/runs/campaign/all_proposers_v1/round_000/proposers/pi_3/tasks/acquire/attempt_0000/result/catalog.json::dense_v1_train_x2.95_family1/variant_6,/home/qy/DVGC/JIT/runs/campaign/all_proposers_v1/round_000/proposers/pi_3,b1d1de994c2a42f3055e8daf4374e607709bf22499915f75ece800cc97cde350,1ca4813ee8d4686ff3335d877fea2573010d66205d5e818797398b5e7d733e1c,9236fdced8a2fd9824bfbee5a423b56372bf45b80b6d1d93a592d07056329025,True,-0.3778407907485962,-24.0786366357752,-322.25439024918455,48.491471012544544,385.50412762403704,-0.8984852824174393,-0.5571655559539795,2.80054241403054,1.8068039417266846,0.007172178942710161,0.3499628007411957,-2.4271344019904766,89.55375209505539,37.45997784254359,3.659029722213745,0.015226759016513824,0.7083767056465149,32.7440259187841,23.717391345667814,23.632098005431793,1,1,1,1,1
97a9f764bc59aa4c679f1fbfd73f22d96e3e39c363dd933622abd72ffbb8f83c,pi_3,upstream,/home/qy/DVGC/JIT/runs/campaign/all_proposers_v1/round_000/proposers/pi_3/tasks/acquire/attempt_0000/result/catalog.json::dense_v1_train_x2.95_family1/variant_6,/home/qy/DVGC/JIT/runs/campaign/all_proposers_v1/round_000/proposers/pi_3,72fe24af4d35bedab4f3efedb20ee0bdab6e3b2e29f2669ff4ce1264bd9a77fa,27f6bb7a04143851b34f2daceba9072facba72d74c48dccfa3aec5de2f98bff0,daba861c4e6f3e67c5f73c33bd448446c09754696e0bb579f54cc45ee843085e,True,-0.3140069198608399,-30.732053679878852,-313.6834317465457,58.82442366065537,509.3690618070847,-0.062019038302118946,-0.4853046321868897,2.7293052713257455,1.865639567375183,0.024053407832980156,0.36845341324806213,-3.9245690673682048,30.71849233928179,31.23710860296086,3.696384906768799,0.015739819034934044,0.7168719172477722,29.14736441507127,59.7690456530573,24.37140547228894,1,1,1,1,1
f28c120db3b4ac33d28fa3f15649f175924fd653b5c4b139ce228c8bd74429f1,pi_3,upstream,/home/qy/DVGC/JIT/runs/campaign/all_proposers_v1/round_000/proposers/pi_3/tasks/acquire/attempt_0000/result/catalog.json::dense_v1_train_x2.95_family1/variant_6,/home/qy/DVGC/JIT/runs/campaign/all_proposers_v1/round_000/proposers/pi_3,2ee19706b715a8d670f192ce8975d0f1f57574c3f729f00dea7ae644bbed869f,011cf263155bc51f2661f787f1131893aaaf314b2932caeca4d433aa3f6b319f,5718352179275bbf94ba9397ca5df5bdb3972f3bbaa7fb11690bb706b63f9a7b,True,-0.40880835533142096,-40.73385826645995,-484.3177311014188,71.90953614802571,621.4597880497842,2.225172597667514,-0.5867863941192627,2.6400584689981144,1.855896234512329,0.0005255014402791858,0.568676769733429,-6.231866733153749,113.80080070519558,27.831651414873374,3.7338409423828125,0.015928011387586594,0.7293550968170166,23.60189455435019,103.04601898903937,25.11941714900427,1,1,1,1,1
a8c14339b2c96059b8b83fdbcbfb9dd2a774d64a0f64f981e1e72b323cf611e2,pi_3,upstream,/home/qy/DVGC/JIT/runs/campaign/all_proposers_v1/round_000/proposers/pi_3/tasks/acquire/attempt_0000/result/catalog.json::dense_v1_train_x2.95_family1/variant_6,/home/qy/DVGC/JIT/runs/campaign/all_proposers_v1/round_000/proposers/pi_3,c376af251334e11a6167c356b0e35169d4839ea52b8b3b549b67bae952e48452,534c42217c1b3f7229b41aea076e36a00fb03113d3fd9012c07302aea54c41ea,cbb7814497958d91f59e62c9a874ff4aa70586c650012c2b44826b176c8bb8b2,True,-0.1523480296134949,-55.80737200990983,-292.1680626534387,103.65484156108678,726.7891187877913,0.37354698607351583,-0.33988217830657963,2.358088809283136,1.9279471635818481,0.01642400398850441,0.5714138150215149,-9.045914489595935,-88.29875264638973,17.836361121213177,3.811805009841919,0.01699540577828884,0.7587769627571106,6.71392654373444,-23.69126587209251,25.960099717895964,1,1,1,1,1
eab47a29c7081a23fb51461c4813528bdbc1e0d2b663d23a07b0cd3fe4acb685,pi_3,upstream,/home/qy/DVGC/JIT/runs/campaign/all_proposers_v1/round_000/proposers/pi_3/tasks/acquire/attempt_0000/result/catalog.json::dense_v1_train_x2.95_family1/variant_6,/home/qy/DVGC/JIT/runs/campaign/all_proposers_v1/round_000/proposers/pi_3,1e2f303feddcc39be645859908675a380add8fec42a32062406494622ea6f2b5,9b47f8930523729b0ce34c19201ccd5654f2ea7d10c7fbccbac8cb7c0c7868c8,08d9c2cd3c0dd6b99a07d94adf8c3cdfea81ba1bc755df5a5f5894466f8396f2,True,-0.1716269087791443,-60.54874589776011,-231.9580599875654,116.32271145243939,543.4965118064035,-1.5558498641016465,-0.36650167942047124,2.159027757473632,1.8674508333206177,0.0005732124554924667,0.11071446537971497,-10.575001745691383,-66.51165813753215,16.607813287655688,3.849975347518921,0.017287686467170715,0.7653831243515015,-3.7850253144170822,57.10911044306587,26.258794851163863,1,1,1,1,1
17f637321396b2e50951b0da982916b3678f7c66c1965692c6933efbb029a3ac,pi_3,downstream,/home/qy/DVGC/JIT/runs/campaign/all_proposers_v1/round_000/proposers/pi_3/tasks/acquire/attempt_0000/result/catalog.json::dense_v1_train_x2.95_family1/variant_6,/home/qy/DVGC/JIT/runs/campaign/all_proposers_v1/round_000/proposers/pi_3,c2a7544d93c24b2e4a32c7fb873c74cf50f4233e6d4829659e227738a3005c52,7071c508ae8e11b70a30c1563d54cd07290836fa2465004c64342d2ce3093973,4d690dd306192207438b3a83efe30e7a0667bdbfabd00fba17ae2417ac290d6d,True,-0.19440700292587282,-64.12400841880329,-182.53188783238835,125.50844162189279,384.1700823961068,-3.080069947789314,-0.3915206098556519,1.9186676269949876,1.8217815160751343,-0.008314834907650948,-0.38026678562164307,-12.227397821967656,-46.03336789252699,16.652607375779926,3.8871095180511475,0.017357556149363518,0.7622381448745728,-18.020450087270653,-108.56055663055675,26.574552578393202,1,1,1,1,1
be2c2fd0edaa2699d50db4039c63fb9e601322ec82e56cfdddaa7c186971b48f,pi_3,downstream,/home/qy/DVGC/JIT/runs/campaign/all_proposers_v1/round_000/proposers/pi_3/tasks/acquire/attempt_0000/result/catalog.json::dense_v1_train_x2.95_family1/variant_6,/home/qy/DVGC/JIT/runs/campaign/all_proposers_v1/round_000/proposers/pi_3,0fb8c8334553d57efeb4e952198d28e0a67ba6f471c2c8c9b54cca193a01ccf8,960b0f2ec35e96b04208267744c295998c268066e55dafa3fac3efecc86a7aba,bd526c1fda8819adf8b594b34d4762989d340ac41fa99fca29c9a779cb66e55d,True,-0.28672652244567876,-68.49468061964029,-113.34291848361627,129.618589917218,34.24431112092324,-2.9219030147886937,-0.4879846668243409,1.3791519389050597,1.738129734992981,-0.018529754132032394,-1.522702932357788,-12.995326235635945,32.917727874661274,16.629442789209826,3.9577486515045166,0.016958069056272507,0.7144864797592163,-38.28981509084887,21.814150595707297,27.306918692169713,1,1,1,1,1
3291b41d7a08f4e3795a79b506bccf2d71cab62d787666817a7888087766ae08,pi_3,downstream,/home/qy/DVGC/JIT/runs/campaign/all_proposers_v1/round_000/proposers/pi_3/tasks/acquire/attempt_0000/result/catalog.json::dense_v1_train_x2.95_family1/variant_6,/home/qy/DVGC/JIT/runs/campaign/all_proposers_v1/round_000/proposers/pi_3,e3987dcdffcac18908e4a5736036b9a06738ebf383f6a2f39acccacbfe4cd3a4,76d1fc1274038a68bdeec547594b7a3d2f71cdf6f01d2147c016b92f85fe1e80,dd626be172b44b74a777b78535ed7c80b13e99f191ac9599bdde2f793f982879,True,-0.3724764156341553,-69.65588108043416,-82.04567348010804,126.8617343229041,-245.05369096625756,-1.7292676348932812,-0.59451961517334,1.1127539239835953,1.68779456615448,-0.025290366262197495,-2.304030179977417,-12.016560981346764,120.13029602791138,17.889657087306784,3.9922373294830322,0.01669749990105629,0.674290120601654,-39.094069865617875,16.633001317767405,27.677285293914963,1,1,1,1,1
8ae6132c64c643262be39fb6b53031ee73aeb764bf4df37c1cd39ff63d57ee4e,pi_3,downstream,/home/qy/DVGC/JIT/runs/campaign/all_proposers_v1/round_000/proposers/pi_3/tasks/acquire/attempt_0000/result/catalog.json::dense_v1_train_x2.95_family1/variant_6,/home/qy/DVGC/JIT/runs/campaign/all_proposers_v1/round_000/proposers/pi_3,d5477da8a70ae1b88ea9118c98b8868d4bf8fde34b8d6844b50fd8274abdc765,b5748bb1d88ace8f9c8ef5ba947b11229cfa9f0d95dd9802c90ff85927d67a1c,4d60921cdbc9afb6f95b3be0fdcba55cc8ec6706e14c905263a975a6cc8f5f6a,True,-0.3907387828826905,-70.54524001226152,-66.93644809258275,120.97585978678062,-304.198430008419,0.5752019009507559,-0.6182883167266846,0.8712615978655939,1.685227632522583,-0.024202900007367134,-2.5945661067962646,-11.774341982810602,139.5859122937743,18.53124919944464,4.02620792388916,0.01635584980249405,0.6240639090538025,-38.1040407756137,-12.535769763936331,28.075096113181143,1,1,1,1,1
131d893327ea62912dc5e3e96ed8a5a5aa8ba2a565d01353a82a8b0cb479e0a3,pi_3,downstream,/home/qy/DVGC/JIT/runs/campaign/all_proposers_v1/round_000/proposers/pi_3/tasks/acquire/attempt_0000/result/catalog.json::dense_v1_train_x2.95_family1/variant_6,/home/qy/DVGC/JIT/runs/campaign/all_proposers_v1/round_000/proposers/pi_3,666e5d6b613653ba253aac04e747bfce02b3dbb24df74ccbc91008725fc25035,b84307ad8d2081897319a6e9b27b0c53e52eac946433dac6e7e3f093f24864de,139ddd5add1a7ebc901fd60a30ae1e50e8bf2f9685e32d4baa143771c8ccf52a,True,-0.32281005859375,-71.53750940431345,-36.51771568049989,116.04485935700328,-176.02531302525082,2.1593388359431294,-0.5358895349502564,0.38896526553583516,1.7247999906539917,-0.011402521282434464,-2.736771821975708,-12.544057344720496,72.13846359843703,17.589593216689785,4.0958099365234375,0.01618983782827854,0.5256001949310303,-36.83225955215732,-11.113045628690907,28.76983086744972,1,1,1,1,1
71539f503c37dae7fc4b80bede9483e9bae70555c4545ea75f26a85c1a1012d2,pi_3,downstream,/home/qy/DVGC/JIT/runs/campaign/all_proposers_v1/round_000/proposers/pi_3/tasks/acquire/attempt_0000/result/catalog.json::dense_v1_train_x2.95_family1/variant_6,/home/qy/DVGC/JIT/runs/campaign/all_proposers_v1/round_000/proposers/pi_3,e82f9ed295b286f7395f09ba7acedcf19c421ffaa295b59fdebc22ca23355b0a,085e79ec66a53d1c3a93d4ec9e97bcdae58662a5105e1c82844bc93653cc8f04,59e68ee6647cbc84cb12559c9d955299c202e3353e522419cf2b13e40861514b,True,-0.24712755203247072,-71.76830832655736,-30.408439317003648,114.67960016456611,-0.8971035125725085,2.36593392143339,-0.44539043426513675,0.1452550316110252,1.7519505023956299,-0.0012206557439640164,-2.6091864109039307,-13.101367483821331,-1.9269378778424633,16.36656417598167,4.130889415740967,0.016218381002545357,0.47254809737205505,-35.69806565934168,-21.3786082153558,29.100271136302993,1,1,1,1,1
d5aea15cc2b8e1726dc038fcce67cb9daf5d38c4319e93fc8ca7a3c7b59e83ee,pi_3,downstream,/home/qy/DVGC/JIT/runs/campaign/all_proposers_v1/round_000/proposers/pi_3/tasks/acquire/attempt_0000/result/catalog.json::dense_v1_train_x2.95_family1/variant_6,/home/qy/DVGC/JIT/runs/campaign/all_proposers_v1/round_000/proposers/pi_3,abcf18b71ffe884fea0e53549abeb2a348813e3b4f469d1676d02449bce35992,ee1b68acc4e8b36354ac1dc4aac72a26cd3eb695f2075d4214128d34c8726d80,ca7461e090c6e7df3129d2528f32547be9f0a45f7e0d4dddc8966865853561b9,True,-0.23819385290145875,-71.78659957315466,-22.254045514107382,112.88054199756309,5.399469017683357,2.124342453923616,-0.4363571166992188,-0.3545231309607934,1.7548344135284424,0.0010257535614073277,-2.989786386489868,-13.368218705825498,-9.32717911829612,16.222040788238782,4.201369762420654,0.01642223447561264,0.3562808930873871,-35.26323532621116,-16.630354619464025,29.753995469157662,1,1,1,1,1
70f49c979b71255d95521a0d384718b105ff707fbf798fc08477fb85708421ba,pi_3,downstream,/home/qy/DVGC/JIT/runs/campaign/all_proposers_v1/round_000/proposers/pi_3/tasks/acquire/attempt_0000/result/catalog.json::dense_v1_train_x2.95_family1/variant_6,/home/qy/DVGC/JIT/runs/campaign/all_proposers_v1/round_000/proposers/pi_3,09c2f9879137428de4471e24fb9932a60e1d414c2382e0be866ba0f669d168b8,a94b2d4fdcb66bcc96104a0eb39abf2f7ae8de029c04acd4eb6ffe0285b6b10b,d7f4cfdda81d3ec197b2c0ba84c2bb0f7b51ea442c9ae0249c4419cf482a749a,True,-0.26923705339431764,-71.66207156420698,-19.092265569943855,111.92913762731534,-74.40950832765544,1.9439534359776507,-0.4739180231094361,-0.6100414176158504,1.7492307424545288,-0.0024094502441585064,-3.327829360961914,-13.316056551134112,21.41130945355453,16.726791767902725,4.236677169799805,0.01655401848256588,0.2921810448169708,-35.61673859689434,1.1461373323530508,30.082162701154207,1,1,1,1,1
e6cdc5f7e41c0d2c85052dfb8085ba4bf9e2dc5cce07390bb9ac99ec836d95f7,pi_3,upstream,/home/qy/DVGC/JIT/runs/campaign/all_proposers_v1/round_000/proposers/pi_3/tasks/acquire/attempt_0000/result/catalog.json::dense_v1_train_x2.95_family1/variant_11,/home/qy/DVGC/JIT/runs/campaign/all_proposers_v1/round_000/proposers/pi_3,cae2cb2c3d6dcb66b991626bbeb2293677c91be0bed334165728298513bdc0f3,e086e828946f9604f9a4d6d6214c1eb9345c2c2a8e77bb2233b52007fb586725,14ca5adee617e5741a0e99931e852da14be3fbfd885b44bd3e4d02e5d187bba2,True,1.2082315254211426,-64.22370185992878,402.9810517477256,124.42748222346823,-594.1316001239162,-0.34257319703286443,0.4585768842697144,0.6265934292393259,1.118691325187683,0.052264243364334106,0.06961429864168167,8.852165928504768,37.054261190750246,20.73397666903729,2.848252058029175,0.004906203132122755,0.1173546314239502,0.8477458975873519,44.52133476501542,2.8557789668226805,1,1,1,1,1
84eca78bfd3bbc2b12386bdf2ad7c768683f93131fb0113b8a92773eeb1161fd,pi_3,upstream,/home/qy/DVGC/JIT/runs/campaign/all_proposers_v1/round_000/proposers/pi_3/tasks/acquire/attempt_0000/result/catalog.json::dense_v1_train_x2.95_family1/variant_11,/home/qy/DVGC/JIT/runs/campaign/all_proposers_v1/round_000/proposers/pi_3,c4b4464da8e3d92eff323a39a60692367982a672efbd73ca8d28acd8067c59ff,891d48c5797679706dcfd7ef7de8e528c879d435c33db2decf63bd555f9e738a,fc66a78a5bb2c3e8282b79256470adf8f5e4011bf4cd71a2ef0e13e69518914e,True,0.2219666624069214,-43.477125199420115,359.15937765562416,89.52787933847938,-1095.6102088357486,3.0533039393561725,0.1447557330131531,0.8678304127452182,0.6637858152389526,-0.007874018512666225,0.6619976758956909,3.0617148980584905,219.43516769153547,7.90695056341869,2.8755741119384766,0.005544934421777725,0.12611225247383118,-1.894877183321835,-0.04075796659307427,3.1779060537299815,1,1,1,1,1
e3e42421de2f2036d8d08ec4c5bd958be8ff74300c7ba4ce1ca95feba5849a4f,pi_3,upstream,/home/qy/DVGC/JIT/runs/campaign/all_proposers_v1/round_000/proposers/pi_3/tasks/acquire/attempt_0000/result/catalog.json::dense_v1_train_x2.95_family1/variant_11,/home/qy/DVGC/JIT/runs/campaign/all_proposers_v1/round_000/proposers/pi_3,fb68dcaf932f9b05c0bad7c31baa40489441fd02a2115ee62f633f697ac26787,5e5e307e12247fb26024e8bbc2c744350bbd6f3f0b566204b02e7b6b9cb763bf,d7cda04042a803154293d45b9c38b50ebd7a81abee1d4720a3980e94f749208b,True,-0.14472168684005737,-57.897860688418945,-311.4303982261686,48.32260824569432,506.7439195807253,31.722463444963573,0.371146879196167,1.3867817475032982,1.8018856048583984,0.00838257372379303,3.2840683460235596,-4.289168407244894,34.11007741316499,13.599399264889275,2.943976879119873,0.0048062968999147415,0.26878833770751953,1.111320443058911,-113.00632676131805,5.168535020994602,1,1,1,1,1
cce35235d2e4ab1dcf443549a9fab165370aaa32fedadd6125f68a2e90ef00e9,pi_3,upstream,/home/qy/DVGC/JIT/runs/campaign/all_proposers_v1/round_000/proposers/pi_3/tasks/acquire/attempt_0000/result/catalog.json::dense_v1_train_x2.95_family1/variant_11,/home/qy/DVGC/JIT/runs/campaign/all_proposers_v1/round_000/proposers/pi_3,921b63eda976492fae83a512882303037399670f0f8373a08c256663c8c28b59,686339f97902b3fec5ec16279adc1936376c310a94b7ce35b6370ed02145a705,b595c4b123353455187047a43b0ab11d0ca841695b02f811c5ba811d1f7ca476,True,0.30605927467346195,-62.479749659149434,-109.35388310265373,66.31732559526695,1014.5788116171984,27.664846297297814,0.8407576942443848,1.3778238909561502,2.0472707748413086,0.021098196506500244,3.456965923309326,0.22424394167267203,-350.2657610165939,4.184851354938112,2.983426809310913,0.00517292832955718,0.337436318397522,21.113028262310902,152.8426127934737,5.13360786101665,1,1,1,1,1
aa3b6679bc020843e2531d389104f067a9c5d7899f92ab0977d7cdf4472adcfa,pi_3,upstream,/home/qy/DVGC/JIT/runs/campaign/all_proposers_v1/round_000/proposers/pi_3/tasks/acquire/attempt_0000/result/catalog.json::dense_v1_train_x2.95_family1/variant_11,/home/qy/DVGC/JIT/runs/campaign/all_proposers_v1/round_000/proposers/pi_3,e3edac3784d874b01de1c424076aa29a61a17dc638d844f64d15b677f0e2ecc0,f843fbb5cdae46bfdc375beca60c7fb808f4ba406805d03cd7889dbc67936308,cb56889aa04fc5d179a66dd696c80d105fe1e6e2444307926c855ed54a948d51,True,-0.1320770299434662,-62.26491288899585,113.86130935105274,74.30683009386264,-351.25367957814456,23.951276606623335,0.3458145570755005,1.500533593623565,1.457548975944519,0.01286834105849266,1.5913795232772827,-1.3867264769985188,54.82420726002151,15.056571459213659,3.05120849609375,0.005769306793808937,0.4357150197029114,31.583303571232126,-31.12837199137426,5.464681705222343,1,1,1,1,1
e1bbecba11e4bf84449d4a12510190103fbb79257c9a8994b299780bf2b63206,pi_3,upstream,/home/qy/DVGC/JIT/runs/campaign/all_proposers_v1/round_000/proposers/pi_3/tasks/acquire/attempt_0000/result/catalog.json::dense_v1_train_x2.95_family1/variant_11,/home/qy/DVGC/JIT/runs/campaign/all_proposers_v1/round_000/proposers/pi_3,c9f22546f6b0af2fe79f4b11895cc31c92c007cb626574133f11f049e99e47b9,c8d7e5d812ff48a381a160e8578cee7292aabcaaea275371c70779e40db3e303,a32ceb35c6bacee94948520996c8ad7a25ab7fa434cd314497c0e3ad39cc6f3d,True,-0.14040660142898562,-56.913432353534176,273.6685772487292,61.69621084813308,-687.1261009945006,24.957078501596456,0.3302134323120117,1.6197796097070065,1.3236267566680908,0.007686175871640444,1.0374618768692017,-2.9909872219859506,67.59174327174294,17.92247273117411,3.0780720710754395,0.0060075027868151665,0.4579100012779236,34.183252644837914,-45.79866210207784,5.843182042982448,1,1,1,1,1
00b4af82dd0d2e57ead88ea02cf921a1936924ddf35f665b2e77b23f171bbc84,pi_3,upstream,/home/qy/DVGC/JIT/runs/campaign/all_proposers_v1/round_000/proposers/pi_3/tasks/acquire/attempt_0000/result/catalog.json::dense_v1_train_x2.95_family1/variant_11,/home/qy/DVGC/JIT/runs/campaign/all_proposers_v1/round_000/proposers/pi_3,9ffcb1b2d31042b0ae4a6aeaf68a5e5568a0c5722e260f7ea487b7b6a2f9833b,7c3e1e34805d37e5cbfd00ae6f3f3d8b1f826cc2432e64a1a57fce90f0d5ce42,ff93143461567cf7662fbc2e21944ee0023af18f06cbf2b272d398152876a750,True,0.10239444971084596,-37.693857180103166,476.05025156398193,37.1357214418864,-526.0742291960752,19.580618845732896,0.6226475620269776,1.7315898575502215,1.4411100149154663,0.00891796126961708,0.8480837941169739,-1.7488842376903395,-171.75719611480156,16.38665346987797,3.133490800857544,0.0064582121558487415,0.4913019835948944,35.1146513910067,-18.62057782850465,6.344903893827373,1,1,1,1,1
62bdb9f12814b2899c825365a3a4a86cc617380a757e989b5babc018ee095bfc,pi_3,upstream,/home/qy/DVGC/JIT/runs/campaign/all_proposers_v1/round_000/proposers/pi_3/tasks/acquire/attempt_0000/result/catalog.json::dense_v1_train_x2.95_family1/variant_11,/home/qy/DVGC/JIT/runs/campaign/all_proposers_v1/round_000/proposers/pi_3,e18cceb6270a3788476f026e6d5342c49704e0fadc75c1f31b63ca3caf88d3ab,b65b780641f985597d16e3c2732facaefd4c9acf5ffff8872095b888a3406c8e,9d8d77a16c5829f8f76fd6d32e3d4a5a1f0af39ef9feb91d971ecc3b2c8eea2c,True,0.10161850571632386,-18.216206723977802,450.75144944430815,15.11158009524165,-496.5606539433699,12.663034913472648,0.6176818943023682,1.8293725820518871,1.4885220527648926,-6.490564555861056e-05,0.8197095990180969,-0.38175864270161197,-167.73343605209865,19.41214381934306,3.1912922859191895,0.0066034821793437,0.5232451558113098,39.03440474812323,-29.092931222480853,6.847188947641419,1,1,1,1,1
3f84507d1be1844ad38db433b69fff17032d1e4392c4bee3da623fc40ab3602a,pi_3,upstream,/home/qy/DVGC/JIT/runs/campaign/all_proposers_v1/round_000/proposers/pi_3/tasks/acquire/attempt_0000/result/catalog.json::dense_v1_train_x2.95_family1/variant_11,/home/qy/DVGC/JIT/runs/campaign/all_proposers_v1/round_000/proposers/pi_3,509fc563732c4eaf1ea34cb609fbbdd99de0197befe88fda7bb9ce207699a2d9,5765e29f470bc36f02a7db244585d8081184168049568c07ed1adef291211d3b,530234140d960cd81b024e8227da64ed708a300b0beb09afe7a4c46cc816a93f,True,0.1410172462463379,-7.84209535592848,373.54318231178075,7.123400226458113,-257.0052652589726,7.333142019933535,0.6610109901428223,1.9477056079344148,1.629718542098999,0.00679403729736805,0.7505417466163635,0.9861818792324628,-203.19321007167693,17.42536131809683,3.2552318572998047,0.006791858002543449,0.5582148432731628,39.77983793376008,3.9342798888206705,7.437319068996803,1,1,0,1,0
2cb007856464f3da7c325fa7781baefd384812d7a760fd91fd6de9c3fb28643f,pi_3,upstream,/home/qy/DVGC/JIT/runs/campaign/all_proposers_v1/round_000/proposers/pi_3/tasks/acquire/attempt_0000/result/catalog.json::dense_v1_train_x2.95_family1/variant_11,/home/qy/DVGC/JIT/runs/campaign/all_proposers_v1/round_000/proposers/pi_3,297622cd2902e80312ea7a23c0bb0b8f189457f0b2d065254675ffaa1fc3d942,1760812c5f94c4369486c8e91a634b9f18ba98575e323f238be47d50e796653e,ec9eee83f0d64178335a9738f8f4357397a3dd12401b12d9ebdd59a5287c581d,True,0.12121269583702089,-4.3884341077736275,314.01843886495647,5.94782392500866,-199.415678328553,4.925527636178866,0.630634994506836,2.0048407006462168,1.6624523401260376,0.005820691119879484,0.715078592300415,1.461236477045659,-178.3284118322441,18.08770866757506,3.2887191772460938,0.006926927715539932,0.5745552182197571,40.39054905311301,3.0465219960234435,7.733247465974482,1,1,1,1,1
5311cca85d145bfd424f1c9d8deb610a6e4df922931c735e9dd8c3866598e612,pi_3,upstream,/home/qy/DVGC/JIT/runs/campaign/all_proposers_v1/round_000/proposers/pi_3/tasks/acquire/attempt_0000/result/catalog.json::dense_v1_train_x2.95_family1/variant_11,/home/qy/DVGC/JIT/runs/campaign/all_proposers_v1/round_000/proposers/pi_3,4aea96cd0a6938484d4c8b75bb69ca28b2d81bbd92f007b3724918558e4e319d,d256eb7c0ec667aa75ef0b1c051b685333a378d5ac519bd169b94e140e184266,8f6e9a056550cd6a0d0597b7341ede8aa33d84aae564d50622aa543d5c99b194,True,0.046591027975082404,0.06010969344050546,164.18671006140778,5.121315540150111,-104.3886224439996,1.4725524301930382,0.5294740009307862,2.116810315302044,1.701365351676941,-0.00030069283093325794,0.6497485637664795,1.9905960946806283,-95.59840120862496,20.250549539962126,3.3568568229675293,0.007064084522426128,0.6041839718818665,40.71798490682884,26.071600458220296,8.41858326502711,1,1,1,1,0
a26b8d5c3410c5d7006d3de390321424c52021c10b2faf356f848b46a29c91f3,pi_3,upstream,/home/qy/DVGC/JIT/runs/campaign/all_proposers_v1/round_000/proposers/pi_3/tasks/acquire/attempt_0000/result/catalog.json::dense_v1_train_x2.95_family1/variant_11,/home/qy/DVGC/JIT/runs/campaign/all_proposers_v1/round_000/proposers/pi_3,2bdbf08da122182aa38f81109303381cd9ca6e35a6477a7457bdc23f217170a7,13cc00a5e69a71c5f902dd8d453ca167b1891a6825608c847f76cfe05aff9b11,a09641b74091edcfae39ea733adb2ac118c09d5ffe976bd8ea4708c8c301189e,True,0.025376701056957246,0.03195889868857932,133.16028888867973,6.369953948264366,-69.10267673879814,0.8931721049865468,0.5165226364135743,2.165519166611205,1.7294824123382568,-0.0015159300528466702,0.6086775064468384,1.503181735955765,-84.91657957318282,19.83117934001793,3.3915436267852783,0.007057950831949711,0.6176992058753967,39.9655337018198,42.139982480701306,8.836211363715098,1,1,1,1,1
a956183400c09ddba88d5c89d63cbb5a7a37e513259b4f85dd6a120359afd352,pi_3,upstream,/home/qy/DVGC/JIT/runs/campaign/all_proposers_v1/round_000/proposers/pi_3/tasks/acquire/attempt_0000/result/catalog.json::dense_v1_train_x2.95_family1/variant_11,/home/qy/DVGC/JIT/runs/campaign/all_proposers_v1/round_000/proposers/pi_3,00b1af3a6fce037e7177b7877f1d78d6a82ba4b142c21f56483f8e2325185883,1c894b3ae789a9e255eb02526074df89cc35db58409cb227a6968d6afbff0e22,9346ae6067094f0d5738288f35a5a12111b41d48ea8f28a8f525b99eb1771655,True,0.016722062677145006,-0.5900679931644823,109.65631021872355,8.34796051020078,-27.524342421094282,0.4952461084333965,0.5140054893493653,2.2001284234377496,1.7592289447784424,-0.0011255483841523528,0.5370885729789734,1.055710003332019,-82.85462742502601,19.286166102744055,3.4268107414245605,0.007032167166471481,0.6304666996002197,39.773062386103426,30.611524746690222,9.24748236128353,1,1,1,1,1
1c56918c53bb0d402e449da43a411b7b179c4c15157ffb0ec9384b28930dbf74,pi_3,upstream,/home/qy/DVGC/JIT/runs/campaign/all_proposers_v1/round_000/proposers/pi_3/tasks/acquire/attempt_0000/result/catalog.json::dense_v1_train_x2.95_family1/variant_11,/home/qy/DVGC/JIT/runs/campaign/all_proposers_v1/round_000/proposers/pi_3,3890cc536f554549b8d72a7915c24a5462a018b9a365c1a5213088cea1ce8d3b,c831097ebe12fbc68088957dba9ca6e5159284469080910cb7976a4488be2ce9,814f62a526a0ec51ebecb33726a0a18f6dccab7ab79b5b74c9f82298e8760af4,True,0.01066966697573662,-3.6063864124304534,107.09338418551381,14.251424490984324,-38.95354213853945,0.3233822973273692,0.5069833993911743,2.2335541984676284,1.7874590158462524,-0.005555730313062668,0.3992033302783966,0.021452698705717727,-77.0767245193021,18.401905907132107,3.4989116191864014,0.006897893268615007,0.6538493037223816,40.503848231065184,18.9757510804399,10.058255465346035,1,1,1,1,1
c1a9a2d146e7cc2ea3108f2a683188f1e1ebe8e15b3ec2aa77458de3f4e37423,pi_3,upstream,/home/qy/DVGC/JIT/runs/campaign/all_proposers_v1/round_000/proposers/pi_3/tasks/acquire/attempt_0000/result/catalog.json::dense_v1_train_x2.95_family1/variant_11,/home/qy/DVGC/JIT/runs/campaign/all_proposers_v1/round_000/proposers/pi_3,9b16cb463ed7167717feb5db721f76d208f24680c20b85784d6c41ecef9e75e5,44de16fc1d76befc96304731d9801891957bb1766c4995912df2dde8f1b4044d,6f6f05374955eaf7881db869ed973add4d70b433af6a631b6229a775a57477a9,True,-0.012521090358495713,-5.541810159986422,44.49033253637273,17.82382601653891,50.10369276989645,0.31539065189399446,0.4899610805511475,2.2314384081196965,1.8318301439285278,-0.004607215989381075,0.39443281292915344,-0.8519034017186269,-63.06573890880151,17.11556442791256,3.535654067993164,0.006800361908972263,0.6639423966407776,39.96919126812034,37.602810758466894,10.450180550538787,1,1,1,1,1
24aafcf946537487f6d9002dfd6d347892b46caac4b8aee70358072518eb710a,pi_3,upstream,/home/qy/DVGC/JIT/runs/campaign/all_proposers_v1/round_000/proposers/pi_3/tasks/acquire/attempt_0000/result/catalog.json::dense_v1_train_x2.95_family1/variant_11,/home/qy/DVGC/JIT/runs/campaign/all_proposers_v1/round_000/proposers/pi_3,b6bab2fe8f057dca3fad1b41adaf00199f5c7e3fa2d6a0d33ffed01dcff259cb,3ae6e8b56c4540c0abccaf12713f49947b2cc9ec911b70057179451bd1afe526,b2ac629ab91d03ddd002e010438fcc66f2399676b78b5daca77420fdd8651ddc,True,-0.040565418601036074,-10.474154002596144,-19.498812089721355,26.442870758481973,149.73887921197152,0.5160079299637683,0.47787101745605476,2.180776224372663,1.8900038003921509,-0.0034407132770866156,0.28328314423561096,-2.4200098743559186,-53.13990651635846,14.662169015780442,3.6104769706726074,0.006559821777045727,0.6809051632881165,39.027212558927204,36.08526225320053,11.175313239890368,1,1,1,1,1
5351946bbf4a82a9ad859bb85d2fc6847be1ca1aece6a693a32ec6f9549a7d5d,pi_3,upstream,/home/qy/DVGC/JIT/runs/campaign/all_proposers_v1/round_000/proposers/pi_3/tasks/acquire/attempt_0000/result/catalog.json::dense_v1_train_x2.95_family1/variant_11,/home/qy/DVGC/JIT/runs/campaign/all_proposers_v1/round_000/proposers/pi_3,7f49f9a1721562f05cb57c93b4d8db579d9c99df2eb0a56a1e24058309382fd3,8ea7219485bf56276a5c092b9fc2123e236de04f1f2b7ff13f427ae1db945291,963e5d68cac99980254b44594caaa5dbc5bd510d204c2c21ac42c8c68e772ee4,True,-0.04767671704292298,-13.859084764680452,-28.580491157358768,32.28613686701561,165.32582169042584,0.7112339702081903,0.47749787807464605,2.1317402059435486,1.9044474363327026,-0.0035725694615393877,0.17920291423797607,-3.1136892225477024,-52.87866544098381,13.444025267876178,3.6487932205200195,0.0064576356671750546,0.6881026029586792,38.6678387406524,33.51533869118612,11.496676364267246,1,1,1,1,1
9986316fa0c15bfdd3bf1b83069a361b9efb24c9068f0da881176247698dfadb,pi_3,upstream,/home/qy/DVGC/JIT/runs/campaign/all_proposers_v1/round_000/proposers/pi_3/tasks/acquire/attempt_0000/result/catalog.json::dense_v1_train_x2.95_family1/variant_11,/home/qy/DVGC/JIT/runs/campaign/all_proposers_v1/round_000/proposers/pi_3,efa40c9018b3a95811d5e27b44e19987fd785d6a43841ddc14430a2666c90980,7d5c20b65710573bf9024da65429d7dd56913c694b769f6139dfd82fea988291,1ec3d5e4251c7a138b585c13f192be77f5c9292588be575dadf9bf6269615ccd,True,-0.06322791159152985,-18.593286100128573,-108.74128343599529,39.98186809921989,306.040395423788,1.2225800055756113,0.4692017602920533,2.067410025109644,1.9619078636169434,0.000464983400888741,0.19661539793014526,-4.0596095912221735,-46.09114446271613,11.469759942057639,3.6878511905670166,0.006372127681970596,0.6952236890792847,38.03194129873504,37.41858006598414,11.802943823631658,1,1,1,1,1
73a1c639770a21cb0b8a441476bbdfa7f5207a78e8b4501efbb0f3f8eb682ed6,pi_3,upstream,/home/qy/DVGC/JIT/runs/campaign/all_proposers_v1/round_000/proposers/pi_3/tasks/acquire/attempt_0000/result/catalog.json::dense_v1_train_x2.95_family1/variant_11,/home/qy/DVGC/JIT/runs/campaign/all_proposers_v1/round_000/proposers/pi_3,4de784ca648fb18356dccc603dc077da294cb34aa749cf31afe623b61a1c6a1b,adf420aa464adfa4d641d2bde253035781f188beb85c00d5f9f1fafffa895b87,84a999a2b2e199a090a7e4740866477e813f8c3faea7ff110dea16e3a9209118,True,-0.13710803627967835,-25.89361085109164,-267.56509288564916,50.19478358776232,445.9869280453607,2.7367806597875997,0.38530704975128177,1.988223582090354,1.9918075799942017,-0.004568441770970821,0.3102247416973114,-5.15035537006689,22.583250386818243,11.115980902486719,3.7275896072387695,0.006225841119885445,0.7041234374046326,37.51621420507489,34.174055795120495,12.125438492341068,1,1,1,1,1
f3a4fd4bfaef795566ca64019241c5cc4c3caaa5b2e1caadce6f0421a52788d1,pi_3,upstream,/home/qy/DVGC/JIT/runs/campaign/all_proposers_v1/round_000/proposers/pi_3/tasks/acquire/attempt_0000/result/catalog.json::dense_v1_train_x2.95_family1/variant_11,/home/qy/DVGC/JIT/runs/campaign/all_proposers_v1/round_000/proposers/pi_3,4986a3b9350bf879036dd18638e5953b2b31334dba5ea4d12b1e2fd8bfc6fc2e,df3af96b671b053368473ca288f78fbebff6a3ecec84b9a9a60aecd201344a79,254eeea781b39a749d2ef5514240b18a2710b08f251496e534f5b8537e0789fd,True,-0.17847850084304812,-45.58115472795879,-381.770582299168,74.38725557133954,617.0975921137072,8.015785915505406,0.5335366773605347,1.7814870857480924,2.0490682125091553,-0.011242369189858437,0.4654994606971741,-8.209131792678393,33.92084702220978,7.369526520086345,3.807816505432129,0.005532431416213512,0.7265816330909729,32.71671199229321,77.02483557217751,12.789729708026126,1,1,1,1,1
c71b8ee13c00780aa83c67de944c6003f4c699a605f69837579aaf2a4aed2781,pi_3,upstream,/home/qy/DVGC/JIT/runs/campaign/all_proposers_v1/round_000/proposers/pi_3/tasks/acquire/attempt_0000/result/catalog.json::dense_v1_train_x2.95_family1/variant_11,/home/qy/DVGC/JIT/runs/campaign/all_proposers_v1/round_000/proposers/pi_3,b3b956667c9e6da4d13977a3ac15fc57530e782afc6b9cfe7ef71073567d9fd2,f4fb9d32fc03bd5506c8d83f7cc89b332d0dba1938daece3849ddc41718fac71,901de16f75bb7958e552bfcc25c95ca0dc2a4d2b5604d1e68950c2e9c340ca86,True,-0.0275519073009491,-53.082713927343356,-270.44557490394027,89.92228178191259,775.8638094082795,7.255435843450723,0.7230638790130616,1.6131120385099762,2.150857925415039,-0.0005034361965954304,0.5925250053405762,-9.942066044552872,-121.20270402949508,3.0894557113724974,3.8502399921417236,0.0054200575686991215,0.73991459608078,28.368878236493433,94.0497650973513,12.8949652173534,1,1,1,1,1
d2c4fb9ee4a92e1310506e54af5aefcc80248e333db62e6d3940da6d2b6919b5,pi_3,upstream,/home/qy/DVGC/JIT/runs/campaign/all_proposers_v1/round_000/proposers/pi_3/tasks/acquire/attempt_0000/result/catalog.json::dense_v1_train_x2.95_family1/variant_11,/home/qy/DVGC/JIT/runs/campaign/all_proposers_v1/round_000/proposers/pi_3,07a1b4dcfac46e8049a2eee7d7bbd946b646491c5402d1724dd33dc027ad33c6,370d02668358b9de42f294776133f98f6a095c9c09bd9a4578a65a0ff1d4ec14,e7a996dbaa6f5d37aeab9f4a81edb3ebf89a4f64cb1a2be4ebc2cff32c1ea705,True,-0.0007613328378647566,-58.437862274389325,-193.79993777410354,105.1932870301188,697.7534382109335,4.870691166542901,0.7587960720062257,1.391636828615678,2.129753828048706,-0.00664064846932888,0.39612093567848206,-12.354851713201034,-150.45048930083846,2.413275734721109,3.892989158630371,0.005295202136039734,0.7513322830200195,25.664002089310618,67.8740486505179,12.906730746544193,1,1,1,1,1
af6be308a1a60d12c11c7e6052646b54c6e70a20d24bcf9556a8b151f35f9dcf,pi_3,downstream,/home/qy/DVGC/JIT/runs/campaign/all_proposers_v1/round_000/proposers/pi_3/tasks/acquire/attempt_0000/result/catalog.json::dense_v1_train_x2.95_family1/variant_11,/home/qy/DVGC/JIT/runs/campaign/all_proposers_v1/round_000/proposers/pi_3,0f6e958017987f263b1b97a39e7837d31491861a5e5fb9f6b4e5cf4df02356a7,0af6fc86aa9b1c46089e23650d1cf58db08961adbe9c276d61d02b3f511c5ad9,01fb9585875de7079ce112c14c05e8d805f2aafa53a3f5939cfbb98f82ba1625,True,-0.03514310240745545,-62.39059519991326,-138.76499185743046,117.4123861722449,520.5269134767309,2.5867359466920297,0.7261017990112305,1.1201322605996038,2.0612680912017822,-0.016550133004784584,-0.05465054512023926,-15.027992240179033,-123.6725687352634,2.812056542855715,3.9346072673797607,0.004989083390682936,0.7554357647895813,21.41307676500227,86.65635169819012,12.933813241508028,1,1,1,1,1
2776f2e126f753be87f69be134a80cad4cd7603cb3891eb63b23d995f9a45881,pi_3,downstream,/home/qy/DVGC/JIT/runs/campaign/all_proposers_v1/round_000/proposers/pi_3/tasks/acquire/attempt_0000/result/catalog.json::dense_v1_train_x2.95_family1/variant_11,/home/qy/DVGC/JIT/runs/campaign/all_proposers_v1/round_000/proposers/pi_3,5377661c3def17b3b7fba28751c5cbef63f5a31a568515f755797d1af6baa4a9,8bd038a86b34c8d40d69cc188590c5b9910c2791020498e4a3a03446849cc5dc,a7125509cbb570f293465fb62d5086418d5a81beee28bb59916c3ccb84564f5b,True,-0.16693953514099122,-67.02762428781325,-59.198943423414676,124.74378828393152,61.26664659085264,2.059602362132871,0.5855248832702638,0.4996862291758032,1.8885538578033447,-0.03503037616610527,-1.3706080913543701,-16.382920771496558,-8.648120003466161,4.228903940650579,4.011242866516113,0.003635744797065854,0.7193222641944885,-7.143366150062529,68.88047019453012,13.19513390126667,1,1,1,1,1
4a75f2f651a20f5202c92b7981bf9dc7c6655157daab83fdde03f4f402c848af,pi_3,downstream,/home/qy/DVGC/JIT/runs/campaign/all_proposers_v1/round_000/proposers/pi_3/tasks/acquire/attempt_0000/result/catalog.json::dense_v1_train_x2.95_family1/variant_11,/home/qy/DVGC/JIT/runs/campaign/all_proposers_v1/round_000/proposers/pi_3,d3a9e3a9e1a76a5c29892784daea6f02cc3e0d8f30777c3ac1200fa248ae705c,e5c180dad460fb70ad64a17217e95ff53d310b199cb39bf32514b1049ce487f1,8d923ebfe8be48bbb98f8570384571bbda2d1d1e1081c425b5b40ccf61551d1e,True,-0.0744670581817627,-68.44746352190799,-24.36625590172444,127.69983951519967,188.82318873726544,1.4057028863857524,0.6749182510375977,0.1592979460727503,1.9487210512161255,-0.02528407983481884,-1.3241513967514038,-18.07204021361905,-81.79684968864447,2.8326386775893138,4.049472332000732,0.0029914723709225655,0.6936794519424438,-11.270730790964405,82.84502417905297,13.281393179113376,1,1,1,1,1
778e739a5aed9d355c965cfaa0ed5eb00cf4088b4167e4b8d093cf7c00ae4b32,pi_3,downstream,/home/qy/DVGC/JIT/runs/campaign/all_proposers_v1/round_000/proposers/pi_3/tasks/acquire/attempt_0000/result/catalog.json::dense_v1_train_x2.95_family1/variant_11,/home/qy/DVGC/JIT/runs/campaign/all_proposers_v1/round_000/proposers/pi_3,c5f64871c171dae988462f4190859fed114214fac4e4dfbba440b390cc663e24,973b803d444c8ca669395a62a00a7fac580835c80042261da081858c1f803f79,349781e739cd3d6ea54cc4d06c4a4a5e1fbe698b96aafb5a2a1ad921faa135c4,True,-0.18950191736221314,-69.2103546710634,-9.892744394782564,128.00211636710776,-103.53003351438315,1.285895316271801,0.642894687652588,-0.1924834843946668,1.8513944149017334,-0.04346796125173569,-2.123039722442627,-17.262654259236076,18.572892862814207,4.155760725489381,4.0869951248168945,0.0022111672442406416,0.6583735346794128,-14.72467378442252,74.27672945019039,13.372516827473056,1,1,1,1,1
3208041ee87ef9d25b31db25944ed7bd2c9365fa2a1c1fa15bdc3818250799e3,pi_3,downstream,/home/qy/DVGC/JIT/runs/campaign/all_proposers_v1/round_000/proposers/pi_3/tasks/acquire/attempt_0000/result/catalog.json::dense_v1_train_x2.95_family1/variant_11,/home/qy/DVGC/JIT/runs/campaign/all_proposers_v1/round_000/proposers/pi_3,974ec535cf622251d59c48d1e0f5c5598bf0dfb5ea604aa00939b484f7f40545,048d274cbb64c7b3f50182b822e028c2b125ccbadbc100659defd8c7695d1da8,b28cabe0d9f7bd0774c0cf626554735e2d5dc423c8d51e1cb7b13be34963fe22,True,-0.11363831520080568,-70.21956293225696,15.061718006753264,130.60661776179538,8.334243782800103,-0.09544365142401545,1.067114143371582,-0.926090297493185,1.9041179418563843,-0.034338321536779404,-2.294764757156372,-18.88330105492919,-42.04127258681628,3.007435384724399,4.162962913513184,0.000877301674336195,0.58002769947052,-16.86943173098198,35.54183874245598,13.525317474456529,1,1,1,1,1
c8138c16634b468e4881cff0f0334f4a32971d54215b75dbdd2ed156f44320ab,pi_3,downstream,/home/qy/DVGC/JIT/runs/campaign/all_proposers_v1/round_000/proposers/pi_3/tasks/acquire/attempt_0000/result/catalog.json::dense_v1_train_x2.95_family1/variant_11,/home/qy/DVGC/JIT/runs/campaign/all_proposers_v1/round_000/proposers/pi_3,eda1b15fcb2fcbf40611e31038112c21096b3f490dc0ea76fe748d8170e7d13c,1ae54c5f2664024e0a3a9266374ff642920ddf85610f56d00b99d25270816e7e,71816536faf8d2a7cc3db2ec462224bc33e7454c51eae43d5aed70339cfd38ef,True,-0.06341291248798371,-70.52236570873114,18.972446976428905,132.21653433030238,117.9497171542498,-1.0508052965647685,1.121112976074219,-1.3149266386597678,1.9370832443237305,-0.02437533065676689,-2.2580127716064453,-20.080590527750115,-86.23318732816199,2.3860636207375436,4.201106548309326,0.0002448978484608233,0.535646915435791,-14.931208459639953,-21.35469060042971,13.596363963635179,1,1,1,1,1
5037b28fa76a708c3a1ed00872f63c3f8bc911a432b0756188d22537bf129e5d,pi_3,downstream,/home/qy/DVGC/JIT/runs/campaign/all_proposers_v1/round_000/proposers/pi_3/tasks/acquire/attempt_0000/result/catalog.json::dense_v1_train_x2.95_family1/variant_11,/home/qy/DVGC/JIT/runs/campaign/all_proposers_v1/round_000/proposers/pi_3,6a09132416d6e0e3a99a9ec5ffc827294c16bcdb1ffebb38a0c99384b617427e,bbc17fe60445ceb10ed84ff615bcfc5d7fd703333474f29d0799ee0accaa093b,b6b629c9ef301c3fd6a98a4d29bf2a29b1e1a703c580952c173ce31f8bfbcd6b,True,-0.13270799398422242,-70.49302321605677,27.233533456802647,132.50005548274962,-52.99289010956852,-1.73839475565211,1.0496674156188965,-1.7129966235590408,1.8962997198104858,-0.04104595631361008,-2.8142645359039307,-19.538585988805632,-27.743789568937622,3.081278480832111,4.239045143127441,-0.0005046332371421158,0.4844423830509186,-14.9941076717066,-0.8927623403855837,13.674450315718794,1,1,1,1,1
8ac86472110a3d03b558e30acc59f807422a1c0dd440f998067eb4617710c244,pi_3,downstream,/home/qy/DVGC/JIT/runs/campaign/all_proposers_v1/round_000/proposers/pi_3/tasks/acquire/attempt_0000/result/catalog.json::dense_v1_train_x2.95_family1/variant_11,/home/qy/DVGC/JIT/runs/campaign/all_proposers_v1/round_000/proposers/pi_3,9c9dbc3603327797d6f8474ba448b80147e4ef78628af41364efc0b475d94016,63003367e795d9063394fd22b8e6598c22036d6ffc76d9c6bf1bf98251d4c1dd,20301e140ae54d6463923aff5399faa5a40ba39d785eb399b23aa4a95c1d4826,True,-0.08808274865150452,-70.53570506818018,29.80216782061122,132.76572252070645,51.782194682954156,-2.3682478338192685,1.0996166229248048,-2.1108528978543335,1.922764778137207,-0.02924484759569168,-2.786259412765503,-20.14123577739066,-68.60167553298854,2.4449368631752915,4.276934623718262,-0.0012512883404269814,0.4294200837612152,-11.68034406567924,-50.63147173234709,13.743624403806992,1,1,1,1,1
48126afd7df3887c2ca3f58d6ed105ea66b083c49b105eb9f69d862ece5e01d5,pi_3,downstream,/home/qy/DVGC/JIT/runs/campaign/all_proposers_v1/round_000/proposers/pi_3/tasks/acquire/attempt_0000/result/catalog.json::dense_v1_train_x2.95_family1/variant_11,/home/qy/DVGC/JIT/runs/campaign/all_proposers_v1/round_000/proposers/pi_3,af986f03849e8fa194bc64068d50fb8d78791353028d7a7f64b83f292167949a,0d5b306df1b7ef9eff97d017fd4a33c763df2bfa52992eba78cb80700d0544f8,ee08b3efcff066bcfebb1f2b32542d50cfb8ba9abd4cb1ed869f5d200f924734,True,-0.104756578207016,-70.09213892310122,39.83202057901897,131.46350597430848,10.032887069946533,-3.2885573612154726,1.3347139930725098,-2.8969942256552774,1.9185413122177124,-0.03169762343168259,-3.2644989490509033,-19.446137670842216,-59.44140147857179,2.326216436012834,4.352597713470459,-0.0029068898875266314,0.3036559224128723,-6.136827639060784,-72.30509972361783,13.879079172373928,1,1,1,1,1
4ed18eaa9410a1f8c439fe0a608fb3a16d559a5e3a2f95926d15d52060d99ed7,pi_3,upstream,/home/qy/DVGC/JIT/runs/campaign/all_proposers_v1/round_000/proposers/pi_3/tasks/acquire/attempt_0000/result/catalog.json::dense_v1_train_x2.95_family2/variant_2,/home/qy/DVGC/JIT/runs/campaign/all_proposers_v1/round_000/proposers/pi_3,eb92846dd9e32fb7dee465983037cf008b0c53bf9f92907815682900c5ae8ef7,0048dd5ab1f847775b31d754af1b0418ba447985332b4b781ad1282f6bfa38f4,b5493ce0d5106a32f392db7af52a2707502b2e68dbec7529c3826085b3af8128,True,1.178359546661377,-64.94351500598891,486.95205310202266,124.722314169181,-604.5909693282802,0.1141208076508702,-0.29922473907470704,0.5731620439386753,1.1010596752166748,0.04612623155117035,-0.04763386771082878,7.539074013400865,-15.988728356380319,15.892304868319956,2.8470957279205322,0.004527566023170948,0.11875122040510178,1.2258556718074431,59.612374773875544,2.6898206295902765,1,1,1,1,1
a2ff75f502de360e24674356bfd965d3ec87d8a375c18a946a21b84b78c5d925,pi_3,upstream,/home/qy/DVGC/JIT/runs/campaign/all_proposers_v1/round_000/proposers/pi_3/tasks/acquire/attempt_0000/result/catalog.json::dense_v1_train_x2.95_family2/variant_2,/home/qy/DVGC/JIT/runs/campaign/all_proposers_v1/round_000/proposers/pi_3,d941b885c2c81dd0f10423ed9baf8c4e3f2a01709f88db2c2859428d7a88f73d,91e284180dd767b91b73e300912b2c389e9080b9fbcc9246742ef197c991a670,fbccf45c09cbf8deb3667d365ca1a9d59e72e88948849d6a0354cccd42d112c1,True,-0.6313310050964356,-38.36941070034162,-63.66756736713884,65.68344305915474,-1332.345986147738,8.981015202319877,0.7605814933776857,0.9574827943101666,0.7570255398750305,0.019412871450185776,1.5779376029968262,4.763475099343974,574.9875634276109,31.27107171860875,2.885664224624634,0.005518554709851742,0.14375652372837067,-9.725558439373577,-38.47778531190221,3.340966083328572,1,1,1,1,1
e603a60dd8d9ea27338f25d4ff439e977e558211c77dd6b6f983fd423159dbb4,pi_3,upstream,/home/qy/DVGC/JIT/runs/campaign/all_proposers_v1/round_000/proposers/pi_3/tasks/acquire/attempt_0000/result/catalog.json::dense_v1_train_x2.95_family2/variant_2,/home/qy/DVGC/JIT/runs/campaign/all_proposers_v1/round_000/proposers/pi_3,f5eb50c69c1b7234cfb3160e5624a4cc8ca523d3944a1fc6c849d086486f3415,59e7e874add0f4b9bacb1d56e1577c9fa6baa9a4d590c6a4a1819ee1b3940a72,05f66f3e63b06c40d605e04aa8868fd72837f848b7ff996d6f2134c13834ff68,True,-0.1577893924713135,-55.67858196292006,-303.97308840732194,47.573094022028386,421.79073702378037,29.955215639552115,1.3914504051208498,1.5168447691317903,1.6983299255371094,0.03402886912226677,3.1125447750091553,-3.581049825704291,58.63377942054197,20.17138081729251,2.934957265853882,0.006203983444720507,0.2569037079811096,3.9885248243220883,73.68649182287457,5.1839451933715965,1,1,1,1,1
1da2eb0dba6e548d12acb6bfe49d35715ef992b407b45d02453d32150f2e8949,pi_3,upstream,/home/qy/DVGC/JIT/runs/campaign/all_proposers_v1/round_000/proposers/pi_3/tasks/acquire/attempt_0000/result/catalog.json::dense_v1_train_x2.95_family2/variant_2,/home/qy/DVGC/JIT/runs/campaign/all_proposers_v1/round_000/proposers/pi_3,559506ff458b8fe22364f5c3dafca85671ec1278af4973482eb5e913d42d832a,884cdac4c7c683650543830c22ac5f6f17209ba5eeec990f87a8a091f12da417,c968369ecb8ce4b0276c111ad3caad63ab05783035c64c7322d8e07c2d89247f,True,-0.0013102978467941285,-62.95318422146887,-82.98828056670482,76.12267686584555,272.5967020019008,23.23796341508139,1.5386511039733888,1.7090471144361032,1.6597177982330322,0.043641578406095505,2.54559326171875,1.3117476484978807,-61.822186857184796,17.320867961532095,3.0084035396575928,0.007977472618222237,0.38154348731040955,30.904816484745155,-99.50410145152419,5.499535433474078,1,1,1,1,1
ddf3274848cac51ba25bcd42ed96089e3e1b39b783f0dce9d350711699006970,pi_3,upstream,/home/qy/DVGC/JIT/runs/campaign/all_proposers_v1/round_000/proposers/pi_3/tasks/acquire/attempt_0000/result/catalog.json::dense_v1_train_x2.95_family2/variant_2,/home/qy/DVGC/JIT/runs/campaign/all_proposers_v1/round_000/proposers/pi_3,9957c42df6ba0fffa27f35e815a1b7f3fe8a9fbe93775e59cc62e4adeaa099f5,55d72fb476d2290080e2f0c25ed8bfa096b4b9b071a53f1833f5369ab2250ea5,bf8f719d74624542923c95b472e4a64685141a77f14d8e038ff47e73842169cc,True,-0.2095335173606873,-64.34403613272607,-49.248795557526385,74.6941154801807,-281.5906677802169,24.70695817914489,1.2832246971130372,1.9177348211896055,1.4149518013000488,0.04144749790430069,1.734450101852417,-0.35537287488591224,147.25062763695755,22.019148478361473,3.0384182929992676,0.008821469731628895,0.42290475964546204,33.764087350568815,-62.69478450478894,5.974505822760427,1,1,1,1,1
f4a8b70ec6572c4943ced9f3b865677405ebced5c170f7a998134ef6295c6676,pi_3,upstream,/home/qy/DVGC/JIT/runs/campaign/all_proposers_v1/round_000/proposers/pi_3/tasks/acquire/attempt_0000/result/catalog.json::dense_v1_train_x2.95_family2/variant_2,/home/qy/DVGC/JIT/runs/campaign/all_proposers_v1/round_000/proposers/pi_3,b4eba849529b5658e613f0b72f3e9e032bd53dbf4957b2503e9f9372b781b2b8,78e646a25ef5afc04ff46fdf46b1b0144c0ac340988c67ad3b32a397da3b456d,16f8bd2fe456f7e95238b1435aee19a4ca22b2523e2612323aee680b86e1bec6,True,0.08416229009628297,-52.22657020544977,404.0594293346439,53.89200255153066,-461.25076159493835,23.391879786864408,1.6363261032104495,2.2453408638267227,1.3933546543121338,0.05064215511083603,0.8331259489059448,-1.2469327818124563,-141.75718844978633,20.622729962930705,3.092376947402954,0.010824526660144329,0.46270695328712463,33.48816136847864,2.408746678971156,6.844402373565751,1,1,1,1,1
02105d0317a7307921da60b89ff70f33d19aed24d68222a30928bc2a4bf3fbb7,pi_3,upstream,/home/qy/DVGC/JIT/runs/campaign/all_proposers_v1/round_000/proposers/pi_3/tasks/acquire/attempt_0000/result/catalog.json::dense_v1_train_x2.95_family2/variant_2,/home/qy/DVGC/JIT/runs/campaign/all_proposers_v1/round_000/proposers/pi_3,f2a8dfe205457710b10a62bf37d2acfd8aeeed8d82b735914c7534ba5698411e,4b26a06087ffbe8b206da9723805a064d3411f81201eaec8f13f2a4a1e9ac602,454e92f3c89ad373f43410dc1a316fa88d19973ec05b9b33f4c9ff959f1d6424,True,0.1059833335876465,-32.35592432486021,504.1511251302751,29.227827458588603,-616.1526764231709,17.16540112516004,1.6648310279846192,2.438268287056754,1.3594461679458618,0.03553926572203636,0.5960136651992798,-1.2233499528774006,-165.1083757880093,25.7762733237927,3.146069049835205,0.012573545798659325,0.487247109413147,36.485449866860755,-31.34342049739211,7.54916096867006,1,1,1,1,1
342587894c4eabb4ff4fd9400362a725996ece7840ef5bf52a5ee4f68b6039b8,pi_3,upstream,/home/qy/DVGC/JIT/runs/campaign/all_proposers_v1/round_000/proposers/pi_3/tasks/acquire/attempt_0000/result/catalog.json::dense_v1_train_x2.95_family2/variant_2,/home/qy/DVGC/JIT/runs/campaign/all_proposers_v1/round_000/proposers/pi_3,5c29a71525a7d3a83bd165025cacf8bbc2b784d8d7f97c66bffda3fd2996ac49,ec6d5808fe771a1814a4817ff66e91b7264631cc89f6915fd78474b58c9b15b2,68cce2dd5ad1acca7d904f602dcd071d01be45e64b980e67f4a311def5ca27bf,True,0.1251677680015564,-16.544651113305996,387.86838394485864,10.999481780908397,-360.20352233442236,11.385596277621826,1.6808117675781251,2.631178000418645,1.486534833908081,0.03014616295695305,0.6381320953369141,0.5686545497036989,-178.16686419799495,26.916120905693816,3.2029199600219727,0.01376894861459732,0.5139737725257874,38.56034180840015,-6.528002391224346,8.393838678718653,1,1,1,1,1
f465e0dacdaf5ee53dcf199622df8fb9ea731b5ab757091774dae1d5e47f31e2,pi_3,upstream,/home/qy/DVGC/JIT/runs/campaign/all_proposers_v1/round_000/proposers/pi_3/tasks/acquire/attempt_0000/result/catalog.json::dense_v1_train_x2.95_family2/variant_2,/home/qy/DVGC/JIT/runs/campaign/all_proposers_v1/round_000/proposers/pi_3,010dc43bcb89a5262cefe148709f85bb2229e1ecc3a5c6d97f3ab6f716d6e780,851a2b15c37083d8440214fa8969ba10d71eb9f20ea39abe9a8404241b6306d3,2981e5321f19d477eb77e02e4824c6861610479569fe776748b79b7f93011777,True,0.1485877299308777,-11.859362470051629,349.4943048102193,8.1875492486748,-231.52819520196147,8.524217438150338,1.7069612312316895,2.7253551152458355,1.5574193000793457,0.03408648073673248,0.5930513143539429,1.6137560953159247,-199.52725629883432,26.131733443673088,3.2340168952941895,0.014431621879339218,0.5277743935585022,38.993201631955124,2.2686076323451845,8.80494091367615,1,1,1,1,1
766d93768d21fbacad1420f505e33ca77e1145a321f9ea087adbe2e7f1898582,pi_3,upstream,/home/qy/DVGC/JIT/runs/campaign/all_proposers_v1/round_000/proposers/pi_3/tasks/acquire/attempt_0000/result/catalog.json::dense_v1_train_x2.95_family2/variant_2,/home/qy/DVGC/JIT/runs/campaign/all_proposers_v1/round_000/proposers/pi_3,ef575e383fae48c00e92566cad423088d5ca6b0f36d1330ec4d6d3e6456863dc,b25ee59a19ed7386de4890e83ace8d026f2e9266a9ae49bb27f70a037f3b815c,b64b7ac47aed58fcc5d44f6fab2760af96119a65323e0817385938431e6f7cb6,True,0.12518146991729737,-5.781868684310745,255.66332433236184,7.674824876928514,-120.29952079478763,3.3898465581831787,1.6692451477050783,2.9122881075466562,1.6188676357269287,0.03142490237951279,0.4912061393260956,3.2192088150352296,-168.62909241834078,27.432085348427627,3.298784017562866,0.01576230488717556,0.5527640581130981,40.012047290067585,5.578871193309735,9.659571342514646,1,1,1,1,1
3357e5536d02c25cfbcfa3b085a5769773e3f9be0b0188b45c3b75802b9843c8,pi_3,upstream,/home/qy/DVGC/JIT/runs/campaign/all_proposers_v1/round_000/proposers/pi_3/tasks/acquire/attempt_0000/result/catalog.json::dense_v1_train_x2.95_family2/variant_2,/home/qy/DVGC/JIT/runs/campaign/all_proposers_v1/round_000/proposers/pi_3,43998aac27b3394390ccfe84944320fe509922f9872cca7ff3d73a6e9a14ad2a,dd1f6aea1fd81b1cd51cd21c067ccc7a2c90013eefb69df5f9dda4b3766f4115,49ea1f206ea02137583c9bda7877a35b7aa5128dc1b957dd5bb8f66ff6c5334e,True,0.07155444145202637,-5.14068894484403,125.1379721613113,9.664571680274534,-5.086154580076532,1.8481695111079084,1.5972439002990724,3.0039318658675733,1.6537775993347168,0.026065688580274582,0.5314558148384094,3.379765644967896,-109.74566958363484,28.511004227837642,3.3320157527923584,0.01633472554385662,0.5645812749862671,40.362849220934024,14.036059234943714,10.163918089291027,1,1,1,1,1
0332e6fba685cdeecccf2e929891eee707d9cda9df94ae90e1f1563d84bfbbb0,pi_3,upstream,/home/qy/DVGC/JIT/runs/campaign/all_proposers_v1/round_000/proposers/pi_3/tasks/acquire/attempt_0000/result/catalog.json::dense_v1_train_x2.95_family2/variant_2,/home/qy/DVGC/JIT/runs/campaign/all_proposers_v1/round_000/proposers/pi_3,7fb1f31c294b8579b8b428ce69555bd614b2877b47a87456efaaa0d90905cd26,0d0b6a7cac64ccf0707357b96a31f5888a8311b2f4e011b44df4d764ae734bae,3334ae9e2bef070cb1b51682f2eee24e4c8ece77c1a7566c5177e8fad02b94c5,True,0.017694096565246585,-5.474861499515604,71.49151491044259,13.440623833669513,10.8567948602786,0.120235155855668,1.5533212661743165,3.156287769314515,1.6731363534927368,0.015358255244791508,0.4383901357650757,2.7063380211086114,-73.76864533821148,28.34998764079647,3.39874005317688,0.017094766721129417,0.5855908989906311,39.00652733102582,46.777376983721894,11.289635485797037,1,1,1,1,1
4b209c204565a49fc6bf7240e2e2470562f9fa4b307658a42fc271fdbf32830b,pi_3,upstream,/home/qy/DVGC/JIT/runs/campaign/all_proposers_v1/round_000/proposers/pi_3/tasks/acquire/attempt_0000/result/catalog.json::dense_v1_train_x2.95_family2/variant_2,/home/qy/DVGC/JIT/runs/campaign/all_proposers_v1/round_000/proposers/pi_3,df197ff5f6466d529f90ccb810da512f5d600c0f0d6152bc5de15f1d64e30039,d2b3dfd7461d3f2c6526f382aa43775e80ceb368354cdf69f78e8cc695ef76d9,b9a3de427b86a65de2ea17611d06779729012ce6b5cd00b80e2b9ab8668fcb94,True,-0.021192789375782017,-7.5989431827969645,-12.359094114449258,17.20368582103677,96.57251595786302,0.06374013086470832,1.51344144821167,3.2077200402582204,1.6999167203903198,0.011750820092856884,0.41915827989578247,1.9540304635155534,-41.16062556127527,27.928535940702712,3.4328134059906006,0.017340440303087234,0.5957033038139343,38.78116523936125,36.416724503432086,11.88227812342651,1,1,1,1,1
43f8126e493b7484918ce4277bac43571350883d75ad937468da78012f9df40c,pi_3,upstream,/home/qy/DVGC/JIT/runs/campaign/all_proposers_v1/round_000/proposers/pi_3/tasks/acquire/attempt_0000/result/catalog.json::dense_v1_train_x2.95_family2/variant_2,/home/qy/DVGC/JIT/runs/campaign/all_proposers_v1/round_000/proposers/pi_3,484f58aa6a3f2f3622b4d2c527db52d409797c39d950556f630b682633449532,fd3258d73f6a062d64ec5058b5d3d214290097eec21d4b4460c3d5e52a84494a,17b54ed9a38a32782c940d1b270a0241612729d950131bc13feba98ddac4bc2b,True,-0.020492082834243776,-13.809470270549479,-52.59678694903197,27.457903463490275,225.15868863108773,0.38750479009207506,1.5392909049987795,3.261337724619093,1.770627498626709,0.014129902236163616,0.3073594868183136,0.06023343058825244,-62.31907628911405,23.367979358297468,3.5022902488708496,0.017682502046227455,0.6130675673484802,37.62970121322923,42.52854169729957,13.017940724903614,1,1,1,1,1
c200a96629147c41468687ecf445a1b1e8b6f07b3115e61926cc162728e4c1ee,pi_3,upstream,/home/qy/DVGC/JIT/runs/campaign/all_proposers_v1/round_000/proposers/pi_3/tasks/acquire/attempt_0000/result/catalog.json::dense_v1_train_x2.95_family2/variant_2,/home/qy/DVGC/JIT/runs/campaign/all_proposers_v1/round_000/proposers/pi_3,be1850eb8e79f342e5e98c9b1cf2cb2e2f761a6cbdd9eb413fa61cea507cd8d7,acd3438606b5f482fbafedc5ea94935ddceca041605e913d7f17b43590c0e794,50aa2577408bbaa92480eb2873837a65746461adec80ed426d5f08363bf77a0f,True,-0.05546814620494843,-18.929304086536522,-125.87253168578948,35.56108963063166,287.0640262112283,0.9345492431122058,1.499364356994629,3.2608928161365895,1.7839475870132446,0.008031795732676983,0.2937229871749878,-0.8505907780983679,-29.665352301346697,22.04513393305879,3.5381429195404053,0.01777932234108448,0.6223068237304688,37.80008369716979,24.756416797683077,13.536953943232549,1,1,1,1,1
5241bfa35cd1bdd7c38fdb4be7124273a1127d9bfe19d9fe773d5ee0701c64c3,pi_3,upstream,/home/qy/DVGC/JIT/runs/campaign/all_proposers_v1/round_000/proposers/pi_3/tasks/acquire/attempt_0000/result/catalog.json::dense_v1_train_x2.95_family2/variant_2,/home/qy/DVGC/JIT/runs/campaign/all_proposers_v1/round_000/proposers/pi_3,0f66e85401911e57087d813860b854b7c735438f02e3765e6f84fe37ec761417,5572ae65188df3093b6e6cbce2258bd314d7f78774042d7ca8a9ea86c0db4a61,163d128c6c63b84e0cc5d981bd7cdadb179e3e24cc966140bc708e094d3bff55,True,-0.2081232047080994,-36.44360812800525,-455.35163649182505,58.46248510634722,593.6699886190501,4.981993136483307,1.3379095268249512,3.2221507504781437,1.8306193351745605,-0.021113384515047073,0.6296933889389038,-3.7855495314358807,102.48030857103305,18.171658522663687,3.611015796661377,0.017275014892220497,0.6471285223960876,35.3637415598479,49.794698426939654,14.647568787260768,1,1,1,1,1
a96d07a3eed38e335cdb610b5da309cc06df045260ab67916596a33ffe4782eb,pi_3,upstream,/home/qy/DVGC/JIT/runs/campaign/all_proposers_v1/round_000/proposers/pi_3/tasks/acquire/attempt_0000/result/catalog.json::dense_v1_train_x2.95_family2/variant_2,/home/qy/DVGC/JIT/runs/campaign/all_proposers_v1/round_000/proposers/pi_3,1648223b9e08c999d7bb2813fc2c0726f31ce8c2532c2fafb1cea2d7923e39de,85c0f6922567bd63a96fc20c5443f229b50ee3b656cdb971c0079e128718a015,0c4f0671b010c824040716a3bb44a163491c67b66a8dbdb1c4855becb91f3df3,True,-0.1324743437767029,-46.15324795774447,-376.0610905681709,72.33989953743905,647.2972462081618,6.6147739647739945,1.449485378265381,3.177293499179135,1.8713053464889526,-0.020216485485434532,0.614396870136261,-4.80451770606658,11.166939236336892,13.43851501276327,3.648216724395752,0.016752807423472404,0.6621715426445007,32.125005874305835,74.17773268836022,15.083604549015332,1,1,1,1,1
d7382ae789b876364f3a893971618699e04a93f6475c2e8defcbee30c89701ea,pi_3,upstream,/home/qy/DVGC/JIT/runs/campaign/all_proposers_v1/round_000/proposers/pi_3/tasks/acquire/attempt_0000/result/catalog.json::dense_v1_train_x2.95_family2/variant_2,/home/qy/DVGC/JIT/runs/campaign/all_proposers_v1/round_000/proposers/pi_3,abd4fa525b608e759608193b1c5bd8f8d4992ea5f7441d171f566b28e6892e07,328cbed77324b76d730b1d071d554f9f79c64233e40e89f56749c9cf6a390954,417ddb10db5690bf365e5741a0f68aeac6097535814fae39ec4d0ecc3ead7783,True,0.047230703830719,-53.621151399993806,-266.6991888234316,89.24224082738944,867.174040271052,5.131346110430053,1.668874912261963,3.088499632076633,1.981727123260498,-0.016860760748386383,0.8585576415061951,-5.5211906726558,-168.39444809959414,7.7546245383227115,3.6871142387390137,0.016310444101691246,0.6797671318054199,26.98997403364187,106.35128413219194,15.240359806084877,1,1,1,1,1
7182d60279e87216f58851c68335e545198b91a8703c8f6cd118ca173ade5fb1,pi_3,upstream,/home/qy/DVGC/JIT/runs/campaign/all_proposers_v1/round_000/proposers/pi_3/tasks/acquire/attempt_0000/result/catalog.json::dense_v1_train_x2.95_family2/variant_2,/home/qy/DVGC/JIT/runs/campaign/all_proposers_v1/round_000/proposers/pi_3,307c081bc084b28f76e229b8f7699d36b49dcf877b39c1d0b26ecc64da079688,b16d134e5ae52215ae0ac7feff767119cde3b6ddfe05293e6b9a6a3ee6f177fd,e3881136f662e25be00a3a4f09ce00e70972eee18ad22ffac568831ad4ac4586,True,0.04061451435089112,-58.84975683228694,-192.0389647419125,105.2983353395536,710.2768905824753,2.167539105880003,1.6656518745422364,2.969074670805088,1.927215814590454,-0.024941999465227127,0.5609711408615112,-6.483336369147048,-165.755454249598,7.14348909346759,3.7260031700134277,0.015777694061398506,0.6951432824134827,22.70737882969947,96.00252984143629,15.260485293351131,1,1,1,1,1
9ab19aa91b54df828a0d62614cc9c7a3374ca00196e6b3501f15ae45546979df,pi_3,downstream,/home/qy/DVGC/JIT/runs/campaign/all_proposers_v1/round_000/proposers/pi_3/tasks/acquire/attempt_0000/result/catalog.json::dense_v1_train_x2.95_family2/variant_2,/home/qy/DVGC/JIT/runs/campaign/all_proposers_v1/round_000/proposers/pi_3,cc163e1e10c553e37a2133e23dcffc54e9696e519b46dae6431373824097ec6b,c4e9fb6a000871459f4c78aa9276d38acfea025eaaae5bf9166c338eb075f701,4b558a5aaf050537e8075fc2528ede070db201e4bdcb08519f4e0329a5530e64,True,-0.029243424236774448,-65.6911748332952,-94.48812663828272,126.42251217813725,364.0741632163119,-2.3784685140438073,1.5970461654663088,2.6662702401471314,1.8195513486862183,-0.022185441106557846,-0.39514660835266113,-8.66528939149228,-109.61261749860299,7.648704525995093,3.8000712394714355,0.014571025967597961,0.6996042132377625,5.484787471926925,22.058235943434166,15.404652065236888,1,1,1,1,1
1d60c82517308700f6aed5aa81712a72218b119ebd20358b0f7a91fc04fe7664,pi_3,downstream,/home/qy/DVGC/JIT/runs/campaign/all_proposers_v1/round_000/proposers/pi_3/tasks/acquire/attempt_0000/result/catalog.json::dense_v1_train_x2.95_family2/variant_2,/home/qy/DVGC/JIT/runs/campaign/all_proposers_v1/round_000/proposers/pi_3,9082f4e21da6cc95eaa67bad711f11ef9d0b659ed234c37108f5c04a76ce1cad,fc4369ede3ea3b4c6770852301e6473bccdad05ba5a43fc3b8bc55f1a08dfe26,783fe8d4a7eca7c35fd2dec49438322ea72342b886a736a0a60ce1604cf69036,True,-0.14940620660781861,-67.54796858935234,-52.723193260001395,129.78338872151207,11.574731411864272,-3.149918417997495,1.474495029449463,2.489725158903241,1.7269102334976196,-0.007381914649158716,-1.3375487327575684,-8.2005206316823,-9.2911054741947,9.639985560583426,3.835123062133789,0.01421000063419342,0.6817567944526672,-13.949692346662548,-191.0964122968291,15.600308051935961,1,1,1,1,1
1c4b2d369a50e64db4ec6bfef7d098002899be973e32985282b6b93c6eb224db,pi_3,downstream,/home/qy/DVGC/JIT/runs/campaign/all_proposers_v1/round_000/proposers/pi_3/tasks/acquire/attempt_0000/result/catalog.json::dense_v1_train_x2.95_family2/variant_2,/home/qy/DVGC/JIT/runs/campaign/all_proposers_v1/round_000/proposers/pi_3,b2fe140b95479132d28b0048382102acee5fa31ee966ff0a59a18d0fb9b28163,a45053c62ba52dc42d82150d581cf4cab536db8fa7038a0daba91707cd84f68e,64f83283a8ff14f2c4d2de99cd70415c253a53e5dc866034fc0af72af58d8858,True,-0.11799838662147523,-69.85636079295237,-5.344369454762041,130.2024754686057,-46.156164448520066,-3.34770788838033,1.487147388458252,2.126527314125983,1.7339656352996826,0.0008119943086057901,-1.8706165552139282,-8.703615290472515,-19.632530118197277,8.365584959580353,3.9039034843444824,0.01382712833583355,0.6206509470939636,-26.920610047525805,88.18263943049952,15.987431083535508,1,1,1,1,1
3a83496561f24ed933b98dc6bc0b0c79b631a266189f8554de2cc05265cc249b,pi_3,downstream,/home/qy/DVGC/JIT/runs/campaign/all_proposers_v1/round_000/proposers/pi_3/tasks/acquire/attempt_0000/result/catalog.json::dense_v1_train_x2.95_family2/variant_2,/home/qy/DVGC/JIT/runs/campaign/all_proposers_v1/round_000/proposers/pi_3,f1aacda0a2d97c2957e4d138f845a76799c0e7c0da6c3c46f5641f0c2e319f0a,6290af797a6a3729705180d98e4c00ff6fbd37323f915032280e45781e499899,c89bc8901217b08d52d4a0998c606b7189c6a862945372a9378e8629cae1ac35,True,-0.23041188240051272,-70.2140441394076,6.815794119450126,125.78999567985905,-334.1344661216679,-2.198440161704056,1.3580463027954104,1.9564679270858039,1.684408187866211,0.013076376169919968,-2.6507322788238525,-7.397387715484474,86.06255554231673,10.220368078700567,3.937685966491699,0.013909764587879181,0.5743298530578613,-27.6291345984352,30.272996665762296,16.22552509092082,1,1,1,1,1
165a53865ebd7d70151fc725b8f7c89115e062e255e86f3a1dfa519c3f92987d,pi_3,downstream,/home/qy/DVGC/JIT/runs/campaign/all_proposers_v1/round_000/proposers/pi_3/tasks/acquire/attempt_0000/result/catalog.json::dense_v1_train_x2.95_family2/variant_2,/home/qy/DVGC/JIT/runs/campaign/all_proposers_v1/round_000/proposers/pi_3,cefdb235b38b1f83069a82dff027d9b0ab1c0fa7c47b7592a0a703e3f3919619,b24805813da7f8579d816ecbbf98a7245648556c46e787a5ac34b981f8b02d2c,f28e491efa51031af4469c3fd5425c7cf57b226386b27f540a1648e5cb71c5c5,True,-0.1727341938018799,-70.46631034621285,29.625071260716545,121.21370063405881,-206.08292650572594,-1.6664073288028634,1.432578182220459,1.623440167872167,1.7234498262405396,0.01160194631665945,-2.7792747020721436,-7.796295522448959,25.04206896915135,9.448275810959508,4.006245136260986,0.013989814557135105,0.4788728356361389,-23.901190028685562,-21.649677932946098,16.595250331854025,1,1,1,1,1
5f8a7cc5c863764a4a5835ae8c5641c66cba5489ab0bab4cac33e9ea97c1c741,pi_3,downstream,/home/qy/DVGC/JIT/runs/campaign/all_proposers_v1/round_000/proposers/pi_3/tasks/acquire/attempt_0000/result/catalog.json::dense_v1_train_x2.95_family2/variant_2,/home/qy/DVGC/JIT/runs/campaign/all_proposers_v1/round_000/proposers/pi_3,b793410fe7b8bac9e910ae91b47290e4ca2796191ccf6d0a40a468b9b02797d0,7064a911229f22baf07a929c014068496182f5cf3a50cdb64b94dbe75faa0080,07270e01b54c32fc7c3b053e83351e31f25b80b15eb15e8f078de690e561fe77,True,-0.0970798420906067,-70.42678404148599,30.922592052060114,119.34627227346397,-20.35862533074653,-1.6319692358446836,1.5217131996154787,1.4588360249794343,1.747452735900879,0.005604579579085112,-2.609832286834717,-8.267349763842644,-47.91776927320932,8.373746181864872,4.0406694412231445,0.014035087078809738,0.426183819770813,-19.982495350890392,-65.19078834451089,16.762935272111825,1,1,1,1,1
85167ce59070ff85930c034ce43dfdf758ac069452fa44e52576335dd79f8065,pi_3,downstream,/home/qy/DVGC/JIT/runs/campaign/all_proposers_v1/round_000/proposers/pi_3/tasks/acquire/attempt_0000/result/catalog.json::dense_v1_train_x2.95_family2/variant_2,/home/qy/DVGC/JIT/runs/campaign/all_proposers_v1/round_000/proposers/pi_3,f6f8abdd47f3dd62648e777cfb47fe3cdfad8dbc93c381a45a3dd1f4fe74e6fe,07ac73e08bffee20a5f9389f186b7053881bea217686637e9909ef5aef248c0b,4db444e24eec00f2011828f85d1c5797bf79d7a166bfd1c29f79bb59992cbf33,True,-0.13722698092460633,-70.08101937513243,39.8360230698726,117.61175939411757,-120.41530616159768,-1.8462426028802137,1.4798094367980958,1.2924311426628217,1.7413208484649658,0.009977874346077442,-2.9985153675079346,-7.9699266151135,-13.618135327556265,8.8397563285565,4.075266361236572,0.014120633713901043,0.3697208762168884,-20.029995901473246,-10.083372413196681,16.93296736249349,1,1,1,1,1
cfeb3825095199ecf2bb2d2923305639bc6a036652d9a3bca1348fedc5089330,pi_3,downstream,/home/qy/DVGC/JIT/runs/campaign/all_proposers_v1/round_000/proposers/pi_3/tasks/acquire/attempt_0000/result/catalog.json::dense_v1_train_x2.95_family2/variant_2,/home/qy/DVGC/JIT/runs/campaign/all_proposers_v1/round_000/proposers/pi_3,ec083ff677a76d228296579ff9a843dec83126c1e1c44345da382de446e33a77,1d6a6cc899e132df520cd4d0f27485a6d3069b26c583a90f22dd060ea2ebccc6,0aeb1ebcbb987bd8dbf6eaa24566818b89fcfbe33fad9044472be2ccec7c8f4c,True,0.9750907421112062,-74.8003249217744,-541.0425614414014,118.21210570140501,430.5216312360243,0.09668330833740714,1.149889602661133,1.361374240183898,1.510514497756958,0.13674627244472504,-0.1595384180545807,44.73805325228534,149.55051625504092,-69.12945791053376,4.141254901885986,0.015009426511824131,0.26578161120414734,-15.931506739061245,-93.58986113977765,16.792509695691486,1,1,1,1,1
71b56e409c4330f3d8fac90439c7e13178b417294770d04279a217942b9d05d3,pi_3,upstream,/home/qy/DVGC/JIT/runs/campaign/all_proposers_v1/round_000/proposers/pi_3/tasks/acquire/attempt_0000/result/catalog.json::dense_v1_train_x2.95_family2/variant_7,/home/qy/DVGC/JIT/runs/campaign/all_proposers_v1/round_000/proposers/pi_3,10fdfacfa6c3bdcafb89baea33b5fc1c17a24dc1a5a44c9cc33e6aa2064eaeee,20d2e4f5c39a5e2c4fe0efd5f8740c68c4b1bb2efec4f20420b9f1a82ab027a0,840164fb1d7b8abaf43dd8c9908878f7f893419c164570000d19cb6fb06806ba,True,1.0421771240234377,-64.07002943379267,410.0241242537893,124.43306931820929,-586.3060611465359,-0.26505576281587406,0.2500793886184693,0.5865843422585585,1.0100151300430298,0.036507122218608856,0.0955246090888977,7.00973349895123,40.07131284149579,15.804472050688178,2.8467445373535156,0.004604353569447994,0.11728085577487946,0.7849757654238471,71.94652162238134,2.7354611363484214,1,1,1,1,1
6a5b7cec3383c6b834db6399aa793f7d43334ab8543550b26bf415efe472ca89,pi_3,upstream,/home/qy/DVGC/JIT/runs/campaign/all_proposers_v1/round_000/proposers/pi_3/tasks/acquire/attempt_0000/result/catalog.json::dense_v1_train_x2.95_family2/variant_7,/home/qy/DVGC/JIT/runs/campaign/all_proposers_v1/round_000/proposers/pi_3,eb5f9fdcc38948b48ff22342ec28c72ac22d822574c1ea0b23986b98716b4022,ae2abddf6f149d0dfe2287edd60d27624b764c435223fceaa508961b3f3b057a,41aeaf8e74d9510024613e93002233da92b7364f7b16d65ded0d47e3976c51d3,True,-1.1921920394897463,-47.089902534479585,-282.534654565026,68.85859309861857,-1233.4491090039955,14.969260633636985,-1.04006272315979,0.9291843378750038,0.7380241751670837,-0.015239626169204712,1.9298049211502075,1.761304296365773,730.0614350983877,7.231693302635488,2.883629083633423,0.005078704562038183,0.15950907766819,-0.2339025495305841,28.64500400161683,3.119845836695868,1,1,1,1,1
f1bd9b579f923a8aed33f51525aa6acb2fefc0c7c690fd5a96c3bfacd383588b,pi_3,upstream,/home/qy/DVGC/JIT/runs/campaign/all_proposers_v1/round_000/proposers/pi_3/tasks/acquire/attempt_0000/result/catalog.json::dense_v1_train_x2.95_family2/variant_7,/home/qy/DVGC/JIT/runs/campaign/all_proposers_v1/round_000/proposers/pi_3,dd2a5ed67c484b51a13f812040c4e76c354a4bd5168b0e36b62787a1a57fabde,2400b1225342b9dd1c304b68221a9f8fbdc5c949da988d57d490ed244d3dd097,78c36e5bfcad6a12bf39f5a0a7bf564a2b5418fc5cf339b4800b0e9044fc4e2c,True,-0.2598163437843323,-60.62433560130464,-275.4940955685769,54.025683013966145,649.2071856661508,32.18010518777469,-0.08721614003181459,1.277767688852257,1.7438868284225464,0.0181585680693388,3.291282892227173,5.217991745209765,-49.858967091934886,-4.062831306076303,2.933823347091675,0.0053195771761238575,0.2730525732040405,3.1960329159643184,-48.83484511268859,3.7845337465964417,1,1,1,1,1
de89098361cca61f682afd323f9a5be0997507d62ccf1b6342bf5175bf20b611,pi_3,upstream,/home/qy/DVGC/JIT/runs/campaign/all_proposers_v1/round_000/proposers/pi_3/tasks/acquire/attempt_0000/result/catalog.json::dense_v1_train_x2.95_family2/variant_7,/home/qy/DVGC/JIT/runs/campaign/all_proposers_v1/round_000/proposers/pi_3,04e6ab8aae17aa32e6e507790cbf51bbce000015739b1818a46a6163261e4c1c,a78db3d1cb5edbbf1968b792b32c85155555280f7d7caa7698d066b578e4e2c2,14636092eb84191621fe3f1a75f3ee3aaafd4fdfeadca6a8ef7a352050d773d2,True,-0.1684916067123413,-65.16752472019783,-25.84426956452747,88.34290981937386,338.75014403822246,21.439666001339376,0.5383145570755006,1.2143645903194529,1.6472336053848267,0.016174472868442535,2.658775568008423,4.369678835199596,-115.8534364753245,-2.4722200538149073,3.0085086822509766,0.006006820593029261,0.40606212615966797,30.72430141517089,-93.0895088019392,3.0653353858369217,1,1,1,1,1
51645cff0efe7da2099faa16da89de4c5fdb26e05478f2686650d4a4579c79fd,pi_3,upstream,/home/qy/DVGC/JIT/runs/campaign/all_proposers_v1/round_000/proposers/pi_3/tasks/acquire/attempt_0000/result/catalog.json::dense_v1_train_x2.95_family2/variant_7,/home/qy/DVGC/JIT/runs/campaign/all_proposers_v1/round_000/proposers/pi_3,513afa8a06b171fad7bde213d05885e23ec563c7e625ea313e235abed7dafb43,d14d5b4d4857941333cee80194f04669a916c88307ce2ac77ba0a78fe900ce9a,9e04002801f6ca1ea3620886231908a4a059a58b16af20db497b11d4805c0ba9,True,-0.39706833362579347,-64.97715368765124,43.12555828736664,88.59024462959836,-308.5454356037819,21.328746183595424,0.27228463649749757,1.2977039996195574,1.3230098485946655,0.024416927248239517,1.5471445322036743,4.1622216575573905,101.882789962062,2.0211639659807856,3.0381052494049072,0.006407385692000389,0.44805681705474854,30.378031314818752,-6.908982232278018,3.056288466451451,1,1,1,1,1
4aa150a7b0ab5e776d8db222aabf94f4ca5cd0cace61557be11b6c3b8a5087b2,pi_3,upstream,/home/qy/DVGC/JIT/runs/campaign/all_proposers_v1/round_000/proposers/pi_3/tasks/acquire/attempt_0000/result/catalog.json::dense_v1_train_x2.95_family2/variant_7,/home/qy/DVGC/JIT/runs/campaign/all_proposers_v1/round_000/proposers/pi_3,3dee81a7ea0e4f6037f91962a555f0f98e41889401c5f8010147ffd9c7866c76,f254f907f5c62dc4c78207ab85639c2515f553e0add5bbf8757001a76a9d0165,0fd45daae9a3b24e4826cf0abbc8b4f2fbb9a4f638d0d8e2121e99c6ad414288,True,-0.26551352024078373,-51.598042537646855,398.2181149526656,59.28239467469389,-697.2188802857316,23.313905482370398,0.4241067695617676,1.5022015897522378,1.1813344955444336,0.028067439794540405,0.656222403049469,3.2652325506534794,-22.390907137148805,0.8189108666239678,3.083865165710449,0.007667687721550465,0.47556009888648987,31.39515576526037,26.15964159662176,3.204918791487349,1,1,1,1,1
28c2ac3fc46a602d6687e48fce40ffed14d1535727eea289b2f4a079813205e2,pi_3,upstream,/home/qy/DVGC/JIT/runs/campaign/all_proposers_v1/round_000/proposers/pi_3/tasks/acquire/attempt_0000/result/catalog.json::dense_v1_train_x2.95_family2/variant_7,/home/qy/DVGC/JIT/runs/campaign/all_proposers_v1/round_000/proposers/pi_3,7ac5151544316f3c74075731d0b5958d0c26a5a48ba30a2e097058706415633c,281a6c4c9044925fa41ae771248c2af0fde6e1f82ee984b611fb6d05ed93e4a4,ec40dc26fe160253c9d11f34ef3ee3e8dce38d0987992fcfa0d2f737a550b973,True,-0.1075286626815796,-33.60624509394441,501.20955390004735,34.52235104656154,-548.9553629156179,19.2763498627932,0.6122033977508545,1.5700056303631862,1.2983863353729248,0.025148101150989532,0.5897030234336853,3.308007250660919,-176.37725901280322,-3.3733977742273287,3.133298397064209,0.008711366914212704,0.5010177493095398,34.35217346829609,-37.98609706902592,3.0170532591502157,1,1,1,1,1
c6c05731db6e47ee17cbd6654cc60c122659d66472888db42f3b02c35be24823,pi_3,upstream,/home/qy/DVGC/JIT/runs/campaign/all_proposers_v1/round_000/proposers/pi_3/tasks/acquire/attempt_0000/result/catalog.json::dense_v1_train_x2.95_family2/variant_7,/home/qy/DVGC/JIT/runs/campaign/all_proposers_v1/round_000/proposers/pi_3,1276d791de730f54c1e1cc496958012776466f3083289d48c0d6a87d958a1a9f,c161fff7cde9b7d8cb60ac89ab720566a6a6cabc3a53653084cbd01c863534e2,3509094f928da35f456efa01531b4e9d24fd8e6e35ce806ee83ee74fc83b1753,True,-0.09869040966033936,-16.615101099500095,410.3027140096558,16.87681858056935,-379.86001446377537,12.879911217383272,0.6110115814208985,1.5864061326950873,1.4106507301330566,0.01997576840221882,0.5883979797363281,2.706193306475572,-175.46206830553487,-5.479451813524675,3.1874818801879883,0.009590920992195606,0.5258424282073975,38.78081689971358,-25.97319109265875,2.6222735435429603,1,1,1,1,1
70a733ecee957b9e1bb871cc5e6116bd98600e6a7e457001ee28d2d877d7e932,pi_3,upstream,/home/qy/DVGC/JIT/runs/campaign/all_proposers_v1/round_000/proposers/pi_3/tasks/acquire/attempt_0000/result/catalog.json::dense_v1_train_x2.95_family2/variant_7,/home/qy/DVGC/JIT/runs/campaign/all_proposers_v1/round_000/proposers/pi_3,3629b78e4b61934909431b8d05a055d867a20555dbedb0a6995e89d0c5bfb512,93102218339bc03769d86baf6baf643cfeb8f72c31dafc27e6e855d85ae01530,ce6af69b6ca9271484570ba33fcf6cc7fabe60ccccca0400fef5493704018ade,True,-0.07610504627227783,-7.562967722664862,346.10188645325735,11.740387404899176,-210.1361383441299,7.767958772498328,0.6325973224639894,1.6023288675400165,1.5276057720184326,0.017277603968977928,0.47377511858940125,1.6591715172112205,-193.10947395090696,-8.64756419682245,3.24778151512146,0.010288078337907791,0.5508701205253601,39.97627758938423,5.699368536873454,2.210233393001405,1,1,1,1,1
33e46591f54b7e5ca41968837af7d0a8e910a70a5a7105fc482c2e81d2d8ad5d,pi_3,upstream,/home/qy/DVGC/JIT/runs/campaign/all_proposers_v1/round_000/proposers/pi_3/tasks/acquire/attempt_0000/result/catalog.json::dense_v1_train_x2.95_family2/variant_7,/home/qy/DVGC/JIT/runs/campaign/all_proposers_v1/round_000/proposers/pi_3,c41bfda626c7c7e583b4e3839eb9401b59571e9dd95909211ca6301ae5514eb1,2b634c0c8a46e4949bf58872cf5b89f4e0aba4c426663c6d6aeb1b8cf78510ee,d6991e364ab4fb204131b1f2992d128adbb3a0409a0d3cd88d42f013e959b35b,True,-0.13028177022933962,-5.008094055599749,200.41814519303577,11.716053148433714,-71.5795218978982,5.7698871762037545,0.5572944307327271,1.6055820836166246,1.5847058296203613,0.012324648909270763,0.5055141448974609,1.0141301595425087,-131.46968046531816,-8.19337113116859,3.2793631553649902,0.010555277578532696,0.5620884895324707,40.69782560349355,11.846114464382742,2.0040280574739975,1,1,1,1,1
80c4b01a327618f6ce8d3e5d113fc54b4a1b9a2ac0f6568f9ce2cc1c78c79dda,pi_3,upstream,/home/qy/DVGC/JIT/runs/campaign/all_proposers_v1/round_000/proposers/pi_3/tasks/acquire/attempt_0000/result/catalog.json::dense_v1_train_x2.95_family2/variant_7,/home/qy/DVGC/JIT/runs/campaign/all_proposers_v1/round_000/proposers/pi_3,bbcc2957d4391faaa589fd575c8dfa0964b7410f3960fec561f897352d6c6eb6,f3e15c3f1127811f027769054bf69464d483fc6e016f4ac0fbfa1e98475cef3d,cb0c8767ef412e817b90f8832a2d9167543711d475222667ab4e5a5600d047e2,True,-0.15772492170333863,-2.48407598155358,180.95456492660063,13.595648637261291,-72.99206648995937,3.06242260498664,0.5384335517883301,1.5965036083995132,1.6250361204147339,0.006010484416037798,0.3629530072212219,-0.402596295879278,-116.02439611024992,-9.188733745140901,3.3441860675811768,0.010865192860364914,0.581635057926178,40.017429479133554,40.939115696302586,1.640937624796811,1,1,1,1,1
ab7e988e1fb21a106edd8f3f52c22b803e5315f9a3b90c9080c32957082bcbd9,pi_3,upstream,/home/qy/DVGC/JIT/runs/campaign/all_proposers_v1/round_000/proposers/pi_3/tasks/acquire/attempt_0000/result/catalog.json::dense_v1_train_x2.95_family2/variant_7,/home/qy/DVGC/JIT/runs/campaign/all_proposers_v1/round_000/proposers/pi_3,7fc6cb784b104a6c27cce991040df496390d0898e8997f557253418018f6bb41,e69525e6ba371981c9d052785723353589ec98ed76acedee20c9b57799d6e3a9,08ca1393d1e90a49f5ded82b9a515dcfe2afc94630a64cbfdbb05edc1ed5d2ff,True,-0.20134185791015627,-3.1544507242972806,81.17658654973728,16.48904995836751,32.58790828492511,2.467926555854566,0.49260192871093755,1.5758740013845094,1.6771996021270752,0.0010516340844333172,0.37512120604515076,-1.1289844861913274,-78.49420050794402,-9.194391703094611,3.377814531326294,0.010891936719417572,0.5908876657485962,39.850281089765005,40.90355431638891,1.4736135334499305,1,1,1,1,1
7c60234390f88811191f716f1bb3ec88bdfd90b380ac8948509d9dd924493b26,pi_3,upstream,/home/qy/DVGC/JIT/runs/campaign/all_proposers_v1/round_000/proposers/pi_3/tasks/acquire/attempt_0000/result/catalog.json::dense_v1_train_x2.95_family2/variant_7,/home/qy/DVGC/JIT/runs/campaign/all_proposers_v1/round_000/proposers/pi_3,2ebf18c93f3c300b6568eb3718ef11c2dd183188a7dd2843c21dd0dca525ff8a,881e802f2fc250b32c8f07e4ec3f68766c9808dff6a03a88b7112e257e71c51f,3fe47200f615dc8b0c7fa47cccf3991b288c3e265ccebe7e1596a00c40afa520,True,-0.20750877141952517,-5.701745869591441,53.66169198781241,23.78680997329724,99.47112529821136,1.6070627495556558,0.4999339056015015,1.5016050435058894,1.7473111152648926,-0.005348006263375282,0.23483066260814667,-2.4395595833077874,-84.47366912626417,-10.592931846036313,3.4468584060668945,0.01073293387889862,0.6058488488197327,39.73520947772322,39.42327815342332,1.1215228695282287,1,1,1,1,1
a6f3778d7ec6db16536edd10ab7c23c0bbdd4509958d1d0b754f913781036d3e,pi_3,upstream,/home/qy/DVGC/JIT/runs/campaign/all_proposers_v1/round_000/proposers/pi_3/tasks/acquire/attempt_0000/result/catalog.json::dense_v1_train_x2.95_family2/variant_7,/home/qy/DVGC/JIT/runs/campaign/all_proposers_v1/round_000/proposers/pi_3,d10c3e614deb6c54e7b3d4a769f8fe7588cc8e52d0800d7119cb00f1973ca26c,ace4a3eeb872111ad63bf7a99c227aa9dd146bb3123bae1cc1ffbcbbec9134ac,475e38fba001e22fccd1e61814ceb88e6a35a4de954031257620afd59201d38d,True,-0.2199202370643616,-7.794529918548511,40.0081950633757,28.670320097775484,108.07688361467146,1.3175569081321623,0.49150761127471926,1.4473434565444414,1.7631858587265015,-0.008328121155500412,0.1324659138917923,-2.887009971590377,-77.52337790988591,-10.434165806326659,3.4824559688568115,0.010538439266383648,0.6118231415748596,39.605319770277085,35.447370396045535,0.9373301918074183,1,1,1,1,1
1df9f1719b8a9ccebad6c6f644b3b286f9cdd3edcfe0e6f17372589da6e78b01,pi_3,upstream,/home/qy/DVGC/JIT/runs/campaign/all_proposers_v1/round_000/proposers/pi_3/tasks/acquire/attempt_0000/result/catalog.json::dense_v1_train_x2.95_family2/variant_7,/home/qy/DVGC/JIT/runs/campaign/all_proposers_v1/round_000/proposers/pi_3,c6cf732831266996b4693f860129c23da27f3fcaf8d5cfb4b3d207c02dd9e70f,a2508459689d62476989ec5b2badc72d6876095eb9c70a2b8e6a0198acb099c7,e6933c7494e24649ce6031fc68812c1a75068a722c7a3b3099c2a2c87ba32ee5,True,-0.24097409009933474,-14.506481683839171,-68.17651674772276,42.54112290575074,310.5605326542325,1.073572302419111,0.4859036445617676,1.3087995686644762,1.878212571144104,-0.01782732456922531,0.08421684056520462,-3.986241406705189,-72.94624275081776,-10.746607687267014,3.5562844276428223,0.009889009408652782,0.6215608716011047,38.69765593147409,40.41959784765308,0.5727102795056005,1,1,1,1,1
bea5e326e42c4bb9e176dc37b885a7489ddd4580d965513675e40fb31c96afb9,pi_3,upstream,/home/qy/DVGC/JIT/runs/campaign/all_proposers_v1/round_000/proposers/pi_3/tasks/acquire/attempt_0000/result/catalog.json::dense_v1_train_x2.95_family2/variant_7,/home/qy/DVGC/JIT/runs/campaign/all_proposers_v1/round_000/proposers/pi_3,3e5b6426e0398c83bf30e86d4a04791c51c9aee93ab8673f5ba9eabd8e487cbc,4e1f071f0df98d35e0929d75f68249878dce05b53ab7885e517cdfc183712bc1,40ff90b2ab3ecab35593b9d2c47724dd33642294c4cb6e096ab3c23481758d50,True,-0.2833522129058838,-20.555910222280474,-189.06807833976708,52.882746479012894,457.72616541715837,1.7093866787141947,0.4409419679641724,1.2271038304346744,1.9443851709365845,-0.025664782151579857,0.18139056861400604,-4.246567663617878,-36.14582554057104,-9.331428349733516,3.5949032306671143,0.00937074888497591,0.6278388500213623,38.275492184159354,37.5480087356613,0.427195716328173,1,1,1,1,1
7eeb634900ddd4669975cafb1eb238bf883a4e5bc8938912d1323016f6d6dd15,pi_3,upstream,/home/qy/DVGC/JIT/runs/campaign/all_proposers_v1/round_000/proposers/pi_3/tasks/acquire/attempt_0000/result/catalog.json::dense_v1_train_x2.95_family2/variant_7,/home/qy/DVGC/JIT/runs/campaign/all_proposers_v1/round_000/proposers/pi_3,e21e654c72470ca784dfed3725c2cb069e9c29afcc14eb92fdc628b108d00a65,7d785264aced7dbf1c59ae112e4a5deffbfa8a98acc6523b5ab687e2bc7ca699,fd72693a46b7dda80975deb250f0756fc8f9e8552f9320acea93d303ab142f03,True,-0.36142322540283206,-29.41386132101224,-349.1360477278738,65.7377772140022,588.8235049500624,3.519217955933126,0.35325962066650396,1.1412418269497746,1.9909471273422241,-0.0348154678940773,0.35782188177108765,-4.373148998184785,35.61420118161768,-6.879798968388669,3.6345531940460205,0.008678276091814041,0.6372597813606262,37.38477062959258,41.29734204279683,0.34588497672554913,1,1,1,1,1
5bdb925055efb4ff759e473b6cc5a3ea6fa42ec17b2a63b20ba0bfa80bef678f,pi_3,upstream,/home/qy/DVGC/JIT/runs/campaign/all_proposers_v1/round_000/proposers/pi_3/tasks/acquire/attempt_0000/result/catalog.json::dense_v1_train_x2.95_family2/variant_7,/home/qy/DVGC/JIT/runs/campaign/all_proposers_v1/round_000/proposers/pi_3,f50c5dca367b2a18188e4e007ae4530ae144873a99973b6af6f4cb9614d3485a,0743c4707e72b98c747cb470cffe10ed7318a7988b8424ccbb60cfc43c3131ff,0968eede2ec979bbd2334cb8a68da28f768daeb8916250618b93feb04a4f7471,True,-0.4107651090621949,-40.50780291059462,-453.7496566031336,80.55724548636803,699.501092374243,6.182607204514646,0.7053262901306153,1.047543096594363,2.0453038215637207,-0.04397450014948845,0.5615194439888,-4.990431186406096,66.80921532872375,-5.619384460371665,3.6751551628112793,0.007809084374457598,0.6505331993103027,34.823627275756216,66.22017981470185,0.3164682735621922,1,1,1,1,1
7920fd0928cc906b3477e47a6150b513dd83a335f5525a1ac06651e276b34178,pi_3,upstream,/home/qy/DVGC/JIT/runs/campaign/all_proposers_v1/round_000/proposers/pi_3/tasks/acquire/attempt_0000/result/catalog.json::dense_v1_train_x2.95_family2/variant_7,/home/qy/DVGC/JIT/runs/campaign/all_proposers_v1/round_000/proposers/pi_3,15f64d772da4e0f16cfb2af1549772bf2e5eebf48a9ceb77832b3c45d5563ddb,d33fd075f5e7f1ce5498c4e0acc385069ed8006006ffa6b107891ede4c7cc28c,17e9026946f24a91f09b41c7f28aa2ca7167c59df02e237a30f18354227feab2,True,-0.29239724636077885,-55.664802056269565,-232.25429895224718,111.20183859392486,619.8392300465503,5.374502247252294,0.8811640930175783,0.7626148290854698,2.066321611404419,-0.04920381307601929,0.22735682129859924,-8.233225284975614,-77.1248978435182,-5.94524808991792,3.759549856185913,0.005786329507827759,0.6748013496398926,25.12379047502326,107.77076819644984,0.10347407682387132,1,1,1,1,1
d7da7d267804bbfca460c89d1fb96cc9c740c0b17301fccf6334790ad04615f4,pi_3,downstream,/home/qy/DVGC/JIT/runs/campaign/all_proposers_v1/round_000/proposers/pi_3/tasks/acquire/attempt_0000/result/catalog.json::dense_v1_train_x2.95_family2/variant_7,/home/qy/DVGC/JIT/runs/campaign/all_proposers_v1/round_000/proposers/pi_3,5fdfb3e9f817b3fc6dc050c3a94ee37352094ab82654aebcd5f2afe677d65bd7,088143d68212a0ad412ba17249656187bb8ed95caf13670e0c37a8a361a3f370,edcdfab032e0c24db29853f436dfb70274a3ec810943e775886868f43d3e87d1,True,-0.3155781507492066,-60.31545395646915,-165.34534237107374,121.87054626616059,446.0404220869402,4.480819813282433,0.862294101715088,0.575757489591507,1.9755053520202637,-0.04537053033709526,-0.266081839799881,-9.733237279547964,-61.68095220552727,-4.786003197660791,3.7996692657470703,0.0048394883051514626,0.6750072240829468,22.714171452829046,66.54416983798141,0.0054530565180299475,1,1,1,1,1
6d7a9ace7e18355e9a2e770a3437a1cdd6096ed4f8328fc0662d8301604d5b2b,pi_3,downstream,/home/qy/DVGC/JIT/runs/campaign/all_proposers_v1/round_000/proposers/pi_3/tasks/acquire/attempt_0000/result/catalog.json::dense_v1_train_x2.95_family2/variant_7,/home/qy/DVGC/JIT/runs/campaign/all_proposers_v1/round_000/proposers/pi_3,3d7c13cd57d2bd27b5dd7c83657e5bbd0dbe64458b86e2c920ce2f38dca84f3b,2272340c136934dec240667d498c44a19474d11235ea6c9b97def5dc52e474d0,987d000ce54fe93b277b9f3d02940e40636529b6607c2383f17c087172737a71,True,-0.3412084770202637,-63.6044154380729,-106.93336651363876,129.09705033257416,284.9879219111112,3.860990326995084,0.8412237262725831,0.37194116269296207,1.8915174007415771,-0.040801048278808594,-0.7895228266716003,-10.734224554301782,-44.43995989124389,-3.2613747744328916,3.837993860244751,0.003992005251348019,0.6647210717201233,5.847016309274796,-209.6560989888831,-0.028138703967461345,1,1,1,1,1
4c7aa92726b3bcf0b20157b9b446a57cd70eb3b2f0b066a90b2e374c4573632c,pi_3,downstream,/home/qy/DVGC/JIT/runs/campaign/all_proposers_v1/round_000/proposers/pi_3/tasks/acquire/attempt_0000/result/catalog.json::dense_v1_train_x2.95_family2/variant_7,/home/qy/DVGC/JIT/runs/campaign/all_proposers_v1/round_000/proposers/pi_3,ebedc3bf922489bdbd21d85dba6f5c95dac4a52b92eaf77edda96278ba8d4b0b,b40e3b061f6aa9966ec2c262b75fd9906ac5c214118a986a930c1686e0d88b5d,921f3b5c15205ece0821b9d704d455150b4b734edf6917d1b6f8bd21f5e93b3b,True,-0.3442750024795533,-65.93227368080747,-65.70614660795586,133.9241635850756,196.44987358715005,3.425890470331675,0.8373030757904053,0.14719530569340786,1.849578619003296,-0.039027925580739975,-1.1797839403152466,-11.701871968169474,-41.23489020812082,-3.906760202881043,3.875093698501587,0.003202717285603285,0.645468533039093,-4.046014099679263,119.34752902827124,-0.0711469021097156,1,1,1,1,1
7afec7f67531a5de91399affcf0f431aac6de9d9e50e33470d990f3a67685c8c,pi_3,downstream,/home/qy/DVGC/JIT/runs/campaign/all_proposers_v1/round_000/proposers/pi_3/tasks/acquire/attempt_0000/result/catalog.json::dense_v1_train_x2.95_family2/variant_7,/home/qy/DVGC/JIT/runs/campaign/all_proposers_v1/round_000/proposers/pi_3,89e7c9f8f44773765a87649906c011a142c91949c1204858fece6f3ed68f0a9a,b8df0d38e9acff4966ad5ec6c0e76d0e1423c27ce36c243f6a6242b6b0ebf00a,87829b337159269590f8c3c681f81ee32104cae87cd7d5460b5fdc8e9db56b1e,True,-0.35446765899658206,-68.46635582515225,-14.300326937894322,139.13095339315973,57.622645046002454,2.6870475202053674,0.8192971897125245,-0.34638058162806123,1.7839123010635376,-0.03760980814695358,-1.8857295513153076,-12.643066913155353,-26.49721686616047,-3.384590319842864,3.9472503662109375,0.0016917744651436806,0.5851019620895386,-12.616687015033472,73.18578431519927,-0.1733968580860835,1,1,1,1,1
67aa02e0a925948dddbc078578ced23987a7c859834fbc70adf228928a438ca1,pi_3,downstream,/home/qy/DVGC/JIT/runs/campaign/all_proposers_v1/round_000/proposers/pi_3/tasks/acquire/attempt_0000/result/catalog.json::dense_v1_train_x2.95_family2/variant_7,/home/qy/DVGC/JIT/runs/campaign/all_proposers_v1/round_000/proposers/pi_3,583d99654b36023dc7de93421ed2b1ce812c48cdf1e166fdd6e9dd8e49500aa3,0dd3c69948f037850e54558e5f203e0ed48f42925082ffd5c3e0cc414fb1fe7a,fc57b63d773f3363d791eb47aa90a8f86e2c549e0b8a364117a80e1e7821e013,True,-0.3381383800506592,-69.11122130544983,5.806982436115236,140.31636004437212,53.99557895519931,2.4032115252454864,0.8336858367919923,-0.604172344229761,1.7898050546646118,-0.03801431506872177,-2.098388195037842,-13.047804286576445,-38.28087437322532,-3.448548424674275,3.9826977252960205,0.0009460877627134323,0.5457729697227478,-14.083794573279286,39.532779746196965,-0.22833867650104647,1,1,1,1,1
f1109a228f26d45c70645f0f90bcc8725c440f1791ee38325193d724e0c84042,pi_3,downstream,/home/qy/DVGC/JIT/runs/campaign/all_proposers_v1/round_000/proposers/pi_3/tasks/acquire/attempt_0000/result/catalog.json::dense_v1_train_x2.95_family2/variant_7,/home/qy/DVGC/JIT/runs/campaign/all_proposers_v1/round_000/proposers/pi_3,1e2ef4faeed7871e1e88a6d2bc3417494d240f195f1487488c88e530a4be0fc0,0765aa1c01862eb98217eb86a27b08db21adc198c91a94bb0dbd8c083c6e07ca,9d9cc9e13b5d1e4aca6aaf6c9e959486b8184e382493bcb85060c90e97ebcdc6,True,-0.3351032304763794,-69.59201881169454,25.571256658118305,142.0057117129264,26.95564038023151,1.5479116543911107,0.8375821208953859,-1.1384712229872958,1.7831521034240723,-0.0391547828912735,-2.5537402629852295,-13.541854921131916,-41.46028303563666,-3.3239348249185654,4.05352258682251,-0.000570491305552423,0.45359981060028076,-12.915748555389774,-14.500773353240334,-0.3444174360483612,1,1,1,1,1
21e7ad47439161ea05260b353b97c02afdb66939e7d674f617728ce43a81aa84,pi_3,downstream,/home/qy/DVGC/JIT/runs/campaign/all_proposers_v1/round_000/proposers/pi_3/tasks/acquire/attempt_0000/result/catalog.json::dense_v1_train_x2.95_family2/variant_7,/home/qy/DVGC/JIT/runs/campaign/all_proposers_v1/round_000/proposers/pi_3,d6727bef30c255352fc03285a83f459bcc2bed921fb8141c86626ec4cd2bd43e,123b863598f1063e1969ddf8aa18067fdb466a17fc5b38ff480e471ae9b68cea,787e2d44c5d9eb3441386e522ae0b85dc18d745a4a12f7f8589b963ae609ebf4,True,-0.3356178951263428,-69.5791370749199,32.424485763748805,142.4722546143733,16.66886664109914,1.0897872411079468,0.8384618473052979,-1.4109224196033336,1.7807825803756714,-0.03981861472129822,-2.7727434635162354,-13.678838633804753,-42.18433431407678,-3.313214629572819,4.088830947875977,-0.0013448309618979692,0.4007611572742462,-11.656524634722468,-21.248942196604986,-0.4008394154235276,1,1,1,1,1
ce9152cc964b7744baa213a6fba6a4c9e88067925f08136e5417a0d03a23038a,pi_3,upstream,/home/qy/DVGC/JIT/runs/campaign/all_proposers_v1/round_000/proposers/pi_3/tasks/acquire/attempt_0000/result/catalog.json::dense_v1_train_x2.95_family2/variant_12,/home/qy/DVGC/JIT/runs/campaign/all_proposers_v1/round_000/proposers/pi_3,332c747c369f0683ee27c4fbcccb054f030297845e829d4dfb71a8f46be1e3bb,861076aba026332f93f73dff09e00e70b1161908343b97ca0122e3362deb13f5,280372002f39eb9209be92d3b76cb3d9a1a5496ea4e335384c41087d104d0b36,True,1.611936492919922,-65.79988412412511,258.37236860248566,124.74220368004407,-565.6186202638611,-0.028692218802136193,0.30489249229431153,0.5808280341826394,1.6186504364013672,0.07153225690126419,0.07094413042068481,7.823395151754632,24.735591550903706,19.980043312978356,2.8507461547851562,0.004744729492813349,0.11817851662635803,1.2448781755327518,50.23440551513757,2.718021169191387,1,1,1,1,1
3f82e1455008d3c2e51c2c9689432835236c881f56c114dda96b19225ff72e87,pi_3,upstream,/home/qy/DVGC/JIT/runs/campaign/all_proposers_v1/round_000/proposers/pi_3/tasks/acquire/attempt_0000/result/catalog.json::dense_v1_train_x2.95_family2/variant_12,/home/qy/DVGC/JIT/runs/campaign/all_proposers_v1/round_000/proposers/pi_3,dbce055f50315b92c704d80f9280a516dee694dfe6785b0436b3c3a8f7303f0e,cc5a23862561bf3b198da858fa699e4955beb7d89f11d17c785c7b2c83714f16,fb293edaf7e1107d52ad86c13cb90084698c46af59a605360484ad191a3bfd0f,True,1.2172936820983888,-57.31528653335188,468.7975195711555,110.82462773663258,-816.6616221510328,-0.007171934585698841,-0.5437324380874634,0.7038874649581565,1.2301042079925537,0.04578273743391037,0.041870806366205215,5.520947347166619,10.917635624084134,3.6390654525143793,2.8772265911102295,0.005765411537140608,0.11851420253515244,-0.10165379212868572,12.043360936102601,2.9125390603808006,1,1,1,1,1
8f2ecdfd66204aa10dde8003f655e24129cf9adf427e53dd8ba821e8a8993728,pi_3,upstream,/home/qy/DVGC/JIT/runs/campaign/all_proposers_v1/round_000/proposers/pi_3/tasks/acquire/attempt_0000/result/catalog.json::dense_v1_train_x2.95_family2/variant_12,/home/qy/DVGC/JIT/runs/campaign/all_proposers_v1/round_000/proposers/pi_3,3adb0933a36c55d1c72a664fdc9a8dbe804994b60221dcb834be093f4a4b2ca2,d35a1eccffd97ea6dd03e3225649a3eeb37b883a0cb22711637232728bba1e25,f9d515810f991bab907da2d73821ecdffa0ccc2a9304624f4a2ec070d5386f5f,True,0.8832463169097902,-41.05403362908805,256.4973997130471,67.1519747118425,-1432.9857090016144,4.038325844296779,-1.0933051300048828,0.8830228784172429,1.5308150053024292,0.03807631880044937,0.823815107345581,1.4915513111814085,293.059948755259,13.862919915899413,2.9317948818206787,0.007685231976211071,0.13012485206127167,0.6665621098046582,-9.264673495880396,3.238508288739531,1,1,1,1,1
cf73fc38c1d92498574d5b2494da21ae8a94410856ad25260df6b536c3ddb0c0,pi_3,upstream,/home/qy/DVGC/JIT/runs/campaign/all_proposers_v1/round_000/proposers/pi_3/tasks/acquire/attempt_0000/result/catalog.json::dense_v1_train_x2.95_family2/variant_12,/home/qy/DVGC/JIT/runs/campaign/all_proposers_v1/round_000/proposers/pi_3,28d3743665a8e8cf661ca3f49e5fa0fe906bef6badfca3377ef9be6c17036890,152033d38fe033f624807a6c5c3a3d8841fb448d8af77c3e5996618da195c04c,9b54a841b6f510acb4e2bceac51ac7688e5869c081d0ff461bac8f3b7e10aa45,True,0.4342633438110352,-50.502749987249025,-406.6403392559383,25.0966763315656,-129.33635284033474,25.57227526338342,-1.1073159980773928,0.9822869078257499,2.007704257965088,0.008200394921004772,2.9461522102355957,-6.130177596130131,304.58018294150935,9.323670108610028,2.9980452060699463,0.007944964803755283,0.21992206573486328,-2.4593660646837665,-12.699724186094256,4.436821210157602,1,1,1,1,1
841a562b07ef64c269d2f35a3e406fff9da9ee1d14c5c5f0300de752e9f5ea4c,pi_3,upstream,/home/qy/DVGC/JIT/runs/campaign/all_proposers_v1/round_000/proposers/pi_3/tasks/acquire/attempt_0000/result/catalog.json::dense_v1_train_x2.95_family2/variant_12,/home/qy/DVGC/JIT/runs/campaign/all_proposers_v1/round_000/proposers/pi_3,487019c2bc096ba0024acfeefc5e76ec60e98da4f629238c110a3d6e07175bda,d1d0056a5524abbfc09bacd2f93f0874dbee3f9a26d686f667b1b40fa0e2b039,134dfe509b70478897bae121be35c5cc0679bb69efc6bab18f60b227ea9a277c,True,1.1079305648803712,-56.6321993144589,-170.61410931568656,34.4940706483031,697.5609908008792,24.817919806633384,-0.42797805309295656,0.9571347327971834,2.341066360473633,0.03930032253265381,2.600766897201538,1.0172565719133762,-251.45759436979148,-3.9775982291973606,3.0429489612579346,0.008569459430873394,0.27537086606025696,11.117970195082485,71.04566748218085,4.374041554981776,1,1,1,1,1
ec3cd6adb363ee6d616717988fc2ec9b4b44d40ab25898ddd972fc74cb41cc36,pi_3,upstream,/home/qy/DVGC/JIT/runs/campaign/all_proposers_v1/round_000/proposers/pi_3/tasks/acquire/attempt_0000/result/catalog.json::dense_v1_train_x2.95_family2/variant_12,/home/qy/DVGC/JIT/runs/campaign/all_proposers_v1/round_000/proposers/pi_3,7b3736b413853205a77592df94abb60af824b5a32f67f72023e65e7b38879d9b,9a2a4c2a7233f97c888c3018ceb6fe1ca5918bd6f2ec5f060ac5362c7dc98e35,a377d26174f2ee9d7dc686d3a5d1d4deb35f29735fdd32233e492fa940076ab1,True,1.1491933250427246,-59.896462832023886,-141.34168072181777,50.79502744221221,738.1629137182366,18.56344362247511,-0.36704802036285405,0.9191670566052145,2.328084945678711,0.03366619348526001,2.6820671558380127,2.200556750097055,-301.3325919157084,-6.559687211897212,3.090296983718872,0.009364616125822067,0.3290560841560364,28.723397497815654,222.7006947940969,4.055495623496352,1,1,1,1,1
910c6bc09885d631034087d1d32c9166886fd550ff292d9b3375d332bdfeaa45,pi_3,upstream,/home/qy/DVGC/JIT/runs/campaign/all_proposers_v1/round_000/proposers/pi_3/tasks/acquire/attempt_0000/result/catalog.json::dense_v1_train_x2.95_family2/variant_12,/home/qy/DVGC/JIT/runs/campaign/all_proposers_v1/round_000/proposers/pi_3,b502e95699b00da08b996983219c402f43278f4ea0665e06b69fbf558af33ab8,402d96c2fd67a0de6001f3a2a700be324987492e6912b001f2327426e07ca530,6df863e0c3ca1da835f05d191e9ce0a74524965515d661757fca29eb98716e58,True,0.727895498275757,-61.465610001375104,-107.27275178330753,54.187247723688216,-236.95486245980663,16.349486425572586,-0.8431590843200685,0.9013509104050832,2.0741634368896484,0.026224911212921143,1.884329915046692,-2.228116776841468,88.37841997286876,3.9158063615499015,3.1342036724090576,0.009986314922571182,0.37299081683158875,34.09486999697795,-46.40895999498599,3.979606878817873,1,1,1,1,1
9670b219aead169b39916dfd9346c9ea8ca3448b7afd96012d2097f3fce44ce4,pi_3,upstream,/home/qy/DVGC/JIT/runs/campaign/all_proposers_v1/round_000/proposers/pi_3/tasks/acquire/attempt_0000/result/catalog.json::dense_v1_train_x2.95_family2/variant_12,/home/qy/DVGC/JIT/runs/campaign/all_proposers_v1/round_000/proposers/pi_3,ec0fd55b1ae67686466fca1d7fa43d2548024160bcfee050a699e0c1b7b2326e,690f264349b7cf26744ea8e8b611134d37ad986af24195c62c128f5fd54adec6,288ee529e5cbd28cd79e7c6370c2463ad35d7256730112256b37ae2db097bf76,True,0.964407720565796,-56.8709724825588,255.53103722851705,45.64357241168895,-397.28904530100374,14.271132527201516,-0.569599084854126,0.8758443743635823,2.155225992202759,0.03871425613760948,1.2294546365737915,-0.9162846047526084,-135.56248008015154,0.9049940886111657,3.1772096157073975,0.010763082653284073,0.39896270632743835,31.609968629751855,37.54435116936075,3.9898982763952207,1,1,1,1,1
0f7a6c61fa3b6eae9beb2a8027ca2423659643eeb29f70bed775589695fe7a4a,pi_3,upstream,/home/qy/DVGC/JIT/runs/campaign/all_proposers_v1/round_000/proposers/pi_3/tasks/acquire/attempt_0000/result/catalog.json::dense_v1_train_x2.95_family2/variant_12,/home/qy/DVGC/JIT/runs/campaign/all_proposers_v1/round_000/proposers/pi_3,f4ee51ffd8774831bb4880449a00c9dcd15ce8136b59b005380c7a323c7d2e8a,2a477922a264eceafc4feed47a2e60250c90fbfa56cd2801d3f6bdb6be6d088b,0a0669e4f158805b944c5c1a34a2f392dc4a4d0471db09212dcc3a9ec89a124c,True,1.0861506938934327,-39.80117202963261,403.4917859731025,22.659427486631394,-388.3439017148749,6.305821166598454,-0.42230115413665775,0.8268258862138368,2.1698055267333984,0.03870515525341034,0.9212498664855957,-0.14490289012864363,-256.11119349661794,-1.2473897641566125,3.26313853263855,0.012364456430077553,0.43517187237739563,32.53876507384687,1.9326353228273117,3.894744887924376,1,1,1,1,1
79e75336f707437635f2ee8138f8d66124ef4e6eb2b802ad3078d7e164001453,pi_3,upstream,/home/qy/DVGC/JIT/runs/campaign/all_proposers_v1/round_000/proposers/pi_3/tasks/acquire/attempt_0000/result/catalog.json::dense_v1_train_x2.95_family2/variant_12,/home/qy/DVGC/JIT/runs/campaign/all_proposers_v1/round_000/proposers/pi_3,3be34f0d58c1ccbe3d3f6d002d62ef6dd174debc16b2ddbf64f6785fee6afdf2,af8b53723155dcff4885acf637133060d59e01ce3aff61508c8f793066f5f029,17f79f0c826b2844e7d60b2ae3b84aebd5ab1ab4e9b6222605b446dcfefa2c25,True,1.0260274887084961,-29.27237053726084,357.1362756234664,11.369348477295635,-406.6291923872128,0.6254401757553101,-0.479454197883606,0.8183895196011817,2.098607063293457,0.030431067571043968,0.9478753209114075,-0.5910377733049184,-209.28497383014127,-0.319802396946823,3.30592679977417,0.013113647699356079,0.45091190934181213,34.24717297018548,-20.973487497567543,3.7794244818654286,1,1,1,1,1
c3920df6d02dd954579ad487c5c7a818001603c023572e968bf90fa472c98467,pi_3,upstream,/home/qy/DVGC/JIT/runs/campaign/all_proposers_v1/round_000/proposers/pi_3/tasks/acquire/attempt_0000/result/catalog.json::dense_v1_train_x2.95_family2/variant_12,/home/qy/DVGC/JIT/runs/campaign/all_proposers_v1/round_000/proposers/pi_3,c32ff3d443cb9d9913af5da65564f58a1f4fbb4b85334d0d5ca7f6fcd099c9b9,7dec5fb8c4eb53d86cde936b98c92729c9bc434f1fb5539b8ee210348f63af6d,c747588fd70486333f121745a7d1bac0b9b56c7bcd09aa65f6a1b6b32a050c57,True,1.016967535018921,-21.01473500996525,347.29520246352865,2.6652877304231883,-373.07465865547454,-4.2461396591388505,-0.4728370904922486,0.8166161405962773,2.0707035064697266,0.026448020711541176,0.919736921787262,-0.6119427945593588,-214.68919708637378,-0.8197728578415646,3.347898483276367,0.013727102428674698,0.4685695469379425,36.04189055197096,-30.19000986734664,3.6737300291055477,1,1,1,1,1
14e597e811c27c42b38fd91f4ea4322ed4e13ef0fcea1852362bc377c8d14cdc,pi_3,upstream,/home/qy/DVGC/JIT/runs/campaign/all_proposers_v1/round_000/proposers/pi_3/tasks/acquire/attempt_0000/result/catalog.json::dense_v1_train_x2.95_family2/variant_12,/home/qy/DVGC/JIT/runs/campaign/all_proposers_v1/round_000/proposers/pi_3,c71d3af95e025359b57024cbbd558803aee0bc41f18a17fcbf5ee8e475156ad7,1cbde5da5e71df5b38d76de04248e2fed99463362f700b4fe5480a8b47a8f060,3d86dc1d9aa2170268f4b68e6e5f789efe064c8cd3f25f89efb414e327fe51f6,True,0.9541068172454835,-13.580666617316869,230.14469940444036,-7.014238862482499,-372.7771356152288,-8.053581556209616,-0.5889900493621827,0.7948321420567445,1.9479610919952393,0.012813890352845192,1.0119937658309937,-1.0351518809822213,-119.6242336519268,1.0454553280668912,3.3878862857818604,0.014101257547736168,0.4869268834590912,31.76203596143302,81.18932485253934,3.6547727074924308,1,1,1,1,1
8cf4e48f753382a496ed4e9356936cd8f530bc42d9f2ec68fff4d1604f01a3bb,pi_3,upstream,/home/qy/DVGC/JIT/runs/campaign/all_proposers_v1/round_000/proposers/pi_3/tasks/acquire/attempt_0000/result/catalog.json::dense_v1_train_x2.95_family2/variant_12,/home/qy/DVGC/JIT/runs/campaign/all_proposers_v1/round_000/proposers/pi_3,7ad25f2b7c3706f7635781808c1611cf4e91f99f508751d5dbce0176ba1dc139,e40e3cf0a915f1bb252fa9d012b0d518727754eeee52b52fab3267a0c5a6ae81,73fb1e0380194c771c2813a170adea5db581aec97654c2712355be8915f665d9,True,0.9587818241119386,-13.83520130070021,79.10660892930571,-8.404903797311176,-148.28842023982762,-8.946632480904093,-0.6281194496154786,0.7874468999372937,1.931672215461731,0.00775560038164258,1.0621116161346436,-0.7508903467011331,-87.650185203562,1.622871729815247,3.427185297012329,0.014341655187308788,0.5090327858924866,37.82997260497776,-102.415544717323,3.6393231190183237,1,1,1,1,1
7b54671cd7481460d71e6375c72cbab0a3d899523ccd915198a058549b823a4a,pi_3,upstream,/home/qy/DVGC/JIT/runs/campaign/all_proposers_v1/round_000/proposers/pi_3/tasks/acquire/attempt_0000/result/catalog.json::dense_v1_train_x2.95_family2/variant_12,/home/qy/DVGC/JIT/runs/campaign/all_proposers_v1/round_000/proposers/pi_3,a1bab9f723eb54d6ae4bfe123e574b7fcd6315d72fde7240c1341b78f8f2d5f9,717f3f8f4179975b2bffe5ef38cc56717256878e01fc17c7ab797f1988402351,4bd33bff848d7acc902a5f10a5146e81d598b88ce0a734e3068902c9d633f4b0,True,0.7771720600128175,-15.542969720577776,-389.73368128643244,-10.664910940830847,185.52364729263735,-9.978601972517021,-0.9319799423217774,0.7423062786176079,1.742171287536621,-0.014839562587440014,1.2414638996124268,-1.6950587184926424,161.01131413513386,5.137421126213002,3.5016047954559326,0.014301950111985207,0.553083062171936,36.42504708893575,-52.660167689435106,3.7193108570316245,1,1,1,1,1
77579a1d830577b6c9fa8b10c85058459aa63da6c5610d48ce1b20a0359ea6e8,pi_3,upstream,/home/qy/DVGC/JIT/runs/campaign/all_proposers_v1/round_000/proposers/pi_3/tasks/acquire/attempt_0000/result/catalog.json::dense_v1_train_x2.95_family2/variant_12,/home/qy/DVGC/JIT/runs/campaign/all_proposers_v1/round_000/proposers/pi_3,e2e109adc9bb9a16cceadb5724e6faead74332e9c58e63b3d8bc8a7dc1e3f732,473a21ddf394c47819c709f7510568dd3269b6a69f7dc1a5f21600883ceac2ee,ca1757998672a7b42b47dd0d87bd98897422ca4017154468b4f775bb0c0477f3,True,0.8610631656646729,-18.623654828725744,-146.4642406370573,-12.311190582705374,-98.52532168308302,-8.465789027805222,-0.8285132884979249,0.6903611520103998,1.5825432538986206,-0.028244748711586,1.2589111328125,-2.0382200155553654,76.33797125867352,3.1486388736438347,3.534630537033081,0.01386533584445715,0.577387809753418,36.03145743801376,16.36574626082856,3.814516035934328,1,1,1,1,1
1d0e6753dd18ad1e9623eefbcf06f33b5d7472312e9684ba97a0dd2adecdb6e9,pi_3,upstream,/home/qy/DVGC/JIT/runs/campaign/all_proposers_v1/round_000/proposers/pi_3/tasks/acquire/attempt_0000/result/catalog.json::dense_v1_train_x2.95_family2/variant_12,/home/qy/DVGC/JIT/runs/campaign/all_proposers_v1/round_000/proposers/pi_3,10615e028711ed389aeb726012a2cd4f5f899e340db6530175fbb94ca0304c66,bf0cb505427ad27ed828dea4ea42b1b05e8c77205c167c13adaa151d0b8daf63,a5a62cd93bd0c5c648d07eadc94c3ae64d203084b215c1eb8c8ac249d46fb969,True,0.7190545749664308,-33.56272995874226,-487.9617189858906,-6.169257377240005,342.85511505015677,-2.058870436553594,-0.9528851604461671,0.5326567086566582,1.4994959831237793,-0.03848443180322647,1.3374669551849365,-3.1900865959615876,178.1154875150581,1.9429040853576027,3.595973014831543,0.012453030794858932,0.6305021643638611,29.708010247808012,31.89036838574839,4.046640038549013,1,1,1,1,1
9e704c1494d0e11d26201bb005f2fbb62579ec5d75ac02acd5c9e7bb5e0319e2,pi_3,upstream,/home/qy/DVGC/JIT/runs/campaign/all_proposers_v1/round_000/proposers/pi_3/tasks/acquire/attempt_0000/result/catalog.json::dense_v1_train_x2.95_family2/variant_12,/home/qy/DVGC/JIT/runs/campaign/all_proposers_v1/round_000/proposers/pi_3,598159c03057ac2d6371cecc60f2862c972706782e0503eeeceb1f58a518f891,0c2d17d4dc13b8c5c787bd5d01c302eb106a4669e9d28ec247b915ea7969906b,dfe6abd309912bb96a6fb3a8e3c741fa99fd2505a2166300d0819e8344898970,True,0.8013961791992188,-41.10545812334908,-359.6727346736423,-1.5528793662955416,225.04696039664466,0.5638605940705614,-0.8805260276794434,0.4506852313801276,1.4349218606948853,-0.04402850195765495,1.1974800825119019,-3.1547452762052375,118.86804974853635,1.1805184769224852,3.6254541873931885,0.011621778830885887,0.6551657319068909,24.44943223788956,104.33641247798403,4.128967488047812,1,1,1,1,1
6f40245fc2a97d3e0f96aa1c450d9ab1dbb700e4c0dfa21a62ea0d93521282df,pi_3,upstream,/home/qy/DVGC/JIT/runs/campaign/all_proposers_v1/round_000/proposers/pi_3/tasks/acquire/attempt_0000/result/catalog.json::dense_v1_train_x2.95_family2/variant_12,/home/qy/DVGC/JIT/runs/campaign/all_proposers_v1/round_000/proposers/pi_3,1c28b0756ed49c38aeae078877fb5db627a5c24005db3a1fce3e4c34ff4e6182,f92f32e90223dc635f8700456999add29917b2bc8321a49bd65e418835cde2f7,cb25698ea69c83ae399e223954c32d72adaf06ff25c059b4825712c529e49c3f,True,1.1699211692810059,-56.232773266891144,-215.11902089084268,25.209111490587766,689.7949017900346,-1.8030122350432272,-0.4760954093933106,0.4003574909301807,1.5317286252975464,-0.03550835698843002,0.9381596446037292,0.37489283516229466,-212.11243992009477,-4.726876811336929,3.6876354217529297,0.010254408232867718,0.6991791725158691,20.2760432210392,35.731820454219886,4.032894211621076,1,1,1,1,1
011dfed910db81c6a1573b856ab7522f4d2287d83910579494cfc50b75bbf59d,pi_3,upstream,/home/qy/DVGC/JIT/runs/campaign/all_proposers_v1/round_000/proposers/pi_3/tasks/acquire/attempt_0000/result/catalog.json::dense_v1_train_x2.95_family2/variant_12,/home/qy/DVGC/JIT/runs/campaign/all_proposers_v1/round_000/proposers/pi_3,8ba0eeae36d6fdf69c83b4013fe941330b2bf07d076fc3fff0f10833f376f3b8,47f673d5658dd73fb6ad962de60173e78d0b3cd9446bbef419f5db722a7f42ea,667141cd18d9925d18374f53132870631b9d03875fd9c54a9fe33407db509497,True,1.643352966308594,-64.40871119397693,-132.4995363883727,59.677568929503316,1346.7773562412744,-13.981884277174455,-0.02052020221948624,0.44372650031631794,1.11052668094635,-0.07619041204452515,1.4375276565551758,2.3080464252733077,-585.0077787890998,-12.100501444925282,3.7423808574676514,0.008204597979784012,0.7409572005271912,10.822432178564265,126.51861293975934,3.7347558280517807,1,1,1,1,1
b5bb7818776edfa05a6cb6ce57a35feb999e439a5b0703c4bd74353eff5cb4f8,pi_3,upstream,/home/qy/DVGC/JIT/runs/campaign/all_proposers_v1/round_000/proposers/pi_3/tasks/acquire/attempt_0000/result/catalog.json::dense_v1_train_x2.95_family2/variant_12,/home/qy/DVGC/JIT/runs/campaign/all_proposers_v1/round_000/proposers/pi_3,dc2daf88b56da0711bb8e8cc3503cfc83e1393ad06683fd32689a39c6957c9e3,74c0d7a936f8415b496e06435524dcd62df6fd0be94321ed0ebc371cd909edc9,e19bd6bdb14ba07e2b724eeb40052e72f5f400526884b3b7d9b564f3094ff483,True,1.3636474990844727,-68.37373846000688,-109.97806677014451,87.98212556703545,716.5819201675841,-27.920400421107896,-0.3010675716400147,0.3711968781985343,0.9110338091850281,-0.09360231459140778,0.9135302901268005,-2.8329503049701956,-355.3700433456145,-5.521220554733419,3.786715030670166,0.005121216643601656,0.7777584195137024,-28.338449743741027,111.41182592976774,3.5774599215488854,1,1,1,1,1
608dd33afaa17d0044e069025b79ca0a9b1ddde4bb54dad2edcd499079ee3ba7,pi_3,downstream,/home/qy/DVGC/JIT/runs/campaign/all_proposers_v1/round_000/proposers/pi_3/tasks/acquire/attempt_0000/result/catalog.json::dense_v1_train_x2.95_family2/variant_12,/home/qy/DVGC/JIT/runs/campaign/all_proposers_v1/round_000/proposers/pi_3,30e91dd30855411716c2360503f0a7bfa8acfa6f3ca3980c997de6c75de3b7cf,01157a5d5f9f180c43e9608e34e9718e03cdfa1f5e4e75a227c4d4fb76895d48,fc26530bc6ded7ea8535e709a376bd2eb609739a3ca7b702a6be17be7e9ff087,True,0.8350651741027832,-70.40804200240348,-48.14841793129148,90.44701106489882,-581.9178012085861,-33.22350732123176,-0.910703353881836,0.2630586386050006,1.9025380611419678,-0.012716899625957012,-0.9441825747489929,-3.8338406764151634,143.60594307319036,4.3569371173029365,3.843311071395874,0.0030121481977403164,0.7764245271682739,-31.88437147965712,-83.53525577581777,3.5124435535118423,1,1,1,1,1
de91317b8a72c6370c53733aa4ba79dce99171bdefbf002eb328390a33b004fe,pi_3,downstream,/home/qy/DVGC/JIT/runs/campaign/all_proposers_v1/round_000/proposers/pi_3/tasks/acquire/attempt_0000/result/catalog.json::dense_v1_train_x2.95_family2/variant_12,/home/qy/DVGC/JIT/runs/campaign/all_proposers_v1/round_000/proposers/pi_3,67da7700dabd8f2a5b30420b4819f2bc29f9b4643ebea24d44624f5c354335bf,8319b281e267e76a2e6d188c9c705f31f66748df686b8e05c96fb9748bc06cf4,cd28f5a9b07a264b476541089057d33ef9efac2f3ece44adc96f430b321ac9b6,True,0.44756227970123297,-70.36903479205353,26.585249466825474,70.4967046880194,-1504.7682651027803,-27.287001981291056,-1.3651652908325196,0.06824906117626088,2.260382890701294,0.013083595782518387,-1.7690621614456177,-7.771491690478058,515.579944064674,12.39447534812357,3.8861241340637207,0.0031079743057489395,0.748849093914032,-30.465095736168905,-43.71812500918943,3.699912520328424,1,1,1,1,1
fc55743b49ddc96a6e1cc634337cd35a6358931fd8e7e20622d0a883bf20434f,pi_3,downstream,/home/qy/DVGC/JIT/runs/campaign/all_proposers_v1/round_000/proposers/pi_3/tasks/acquire/attempt_0000/result/catalog.json::dense_v1_train_x2.95_family2/variant_12,/home/qy/DVGC/JIT/runs/campaign/all_proposers_v1/round_000/proposers/pi_3,1041185c869bbb30421bedfa3505b0bf350f8c7cef8b51d3534da2dc310e7868,781b07da422d9a0cf07eb6a24fdc84b0e185597465cb7993de25afbc7ce28b80,d2d7d5a1d938749eeae6955ac54356272a9c016facdcbe29ddeda124d98fbccf,True,0.7977721309661866,-70.5865148454159,-50.9114889977501,23.22351573470982,-502.31741058342345,-10.391803947029155,-0.9406503677368165,-0.4252285826824539,1.1150177717208862,-0.07226157188415527,-0.9892602562904358,-9.97023032959542,168.08878347385775,4.080480514891616,3.946338653564453,0.0013595276977866888,0.6968466639518738,-13.874613199758477,-118.73510694653122,4.002642692862459,1,1,1,1,1
a31c1c09f8f8c08c10417c93dfdac8aea1ef936e47a798340399a73d21684b03,pi_3,downstream,/home/qy/DVGC/JIT/runs/campaign/all_proposers_v1/round_000/proposers/pi_3/tasks/acquire/attempt_0000/result/catalog.json::dense_v1_train_x2.95_family2/variant_12,/home/qy/DVGC/JIT/runs/campaign/all_proposers_v1/round_000/proposers/pi_3,2b7670533f0f3297963f14dffbed0cd3aa5833586e4b3fce312ff94571956cfb,69c9459ef4f6810851203e4343573562e364e29cf5a75eb321cf4a857b8422c5,2fe106727e2294e31ca06d9294ed3fc690e7c91743fe823ad9e323e7b6b34a01,True,1.183502655029297,-71.72460194605846,18.43427588115609,15.053100015567999,76.73257177759267,-9.788909722359051,-0.5504483127593994,-0.7221353985697357,1.364462971687317,-0.05314627289772034,-1.371802806854248,-5.877146408137838,-151.31337441944285,-1.0944474212097464,3.9945921897888184,-0.001209007459692657,0.6507302522659302,-9.544593431087735,19.90899397768459,4.027639027996882,1,1,1,1,1
3c1859a03df2ec344769457954adbea262cfb476262f6aaceeba98224b3228eb,pi_3,downstream,/home/qy/DVGC/JIT/runs/campaign/all_proposers_v1/round_000/proposers/pi_3/tasks/acquire/attempt_0000/result/catalog.json::dense_v1_train_x2.95_family2/variant_12,/home/qy/DVGC/JIT/runs/campaign/all_proposers_v1/round_000/proposers/pi_3,7a78c44f1cfe13de7c90a1026cf0423accb4fa79ea6fe5d7882b6fd3e2034030,a384c35b5b8e88bc8034edfeeb5ef28392168747d007631002c3275b70cfb3ea,7377d25ce13e850e999c929748822e7fdffbe4b167a0b06fcab856303dbe08b1,True,1.0577080535888672,-71.09569178766202,-78.65354882128041,11.517430393596097,46.042072968624176,-12.823889835188435,-0.6702222156524659,-1.080238023684262,1.1410024166107178,-0.06929393112659454,-1.6426576375961304,-7.992484168621114,-53.286591658973656,-0.2660961392553367,4.044305801391602,-0.0037546369712799788,0.5889067053794861,-20.824905269910378,122.27386893664985,4.101377454736745,1,1,1,1,1
b15ca1e5e34101fdbfee703076011f15a31e68a50b7b2b33f9375208a41aba7f,pi_3,downstream,/home/qy/DVGC/JIT/runs/campaign/all_proposers_v1/round_000/proposers/pi_3/tasks/acquire/attempt_0000/result/catalog.json::dense_v1_train_x2.95_family2/variant_12,/home/qy/DVGC/JIT/runs/campaign/all_proposers_v1/round_000/proposers/pi_3,10301068d7db53b781167d4cc88ff45878209fc36ba6140af5ca48a19ef1f6d1,47526b9b6a256e2e5789b117f9c594cde867fd89c2f69af02ef6cfe8229ff946,565d4d0227331b13705676fd60a30d1a1efbc8396185934ee956e0201d27a9dd,True,0.9349425601959229,-70.88973426342945,-104.77402952829591,3.5609571167134058,-116.90402885269918,-13.579137901832114,-0.7847614860534669,-1.590357541327881,0.8722930550575256,-0.09069279581308365,-1.971099853515625,-11.77571143573919,40.47169853064194,0.6627767442614432,4.086539268493652,-0.006970381364226341,0.5134937763214111,-37.07552698473108,106.15318132550489,4.196649831066006,1,1,1,1,1
b663521e639cd9f67998ce35125e15da8b09e715c031412caa02a1c8a01d86db,pi_3,downstream,/home/qy/DVGC/JIT/runs/campaign/all_proposers_v1/round_000/proposers/pi_3/tasks/acquire/attempt_0000/result/catalog.json::dense_v1_train_x2.95_family2/variant_12,/home/qy/DVGC/JIT/runs/campaign/all_proposers_v1/round_000/proposers/pi_3,655ce4b1d645f6f249c78e332af904f400294086234b48076ba97f138effc8de,15660f55f651a9bcaa157989ab8b48baedb13d7daa1d657cc062af57cea5c3d2,0f6ec582f86a413c4385fd85a5d44bdce64cf478a8c1c3384ce2ee853b750df1,True,0.9597703647613526,-70.99625789372497,-118.64687456283299,-9.012153718302208,-28.1713184298454,-14.334779588663807,-0.7456687355041505,-2.3616622427038303,0.7090638875961304,-0.09935378283262253,-2.4970390796661377,-11.83604335045156,8.467565660304166,-2.102499993051413,4.13713264465332,-0.012707483023405075,0.374856561422348,-38.27399978782571,-20.195264281272753,4.206778382273678,1,1,1,1,1
9d7d23f19790e9472348495eda9ce1196d8aa8124db80f8e5cb07b60c16ff2a0,pi_3,upstream,/home/qy/DVGC/JIT/runs/campaign/all_proposers_v1/round_000/proposers/pi_3/tasks/acquire/attempt_0000/result/catalog.json::dense_v1_train_x2.95_family3/variant_3,/home/qy/DVGC/JIT/runs/campaign/all_proposers_v1/round_000/proposers/pi_3,3903efa379117c402552f37cc26d37377158e9f6fc8239e58dfe1200dfd7debe,512db6764693bfa1c1ff408e0f350ff458b5404853c36f5ef34c48e3ad803b4f,840164fb1d7b8abaf43dd8c9908878f7f893419c164570000d19cb6fb06806ba,True,1.042502031326294,-64.06991332057677,409.9551666639288,124.43412116734147,-586.3531621310523,-0.2671905380289042,0.2511303305625916,0.5866049999438777,1.0106472969055176,0.03654569759964943,0.09536243975162506,7.011023550930716,40.07604274749602,15.80119185233928,2.846757411956787,0.0046050529927015305,0.11728478223085403,0.7851844597195027,71.89674320371029,2.7353628351823804,1,1,1,1,1
659128b96f270030e03274e3f839a161b3340d738ea0bfec553b32b9cd3ae085,pi_3,upstream,/home/qy/DVGC/JIT/runs/campaign/all_proposers_v1/round_000/proposers/pi_3/tasks/acquire/attempt_0000/result/catalog.json::dense_v1_train_x2.95_family3/variant_3,/home/qy/DVGC/JIT/runs/campaign/all_proposers_v1/round_000/proposers/pi_3,4aab91d868e532147cbc0f665aea8307d84eaa955dec387c1e2e8eb3529edece,d73660f3a0d9e244a769ff4f15359da1bf561a07ab18ad8e1ac1b899b47dbc2a,835f6d43594ff8f69834dd0d9da066346dc56f4071276ebc0c15d938c7ac2ecb,True,-1.0819495296478272,-44.9529412488577,-235.0069198292757,67.73409124423517,-1294.9615741030768,13.756710203601076,-0.7522806358337403,0.9175652604378719,0.7603654265403748,-0.02120647206902504,1.9079841375350952,-0.0375417912624846,709.7530970354054,23.295403475724207,2.8846211433410645,0.004693369381129742,0.15614032745361328,-2.0871423127026394,15.067448535466903,3.456271568404992,1,1,1,1,1
359d9a207e946c917ebd811b4c445944ba2189e2824a66427f500771d643729a,pi_3,upstream,/home/qy/DVGC/JIT/runs/campaign/all_proposers_v1/round_000/proposers/pi_3/tasks/acquire/attempt_0000/result/catalog.json::dense_v1_train_x2.95_family3/variant_3,/home/qy/DVGC/JIT/runs/campaign/all_proposers_v1/round_000/proposers/pi_3,d3ae45fcb629c9176dfd101219940f4c83a1d70de98bb3675baaf805d69c62ea,cf42b44bbef27cfaaa107981c209fe330aa229ebfc574e9a0a88a5d1fef6b52f,aa2d6cda4cc93895ef671ab360e995d0bcfb1533f717752964a4457ec804436b,True,-0.2745259761810303,-59.377484568318806,-287.76160709154,49.22362972552947,475.50487461913474,32.99535765151715,0.0779601037502289,1.3852730089438108,1.7230405807495117,0.013208110816776752,3.2460827827453613,-4.251073880922793,30.17910205524213,14.737866294804402,2.9351794719696045,0.004555035382509232,0.27193886041641235,1.9232015509230547,-74.59256422760096,5.020765974195148,1,1,1,1,1
2c248a7259716080eef6d1aa4cffe49b701925b6b15ab7ccd45e941cd53de3de,pi_3,upstream,/home/qy/DVGC/JIT/runs/campaign/all_proposers_v1/round_000/proposers/pi_3/tasks/acquire/attempt_0000/result/catalog.json::dense_v1_train_x2.95_family3/variant_3,/home/qy/DVGC/JIT/runs/campaign/all_proposers_v1/round_000/proposers/pi_3,88818e2ae3c28d5e57f437d27fe88f2cb8336bd716f15658fb9cb54709ba69d3,5337ca12ddc614b9b70ad99be60e1c52a96daf84f6f8e769465a2d86a8479c9d,0593f39b2ef3618650070391dba7dde87928e9ac540a730c9626aa360d1c2fa1,True,-0.16412501811981203,-64.6618380046176,-37.362586175168374,77.50785972009164,170.93717726342817,25.107655097066495,0.2543801712989807,1.4292163129439186,1.611741065979004,0.018428504467010498,2.499328136444092,-0.6092500992007871,-44.34068309165775,13.248341201928959,3.008635997772217,0.005435858853161335,0.3988834619522095,31.234868300913096,-119.68025486349924,5.086055184539132,1,1,1,1,1
ab97ccb9d29c3cc2e3dc5bdf131b0ccc106ac82bfffb521807033a3d55059be1,pi_3,upstream,/home/qy/DVGC/JIT/runs/campaign/all_proposers_v1/round_000/proposers/pi_3/tasks/acquire/attempt_0000/result/catalog.json::dense_v1_train_x2.95_family3/variant_3,/home/qy/DVGC/JIT/runs/campaign/all_proposers_v1/round_000/proposers/pi_3,7a278630f6bd9ef8be7854fc229dd1edbd0af23bebe5d48991db14f9e739fd6d,e542d43f9f90a3d0d49d44ac7a55e12450089655b88f43262a9e045e154c531b,7cb1eb3224668a7f8042a673af44f82a60912ab6718d8670881c87647a5d1c38,True,-0.23062971115112307,-62.01119868208656,164.10724764060387,73.95741127630313,-361.11240194689765,24.510557553357955,0.17305122375488283,1.5406235917719855,1.3811159133911133,0.01977880299091339,1.5268995761871338,-1.012446304468689,22.221528691016243,15.892385123042704,3.0378518104553223,0.005852293688803911,0.4357079565525055,32.40113334697653,-39.30912178673031,5.374572042828474,1,1,1,1,1
19bbfef65378ade5ead93c9e61c12bff6c00499d5f389af8f103f17a65dc58dd,pi_3,upstream,/home/qy/DVGC/JIT/runs/campaign/all_proposers_v1/round_000/proposers/pi_3/tasks/acquire/attempt_0000/result/catalog.json::dense_v1_train_x2.95_family3/variant_3,/home/qy/DVGC/JIT/runs/campaign/all_proposers_v1/round_000/proposers/pi_3,d5b88f46cd6e835849d1e7f3274ae5cea502d43c8f98f91aedd5e60a24a246a5,0b402e30aedcd03414427e75d4f350de3439729afed3b944af9f7195b2f743f2,8f6d75c10ff4f775d52d4b1d02ecc904845fc17949533f08e444007b210b9dcb,True,-0.06772942483425141,-47.39213499015806,443.2099097326169,47.83285977654231,-535.5850217285077,23.76367577977714,0.6168032360076905,1.7713433362351554,1.3400593996047974,0.01624566875398159,0.9311584830284119,-2.1649750930592853,-135.58336679863345,16.892239440167945,3.0884509086608887,0.006517886184155941,0.4747267961502075,33.73872002799139,9.196176090015276,6.118411540120711,1,1,1,1,1
1d982cc39931cc39e1decbd9c89e48c6c56efddf8ca59c53990af1b472d97341,pi_3,upstream,/home/qy/DVGC/JIT/runs/campaign/all_proposers_v1/round_000/proposers/pi_3/tasks/acquire/attempt_0000/result/catalog.json::dense_v1_train_x2.95_family3/variant_3,/home/qy/DVGC/JIT/runs/campaign/all_proposers_v1/round_000/proposers/pi_3,1ab579d9825087708fa497fe2d382148137c6611bc50585435abda474361e41b,7da7d33bf13869b94733581a815447e3a749a2a3613a10b1ed524cd19c4ca91c,e43a8bc8dc426a45a61cbdc85a6a17e6a19ff739530342e7e179d4b12b53b93d,True,-0.0036321847885847094,-26.86436002461617,524.590056410188,25.349688736537676,-551.5591403102535,16.371331274046266,0.6973566150665284,1.883404524622426,1.381134033203125,0.01019104290753603,0.774940013885498,-0.7737981074862683,-201.51975908351045,19.389614440365776,3.1424474716186523,0.007064941804856062,0.5071185231208801,37.39129687534452,-43.087514133689666,6.603510409717916,1,1,1,1,1
3239d4fc67eb3e21126253bbb042c5c07d8c61db0a83efabd3e48379dc0330a3,pi_3,upstream,/home/qy/DVGC/JIT/runs/campaign/all_proposers_v1/round_000/proposers/pi_3/tasks/acquire/attempt_0000/result/catalog.json::dense_v1_train_x2.95_family3/variant_3,/home/qy/DVGC/JIT/runs/campaign/all_proposers_v1/round_000/proposers/pi_3,0b3fb1454dca51e1c7d81e83b22cd48f569f51e4d6eab10f979b0566e752ca9c,ac17ca66b1a627e168e64c8a2b39945288dbfcaa0002266c388fdb1a33fc6c66,174e0c199e2e5ef3f111cbeb93605b95cdf4b4e242b6b3a5ffad3045f22908d4,True,-0.008492067381739618,-12.08138289166477,401.2020333557474,10.563632895817896,-342.7204783612375,10.326388966437305,0.6816719436645509,2.0312853566167686,1.5009841918945312,0.009111383929848671,0.7835879921913147,0.9347762747133601,-188.64632781889713,20.11953114375565,3.2005326747894287,0.007383190561085939,0.5413514375686646,39.33239224123254,2.9816428828711383,7.23128781435491,1,1,1,1,1
959cc2f64949b679b258f9af472235323e2b676801c4892d83abedebcc27fb66,pi_3,upstream,/home/qy/DVGC/JIT/runs/campaign/all_proposers_v1/round_000/proposers/pi_3/tasks/acquire/attempt_0000/result/catalog.json::dense_v1_train_x2.95_family3/variant_3,/home/qy/DVGC/JIT/runs/campaign/all_proposers_v1/round_000/proposers/pi_3,5f8e82e9b8ab92687390dedf25555207ad6b9ef4ac8c08291390c007edf348cf,0228195220f67229eedf7b058f3d080c9614dad1aa777e5ee5c5cbda2e061f0b,b30ef32f51a751652facc2df338cd5ecf9144c73953b3b9584d394a914909807,True,-0.008332784175872803,-7.7710135772361575,332.949319017644,8.177084545092693,-212.9067772601889,7.754633696327825,0.6785609912872315,2.108531226387698,1.5694563388824463,0.012290501967072487,0.7504706382751465,1.6103464435379131,-186.0844741253871,19.701262311815118,3.231884241104126,0.007608553860336542,0.5584425926208496,39.830149107186394,6.036680844129118,7.556767555067411,1,1,1,1,1
9bef54579b2fcb865aebee5ac27255a96e507d6c7fa57d6695293b3715e4b431,pi_3,upstream,/home/qy/DVGC/JIT/runs/campaign/all_proposers_v1/round_000/proposers/pi_3/tasks/acquire/attempt_0000/result/catalog.json::dense_v1_train_x2.95_family3/variant_3,/home/qy/DVGC/JIT/runs/campaign/all_proposers_v1/round_000/proposers/pi_3,45e3aa800716b59fdc90988ddd1d606589f0169b1f3f780acc70b76dc6ba9120,de48880daeaaadface46b29f3505e1f191b2cf7c185776a943844dd275f274ca,92fd8867f7eae04e4742fbdd9be34d73b6909ae1b14e0dc47920331a1499f60d,True,-0.05142466247081757,-1.5597269511035967,243.7466932874406,6.0781699744687145,-162.15737889672695,3.4660683753862465,0.6159246444702149,2.266207141322939,1.6179722547531128,0.006813081447035074,0.690244197845459,2.528422051956946,-134.83776968845652,21.235809450378344,3.2964656352996826,0.008022845722734928,0.5891323089599609,40.71654032181938,28.108883670642314,8.257446997085452,1,1,1,1,0
89ad83701dd5372142f92729ac68733adaf6415e0ceb7023c1f95144e5cc358c,pi_3,upstream,/home/qy/DVGC/JIT/runs/campaign/all_proposers_v1/round_000/proposers/pi_3/tasks/acquire/attempt_0000/result/catalog.json::dense_v1_train_x2.95_family3/variant_3,/home/qy/DVGC/JIT/runs/campaign/all_proposers_v1/round_000/proposers/pi_3,684fce362989ee14df9d3bc2885396ea6b4baff4d5d6c766edecf8d3edac0358,fa066773b53661b8e443db68098a017ca9a9b0182903d1ead1b23e7ecd76a508,3c7ab44511c36cf0dbe1b50a3e1f269fe6339a59083bb4e7cd906e22169cf9c0,True,-0.07676177859306337,-0.6096101782360936,171.121892899342,7.038746008111328,-60.2006248161429,2.2468298976307413,0.5946561336517334,2.339137777865077,1.6761679649353027,0.007418171036988497,0.7070494294166565,2.2447696318116055,-117.4038894169174,20.691709750905957,3.329850435256958,0.00817740149796009,0.6041556000709534,40.28574663048834,42.09636830775619,8.665293369142963,1,1,1,1,1
b6311fdfa4f8a18965394df1fbf798b0de008c5b127384fdb819326781900ff8,pi_3,upstream,/home/qy/DVGC/JIT/runs/campaign/all_proposers_v1/round_000/proposers/pi_3/tasks/acquire/attempt_0000/result/catalog.json::dense_v1_train_x2.95_family3/variant_3,/home/qy/DVGC/JIT/runs/campaign/all_proposers_v1/round_000/proposers/pi_3,65524f8c565b16d619bedeff0705a0f7f256447e5d2a5108f88fc6b1a1593204,1c418eae884c58710fa780c741f504b967593183157437620786a75e9edf0731,899b11dac4f6df8155fc3080ca67a11a498245f53e41eaa5a40ec87013f76001,True,-0.10207458257675171,-0.9699530295993951,139.52657161026522,10.685918041396867,-43.02639418590181,0.920135039500404,0.5727595043182374,2.4535890035008907,1.7200324535369873,0.002863259520381689,0.6134113669395447,1.6079658024470465,-99.48549601622507,20.438188496840716,3.398176670074463,0.008349248208105564,0.632425844669342,40.31796804789787,27.822609951959567,9.523526719714004,1,1,1,1,1
1628820614f3c2783da741bce36477fe770f6f162edb44f3617281450cbb7c5b,pi_3,upstream,/home/qy/DVGC/JIT/runs/campaign/all_proposers_v1/round_000/proposers/pi_3/tasks/acquire/attempt_0000/result/catalog.json::dense_v1_train_x2.95_family3/variant_3,/home/qy/DVGC/JIT/runs/campaign/all_proposers_v1/round_000/proposers/pi_3,0f12efbdbb44d4b55f8a41a0a8f70e4fa2b7dbf7e02be0ace773567911b095b7,08397d8501842c9fa2b6bcb3027307897f2c54c7a80105d5abde29e8954aeb95,6172203499bf00074d1067168b7710e82e993fa7ee41d8cb4b803ddfd7048a96,True,-0.11783268690109254,-1.1452698983284593,156.25382783103151,12.025623788601726,-106.36079175551659,0.4331934595340931,0.5587021398544312,2.4941352101680305,1.7096315622329712,-0.002817932516336441,0.5125987529754639,1.339856438253422,-87.96206530144312,20.77908153076876,3.4327712059020996,0.008333718404173851,0.6450375914573669,40.16759460313087,32.68379048049375,9.954682196186862,1,1,1,1,1
1b93f504e07030d4eeb9a70efc0ba1622fbb6dd0251f29ca5a1ca3eacf5054d4,pi_3,upstream,/home/qy/DVGC/JIT/runs/campaign/all_proposers_v1/round_000/proposers/pi_3/tasks/acquire/attempt_0000/result/catalog.json::dense_v1_train_x2.95_family3/variant_3,/home/qy/DVGC/JIT/runs/campaign/all_proposers_v1/round_000/proposers/pi_3,62bff66df01a3f8f0bf2814c6a48694e669fb5769ae38a9064e42e200f87d0aa,1ce84f31a1b78f4f1920a53ec6b85167ebdd661331028d92a738b5baa575d9c9,6a1b681584967b52161e7d088d0b42a4335dded0a577acebfa1eb7398c101942,True,-0.1820662832260132,-3.9142042553027103,-1.9965168014739716,17.410160732098966,80.43939740242863,0.286488367389658,0.4959300088882447,2.5288260457357077,1.8014612197875977,-0.0037307245656847954,0.5316103100776672,-0.249134618431653,-36.59393034635348,19.476747163607627,3.5039889812469482,0.008207103237509727,0.6694421768188477,39.88522775265338,35.72097069872332,10.816415401183813,1,1,1,1,1
3e78f9678d0190e46c81bf1bd67ee41e8913abe0136d460bed8fe286a1c15136,pi_3,upstream,/home/qy/DVGC/JIT/runs/campaign/all_proposers_v1/round_000/proposers/pi_3/tasks/acquire/attempt_0000/result/catalog.json::dense_v1_train_x2.95_family3/variant_3,/home/qy/DVGC/JIT/runs/campaign/all_proposers_v1/round_000/proposers/pi_3,f068ec43cac208af346104cd14c64c8736ecab51e112d8fcb62b4041cb3cbd46,145a4fb63128f29b7bd9a7a2a0cbd5de6d9833869c1b1d4799e1fc269dc66697,d2b5f468b7527b70bafe0a10ad53f6430d327f7cdd5c1031c90e507dc86bbc08,True,-0.17719813108444216,-4.708219722732216,64.35182254837989,19.094336824809663,-25.763208879457757,0.12341604573521056,0.5097449111938477,2.5268309461019025,1.7772899866104126,-0.008549084886908531,0.34642770886421204,-0.6293446224606704,-47.9173184807241,19.195235794323676,3.539780855178833,0.008054303005337715,0.6788237690925598,39.486334459840876,38.54691707158649,11.224993949500217,1,1,1,1,1
328804b855c70e14721138934c51ba78cbcd9a842f261f6e6a8470d46e90cebe,pi_3,upstream,/home/qy/DVGC/JIT/runs/campaign/all_proposers_v1/round_000/proposers/pi_3/tasks/acquire/attempt_0000/result/catalog.json::dense_v1_train_x2.95_family3/variant_3,/home/qy/DVGC/JIT/runs/campaign/all_proposers_v1/round_000/proposers/pi_3,6cff0a803f3e8a79b8841f23492b2d053d7f54dd771841def05f3779198d181d,fccc838585738187f60ed7b191f69a029e32fbb57c777373e72b95c2cc5d900c,d0d3c22eea1b599c4a1197cc935d6143929646f5e04ffaf9f59769498caab979,True,-0.1966619110107422,-7.227279292884368,-20.534545390556673,23.205644544746484,132.18915893210897,0.363137790591839,0.5047015380859375,2.508820350492884,1.8517056703567505,-0.002445966936647892,0.35976359248161316,-1.8094035557180608,-43.773613466006616,16.88530509061309,3.5766093730926514,0.007951410487294197,0.687924325466156,38.59088641436845,53.903774382565175,11.633431737553185,1,1,1,1,1
4a71fb9f8675fc4523c9cf5a043d89dc3daf2494036240d6b53249d7fb45b7ac,pi_3,upstream,/home/qy/DVGC/JIT/runs/campaign/all_proposers_v1/round_000/proposers/pi_3/tasks/acquire/attempt_0000/result/catalog.json::dense_v1_train_x2.95_family3/variant_3,/home/qy/DVGC/JIT/runs/campaign/all_proposers_v1/round_000/proposers/pi_3,9832f168a2f56f0e8c87b632ba0dd258582593bc6e822dadf61888b35f090e1d,0873b3b368516a2716d20d71b686207f39fc7dc5b7cbc7807891e544cd8e654a,bff017797dcb3be0badf3c5acf3c5194ea168e1081383d28c45ad63ecca87626,True,-0.20829295158386232,-14.15057589411544,-58.55228160336538,34.89390650722106,210.70975129100592,0.9155515935496377,0.5078999757766725,2.4194666350979555,1.9054311513900757,-0.00019082246581092477,0.19914424419403076,-3.45060452505786,-46.38347655919268,13.948712214516652,3.6524198055267334,0.007831106893718243,0.7034984230995178,38.152562439477464,36.99270752595009,12.342368250755728,1,1,1,1,1
72a21f856306a5c2d7a603888694d3ca7df03755675b9f3888325212e7293809,pi_3,upstream,/home/qy/DVGC/JIT/runs/campaign/all_proposers_v1/round_000/proposers/pi_3/tasks/acquire/attempt_0000/result/catalog.json::dense_v1_train_x2.95_family3/variant_3,/home/qy/DVGC/JIT/runs/campaign/all_proposers_v1/round_000/proposers/pi_3,ea84df94a3c1c1d8fb493af56d8ebdbff506bdda32a269e56e3d4b262c64b3c5,4e6cee9cbf7e47f3af94b045a8c2330491b5771dca94887f66e1d8c7432a3d9f,7e4f1df4a3c39d835943107a4918e830a50c19c7d51698a36200dee6eed078d4,True,-0.21868290901184084,-19.367718561434007,-133.54566182203018,43.2712257317955,345.83906077399524,1.54860832878159,0.502042932510376,2.3499161024788866,1.9655954837799072,0.003887591417878866,0.22258257865905762,-4.459101379360695,-41.57927859135662,11.952757622988736,3.691516876220703,0.007801651023328304,0.7110738158226013,37.98225850271237,32.23474652370043,12.663534193392724,1,1,1,1,1
334806a2a4beebde8635ed319075beece79ee964db0416fb16aab97c36b23809,pi_3,upstream,/home/qy/DVGC/JIT/runs/campaign/all_proposers_v1/round_000/proposers/pi_3/tasks/acquire/attempt_0000/result/catalog.json::dense_v1_train_x2.95_family3/variant_3,/home/qy/DVGC/JIT/runs/campaign/all_proposers_v1/round_000/proposers/pi_3,f52f1be93eb5e8f30a4d22bd601f50a6fff641e2d446fc4441ffe7d73f4f0883,21f07c929531d5a974d0520392477e768e3d3c048154fff758d8e57e85d7b527,8768fedc45b19c050c325051968b204da4fa4bfbda9da229aa2acbc2265be506,True,-0.3104178524017334,-26.86846838340193,-286.51537077557947,53.30091115056859,428.17032495386906,3.298373114701386,0.3960438442230225,2.2667354982412564,1.9707163572311401,-0.0059555042535066605,0.2915506064891815,-5.604685893277798,45.10916475064881,12.220219293149974,3.731008291244507,0.00765498960390687,0.7197942733764648,37.373702308042574,36.94579095654127,13.019380441491485,1,1,1,1,1
10cef51e6eb02089b71c280f456598769c187f9bfacb204eeed22dcfeb9265b6,pi_3,upstream,/home/qy/DVGC/JIT/runs/campaign/all_proposers_v1/round_000/proposers/pi_3/tasks/acquire/attempt_0000/result/catalog.json::dense_v1_train_x2.95_family3/variant_3,/home/qy/DVGC/JIT/runs/campaign/all_proposers_v1/round_000/proposers/pi_3,4ab0065504ddd0de15a6878a4a202f01c4e097686424e71ff20199a83d7d411e,94bd0ae436351a0ffb522d83fa63f1085a59f216be7d4f33026d95ff37181d59,6365314becb4d8239d347bf78ea3edb02ebab4346ba6855b3ee694b91e563988,True,-0.3285217714309693,-46.12989895606678,-371.4083930263149,77.40039352369067,604.6954985433381,8.27668304278253,0.41315224647521975,2.044106059991319,2.0487852096557617,-0.009292593225836754,0.4304545819759369,-8.951159275240348,31.165272088365253,7.801387428475204,3.8113818168640137,0.007048217114061117,0.7414902448654175,32.403496592429356,80.04488567596869,13.709179489591333,1,1,1,1,1
02aec38f440ff700088bbe8c2dba42cd3e5d46e794f62797cd615af9b97c4011,pi_3,upstream,/home/qy/DVGC/JIT/runs/campaign/all_proposers_v1/round_000/proposers/pi_3/tasks/acquire/attempt_0000/result/catalog.json::dense_v1_train_x2.95_family3/variant_3,/home/qy/DVGC/JIT/runs/campaign/all_proposers_v1/round_000/proposers/pi_3,3aed8322dec77eed0aa91faf2d825408d2b1c18b2f9932ad6758c47ef4820e2f,5b02d8337bdc509754c9ed9a0e743ae6d9c32fe184b32af7c800d0ad3a792608,964280fe72851934b63d607db5c217419f65c53378a2dcb495410f4a89058c32,True,-0.172790687084198,-53.44825540643868,-261.9710859931387,92.79216334661187,778.0809434543789,7.447371859854232,0.6066162872314453,1.8591482477098265,2.16424298286438,0.0036619072780013084,0.5818613171577454,-10.979400170974912,-127.15448989110918,3.5365519970353043,3.8539633750915527,0.006997524295002222,0.7543660998344421,28.761810481707805,83.34389436584154,13.814334783940565,1,1,1,1,1
83794e06ce68b08b2e28a66e76bf94fa19e8fb04531a8fb4315ea519b2e4a36d,pi_3,upstream,/home/qy/DVGC/JIT/runs/campaign/all_proposers_v1/round_000/proposers/pi_3/tasks/acquire/attempt_0000/result/catalog.json::dense_v1_train_x2.95_family3/variant_3,/home/qy/DVGC/JIT/runs/campaign/all_proposers_v1/round_000/proposers/pi_3,f1150b04719f8aa1dc8753f5c3b4212000b17c11141c513ec981572377b34d21,7517f0da9b415f6a8db8c094ebccc006dfc7cd1f7d4f6061c621d6661105d05b,58459efe9898a09d5e143120fb99f56d708e2860bc8ea09ccb1950b066ac8ad1,True,-0.16374233245849612,-58.62922368436557,-187.46463679059323,107.6014273163577,665.1109259786887,5.144288417256556,0.6229163932800293,1.6158299465371246,2.125333547592163,-0.004597144201397896,0.31422629952430725,-13.607204463563306,-140.49808405742948,3.0834065116453933,3.8967559337615967,0.006925385911017656,0.764625608921051,25.3821867766086,77.62190338866336,13.832964163054044,1,1,1,1,1
f5c8c49f87fc7c0580eb50581b693fc3f56be7ec2348698f6ddd1fd1ebfd0219,pi_3,downstream,/home/qy/DVGC/JIT/runs/campaign/all_proposers_v1/round_000/proposers/pi_3/tasks/acquire/attempt_0000/result/catalog.json::dense_v1_train_x2.95_family3/variant_3,/home/qy/DVGC/JIT/runs/campaign/all_proposers_v1/round_000/proposers/pi_3,e76f9062e62aedc42735741166dfd732105765d7a99ac1903014fe604bcfc937,0fae5c07d761d123f7a063bff74cf221d6e89b996fadc54af18183bea3551007,1a803251e8e39260915257fd4998beb42eca36510f354be784432e67a1ea1b0f,True,-0.19846512317657472,-62.47873879115227,-133.97921490978592,119.1844787524047,490.80690258655113,3.066065177298432,0.5903181171417237,1.3185633125047491,2.0530760288238525,-0.015252179466187954,-0.14721786975860596,-16.461356956377692,-113.8108410832755,3.4947913666762,3.938248872756958,0.00664690462872386,0.7669455409049988,21.48910872329556,83.62449219732399,13.869244084695053,1,1,1,1,1
ef52d05af4128aa70fd73814f83ccfb0906b9589696e0b3c7c4fdf0399ca67bb,pi_3,downstream,/home/qy/DVGC/JIT/runs/campaign/all_proposers_v1/round_000/proposers/pi_3/tasks/acquire/attempt_0000/result/catalog.json::dense_v1_train_x2.95_family3/variant_3,/home/qy/DVGC/JIT/runs/campaign/all_proposers_v1/round_000/proposers/pi_3,38aa30a81f452777b20ba39ee5379f9ec3d571d9c3e163ac10ab607293071ccb,81e1ff380379920a8cade5395abb97e254823f8578acac01cb7b83f7d586d124,236edc4d58b9cb490cb11221440e9cb9fea7d96e984d5875cd85d750c3b78783,True,-0.3398763704299927,-64.98141572569332,-73.14158616108013,124.5801642721747,53.25950654381997,2.325873084817563,0.4437131261825562,0.9868852868434363,1.866150975227356,-0.037390612065792084,-1.2275172472000122,-17.06324347132297,6.187805182817997,6.181470609249634,3.9771459102630615,0.00606193533167243,0.7535452246665955,3.925303739590804,-210.3185590364826,14.00530231498941,1,1,1,1,1
59ffe3eee36b0bc6df31c1bff714e12bc7f6321e49d37de2a48b856689a39e6b,pi_3,downstream,/home/qy/DVGC/JIT/runs/campaign/all_proposers_v1/round_000/proposers/pi_3/tasks/acquire/attempt_0000/result/catalog.json::dense_v1_train_x2.95_family3/variant_3,/home/qy/DVGC/JIT/runs/campaign/all_proposers_v1/round_000/proposers/pi_3,9a90dbb07184b49da1f471adf0931f5da5e2ca94543943a1b1741421427950b5,7885c286be174af7636102d6a4fada49fd377dfcdaa7c16eb701d7514c457bd8,278946e915f6b049c6ca4a0d30ff43b81428f47a68fbc21fcbcaad171feedf3f,True,-0.21657646894454957,-68.34189611809627,-23.124971472912172,128.05947629575752,210.30283594101326,2.340768815280021,1.231224708557129,0.28945798001818146,1.9518972635269165,-0.020954331383109093,-1.322646141052246,-19.37805605274282,-89.7159895784107,3.134146065998714,4.052121162414551,0.004631425719708204,0.6998607516288757,-10.845840090623545,90.00778892013199,14.253929591530552,1,1,1,1,1
c132c829d6dba4b6f8168a09301ce640b951d4484fb8c5e1749ffeb1ec7fb420,pi_3,downstream,/home/qy/DVGC/JIT/runs/campaign/all_proposers_v1/round_000/proposers/pi_3/tasks/acquire/attempt_0000/result/catalog.json::dense_v1_train_x2.95_family3/variant_3,/home/qy/DVGC/JIT/runs/campaign/all_proposers_v1/round_000/proposers/pi_3,e8463281f09fbe4b5970c722c00955cb9ad2c0f856c745c131ce7784d91dea7d,4ee38bb5da8b943af59f498a53dc819ea50494e367a8082b6a416f26b1bdc42a,a2fd3c110abe6199b9ae739051cf902c106eb253647511397ec236af24e80763,True,-0.36166171550750736,-69.01167129829689,-3.1758386079095295,128.2725372167269,-158.56124331758022,2.208974486105966,1.0779599189758302,-0.08563656717529702,1.8142917156219482,-0.04840494692325592,-2.281094551086426,-18.236728027339105,35.73828864336389,4.8878635163004835,4.089386940002441,0.0038553238846361637,0.6634860038757324,-14.300633442633327,75.0905943011216,14.353634670439531,1,1,1,1,1
80450f822b222b7f284ee154fc53ddb142df9509a9bfb59e347824e936197392,pi_3,downstream,/home/qy/DVGC/JIT/runs/campaign/all_proposers_v1/round_000/proposers/pi_3/tasks/acquire/attempt_0000/result/catalog.json::dense_v1_train_x2.95_family3/variant_3,/home/qy/DVGC/JIT/runs/campaign/all_proposers_v1/round_000/proposers/pi_3,7aef122746c226510834424f7e81ba926c0125a4fcb6d35fac850cb1b4546336,eb8e396b76f62282e24aa4e00e7f5eb2b32e767b791837e198f1940b43f00cab,ea4808f80dcb895b955bbc143b92bdf3b074b49971f97a4ea8ea95e18a2fc1fd,True,-0.21947273015975954,-69.72087033038683,4.7050432578813375,128.7235892491362,145.37100055850505,2.02101379429807,1.2249666213989259,-0.4584377359497232,1.9304957389831543,-0.021101046353578568,-1.8576122522354126,-19.67909493286384,-84.59563581427308,2.964501242488522,4.1266913414001465,0.0031233089976012707,0.6237963438034058,-13.025373091568477,-3.185377607415687,14.434987941012242,1,1,1,1,1
c00237b1205e9bf976fcb9c1f26fd9ff4c7ea873f74cf90ea1d9a14b743ba9ac,pi_3,downstream,/home/qy/DVGC/JIT/runs/campaign/all_proposers_v1/round_000/proposers/pi_3/tasks/acquire/attempt_0000/result/catalog.json::dense_v1_train_x2.95_family3/variant_3,/home/qy/DVGC/JIT/runs/campaign/all_proposers_v1/round_000/proposers/pi_3,820477a76bef8cf047f9a8a9a1220cdc45d6d6bb2463544f65ffa1dc4aff057d,ea623c08d18de620babdf340e4efb949a82e9f25b8c618749868c48dced34d53,a192cc0a1d867927cf0cae45596546285150e6be7f0a666622a944ca1e3d9500,True,-0.217354691028595,-70.22824410269206,19.910640053274566,131.39098302570127,124.97548196095669,0.34138872739015025,1.228439064025879,-1.2518773328130652,1.9272929430007935,-0.02113102748990059,-2.28770112991333,-20.91335451211475,-87.43185137655337,2.7954920534579646,4.202306747436523,0.0018717319471761584,0.5359298586845398,-11.398093328417634,-31.382379896417863,14.593524126130308,1,1,1,1,1
5842b69b0d8d9a3cb96a7ffd38823eeb2e7e4fe09df74050a9f3656f5a3a816d,pi_3,downstream,/home/qy/DVGC/JIT/runs/campaign/all_proposers_v1/round_000/proposers/pi_3/tasks/acquire/attempt_0000/result/catalog.json::dense_v1_train_x2.95_family3/variant_3,/home/qy/DVGC/JIT/runs/campaign/all_proposers_v1/round_000/proposers/pi_3,7cd448bf827cf9289fbfe5e6b0501f10f2a35d674e93e8807abf0c9a791398fc,3980c09f6b8afbc2c961bb3afc7489196d71a37cb8b0962caae07d4d056d23ce,eb98312b2320f7f6f8785addf3403973f74b797ebc459288da29ad604c11fb62,True,-0.2769336581230164,-70.18549394867695,28.5716921661605,132.08363250943228,-25.203012131658944,-0.46570869301826284,1.1668608856201172,-1.6677009119228743,1.8852427005767822,-0.03792721405625343,-2.798213481903076,-20.65968470143506,-37.02014439584603,3.3618363983966124,4.24004602432251,0.0011842134408652782,0.4847381114959717,-12.316588993470623,10.457620675936482,14.68319150100473,1,1,1,1,1
1950c6c8c30bece6bdf8f0baf6c25ae423148fbf95f8c545b6c1e37b42b37342,pi_3,downstream,/home/qy/DVGC/JIT/runs/campaign/all_proposers_v1/round_000/proposers/pi_3/tasks/acquire/attempt_0000/result/catalog.json::dense_v1_train_x2.95_family3/variant_3,/home/qy/DVGC/JIT/runs/campaign/all_proposers_v1/round_000/proposers/pi_3,670bc6a1ae7144245b5d6c5def005b6827d0765c83e3ab187fffab8f9fa8293b,b0b96e918cbbcfe59af908e1dc3dd6de09be28b12db7472f7012eed489324547,cbf5b822f201375615c143c9bbc5381424875f245ff56efc771e5184cb8bc90b,True,-0.23247064113616944,-70.22922081974336,29.9595387941829,132.9050993609097,77.6054904440878,-1.2633577936598437,1.2150193977355959,-2.0893478053923404,1.9156389236450195,-0.024975929409265518,-2.7735695838928223,-21.53061749042902,-76.4353697562379,2.80814860743341,4.277775764465332,0.0005128412740305066,0.43005669116973877,-9.458803693791436,-41.321835101160495,14.765811443098487,1,1,1,1,1
e6bc892314e486d4a9b649d24b5985b0e3feb2c59548c6da854c488a6e936ec3,pi_3,downstream,/home/qy/DVGC/JIT/runs/campaign/all_proposers_v1/round_000/proposers/pi_3/tasks/acquire/attempt_0000/result/catalog.json::dense_v1_train_x2.95_family3/variant_3,/home/qy/DVGC/JIT/runs/campaign/all_proposers_v1/round_000/proposers/pi_3,169ceb13422b370d2f933777751cd15ca5a81765a6078412d8b4a52a395a9ca6,c25113cc103a0d5b44d68d144ddf8a09976efce3bf41d6560ac844a930db57f1,0784387aedfb2639be05d0eccef13d88a395d8e1e8326b60246b3eeac51b3424,True,-0.2520908665657044,-69.87727483219095,38.223630557791445,132.90014064357229,29.05388303099589,-2.5371275357600664,1.1993317222595217,-2.9433609120499526,1.905718207359314,-0.03002873808145523,-3.263911247253418,-21.39907316965645,-63.58827570106416,2.809581666498643,4.353002071380615,-0.0010233779903501272,0.3054404556751251,-5.066457595170685,-61.399295694723456,14.93658938698222,1,1,1,1,1
fdff2ca441191c4c6b6e04b71a222e71c2ed1788abc37e8ef85e294c29e83a48,pi_3,upstream,/home/qy/DVGC/JIT/runs/campaign/all_proposers_v1/round_000/proposers/pi_3/tasks/acquire/attempt_0000/result/catalog.json::dense_v1_train_x2.95_family3/variant_8,/home/qy/DVGC/JIT/runs/campaign/all_proposers_v1/round_000/proposers/pi_3,da57427b9a53be24b6210dcd0100da92fba68cbeb4513d9bcdd62f60e1a087b1,506402085decd4a988a4a96d3b0338c46de2dd5ba72e430dce22c8a6e56dc12e,ef9e5ddb4a0b06d989f3cef73fa932e0bd9586c3ee37760890da1405cf1321d3,True,1.0295579433441162,-64.05802879142095,410.3134783877877,124.43734501662972,-585.6180698518187,-0.2640268057152022,0.23198433160781862,0.5418671026652091,1.0018774271011353,0.003491438692435622,0.09758467972278595,1.2234308479303828,40.620815220601656,-6.018470706028218,2.8466761112213135,0.004345632158219814,0.11728724092245102,-7.587010842316952,-87.63782939135345,2.5716254185295053,1,1,1,1,1
6cda60212443439012193a91f0f21d113b6c66141649a16e4e01315df6ad48b7,pi_3,upstream,/home/qy/DVGC/JIT/runs/campaign/all_proposers_v1/round_000/proposers/pi_3/tasks/acquire/attempt_0000/result/catalog.json::dense_v1_train_x2.95_family3/variant_8,/home/qy/DVGC/JIT/runs/campaign/all_proposers_v1/round_000/proposers/pi_3,108591a3d91d16749d538f5789e00adbac8ae619024a740b6cceddfc6eb942c4,c59a6f77db465d3949d3f1592582b0abf1bb6b5b3814c5e52ef74436f5047959,d4d2a62acdfdb52557acf0be88405757b2a028a64812d71055f8f67dbd527f07,True,-1.1396776199340821,-46.74130333962047,-229.6327357450129,68.58175870136878,-1307.1817114339567,14.82757653571725,-0.9927836036682129,0.8089278957656416,0.7464606165885925,0.05866580456495285,1.8800469636917114,5.154551240651394,713.029839308584,31.82617826792861,2.8838210105895996,0.005120593588799238,0.15916351974010468,-8.729895297077785,28.861923979467267,2.4963321137401553,1,1,1,1,1
619e42a4bb9e82bd6e3af47be5b1b6e25d1383a7920499aafa026f7c7f9bdb7a,pi_3,upstream,/home/qy/DVGC/JIT/runs/campaign/all_proposers_v1/round_000/proposers/pi_3/tasks/acquire/attempt_0000/result/catalog.json::dense_v1_train_x2.95_family3/variant_8,/home/qy/DVGC/JIT/runs/campaign/all_proposers_v1/round_000/proposers/pi_3,5195ae60b28ba691a2d13204bf9b27058007101d95aaf4cfb3c5107d7ba2408b,10f9d141b243c66886c53d31dfb697fb30d7316df7051ed7d89cb34a92d8ad46,d121fed11ed84aa4c6a1a4856457b4e64e387a6212dade1b363b4b1a482e0a80,True,-0.271694552898407,-60.29421889833958,-269.3659678829714,49.62066520688773,447.5980057460266,33.59353767731485,-0.15503712654113772,1.6069341217332938,1.6954501867294312,0.0738527700304985,3.2013421058654785,-2.2966047911964784,27.30381610336208,24.127337592104684,2.933812379837036,0.007786164525896311,0.27339452505111694,-7.356587580477402,-92.54002008321167,4.496328804825817,1,1,1,1,1
97262e68f1163ec0d7ae74b4d7b9f9e3f560371cb73e64b939ef70b97de43de6,pi_3,upstream,/home/qy/DVGC/JIT/runs/campaign/all_proposers_v1/round_000/proposers/pi_3/tasks/acquire/attempt_0000/result/catalog.json::dense_v1_train_x2.95_family3/variant_8,/home/qy/DVGC/JIT/runs/campaign/all_proposers_v1/round_000/proposers/pi_3,eafb8d06c2bab20dff8677b4646a09ade3cdb59fe8b9a3c5f95b53983f2e2a83,77eef423ebf7d797bc440f15780edca59aca4f36ef366e496e7c3c7a5c6f8a94,c34bee2c773e095acdfefdb5ceb55754b40d8ca798bdc5ab6065b78b11bb6dbb,True,-0.20665467977523805,-64.90612655047227,-57.34661661107473,77.5939201036338,131.67451783852687,25.25816140219906,-0.5345553588867188,1.963311432282426,1.570735216140747,0.08665727823972702,2.467778205871582,4.38229846346484,-11.091808863014045,22.082513850838975,3.0066075325012207,0.01115694735199213,0.3988097310066223,25.8602522071853,65.31056254179623,4.891178864759378,1,1,1,1,1
661ff9cdd282070416b80f49e83113a2313819c157082083725496f19418b207,pi_3,upstream,/home/qy/DVGC/JIT/runs/campaign/all_proposers_v1/round_000/proposers/pi_3/tasks/acquire/attempt_0000/result/catalog.json::dense_v1_train_x2.95_family3/variant_8,/home/qy/DVGC/JIT/runs/campaign/all_proposers_v1/round_000/proposers/pi_3,d71412172f2377e0c578eb35ec602c35335c32fb868489b7b9572dc7a2c42db5,0762438a499bea2a7db1b213119f63adfdb92b508d501c56c47be2c405882118,d63a00a54ce6c0209217379aeddf3c6b858666008cae8b390201bc34c6ce28a3,True,-0.2950692701339722,-61.310209537378974,174.25781033221327,72.66024906989098,-481.786299070472,24.479507120640534,-0.628415117263794,2.247171453632929,1.3047447204589844,0.09690163284540176,1.393873691558838,3.1589225772129352,65.74576853533111,26.071796826158934,3.0350356101989746,0.013126294128596783,0.4329482913017273,28.616501622210368,-37.26824760235216,5.35978336019696,1,1,1,1,1
15f45d18e314c9304ea808ee2934a5782b9a58cd8afe854553eb6c6334381c28,pi_3,upstream,/home/qy/DVGC/JIT/runs/campaign/all_proposers_v1/round_000/proposers/pi_3/tasks/acquire/attempt_0000/result/catalog.json::dense_v1_train_x2.95_family3/variant_8,/home/qy/DVGC/JIT/runs/campaign/all_proposers_v1/round_000/proposers/pi_3,ab27a293af5d76574d5f06a197594201289a258383b939b2a6e0584da6fe5818,e6055fcbd87c46f317d40bdb5a1d07bd252a4f3cd79f8dfbe4a2e0bdc991e96e,0016678039c1bb1e17ad6ee32cda5e3dc54613cfa85cddbfd0b40696fb8c9d5c,True,-0.16119043827056886,-44.54902435191065,373.29898938857446,42.83226996440629,-578.9833333750951,23.480208879549842,-0.4730360269546509,2.7738699368663062,1.29681396484375,0.08264417946338654,1.0402594804763794,-0.43404459457170586,-61.44446373570475,29.638957035299182,3.083732843399048,0.016973670572042465,0.46831169724464417,28.533379927558606,-21.462300230803258,6.53610856005025,1,1,1,1,1
d28696e0cebe69f4eafbfebe4c3dd4d73f32eab286be7f601f343ad299c464d7,pi_3,upstream,/home/qy/DVGC/JIT/runs/campaign/all_proposers_v1/round_000/proposers/pi_3/tasks/acquire/attempt_0000/result/catalog.json::dense_v1_train_x2.95_family3/variant_8,/home/qy/DVGC/JIT/runs/campaign/all_proposers_v1/round_000/proposers/pi_3,a12334c3d010522f6cec25d89ae0275a8a705016ceaa59a3101407c2bdd9fec5,dc108a562922e664880efd87be04498169007d37676aa2571d35ab7e9cf55080,b399a3978f6d25c047353f0879afb5cb8171abd0ae9ed42fb601c2002a4daca5,True,-0.08671722173690796,-24.156744971576174,373.8707308636179,20.99829474463303,-358.95277809360965,15.833609009632953,-0.3551833629608155,3.0825281205044086,1.4364571571350098,0.07586285471916199,0.9909917116165161,1.7219214256114797,-157.9439718015295,32.060685982891826,3.137878894805908,0.020366284996271133,0.5034047365188599,33.56193424170395,-83.24859956654151,7.32932700051688,1,1,1,1,1
a72a5482ebe4c25e0c5040bc8c92fe9eb97795685ee2487471a56af8f1700e83,pi_3,upstream,/home/qy/DVGC/JIT/runs/campaign/all_proposers_v1/round_000/proposers/pi_3/tasks/acquire/attempt_0000/result/catalog.json::dense_v1_train_x2.95_family3/variant_8,/home/qy/DVGC/JIT/runs/campaign/all_proposers_v1/round_000/proposers/pi_3,4bf96ef9163e520b9824d60b7c40b89baabda3f15d1d8cffcee35aafa99663a4,9ca68ec9f347baaed2dc76f41f23a6e52513598580d5598a963a9dacc7615fcc,71419ec7866d0c6b97b91865f3b50aceb1f47b167b6af5a81d54f1d3ca28ba26,True,-0.14802720308303835,-6.304137391648478,340.6248123993375,4.313142371231638,-313.97879644701374,7.981791072317416,-0.3634363555908203,3.387976617491361,1.5047029256820679,0.06327152997255325,0.947520911693573,4.891681165159698,-151.18032233441102,35.14138133632355,3.1960325241088867,0.023275267332792282,0.5389965176582336,39.45615868408776,-76.50885576151808,8.161316478303915,1,1,1,1,1
79855fe7b974032492a47ade1c3ad8cfcd375a772bf884f654fe07c48196c446,pi_3,upstream,/home/qy/DVGC/JIT/runs/campaign/all_proposers_v1/round_000/proposers/pi_3/tasks/acquire/attempt_0000/result/catalog.json::dense_v1_train_x2.95_family3/variant_8,/home/qy/DVGC/JIT/runs/campaign/all_proposers_v1/round_000/proposers/pi_3,64d7f37af6af523a21612ab0deb79493738502c00bf1747e6da4c8eed0d89826,bfa5beb8cba3776328ea6905737d0d5a820469c25161caeb48d89f574bc12e84,ab35ce3b1a1a55a1d3e7f98c0125893f573bf1c30ab51246f4e9a0aec9601c3b,True,-0.18741862535476686,-1.0133212090126853,191.63471316569613,0.5607016481888654,-120.04259639896843,5.12566047625981,-0.4152264595031739,3.5614467368861127,1.5771653652191162,0.06230277940630913,0.9370523691177368,6.433674063691885,-108.75493015395696,36.150333465423245,3.227109670639038,0.024611394852399826,0.5572482943534851,40.588214727693185,-50.64587660130665,8.676466318139523,1,1,1,1,1
0c1f652eb9fc494ed5c198298146acba4a96ca2795888f216cde09f395a3dff2,pi_3,upstream,/home/qy/DVGC/JIT/runs/campaign/all_proposers_v1/round_000/proposers/pi_3/tasks/acquire/attempt_0000/result/catalog.json::dense_v1_train_x2.95_family3/variant_8,/home/qy/DVGC/JIT/runs/campaign/all_proposers_v1/round_000/proposers/pi_3,a22d5f772e39ab6100ff3147fa0fc3e866c03276f545bdcbfb8b0814791b35ba,e7e706df23b0c04bc94d72e71c2a94488f2f9fb88d4f35a7b26937c0440fd735,ef70a1bdb59caf691e34d4a7218f5e19fb247b8c5e7bcc8bf3024c0953ee275c,True,-0.20552142620086672,6.686002169086489,188.36279300607157,-4.940280095538454,-187.73307688535306,0.9176072544922471,-0.4515542268753052,3.928388611963361,1.5770183801651,0.04831671342253685,0.7580791711807251,8.942952802952577,-79.04390779272498,38.269491862973496,3.2906646728515625,0.02694200724363327,0.5906847715377808,38.750060557881014,34.76503791305585,9.898568831689346,1,1,1,1,1
576a440e6fbd407f3ddfd13ca4f641adba3092d35965f453417dc658fcb50692,pi_3,upstream,/home/qy/DVGC/JIT/runs/campaign/all_proposers_v1/round_000/proposers/pi_3/tasks/acquire/attempt_0000/result/catalog.json::dense_v1_train_x2.95_family3/variant_8,/home/qy/DVGC/JIT/runs/campaign/all_proposers_v1/round_000/proposers/pi_3,bff9c92658ba3c9639aedc02d74dacd78ed171828178caab292343f88272827d,63a743586a4ea59c41cebb9bfe95a349073720b3c3f8474a5f02825d05d6c4e7,3b40f949f19ce6d3e6c3ddd22a25346467e0bd0004c3b7d9c99cfd9a6baee39d,True,-0.3139802169799805,6.685881360115545,-124.52195740006785,-1.2876585317905977,228.87682504918925,-0.742967373828263,-0.5570058059692383,4.2870521316102455,1.718910574913025,0.0531444288790226,0.685508668422699,9.017570058314028,7.18183633678898,39.95888109756821,3.3576343059539795,0.02918679639697075,0.6192020177841187,40.82130517840362,-67.38617506829307,11.300161678713062,1,1,1,1,1
99f722f417e507106b46c409d191137ed599f54f7ba37e3d644d4848b35db426,pi_3,upstream,/home/qy/DVGC/JIT/runs/campaign/all_proposers_v1/round_000/proposers/pi_3/tasks/acquire/attempt_0000/result/catalog.json::dense_v1_train_x2.95_family3/variant_8,/home/qy/DVGC/JIT/runs/campaign/all_proposers_v1/round_000/proposers/pi_3,68a2c98be0907732be8b68b6779c5f8dd6711934487645e619446a67d9dcab24,e6d6fc397922d2262a6fcc1475b79ad331cc1d8efd155d20a2edad7318f34704,526d60713313c379704e05f0185bc47fc30847ae4559e52567717c6925f90bbc,True,-0.29704868793487554,4.392752494876368,-125.67520752066781,4.064523485443174,272.34644387071154,-1.138157267583336,-0.536579236984253,4.451670630137929,1.7541460990905762,0.055411290377378464,0.5866025686264038,8.86507071716786,-9.5276212647739,38.6890430629307,3.3926117420196533,0.030374307185411453,0.6313363909721375,41.27354224863392,-27.414186837707607,12.033171236225414,1,1,1,1,1
f5c67f0ef4d74001a47eba5599b42d7cd7d632683a00e002820a458d6f03db94,pi_3,upstream,/home/qy/DVGC/JIT/runs/campaign/all_proposers_v1/round_000/proposers/pi_3/tasks/acquire/attempt_0000/result/catalog.json::dense_v1_train_x2.95_family3/variant_8,/home/qy/DVGC/JIT/runs/campaign/all_proposers_v1/round_000/proposers/pi_3,c78645045d6744e833482376715d6105add3c269f3664f2a617fb86d5eeeef2c,11cd4aee8c665120ad0acfca232712a61ea199b40bb02f3c37508083b0108a3f,46f4364a186d2e1316297c144400c38c7747feced2a9fdb6cf3f27a87b96ab9f,True,-0.31111589908599857,3.4231516469060517,-139.73408641762853,8.04709067726172,255.2843034749395,-2.0607921051913505,-0.5584072732925416,4.607596600670613,1.7604161500930786,0.04745498299598694,0.5330516695976257,9.116292758803747,8.308055129974981,39.06972707141595,3.427764415740967,0.03145861253142357,0.6419305801391602,40.62111916401972,-13.759948837745949,12.71887870901392,1,1,1,1,1
5b1cf0eddeec712609a4b3d73253405f6fcd194f499e1075d83bf5523660d7d1,pi_3,upstream,/home/qy/DVGC/JIT/runs/campaign/all_proposers_v1/round_000/proposers/pi_3/tasks/acquire/attempt_0000/result/catalog.json::dense_v1_train_x2.95_family3/variant_8,/home/qy/DVGC/JIT/runs/campaign/all_proposers_v1/round_000/proposers/pi_3,b37c3c50bc9f9e218c0a9618e241ec103cce0bccbd35bed46993d3e3ae87ec8e,8cca15fdac4b1dd2040f5c8b96f77250ae1a0b4a9517cff483a081af32decf7f,792ea6d607d4dedcfc3abd041862571943300e96c37facd1542f975289993454,True,-0.38720856189727787,-3.4886036421749913,-350.9257758564706,17.077093387412464,415.0331937457799,-0.3711999465500027,-0.6866708564758301,4.903787468880808,1.8192336559295654,0.024308638647198677,0.6052514314651489,7.079273362438422,113.24142870273906,39.011708029511276,3.498084306716919,0.032821692526340485,0.6619423627853394,39.07620209074912,-1.2465096302490328,14.472545885371998,1,1,1,1,1
bff2c85e8573f2b107f9ba0773ba931f8106e1eeb582d1bf39bb5e05f3024fc5,pi_3,upstream,/home/qy/DVGC/JIT/runs/campaign/all_proposers_v1/round_000/proposers/pi_3/tasks/acquire/attempt_0000/result/catalog.json::dense_v1_train_x2.95_family3/variant_8,/home/qy/DVGC/JIT/runs/campaign/all_proposers_v1/round_000/proposers/pi_3,6906aef1635f7b99ca44f5b0fa606f14f04ad3a3b86bde7dc0a5cfaffe9b7aa9,1979ef40985dc6997aa963553b32ed7f4794ee715b0b2c6b8db76aa6a518226a,4ebe121eab75a803195d5f67ef0f122e0b5a76011cc270d06388a0c0ab4c34e4,True,-0.28306852817535405,-4.5189035275255645,-134.4593089065461,19.72810495525327,209.80670466008186,-0.7615720856150962,-0.5722636318206787,5.027404013970036,1.809679388999939,0.020053813233971596,0.44800254702568054,6.500217608567557,19.564783179367215,35.99181160497642,3.5339088439941406,0.03332114219665527,0.6705408692359924,37.340551984905915,5.728938560224554,15.166234190066342,1,1,1,1,1
ca96bf789a5726d98b1654be74297f202b6a5e84201f5de6cfee8e3bdece754b,pi_3,upstream,/home/qy/DVGC/JIT/runs/campaign/all_proposers_v1/round_000/proposers/pi_3/tasks/acquire/attempt_0000/result/catalog.json::dense_v1_train_x2.95_family3/variant_8,/home/qy/DVGC/JIT/runs/campaign/all_proposers_v1/round_000/proposers/pi_3,c911ed426497f4d6692308203266cdaa8378594d4b1888bfce08591bdde3205d,fbc97221598df49c2272fa83a1e08185b00817f3bbfe9d82507d4de24b860406,d25e4f2b4c832c634850f9edaae845bb75f5931c75fe8b65985a805de58bd8c2,True,-0.28099865436553956,-13.137809958137936,-243.5443011219548,34.32184401328664,437.5398964950225,-0.026028429919912038,-0.5662994098663331,5.239253244274075,1.9148566722869873,0.024969980120658875,0.37222200632095337,4.73234651220164,14.67111144095128,29.972085851688213,3.6090664863586426,0.03432483598589897,0.6877048015594482,35.63860886261672,-5.776918077822955,16.5650059013789,1,1,1,1,1
b8774b58d1e39d443380ea21fdc449711ec9a8b72992d6141dca678ee9e0d585,pi_3,upstream,/home/qy/DVGC/JIT/runs/campaign/all_proposers_v1/round_000/proposers/pi_3/tasks/acquire/attempt_0000/result/catalog.json::dense_v1_train_x2.95_family3/variant_8,/home/qy/DVGC/JIT/runs/campaign/all_proposers_v1/round_000/proposers/pi_3,7f7fa06fca7924450eb1dad44bf68338c1b336f2864d119250613345ad04f042,0fe1e9af7262a36f217ff378b92103a4976b2fd6ce2f4b5502e48d8c78b70f89,1dbc5b6729079bb5b0bf354a57487aaad4ac5316b1a73604e84e528a4763bcea,True,-0.31966215610504156,-16.854509475192796,-251.36153458930443,40.76353202330907,314.81371877115606,0.1883858691009913,-0.6327185535430909,5.334259927556778,1.8522602319717407,0.007286212407052517,0.18469491600990295,4.564881799697152,69.04998865954066,29.846475257757096,3.6466164588928223,0.034727197140455246,0.6920900344848633,31.98205001497747,48.78382701468318,17.202697298706248,1,1,1,1,1
c024683ab5bae697210d5aaf28b9c13ad3ff25a91848104b7fc58c16bd29fb23,pi_3,upstream,/home/qy/DVGC/JIT/runs/campaign/all_proposers_v1/round_000/proposers/pi_3/tasks/acquire/attempt_0000/result/catalog.json::dense_v1_train_x2.95_family3/variant_8,/home/qy/DVGC/JIT/runs/campaign/all_proposers_v1/round_000/proposers/pi_3,71d96fc04146d6a525c67b9ca60a721d9932ecb92282430d57318851abf842c2,9beb3d8d6127bc08e02e98b9bf90e13a1cdbfd026a499ec5ecb6d7c2b56e97c0,2769d3e50c081352522faf270009ba12d7b3b7942edceb9365a57baff6d190b3,True,-0.26108424663543706,-22.034164649251746,-263.8602070345375,49.991773290156615,473.3156077448489,0.44616667360932877,-0.5662490749359131,5.420029322788322,1.9423770904541016,0.016524946317076683,0.20074643194675446,3.8065203466219355,14.674010856253952,24.716005983458697,3.685364007949829,0.035125184804201126,0.6967960000038147,29.032586501163788,54.09015999973107,17.77901327037885,1,1,1,1,1
8509de0e4dc65b71763d8ffef980025ce9db376baff9e7ebf20be3acd591cf56,pi_3,upstream,/home/qy/DVGC/JIT/runs/campaign/all_proposers_v1/round_000/proposers/pi_3/tasks/acquire/attempt_0000/result/catalog.json::dense_v1_train_x2.95_family3/variant_8,/home/qy/DVGC/JIT/runs/campaign/all_proposers_v1/round_000/proposers/pi_3,2243b34222a0b1b3cc4d1accadb9d2d2a6c092a732f777613d4d5d37d7193743,42b37f058249ba00f5dc9e58d0f9fd3d9299680e9cbfb954a2d1e59ede523a77,4af77f685a312ed5b05ba679730a89bdc96348777284aa528bdbb2fd464e6d54,True,-0.3716612768173218,-40.045696217013656,-496.73796565422344,75.6875801553374,674.0733362830393,3.9579350712071126,-0.681952657699585,5.583935270609774,1.9961813688278198,-0.03044460527598858,0.47538408637046814,1.9771634604607404,109.3490814796672,19.394619261480102,3.7649590969085693,0.03476608172059059,0.7138186693191528,17.97273267818165,115.35961379833257,19.09796814045061,1,1,1,1,1
f6643191e35f4a9d3ae90cbf53d814ee7098989c6edd4492f7a3dc17394d0feb,pi_3,upstream,/home/qy/DVGC/JIT/runs/campaign/all_proposers_v1/round_000/proposers/pi_3/tasks/acquire/attempt_0000/result/catalog.json::dense_v1_train_x2.95_family3/variant_8,/home/qy/DVGC/JIT/runs/campaign/all_proposers_v1/round_000/proposers/pi_3,5969496994b8e97fade9b81f2b1f64e72948f6a784c6de834b0689db3b206a58,a31ead3962a5bb082bd119c689cc3f66fb129ecdc42a60389846a69b7f772b4e,73eb3963f11fed34e8cf7953c31c620388d70278e8359a4d0d825605140dfe5c,True,-0.19988121032714845,-48.96152463122482,-390.62767108651707,91.9367914360945,810.0921822827745,4.144562890452753,-0.5088935565948487,5.64929162858027,2.0998644828796387,-0.029681112617254257,0.6175143122673035,1.8842570929361113,-32.27350784724025,14.60400824745049,3.8067638874053955,0.034249722957611084,0.7266406416893005,6.256138237256213,-20.419697467210202,19.498685339593465,1,1,1,1,1
a14a8c2d2aab19b4d2660df1544b1c0422624036482f65cc9ec05d2e05b17b15,pi_3,upstream,/home/qy/DVGC/JIT/runs/campaign/all_proposers_v1/round_000/proposers/pi_3/tasks/acquire/attempt_0000/result/catalog.json::dense_v1_train_x2.95_family3/variant_8,/home/qy/DVGC/JIT/runs/campaign/all_proposers_v1/round_000/proposers/pi_3,089234c2f1a142d06b9e544064092c1d68ff5f8f440809126dbd41231b1f0526,7140b65d7380141c2cd1d75c60872684d3ba01f9a25d5574cbdd506e28bae563,f5ee5c6dd7fad81cd0ec51bf502e328cae32af19564bf749a3feaa386db901f0,True,-0.1703403639793396,-55.44128753077548,-301.836004178295,107.08440931694442,680.4045391530476,2.823784419091183,-0.4840754985809327,5.707077348737864,2.05047345161438,-0.03364930674433708,0.32000622153282166,2.7229078465916507,-52.578290796759575,13.375077923299484,3.8486075401306152,0.03370749577879906,0.736301839351654,-9.268132986695008,-147.03987531992763,19.692681595375685,1,1,1,1,1
15b52e3c30ba30ac14096c60a27bd72a9fab2a70186af0d272a8a2be11a9ccb8,pi_3,downstream,/home/qy/DVGC/JIT/runs/campaign/all_proposers_v1/round_000/proposers/pi_3/tasks/acquire/attempt_0000/result/catalog.json::dense_v1_train_x2.95_family3/variant_8,/home/qy/DVGC/JIT/runs/campaign/all_proposers_v1/round_000/proposers/pi_3,4647ee7cf036a17fa83c8b0d2928e2ee56a6a9a7e156f43cf030f55f598acfb9,f8359060c81b9c4caf0d3c8fcdeda3a4d297e2f2c256fed5198a3003a15bc479,a5a19240f2f1ebda841dc78a37e53540c4bc6019566207d827e3d49adcaeee5e,True,-0.20043137311935427,-60.27755323676475,-236.42177985546547,118.84316053920082,501.6358669872829,1.5301539388092271,-0.5047656583786011,5.7795270890995605,1.9686836004257202,-0.029618632048368454,-0.1579762101173401,3.878815764552405,-35.63160108852829,12.419759854657311,3.88901424407959,0.03318903595209122,0.7375996708869934,-22.09523849326271,-11.893919812157307,19.85346849218254,1,1,1,1,1
8fa1e33c79db37f5483c5d891c58546347ae8b0633ccd648dbbff5faf5a77817,pi_3,downstream,/home/qy/DVGC/JIT/runs/campaign/all_proposers_v1/round_000/proposers/pi_3/tasks/acquire/attempt_0000/result/catalog.json::dense_v1_train_x2.95_family3/variant_8,/home/qy/DVGC/JIT/runs/campaign/all_proposers_v1/round_000/proposers/pi_3,7379e1d86017090a6a9634059a0f02566103fa7e78e9a93bb5bef0d16309f830,f04e47f0aab3c2b601561b3574f50fc13e5c2b56d654b887317eba788a6d231f,8698f41596c1cb425ec91e88f8704160c98083c9d11c1f19936d7171174d5e42,True,-0.3242680025100708,-63.54633833956028,-168.22568778558147,124.39893203273758,69.0398458286232,1.379145129154948,-0.6392570209503174,5.884084805000378,1.7609055042266846,-0.0026509470771998167,-1.2308872938156128,5.6870050407020845,74.45169157596943,14.450487793023408,3.9265496730804443,0.033030714839696884,0.7230383157730103,-38.24682929530739,-170.61102207018172,20.145361295916977,1,1,1,1,1
298f5f43143869ff4cf3a0d1a57a390f53d15566bd3f1dc579f5ba641ddd420f,pi_3,downstream,/home/qy/DVGC/JIT/runs/campaign/all_proposers_v1/round_000/proposers/pi_3/tasks/acquire/attempt_0000/result/catalog.json::dense_v1_train_x2.95_family3/variant_8,/home/qy/DVGC/JIT/runs/campaign/all_proposers_v1/round_000/proposers/pi_3,cea43f31a4092c34a6de96b55e0c34dd9ab01a808cc3b517793be176bacb3ffb,7ef1e35150d63ef5f0135d968c353730b15243fe9e3f702afd0ac19d7890f7da,7e98fa059456d6c75ef55d3e6290e4344b3126be3d84cdcf93e37a34f9b90088,True,-0.3297920608520508,-68.11641108302665,-109.88559966916088,122.4302666082648,-37.1953968046648,4.5390702481547525,-0.6407647323608399,6.148143670916142,1.729664921760559,0.010797759518027306,-1.8555721044540405,4.6953089576536,75.67900826792904,14.62290225824204,3.995561122894287,0.033586569130420685,0.6554459929466248,-42.42468525587495,14.26237669931844,21.07452936449344,1,1,1,1,1
e242461145e556a88e6bd1e395c6c51b17d3120cbf724daed2cda942c4ad3c20,pi_3,downstream,/home/qy/DVGC/JIT/runs/campaign/all_proposers_v1/round_000/proposers/pi_3/tasks/acquire/attempt_0000/result/catalog.json::dense_v1_train_x2.95_family3/variant_8,/home/qy/DVGC/JIT/runs/campaign/all_proposers_v1/round_000/proposers/pi_3,544eb77a9f9bdf873e9dc31e57ba0c926e450f1dbafc4911e019adec8910e1e5,de08f55b4c41410aacbaeb73da443b454a356a7e35db59c0a7807eb82f43350f,0a19a965602de75eb50694ebeb999dbf12d81574f23ff5ab9ef75ee2f1995300,True,-0.41270006656646735,-69.2358176162892,-78.28833860635983,118.11484380762403,-320.359695773423,6.646446006015048,-0.7530763816833497,6.293319065983545,1.6157227754592896,0.032816484570503235,-2.5938217639923096,4.221209732550559,167.62980842201122,16.806505198158654,4.02897834777832,0.03425949439406395,0.6088489294052124,-42.486781920714115,3.7412092240046273,21.620956512918912,1,1,1,1,1
7cff62b66b2805d9e0dd6534ea931827eb31c0601cdf215f8377627a0e68feaa,pi_3,downstream,/home/qy/DVGC/JIT/runs/campaign/all_proposers_v1/round_000/proposers/pi_3/tasks/acquire/attempt_0000/result/catalog.json::dense_v1_train_x2.95_family3/variant_8,/home/qy/DVGC/JIT/runs/campaign/all_proposers_v1/round_000/proposers/pi_3,4b003613777828435d87dd500d4689a1d659dbe362d5824e8c2e3ae54b04fc5f,630753cff469d1e63698c5995b2e8fc925c9eb789fd462a767ed27bbe90eedcd,8b0e8568decb9d92ef3bad7eb864ad78faea454cd13251158d83f1cf5a2516dd,True,-0.3438747930526734,-70.60286631828892,-42.04408320965974,113.6714710732614,-189.72301151890127,8.735053300669366,-0.6629368686676026,6.525817125174946,1.6909242868423462,0.029568729922175407,-2.747360944747925,2.456392157630461,93.85808949867322,16.157570632663035,4.098092079162598,0.035401806235313416,0.5117872953414917,-41.99752864027693,0.9006508353509781,22.47800594863802,1,1,1,1,1
26efd27f8564b36ba1691207e34055e701b5d8696c5fb6fa6a79c53c84e511ff,pi_3,downstream,/home/qy/DVGC/JIT/runs/campaign/all_proposers_v1/round_000/proposers/pi_3/tasks/acquire/attempt_0000/result/catalog.json::dense_v1_train_x2.95_family3/variant_8,/home/qy/DVGC/JIT/runs/campaign/all_proposers_v1/round_000/proposers/pi_3,24a57530516376d3aa3f37755d99c1ed882b3bce1db3a2907c6f24bda3652b32,00cf4e428b1cf83e973e5f87ac35e8246480b51589270e72c68d496a4c7936c5,32bda7ff7cd0c860135dac998438a2119c0eabd642beeed5b5bdabc78ed3ece5,True,-0.25209517240524293,-70.96378717441073,-34.47511687335631,112.75996866814485,40.17662752830822,9.05326160446551,-0.5434278249740601,6.617667325484569,1.7880544662475586,0.014724324457347393,-2.5378782749176025,1.6725611425836784,-3.9531717651781024,14.61387104061199,4.133326053619385,0.035920873284339905,0.45963311195373535,-41.18048433628708,-13.425369459931934,22.818399115433557,1,1,1,1,1
7dc1a6808899ea3dff80b23c6e3ac923dd57751354b991bac56f8175497d3dd7,pi_3,downstream,/home/qy/DVGC/JIT/runs/campaign/all_proposers_v1/round_000/proposers/pi_3/tasks/acquire/attempt_0000/result/catalog.json::dense_v1_train_x2.95_family3/variant_8,/home/qy/DVGC/JIT/runs/campaign/all_proposers_v1/round_000/proposers/pi_3,ebc0ac96db1e02a2ccfedfac4acfd300859e1ffd2bce075e822c9dd7a7899592,aa069fdf7fccaee93f9522173f32a5a63f31a446e9d169d4f119ba9e30e38b9d,c77b91e3617f8bb591904f2d69033576ec92d91c2d8a8113cdb3683fc0f2fa99,True,-0.23033953428268436,-71.05794816230852,-22.9538871870344,110.60886206075187,77.5730128945844,9.394308885964184,-0.5153577566146851,6.782517936549703,1.8059111833572388,0.013002600520849228,-2.8713865280151367,1.0341227635733707,-26.913414443235197,14.414946903677246,4.203886985778809,0.03708739951252937,0.3426474928855896,-41.172749147052045,-10.279745474476426,23.47427883267665,1,1,1,1,1
9af6a134caad67ac222aa2fdb3596477a994476dfb2cc341332bee51ebcbd43d,pi_3,downstream,/home/qy/DVGC/JIT/runs/campaign/all_proposers_v1/round_000/proposers/pi_3/tasks/acquire/attempt_0000/result/catalog.json::dense_v1_train_x2.95_family3/variant_8,/home/qy/DVGC/JIT/runs/campaign/all_proposers_v1/round_000/proposers/pi_3,f5d9438238efa9ec652c91e9f9fc83f9a2e7b5aca28a12e8c0ef87148afbdc6f,c72da48312777a09bd949cee9fe750a55a91c3e4b9bdeb9aa9bfb56cdfacf773,d79d538e919e2a96884f2270a9ffd7095064c218ebd8b0c3f89bb33426a09623,True,2.820837326049805,-69.91050370250306,87.50255749484134,112.4735856664354,484.4716562445542,7.149959163206783,-0.12314327239990236,6.377192241374375,2.2493228912353516,-0.6746608018875122,-1.1428744792938232,-75.18896268554813,-347.96008039809436,-149.5307223668262,4.242280960083008,0.03477606922388077,0.28910213708877563,-51.801186023941376,-514.321713936531,22.79771991277677,1,1,1,1,1
f62c3b6c1344a7dae28178b0f9d15c5c42214ff0703d2b4628c38f8920f6db04,pi_3,upstream,/home/qy/DVGC/JIT/runs/campaign/all_proposers_v1/round_000/proposers/pi_3/tasks/acquire/attempt_0000/result/catalog.json::dense_v1_train_x2.95_family3/variant_13,/home/qy/DVGC/JIT/runs/campaign/all_proposers_v1/round_000/proposers/pi_3,b007a61a582398d64583d12b8040b4199a5f3506a3f0dbf75078b88b7f71cc5b,4abd10045f12ddeceab1381250a8659272a070cc94c34ce2ccf1823e5eadadf6,bfa66873dc76a50b98786a85e44e54027f461582d14d7ad3d225dc873cb283b0,True,1.055482568740845,-63.99660490021503,452.59658406745206,124.41569331696078,-597.1454620763193,-0.2937779121129582,0.42525202274322516,0.5873464785872112,0.9869360327720642,0.03893209248781204,0.046575017273426056,7.522459578244808,22.57935376389675,14.574172273608584,2.8466999530792236,0.004607501905411482,0.11720582842826843,0.7854961938220903,72.94769075092181,2.7330990270185267,1,1,1,1,1
d9c47323b7c9cf434eec27bd5872f3c952911ad9e62796c4970a08e566dee8e1,pi_3,upstream,/home/qy/DVGC/JIT/runs/campaign/all_proposers_v1/round_000/proposers/pi_3/tasks/acquire/attempt_0000/result/catalog.json::dense_v1_train_x2.95_family4/variant_4,/home/qy/DVGC/JIT/runs/campaign/all_proposers_v1/round_000/proposers/pi_3,84aadf317a98e7010249bccb64bc2110cd5b20cfb81f1559c84e383bd5699b70,4623008f600042b027f653d0a5ff282fb48af6e46a0f00c657452c2dafc8bc47,36dbd8b07deb7d25770256de97ccedbbb65d0732e559dc8d15d55a104c58731e,True,1.196865978240967,-64.99791746272807,351.20245315936944,124.65880707027821,-567.2849132137775,-0.013768689638546914,0.6160114955902101,0.5764818335666325,1.2293754816055298,0.050125062465667725,0.11603948473930359,7.524368616117827,29.652863300449326,15.343823602495007,2.8477699756622314,0.004587295465171337,0.11807309091091156,0.8105670435008568,55.74524460921939,2.7346702871870208,1,1,1,1,1
7a65468976c534f624d2fb06ca6f2c388e4eaa38fa5b2ead65197fd2f5f80e64,pi_3,upstream,/home/qy/DVGC/JIT/runs/campaign/all_proposers_v1/round_000/proposers/pi_3/tasks/acquire/attempt_0000/result/catalog.json::dense_v1_train_x2.95_family4/variant_4,/home/qy/DVGC/JIT/runs/campaign/all_proposers_v1/round_000/proposers/pi_3,66921329464d5f6b4e6f570616f5e74440c8bd4e2cdf796618e94cb911d0d6df,639c1567cc42a50b4475f85db6857119eddd709f6e525ac37faed06d944a843f,32dd822b852b3b5383fdf6156586092cf26563bbbcb68ccde77b14fb2bf7e7ab,True,0.6249821949005128,-44.19229381684464,478.1461907334487,91.06081967504036,-1098.8300146520062,1.195069381771476,0.699164800643921,0.7891573136830466,0.8205748796463013,0.002983571495860815,0.27061763405799866,2.3930193146335554,92.34406195592402,3.1724696171014206,2.8800852298736572,0.005393547471612692,0.12184444814920425,-3.3377431195428042,91.19775130752078,3.0973358386689394,1,1,1,1,1
3a3e837f20aac558fedf8388a8046ecb6c145113d6f4f8df00e08a50093eb371,pi_3,upstream,/home/qy/DVGC/JIT/runs/campaign/all_proposers_v1/round_000/proposers/pi_3/tasks/acquire/attempt_0000/result/catalog.json::dense_v1_train_x2.95_family4/variant_4,/home/qy/DVGC/JIT/runs/campaign/all_proposers_v1/round_000/proposers/pi_3,e4bda776682e4cb2f9c61bc9a258c82fd6717cd22eedc16a13ec774c6c887b70,856bc1644c7fa311768d6674097232950825f19f4e7492af4038432701d485f0,7e5c9c364799b3ab69bf7a387c9f12e1e1691a50b6d82bee85cfb9d95f416865,True,-0.0061371481418609625,-56.01587036451363,-355.6564741586481,40.28923002696504,210.69775747882338,29.47764772769071,-0.04308504402637482,1.1258058874836996,1.7268587350845337,0.006533042527735233,2.9460997581481934,-6.641998248471859,160.78597253403677,14.618904890030288,2.9505956172943115,0.005058876238763332,0.24037620425224304,-1.7480460454131321,-66.79618332778738,4.880906511990657,1,1,1,1,1
19501a6c668682f0449afe69acf8647f47f3cf4e12b0c11ee90cd2f267e4caf6,pi_3,upstream,/home/qy/DVGC/JIT/runs/campaign/all_proposers_v1/round_000/proposers/pi_3/tasks/acquire/attempt_0000/result/catalog.json::dense_v1_train_x2.95_family4/variant_4,/home/qy/DVGC/JIT/runs/campaign/all_proposers_v1/round_000/proposers/pi_3,ba9bc4a0fb34842cb66edcbff5e8d3465c7693792944642e0597740540c3d9fa,7a29281309a3480654e05ca62baa7876927c02323086660cbecfcb7d125a198b,0786ca2e59af54f5a00898ec23a4fd38227f0f40962531dcc17caba8a227d374,True,0.5856634712219239,-61.57495449979784,-137.653583475686,54.74796185831666,923.8662496275587,26.946381951030137,0.9144290065765381,1.1105371116026377,2.0096285343170166,0.027088163420557976,2.9763031005859375,-0.7787103475208298,-332.1688742823216,2.085652264246519,2.988982915878296,0.005484710913151503,0.3006610870361328,15.502483774272525,228.23093504051616,4.904870230941412,1,1,1,1,1
310d9c7de4d93dc7fc85494fdc8b266b6fe43f825ca198f2554f870c672ba3aa,pi_3,upstream,/home/qy/DVGC/JIT/runs/campaign/all_proposers_v1/round_000/proposers/pi_3/tasks/acquire/attempt_0000/result/catalog.json::dense_v1_train_x2.95_family4/variant_4,/home/qy/DVGC/JIT/runs/campaign/all_proposers_v1/round_000/proposers/pi_3,0eb136bff09423dc33df65ecbecb3a3b396dd1b6f01abffbb722beb11c6f5510,b58ab1700ac91014e5c98b57015f53f9bd37a462cbe8327484e1b4459d52b44c,d60f59e3be13b711038ce9507bb1a8e7f670025a38e81f2d920c2b7219443b3b,True,0.410736403465271,-63.53967890511952,-75.78509476611767,67.1406775789553,469.82401504113835,22.26052453994847,0.7411538124084474,1.08050344229159,1.8579851388931274,0.020961210131645203,2.561687469482422,-1.6316587681824686,-190.34614333725986,5.861736647596643,3.027050018310547,0.005942529533058405,0.3553212285041809,29.909282262269947,56.87919944541407,4.8529249706401245,1,1,1,1,1
4d522a5d9d443fc3ef47111a6406bc532fd252cf48784f2af0666effe86397e5,pi_3,upstream,/home/qy/DVGC/JIT/runs/campaign/all_proposers_v1/round_000/proposers/pi_3/tasks/acquire/attempt_0000/result/catalog.json::dense_v1_train_x2.95_family4/variant_4,/home/qy/DVGC/JIT/runs/campaign/all_proposers_v1/round_000/proposers/pi_3,eb869765f44103dd5fc62b82260faeb28863838aa0e182c91b427cb75283d4d4,ef24d38031db4cb922d49d655cf6631dd8b6b4362c8447c39f178dbd06b91db4,7d9ed36adcef31a4cdb87893187f44e0b8f66befb2458aed1ea57eb088c061f9,True,0.18709079742431642,-60.85964244840075,215.56777797969085,56.64591433431229,-573.6070455925679,22.65280006812962,0.4778608369827271,1.1229724919674404,1.5566705465316772,0.01763421669602394,1.0151811838150024,-5.155974908206518,25.166455251673746,13.51260634355863,3.0923655033111572,0.0066950940527021885,0.4182027280330658,33.96453974233035,-32.78877731822602,5.338982594955777,1,1,1,1,1
9413e42cb75949637204385ba5921bf08e4be9ee52d36c93d652833ac7199845,pi_3,upstream,/home/qy/DVGC/JIT/runs/campaign/all_proposers_v1/round_000/proposers/pi_3/tasks/acquire/attempt_0000/result/catalog.json::dense_v1_train_x2.95_family4/variant_4,/home/qy/DVGC/JIT/runs/campaign/all_proposers_v1/round_000/proposers/pi_3,1a8eddf713736296ba301d7bb07fc6bfe2da7cd0c014f3977d774e8c707646c9,7e599bfaf84a2cbbe645f99ca04c3b9ca9a5c839ef7ef4f18e5022e422a1e9ff,6176ba45521c8a002180e03fc99511d5f31f96e04e28af9844ddf63499987916,True,0.416932339668274,-43.24271310710528,461.7043407973406,32.431677952944824,-516.908115329918,16.843082657799552,0.755031967163086,1.0792953612701508,1.611023187637329,0.018653443083167076,0.6539909839630127,-4.108833910796808,-201.73399479701706,11.64529751127426,3.1555280685424805,0.00751002412289381,0.44559749960899353,35.00075798659674,-21.27790390623313,5.719345740621544,1,1,1,1,1
f9775e528eed4df5af717b32309259078a6ada0db3cb3c47840197023eb230c6,pi_3,upstream,/home/qy/DVGC/JIT/runs/campaign/all_proposers_v1/round_000/proposers/pi_3/tasks/acquire/attempt_0000/result/catalog.json::dense_v1_train_x2.95_family4/variant_4,/home/qy/DVGC/JIT/runs/campaign/all_proposers_v1/round_000/proposers/pi_3,bbb60c15d72205b961a4223f38de538325f419f364e4d6d79e05a6f78244738c,818117706b982f2fab1c734bba49bba115115794ba006a570cec108a1bebec55,9052a835452c345dab4ad74a988f2959d2d4af9635bf9e181f9889f0f4acf1b2,True,0.4251400375366211,-32.45575436976912,529.8254783712729,19.450085520182483,-626.1343695177409,12.630716263700927,0.7694605350494386,1.0437335910992416,1.5746984481811523,0.011415781453251839,0.5717026591300964,-3.908118983639052,-213.57653194982203,12.93827110417789,3.18692684173584,0.007795659359544516,0.4565933048725128,37.02031515057528,-38.54850850566311,5.883715501934794,1,1,1,1,1
a4fd97e98398404051e2b9e69494b730c1404198ac061a3841b79ce1aa17038d,pi_3,upstream,/home/qy/DVGC/JIT/runs/campaign/all_proposers_v1/round_000/proposers/pi_3/tasks/acquire/attempt_0000/result/catalog.json::dense_v1_train_x2.95_family4/variant_4,/home/qy/DVGC/JIT/runs/campaign/all_proposers_v1/round_000/proposers/pi_3,e4194356177b78b9e80a5eaffd4baedea7e54f5810a3329a794d01d06362d3c6,82bf8bd7e173d711f84d85054d77714f90ff6b59c5c726ddc6a9ef79d6f0c08b,d67364f6bbf891f641623c61f58d8e71da705a638c15c98446ec4ab61c15bbaf,True,0.39677153110504154,-16.665091254035417,348.5101565130905,1.1527932449775227,-344.08851061047767,5.723070978549797,0.7309373569488526,0.9707248190855461,1.630911946296692,0.007373501546680927,0.6611809730529785,-3.010175784685455,-182.05561874156336,12.526113583997226,3.2507565021514893,0.008103050291538239,0.4827602803707123,38.524421843555054,-4.394027605817045,6.288424822364256,1,1,1,1,1
2443d1c03dc079424edc86cf5751b33445859d5c0ed19605ff0a7d18f13cec49,pi_3,upstream,/home/qy/DVGC/JIT/runs/campaign/all_proposers_v1/round_000/proposers/pi_3/tasks/acquire/attempt_0000/result/catalog.json::dense_v1_train_x2.95_family4/variant_4,/home/qy/DVGC/JIT/runs/campaign/all_proposers_v1/round_000/proposers/pi_3,759bf322e8ed0490df329b2235daa55ff566e2bf34ef7e88c54ea7ec276eb59c,ba2cedf51e9630c6b42327f30285e37e795d740b1db6e162a10e4f9244eeeea6,2899b36a84bd7a625b7f3d201f8f676fb6449b645a9c5c405bfd365393a26714,True,0.43292442798614506,-12.268409692838999,329.38090034614913,-1.5505754581111315,-214.9838787679248,2.497393515879972,0.7754840373992921,0.9298348489851964,1.6867766380310059,0.012354747392237186,0.5912204384803772,-2.5103901391047008,-218.5610674023139,10.770170986129912,3.284437417984009,0.008342357352375984,0.4960458278656006,38.68575774193992,-0.08773223909418656,6.472954668135548,1,1,0,1,0
90b808d61423b3efd0731e519936e7d5b0f6b50e75c3eea0fb25d85774ef942e,pi_3,upstream,/home/qy/DVGC/JIT/runs/campaign/all_proposers_v1/round_000/proposers/pi_3/tasks/acquire/attempt_0000/result/catalog.json::dense_v1_train_x2.95_family4/variant_4,/home/qy/DVGC/JIT/runs/campaign/all_proposers_v1/round_000/proposers/pi_3,6263142103c5728ac776c3c35da103ce8fcb944adc17c3e5a99a9d46d7bb2929,c5b540e1dd011d26126542ac9b4052f708b1a19297e608ed3e8ac026c26830c9,29f453366a3d4eafeae6ad250c2ec55d4a80b3cfd708b6e4e6a9e09e09d1daf4,True,0.3700683164596558,-7.948567759805224,116.81805043142707,-0.2766774363010087,13.288288417063425,-2.993413046513015,0.6760417747497559,0.832312870697573,1.7124170064926147,0.010591838508844376,0.5236202478408813,-2.29548784182377,-137.12849219267375,12.281300821123752,3.3532371520996094,0.008869234472513199,0.5202726721763611,40.906241995827315,-27.679667753009543,6.844267416093882,1,1,1,1,1
9a74afbeabc64bdfc721195111e2f9aa848c8fd7869134f5c62cbceca9cdbfe5,pi_3,upstream,/home/qy/DVGC/JIT/runs/campaign/all_proposers_v1/round_000/proposers/pi_3/tasks/acquire/attempt_0000/result/catalog.json::dense_v1_train_x2.95_family4/variant_4,/home/qy/DVGC/JIT/runs/campaign/all_proposers_v1/round_000/proposers/pi_3,f24cc0160a1b72b45bedf38007cdf804ae2fef51b803a4fb39248d1569cc66cd,3e78e8f1083856c245ef25ac23de533637b5b41aa60020115a357c863b8e2040,46af0db12c43e2fd0a03ba958fed8246dc8914533ef9ab87ff727c19cda32cb1,True,0.32969299316406253,-4.977735999173158,87.493343569651,-1.9485317343468702,-35.71139818860155,-5.46368591985922,0.6229248046875001,0.7702209421326568,1.6669588088989258,0.003238963894546032,0.4282602071762085,-2.1756329629288556,-93.65660574834702,13.953073290301704,3.3866283893585205,0.008964906446635723,0.5292956233024597,40.83990378351357,-3.145836788536837,7.074195631587179,1,1,1,1,1
1d012eeab89e94f451e559ca44dbd6247a1b37244b00f1b4255503b1b8ce8583,pi_3,upstream,/home/qy/DVGC/JIT/runs/campaign/all_proposers_v1/round_000/proposers/pi_3/tasks/acquire/attempt_0000/result/catalog.json::dense_v1_train_x2.95_family4/variant_4,/home/qy/DVGC/JIT/runs/campaign/all_proposers_v1/round_000/proposers/pi_3,d7efabbecca3804c5bf5c286875a041bd40757bef9c626a3880e07a097cd0f1d,286fb14f3df3ef01996a874ceb6e45915f61beb5183418290682b1da5545c109,bda7a63a09fd51fcaa3ea52e5f42cd70f1c92c4b868119b44386bfeb008b3235,True,0.3155949401855469,-5.769931648075678,150.90563944674977,0.10343398355229302,-172.05865334400923,-7.123531049016568,0.6192167091369629,0.5818344479008363,1.5665887594223022,-0.01655614748597145,0.5581219792366028,-3.831076584235424,-90.64872704165681,13.111010003382098,3.4518017768859863,0.008688868954777718,0.553350031375885,37.22963995806866,80.69972323245449,7.6636917231510004,1,1,1,1,1
11fad5e054f35f70d9e6a5b3d267216ca1d1106b552d31394b4e2f33be89249e,pi_3,upstream,/home/qy/DVGC/JIT/runs/campaign/all_proposers_v1/round_000/proposers/pi_3/tasks/acquire/attempt_0000/result/catalog.json::dense_v1_train_x2.95_family4/variant_4,/home/qy/DVGC/JIT/runs/campaign/all_proposers_v1/round_000/proposers/pi_3,94506b3ce9a94a605d44ed5eea01310169fbe246c4131426b0d0eeae1ff3f748,74f80b42dc85f23e1c4d76994ddc12e5c4f5286bc54879d13f3a9548c36ff2e4,a13a827f3c9a5bc39f235919efa3da7b31be3f16689adb539f64e61caf80d01c,True,0.27256585121154786,-7.330270007831697,128.9417045100914,1.0628986707117518,-153.40887645680277,-6.989119352540053,0.6073465442657471,0.4480307024051565,1.5103569030761719,-0.02840319089591503,0.7944444417953491,-5.632922749080277,-80.90302381309992,12.125238682551776,3.4828641414642334,0.008247781544923782,0.5680376887321472,35.46699352953098,72.38075089886489,7.979332970710705,1,1,1,1,0
09875d34a424f2d0a8eacef7450226d98a160fa0127b788fb00bb85cfd762374,pi_3,upstream,/home/qy/DVGC/JIT/runs/campaign/all_proposers_v1/round_000/proposers/pi_3/tasks/acquire/attempt_0000/result/catalog.json::dense_v1_train_x2.95_family4/variant_4,/home/qy/DVGC/JIT/runs/campaign/all_proposers_v1/round_000/proposers/pi_3,bd844c1c34eee823702598f1c4e44d00e0066b524ee20b58a53b84d2f25cdfb2,83f5382a8cb13b3600fcd8965dddc2218b2eec8563f07659323c76511bad988b,91d5eab5b1deaab8685812b70e24e4a66169317772d4623db3d37f7cdd51b328,True,0.1706548571586609,-11.169341755377443,-75.23540114171504,4.089346954207939,28.911333567923137,-6.609804226409226,0.4955178833007813,0.11691443003138725,1.44010591506958,-0.042756687849760056,0.9838932752609253,-7.68085251887105,10.6123065313907,12.752266270058225,3.542285919189453,0.006846777629107237,0.6066611409187317,35.493252191795094,28.187864563109756,8.519036978087343,1,1,1,1,1
b5f84f38e62d48dac126f0ad2334497ddbcab70ce8a8c5d990b0eed3767ddf20,pi_3,upstream,/home/qy/DVGC/JIT/runs/campaign/all_proposers_v1/round_000/proposers/pi_3/tasks/acquire/attempt_0000/result/catalog.json::dense_v1_train_x2.95_family4/variant_4,/home/qy/DVGC/JIT/runs/campaign/all_proposers_v1/round_000/proposers/pi_3,f2d5bfa7cfe19c4e6848653c8862d037bd3a3bf3df87b0471c73c4a1470bb155,7cb8f982fa183a1ee0e972261ea7bc71a0b0d094438c744227de32a9da73cd7c,46c306928eb42289fd54907071124955e22784788bdc0f77ead28b985e36914e,True,0.21190970659255984,-19.50078772193878,-16.982181078705967,10.919967279912047,18.003343878494356,-4.14995590918746,0.5495361089706421,-0.2769492241207134,1.424874186515808,-0.0448305606842041,0.7660813927650452,-9.302895234475788,-33.57115841217805,10.456511623970002,3.5993869304656982,0.005048277322202921,0.6453624367713928,35.77071838154311,13.566499951204616,9.038441463890129,1,1,1,1,1
c265884581d7c0156a2cab21ce7bd0bf55ef7284a478dfb71b7756517bb66b84,pi_3,upstream,/home/qy/DVGC/JIT/runs/campaign/all_proposers_v1/round_000/proposers/pi_3/tasks/acquire/attempt_0000/result/catalog.json::dense_v1_train_x2.95_family4/variant_4,/home/qy/DVGC/JIT/runs/campaign/all_proposers_v1/round_000/proposers/pi_3,cd07c4cd3158f894f3bce82f041f0c22e5dc7fa99bd9699db790e918beac5b5f,c9e88957c1d6a62682c0a1264c399455245777ca25004755fd62114b56756ebd,7b1cb8ab8454a24732a1763fc39151628ba53b6ce69d8d71fb1c0325174483ea,True,0.1967074728012085,-25.74260219873183,-173.34797449325418,18.64776710404318,280.0745023882575,-3.021054741571775,0.527086296081543,-0.484639346208266,1.428265929222107,-0.041779499500989914,0.893783450126648,-10.014858785632283,-15.167567155868243,8.795245693282821,3.627964735031128,0.004204129800200462,0.6653608083724976,36.378492519552935,1.6587713108145399,9.239045418234031,1,1,1,1,1
7bfe34d8d0e9c4ea6abd30ac873de4b464f515e9aa70f72d9bba863aa6b4e421,pi_3,upstream,/home/qy/DVGC/JIT/runs/campaign/all_proposers_v1/round_000/proposers/pi_3/tasks/acquire/attempt_0000/result/catalog.json::dense_v1_train_x2.95_family4/variant_4,/home/qy/DVGC/JIT/runs/campaign/all_proposers_v1/round_000/proposers/pi_3,7cbe206f6fe13d6252bc49a3e709bba5ec90395ff1cfee50d852993f05acf68e,89612e56ffa657900495cbac20de5afe7963cb6d590df346f8dcab597b0be97f,855318f3cf47aba73fc03ee06f03ac71d4ca15d13c9d5e55a8bbba4bf9a4e319,True,0.12563857316970825,-43.33957201972523,-387.34901636037085,37.998029409505925,500.83607915623105,1.6000028535632842,0.7542143917083741,-0.952250668439225,1.32101309299469,-0.0523100346326828,1.042246699333191,-12.406368415015855,59.913142153977056,7.210588871873795,3.6811792850494385,0.0020653202664107084,0.7101824879646301,37.00526482873916,8.468730207557654,9.575604296970221,1,1,1,1,1
f35f05e9b296f1339bdbc36385fccff66380447006eeb8a4e6a2837b196d942e,pi_3,upstream,/home/qy/DVGC/JIT/runs/campaign/all_proposers_v1/round_000/proposers/pi_3/tasks/acquire/attempt_0000/result/catalog.json::dense_v1_train_x2.95_family4/variant_4,/home/qy/DVGC/JIT/runs/campaign/all_proposers_v1/round_000/proposers/pi_3,1930e630d7c1de790604a4cd4ac948c87d0e6f3402da8da592e36f7befbd157b,67f3f1ec7f21fb353c21f08aa2dae63c22959691dc9014e09fefe769725a8d2a,2cc786f3b07ca1477893a819fa245bc948e1c83c1586cd6d3d1c4bbff20f2e01,True,0.4294350624084473,-57.404242917102124,-208.61687204628728,68.85022611688531,857.2443112556874,-2.0012199036155334,1.134143180847168,-1.444675416466981,1.3128389120101929,-0.042366210371255875,1.184692621231079,-12.53835072166895,-251.04240083052474,-2.939656429382601,3.7339529991149902,0.00025243847630918026,0.757568359375,32.8370462650905,42.28922552916067,9.753926468047757,1,1,1,1,1
f59ad80c51172d8034b8ed749eaeb1c3d15d7298192e8dd6aba5385f1103aa15,pi_3,upstream,/home/qy/DVGC/JIT/runs/campaign/all_proposers_v1/round_000/proposers/pi_3/tasks/acquire/attempt_0000/result/catalog.json::dense_v1_train_x2.95_family4/variant_4,/home/qy/DVGC/JIT/runs/campaign/all_proposers_v1/round_000/proposers/pi_3,2a9e0f9db1266b77f7ed52abdc086980c5af008374272ff1cf310680387d5b0b,3d501f9fe8631adc653b3a4ec73cc0cdc2b864c9e353b6f14610110b49b87ebc,8ff5d820221ad91095a87d4eef1d45dd209119372df2b35f4cbbc615aafe0423,True,0.4791199445724488,-64.86427115123843,-111.4054601934613,105.30901092522633,720.0643330970502,-13.975330785683703,1.1793506240844727,-2.116888747144411,1.174797534942627,-0.06684379279613495,1.0521376132965088,-20.000629503136775,-288.0432021306413,-5.251418691007807,3.7819771766662598,-0.0019881566986441612,0.811133623123169,21.42144545428283,139.7110003782339,9.978179075346684,1,1,1,1,1
bd50d677701423930553a855632dfe0a4931592d50bccaf64df38cc982a5086c,pi_3,upstream,/home/qy/DVGC/JIT/runs/campaign/all_proposers_v1/round_000/proposers/pi_3/tasks/acquire/attempt_0000/result/catalog.json::dense_v1_train_x2.95_family4/variant_4,/home/qy/DVGC/JIT/runs/campaign/all_proposers_v1/round_000/proposers/pi_3,46e30265ef9dab2faecf99a0fcdc12e83fabb87628d513f36d9f70f35029ed32,eef4fac9bae475aec9a19c8fe82be857e905c416c41fd61df8ed2beb545854f4,ea093679d3fdc67e65eb2b47c02e61d6da81839501735ae2f1fb83c1c5546293,True,0.4103371286392212,-69.08103186931838,-48.74543793645313,126.40162545965535,361.558112771376,-22.98067277742875,1.0864191913604737,-3.2198027695850366,1.2522878646850586,-0.08019953221082687,0.1515413522720337,-29.577703898822506,-211.97833598593073,-4.374070219949091,3.829313278198242,-0.005056607071310282,0.8357778191566467,1.391471324037562,83.75497613122792,10.307026460689872,1,1,1,1,1
fc9d8305eccbdb9e8e2c423438e9536aacdf94629962082de5184cb807e3320a,pi_3,downstream,/home/qy/DVGC/JIT/runs/campaign/all_proposers_v1/round_000/proposers/pi_3/tasks/acquire/attempt_0000/result/catalog.json::dense_v1_train_x2.95_family4/variant_4,/home/qy/DVGC/JIT/runs/campaign/all_proposers_v1/round_000/proposers/pi_3,600813afccbec9eb89f9dba22300f4ab27c2d1b0ccf1fd2a9b00075b665e6651,e41c52c5ca0e7e5506235a13053f9ae4d5bfe2df8a51b4aa0fd5d99d40c5ff9b,cfec611f3a29bad74f83ff140a3a813c16e93f6b76041cc2d3efc24ac348422a,True,0.25008175849914555,-70.1189952269177,-12.90496197914303,129.3845056739833,-61.05295729247962,-25.605841508467876,1.0290473175048829,-3.867468014574935,1.5073496103286743,-0.08244245499372482,-0.8747325539588928,-30.06342938655338,-80.81923788255138,-3.073934746813878,3.8564348220825195,-0.006735393311828375,0.8287022113800049,1.3531388083115696,20.217156745109936,10.410865034041716,1,1,1,1,1
25e79fd9aafd2b82dbf46c4e9414e1c917c65bdb160dd03951c772fa70257940,pi_3,downstream,/home/qy/DVGC/JIT/runs/campaign/all_proposers_v1/round_000/proposers/pi_3/tasks/acquire/attempt_0000/result/catalog.json::dense_v1_train_x2.95_family4/variant_4,/home/qy/DVGC/JIT/runs/campaign/all_proposers_v1/round_000/proposers/pi_3,8714234375d009de5c78792e1c989ecee2910ee4661078cc75ac0b53b1c908fa,c32b83fa85229c5d8c6f0fbd871d922948f89d1c42d24aa51c965cc1a14a06c7,c1e792edb941edde15d7b566e6dca342fc8aa817da62dabcdf159196ccb87067,True,0.05075993597507477,-70.65785617129669,7.586781177206111,123.92159743240207,-493.94032017018617,-25.313505312950372,1.0582661437988283,-4.394607175086512,1.7977099418640137,-0.08332140743732452,-1.8795976638793945,-25.36725086044107,82.68060103516325,-2.1114853203479766,3.889010190963745,-0.008440831676125526,0.8013215661048889,0.7235173497461022,16.953536972874225,10.33392408443346,1,1,1,1,1
b934e067aab0181ea8a2b7f7b6bbca76c15b4b51567fc974093443a65b2baa7e,pi_3,downstream,/home/qy/DVGC/JIT/runs/campaign/all_proposers_v1/round_000/proposers/pi_3/tasks/acquire/attempt_0000/result/catalog.json::dense_v1_train_x2.95_family4/variant_4,/home/qy/DVGC/JIT/runs/campaign/all_proposers_v1/round_000/proposers/pi_3,d4eaa0fe28940af0f7573f13adb9735309c4adfc2a29e2dac62929798a1db2b2,a1d5649530885c96d7bf568ef4cb4cbc362ff1cf7d194336c5172ec89db1c09d,c801ec6f28e7acfa0995585d78fbc32123374318e1dac039b24ce848c534e69e,True,-0.220796058177948,-70.63001632023972,36.22729262189637,109.0377682874872,-1022.8249809644249,-21.29969626611337,1.2443184661865236,-4.674876898791237,2.082031011581421,-0.08812699466943741,-2.848623037338257,-18.68222882350048,305.83945125840626,1.4156133747109125,3.92755389213562,-0.010182625614106655,0.7540990114212036,9.818784545128727,-112.62018884678055,9.939406181088163,1,1,1,1,1
348cd76fd0b5fdccdbd3c4bccc429e169efb9dcbc07183d54d182e7a98023dd0,pi_3,downstream,/home/qy/DVGC/JIT/runs/campaign/all_proposers_v1/round_000/proposers/pi_3/tasks/acquire/attempt_0000/result/catalog.json::dense_v1_train_x2.95_family4/variant_4,/home/qy/DVGC/JIT/runs/campaign/all_proposers_v1/round_000/proposers/pi_3,36cbdaeead7a628dee72938c2ec9999a20627f84e81ce0bdd246612a6d46586d,1af73893017904595e5a16bc545438185234fd0b47a2898ef4704b501496ed99,f22dc3b96a584734655530929a6b011c7ff140e38de3be0c283e3672cbb748fd,True,-0.18845197677612308,-62.403852597092246,311.65052156273975,46.448182356294794,-1361.4065286131747,-3.804284296805484,0.7393269348144532,-5.034416945317428,1.5474064350128174,-0.11424324661493301,-2.6285815238952637,-16.857702588629778,283.77386944651977,7.437490317422557,4.00926399230957,-0.014519695192575455,0.6233167052268982,24.20306048433803,-123.84620580434347,8.64050694179276,1,1,1,1,1
e2905f9634b6062c2567c7458e7fd39d0e86e0d669b61ff117d334f63e6cb41e,pi_3,downstream,/home/qy/DVGC/JIT/runs/campaign/all_proposers_v1/round_000/proposers/pi_3/tasks/acquire/attempt_0000/result/catalog.json::dense_v1_train_x2.95_family4/variant_4,/home/qy/DVGC/JIT/runs/campaign/all_proposers_v1/round_000/proposers/pi_3,38b89ae7b6541201c66c589f3cd8cfa7dc5dc7cdae3261f707cfd169a1c610c5,63557dfc8c7b767b62437fddcf6b9e3643079b184d7322a873b3ac75dc653d48,7c4dff7f5c0cb5a3bdac534371a64ed8a95709dcfa96c1655361aba8c505a082,True,0.3535227775573731,-57.34987461130883,191.01199115868772,32.443685425505706,-0.42523098249974484,-2.907523215615639,1.9565323638916017,-5.301610802385655,1.501060962677002,-0.04461567848920822,-1.9900062084197998,-10.253985416021722,-206.81861984160633,-4.273806031141065,4.038501739501953,-0.016175545752048492,0.5786070227622986,26.35144696889406,-61.62511540906242,8.585730372716368,1,1,1,1,1
2215f75e46d4743b4d7fbac219fb90a0fd0f464314cadaf5eec7f4e7e90a7f66,pi_3,downstream,/home/qy/DVGC/JIT/runs/campaign/all_proposers_v1/round_000/proposers/pi_3/tasks/acquire/attempt_0000/result/catalog.json::dense_v1_train_x2.95_family4/variant_4,/home/qy/DVGC/JIT/runs/campaign/all_proposers_v1/round_000/proposers/pi_3,6bab15acee57bcf819cadc77657982032dc1e7f0b9919f445971201d5cfd2f45,6b56462c04f38a58b45e2467ad391041ecaabb1e8994a4d64226c3ea2cb52110,22f41190547f6035f74c11a928b09e580b75d4ade45c399a79aefa9bd9bb55c3,True,0.4725819444656372,-55.02652087833187,365.47391486405763,20.829858864605928,-73.98179505164008,-1.7027059690200632,2.0973861885070804,-5.8141502704698835,1.62664794921875,-0.04718947783112526,-2.577626943588257,-9.338615416287661,-322.14226586376964,-5.463417090674424,4.090228080749512,-0.018923578783869743,0.4949382245540619,32.02323947076723,1.4362669062656792,8.467198601416433,1,1,1,1,1
cbd624a818983307a3052a38f3254fe084eca1587fe08c90beb6db67d8b42beb,pi_3,downstream,/home/qy/DVGC/JIT/runs/campaign/all_proposers_v1/round_000/proposers/pi_3/tasks/acquire/attempt_0000/result/catalog.json::dense_v1_train_x2.95_family4/variant_4,/home/qy/DVGC/JIT/runs/campaign/all_proposers_v1/round_000/proposers/pi_3,1911b0e332973d664fce0ec0cdced714d3b2d941abbd39098d338d51f7d0dfbb,2f0a3afd71bed69a57021bc66db1925701022c29ede87e46a6624428cfeea336,6382260618c814c1b0839babe5d6a27cac10703043069ee785bac5f5eb821421,True,0.1263847601413727,-56.39947769396365,-117.19463974150489,27.166483197267926,76.46895379638686,-5.121794244693032,1.6818117904663088,-6.240957350517744,1.208284616470337,-0.04863113537430763,-2.3810524940490723,-12.108888063452412,17.97499005570234,-1.3862603165876655,4.143146514892578,-0.02057485841214657,0.4035760164260864,35.01639570470149,-73.92287100967037,8.670581218156201,1,1,1,1,1
aa3e60b63d33356b28741602e935b98632c3e8836236ccb7fe9b4c38b4865840,pi_3,downstream,/home/qy/DVGC/JIT/runs/campaign/all_proposers_v1/round_000/proposers/pi_3/tasks/acquire/attempt_0000/result/catalog.json::dense_v1_train_x2.95_family4/variant_4,/home/qy/DVGC/JIT/runs/campaign/all_proposers_v1/round_000/proposers/pi_3,bea6e145e5cfc85e3cdb7f612f8e9be82ebd25c91d9aa9dc337881a6b5a0f7f6,7fa200e22895a06664196c47d668cd952454b390e7f8a1b5e8f4e348502ed327,057c1be84717b3b8290834d9dad05dd713e2ca28e107b50290650986618c6013,True,0.2859696960449219,-63.04983822841371,-82.94438977109832,34.71875655123984,368.51695538459506,-4.7285126634875265,1.8755795097351076,-6.735079351904951,1.268951177597046,-0.029917830601334572,-2.698906898498535,-10.371140235760366,-140.64295236972546,-5.8209992649525715,4.190072536468506,-0.022316016256809235,0.30403074622154236,27.96847547187436,57.08818615854354,8.559927511377346,1,1,1,1,1
93147de1a09683dfe405afca40c61e897e5bacde17045008966ff9aa20793002,pi_3,upstream,/home/qy/DVGC/JIT/runs/campaign/all_proposers_v1/round_000/proposers/pi_3/tasks/acquire/attempt_0000/result/catalog.json::dense_v1_train_x2.95_family4/variant_9,/home/qy/DVGC/JIT/runs/campaign/all_proposers_v1/round_000/proposers/pi_3,1ea52547b0082e74d226db6282dc8bfe580a48d522a2d708c53dd03057e56c18,6484a7314a94bdfe3a1c90905c48239dddf87a0ef9d75e010ef628735bf15f13,b62a9729da15055cc667c95f2cccdae95d11e3b55711d12e06a94e7e147bd342,True,1.188590488433838,-64.94243583610006,486.9222188357281,124.71989628221482,-604.8297527416638,0.11311330770497015,-0.29701928138732914,0.6180606099506507,1.0987414121627808,0.08295624703168869,-0.047954753041267395,13.903631258447275,-15.811073428520995,41.28371581540266,2.8470826148986816,0.004781643860042095,0.1187480017542839,9.828293876000679,-45.51475504394251,2.861908773786811,1,1,1,1,1
51495f8b302cbba5e59bdf083984e36374f60953617be0dd2ba8a85b5c3519e3,pi_3,upstream,/home/qy/DVGC/JIT/runs/campaign/all_proposers_v1/round_000/proposers/pi_3/tasks/acquire/attempt_0000/result/catalog.json::dense_v1_train_x2.95_family4/variant_9,/home/qy/DVGC/JIT/runs/campaign/all_proposers_v1/round_000/proposers/pi_3,827fa4677e51fcad8f5281a6f9cc6579a7a703b03ab340ec4a96169b29223798,6c1901483532021b4ce6960a4a7a37cf1b3b3cb7ac5a0ed652241e9c31398858,eac7203a6a73e901a4cdba7080e83b54df20e22ee1359640330612184959b5bb,True,-0.6707557392120362,-39.23165036606944,-113.67950337572533,65.99132066618223,-1313.372704180683,9.349102929361456,-0.6616956520080567,1.1595539046621486,0.7960419654846191,-0.05737055838108063,1.6532161235809326,-1.1840732702203596,605.7284417118974,26.146635208894764,2.887570858001709,0.005623422563076019,0.1447959840297699,0.8757334514851254,-14.529731647773895,4.599243687528375,1,1,1,1,1
21f33abf9b4402619926a452137e47379eb00feac54017710cf5b5c7de146ccb,pi_3,upstream,/home/qy/DVGC/JIT/runs/campaign/all_proposers_v1/round_000/proposers/pi_3/tasks/acquire/attempt_0000/result/catalog.json::dense_v1_train_x2.95_family4/variant_9,/home/qy/DVGC/JIT/runs/campaign/all_proposers_v1/round_000/proposers/pi_3,20ffe18bfe80c79a1b5705fb83c89ce040ccb36b8c2911e65c67a6e39e016847,60827ea92deafac40227bba15cd2a05d0964c5bd5f94a90fc14d20aedce079e8,ef2e64852c8871ad0e2676e8c770ea2852235b1f857c4fd2551295b1f2ef4e9f,True,-0.10717914700508119,-55.88631875143142,-348.16348343157733,43.56719831909966,324.01466660208024,31.59496709200444,-0.08956157922744752,1.39102197568908,1.6802023649215698,-0.03968676179647446,3.1159048080444336,-6.69802031381795,137.4353316109474,8.935544609024053,2.9366049766540527,0.003051252104341984,0.2561401426792145,9.034546493496094,-117.74653268682026,5.980132123479535,1,1,1,1,1
7a27fd45f6add4df20e27ebfa367b1f9cfaca9abc2beb0a6fc92144734e6b57f,pi_3,upstream,/home/qy/DVGC/JIT/runs/campaign/all_proposers_v1/round_000/proposers/pi_3/tasks/acquire/attempt_0000/result/catalog.json::dense_v1_train_x2.95_family4/variant_9,/home/qy/DVGC/JIT/runs/campaign/all_proposers_v1/round_000/proposers/pi_3,b054e46c1cecd33f30b31d9525f2b66362bac7bcb630acc141a2dbdf6f6b8b8b,815ffdf5c0287c8c2813d1a026bd5381b02bb0d627acbe4414b13f1b97872728,dec27134b2d0e9eb8a23c98a21a6f1861d237ddd3f6b5fa7011a984761c2fa96,True,0.21546421051025394,-63.322943342376675,-78.67983138920663,71.85430040820782,458.6786216365383,25.08770561453761,0.9953697776794435,1.1826715038254785,1.7668256759643555,-0.030076904222369194,2.7111048698425293,-3.92711544726815,-145.37595927584246,2.2040463364326968,3.0106656551361084,0.002040738007053733,0.37875834107398987,33.05504199773521,-42.22828658138582,5.7571820153333,1,1,1,1,1
19a8999062a84d6977cb5cc80cab294d762718075bc7c3e7bc24724eea43d6bd,pi_3,upstream,/home/qy/DVGC/JIT/runs/campaign/all_proposers_v1/round_000/proposers/pi_3/tasks/acquire/attempt_0000/result/catalog.json::dense_v1_train_x2.95_family4/variant_9,/home/qy/DVGC/JIT/runs/campaign/all_proposers_v1/round_000/proposers/pi_3,46ef9b6e89be123f925764215993c7b50d78f801a5918c019c04e1c1608fe532,d4275a338d78e854c2facc7b7495beec1a87363103caf83cf72505e52d04fdde,a5aefee32b6323c96e8d491ea4ef2f828bbb799dae3a2738e2bfbd1947a3ad4a,True,-0.016232796013355255,-63.50782290283058,17.45942859412956,72.8525735365402,-255.10021621642932,24.570924831586723,0.7171174812316895,1.1326101753282913,1.4652869701385498,-0.0403558611869812,1.7057727575302124,-5.1734221995544925,82.36494384267111,7.671402098380692,3.0424997806549072,0.0013254281366243958,0.4214979410171509,33.70048121392308,-16.491428571745963,5.852138055485323,1,1,1,1,1
f2e79817723fa5b882b606cd3908b7f529dd650d9e3bfc2aeabc3696b802ddbf,pi_3,upstream,/home/qy/DVGC/JIT/runs/campaign/all_proposers_v1/round_000/proposers/pi_3/tasks/acquire/attempt_0000/result/catalog.json::dense_v1_train_x2.95_family4/variant_9,/home/qy/DVGC/JIT/runs/campaign/all_proposers_v1/round_000/proposers/pi_3,8cead98620a286b89c005975d7a492cb76f4a92aeea5c572e76c7480e6a50da0,566c3a0a23ca15babfd3d2fbd38117882ab20cc47a9e103aca70d0a4b06aba2f,2838f3bbcf8a3a945efbc63f8850bd841c958e7c749714d653d611b30c54db76,True,0.18563826084136964,-50.64040220468688,422.67128501157845,48.78252927874088,-564.1400209123368,23.99885028220119,0.9589359664916993,1.0719309624609794,1.3820157051086426,-0.04115165024995804,0.8141807913780212,-4.722786381797738,-115.52942596147744,7.252328157891743,3.0964298248291016,-0.00035560503602027893,0.45977783203125,34.56614280442508,11.945385287553353,6.193555125397412,1,1,1,1,1
7047af635696c198ccd7caf4a323603fe118521f043869e550601c8711892927,pi_3,upstream,/home/qy/DVGC/JIT/runs/campaign/all_proposers_v1/round_000/proposers/pi_3/tasks/acquire/attempt_0000/result/catalog.json::dense_v1_train_x2.95_family4/variant_9,/home/qy/DVGC/JIT/runs/campaign/all_proposers_v1/round_000/proposers/pi_3,fcb5b267e6ce693242ba9c3eef279180e6d9893afefc09dbb56f28f4b8eae2e7,c261303c5d7d03f09215c9b2ce8e0930108f15c9a99c9b63cf7e7595425ecf68,27c7a82a2e106ba73912c1b4f34eb251d6e12c21c931f1449949c7c43d5eeccc,True,0.2579313039779663,-30.656771334846972,517.7141869350063,24.66374137592976,-586.4409164015086,17.405902981072998,1.049794454574585,0.9694227053635759,1.4081941843032837,-0.04447546601295471,0.6599225997924805,-3.7602227631066505,-189.9207728161298,7.659318639965292,3.1516873836517334,-0.002086469205096364,0.48730093240737915,37.21458963623254,-31.706697768777577,6.366948241829151,1,1,1,1,1
b610bd7559b2ce86b3b4477f947e4f7ed568fea3fcbde498820029dc48d3f375,pi_3,upstream,/home/qy/DVGC/JIT/runs/campaign/all_proposers_v1/round_000/proposers/pi_3/tasks/acquire/attempt_0000/result/catalog.json::dense_v1_train_x2.95_family4/variant_9,/home/qy/DVGC/JIT/runs/campaign/all_proposers_v1/round_000/proposers/pi_3,a5e34cb7fa87f1018edc0d3cc56bbbfd30fd609f3ac174d6e26ce9f2fa976f4d,09efa4dd69d10332b9a1f97f118969a33e35d076e019b6cf291ffd1c66c5bffc,fdf8b8ebe59e96ffee78b9d27e49b62eb69353871f96300fe07a709e2929d52b,True,0.24372623920440675,-21.42612413386429,454.0176732261649,14.063781265237502,-504.80573046032913,14.051326826515563,1.0294528007507324,0.9267599305677054,1.4485076665878296,-0.044909872114658356,0.7045247554779053,-3.3588255656331065,-173.21488142708733,8.08117844386196,3.1801974773406982,-0.0029879361391067505,0.501285970211029,38.96109632776148,-33.604134565490874,6.463016364375308,1,1,1,1,1
2497679851dcb036065adac83e6fe0e8a2b5cc94426e6d6abd5896ad5a01d2d1,pi_3,upstream,/home/qy/DVGC/JIT/runs/campaign/all_proposers_v1/round_000/proposers/pi_3/tasks/acquire/attempt_0000/result/catalog.json::dense_v1_train_x2.95_family4/variant_9,/home/qy/DVGC/JIT/runs/campaign/all_proposers_v1/round_000/proposers/pi_3,e621b24807cdcfa288b3bbba00acb7663b4b97e53279db20337fd0907752248d,aacbd77f2dd8f5c3009f27601daabee38a01dc552156eff6c75d7e57897966a2,a555d3c5fc1a25d7ce1e51a465860b42f444a491918d6285ee201daf894efdeb,True,0.27171569824218755,-10.466487969026453,337.3954443182421,5.5138554763740295,-212.87437484276637,8.247498577255953,1.0594667053222657,0.8464879504216354,1.5946054458618164,-0.03330615162849426,0.6642611026763916,-2.699076889690653,-197.8057344392893,5.16368448423217,3.2423062324523926,-0.0044664908200502396,0.5315171480178833,39.4989020079137,2.599455378994844,6.6513744734601605,1,1,0,1,0
f663e6dd9975741fac013fa4d5bbe9950b333410940dcbeebd8e85c201fabb03,pi_3,upstream,/home/qy/DVGC/JIT/runs/campaign/all_proposers_v1/round_000/proposers/pi_3/tasks/acquire/attempt_0000/result/catalog.json::dense_v1_train_x2.95_family4/variant_9,/home/qy/DVGC/JIT/runs/campaign/all_proposers_v1/round_000/proposers/pi_3,13a665d07902c573b6edab7b8bbf8b080cdc84eb434fd393ca0d273820427a2f,fc60fb84a82cc2c7d55d8ecc9bca4e85dac7dc2a59750ed51df047619ae09ee7,7dc67512cb2c7ac1c9ce460064870973fd53220fbf764ddb6ed430e4d745e6e2,True,0.2827451229095459,-6.993472952971545,348.6393290506738,4.781990034636586,-214.0668985510939,5.53658931900899,1.070073289871216,0.8022228011419053,1.615968942642212,-0.03238196671009064,0.5886635184288025,-2.650638895644215,-206.47668691137716,4.694612705245081,3.275017499923706,-0.005079779773950577,0.5455752611160278,40.11326727847259,-1.4554485320543078,6.727646286456381,1,1,1,1,0
7f107afbbe3c18711b6f46074eabdd2584d7b9fd0331dda9c2903daa6d24718f,pi_3,upstream,/home/qy/DVGC/JIT/runs/campaign/all_proposers_v1/round_000/proposers/pi_3/tasks/acquire/attempt_0000/result/catalog.json::dense_v1_train_x2.95_family4/variant_9,/home/qy/DVGC/JIT/runs/campaign/all_proposers_v1/round_000/proposers/pi_3,a3d6020864f43aeb02328db13c6f0444ee2d42c306cbe3dbc290dcb216106995,8f4cebae0e0ec82805a84086459a03974456bafcf07ad2673c9bc2eaaacf0fcf,6258948929963507ff493b866a5023c2c709b87f5b09cc8fa48b08244259f1ff,True,0.18877151012420657,-3.0962069264802317,151.28761094589356,5.030795469966756,-75.80785295643216,1.8871528400209838,0.9430076313018799,0.7041695063440218,1.655103325843811,-0.033445924520492554,0.5834998488426208,-2.9929301973614075,-102.4708692496001,6.553742385998363,3.3413753509521484,-0.00634355191141367,0.5722726583480835,40.67313446964395,12.725450947376755,6.947270557076543,1,1,1,1,1
092ceb5dde85e7d99343f1be79243a7c1f46245d33c74f1d8a6c7ccd8cae9730,pi_3,upstream,/home/qy/DVGC/JIT/runs/campaign/all_proposers_v1/round_000/proposers/pi_3/tasks/acquire/attempt_0000/result/catalog.json::dense_v1_train_x2.95_family4/variant_9,/home/qy/DVGC/JIT/runs/campaign/all_proposers_v1/round_000/proposers/pi_3,8d3465ad6f11e2453475bae2e50e64a40bc3ab7ea9b7ee3913c077c02d0ae118,5aa73c983beebb73c122a78ea280cfe99225002c77414b11cd9d72d3a60cff0b,a1f9fb4b8abe1cb8301565ee951baf40ec119012c33077f8dd348f5cc0f0332a,True,0.16198254585266114,-3.308373092668338,112.94381687003408,7.647980525943072,-43.092086945338984,0.5990420941800314,0.9215188217163087,0.5792032011879439,1.6800545454025269,-0.0328492633998394,0.4125328063964844,-3.6838147175221874,-84.9337096876212,6.20060751864354,3.408576011657715,-0.007657233625650406,0.5949591398239136,39.945162662620234,19.416731998918017,7.250586425442553,1,1,1,1,1
7c453810e75e505d8e98ce7958c799eb3a7822a5bb31ce34f781a9eae0b70b2e,pi_3,upstream,/home/qy/DVGC/JIT/runs/campaign/all_proposers_v1/round_000/proposers/pi_3/tasks/acquire/attempt_0000/result/catalog.json::dense_v1_train_x2.95_family4/variant_9,/home/qy/DVGC/JIT/runs/campaign/all_proposers_v1/round_000/proposers/pi_3,acf6c14e2dc03d6de36a3a126250bd3ac154af7db9717727885630be3779fc0c,fc98cf9780460734bd8e8d6878db0b769f5ed98b70c2d68368739d8c0dc1ce28,ef052adc0744506ca2dc329d27bca20bcabc35d389d47b25e56595320e0f36df,True,0.1266850256919861,-4.900202679922935,29.712432795295594,10.69439942879873,51.50699953110517,0.4499618094662991,0.886376829147339,0.5027355942911104,1.71475350856781,-0.030459437519311905,0.4360271692276001,-4.355946739873285,-56.19327086782638,5.810961875080414,3.4428720474243164,-0.008267299272119999,0.604704737663269,39.50604297069095,31.912727009996427,7.402332139260094,1,1,1,1,1
306ae80c032b8b073d2295f22ab0a180e86923757025ffc5c88220ac69648d84,pi_3,upstream,/home/qy/DVGC/JIT/runs/campaign/all_proposers_v1/round_000/proposers/pi_3/tasks/acquire/attempt_0000/result/catalog.json::dense_v1_train_x2.95_family4/variant_9,/home/qy/DVGC/JIT/runs/campaign/all_proposers_v1/round_000/proposers/pi_3,36c9d6986c53f1766c0c6a5c8929cb21ee4ebe8a8c3fb7d73ba7611946243e6f,47d63c844c209656be5ba4797d52b9c0e4654d9434cbcc67220132b43f4b714a,c34e3ee73e09583212d6ca0518088e4882caaf33d62f7204589717350068cf90,True,0.145867440700531,-6.633909596947271,93.99883920689969,13.698649597492375,-21.3339882970554,0.42127048077150064,0.9146074485778809,0.4146574456621352,1.7088725566864014,-0.03159293532371521,0.29450809955596924,-4.76016288448334,-79.30292905661938,5.167684840651682,3.477349281311035,-0.008877095766365528,0.6135978102684021,39.60148461905812,19.37888762827427,7.543757382311131,1,1,1,1,1
9061eb652dea083a3ef894e1f00de40d8a1b2ab7ec731e1b326b8e46af1736f7,pi_3,upstream,/home/qy/DVGC/JIT/runs/campaign/all_proposers_v1/round_000/proposers/pi_3/tasks/acquire/attempt_0000/result/catalog.json::dense_v1_train_x2.95_family4/variant_9,/home/qy/DVGC/JIT/runs/campaign/all_proposers_v1/round_000/proposers/pi_3,5cd44c63c57245139d33d646e78ee374d6a57554bfe73a80ef03a02f4919d4ba,5ef77b02cf9e66641fcf46b132e583158cb24d1ee40ac6c18b1f4062d19667e3,06199005d5c925d21dbaf1173baf9f8e947dbe122e831ff1861680df640d4b7e,True,0.08082489728927614,-11.688773372888683,-40.87950863541589,22.098904597299715,100.89739174031509,0.6252251249223942,0.8440846061706544,0.1984875691846557,1.748318076133728,-0.02911071665585041,0.3142060339450836,-6.083369029087564,-21.536684405959285,4.757006910199971,3.547743558883667,-0.009971519000828266,0.6312364935874939,39.39717317041553,23.093118885717818,7.779275026856704,1,1,1,1,1
df60b24daf4b2c8a87fa27c4ec01cf6d5e7d6fb0b5d3e8f6823840ba453ffb8a,pi_3,upstream,/home/qy/DVGC/JIT/runs/campaign/all_proposers_v1/round_000/proposers/pi_3/tasks/acquire/attempt_0000/result/catalog.json::dense_v1_train_x2.95_family4/variant_9,/home/qy/DVGC/JIT/runs/campaign/all_proposers_v1/round_000/proposers/pi_3,e168077c6b4ebb82bd972d80c2a54934bc3a2d69c748622ac31d7de0e73d16db,8f0099f13fd158cb2e45c821c4dfa20abf77243a255514ac357d1c886af1f7d8,227defebef8729e1011928df5c1efe3c33438c9fcc679aa09b398785e2924b9e,True,0.10156774520874025,-15.673530494109862,-56.24073726746338,28.378737614560347,211.57605150419533,1.0326105539346315,0.8848149776458741,0.0711469697155747,1.8058675527572632,-0.021540794521570206,0.26788946986198425,-6.824393327615172,-54.83675773262141,2.2153906403138532,3.5837490558624268,-0.010429943911731243,0.6397216320037842,38.506448200754164,36.94243391856421,7.879225770290233,1,1,1,1,1
25113bb8c20b516713f5c48fb1f661f8ac8420ecbca34f660efc808707ebd97f,pi_3,upstream,/home/qy/DVGC/JIT/runs/campaign/all_proposers_v1/round_000/proposers/pi_3/tasks/acquire/attempt_0000/result/catalog.json::dense_v1_train_x2.95_family4/variant_9,/home/qy/DVGC/JIT/runs/campaign/all_proposers_v1/round_000/proposers/pi_3,4d3b10108443d4ff8510a30fe897f573987e8df20ff5d33cbf3915ca93c85499,97c8c0f0dc48529b596604c5956d45807192a0aa99d640da2ea429c7db824c62,65ef647371025a89303138373a6e762fba1b28ecfe38f6306c5fd78ab48d1e68,True,-0.012356502562761308,-30.06791682083808,-331.90331652739155,48.60708562462535,474.37663665127536,3.794583215402877,0.7498706340789796,-0.22924917096752034,1.8458378314971924,-0.016867725178599358,0.4571077525615692,-8.514340503287706,55.60877401450795,2.809632466030595,3.6576194763183594,-0.01110002864152193,0.6613045334815979,38.36475592642225,17.524093410096654,8.0269115382839,1,1,1,1,1
72e1cc8e28e36528655dc3d4ba15c518fb813fb65cbe457be840c855cd8d90b1,pi_3,upstream,/home/qy/DVGC/JIT/runs/campaign/all_proposers_v1/round_000/proposers/pi_3/tasks/acquire/attempt_0000/result/catalog.json::dense_v1_train_x2.95_family4/variant_9,/home/qy/DVGC/JIT/runs/campaign/all_proposers_v1/round_000/proposers/pi_3,b63d33de821157b80546e30acfff0de153514755244b8045b363279d6de21681,3cca2bb90fe9036b00c277dfb5d2570ea7d044400e5a21e3a8a7b1b9766870fd,e9791b70a0f96689864c6bc8fe6e696a6f51576e3d813dc4ac6774322e4b2300,True,-0.06333965063095093,-40.86431487960719,-449.5578055849567,61.457707472505405,587.1480322259016,6.811050838909634,0.6987212657928468,-0.40983772621534864,1.854602575302124,-0.014589673839509487,0.6178811192512512,-9.922323382756952,97.50549247773007,2.2982211981522442,3.694612979888916,-0.01140499860048294,0.6760583519935608,37.072443154320815,36.41510574859879,8.096975814607623,1,1,1,1,1
896bee3751fbf583602d6f03127c2abc6391738190d168c571ce493729ed4ba3,pi_3,upstream,/home/qy/DVGC/JIT/runs/campaign/all_proposers_v1/round_000/proposers/pi_3/tasks/acquire/attempt_0000/result/catalog.json::dense_v1_train_x2.95_family4/variant_9,/home/qy/DVGC/JIT/runs/campaign/all_proposers_v1/round_000/proposers/pi_3,887f8346646a587c48940a28ea5cbbfe88eda2e5fb6e55020220280ef7a921fb,4296aa42b95abc5ccbd1de8dac0f551756fb305e5fcc50c3f55af346e63d5907,7deb0c4a5a190cba8ace73007150f9ea4f9141b0adaa98de1ff8fd7b7e9ef328,True,0.0850457799434662,-49.64560564264203,-324.51444520402845,76.36081141125804,726.0962097568719,7.248651826204939,0.896684741973877,-0.6231365046105395,1.9385219812393188,-0.00239691068418324,0.6710849404335022,-11.413722508785915,-64.54252143000664,-2.060966466482212,3.732912302017212,-0.011505146510899067,0.691614031791687,33.9301804757106,66.39597522355965,8.110752119629291,1,1,1,1,1
697351ba102c5aa708556bf2af59914a409795e1925fbb13962d3a45e6b3ad2b,pi_3,upstream,/home/qy/DVGC/JIT/runs/campaign/all_proposers_v1/round_000/proposers/pi_3/tasks/acquire/attempt_0000/result/catalog.json::dense_v1_train_x2.95_family4/variant_9,/home/qy/DVGC/JIT/runs/campaign/all_proposers_v1/round_000/proposers/pi_3,4a8ca4c971c5df23f3144fe5a32f6863901112841feff69129c108dd6b4928af,4ebbd3b7165037ae81422dde494a815c4b60ccedd7cbac0c5fb750b7537b601a,b9b0fba3f84802ddf22ed69b44847c980b9aad27802c91a2f72fc9cfe6bbb7f1,True,0.17997679948806763,-60.65900564153162,-166.71665311111553,108.98242326464259,659.522574482811,1.527547976346383,1.0222733306884766,-1.2125250835669021,1.9316622018814087,-0.008838538080453873,0.4398455023765564,-18.413438681545674,-167.34037232574275,-3.4852634662274435,3.81152606010437,-0.011450846679508686,0.7228851914405823,28.836607883308613,49.908666963430484,8.086231014574327,1,1,1,1,1
56a629d4ee33d15b64e98a8fe562743376a51eeba996d6098c0eb0572470b677,pi_3,upstream,/home/qy/DVGC/JIT/runs/campaign/all_proposers_v1/round_000/proposers/pi_3/tasks/acquire/attempt_0000/result/catalog.json::dense_v1_train_x2.95_family4/variant_9,/home/qy/DVGC/JIT/runs/campaign/all_proposers_v1/round_000/proposers/pi_3,ead94f3057b39bd1c63f3589db2cb8e143fe02853d3e6558dfa212f27783f110,8ff345317ec7e96155fd68eae17f27c4017480a32401086834e2f211b74083ae,6c505cc30700996c9c135e3d729dbe38184ff0ca71d08000cb5dac0f286bb6b7,True,0.13940741300582887,-64.11369483315656,-118.34992525847753,120.30315445542607,474.8637111013673,-1.026036503779207,0.981794366836548,-1.6217213117650675,1.8780312538146973,-0.024846984073519707,-0.045533593744039536,-22.547608752181823,-134.22355809715395,-2.6792797998247826,3.8492650985717773,-0.011816214770078659,0.7273606061935425,23.96324229729513,91.66290085037699,8.11391660738332,1,1,1,1,1
bba0997c71c1c5e1c48ce97ef86fd59b78d33e1b05d414e34eaa5b8a1df78a8b,pi_3,downstream,/home/qy/DVGC/JIT/runs/campaign/all_proposers_v1/round_000/proposers/pi_3/tasks/acquire/attempt_0000/result/catalog.json::dense_v1_train_x2.95_family4/variant_9,/home/qy/DVGC/JIT/runs/campaign/all_proposers_v1/round_000/proposers/pi_3,3fa8e30126b887669a6c1352e598ccc51f2db6010c1b393ff98c9ca8b284557b,ed345ec2e94921d7b7e0f74ad674a57adcd04c55e411b3228c7076dda60851ce,59d67c2339a8250bb3c4ddfb2b58bac079381e38f89df3e6fed8ece6c6db26c0,True,0.10667936086654664,-66.68298660267274,-79.35619087176714,128.30312280383023,328.34019808269267,-3.0192974879718713,0.9516701126098633,-2.1127404894241515,1.8438754081726074,-0.039415497332811356,-0.5184547901153564,-26.447054249348604,-109.54948606010456,-2.170008088703938,3.8861114978790283,-0.012486519291996956,0.7221132516860962,17.50076831408106,125.08562559151231,8.161930639941739,1,1,1,1,1
e6e421c49647f0a21f0ad153d2445a4b6530aec27e9de968ff27b857bcf41455,pi_3,downstream,/home/qy/DVGC/JIT/runs/campaign/all_proposers_v1/round_000/proposers/pi_3/tasks/acquire/attempt_0000/result/catalog.json::dense_v1_train_x2.95_family4/variant_9,/home/qy/DVGC/JIT/runs/campaign/all_proposers_v1/round_000/proposers/pi_3,bb862e0a0c7fc614102b51eb986c3090f668204a114c6e56a303a8c5fe6e64da,1d81ae534d00d56dbc5724b237db258fad14475fbdf1a42b128487435c0f0c2a,6056869281c18e83d921ff414881022c45c78754d58344517f3d5d8a09a9725a,True,0.027140995860099795,-69.54650926125474,-23.627391650521847,131.70996652031923,32.38238106261026,-4.026290416032985,0.8664415264129639,-3.202672015576639,1.791172981262207,-0.06922511011362076,-1.5479669570922852,-27.759099437962206,-39.784697613354545,-2.0451389971845884,3.957256555557251,-0.015104076825082302,0.6733898520469666,0.5907188354871904,84.18162389773276,8.2143959735232,1,1,1,1,1
af330c123302f7251f2a89adae851ee4959a8d9c4dfb623a3a3dce18731178a2,pi_3,downstream,/home/qy/DVGC/JIT/runs/campaign/all_proposers_v1/round_000/proposers/pi_3/tasks/acquire/attempt_0000/result/catalog.json::dense_v1_train_x2.95_family4/variant_9,/home/qy/DVGC/JIT/runs/campaign/all_proposers_v1/round_000/proposers/pi_3,48f8f39a03ba977c0af3cfe6ac0a87355bac0ef5928f20cf3a203365cc081783,1d3dbab9bd5caa9800b85257826a2a0f1a36316103ac570f2d981697cabd1b3a,b51ccc46df42bc27d7e1f435176c2f71a19063d39743013836678818b3a23ac7,True,0.016572964638471605,-70.20298606314135,1.7421203226996171,131.53438967751487,-35.401075373851185,-4.366105399750292,0.8559020996093751,-3.753406552033613,1.791289210319519,-0.07733497768640518,-1.8973376750946045,-27.44350030207801,-31.16360210711318,-2.3242828521474856,3.992739677429199,-0.01661113277077675,0.6388974785804749,0.5768059002304331,20.027770967351113,8.198992659458165,1,1,1,1,1
e3aea80195a6235b4583b2464faba236c050d0023e6b4123eb1c73c45aee284d,pi_3,downstream,/home/qy/DVGC/JIT/runs/campaign/all_proposers_v1/round_000/proposers/pi_3/tasks/acquire/attempt_0000/result/catalog.json::dense_v1_train_x2.95_family4/variant_9,/home/qy/DVGC/JIT/runs/campaign/all_proposers_v1/round_000/proposers/pi_3,7d5e718280fc9e9bae5757b0deb99cddc374de58ab82bbb56e4fdb02ae476606,e748307f3119be5d0b351d15b9cc76d8b2ed0f7b75b1fa9aee244673f4fb404f,4ff250d21093a2404552ebbcefc2dc4ffc6f7917cf81ed7d4a7e8f038798e526,True,-0.0900067412853241,-70.39346637871466,14.809475705610106,127.7664338596073,-277.88165649484654,-3.6374218029386958,0.8183977031707764,-4.2655059549391225,1.7671000957489014,-0.11018743366003036,-2.5930163860321045,-24.3507086836262,55.24422974303144,-1.670311235582394,4.0279541015625,-0.01860329508781433,0.5928308963775635,3.31490275351487,-36.78370715244228,8.105156620181637,1,1,1,1,1
e2a9289459289c9293b68552b09bae77ba97c74055e1d2b41ce31ee0ccc719ac,pi_3,downstream,/home/qy/DVGC/JIT/runs/campaign/all_proposers_v1/round_000/proposers/pi_3/tasks/acquire/attempt_0000/result/catalog.json::dense_v1_train_x2.95_family4/variant_9,/home/qy/DVGC/JIT/runs/campaign/all_proposers_v1/round_000/proposers/pi_3,a272af257597493225ca34743a83a017d66f4ca6c54ac195ce9d037298426a7b,3a8d498cd19a6b1cfe2e260fb32f93d8f20b085dde52d07bbc450d65e92a470f,d496d439ad71046fdfca07cfddd2601873b5a861e5de787739563cccbd9a839e,True,-0.14556459665298463,-70.12911073707849,-21.06840663646321,120.35031008145583,-307.8534554785896,-2.5386498742720063,0.4802439689636231,-5.172482682584106,1.7524305582046509,-0.11204265058040619,-2.979588031768799,-20.723775781511875,99.48479250674056,-2.056255130058784,4.099076747894287,-0.022356543689966202,0.48962417244911194,6.7682884462253945,-7.738425037158734,7.891579302530363,1,1,1,1,1
0ae94edc8fedbe836c70f2494833b07368c2cdc8b45ff8dfd252a78cb322b3c2,pi_3,downstream,/home/qy/DVGC/JIT/runs/campaign/all_proposers_v1/round_000/proposers/pi_3/tasks/acquire/attempt_0000/result/catalog.json::dense_v1_train_x2.95_family4/variant_9,/home/qy/DVGC/JIT/runs/campaign/all_proposers_v1/round_000/proposers/pi_3,fb7f062aa301a68b12400455bcd1fedc53fb0bb4c4799f57e416c85d0eb23e4b,8338fa28116d136406969b72162de98790e007602507c5e6e982ce80b50894a1,2c5686cbac68c5b49657dc591c1b1057c73c5264a9e8e505a2a2899c8e1c6a0d,True,-0.019455685615539554,-70.16003100345114,-22.46948675600251,117.52308987831246,-30.37167240870147,-2.137326421937024,0.6101466751098633,-5.575357786321911,1.7671538591384888,-0.06141021475195885,-2.630847930908203,-20.252171709890007,-6.812215100325039,-4.0507606542655985,4.13460111618042,-0.02398499846458435,0.43435198068618774,9.532922345343476,-49.333001544708885,7.7753016377412125,1,1,1,1,1
045fc8265dcd05cabb2623924908e907c6c777defc471bbae7ecf721fbaad40d,pi_3,downstream,/home/qy/DVGC/JIT/runs/campaign/all_proposers_v1/round_000/proposers/pi_3/tasks/acquire/attempt_0000/result/catalog.json::dense_v1_train_x2.95_family4/variant_9,/home/qy/DVGC/JIT/runs/campaign/all_proposers_v1/round_000/proposers/pi_3,e0e80aa239590fd3c59763115eb01e8ae9ae01be0eabca2ab39adc69801972dc,4f5ac68d8154d9bb98a32e3460c67bca2ea0a8463f870f2c7c8ede612c778f56,c4872250a02660638a4888e6154f00b799ab4df1489b5aed9388d46eab07b671,True,0.01772866427898407,-69.88921400286013,-16.926842886050522,114.77216288819812,24.186145520858496,-2.6445442782317965,0.6395229148864747,-6.350486095216893,1.7678046226501465,-0.048093389719724655,-2.9159533977508545,-19.203141738287965,-30.87009863319398,-4.96298279056593,4.205935478210449,-0.026648009195923805,0.3177383840084076,2.4057183438479015,-0.25154628885847574,7.67567981880817,1,1,1,1,1
c7707bb2fb50ce523f219961ea39bb255ad3bfdb4631c394423ffafde8f6cb06,pi_3,downstream,/home/qy/DVGC/JIT/runs/campaign/all_proposers_v1/round_000/proposers/pi_3/tasks/acquire/attempt_0000/result/catalog.json::dense_v1_train_x2.95_family4/variant_9,/home/qy/DVGC/JIT/runs/campaign/all_proposers_v1/round_000/proposers/pi_3,c3b55da5c5272355b481d9a36220da5ea6efe564e522a38d5ae952f3e3741d56,726580bb9e70dbc95d66c4436d5c12b04b4f3f4d7db10673d7360505f56eb819,e5b5fe81e8811a0a9c95dcccdd7ae6c96e77df97f823035ac83e4e04d46bc88b,True,0.9424900627136231,-74.31440477365219,-603.5027289482005,115.30176209606257,371.92415427092095,-0.41182291298475376,1.3299170875549318,-6.775573396748054,1.680726170539856,0.19513922929763794,-0.46871304512023926,-31.05915485432535,188.34208387250808,3.9195902863500884,4.2393012046813965,-0.026959294453263283,0.26707902550697327,-0.5277985992445041,68.91667019713118,7.404420758823424,1,1,1,1,1
9eddaac99205ff55baf3616bd167c70db6c1a28b27d7b06f25d1fece2c6b07ab,pi_3,upstream,/home/qy/DVGC/JIT/runs/campaign/all_proposers_v1/round_000/proposers/pi_3/tasks/acquire/attempt_0000/result/catalog.json::dense_v1_train_x2.95_family4/variant_14,/home/qy/DVGC/JIT/runs/campaign/all_proposers_v1/round_000/proposers/pi_3,ad63ada5227aa6a6a8b27a25f859555e1d9c956fa0fafca5ec5a4ee727912760,811962c645d57eb6e2fa077c8e056e77adc2180ff394cb2f3d37ca1004fde6bc,840164fb1d7b8abaf43dd8c9908878f7f893419c164570000d19cb6fb06806ba,True,1.0421553611755372,-64.06967426395583,410.0295884051253,124.4329327144259,-586.3079735995034,-0.2651886929600548,0.25009597778320314,0.5865872687497472,1.0099964141845703,0.03650747612118721,0.09553366154432297,7.0100148173676695,40.07392197375873,15.804400333701892,2.8467447757720947,0.004604368936270475,0.1172804906964302,0.7853242651540764,71.93335984785072,2.7354391607909276,1,1,1,1,1
ebd7e60137b1cf37b585b69b1c6226b56f43fda33e9eb1f554d4290e15dcfb6d,pi_3,upstream,/home/qy/DVGC/JIT/runs/campaign/all_proposers_v1/round_000/proposers/pi_3/tasks/acquire/attempt_0000/result/catalog.json::dense_v1_train_x2.95_family4/variant_14,/home/qy/DVGC/JIT/runs/campaign/all_proposers_v1/round_000/proposers/pi_3,cb517f184f0d3781910cf8bdb44814025a0f97d1414ffb76316883ed77d09477,657dfc79b22e8af516c6b95041c016c700cee5e66210139888cb1d37a5310963,294fab530d91dbe55a38892d4595614940bfefe331470c67e57904ff9bbc176f,True,-1.1904013442993164,-46.3709670677278,-234.574814741624,68.39930385807023,-1306.2076718167996,14.770066713832923,-0.8637574195861817,0.9385388076853051,0.7083285450935364,-0.011041015386581421,1.900978446006775,0.6617659829859871,720.0660269839643,25.411373882479353,2.8824636936187744,0.004740738309919834,0.1590387225151062,-3.0672665611932413,25.265354683308235,3.437234152579088,1,1,1,1,1
a13636dab1f2a4af59632ae0bf7e87bde6d4d3785f4fc1a2168f87fb9764d9a4,pi_3,upstream,/home/qy/DVGC/JIT/runs/campaign/all_proposers_v1/round_000/proposers/pi_3/tasks/acquire/attempt_0000/result/catalog.json::dense_v1_train_x2.95_family4/variant_14,/home/qy/DVGC/JIT/runs/campaign/all_proposers_v1/round_000/proposers/pi_3,21afd11cbdfbfa74a7544d3752f37f13e7266319f28810f4c956410a3ab3bf53,00c016c3abc260ba3a4e98acfd6bc15597ce9b9cd1a905e1bd6b351b39a4cf48,880ac394a5f147039f70bb53f59adc512281a7f21da6e910c5f023492617c00f,True,-0.14250967025756836,-64.99785599102555,-116.28931182739804,41.81932217464213,775.7107585293578,41.1769933504779,0.6736051368713379,1.800709551440557,1.775120496749878,0.03226485475897789,2.823998212814331,-3.6757081367510285,-241.21709174719135,11.155864938371362,2.9586594104766846,0.004911896772682667,0.33004212379455566,20.66969946630559,83.38096180246718,5.921828587230206,1,1,1,1,1
c014969a24d2efff439912710427b597d723c0537090be893d343b8f7d977301,pi_3,upstream,/home/qy/DVGC/JIT/runs/campaign/all_proposers_v1/round_000/proposers/pi_3/tasks/acquire/attempt_0000/result/catalog.json::dense_v1_train_x2.95_family4/variant_14,/home/qy/DVGC/JIT/runs/campaign/all_proposers_v1/round_000/proposers/pi_3,042fcf82de9958fcb553fc0580422aabef0e451f2d15b78f431f4b1c571bd9a8,680e6755931416def2fcb8a55ee57a6f10c77a33bf930178be912904b7eaff86,336b722771f5ddf703ae18e81c92607cd89b3d761ad21f9845b2e6af5f6175e7,True,-0.023353853523731233,-66.4839275695019,-11.336637847586797,60.547386690115275,873.4966097819494,34.268879910992716,0.8295664501190186,1.7373190780500447,1.8538291454315186,0.03536568954586983,2.8852672576904297,-0.6163724390403765,-368.8596669563897,8.969873993566184,2.995664596557617,0.0056387255899608135,0.388204962015152,33.81274561821599,36.39589925665272,5.825808202050887,1,1,1,1,1
e0b6a626ae64acb028dfd97e4d9e13ef9c66a31087caa4724affd98cbed2a43f,pi_3,upstream,/home/qy/DVGC/JIT/runs/campaign/all_proposers_v1/round_000/proposers/pi_3/tasks/acquire/attempt_0000/result/catalog.json::dense_v1_train_x2.95_family4/variant_14,/home/qy/DVGC/JIT/runs/campaign/all_proposers_v1/round_000/proposers/pi_3,3b9ad0c12eb66acfc0830213b4cb215b74dc3b3894a56a87b3cfa646748ea4ce,c09d17d7204b3e37044607eca5dcd06608ae1ef1a18dbeb56fcacc3c33abca6e,debb78c5b2cf1a4e35c0a8cba83ce9a5f2b786372cba183513b2f3ec08e43e01,True,-0.4214774036407471,-66.33172363403733,18.45482792036866,67.77002486945862,-90.15765010071124,31.06344472525318,0.34683046817779545,1.8086016079677127,1.45534086227417,0.022999735549092293,1.9914288520812988,-2.767474830925984,26.281857586535384,17.665794222165033,3.02854585647583,0.006204773671925068,0.43723052740097046,36.0867956306692,-23.63367713210555,6.017695159322029,1,1,1,1,1
fa1f3d29705ac2888bf54976253b588a2e3c13266717c5968efd99028b6ea204,pi_3,upstream,/home/qy/DVGC/JIT/runs/campaign/all_proposers_v1/round_000/proposers/pi_3/tasks/acquire/attempt_0000/result/catalog.json::dense_v1_train_x2.95_family4/variant_14,/home/qy/DVGC/JIT/runs/campaign/all_proposers_v1/round_000/proposers/pi_3,14cca79b121552b81e9f4ab067f73fcd027b7cba167469b10ccc05690497e4cf,dacb473a559be51ea9e87fffa2b0bb3fdba7c360fb13efa8638fea9bbf05de43,ab6d9a91a1a06b122b786ac6a56893aab6bd58a5665462df752a5baeec07f3a9,True,-0.3343496084213257,-51.579519064617784,403.19062927221825,47.32691351377361,-627.0077594672888,27.94610638580105,0.4536334133148194,2.054645315380409,1.2417830228805542,0.018101127818226814,0.9389607906341553,-3.734159615007528,-61.13492639270894,21.003813537482397,3.0798051357269287,0.007219741120934486,0.4819088876247406,37.30352211432069,13.057021626861378,6.746172932330586,1,1,1,1,1
cd5adddf5248f1d8e0d5e4659111a1afe01b12989538f88aa53e0560e13aa34f,pi_3,upstream,/home/qy/DVGC/JIT/runs/campaign/all_proposers_v1/round_000/proposers/pi_3/tasks/acquire/attempt_0000/result/catalog.json::dense_v1_train_x2.95_family4/variant_14,/home/qy/DVGC/JIT/runs/campaign/all_proposers_v1/round_000/proposers/pi_3,ca0bebc939f4b2947380e0c75994fe3020f3889e17a36ff38308291a0ac5c205,c2e62160dc33970e5a1079fc97052178cc55d5407471130bbb1ed8b69c037a73,5b284d53404e7243af629a73a52208a22460c192f8b2121940e3f58202a60711,True,-0.16689654350280764,-30.232538040213726,556.6800336593354,26.184836456922646,-529.6240151115142,19.438473748160774,0.6648185539245606,2.1791495266321808,1.3423857688903809,0.019982008263468742,0.7345348596572876,-1.0244739474319642,-234.00692549327246,20.94428160867657,3.132289409637451,0.008127578534185886,0.5136037468910217,38.38862402247686,-9.579872211924497,7.250793179709544,1,1,1,1,1
eee1e866822ec03e704ee36b3635fd25e18bf547241e0fb15f6630d679633abe,pi_3,upstream,/home/qy/DVGC/JIT/runs/campaign/all_proposers_v1/round_000/proposers/pi_3/tasks/acquire/attempt_0000/result/catalog.json::dense_v1_train_x2.95_family4/variant_14,/home/qy/DVGC/JIT/runs/campaign/all_proposers_v1/round_000/proposers/pi_3,2b63f3047dab7fe07d5abe216d392cbfe2e8c709ef2b4bb510ca657a99d99ebd,18fdf1bbf27d932e4d9733ba2575a19ad7ad4b60afee9fac34e362ca430ebaf8,2814785e936788e0ad50f32760be18c8cb95c3e94a410b4509e9eeefabf41c1d,True,-0.2087661099433899,-12.997469207488036,393.80925516417904,10.476889493358735,-325.20497732911673,11.867730894445016,0.6080051040649415,2.3522274771830074,1.4647918939590454,0.016059808433055878,0.8026045560836792,1.2693367627854502,-187.4882146036081,23.247329189251072,3.188511371612549,0.008799885399639606,0.5455966591835022,39.86152699623343,16.07439258895062,7.879961018657236,1,1,1,1,1
c553c465577ad8b517639164f0bad88f429bf751a178b58e3fc971451601277c,pi_3,upstream,/home/qy/DVGC/JIT/runs/campaign/all_proposers_v1/round_000/proposers/pi_3/tasks/acquire/attempt_0000/result/catalog.json::dense_v1_train_x2.95_family4/variant_14,/home/qy/DVGC/JIT/runs/campaign/all_proposers_v1/round_000/proposers/pi_3,03cadba91d78b5057be3655f7aedd6f0a0f92242b2e9fb6e67901a99b8ca05d1,9386f1460a49cc9990cc6cb30db08cff6f60821470edc58b1a545f5877e11f11,387a56a5a4101df1f33f89c3c9bfea4ace8c2399a67c9cb9c31bf63b7bb9cf39,True,-0.21246117115020755,-4.448968793726981,317.3730452946732,7.040683220514674,-182.47049809212828,6.319780987206869,0.6032082653045655,2.5561935835593217,1.5636990070343018,0.019316459074616432,0.6906752586364746,3.074556507471761,-183.65072745994982,23.30184434411153,3.250678300857544,0.009586560539901257,0.5784729719161987,40.419761772193155,15.958019825871942,8.607223218749546,1,1,1,1,1
0b3e7a8a644972a4182f491d69edc623c22757c06af2ed73f353a9a4fabf9cba,pi_3,upstream,/home/qy/DVGC/JIT/runs/campaign/all_proposers_v1/round_000/proposers/pi_3/tasks/acquire/attempt_0000/result/catalog.json::dense_v1_train_x2.95_family4/variant_14,/home/qy/DVGC/JIT/runs/campaign/all_proposers_v1/round_000/proposers/pi_3,44a8f3a9ab5dee62173c02cdd3782b95787a3cd06b6aefef81e07111629d95b5,73e7757d5069ec8b49ddbd237fff96a3cbbd66cbb47732c0f8cde7eb7d55c29f,55a9a464d9b7adb55cf0bf051a15b12766628737bfe964092dc01d39ab28962f,True,-0.23849362611770633,-2.103344375187556,235.25758777181514,7.342544711543856,-97.7302057014235,4.285402775302054,0.5640359401702881,2.6638228149589205,1.6126651763916016,0.018172089010477066,0.6984086632728577,3.575517585919992,-151.58480613705916,23.88912791461132,3.28289532661438,0.009971351362764835,0.5935036540031433,41.201992601983456,19.056256812639546,9.012993696368211,1,1,1,1,1
6914689953958e2e5fb0ae0f0e5ef31e405bd6d6f6a7170655ac54b10dfcd660,pi_3,upstream,/home/qy/DVGC/JIT/runs/campaign/all_proposers_v1/round_000/proposers/pi_3/tasks/acquire/attempt_0000/result/catalog.json::dense_v1_train_x2.95_family4/variant_14,/home/qy/DVGC/JIT/runs/campaign/all_proposers_v1/round_000/proposers/pi_3,39a7b0e01a5ae0ab67f4b99999bb31ddf74bbde4dc7972989ccf7a868943089b,89568237d15b3ba470beaf85bc03b9b4ba52596a8d83678da18006cc376a1f2e,e1bd927bc9db880e64f8020d45253cdeb05e3bde33e1951126c4c464fbd14375,True,-0.32037942886352544,0.5328408796775602,119.55261228829005,7.8528751019860525,-45.975526435540736,1.8908902120109607,0.47577847957611086,2.8760752157529863,1.6466020345687866,0.010161234997212887,0.6052789688110352,3.808123306642773,-79.28339471559315,25.559469459158155,3.348111152648926,0.010462252423167229,0.620922327041626,40.17481069798899,51.6345430685714,9.976277307272742,1,1,1,1,1
42dab0fd8c958b243a2d32d2afaddc5cb753048d9ecaa19f84f608fc60879968,pi_3,upstream,/home/qy/DVGC/JIT/runs/campaign/all_proposers_v1/round_000/proposers/pi_3/tasks/acquire/attempt_0000/result/catalog.json::dense_v1_train_x2.95_family4/variant_14,/home/qy/DVGC/JIT/runs/campaign/all_proposers_v1/round_000/proposers/pi_3,c00e31f2daf1ccceef14065ccbffebc016fcaac1cab6772b7749916acb9cf5b7,14b2cf9120abec50650be006b43c22ad8e34cdfcc7070117229f217fd3dd78cc,768a0f6d974aaf701fc45513b49a1f2a57526d6b8196568a661b3c7f23e10ad5,True,-0.3272230100631714,0.5416609484127209,94.92165240528176,9.410255562944633,1.3425986524834763,1.2195463857708015,0.4750015926361084,2.9697037897537957,1.6814278364181519,0.011217587627470493,0.5241981148719788,3.5993013718270346,-78.64210825442065,24.981790842178693,3.381572723388672,0.010671580210328102,0.6327757835388184,39.910079395948465,44.330874940009615,10.480639890926591,1,1,1,1,1
4f7df91ea996d5cc1d1063de7635fedc2c111193330afa082df2c8fd2cbd0d4a,pi_3,upstream,/home/qy/DVGC/JIT/runs/campaign/all_proposers_v1/round_000/proposers/pi_3/tasks/acquire/attempt_0000/result/catalog.json::dense_v1_train_x2.95_family4/variant_14,/home/qy/DVGC/JIT/runs/campaign/all_proposers_v1/round_000/proposers/pi_3,fd5d1aaa85efae07d92509cf0cd7905ae3fa7c827d8ff2a2c971482bf27fdf6e,a5de84efa3ea2652b42b8eef8eb5af25f5343b2acaad7d1c13bfaeffea1793c8,8745aef0bec7a462d5019361e2b67a04ad21e16ae72baa14ae3845046a514a5f,True,-0.3480083322525025,-2.0912954946048306,95.31090488608079,15.082565451647435,-9.005212538558183,0.9673552391462373,0.4713751077651978,3.1272955735195214,1.7117502689361572,0.0077264211140573025,0.3332872986793518,2.512226179330965,-75.57125520358291,23.701521401131288,3.4501044750213623,0.011007875204086304,0.65275639295578,39.094377224130525,44.96814866504473,11.536264576957716,1,1,1,1,1
f656b1d03516ca9db659bb5bb9bb538a7e9ce44ff11cac4d4cefef7ea6204dc4,pi_3,upstream,/home/qy/DVGC/JIT/runs/campaign/all_proposers_v1/round_000/proposers/pi_3/tasks/acquire/attempt_0000/result/catalog.json::dense_v1_train_x2.95_family4/variant_14,/home/qy/DVGC/JIT/runs/campaign/all_proposers_v1/round_000/proposers/pi_3,4a0b2b983e8fce5a261de0fcb6a37e1ed81cbf54c020f37f40dce11a02e1ff2f,fa168aa60ae6f289e73bd423b86faf8cc513fecaa95f2262d419aef875793ed3,ff774fc8ca3d0716e24ada07a0dac99dc032ead177de5c4fbcb5afce550bc874,True,-0.37523949623107916,-3.9596805085703015,-2.300163319754055,19.108056967304925,132.99349566914802,0.7930606381945634,0.44571737766265873,3.182650391058541,1.7806882858276367,0.01057454850524664,0.3573096990585327,1.7034142810033897,-54.56537382632929,22.310918791778786,3.4854736328125,0.011191127821803093,0.661150336265564,39.08779292177063,45.84861469057273,12.019909214006752,1,1,1,1,1
bb8cb07bc8d9752e1acc31e3e50e59040fadbf5b43f0505bd45ea888999cb89f,pi_3,upstream,/home/qy/DVGC/JIT/runs/campaign/all_proposers_v1/round_000/proposers/pi_3/tasks/acquire/attempt_0000/result/catalog.json::dense_v1_train_x2.95_family4/variant_14,/home/qy/DVGC/JIT/runs/campaign/all_proposers_v1/round_000/proposers/pi_3,bd85451ae349eca01c1da03a65d0bbf4ca6194bb335fd4a41569fd784b3a0188,c3ef1199dcd36aff13cec983a7b4bead95deb5996de0bd8009d5cd44fb991d20,edb10ae1878e288271aa3b049cf7c127b50867a1c9c05a7dfe802d95413b50e4,True,-0.3676441955566407,-8.001550390970658,36.1562893903795,27.78264310003124,117.03967640961564,0.39928796297088626,0.47718184947967535,3.2493620468986686,1.8133333921432495,0.011410773731768131,0.11411911249160767,0.41719972057244126,-80.32222550721706,19.171506009599756,3.5575881004333496,0.011500771157443523,0.6735048890113831,38.30121126147904,50.68618154759889,12.913919062829544,1,1,1,1,1
2f47adf7e53862cc2fe531d493d939b33230113c976bed7f5eaf86b312203366,pi_3,upstream,/home/qy/DVGC/JIT/runs/campaign/all_proposers_v1/round_000/proposers/pi_3/tasks/acquire/attempt_0000/result/catalog.json::dense_v1_train_x2.95_family4/variant_14,/home/qy/DVGC/JIT/runs/campaign/all_proposers_v1/round_000/proposers/pi_3,0030e3149e96622f250c253463265b14e02ce3468e9bc758b6fd4ff03308f1c5,6269e292957b3a25b389bab611e193ea80ac126a6d82abd810dfdabef8d2a23d,1bf5838f32b16caffe65954fa3e7950958e2e0bd07a5630bbfbe4ec2c9482d3e,True,-0.380240445137024,-11.624572156011501,-42.8385981346723,34.985577891166386,264.297448424445,0.3196740984282837,0.4726625537872315,3.2551025383525034,1.8869465589523315,0.01690569519996643,0.1327146589756012,-0.570250786257072,-76.59999780580272,16.703823549271267,3.59523868560791,0.011741994880139828,0.6791152954101562,38.03261407236829,45.175639566745964,13.307028234309033,1,1,1,1,1
8cf16fcea92452608f00a4357765f6791634a7755523652ef2a62d470416bac2,pi_3,upstream,/home/qy/DVGC/JIT/runs/campaign/all_proposers_v1/round_000/proposers/pi_3/tasks/acquire/attempt_0000/result/catalog.json::dense_v1_train_x2.95_family4/variant_14,/home/qy/DVGC/JIT/runs/campaign/all_proposers_v1/round_000/proposers/pi_3,e6e06017679b6b030ef0b28ced06f43abdaa0d92ef98ee90ce66679646080828,69bf3a10f87a3f1b6374dd2ca3782ee1164f8723013b62b27c512071ed6a6551,60e4e19b1eab886fdc4396de62786d2521486f79783e22352f43c4a50a1d0c9d,True,-0.41230362892150885,-15.932065107025894,-92.39962554482207,42.941990123233374,293.7660810324116,0.4670329308192418,0.439489130973816,3.2438389241608325,1.8997212648391724,0.01303895004093647,0.0699571818113327,-1.2781409833473023,-49.43896851458705,15.732114734168354,3.633419990539551,0.011945144273340702,0.6839889287948608,37.894586194526084,38.124866022393064,13.67679863945542,1,1,1,1,1
8484b8843233c0e69a2ed6b6b6e2065452c8aa8c4eda5c688957a8cd7ee7cfda,pi_3,upstream,/home/qy/DVGC/JIT/runs/campaign/all_proposers_v1/round_000/proposers/pi_3/tasks/acquire/attempt_0000/result/catalog.json::dense_v1_train_x2.95_family4/variant_14,/home/qy/DVGC/JIT/runs/campaign/all_proposers_v1/round_000/proposers/pi_3,a4f1658735880f98c7dc730a394c55416625d8d66cb3156d9c67959f78f7ab60,793e72c692ac07344a175d0a530bfb831f6c1802f673393bb2b8efc1869d72ff,c67ab04522bb1e54b80c2f9f0fea1860f5abe117daf215c1876ee1b80297101a,True,-0.5461476135253907,-31.182866655667205,-365.7580507335302,64.85291937683787,542.8951273103623,3.532072112090534,0.30144217967987064,3.176563754465464,1.9839813709259033,-0.0015334784984588623,0.2945007383823395,-3.8496073143404916,63.55493071753616,13.471535562305696,3.7120254039764404,0.011996405199170113,0.6981315612792969,35.735693171479284,56.302362649249815,14.508111975546331,1,1,1,1,1
7e0d06dbba014052960eaba464d96a46b0c386a287b82b775a96997b0209c191,pi_3,upstream,/home/qy/DVGC/JIT/runs/campaign/all_proposers_v1/round_000/proposers/pi_3/tasks/acquire/attempt_0000/result/catalog.json::dense_v1_train_x2.95_family4/variant_14,/home/qy/DVGC/JIT/runs/campaign/all_proposers_v1/round_000/proposers/pi_3,10c9f46b23842392be9a6f3807995023a727b5eecb3e8aa0662991d3e37f4465,ac1b501087835ac673e66af5a091ede85f877dd33d73deba287559e1d76e2427,f8a2fda97780438aa6e92504318dc2710f1bb80fd21e09a2b0b2afe6ef3504c7,True,-0.5853262138366699,-41.843275648061365,-433.0478723232019,78.07723111949308,615.006461397416,6.3993366816623825,0.9004374980926515,3.1212416609634936,2.0191385746002197,-0.009764746762812138,0.3968597948551178,-5.69088031928242,80.65047073834953,11.582727002061418,3.7521963119506836,0.01171183679252863,0.7086402773857117,32.73824416365168,77.87301529349887,14.963021498063652,1,1,1,1,1
439e797bce61c4ac22b3e1e1d0b130c70966a6d01f523f76d3fdcef7d6a5b4fd,pi_3,upstream,/home/qy/DVGC/JIT/runs/campaign/all_proposers_v1/round_000/proposers/pi_3/tasks/acquire/attempt_0000/result/catalog.json::dense_v1_train_x2.95_family4/variant_14,/home/qy/DVGC/JIT/runs/campaign/all_proposers_v1/round_000/proposers/pi_3,1e629ddace53b12847574be01a7d6f9433e73674ac2f7a435f61fed6e8608555,a700e195e681ba0dd4f1ef0e75b99cc2edecf4992d1ade666cd159849c281a05,7934992f10d09c830671798f661ee2187cf328c4c889b3a869f8611e29470a48,True,-0.44464986324310307,-50.3215655591361,-309.536905863701,93.13436948440784,747.6255124358856,6.7212713777249355,1.086660385131836,3.0162979278998363,2.1315696239471436,0.002240631729364395,0.48766258358955383,-7.501323557858204,-71.77010466630908,7.044715166559096,3.7941665649414062,0.011605788953602314,0.7201510071754456,27.05911603860991,119.38042321931403,15.199353949789781,1,1,1,1,1
4c49b0840f4e8cb27e674e1dc15ddba64986708f3c900cb041190bf98ee25fe7,pi_3,upstream,/home/qy/DVGC/JIT/runs/campaign/all_proposers_v1/round_000/proposers/pi_3/tasks/acquire/attempt_0000/result/catalog.json::dense_v1_train_x2.95_family4/variant_14,/home/qy/DVGC/JIT/runs/campaign/all_proposers_v1/round_000/proposers/pi_3,5a41db89b307da1138e0ad0ea161c06dfc1d2811a24d4f7beaefff489c93d5a6,557b60c8642c19f3937ece5bd9499e3e16341fe2981568e7729fbaf2dd9dd33b,df6bd2b0c180f09d93883423e10507ccc5b016a8679c7610b9ff5512c9d7fd49,True,-0.4162316226959229,-56.362164370527864,-220.35849998429447,107.65031781043666,658.4363558387255,5.319533959822379,1.1287040710449219,2.8582838429682575,2.105327606201172,-0.0023125687148422003,0.24022357165813446,-9.350357365244559,-106.16906834551433,5.985907352273359,3.8365018367767334,0.011525027453899384,0.728838324546814,21.858782466838743,116.45064089559374,15.289856912304199,1,1,1,1,1
b9e4bb1cfdfb4a352eca6b0bee118959f5c66b30d8c6e46ae9be83519ea7e22e,pi_3,downstream,/home/qy/DVGC/JIT/runs/campaign/all_proposers_v1/round_000/proposers/pi_3/tasks/acquire/attempt_0000/result/catalog.json::dense_v1_train_x2.95_family4/variant_14,/home/qy/DVGC/JIT/runs/campaign/all_proposers_v1/round_000/proposers/pi_3,1259fede6a5d26360e3c7685eb1c7009efa0090b8b9931198adfd2c77482a7a3,3631909ab42a05689979ed7f43c975ae57681b0b5a3e76553d3238173ec855ab,d052470955c049725950ede9b6bac8675e0d31cc04f954d6a0597856f2c95631,True,-0.4411105632781983,-60.80274014242537,-157.40690036671305,119.17555852534866,489.41185010895435,3.838699703282727,1.1077117347717287,2.6597974447400348,2.0266685485839844,-0.00954654160887003,-0.2201843410730362,-11.211031522523909,-88.97238688347142,6.225172293993491,3.8775551319122314,0.011307910084724426,0.7297254800796509,18.70038858895625,80.81268773113733,15.363517675958407,1,1,1,1,1
83c0a60756617128b1dd27bb50011037b3193b598fd2137f56032f1d1998aa99,pi_3,downstream,/home/qy/DVGC/JIT/runs/campaign/all_proposers_v1/round_000/proposers/pi_3/tasks/acquire/attempt_0000/result/catalog.json::dense_v1_train_x2.95_family4/variant_14,/home/qy/DVGC/JIT/runs/campaign/all_proposers_v1/round_000/proposers/pi_3,8693cfc80c4c50d81185533fd34ee9bb482f7215d28ba45a867e04a1b8fae9de,38cae2bed1b461a7eec3e76f510111adb45086115202965b720bed1e470b8309,04ff0e73ad85fd089a80458517809ac0704682986d2c3cb721819440f9b82374,True,-0.5236515712738038,-66.0671289357802,-67.7189828657911,126.84841545402257,126.05335411387641,3.94682970147331,1.0219910144805908,2.231846410721564,1.8500361442565918,-0.01726541668176651,-1.3566639423370361,-12.116791446095762,-18.79152380305173,6.9436573951468805,3.9520413875579834,0.010425563901662827,0.6898440718650818,-10.91524505787463,97.23701823202438,15.766144003974414,1,1,1,1,1
55dd925655ad2e684b123986609aed15da5fd5ce705d51808506774f2454bc1f,pi_3,downstream,/home/qy/DVGC/JIT/runs/campaign/all_proposers_v1/round_000/proposers/pi_3/tasks/acquire/attempt_0000/result/catalog.json::dense_v1_train_x2.95_family4/variant_14,/home/qy/DVGC/JIT/runs/campaign/all_proposers_v1/round_000/proposers/pi_3,84ccda1b51a36b433a41f795b414b9e1c29fe5ac26dd2a5f8e9412f2860fe49f,65b9638672e5d6b29856d74c19ec5553214c70446f15a18165514f62d659bdb0,7db9fc7bae6eb33994e306478a41718027924c1bc151a7718c046bb009b883ec,True,-0.4494432640075684,-67.62844870834259,-29.816623915989553,130.53289269989423,205.90741796481328,3.2885278467784267,1.0905467224121095,1.9852928008562944,1.90349280834198,-0.009655731730163097,-1.4052658081054688,-13.56363127175321,-74.89284666427139,5.937648223805811,3.98946475982666,0.010086221620440483,0.6633559465408325,-17.152657477747606,120.708553503423,15.898599222960481,1,1,1,1,1
eaca3f70c4fd67c294624bb91dbc7e240113fd6a6147598c003057c0eed511d8,pi_3,downstream,/home/qy/DVGC/JIT/runs/campaign/all_proposers_v1/round_000/proposers/pi_3/tasks/acquire/attempt_0000/result/catalog.json::dense_v1_train_x2.95_family4/variant_14,/home/qy/DVGC/JIT/runs/campaign/all_proposers_v1/round_000/proposers/pi_3,a5a5556f3d3f342564bc03e06a10ac87aa769770b5c553c97996f5ffeafdfb2f,8c958b6b7bd716dc33c2ff7410417401be70c6424ad1939d2e5dddc6795c4135,dab0265431699f8f11c77e8171c7e7c4959f1ee6dc94eba9e05171341ec8f52e,True,-0.5457098197937013,-68.48445582645277,-12.250131252846398,131.38244528923877,-68.88471857219386,3.188202990857872,0.9810808658599854,1.7314879412566553,1.7720153331756592,-0.022558992728590965,-2.1764066219329834,-12.79396969758303,14.712444330713614,7.236518831284102,4.025689601898193,0.00966064352542162,0.6267725825309753,-21.27149548124437,90.01290473182033,16.051591755321432,1,1,1,1,1
40e03fe7fd6c069375cd9560bcdbbe4849a4014d34a50b34864504e779f18ad4,pi_3,downstream,/home/qy/DVGC/JIT/runs/campaign/all_proposers_v1/round_000/proposers/pi_3/tasks/acquire/attempt_0000/result/catalog.json::dense_v1_train_x2.95_family4/variant_14,/home/qy/DVGC/JIT/runs/campaign/all_proposers_v1/round_000/proposers/pi_3,80e01991f11d8f179f7475dd130219d61b1b0c6d4d984925eb4644f765db415c,b4909f0d34c29588d705524db7c2ecd52a83c30c181785bab519c96f5691284e,da6dbec0880d91dda804edc790b040c6428787fd40fc12ad76b15b2402693399,True,-0.4692333364486695,-69.60346620874348,15.367649009867304,134.07830729426448,46.91681529562771,2.215079710342955,1.0564078235626222,1.1947091755903831,1.840219259262085,-0.01321436744183302,-2.338796854019165,-14.29999738126687,-46.95891999676625,6.336682816156765,4.09881067276001,0.00894917268306017,0.5437778830528259,-23.634172320820376,22.893602229872574,16.3044542328582,1,1,1,1,1
871b5bc1138a28559e6279175229e0297a6022d2f30ad7e813777e42e13baab9,pi_3,downstream,/home/qy/DVGC/JIT/runs/campaign/all_proposers_v1/round_000/proposers/pi_3/tasks/acquire/attempt_0000/result/catalog.json::dense_v1_train_x2.95_family4/variant_14,/home/qy/DVGC/JIT/runs/campaign/all_proposers_v1/round_000/proposers/pi_3,0539a16bf14eb25c778da7f9937ca1df90145547b3f6c0b4a94f71d1733ebfb9,b36a042646dae9c4bb1f156cea5475dd49d5104d5f36abcd339e74cfbf6f2e62,520fc2ce5d5b34453df809fd32457fbe5a50903e88796109d4d09243b43ee519,True,-0.46269370079040534,-69.85582803819712,19.676135753405934,135.1968737142591,55.712685097445934,1.6021868054502273,1.0639661407470704,0.9090365052539019,1.8464938402175903,-0.012272040359675884,-2.514421224594116,-14.782236911200096,-53.14126913909788,6.262811758962139,4.1353888511657715,0.00860176607966423,0.4958473742008209,-23.056980354819277,-4.48780610312132,16.422614127045502,1,1,1,1,1
b8a612830846e9f4ffc078e2465cf3e01fff8f122669bbb7392a037fce978b67,pi_3,downstream,/home/qy/DVGC/JIT/runs/campaign/all_proposers_v1/round_000/proposers/pi_3/tasks/acquire/attempt_0000/result/catalog.json::dense_v1_train_x2.95_family4/variant_14,/home/qy/DVGC/JIT/runs/campaign/all_proposers_v1/round_000/proposers/pi_3,1bba113dfc79265102e8551b1665aa8bea254e48f210f91686954656ad523e6b,83a9f325772e69f9cccb4835991b15744ba77747a9ac347d166b1adb32617e2a,dcd7c2668267d6e06b86dbf02ca1161ea9c6fcc46fef94a2bfa7b6abd76bf647,True,-0.47812005519866946,-69.87289668093297,31.27388917164138,135.67067027660457,4.064949518492654,0.7007041366136617,1.050035047531128,0.3258098362220029,1.8295469284057617,-0.015081935562193394,-3.0159990787506104,-14.838739651109027,-41.71242971413143,6.354274822137779,4.207978248596191,0.007816337049007416,0.3843981623649597,-21.519904338715854,-25.956740582042777,16.671497831334047,1,1,1,1,1
12f180c7bdb965186ceef738afc2c3089472f76c65840ad05a1ef8643cef9223,pi_3,downstream,/home/qy/DVGC/JIT/runs/campaign/all_proposers_v1/round_000/proposers/pi_3/tasks/acquire/attempt_0000/result/catalog.json::dense_v1_train_x2.95_family4/variant_14,/home/qy/DVGC/JIT/runs/campaign/all_proposers_v1/round_000/proposers/pi_3,b35ce543ce5bc2b8070b8925128da5696d815c7921c12ba4be3f8d389e407035,325113c4a30eb25a5f005b6541a99a7d5b9b1201c9ceb6e1b90f536348abb2a0,43e1975c013ee09300880dfc433809f1e5639932b6d527a77d3a2cb9fd86089a,True,-0.4927197217941285,-69.71698395274909,36.23625041499284,135.31917508153737,-32.38930687442865,0.36164737168883976,1.0374980449676514,0.0334581919744721,1.8173807859420776,-0.01795758120715618,-3.2892744541168213,-14.617564465405675,-31.445453278308346,6.434827938774794,4.244108200073242,0.007388688158243895,0.32154011726379395,-19.981942105567622,-29.45039600288264,16.797053659226858,1,1,1,1,1
e95731823f4c63135d6f5ca533d08ea4d4f894886f1e1597a31630e61847c73e,pi_3,downstream,/home/qy/DVGC/JIT/runs/campaign/all_proposers_v1/round_000/proposers/pi_3/tasks/acquire/attempt_0000/result/catalog.json::dense_v1_train_x2.95_family4/variant_14,/home/qy/DVGC/JIT/runs/campaign/all_proposers_v1/round_000/proposers/pi_3,0c548c3a83756cad9b0129b92dc3ffb67b87d8e9c7f5fac28b2f35e08ce0177d,4548c7b1d818635396a195f867f2364384950d47d921e8bfac11e7513d77e25d,34a69754da559b144b413f5edee04937481a3bbf76a2b057636a219c24d27881,True,1.1547789001464845,-70.75965331068656,-341.52921140771724,136.68215299079174,520.5591519696134,0.06311787326797696,1.2511083412170412,-0.18111667335051831,1.7751398086547852,0.1064269095659256,-0.6248228549957275,8.40824888245719,-7.989455833497859,-54.2290245757466,4.280343532562256,0.007457355502992868,0.2638533115386963,-17.209937151674627,-56.27518191144775,16.692525285191515,1,1,1,1,1
