proposer,phase,x_left_m,x_right_m,count,frontwheel_tangent_mps_min,frontwheel_tangent_mps_max,hip_deg_min,hip_deg_max,hip_rate_degps_min,hip_rate_degps_max,knee_deg_min,knee_deg_max,knee_rate_degps_min,knee_rate_degps_max,pitch_deg_min,pitch_deg_max,rearwheel_tangent_mps_min,rearwheel_tangent_mps_max,roll_deg_min,roll_deg_max,root_vx_mps_min,root_vx_mps_max,root_vy_mps_min,root_vy_mps_max,root_vz_mps_min,root_vz_mps_max,root_wx_degps_min,root_wx_degps_max,root_wy_degps_min,root_wy_degps_max,root_wz_degps_min,root_wz_degps_max,root_x_m_min,root_x_m_max,root_y_m_min,root_y_m_max,root_z_m_min,root_z_m_max,steering_deg_min,steering_deg_max,steering_rate_degps_min,steering_rate_degps_max,yaw_deg_min,yaw_deg_max
pi_0,downstream,3.3000000000000003,3.35,3,-0.12687327265739443,-0.029689758718013767,-28.08683582000151,-16.48300182585746,-19.461771973852375,68.34731245810809,40.348577540663285,56.300334083066325,129.78960419365677,180.0766807125789,12.556939199977814,17.861807785011873,1.3147925758361818,1.516123085021973,-9.331507327144633,-5.7448945271495,1.7350664138793945,1.7737289667129517,0.04077517241239548,0.09782502800226212,-0.13989996910095215,-0.06766895204782486,-20.007340163996314,-12.387388173086036,-103.78790730649698,-45.39221120494872,-4.5125958478270585,31.999227940740052,3.3293251991271973,3.331712007522583,-0.0027168358210474253,0.010177042335271835,0.5075660347938538,0.5139795541763306,31.290694852094195,34.132876584614486,1.9495891330077528,22.00684560011899,-2.704064188782267,5.498957100436019
pi_0,downstream,3.35,3.4000000000000004,3,-0.3037047147750855,-0.0008253576885908843,-29.61403025992322,-27.03384263113357,-60.045149220065895,-35.76239921113403,48.07681022803307,57.1424281058372,217.38870641241624,455.5945453394674,16.081100980586523,17.68437163983121,1.2702747344970704,1.4361597061157227,-6.15887590751417,-3.5304809590781554,1.8157148361206055,2.013551950454712,0.08280983567237854,0.13993288576602936,-0.13301140069961548,-0.03786551579833031,-16.800467310932362,-11.17472479821706,-148.05143999638486,-34.40336573612533,28.902966586189873,41.40516682412924,3.3575427532196045,3.397108316421509,0.0008851556340232491,0.021310100331902504,0.5100735425949097,0.5298030972480774,29.251111573469178,31.931670539659457,9.616108926792354,51.63318044583199,7.396282318661642,10.924305703934701
pi_0,downstream,3.4000000000000004,3.45,11,-0.3206665515899659,0.19731489658355714,-47.38815982006112,-23.767226113399516,-293.3976059870677,-23.447878911208278,54.6564100026818,84.58944766288505,210.83641031897463,665.1189582811527,12.836761730753986,24.96165625638234,-0.6577800750732422,1.678963794708252,-10.680850881348418,-2.186012631020884,1.7702703475952148,2.1424431800842285,0.08032853901386261,0.22502100467681885,-0.2205464392900467,-0.014964412897825241,-24.682351933870752,-14.201701567600278,-229.838433722057,106.17276347785531,-4.564432714759223,38.51697010717057,3.401536464691162,3.4478659629821777,0.0009303647675551474,0.030383244156837463,0.5103403329849243,0.5217965841293335,17.54976809118673,33.25916903127021,-15.109532746037937,138.29357220091617,-2.89321773323181,13.202443254928982
pi_0,downstream,3.45,3.5,7,-0.48421865940094,-0.05073435127735138,-55.9360664342512,-37.00615958352043,-359.87706661285245,-243.5864570495121,75.7934480874726,97.39322465834258,99.7196144104056,498.1313788864194,14.772730408789073,23.132244242918794,-0.8141775131225587,1.4482077789306642,-11.285819773521506,-0.7097579219781801,1.6312928199768066,2.0490782260894775,0.08467281609773636,0.19064961373806,-0.7048616409301758,-0.0072973063215613365,-27.238676589247667,-13.685461355978727,74.62993219255009,200.53114384266445,-0.05984259569136094,36.70657724123991,3.4550845623016357,3.4973320960998535,0.007420104928314686,0.04659426584839821,0.507731020450592,0.535348653793335,12.539365858534342,32.128584893430926,15.827262684401218,46.009687626674555,-3.27155622859975,17.448400417526084
pi_0,downstream,3.5,3.5500000000000003,5,-0.17827973127365113,0.21753987550735476,-59.97535834712671,-54.02865073116052,-257.2326012753073,-59.963132308512385,89.24885245050602,112.08830152554414,448.3610198385871,595.9223664412668,18.557666433738532,22.511988094217905,-0.3597658777236939,1.4986583328247072,-8.016042299561517,-0.6963785280914325,2.0148093700408936,2.1501193046569824,0.1737286001443863,0.27395981550216675,-0.30186229944229126,-0.13838911056518555,-28.768271840662635,-15.154774211552809,-163.51851265490544,19.75688054222653,14.68917387621138,31.258333415806675,3.5281012058258057,3.5381085872650146,0.015454594045877457,0.05153447389602661,0.5064796805381775,0.5218251943588257,7.697235581368972,28.42222713655311,-5.567584732593112,84.88337119343821,7.0414280382174015,18.227660506130537
pi_0,downstream,3.5500000000000003,3.6,12,-0.3897005081176758,0.08966365933418274,-65.59362607156908,-52.57089711698304,-294.2990816744827,-40.198190435517944,102.9184378855327,124.68372360037043,175.53457759376374,611.114510325316,9.047315437391758,21.428918244078943,-0.7681972885131837,2.4247721862792972,-9.864930015361427,-0.74705609880576,1.7077445983886719,2.225992202758789,0.10546599328517914,0.2584645450115204,-0.9896852970123291,-0.09172339737415314,-49.19191032702393,-15.75194960351807,-119.92168839028086,137.81416122307297,6.682520480157075,30.8656521800443,3.5573623180389404,3.598970413208008,0.02931836061179638,0.05616433918476105,0.4616988003253937,0.6182395219802856,3.964445846176855,38.997852990779904,-29.06231489952627,66.93898209276483,5.213320858851416,18.922867106724546
pi_0,downstream,3.6,3.6500000000000004,17,-0.451909408569336,0.41815095901489263,-67.8558052152448,-58.849183096396665,-198.89374259293731,-66.29552363143627,109.54738919202936,131.308733887716,212.96693756639837,616.0489668308135,3.6141681069409834,20.218421465609378,-0.8342959308624268,2.397607879638672,-13.625614451936505,-2.531596851011085,1.8585408926010132,2.1764731407165527,0.08580461144447327,0.24521876871585846,-1.151065468788147,-0.058056432753801346,-56.70987905588946,-20.736700206968834,-201.738612004896,13.77470119257953,-12.498961020725487,25.42957804416473,3.6025402545928955,3.6484060287475586,0.023117490112781525,0.05599203333258629,0.4447070062160492,0.6414206624031067,2.11144754086413,37.91087278060198,-52.607626459244784,126.67309815840667,-5.012037521437639,17.161154704002545
pi_0,downstream,3.6500000000000004,3.7,22,-0.48443475246429446,0.2726269173622132,-69.05156643323895,-61.8101588940564,-158.37073568125024,-35.87211595486653,118.08510516397779,137.8175080157663,58.16996176457391,440.1976050633445,1.4092292123241499,19.710489601189614,-0.8546817111968995,1.931617240905762,-12.470589304924056,-0.9798478318890472,1.749000906944275,2.061145067214966,-0.02088162675499916,0.18998773396015167,-1.7137072086334229,-0.27823606133461,-62.76271073608472,-18.787992595250834,-138.30178208829852,36.84603262861865,-10.264424506394441,29.32250754086332,3.6500802040100098,3.697995185852051,0.008916139602661133,0.06809665262699127,0.43661338090896606,0.6489641666412354,-8.10117894529905,37.02063616946627,-35.98122822685749,97.37706443076632,-4.766263317768681,20.87894655191896
pi_0,downstream,3.7,3.75,24,-0.512221736907959,0.46769024372100837,-71.20784349383362,-64.21931687848164,-109.72300701596873,-0.2578723513708034,116.23982027667212,140.41104012664684,-62.725479374918976,404.3355055808958,-21.910868964926326,19.828044366258315,-0.8893306350708009,2.3719084930419925,-17.56523829253688,-1.3617274560928792,1.7005451917648315,2.015146255493164,-0.055254243314266205,0.15619561076164246,-2.0703608989715576,-0.15553487837314606,-77.76793966330739,-20.913743832897442,-220.02811007376263,42.81205260446305,-16.816893915886244,29.72931360782928,3.7010209560394287,3.7487988471984863,0.008376614190638065,0.07103916257619858,0.35074135661125183,0.6250040531158447,-12.18104815825995,38.49738112463098,-11.167283307116332,78.55758466344173,-3.338345426674246,21.51873803058977
pi_0,downstream,3.75,3.8000000000000003,15,-0.5186445474624635,0.20757304191589357,-71.59840054076412,-64.96710647938214,-91.47431249720375,28.120187633718682,110.24571456296063,141.2215923358306,-545.1308394710043,184.60125756598381,-21.904886555891427,20.903309051185943,-0.8644602394104005,2.338802528381348,-19.169167219345283,-7.7330905199605455,1.6789637804031372,2.281468152999878,-0.2090999335050583,0.07834962010383606,-2.431989908218384,-1.5782958269119263,-82.74202492636918,-32.909326741982156,-33.693756892685194,123.0764708056397,-15.051097062593893,22.88851032384633,3.7510242462158203,3.7986669540405273,0.025027435272932053,0.06518541276454926,0.3289180397987366,0.5772568583488464,-9.221457181454433,38.48945810519376,-8.425123718575353,80.41267770239554,-6.061002460446582,19.21573460506179
pi_0,downstream,3.8000000000000003,3.85,17,-0.3968332147598267,3.876469230651856,-72.00180517352342,-58.529393639456664,-49.231433216656214,480.2836028115558,96.92274756793375,144.7973739512507,-1131.3249947981785,283.82911201652684,-17.657677954478,18.683134030400232,-1.0808958339691164,1.974072551727295,-15.477967864089349,-6.193548739997388,1.6781795024871826,2.559296131134033,-0.371340274810791,0.40431109070777893,-3.085808277130127,-1.1800894737243652,-70.700012098854,-24.1699272366743,-506.9751078237519,373.0723090704001,-14.929560676502687,28.232026858735765,3.8003735542297363,3.8462467193603516,0.002176544861868024,0.06257301568984985,0.30611711740493774,0.5566753149032593,-7.648879549592574,35.725140529211615,-70.67119553074572,23.319580637838758,-6.174484372487466,20.203901374427087
pi_0,downstream,3.85,3.9000000000000004,12,-0.523235239982605,3.09196102142334,-72.09469574623559,-65.36374922486313,-15.775862095802287,183.9404094430284,79.35158732426655,145.03905336484243,-575.491194256251,407.71098506871607,-12.552679713383158,15.584954834773153,-0.8364235496520996,2.2883984375,-24.80606009472935,-10.57140336556047,1.7511600255966187,2.3032941818237305,-0.16812163591384888,0.8689635396003723,-2.9382309913635254,-0.5103912353515625,-206.79688617966735,-15.532526361336828,-387.1203416269588,172.95476050273655,-148.3886191149517,68.26323282942523,3.8505377769470215,3.8925137519836426,-0.000840731430798769,0.06759048253297806,0.2924794554710388,0.48046085238456726,14.715943095115952,52.31570075902385,-8.57488073876976,2674.2382818115925,-4.024127259055432,19.6229818314198
pi_0,downstream,3.9000000000000004,3.95,2,0.5398399591445924,1.0552387046813967,-70.07384767650392,-66.85749793596658,132.80250991957612,196.95866803880264,75.17936626976426,131.4942964670869,180.54908391633367,200.2441256333622,-14.693849440842298,4.5889436972956865,-0.29973069190979007,2.6818421554565433,-21.32187438327376,-13.445991510902827,1.9522989988327026,1.9824748039245605,0.0720301941037178,0.27101603150367737,-1.820333480834961,-1.5682387351989746,-83.70155039154008,-13.79167677398795,-314.4328947437928,-266.368689629873,-56.69448722459484,-24.285318160059788,3.9252991676330566,3.9261157512664795,0.013291142880916595,0.022557444870471954,0.2765040993690491,0.42652928829193115,14.790735374074885,46.98328669663027,-3.90788376899951,1767.881795857252,-3.9385700838023934,7.083529541087702
pi_0,downstream,3.95,4.0,4,-0.5181811857223512,1.5191036605834962,-71.93719841416427,-67.54447153249728,31.409628936111627,127.91057817185126,121.57667054693162,146.40798719905305,-268.4876055557078,187.9853021110233,-1.1395350324432738,15.008977876494,1.3212909889221192,1.9094590568542482,-19.527836466377067,-13.775405411497402,1.6569329500198364,1.9018782377243042,-0.2329808473587036,0.6905455589294434,-3.2933852672576904,-0.32654738426208496,-59.88429826511209,-38.439112780821596,-281.1826049584436,34.94052937849557,-1.9597750794943574,32.52988924302044,3.9522626399993896,3.997532367706299,-0.011738752014935017,0.06783943623304367,0.2958556115627289,0.3609471321105957,29.269174008729276,61.10903997575459,-10.380265368491504,1385.0501300101444,14.995534612909644,21.98812165074135
pi_0,downstream,4.0,4.05,3,-0.3732316064834595,0.9038072681427003,-68.64187119625406,-66.89406676878282,-476.5172725786707,73.40726685941529,55.09212484530985,143.5249643503907,-511.97464237166116,-168.9960648220672,-13.107649778926506,7.572221207121399,-0.6717177104949952,1.540626316070557,-14.806100955002165,-13.686905322655816,0.6577430963516235,1.8640822172164917,0.04933730885386467,0.3618067502975464,-2.3751370906829834,-0.39056867361068726,-117.89336809359719,-11.194748351542598,-57.40001503000589,480.3638711946818,-19.47235535197131,107.01164048152711,4.003365993499756,4.0421905517578125,0.013208878226578236,0.08874648809432983,0.2832425832748413,0.33379778265953064,16.854270418571843,17.614552435464304,-430.1826352871382,53.18090472685146,-5.898946594218699,25.659182394559796
pi_0,upstream,2.75,2.8000000000000003,31,1.1891555213928224,2.2063547706604005,-67.44547477066712,-57.874480950889996,45.17691339702617,325.43772285527405,135.92842795550249,142.97708755630728,-384.29127727273953,-129.82726585674024,-0.45886673070019973,2.9461720897259016,0.5436774635314942,1.0419424724578858,-3.0082054440034467,-1.4530531900149288,1.1993077993392944,1.8868257999420166,0.034864358603954315,0.4641261398792267,-0.42213234305381775,0.08876870572566986,-3.9431330946454763,84.60530736213782,-149.63493739318227,31.478258676891915,-54.481758650509995,46.2314809444978,2.7542977333068848,2.7898061275482178,-0.009559973143041134,-0.0013405191712081432,0.11727190762758255,0.12696771323680878,3.3912290502727047,27.160650215716736,-95.68858702642582,294.2171740459559,-6.561951532026536,-5.385719598778456
pi_0,upstream,2.8000000000000003,2.85,24,-0.9029007720947266,2.4531146240234376,-60.907242036726565,-38.214829859045885,-304.0562801114127,579.1705351998668,78.88415649822755,129.10900316362168,-1056.9970184386457,-520.7473919831389,-0.6487195450486241,14.699117397889133,-0.6492720031738282,1.5034597778320313,-3.89621352405833,-0.21790293956828288,0.3160041570663452,2.084649085998535,0.019070060923695564,0.31702134013175964,-0.39500856399536133,1.5079312324523926,-21.98403618338573,52.27683015245731,-139.77781328869497,651.0068039086658,-7.376392567749501,83.75955235797183,2.8278136253356934,2.8438215255737305,-0.0033291741274297237,0.008040355518460274,0.11860840767621994,0.15822166204452515,1.7128339656424834,19.233390938574658,-132.88131664221973,131.26063569558076,-5.769963748075153,-1.9360218835956637
pi_0,upstream,2.85,2.9000000000000004,23,-1.03491587638855,1.3285615158081057,-50.2690414044187,-35.942029771210784,-490.8402339097008,336.7655915937402,34.42027045432111,108.33298838779027,-1106.1654192545464,479.6277407266945,-2.081236562466633,36.468150562461666,-1.0819284343719484,2.330169486999512,-5.464567815284036,-0.5156939329128183,1.0339871644973755,1.8920525312423706,-0.04762639105319977,0.11308945715427399,0.8875830769538879,3.117466449737549,-36.86902304536491,-12.569717511658586,-126.4393554246305,751.447577012398,-27.507576014229194,55.75058581715034,2.876054525375366,2.899841070175171,-0.0011672485852614045,0.006685492116957903,0.12964339554309845,0.24837373197078705,-9.017266114895962,17.094761379247995,-203.99675450677225,216.04421099505592,-6.797343258910881,2.018370868817943
pi_0,upstream,2.9000000000000004,2.95,23,-0.3199490118026734,0.44925267219543463,-56.49199602136605,-43.365492587625425,-361.1840916124261,-32.99105337049595,33.01558057980546,81.5229522727378,-1349.9754147352146,1087.353220468877,7.014390573826798,39.06455420770561,-0.9845713329315187,2.664784622192383,-5.990916912540084,-0.7399049409511779,0.5858640074729919,2.3655452728271484,-0.013910993002355099,0.14455758035182953,-0.5296935439109802,3.532247304916382,-33.056599280865974,-9.391092613454516,-299.50980567152874,586.0074452760228,-32.166745160323785,59.240771501891835,2.9003121852874756,2.945603132247925,-0.0006209667189978063,0.006902826949954033,0.13968050479888916,0.314039945602417,-2.1702418092395996,34.501624837525135,-192.89712336961125,243.45354156826366,-7.216893773253142,2.6291678859499124
pi_0,upstream,2.95,3.0,16,-0.13730377674102784,0.846804428100586,-60.64640394251295,-57.15653586156786,-218.9175759562319,-121.17549255584176,68.00639039587608,99.63928455557708,300.55061721801195,1266.4324749965806,20.857533753316595,31.42506963814411,-0.6036550045013428,2.792432136535645,-4.832115299755955,-1.0098342368653908,1.73507821559906,2.462613821029663,0.014242204837501049,0.13706961274147034,2.5352678298950195,3.5481019020080566,-28.01280169204045,-17.844574423690116,-427.5227683790385,20.90370345481752,-14.010204407614276,32.9941372009062,2.956319808959961,2.9990007877349854,0.000931091548409313,0.0096510648727417,0.27681562304496765,0.38287946581840515,24.504886543760893,37.33551813548762,-126.63106517425442,235.98934691873364,-5.431505315795158,3.044152923527338
pi_0,upstream,3.0,3.0500000000000003,25,-0.5639424133300782,0.6547093105316163,-64.31668805528933,-55.04657772882961,-223.00697413685862,267.0815701339256,63.89954791210915,103.54499845885465,-798.3361153248619,1325.3270651905796,20.116643453558282,30.684393082890807,-0.82984676361084,2.249388999938965,-8.251192864442897,-1.3529464768170463,1.0099260807037354,2.5114047527313232,-0.07075996696949005,0.10148479044437408,0.47793737053871155,3.587242364883423,-31.518082094847674,-17.896941484056605,-453.27995815429017,324.8174050748535,-20.119459426769364,40.15282431905072,3.0040042400360107,3.0482513904571533,0.000620722770690918,0.013067791238427162,0.3311471939086914,0.47254830598831177,30.415395864673307,39.40577579367516,-137.91176462631245,216.24003251856018,-8.615393147796274,3.4740221653041607
pi_0,upstream,3.0500000000000003,3.1,29,-0.72694974899292,0.6092301654815674,-64.50620531418969,-29.377145639128837,-195.1718495707923,685.0856229610943,33.68240853337922,110.59610326738229,-967.2765277655718,418.3541683240235,14.352056031667015,32.52056117365311,-1.1085968017578125,2.382194709777832,-9.333553210668553,-2.223357756134543,1.0094616413116455,2.1247799396514893,-0.11226023733615875,0.03326069936156273,-0.1679202914237976,2.722933053970337,-31.710946146441326,-13.896569696619128,-389.4135093388989,340.5731761692122,-22.12503519351689,48.17065019703987,3.0524024963378906,3.097449541091919,-0.00309750041924417,0.0139668183401227,0.3569190800189972,0.5036514401435852,25.606725830478183,38.62791286985909,-36.10233772612557,132.9478290243573,-8.893190182824869,4.1767826024906665
pi_0,upstream,3.1,3.1500000000000004,20,-0.37882078647613526,0.236074812412262,-62.33763391308897,-25.88962372816365,-156.93662818197933,560.2211862156636,32.35102707922532,88.84189611937832,-953.1763945260243,-120.0517351920779,14.523549581364787,26.112701205476434,-0.96360089302063,2.40286060333252,-7.447606791506,-2.5048154421951665,0.9973340630531311,1.8518108129501343,-0.08892800658941269,0.02468969114124775,-0.0860157459974289,1.6322259902954102,-28.597622979344454,-13.387238221343045,-422.275024756691,276.9170152179873,-2.8251568456837997,70.93318792692907,3.1005516052246094,3.1472811698913574,-0.0053675794042646885,0.014592485502362251,0.437667578458786,0.5263266563415527,24.087930815688296,35.39149261844566,8.746888807732777,77.65472927781443,-4.190281175434004,5.02419448168096
pi_0,upstream,3.1500000000000004,3.2,29,-0.5136123895645142,0.778537712097168,-53.59447268109573,-17.44293539483127,-116.4580311602757,571.9068749043684,20.058011629901344,60.92193377363126,-815.2515978987753,251.45491693563682,13.580148523711383,24.067740863398623,-1.0282782077789308,2.657389259338379,-11.23576170440629,-2.3254234066764745,1.2178505659103394,2.1418604850769043,-0.07013542950153351,0.08348146826028824,-0.010378926992416382,0.8788323998451233,-26.949894483592235,-12.485305765027338,-529.9108284151414,121.0188899785517,-40.690933942621,72.68882658137832,3.1501142978668213,3.197321891784668,-0.005650608334690332,0.016814762726426125,0.3738775849342346,0.5501349568367004,24.15432708460999,34.94389666175638,-52.41943084194884,39.912575830090105,-10.431378856480373,8.041437172255403
pi_0,upstream,3.2,3.25,15,-0.39014754772186283,0.10890350222587586,-36.3163890245246,-15.974671827068432,-96.55095988084246,294.435767420153,29.09434848673363,47.4989523185879,-635.8964037286033,227.01794808543525,13.852932182840092,22.977736939356564,-0.9605774593353272,2.5243691253662113,-11.690238892232106,-2.008297230947196,1.5000284910202026,1.8180227279663086,-0.10223245620727539,0.11953846365213394,0.20088690519332886,0.3984217643737793,-23.771889425055345,-11.851177342105014,-185.671275001358,88.82517581629013,-34.20081989138319,68.96809469139221,3.200958013534546,3.243985652923584,-0.005171633325517178,0.019012024626135826,0.4708469808101654,0.5588089823722839,25.026248543486307,35.29241389434546,-52.98936914705138,43.371339229554955,-10.555140281593678,9.556307341623175
pi_0,upstream,3.25,3.3000000000000003,28,-0.367497296333313,0.7249450302124024,-44.159686493747,-16.026519793058,-265.59881802738585,204.9558633304038,10.82231008893285,52.49156446977334,-592.5420785002708,519.8858046004768,8.455587826143658,25.594359650080605,-0.8905920791625977,2.4337723922729495,-12.870795529294341,-1.4253529876275999,1.6411782503128052,1.960150957107544,-0.05982523411512375,0.17502504587173462,-0.15482163429260254,0.8312342166900635,-24.837530416718856,-11.854886988597977,-199.39573417617657,110.52221428094109,-31.83871508015017,59.102446510820734,3.2505271434783936,3.2988853454589844,-0.005907975137233734,0.024904707446694374,0.40665221214294434,0.5745459198951721,22.8166328281157,36.72479677085092,-71.92859237581006,102.43505856778172,-11.993839285572614,12.390767664627424
pi_0,upstream,3.3000000000000003,3.35,22,-0.45524065971374517,0.49067675113677983,-38.91117789021244,-22.519555457713288,-287.56568994538736,172.86406925093712,14.027027163540017,58.23526520322841,-118.72066792662581,496.3809380059285,5.9613385848326805,25.549225677110716,-1.025785026550293,2.452943725585938,-13.377241650157591,-1.1861802530913812,1.651218056678772,1.9585356712341309,-0.02105681784451008,0.16914863884449005,-0.12132039666175842,0.5400568246841431,-29.874834203190986,-10.278163431909922,-152.66038334641775,118.88422363649094,-30.40955946802753,56.073103934663756,3.3013880252838135,3.3492252826690674,-0.006354347802698612,0.028394000604748726,0.4183756113052368,0.5814093351364136,21.622017374354837,36.67760357878072,-133.54142710474477,44.123619679834746,-12.275371253179307,13.64037665401939
pi_0,upstream,3.35,3.4000000000000004,7,-0.43226399898529055,0.6311713218688966,-43.21746189774374,-25.219409708308852,-296.8228638935591,-47.65149434841637,28.190519799149598,66.51392576033659,251.381123571844,638.1592727213852,15.48479546721906,23.939423496657337,-0.9316952228546144,2.324358406066895,-8.145969876945177,-0.9950335164013446,1.8232816457748413,2.0633881092071533,0.10952600836753845,0.23704996705055237,0.05268188193440437,0.3997911810874939,-29.437982134066143,-12.855327848218193,-94.83288726682828,65.13579849150312,16.784561507902694,45.43335626450888,3.350059747695923,3.387425661087036,0.0019705865997821093,0.03283754363656044,0.44400903582572937,0.5791430473327637,21.416131567108557,36.57086821262093,-28.93252081472852,23.65748546400492,2.0533017966710134,14.752964865324207
pi_0,upstream,3.4000000000000004,3.45,16,-0.524754433631897,0.23618205785751345,-44.61803999837905,-30.72519616995216,-345.48708746568616,-118.84000499180428,20.941947391527716,69.59177975507359,25.68358424166104,697.794473987467,6.97227961689218,22.712894868779433,-0.9524176597595215,1.7356068801879885,-9.432684672255476,-2.9571147914358513,1.803719401359558,2.138671636581421,0.024454526603221893,0.23255807161331177,-0.007548334077000618,0.5079600811004639,-26.784180433949388,-13.2972795073321,-140.9271565410897,144.41241082925043,-6.548240241735094,43.93747653438439,3.4022653102874756,3.4479176998138428,-0.006082130596041679,0.028184659779071808,0.46881911158561707,0.6053144335746765,21.56294477577069,36.4258086550282,-17.97404407450229,49.63787045340699,-6.5756611334990485,13.893352369760354
pi_0,upstream,3.45,3.5,12,-0.531583194732666,0.7285056591033936,-60.913300414520364,-44.507817820647965,-362.71634893007007,-141.84760649401895,31.315997287874506,96.10752350935772,327.79252619428433,941.8051677467068,8.359393414049238,23.403777430207683,-0.9090403652191162,2.5292829895019535,-9.833255221987494,-0.7557302099697382,1.8767273426055908,2.2943108081817627,0.1046992614865303,0.3078095614910126,0.052971769124269485,0.9257047772407532,-32.67672464979737,-13.397655113600962,-194.92637257202205,97.02971516052533,-10.719464515505384,35.31016555599832,3.452739953994751,3.4986932277679443,-0.0026577713433653116,0.04200711101293564,0.465728759765625,0.618249773979187,20.801062787065156,36.25689807685379,-7.630829067163523,22.82809217799569,-6.781908988977097,16.64321107913446
pi_0,upstream,3.5,3.5500000000000003,9,-0.40246027946472174,0.773180913925171,-64.07053486779125,-51.45364550840362,-288.8767857377063,-107.49835293159305,73.66149333051233,110.41801974515255,593.5477555536635,898.3734701354565,11.901562733770927,21.460457719892602,-0.732955026626587,2.512903709411621,-10.11115894566961,-3.209237834257795,2.0072999000549316,2.309252977371216,0.18269070982933044,0.3456048369407654,-0.002808096818625927,0.8601771593093872,-33.25136895523806,-20.9948847726899,-241.20176480269384,-26.55101826625266,1.4585719562174135,25.092313548233257,3.5100297927856445,3.5422871112823486,0.0009343725396320224,0.04131621867418289,0.4810131788253784,0.6320357918739319,20.23380362366455,36.01487373870897,-5.422581097174211,15.079479913689882,4.113851778672204,15.262204112798303
pi_0,upstream,3.5500000000000003,3.6,9,-0.4214856147766114,0.5208086824417115,-62.52852404001249,-57.053003854128804,-217.53540521540978,-147.6034752094804,60.86924569437378,115.1119784597846,564.1666859708565,889.3822637535651,-2.4336446365182103,18.93841251775179,-0.7678629016876222,2.4603970336914065,-10.462909899092907,-4.291105260270044,1.8643659353256226,2.2673697471618652,0.18138696253299713,0.3161590099334717,0.00936970580369234,0.7083402276039124,-41.035564797572334,-17.175572762413,-290.33683429544493,-91.53614619975988,-16.348066316161983,23.146472908419373,3.5533711910247803,3.5976216793060303,0.010267436504364014,0.045655421912670135,0.4983510673046112,0.6411313414573669,17.854553330067503,37.90651170481693,-32.11386242067496,46.330675781813895,-6.002293456330755,15.963430537868259
pi_0,upstream,3.6,3.6500000000000004,3,-0.03596204221248627,0.48983961582183844,-64.83245613008451,-64.56348328056941,-156.3334131952405,-110.74289086283503,94.43324606830166,115.9741532387153,547.7131973924027,671.8651634451309,-8.234050983945822,7.4871567855948635,-0.3106502676010132,2.1376539993286134,-10.959776504982347,-7.065167305471642,1.803001046180725,2.0753870010375977,0.11105465888977051,0.2228209376335144,0.06345107406377792,0.49320727586746216,-47.05826851333867,-27.114136627468948,-257.40305547623416,-169.65408524670625,-16.264271847876973,7.4496096343310985,3.606609344482422,3.634446859359741,0.00724836066365242,0.02570175752043724,0.5022062063217163,0.6494115591049194,23.1078823396088,37.93614448053103,-21.588979749339487,30.584856273075907,-5.527389274286441,13.260840935168815
pi_1,downstream,3.6,3.6500000000000004,2,-0.5344957447052002,-0.4675902748107911,-62.198468808749965,-49.64562271811496,-309.098079869906,-195.44408725073066,117.75235200799311,121.22827625774761,463.0283046660559,504.0104778748862,11.80207484024457,14.106305892543762,-0.926485357284546,1.0819460582733156,-6.241694706301525,-4.173933854996198,2.013185739517212,2.354681968688965,0.22624361515045166,0.2476969063282013,-0.2551007568836212,-0.10072477906942368,-23.862580676854773,-17.004478231251472,-33.06323480964464,55.256991951495614,5.630842956478008,15.420279032516838,3.626556158065796,3.628164768218994,0.05064977705478668,0.05754118412733078,0.5651803016662598,0.6292998194694519,27.657717232564412,34.78609197117241,-10.546667559693232,11.584187808770155,3.9025876044719165,6.512894406193117
pi_1,downstream,3.6500000000000004,3.7,2,-0.464884672164917,-0.10031870126724245,-64.84994824454891,-64.4134308546934,-115.71608137111555,-112.25461663183395,124.79519228762503,130.0528123635124,293.1839849905864,392.7842350150569,-4.196063854832983,3.0376246928432633,0.6901776790618898,0.8963639068603516,-5.822482953137788,-0.3537631823395212,1.9153075218200684,2.0578975677490234,0.12722797691822052,0.1754729151725769,-0.2864374816417694,-0.17493224143981934,-23.53346288905583,-7.1221682310865715,-130.65798078435387,-57.58208738271092,4.508194644680631,8.428712982984194,3.6913986206054688,3.6943118572235107,0.054785437881946564,0.055965274572372437,0.6892273426055908,0.7375033497810364,33.07683030118755,38.500055143691036,-17.18609125373482,-16.633815817825926,5.662802524477417,7.904775284907272
pi_1,downstream,3.7,3.75,19,-0.5491417407989503,1.295636329650879,-70.14777081389097,-59.9196923053911,-192.86421551819012,-35.336079293709346,82.56663249867242,137.63844777648524,58.15115825378887,543.0910717772716,-22.613552368003763,16.852171722823957,-0.9846411609649659,1.84966609954834,-8.367571547526783,-0.5144378973344139,1.7853004932403564,2.2350409030914307,0.10621236264705658,0.24160896241664886,-1.4845377206802368,-0.05974258482456207,-33.32792171545556,-3.7987787540845495,-196.8540022199614,34.978645249158824,-13.72903540156247,15.145512475038272,3.7053425312042236,3.748676300048828,0.01758354902267456,0.0780688151717186,0.5327147245407104,0.7280536890029907,21.515533017647048,39.21600240268094,-17.198791990496456,73.33189572192418,-6.788749150592959,8.02314077250988
pi_1,downstream,3.75,3.8000000000000003,24,-0.5444877624511719,0.9611605834960938,-70.61831620619148,-62.9676847130768,-148.51328372768276,-5.676014412553887,76.36333175106178,139.82938121692857,-718.3474967472757,423.3920612143115,-23.22186247393594,18.919685702723392,-0.990647840499878,2.189633293151856,-9.559826191959086,-4.368412213604716,1.750664234161377,2.529008388519287,-0.008509614504873753,0.2456737458705902,-1.7919515371322632,-0.06313902884721756,-35.027522082859434,0.6094841932624186,-225.91571947793528,182.92327133220843,-24.757962127982793,15.042236599693094,3.7508106231689453,3.799128770828247,0.01844339817762375,0.08201031386852264,0.49131035804748535,0.7123810648918152,16.81909665189357,41.036736175014994,-8.670476920166905,82.68433714863924,-19.194437149584346,7.398437186320101
pi_1,downstream,3.8000000000000003,3.85,33,-0.5353304433822632,0.9581153869628907,-71.43875169910424,-65.6352560745603,-104.82740062647039,25.028898656884273,61.7321034922215,142.0135254493369,-1015.4713260964223,384.431705962075,-24.26263452712181,19.752511825930043,-0.9952223110198976,2.026211662292481,-10.031762131342058,-0.8895772477634586,1.716083288192749,2.4455320835113525,-0.06193408742547035,0.21072956919670105,-2.6342482566833496,-0.25356754660606384,-36.818165456805,2.2397569132910506,-226.96364808153365,298.22775184356067,-23.60160939395234,15.090088905018204,3.8007354736328125,3.8497302532196045,0.018611779436469078,0.09004243463277817,0.45527347922325134,0.7004790902137756,9.505009069752926,40.06741280347971,-6.227344294149555,69.89878309788732,-17.68433183561711,8.3762834008916
pi_1,downstream,3.85,3.9000000000000004,35,-0.5297679996490479,1.1695220947265625,-71.51229234589778,-67.90643057737294,-91.10378839510891,21.127006244447333,43.4857619736256,142.50359152228532,-1129.063710409284,260.07565385694676,-24.81267442538568,10.31975113465175,-1.1305381584167482,1.8225001907348635,-10.638233559547078,-1.2670820041858535,1.7093771696090698,2.367987632751465,-0.12236514687538147,0.1809740513563156,-3.18585205078125,-0.6979096531867981,-37.203282258061584,4.768111517129943,-145.60195657509985,403.1497847409816,-23.626203197606266,7.262208880299813,3.8501386642456055,3.899686574935913,0.020204540342092514,0.09205017238855362,0.40748515725135803,0.687465250492096,6.175327707864853,39.40913283165222,-41.09524016035074,63.12921185675843,-19.513804136263328,8.489805620594888
pi_1,downstream,3.9000000000000004,3.95,31,-0.48720891475677497,1.2673304748535157,-71.89157958069775,-65.46164632623692,-71.2142023999509,120.83835441840992,39.910301377096495,142.55059688415335,-922.4640391117117,109.39187261481734,-24.16406423320543,19.89080412604198,-1.0975869369506837,1.5909218597412111,-11.016603730338058,-3.547008196247308,1.8094056844711304,2.484757423400879,-0.236382395029068,0.15869934856891632,-3.165024518966675,-1.227162480354309,-33.020686146210046,8.435212761753109,-99.2912044550949,274.3970852256028,-23.88993899957526,15.587712582283238,3.9000930786132812,3.9464712142944336,0.024075713008642197,0.0901278480887413,0.35342860221862793,0.6409057974815369,18.036169767645436,39.57458733410661,0.9145882632392123,59.27007984362036,-19.83763946620688,8.296154646928235
pi_1,downstream,3.95,4.0,28,-0.4617652750015259,1.0938626194000245,-72.97456071511664,-70.79679587939309,-691.3222413714763,47.87402191157539,32.570344453474426,141.65761795206586,-1282.5409024181654,66.33418250213853,-18.94549687953541,-1.042413714936297,-1.0906891822814941,1.7868473052978517,-11.5497595373051,-1.6087010688029222,1.2654163837432861,2.7002322673797607,-0.3757026195526123,0.18890956044197083,-3.351527690887451,-1.4926859140396118,-99.9144045753452,10.97042444863187,-95.93957598785627,533.1716153664188,-26.339109939705725,56.599564670604586,3.9511055946350098,3.9983315467834473,0.026262745261192322,0.0987875685095787,0.2705206573009491,0.6115307807922363,16.74078682551208,38.45441581965701,-2.1535513882290274,75.1280852094758,-20.480489256205775,8.816867849134242
pi_1,downstream,4.0,4.05,17,-0.48845817565917976,0.08260234117507935,-72.18087907318281,-70.77725470817768,7.496122368805239,31.71086759926587,75.34837930077623,143.0573969205683,-744.6119783325627,4.245243887579365,-12.40095936279801,-1.6008734354834624,0.6243028736114502,1.6474259567260743,-11.267475553100063,-1.938424453052607,1.9099754095077515,2.2496917247772217,-0.049130190163850784,0.12041060626506805,-3.0382049083709717,-2.452768087387085,-32.87277156954425,6.145467401474027,-69.01514786458443,230.46771271066862,-21.41253888760513,5.124009622890858,4.002716064453125,4.048599720001221,0.028663016855716705,0.09503889083862305,0.31196361780166626,0.563102662563324,13.108049970150544,37.174076369170606,16.357357080980492,83.06402053441109,-18.621504245163642,8.92784420842697
pi_1,downstream,4.05,4.1000000000000005,33,-0.6392038822174073,1.23824369430542,-73.7134300889611,-70.46494430837885,-734.7323009434359,40.87874706932343,20.09506882124325,143.10847307518165,-494.85758725496225,63.73732408913218,-13.12437759244278,-1.2400482666292483,-0.7695683479309082,1.8445307350158693,-12.585298437827289,-2.4022084431993664,1.2649741172790527,2.1854634284973145,-0.012356854043900967,0.2143840342760086,-3.3189432621002197,-1.5479931831359863,-91.59159367544204,14.06828492122148,-99.8282144182088,536.2654724943811,-29.348335901209722,84.36219360882039,4.050549030303955,4.099969387054443,0.02869497984647751,0.09243058413267136,0.2712796926498413,0.5168234705924988,12.559660058105743,36.531065285232685,2.3831067891571625,84.95240391537953,-22.36584347840409,7.975863977349478
pi_1,downstream,4.1000000000000005,4.15,17,-0.6244335842132569,1.1406381225585938,-76.25604313957922,-70.86342437474656,-635.2954017231556,35.52530285447538,13.677110595944741,134.04022215945247,-233.50881345748178,102.33325459820269,-13.206313773464096,-6.072202488768461,-0.43588918209075933,1.9972373008728028,-12.455608196985454,-2.0651690455651552,1.4935675859451294,2.1404895782470703,0.01325276680290699,0.22140955924987793,-3.3636746406555176,-0.849676787853241,-144.92019441290586,16.461201569574072,-116.88549171929176,394.9647319264484,-29.71831017307639,137.3337666979893,4.100826740264893,4.147127151489258,0.029843885451555252,0.09494449198246002,0.27677077054977417,0.4619141221046448,7.338950324493137,35.046663688008394,0.28755197791374176,94.54046637789253,-22.895150842589608,3.444154915601586
pi_1,downstream,4.15,4.2,3,-1.1469749832153322,0.03311520427465439,-74.3314597560097,-71.66693465889603,-759.0894658633752,31.74337929971513,105.03848762276964,143.6311464712277,-168.29683103597634,104.26979081281972,-11.359795037328658,-2.546805770017765,-0.22997645854949952,0.8727281856536866,-13.443189505998152,-10.950458179822151,1.228259563446045,2.119795322418213,0.03878328204154968,0.10387352854013443,-3.1274936199188232,-1.7651050090789795,-86.37885477259084,-12.928483443097262,-18.822864126058334,521.616410611618,-15.165255136834194,38.79897495762206,4.1584367752075195,4.189216613769531,0.06456321477890015,0.08001469075679779,0.26967379450798035,0.342269629240036,27.713069085598196,32.18515935032614,32.41476298946529,57.71789886416745,-7.038761179994832,8.176106462604206
pi_1,downstream,4.2,4.25,1,-0.7160939598083497,-0.7160939598083497,-74.48948301264713,-74.48948301264713,-746.9499247647013,-746.9499247647013,123.84268142673173,123.84268142673173,40.877551786218675,40.877551786218675,-9.73307768657291,-9.73307768657291,0.02840217083692551,0.02840217083692551,-11.457367846131685,-11.457367846131685,1.4973045587539673,1.4973045587539673,0.04282791167497635,0.04282791167497635,-1.5966461896896362,-1.5966461896896362,-98.77344879525124,-98.77344879525124,471.3116848838805,471.3116848838805,72.71741092305483,72.71741092305483,4.225854873657227,4.225854873657227,0.07136580348014832,0.07136580348014832,0.283475786447525,0.283475786447525,28.973727345991204,28.973727345991204,59.0448748463067,59.0448748463067,-7.361322213864468,-7.361322213864468
pi_1,downstream,4.45,4.5,1,1.2887841033935548,1.2887841033935548,-70.30233116461919,-70.30233116461919,-3.6709649972592775,-3.6709649972592775,69.03684054538839,69.03684054538839,-129.80689823263526,-129.80689823263526,2.4990206417991994,2.4990206417991994,1.5989867973327638,1.5989867973327638,-19.40923864345278,-19.40923864345278,1.5782785415649414,1.5782785415649414,0.8112720251083374,0.8112720251083374,-0.08747728168964386,-0.08747728168964386,-50.00846968758271,-50.00846968758271,-11.526644318786444,-11.526644318786444,10.852946048681297,10.852946048681297,4.4960527420043945,4.4960527420043945,0.39398491382598877,0.39398491382598877,0.6834683418273926,0.6834683418273926,39.352558374757,39.352558374757,-22.64083058906874,-22.64083058906874,17.66345702022901,17.66345702022901
pi_1,downstream,4.55,4.6000000000000005,1,1.2289286613464356,1.2289286613464356,-70.6439157552007,-70.6439157552007,8.979051206489741,8.979051206489741,53.92428885573731,53.92428885573731,-270.10034982253114,-270.10034982253114,5.509177249647597,5.509177249647597,1.5260464096069337,1.5260464096069337,-22.609444944893504,-22.609444944893504,1.551099181175232,1.551099181175232,0.7868802547454834,0.7868802547454834,-0.7022601962089539,-0.7022601962089539,-56.10493261619602,-56.10493261619602,48.17029161210845,48.17029161210845,13.379507300976238,13.379507300976238,4.589920997619629,4.589920997619629,0.4410723149776459,0.4410723149776459,0.6573185920715332,0.6573185920715332,39.440479984848,39.440479984848,-6.280700451285226,-6.280700451285226,17.33070050150473,17.33070050150473
pi_1,upstream,2.7,2.75,19,1.8392993736267091,1.930121078491211,-72.49375637868276,-72.23536349219201,-34.114988319178224,38.15492568493029,143.02715284292347,143.0706748083148,-149.0613790878196,-135.20927733779186,0.05893129230657205,0.1648900377768958,-0.16913766622543336,0.12031069755554201,-1.907044226186033,-1.5142584898720193,1.8408244848251343,1.911178469657898,-0.1924247443675995,-0.029662515968084335,-0.02838805876672268,0.0923401340842247,-45.16944458516876,-9.543307647976482,-17.19262091458135,22.518599231229487,-99.97644318357642,-7.173628156953917,2.73907208442688,2.7404909133911133,-0.008039859123528004,-0.006295459810644388,0.11847236007452011,0.11887061595916748,-14.84366080240602,1.9618158119523101,-102.67110990549736,174.06549952594239,-3.2132765271805184,-2.3564078007759237
pi_1,upstream,2.75,2.8000000000000003,18,0.5801641464233399,1.9419445800781252,-71.90987082729505,-55.73052555155801,3.603483582033198,650.2570130623385,128.98007651284854,138.64726671689613,-585.7406854077989,-287.6110697222329,-0.045387921789583285,0.2392499790247844,-0.5476551914215089,1.1784787750244141,-2.6518192981201802,-1.3763347476883607,0.487316370010376,1.9715099334716797,-0.07672864943742752,0.1448851078748703,-0.1122095137834549,0.10198458284139633,-21.423999945032413,24.222130372500708,-24.44700239809233,67.73165286670148,-9.67185436947706,109.39845691717723,2.7750864028930664,2.799799919128418,-0.011187468655407429,-0.005290944594889879,0.11802580207586288,0.11896328628063202,1.3752159006997549,21.076666042717047,8.654075928422412,269.7971987064093,-4.528532832323208,-1.322782816636225
pi_1,upstream,2.8000000000000003,2.85,61,-1.375038013458252,1.1723424530029298,-63.10357132661421,-35.79129091132319,-372.90849381334647,754.7955718189983,54.63924232220298,130.25334671754396,-1157.073496572806,-481.7138444237565,-0.757242675238696,25.919376749080534,-0.4855278682708741,1.8194909095764162,-3.895070180361127,-0.598897485461858,0.32795023918151855,1.1852216720581055,-0.0774996280670166,0.1088356226682663,0.010901166126132011,2.2559878826141357,-23.021849276823318,-1.245226728623834,-30.74932381319523,786.03707564869,-24.948258028448517,42.66275149939574,2.8017709255218506,2.8415815830230713,-0.014063429087400436,-0.0001435197191312909,0.11789105832576752,0.18661904335021973,-16.056953408452284,10.93561695084784,-186.6943963578909,135.87960576331525,-4.869683531702831,1.7810467854158896
pi_1,upstream,2.85,2.9000000000000004,40,-1.536834239959717,1.382910022735596,-63.697606539108556,-32.96150938724105,-556.8339588024709,537.960233672758,26.730945939558307,119.57927734680977,-1662.6117511612406,966.4268522328223,0.04741628452664347,41.342624674228446,-0.9264447689056398,1.381657657623291,-4.798099900450983,-0.4700728196142428,0.8546270132064819,2.2535595893859863,-0.04264527186751366,0.17908358573913574,0.018421050161123276,3.566107749938965,-23.230706216358552,-0.5988994811221616,-190.07796278968848,870.6193516129465,-24.356539957630094,35.785895061878875,2.8509573936462402,2.8998756408691406,-0.015515539795160294,0.002716603223234415,0.11891636997461319,0.3015761375427246,-13.410378048477403,6.163796640998579,-140.82143887311622,109.21947180997705,-6.080647265237811,2.525913207384526
pi_1,upstream,2.9000000000000004,2.95,30,-0.9110827350616456,0.563506088256836,-61.92667509110765,-41.35040919755325,-547.0854210454085,-98.1151619932346,22.306530395237054,75.04538527900529,-795.197561438971,1158.289816660202,25.984378428064055,42.24217917230799,-1.3536942672729493,1.754108238220215,-5.574252128223746,-2.1542407510224577,1.3347011804580688,2.4890530109405518,0.08625184744596481,0.16165950894355774,2.725358486175537,3.548879861831665,-17.00723250503428,6.824792893681618,-395.71534239547617,773.1081286065028,-35.420623375255765,23.43082563639805,2.9031479358673096,2.948523759841919,-0.004723987076431513,0.0013548750430345535,0.20476138591766357,0.36598894000053406,-6.877886515421066,22.54607878980774,-148.82187167438394,214.68064568953292,-7.97425818136632,0.049480962067600755
pi_1,upstream,2.95,3.0,25,-0.3751473712921143,1.3167951583862305,-63.89296360974926,-42.16186299170744,-361.59114356620216,-52.70928699485125,28.715180780244125,89.87170423110865,-764.6037781086499,1414.3831150611943,18.537212319820334,36.34822513157535,-0.783764066696167,2.1187436866760256,-6.458757415459801,-0.34098464267099143,1.9516308307647705,2.5892891883850098,0.04012612998485565,0.17793938517570496,2.285911798477173,3.4887888431549072,-15.245272510508185,3.8590090697330144,-538.2569370903034,455.86226143417525,-43.17226312091118,12.07665213189089,2.9501686096191406,2.9980685710906982,-0.011934910900890827,0.00781989749521017,0.18226824700832367,0.42375054955482483,-0.40551924331807315,31.0424243059534,-114.7020168454221,214.59735836279378,-9.12781755811723,2.996636038591211
pi_1,upstream,3.0,3.0500000000000003,43,-0.5950764369964601,1.314379348754883,-65.31908661788042,-47.598785778591385,-213.06609825276863,300.0772304670167,36.81330577721054,93.48287305661857,-458.4890155851787,1331.8143242227443,17.783526323479215,32.53086956533247,-1.0621258449554445,2.423304061889649,-6.589965621897206,-0.21568752351836565,1.4535595178604126,2.497331380844116,0.031150847673416138,0.15146373212337494,0.7075154781341553,3.1231818199157715,-15.56245454273253,1.7228092434818754,-417.2029809205529,114.28161187181864,-38.6037886417106,14.126358604639513,3.0011940002441406,3.0496225357055664,-0.010553977452218533,0.012937826104462147,0.2771836817264557,0.4658067524433136,15.238061538291944,34.756039138824356,-151.80813966254024,175.1026637514088,-9.371677875443162,3.3592599741119455
pi_1,upstream,3.0500000000000003,3.1,52,-0.5949429225921632,1.1268671798706056,-67.00375960685322,-33.20007764966584,-143.26982946413403,452.4621659445862,34.45788089098579,83.58081313758176,-1156.658767486403,356.9889347826909,17.161629930957837,32.49331121696426,-0.9899703216552735,2.079414749145508,-7.237920237720794,-0.13586117881763,1.0515464544296265,2.278038740158081,0.02937391772866249,0.14527179300785065,-0.2746940851211548,2.513758659362793,-14.409803771232227,-3.0792650691308383,-135.72689639385212,157.26540616786707,-31.599774572415612,15.88867120768151,3.051041603088379,3.0993776321411133,-0.009379583410918713,0.015125998295843601,0.31878572702407837,0.5267942547798157,16.461071795979844,35.81444525260953,-84.93948119746987,97.12990037527108,-10.281501596931,3.667445341190191
pi_1,upstream,3.1,3.1500000000000004,28,-0.4711264371871949,1.343920478820801,-67.456116205394,-31.024658983922198,-38.09311930313084,431.1551176211646,14.226257805213766,83.5564088716773,-837.9930132686563,64.44870195156734,14.25986778468161,30.193102564900645,-0.873850440979004,1.8338577270507814,-7.703897282688368,-0.004986381441073489,1.2771333456039429,2.3530759811401367,0.011830528266727924,0.11838166415691376,0.10344903916120529,1.759650707244873,-14.176480240316359,0.9645369030309866,-169.2231276308351,119.44988624317305,-32.493911221567394,23.08293678121262,3.125063180923462,3.1496965885162354,-0.008158889599144459,0.019258586689829826,0.35171616077423096,0.563213050365448,16.974283672478137,34.87866835518276,-12.996442971565243,57.804553474167406,-11.05142368939009,4.2416918007193685
pi_1,upstream,3.1500000000000004,3.2,35,-0.25123033285140994,1.2612064361572266,-64.50804263507642,-22.018711346254594,61.73522488867219,435.1658593433095,7.997042466118451,72.69315692131211,-643.5834264696158,-18.191575354283444,11.298734659708478,26.67302217156608,-0.9099750328063966,2.0207913780212405,-8.044183353784748,-2.50943159916063,1.4896806478500366,2.2896132469177246,0.001755923847667873,0.10869403183460236,0.09732898324728012,1.408949375152588,-10.921913883825502,2.197748475131122,-191.31671321831868,22.17647505570355,-36.53622207805604,27.287947866372846,3.1507256031036377,3.1994423866271973,-0.008074546232819557,0.018925011157989502,0.37922215461730957,0.5447465181350708,20.263202465399576,35.35302499304015,-72.43242127993604,35.27006210028659,-11.633855651468135,1.5308394861368395
pi_1,upstream,3.2,3.25,38,-0.4432712936401368,1.244595775604248,-60.53185483994267,-19.42516557499569,78.09054315818544,489.7808988901885,5.803818350982227,81.51349246073733,-627.5004073517434,241.55067818625477,8.928854881976603,24.203003463179634,-0.9224950790405274,1.7514128494262697,-6.712203567267237,0.13612487833155995,1.5020675659179688,2.2746164798736572,0.03468018397688866,0.11904031038284302,0.00774701964110136,1.278363585472107,-12.279702556857968,2.5531661197726097,-327.68786037544305,-49.222390046195116,-43.15099049674118,24.45816292719613,3.201800584793091,3.2481002807617188,-0.0057922848500311375,0.02500849775969982,0.40412673354148865,0.6291006207466125,22.41057466686386,33.92165639962643,-90.04698737577868,39.86215195854248,-10.053650748293574,5.296561774390143
pi_1,upstream,3.25,3.3000000000000003,36,-0.34842666625976565,0.6625604248046876,-55.15942269920198,-15.095010056315198,-203.27610124744422,443.8030433601408,5.293520830825412,74.81737307394275,-552.4535672424449,397.9697419536872,10.614233931939182,21.526976955467866,-0.951191463470459,2.0719511604309084,-8.478567190664872,-2.568244330645513,1.6453816890716553,2.0320322513580322,-0.009602515958249569,0.13837546110153198,-0.07356869429349899,0.6489145159721375,-10.188795529262181,2.9011572143521778,-261.43248459594815,131.87222449424203,-48.78920237355998,12.55536984553333,3.2518365383148193,3.2998147010803223,-0.008966176770627499,0.0264965258538723,0.42588192224502563,0.6395849585533142,24.71165003031552,35.407294261090485,-100.88966679636381,58.54588171611308,-12.66693473199006,2.183136916209
pi_1,upstream,3.3000000000000003,3.35,41,-0.5297576189041138,1.196659164428711,-43.010623279108245,-10.684860215849161,-310.12684296269333,412.63831085671995,5.130816333285599,45.96439664228821,-544.649338455275,312.326027271654,3.162024661106447,16.540973003713123,-0.950720090866089,2.0749328041076662,-8.536462884322772,0.1738570051801891,1.7296065092086792,2.254507064819336,0.017817310988903046,0.15643544495105743,-0.3141002953052521,1.1427990198135376,-10.202415780240834,2.728166025035503,-286.7662572841724,145.72550103680706,-52.54635624729518,19.378815911287983,3.3006298542022705,3.349555253982544,-0.008758843876421452,0.03217891976237297,0.43238961696624756,0.5758460164070129,22.492499370863577,34.90939737625865,-60.13024654693508,45.915328563290835,-13.000225670150591,6.1374988232692
pi_1,upstream,3.35,3.4000000000000004,31,-0.6113887596130372,1.0875830364227297,-39.94444549275739,-11.998151913986288,-279.6764936049425,315.9300995306163,-0.5457280592591991,67.16478814672544,-414.5646974102304,403.4385924598464,0.3695046184099789,14.190122808473655,-1.1356229209899904,1.8129397583007814,-8.578783371685777,0.1698334508702934,1.7150856256484985,2.18991756439209,0.03405745327472687,0.1835077553987503,-0.4359123408794403,1.1561000347137451,-8.339666953001093,3.4183173670775635,-207.70129884842544,91.43260736213166,-48.08475373803779,17.482946642989205,3.3513245582580566,3.3972554206848145,-0.00807245820760727,0.034825023263692856,0.42723217606544495,0.6572276949882507,18.745298790296378,34.669889962822985,-152.91762193093876,50.890885732118754,-13.385832688958805,6.368159332993575
pi_1,upstream,3.4000000000000004,3.45,32,-0.4019115686416626,1.0547643280029297,-47.07844489214689,-15.46409469604247,-396.06843585480914,220.2317863148124,7.07630820656499,67.98770299830693,-212.76500985377612,488.2745962913906,2.0569912744428356,19.24507003492215,-1.2670236587524415,2.081346836090088,-7.621939977416165,-2.835141148649129,1.8036667108535767,2.2198479175567627,0.04548260569572449,0.20055735111236572,-0.1579580157995224,1.1666160821914673,-11.347806060653415,3.6006870464549006,-183.2264361087086,198.95942169199614,-54.67601606069433,17.422699251867815,3.4014687538146973,3.449293375015259,9.649490493757185e-06,0.040464967489242554,0.43195703625679016,0.6638856530189514,26.7875255190954,33.73062283873034,-40.67820930019727,30.65943852371786,-14.96410541177165,5.575439889462797
pi_1,upstream,3.45,3.5,37,-0.6547756004333497,1.3438868331909182,-58.9129497424879,-17.813959808282824,-440.71699996858894,132.151073797297,11.797667078826196,77.66225614627979,-34.08842229840146,816.4435478712127,-1.2472269813701078,18.57055728307176,-1.0930682754516603,2.099044570922852,-8.599161371593256,0.139054009639559,1.7768044471740723,2.3247146606445312,0.05873371288180351,0.27556419372558594,-0.7659137845039368,0.996792733669281,-12.861710659997572,4.816650683353461,-178.45572655837313,211.1397390200149,-50.052961539836176,16.778762677297355,3.4515225887298584,3.4999892711639404,-0.005570329260081053,0.044868286699056625,0.39808371663093567,0.6737324595451355,25.94225375081318,34.28853659579908,-102.79927157508348,22.56296301743601,-15.911639884738268,7.188194235386865
pi_1,upstream,3.5,3.5500000000000003,42,-0.4672150325775147,1.4011882781982423,-62.52759513428537,-19.872317569388915,-447.2448576451803,25.164505232665707,15.900156170770886,95.35771217246288,106.57581294077777,844.8940178399838,-0.2184875113099139,15.053859137846299,-1.0810154628753663,2.050574169158936,-8.60092037716874,0.06104000136154093,1.7990809679031372,2.4664018154144287,0.08567681908607483,0.2978222966194153,-0.8728262186050415,0.8259889483451843,-15.950170230968304,6.1804294322880295,-240.66988431164663,120.05733594719732,-44.064763939756745,16.28757133068318,3.500244379043579,3.549301862716675,-0.0034357488621026278,0.046995386481285095,0.38378024101257324,0.6572818160057068,26.81811964393518,35.244510362601574,-55.481271458176735,24.72843863529541,-16.955010533732242,7.456373456896527
pi_1,upstream,3.5500000000000003,3.6,33,-0.5007570552825928,1.417366352081299,-65.27029857663901,-32.248369336000025,-466.28040361670907,-128.94469613294785,28.42242521203904,110.24546184596134,258.26297629273876,926.0452438973327,-5.743522343754683,16.303158348176936,-0.8888578605651857,1.9786434173583987,-8.598746667510186,-0.007677497979839896,1.7913814783096313,2.4864888191223145,0.14211204648017883,0.28158217668533325,-1.1371886730194092,1.0420658588409424,-19.763755127626148,7.90684811058114,-264.9104442420753,149.75766223218906,-35.60985718130555,16.201283843351117,3.552210807800293,3.5998330116271973,0.003484539221972227,0.055238235741853714,0.34725600481033325,0.7112392783164978,27.090601503136376,36.09904557494562,-35.89795456049669,17.873107538947846,-17.40554361931224,7.618097697695359
pi_1,upstream,3.6,3.6500000000000004,31,-0.45459545135498053,1.4100242614746095,-67.37609370907813,-43.93099809995663,-416.5274752116386,-107.22012517575257,45.6405534680758,122.86388799791223,259.836624556753,944.405994499621,-11.188691730404084,18.090098933972502,-0.7565692520141603,2.170361156463623,-8.52875846176877,-3.503358552478672,1.686869740486145,2.3997058868408203,0.14615567028522491,0.308350533246994,-1.3088737726211548,1.0784695148468018,-20.226877811846155,7.742542787454606,-384.9765364917886,32.197528822913036,-36.16500812685502,8.646543937315181,3.604067802429199,3.6499431133270264,0.007739539723843336,0.06721188873052597,0.3242074251174927,0.7381471991539001,27.522774892679763,37.568215850320776,-50.33146250324344,29.07984116493652,-18.833643440213915,5.415315561534605
pi_1,upstream,3.6500000000000004,3.7,32,-0.15452813625335696,2.6019719696044925,-67.61480882057008,-46.99382226342502,-301.7483318701087,-35.65519939211068,74.85095028390253,122.26407444538005,440.29880114608744,927.2011304709524,-13.282568929174483,17.89428062031294,-0.524043836593628,1.9196757125854493,-8.600151759377699,-0.2154739442446758,1.6118059158325195,2.3363699913024902,0.13265779614448547,0.7499642372131348,-1.00652015209198,1.0773831605911255,-22.82669369676313,27.41251685645554,-363.140913488878,-61.52940396822303,-33.98479125321944,187.3788905957529,3.6509432792663574,3.69813871383667,0.03593173623085022,0.07290846854448318,0.3123180866241455,0.7165879607200623,30.65149842880772,40.220603701279344,-238.37376595798509,9.536247793695626,-19.09590127447857,7.8016229749221715
pi_1,upstream,3.7,3.75,19,-0.08218732833862305,2.3661978149414065,-68.35513985489693,-60.02795763392497,-190.05449425970033,143.87238875271254,81.25766089518532,125.90124580106021,106.85312545126945,978.971669436088,-17.570581867757614,14.479737342908376,-0.09714533925056458,2.2877773284912113,-9.135974056599643,-4.3690289494657115,1.661990761756897,2.19069504737854,0.10982970893383026,0.45909419655799866,-1.8141143321990967,0.855712354183197,-21.11599597950527,11.224570665006167,-410.4442901707718,-9.509954980485663,-33.35910152901667,62.990422412823776,3.701063871383667,3.7495250701904297,0.018569130450487137,0.06974118202924728,0.29511237144470215,0.7141110301017761,25.236971832212248,41.08472849921809,-47.700200427387735,446.73417806131675,-19.132529322315065,0.3350461772019831
pi_1,upstream,3.75,3.8000000000000003,7,0.0035770999267697337,3.448678665161133,-68.57598719152013,-56.75466802137182,-155.7401839450682,-22.128551033392153,94.31545262587562,120.92310340563145,284.7703940464246,597.5189368201357,-17.104195925534135,12.664522676667351,0.22603955268859866,2.2294898796081544,-8.740622823056725,-3.6403150126244728,1.917421579360962,2.262526035308838,0.20479656755924225,1.0715982913970947,-0.4059978127479553,0.4169369637966156,-20.673107730701428,83.33722127102243,-317.47689149081407,-85.27564261785038,-26.07809767566827,186.3987311290994,3.7525622844696045,3.7892844676971436,0.029168950393795967,0.08797039836645126,0.2827754616737366,0.6934928894042969,20.384740559038075,40.38123950527429,-288.4895413325233,-4.527143296985539,-15.653984583027341,3.9107918788297305
pi_1,upstream,3.8000000000000003,3.85,2,1.9473609924316408,3.080470771789551,-65.88665484734096,-65.11573822591079,-211.3247551842522,-7.709700676604245,115.89510062926158,124.35187202935619,104.61230430912835,449.77508756283316,-0.9972452786088308,8.128915045480051,1.1470835304260254,1.3388279724121095,-6.747776778225193,-6.198690390017956,1.7454005479812622,1.9807361364364624,0.31523776054382324,1.0521907806396484,-0.3960225582122803,0.04734567552804947,-45.68766811297055,85.25056899340727,-229.45501422280915,-6.453413310393222,8.592912438178594,189.1308477782395,3.81020188331604,3.832857131958008,0.078022800385952,0.0818825215101242,0.2751066982746124,0.29868394136428833,-7.71527325719333,39.66701345395522,-422.0442736457712,-322.6264443136535,-4.213092788347702,6.915490523769185
pi_1,upstream,3.85,3.9000000000000004,3,1.409717311859131,2.964157295227051,-68.25696954595634,-65.57771856099211,-69.85397705693204,154.0332103884553,119.94880424128581,125.43414282410139,-330.2181995761227,224.62661689474373,-0.29842514706341355,4.207871016560993,0.9187310409545899,1.4779267501831057,-8.504077233980391,-4.270717170661471,1.400339126586914,2.32563853263855,0.2913092374801636,0.6544348001480103,-0.589941143989563,-0.005782974883913994,-47.735102694046496,29.371094091524206,-227.73215364618682,7.46322305512058,28.301904816586873,91.22519500760589,3.850954055786133,3.896660327911377,0.09128694981336594,0.10946094989776611,0.2774693965911865,0.29007554054260254,9.605563114713854,23.392767822342737,-154.30516120044854,260.62430929259557,-0.6289862253516711,6.144370239268979
pi_1,upstream,3.9000000000000004,3.95,2,0.8507415676116944,1.5917463111877443,-70.26753818098715,-68.6639805185974,-178.2664346957154,51.65448722094784,126.15937231017334,135.38949870923182,-36.829520646300146,232.6352869041505,-0.4135204532283256,1.0945196286843317,0.774342555999756,1.3970927238464357,-9.182441413907885,-4.773011092188483,1.6053574085235596,1.9947665929794312,0.23146428167819977,0.3349166214466095,-2.041701316833496,0.15363919734954834,-46.245298417188735,-15.989501875303823,-161.35843800913224,22.89060377682694,7.523496913225004,87.00486210059003,3.901369571685791,3.9335711002349854,0.08053440600633621,0.11793575435876846,0.2770524024963379,0.2786545157432556,13.058558419424632,27.68116697953236,94.33631202360084,321.4994631006014,-5.3186688695613,2.9470962754644745
pi_1,upstream,3.95,4.0,2,1.4295758438110353,1.6038735580444337,-69.2005601797936,-55.63363248799221,197.32012164967972,387.31150496144915,96.78770106766427,115.82271428443778,-835.2894058291118,-477.40301151023795,0.09070906740868094,0.2261415303298601,0.49741725921630864,1.3887172317504883,-9.849034794129137,-6.522682753309713,1.3821735382080078,1.512095332145691,0.41127529740333557,0.47727906703948975,0.029381580650806427,0.10116622596979141,-38.2047143488851,-26.439416390309237,6.337009384576456,15.188035525263478,93.85929844215632,106.63024954846276,3.950411558151245,3.9932472705841064,0.10683092474937439,0.13272970914840698,0.27681952714920044,0.27826178073883057,16.576792275992783,18.367741300903706,-72.99706618843183,60.8452580700087,6.699309234156138,9.02536778512488
pi_1,upstream,4.0,4.05,1,1.2905829429626465,1.2905829429626465,-52.14130212385133,-52.14130212385133,560.3871871332516,560.3871871332516,84.0941974763566,84.0941974763566,-1225.8453052878303,-1225.8453052878303,0.1133126168757304,0.1133126168757304,0.22375193357467654,0.22375193357467654,-7.868113231103163,-7.868113231103163,1.2165688276290894,1.2165688276290894,0.38248148560523987,0.38248148560523987,-0.03400808200240135,-0.03400808200240135,-28.685411400746627,-28.685411400746627,54.853153601724024,54.853153601724024,61.72853130328558,61.72853130328558,4.042769432067871,4.042769432067871,0.148385688662529,0.148385688662529,0.2776244580745697,0.2776244580745697,7.671895579548225,7.671895579548225,94.68320367116745,94.68320367116745,9.922917298612806,9.922917298612806
pi_1,upstream,4.05,4.1000000000000005,1,0.931955909729004,0.931955909729004,-30.925832976821283,-30.925832976821283,193.73416305239633,193.73416305239633,23.758232461809904,23.758232461809904,-1165.9000680749434,-1165.9000680749434,6.205218567566023,6.205218567566023,0.6276021480560303,0.6276021480560303,-8.99871935018553,-8.99871935018553,1.1623026132583618,1.1623026132583618,0.6572221517562866,0.6572221517562866,1.9670473337173462,1.9670473337173462,-34.27905970832568,-34.27905970832568,266.3235830605943,266.3235830605943,54.64155092614244,54.64155092614244,4.092784881591797,4.092784881591797,0.16788506507873535,0.16788506507873535,0.30650320649147034,0.30650320649147034,8.574889276506223,8.574889276506223,71.88314429707279,71.88314429707279,11.071500489485167,11.071500489485167
pi_1,upstream,4.15,4.2,1,1.424278259277344,1.424278259277344,-38.43951917707721,-38.43951917707721,-230.94713734889015,-230.94713734889015,24.11438755343834,24.11438755343834,653.5819491503007,653.5819491503007,9.285758325532157,9.285758325532157,1.122921829223633,1.122921829223633,-10.886253312237494,-10.886253312237494,1.7067208290100098,1.7067208290100098,0.9147448539733887,0.9147448539733887,2.131636142730713,2.131636142730713,-37.983750899046015,-37.983750899046015,-139.0359591221832,-139.0359591221832,33.30742773285093,33.30742773285093,4.183473110198975,4.183473110198975,0.21688856184482574,0.21688856184482574,0.4376510679721832,0.4376510679721832,6.906652283997397,6.906652283997397,13.95731739909722,13.95731739909722,13.217989780916778,13.217989780916778
pi_1,upstream,4.2,4.25,1,1.6276722335815432,1.6276722335815432,-52.9761766366695,-52.9761766366695,-257.15763311897723,-257.15763311897723,57.16898729642479,57.16898729642479,1113.251002858004,1113.251002858004,5.184348889502166,5.184348889502166,1.984445552825928,1.984445552825928,-12.152900520168838,-12.152900520168838,1.6260827779769897,1.6260827779769897,1.0941821336746216,1.0941821336746216,2.6178319454193115,2.6178319454193115,-38.11529351227129,-38.11529351227129,-326.99639934462766,-326.99639934462766,17.727901132287958,17.727901132287958,4.248270034790039,4.248270034790039,0.2566573917865753,0.2566573917865753,0.5334617495536804,0.5334617495536804,18.838587221527703,18.838587221527703,-147.1983220482936,-147.1983220482936,15.203882393433865,15.203882393433865
pi_1,upstream,4.25,4.3,1,1.236117343902588,1.236117343902588,-57.45699246806213,-57.45699246806213,-182.05751753415262,-182.05751753415262,68.97353152197154,68.97353152197154,131.65700523349494,131.65700523349494,2.5786046298517444,2.5786046298517444,1.5627961158752444,1.5627961158752444,-12.876409162772836,-12.876409162772836,1.50033700466156,1.50033700466156,0.8747057318687439,0.8747057318687439,1.6025118827819824,1.6025118827819824,-41.48089313145717,-41.48089313145717,18.11390927323123,18.11390927323123,21.955395492648574,21.955395492648574,4.278914928436279,4.278914928436279,0.2763424217700958,0.2763424217700958,0.5762856602668762,0.5762856602668762,25.201881735351307,25.201881735351307,-146.7805193767639,-146.7805193767639,16.14089514238911,16.14089514238911
pi_1,upstream,4.3,4.3500000000000005,1,1.2440952301025392,1.2440952301025392,-64.4726964061216,-64.4726964061216,-88.78951539863348,-88.78951539863348,83.68059537116648,83.68059537116648,-73.28272519008927,-73.28272519008927,-0.8823441142879929,-0.8823441142879929,1.5612990188598634,1.5612990188598634,-14.583545082317302,-14.583545082317302,1.564618706703186,1.564618706703186,0.8146969079971313,0.8146969079971313,0.9331808686256409,0.9331808686256409,-45.94073686700328,-45.94073686700328,19.318117727681376,19.318117727681376,14.439197490325375,14.439197490325375,4.338543891906738,4.338543891906738,0.31402912735939026,0.31402912735939026,0.64457768201828,0.64457768201828,31.61722912083958,31.61722912083958,-99.17046037094741,-99.17046037094741,17.557245842468618,17.557245842468618
pi_2,downstream,3.5500000000000003,3.6,14,-0.5392323350906373,1.0662336826324463,-71.97356234130541,-57.402630992458,-193.45137956037945,-38.53908967479766,128.74715340177275,138.2991456352789,-151.35057162966274,315.50952380228364,-30.05286942957007,18.048394400727528,-1.207025089263916,1.9995762062072755,-1.0276296976497687,7.443673784059473,1.6314470767974854,2.3883769512176514,0.03342112898826599,0.12065126746892929,-0.6637080311775208,-0.08960752934217453,-6.957627266433672,30.383386183128042,-108.64501874983313,118.42071333903553,-7.2460418225343926,15.979509308548094,3.5521488189697266,3.5981600284576416,0.013374963775277138,0.04663144052028656,0.6351283192634583,0.7846376299858093,-24.029688085088306,33.61290452838517,-165.39854954470815,116.64759623050023,-2.4732888817410945,15.844403999808913
pi_2,downstream,3.6,3.6500000000000004,14,-0.557575478553772,0.838506841659546,-72.09349363294167,-61.73461017164689,-216.5942324685387,-28.452488289670853,124.50612502157175,141.37689717717836,-594.1856405806293,327.3850097876447,-30.82375326033002,18.465948119473634,-1.1969832038879396,-0.6487412834167481,-3.764804342800388,9.052290584344313,1.5650358200073242,2.74267315864563,0.02163335308432579,0.15719832479953766,-1.0449167490005493,-0.06600697338581085,-14.944429998325804,36.01152353092108,9.66222636406828,93.83558402535803,-4.494615801723823,21.76424240344201,3.60044264793396,3.6495893001556396,0.01390683650970459,0.061531051993370056,0.6076595783233643,0.7549260854721069,-37.75513763733652,30.37288135218456,-145.22984786911755,138.08596177090448,-3.0703340061593156,19.3266183404315
pi_2,downstream,3.6500000000000004,3.7,36,-0.664119873046875,0.5165418958663941,-71.92680286624751,-58.828651547751605,-203.34057823320913,62.1465525408687,107.33092450446853,142.01437239279397,-1156.917331127623,402.31934302093475,-27.13888634914326,22.599376596203157,-1.357413845062256,2.088568096160889,-6.873505071642938,10.539908792948662,1.141055703163147,3.094174385070801,-0.011214816942811012,0.18407799303531647,-1.9521803855895996,-0.058940887451171875,-24.577971275427323,39.654992321016,-64.56443950705321,344.05007030582885,-7.082822072599067,22.79947710046792,3.6508965492248535,3.698791742324829,0.014208146370947361,0.06867950409650803,0.5768339037895203,0.7758741974830627,-41.158409164889605,38.385926097754705,-224.05819489163693,111.21963123671276,-4.971789496705563,20.64957617377827
pi_2,downstream,3.7,3.75,33,-0.5978623485565187,0.561177396774292,-71.39545512995554,-61.19835835953085,-195.34854656462053,31.685073389865316,80.23190991582199,142.6606858731956,-1353.0494369938272,378.3128126922274,-18.446161625626107,25.57221206472408,-1.5265842056274415,1.8180253219604494,-7.3814706576304365,12.585382105653789,1.1947556734085083,2.7917277812957764,0.001650062040425837,0.20473533868789673,-2.461643934249878,-0.06013255938887596,-30.27527111875591,27.857898124306438,-126.67048902614374,482.5143972359953,-6.28281524860699,29.57878989890054,3.7014241218566895,3.7469282150268555,0.009721973910927773,0.07717060297727585,0.5514155626296997,0.7802466154098511,-42.32452736188588,40.00872098794179,-121.3050612443969,108.53932840261635,-5.1217603257336455,30.676324928580968
pi_2,downstream,3.75,3.8000000000000003,37,-0.5666220474243164,0.6620427894592286,-71.45284237936198,-46.46154903650051,-140.76032234042296,316.9810743985845,59.60574949038064,142.92184498630021,-617.0071604090962,332.5359559690748,-15.80257808226442,25.816054502420272,-1.2110869979858399,2.2589432907104494,-7.670323956291613,13.212638412415506,1.4038361310958862,2.1626219749450684,-0.009059675969183445,0.12523044645786285,-2.3061866760253906,-0.20823068916797638,-35.19488220809226,26.500362168273263,-133.87148916619648,224.26864668034338,-6.453561013234023,28.02521556085695,3.7502479553222656,3.7953412532806396,0.009722738526761532,0.06546413153409958,0.4785723090171814,0.7948215007781982,-40.0187408754542,37.758675675326586,-151.49303571537087,130.5859086282319,-5.211650462216543,31.82027046186939
pi_2,downstream,3.8000000000000003,3.85,34,-0.6072717094421387,1.0910087490081788,-72.349338858872,-54.54621514570741,-76.98892243752158,217.10991175087466,56.85241827367845,142.93448083626473,-578.1909221483469,323.67976876669616,-14.840093725541447,25.5798645406119,-1.188930549621582,1.713036804199219,-9.027213268931101,14.807190773352396,1.1410590410232544,2.0532143115997314,-0.018533257767558098,0.16833722591400146,-3.052082061767578,-0.23065458238124847,-36.63943648169869,25.574420743251313,-168.31318250884934,191.66185633745778,-8.239809587335506,27.367640806061264,3.8004987239837646,3.8484692573547363,0.009346422739326954,0.08753913640975952,0.3959636688232422,0.7868756651878357,-41.57639625152687,36.93184712535069,-59.08843779283304,123.85664233339524,-5.294982780755602,32.395915189241975
pi_2,downstream,3.85,3.9000000000000004,38,-0.512006311416626,0.4758874607086182,-71.78250828984181,-31.484651733955047,-61.42906848931554,285.4532490388858,115.43541523774138,142.89619079577764,-518.4937574061148,128.2726738205103,-16.697688212608266,25.616671736560505,-1.1306508445739747,2.222936191558838,-9.59515282552884,16.374278922547262,1.4138669967651367,2.0987637042999268,0.006161084398627281,0.16678164899349213,-3.028909921646118,-0.9851037859916687,-28.404521578677144,24.230007288161023,-126.88238881495421,116.35309213386762,-6.189075171116796,27.923532827135677,3.8503527641296387,3.8998851776123047,0.017558613792061806,0.09470342844724655,0.32218658924102783,0.7711602449417114,-43.03135631833382,36.16395286262825,-3.537709714099621,137.65023668299267,-5.552377873534499,27.286671563339045
pi_2,downstream,3.9000000000000004,3.95,26,-0.5192934274673462,1.3029769515991212,-72.71911847034733,-54.54088418306021,-44.879219602051165,206.6414037534012,50.27592282000749,142.94336008218576,-946.0137663887286,535.102974297645,-11.433417339173733,23.942937315748377,-1.0751487731933596,1.4512189292907716,-10.835349873424278,17.032893550495515,1.3972223997116089,2.196737051010132,-0.08697236329317093,0.14504681527614594,-3.5354771614074707,-0.5960025191307068,-38.49713865291544,54.931086060153866,-287.99189374959616,300.1996547777,-10.791471784830243,33.58774552657743,3.9019875526428223,3.949871301651001,0.0073761953972280025,0.09791002422571182,0.30539679527282715,0.6374419927597046,-58.48540039101261,32.35608141921112,-1847.6518483813977,137.63716370092126,-5.728981882309576,34.109650829339195
pi_2,downstream,3.95,4.0,31,-0.4952990865707398,4.060930328369141,-72.73215730147288,-46.558705062349354,-54.828568335806565,551.5842754063991,47.398729537801714,144.6746764330006,-717.8266538419273,492.0622913559995,-13.599324424715382,20.135312162095943,-1.1686802864074708,1.7803965568542481,-11.18167113439972,8.752820266313291,1.5672446489334106,2.3879330158233643,-0.9283830523490906,0.1440177708864212,-3.044088363647461,-0.38400834798812866,-315.05039848627536,19.397050808824627,-459.24104673355384,189.56918199841425,-228.97696928279996,27.01152840311514,3.950124740600586,3.998091459274292,0.016207188367843628,0.0701759085059166,0.3044050335884094,0.7205572128295898,-39.25073732970504,33.783116257596475,-623.3080372391896,833.1510648452776,-4.438482098951751,34.6781467814989
pi_2,downstream,4.0,4.05,18,-0.4744641971588135,2.947077865600586,-79.21755169199422,-61.92668192129682,-434.57764345198797,135.37467719873288,43.65079300435144,143.07057918566642,-837.3523415245091,445.8355164118398,-14.518678967412551,17.71433389064856,-1.2231114387512207,1.8057427978515628,-13.046287239007157,9.18846397210794,0.8817207217216492,2.371617555618286,-0.6795641779899597,0.14174987375736237,-3.128664493560791,-0.3254515826702118,-102.86695191956913,64.86273435867518,-333.1067412176344,338.9796110735782,-172.78156056576339,14.409001224004749,4.000499725341797,4.04421854019165,0.004164643585681915,0.07280715554952621,0.2729528248310089,0.6491999626159668,-51.98958996200701,31.64038346212592,-675.6386517162662,127.08142052736838,-5.90038990462491,19.60136402446194
pi_2,downstream,4.05,4.1000000000000005,14,-0.30108078956604006,1.2141235160827637,-72.78721545637235,-57.26947303949402,-67.89485340672977,143.7530243667774,41.748971226190996,143.16769081528565,-187.52351302123873,510.7637317940879,-14.43543018006867,15.54078695089047,-1.0717281341552736,1.4553103446960451,-13.709671780266525,9.967401883843703,1.713746428489685,1.9082356691360474,-0.051946911960840225,0.14319932460784912,-3.4475088119506836,-1.7363861799240112,-37.52727228134114,20.021661363138538,-255.0904900270512,55.7119884181506,-9.296574748172587,27.175256575256807,4.052008628845215,4.097986698150635,0.0029172152280807495,0.07448026537895203,0.28331950306892395,0.46075502038002014,-36.695942636702206,25.070079574937573,-8.74665145865912,113.92601856324943,-5.014769395275743,36.34599964222533
pi_2,downstream,4.1000000000000005,4.15,13,-0.3505783843994141,0.450294418334961,-71.44873060548163,-55.23148802513479,15.779314756427727,128.5453622929339,90.873993510673,143.1643986641057,-73.00057690566521,50.921023941831436,-9.590641388962762,11.813941087312557,0.659548273086548,1.7720416259765626,-4.540627701497639,10.530552774650918,1.74895179271698,1.9412131309509277,0.053035102784633636,0.14341135323047638,-3.2905778884887695,-2.453320026397705,-14.252873344862014,20.157585542716376,-89.0322466613574,1.9084321206165484,-7.423111915446034,27.25134488261075,4.103111743927002,4.148050785064697,0.03613686189055443,0.08082073926925659,0.3123936951160431,0.5602703094482422,-39.99920653442796,28.795025691641577,22.282457393507343,86.53509534985488,-4.950047141717487,36.8874868496246
pi_2,downstream,4.15,4.2,4,-0.2644875621795654,4.259518852233887,-77.4391070359063,-47.819312096323586,-569.6601797995411,562.880479387873,90.96965030999903,146.88559500695538,0.2546250233072854,299.19345862993043,-7.075157963240473,7.2607275837606755,0.3414412593841553,1.0919686508178712,-14.338933489314064,8.739364408673294,1.8015984296798706,2.6553423404693604,-1.1505926847457886,0.7970624566078186,-2.850969076156616,-0.13684749603271484,-173.7634275797094,36.301488966850215,-554.8238614504928,302.2068834502267,-147.2026660486057,66.74779143751783,4.157474994659424,4.198237895965576,0.006512896623462439,0.07143265008926392,0.28279581665992737,0.45511284470558167,-60.914782565570256,23.201093931211965,-178.28045024389226,598.1636520362715,-4.8215526301305935,18.41440207142171
pi_2,downstream,4.2,4.25,1,-0.2669912910461426,-0.2669912910461426,-70.20937912020447,-70.20937912020447,38.444809158589386,38.444809158589386,143.16973987203664,143.16973987203664,-0.6559907912384768,-0.6559907912384768,7.134192944604394,7.134192944604394,0.7449462890625,0.7449462890625,-0.12252600932050163,-0.12252600932050163,1.9415284395217896,1.9415284395217896,0.06433004140853882,0.06433004140853882,-3.0467991828918457,-3.0467991828918457,-6.051490401796999,-6.051490401796999,-25.11207157795481,-25.11207157795481,5.909073273639416,5.909073273639416,4.225117206573486,4.225117206573486,0.04977383837103844,0.04977383837103844,0.3966182470321655,0.3966182470321655,3.5627987064683704,3.5627987064683704,113.37864037297544,113.37864037297544,9.758755500163497,9.758755500163497
pi_2,downstream,4.3,4.3500000000000005,1,4.628566818237305,4.628566818237305,-66.95184333897195,-66.95184333897195,516.2434559614057,516.2434559614057,144.96898928433643,144.96898928433643,214.45482597519396,214.45482597519396,3.1154214435325156,3.1154214435325156,1.5488859176635743,1.5488859176635743,-0.5549814197674614,-0.5549814197674614,3.2202179431915283,3.2202179431915283,0.10281051695346832,0.10281051695346832,-2.030778646469116,-2.030778646469116,-52.832056230087645,-52.832056230087645,-683.1661758797806,-683.1661758797806,-35.47996064367025,-35.47996064367025,4.309078693389893,4.309078693389893,0.05262811854481697,0.05262811854481697,0.2758984863758087,0.2758984863758087,-9.0363334417377,-9.0363334417377,54.401674682491596,54.401674682491596,9.880132166678196,9.880132166678196
pi_2,upstream,2.7,2.75,24,1.7360502815246583,1.930829372406006,-72.03710359115404,-71.7810329689811,-40.302996273237206,24.177807567429202,143.00898453973124,144.4471764921258,-134.88467942767616,-14.782115675342329,0.04500371660420175,0.22585452795655828,-0.5596466541290284,1.7451769256591798,-0.977869066117716,-0.49926122695668346,1.7826511859893799,1.9217802286148071,-0.04586309567093849,0.15367522835731506,-0.068763367831707,0.09700782597064972,-12.669041268795267,31.05676770321043,-23.661006426522064,25.247275172575215,-23.04992818450124,38.48420568972202,2.7386176586151123,2.7395248413085938,-0.003982468508183956,-0.0018342145485803485,0.11860492825508118,0.1193186342716217,-1.7128359933548933,14.930230035041347,-131.7726949776566,189.5742636591567,-1.6325494689102278,-1.1402691411423747
pi_2,upstream,2.75,2.8000000000000003,18,0.908040475845337,2.005397701263428,-71.75276964619559,-56.83453342333678,4.453293584132068,617.7480446887458,130.89881325448852,139.57976512352127,-512.2779574123231,-247.97173902498378,-0.6241017441332904,0.16807931282200106,-0.5370147943496705,0.5399902296066285,-1.2850360835778125,0.05012619856460653,0.5663365721702576,1.9547710418701172,-0.0693925991654396,0.14341136813163757,-0.05752352252602577,0.11297004669904709,-17.903462607166674,25.094528237071632,-21.319872003588276,42.676835349464305,-28.228546877353644,86.28978227562472,2.775282382965088,2.7898285388946533,-0.005147738382220268,0.0010404784698039293,0.11791287362575531,0.11905168741941452,-4.889344386689907,13.223868634132803,-14.377753108551941,114.7070028835162,-2.095934386422773,0.3534811388447385
pi_2,upstream,2.8000000000000003,2.85,46,0.5155925083160401,1.7996717643737794,-69.29730980938683,-41.10008959466145,62.55120026805693,681.2047641162063,99.971846466265,141.54810269891388,-1070.433585139948,-174.23629523632772,-0.7306352940469407,0.257976410028481,-0.3904131746292115,1.2510037994384766,-1.751211656943368,1.080233552791142,0.492889940738678,1.7239878177642822,-0.022607918828725815,0.12872563302516937,-0.05380318686366081,0.12402348965406418,-11.355229622507572,23.43253830633243,-25.562005166887523,66.1551632439925,-13.185662263463044,63.30633915250437,2.8034162521362305,2.8464508056640625,-0.006541447248309851,0.007157887797802687,0.11725075542926788,0.11893537640571594,-10.691279739895327,14.517930788435406,-242.5525849752256,123.12141345037838,-2.215313315689106,3.7504603622057973
pi_2,upstream,2.85,2.9000000000000004,38,-1.541688289642334,2.0010094833374024,-67.72322441326568,-31.893739084103792,-670.7703660834479,656.9168299936945,23.052426326190172,122.57322246759317,-1569.3472119316307,-135.34452874373645,-0.29372728152308325,33.0304797748539,-1.6439524459838868,1.9076025390625002,-2.796263099973809,1.5556731319655417,0.6896207332611084,1.9062920808792114,-0.041983384639024734,0.11675502359867096,-0.08652547001838684,3.6253128051757812,-21.243129705621307,6.725614704951624,-31.804372889003343,1045.0402532021612,-33.231264293416125,80.02821318420469,2.855980157852173,2.894352674484253,-0.004206796642392874,0.007847781293094158,0.11784567683935165,0.22283527255058289,-19.863742266885964,1.8901383126983156,-128.95118481265936,156.19958246864326,-3.497231178421079,6.14515459517377
pi_2,upstream,2.9000000000000004,2.95,18,-0.8090720558166504,0.1630276131629944,-56.60610457673487,-35.80118444033595,-558.1520213877433,-264.06033157721885,22.340590841080616,57.05290140129125,-1074.2064723544365,893.3917487209027,15.351132924867008,36.74385254301269,-1.6522638511657717,2.6698365402221684,-3.1150817176509533,2.430931028994039,0.9414312243461609,2.081465482711792,0.012774543836712837,0.10653270781040192,2.425764322280884,3.406749725341797,-10.490223730165892,3.2311117003244463,-107.20022200451116,888.3689915298154,-7.164638774232534,30.66340003343647,2.926119804382324,2.9493651390075684,-0.001959149492904544,0.007396213244646788,0.16717252135276794,0.2850664258003235,-9.523434358812683,5.647634122778839,-147.180099103588,51.977353678108926,-3.8294254348818804,6.902536899568109
pi_2,upstream,2.95,3.0,38,-0.3017901182174683,0.9392314434051514,-64.08059573643868,-46.42626086415363,-479.35928697155634,-51.382966710872324,26.196859297409162,78.40729318094478,89.86528385328883,1374.9269153959715,25.179342562316048,43.94300145940964,-1.284103889465332,2.2933729171752932,-1.546147409648005,1.4693033599026057,1.7409781217575073,2.38834810256958,0.030087580904364586,0.16055840253829956,2.725003480911255,3.7044248580932617,-12.33204144269413,9.173000404387777,-515.6653487500558,284.0486616172077,-22.6304538241722,37.49754046788407,2.9511139392852783,2.999664545059204,0.0015569524839520454,0.008777161128818989,0.22538502514362335,0.42023342847824097,-6.972991776971615,33.750952896794885,-28.255119728319578,241.85820062344544,-0.9179063172731718,8.628183806624728
pi_2,upstream,3.0,3.0500000000000003,48,-0.579974422454834,1.1902771759033204,-65.02964369142278,-54.16065779724936,-243.28778653748577,-30.642079597942274,39.77537782023206,94.34417357133553,-316.3384082391997,1252.824443226354,21.532366837488667,31.355528677752556,-1.184113883972168,2.1561209106445314,-3.4483005245777067,2.5560012215851318,1.2789210081100464,2.442814588546753,-0.0028367044869810343,0.15170566737651825,1.5307106971740723,3.4647104740142822,-8.79026221650965,6.223553966047021,-441.1027690529113,166.3858533892335,-20.502889171300957,44.481036648912344,3.003220796585083,3.0491435527801514,0.0019468641839921474,0.01451278105378151,0.2810940742492676,0.4733390808105469,5.074807074544202,39.25399532993914,-113.47978181420498,265.27930177801267,-3.891966565754831,10.239753314206734
pi_2,upstream,3.0500000000000003,3.1,39,-0.4602635717391968,1.3295437812805178,-65.3056721263505,-40.994354851215064,-172.77056396119966,475.9582352554835,46.54004840063146,91.75783364965099,-782.705801145178,1022.1740912572793,16.708514649680847,34.55495559828541,-1.2583982276916506,2.0150716209411623,-3.661305472982351,3.018993872059616,1.0359997749328613,2.4740638732910156,-0.023409739136695862,0.13072718679904938,0.5269274711608887,2.979461669921875,-12.498427412196579,5.575435181270396,-383.78603451945537,168.05493305633115,-21.968859503049963,51.90030914427118,3.050738573074341,3.099839448928833,0.001208418165333569,0.017213482409715652,0.3391755521297455,0.5277044177055359,22.717808528562077,37.68515893419515,-114.33673149842063,237.40046400125829,-3.993378014541022,12.488555271292421
pi_2,upstream,3.1,3.1500000000000004,27,-0.31655904769897464,0.9126691532135011,-65.24089461226211,-24.177611199490563,-152.6468185907261,530.7125286991608,24.048399388319556,93.48087181119176,-847.7976132184262,117.07565784616327,12.458131376105145,29.504847679711617,-0.9294100570678712,2.3547529602050785,-3.877878346392437,3.482187113586659,1.1614104509353638,2.1980020999908447,-0.007567251566797495,0.1310865730047226,0.10735489428043365,2.04567551612854,-5.872139025702572,2.4578572332074287,-212.33959835151106,173.87568856890772,-14.872791559216125,43.90566834341964,3.101254463195801,3.147183418273926,0.000547436298802495,0.022574182599782944,0.389147013425827,0.5523546934127808,23.816729616956476,34.86192414643248,-102.87199259917661,47.60376157140174,-3.863030295115547,9.05257200828578
pi_2,upstream,3.1500000000000004,3.2,41,-0.26564783573150635,0.9399718475341797,-65.56204327684694,-13.994366052702663,-128.62196969466476,550.0402155218693,13.191414990291488,80.18675553521902,-698.1468571071263,108.51142707985684,11.505789652172444,23.108721703321606,-1.1925474548339845,1.9589696693420413,-3.9556978340100115,3.840725967944098,1.3344221115112305,2.1985745429992676,-0.005279844161123037,0.11207067966461182,0.2847863733768463,1.8414620161056519,-10.3438911960666,4.777936744251006,-251.46141927572668,166.98044867723976,-22.950736762279732,71.20374538033161,3.1502127647399902,3.199894428253174,0.0005613648099824786,0.027478979900479317,0.4279147684574127,0.5833276510238647,23.073799695650436,37.92928697060433,-111.23828448333606,79.66294832777075,-3.5194766058759983,16.08356087685223
pi_2,upstream,3.2,3.25,27,-0.1516545391082764,0.3765396928787232,-28.14901786220531,-8.796311202793342,204.4122895554975,467.25094617701114,14.722853539008712,32.57222958568535,-480.4305884824945,204.24201293948906,8.75216183716665,22.83986100578715,-0.8531223297119142,2.42359058380127,-4.023120982255623,4.162880599804484,1.3798515796661377,1.8115322589874268,0.02181415818631649,0.14915251731872559,0.29480236768722534,0.8252608180046082,-5.47485552310008,10.06255911924836,-319.1938371236152,-67.80606777770878,-11.932456593228165,74.31238303765787,3.200727701187134,3.2490484714508057,0.00708305649459362,0.03273551166057587,0.47353053092956543,0.601360023021698,21.034704775551074,37.44345219984674,-100.47493087977146,17.15516244962571,-3.40046939878995,18.682446694977106
pi_2,upstream,3.25,3.3000000000000003,35,-0.3088535642623902,1.1096269989013674,-66.03435085795331,-5.473982539546788,-32.07596511606515,492.96103496774646,12.48897016151705,79.71746006753662,-678.494490412032,639.9053422808073,4.0057928747459295,13.361960367280014,-0.9219457340240479,2.3303243637084963,-4.240195964008766,4.515866627635688,1.5906833410263062,2.2455663681030273,0.010684136301279068,0.1860533356666565,0.13111282885074615,1.6011571884155273,-9.539803760932264,15.749419018430581,-301.0507236690403,-53.64014274098103,-26.058303787453575,73.83547873924006,3.250448226928711,3.2998011112213135,0.0010137476492673159,0.03634048253297806,0.4925832748413086,0.6176345944404602,26.513549556013263,38.69722221446179,-48.618092474472824,106.32731016820519,-3.242372874321867,19.981179094009587
pi_2,upstream,3.3000000000000003,3.35,27,-0.30548015594482425,1.0951951599121095,-66.86747684234396,-5.776892464613567,-248.87157546699794,265.4147307688757,15.353619801312098,85.6784257033952,4.936256687230493,1043.8054642832496,0.9081398265849178,11.152486115175146,-0.964990577697754,1.8550460624694827,-4.383114714485394,4.906506937052027,1.662975788116455,2.3422458171844482,0.014499316923320293,0.19745482504367828,0.29786306619644165,1.6028821468353271,-11.311112576884813,19.178918472396514,-262.6224128323911,-31.679554597015947,-25.139849957309252,47.661176141564866,3.3012895584106445,3.342844247817993,0.0016604866832494736,0.04032345488667488,0.49629566073417664,0.6464951634407043,26.04349935242757,38.887019511118105,-68.87182317504089,33.05862443195488,-3.3370975802427916,14.00786090413966
pi_2,upstream,3.35,3.4000000000000004,47,-0.6470859718322755,1.2656136131286622,-68.94657959550668,-6.913345015610363,-764.9801488526742,275.11679591882535,9.146086043963342,103.70320613059965,-117.89533518807815,1137.120273705151,-7.44326406828126,7.119187966487091,-1.3178128051757814,2.239691715240479,-2.4690808767050365,4.924744273302599,1.5536596775054932,2.426757335662842,0.04212937876582146,0.1495969295501709,0.2606266438961029,2.119084358215332,-6.47066722201032,15.249360378726438,-322.09073891667106,196.06230133288685,-19.796545158284086,68.57386983287742,3.3513433933258057,3.3999571800231934,0.009120884351432323,0.034920584410429,0.5082588195800781,0.7263954877853394,23.16218746615228,38.99453351884328,-121.92420423228022,127.62812252891455,-3.406446955319739,22.596075980657893
pi_2,upstream,3.4000000000000004,3.45,40,-0.5685886478424073,1.2643135833740236,-69.98061559433324,-10.341851530825705,-695.4088801556783,228.2185314169834,11.793685078540078,115.10670555374534,-24.066654776423707,1078.3340922736586,-14.145849399409084,9.862258471558212,-1.2721901321411133,2.129709625244141,-4.681793385736892,5.7271052424846065,1.7363853454589844,2.3697993755340576,0.01986982859671116,0.1408999115228653,0.3316662311553955,1.8508871793746948,-13.303195304926978,17.688116987919926,-310.3435238839228,155.43304399847108,-20.4775508770275,63.911391460129956,3.4003567695617676,3.446732759475708,0.002547432901337743,0.046947866678237915,0.5231506824493408,0.75557541847229,12.634501002162512,38.83820756421461,-146.96445637111233,120.68142399203971,-3.744325298794843,25.109844224576182
pi_2,upstream,3.45,3.5,37,-0.5532566547393799,1.243313503265381,-70.9040708304973,-13.564440649169857,-598.7867292131167,43.45223940517917,21.352028534200695,124.22521300138747,129.56219987543037,1029.1927936483844,-20.339560163442115,13.511328063008913,-1.240808906555176,1.9812936782836916,-4.852577951431826,6.172649001326578,1.7719258069992065,2.4024434089660645,0.010739432647824287,0.19864726066589355,0.4484825134277344,1.6231420040130615,-14.202516921432448,20.83211111948474,-275.71651384870916,137.30920533773394,-17.22942880401855,51.36189557728284,3.4509189128875732,3.4975452423095703,0.003191466676071286,0.04975549504160881,0.5569508671760559,0.774651825428009,10.663302431281307,39.31559680606348,-5.281855721496676,110.72905972976575,-3.8203068563812286,26.33411948638226
pi_2,upstream,3.5,3.5500000000000003,24,-0.4913385486602784,0.33117800712585455,-58.428286349172964,-23.827803061148362,-606.928478628312,-272.54654109263623,67.06012915807334,125.65798178358105,382.85833090562755,979.8463707819565,-1.3206348796979155,15.808713668932418,-1.22674036026001,1.9958538246154787,-5.303943953936463,7.276800765060709,1.7957710027694702,2.378970146179199,-0.027688922360539436,0.21866613626480103,0.24269184470176697,1.565592885017395,-15.460129771229276,27.931228742782988,-32.58698620938716,148.25239782214496,-10.533185620045273,45.78745034655527,3.502319812774658,3.546670913696289,0.0055944351479411125,0.05533416569232941,0.5529837012290955,0.7638173699378967,0.15552346076204324,39.20771396812313,-4.8033894441930585,134.42463886631913,-4.347995654592474,27.642384338099703
pi_2,upstream,3.5500000000000003,3.6,28,-0.48098070144653327,0.5921079444885254,-62.646536048491974,-24.461128936843206,-518.2209323299079,-149.0770748625323,35.209328058186834,131.9629567271765,259.38943841141395,1022.3589981384898,-3.1160409057713108,11.97768003257587,-0.9921515464782715,1.650359401702881,-5.61072458339864,7.968109207083276,1.8170948028564453,2.4182040691375732,-0.028660710901021957,0.17975342273712158,-0.04640190675854683,1.3421026468276978,-18.735878251883637,32.25162392113953,-158.2822983918769,97.02752949999092,-13.699783408894598,38.590480018112835,3.5500001907348633,3.594869375228882,0.007097543682903051,0.05833183228969574,0.5769254565238953,0.7774003744125366,-8.145929490967328,38.5017934268348,-3.413156518829384,117.90825790598782,-4.725137293483947,28.773568796430684
pi_2,upstream,3.6,3.6500000000000004,19,-0.38996553421020513,0.5759696578979493,-61.02535649804359,-38.82484429910348,-482.8190236729779,-190.660796491944,58.37232660930305,120.69319923816882,473.9328382797646,863.1275083576563,-8.685825142793187,11.910836812206993,-0.9286906147003174,1.8694904518127444,-5.116726743316725,5.062400846947583,1.6389765739440918,2.315110921859741,0.052905257791280746,0.1371360868215561,0.20422841608524323,1.1671241521835327,-22.67228190264936,8.879934916349102,-173.64649474111877,109.41909774884901,-11.379317992162914,17.30225569604381,3.600682497024536,3.647979497909546,0.008340338245034218,0.04644649848341942,0.596534788608551,0.7652416229248047,19.37205060891509,38.92772743857138,-15.68838615555464,88.51901941693347,-4.865691031984985,15.495562220940528
pi_2,upstream,3.6500000000000004,3.7,11,-0.3841774511337281,0.5637722492218018,-64.62580875674578,-48.37564124950488,-352.85262686284455,-136.50697229895925,97.72356675755024,126.53496441263235,364.7708971531666,779.3131095806492,-11.26403982355638,12.937202576618466,-0.8089080333709717,1.844889888763428,-5.65294183045687,6.467839779113806,1.849908709526062,2.398287296295166,0.03782040625810623,0.11985117942094803,-0.023988328874111176,1.1593149900436401,-26.66943837853505,10.360501362354425,-148.6408033594869,73.23062450710042,-6.685697371894777,30.338682595010308,3.6530580520629883,3.688678741455078,0.009220843203365803,0.04856537654995918,0.6066697239875793,0.7775662541389465,13.253393834367476,39.84193118350466,-15.715148544270043,127.39969368231263,-4.614903815980473,30.123450755031126
pi_2,upstream,3.7,3.75,3,-0.1929461717605591,0.679945936203003,-62.04149057105556,-55.15544069891586,-253.04905576716112,-163.47441695362383,94.08089709958821,111.76403829469778,608.5318245548375,866.1230654030838,-8.16041117748358,8.386919856828387,0.7734742450714112,0.9210656070709229,-0.6653958604813912,1.1523368179960882,1.8399157524108887,2.306720495223999,0.064747653901577,0.08910246193408966,0.7166200280189514,1.1254401206970215,-4.071395936408677,-1.3301527671552438,-239.05612917682603,-48.43675778219816,-12.504474690932978,5.834850461702534,3.7041711807250977,3.7409262657165527,0.024768922477960587,0.03265903517603874,0.6791707873344421,0.7830888628959656,34.293317728218085,35.65217361830837,-17.40210964661481,22.047275197363586,-3.7959972463380143,8.027605979307639
pi_2,upstream,3.75,3.8000000000000003,2,-0.19970924377441407,0.6263653373718262,-65.36074394162831,-60.173345040597866,-180.54077840630293,-112.68039013412503,120.5455168879348,122.24933489715116,438.3569783650528,469.37912383936043,-11.711672912044081,8.01590194951486,0.7605658054351807,0.8569091987609864,-0.6901358387569353,1.0811411357544427,1.8353389501571655,2.2008135318756104,0.0620720200240612,0.08134506642818451,0.2315586358308792,0.2611921429634094,-4.69956715371428,-2.6122771381708385,-186.54321695080182,-37.87299255146509,-8.841352031501346,6.035696016228167,3.7517542839050293,3.777245044708252,0.027411628514528275,0.0343187190592289,0.7082189917564392,0.7938205599784851,34.111600545349894,37.574407416803396,-20.670923777714318,13.975948447605724,-3.935875439892089,8.140343428884666
pi_3,downstream,3.5500000000000003,3.6,1,-0.48733668804168706,-0.48733668804168706,-1.7357890575041326,-1.7357890575041326,-181.02822168661007,-181.02822168661007,39.31384486254137,39.31384486254137,369.81818838375256,369.81818838375256,1.292250015535896,1.292250015535896,-1.0855631637573244,-1.0855631637573244,2.4607463083636847,2.4607463083636847,2.0080506801605225,2.0080506801605225,0.015558535233139992,0.015558535233139992,-0.09992758184671402,-0.09992758184671402,-0.7833166697857686,-0.7833166697857686,16.08839618429644,16.08839618429644,3.827699909464499,3.827699909464499,3.591224193572998,3.591224193572998,0.015708619728684425,0.015708619728684425,0.614465057849884,0.614465057849884,39.1181155465909,39.1181155465909,-12.518736125919967,-12.518736125919967,5.9256582890981875,5.9256582890981875
pi_3,downstream,3.6,3.6500000000000004,2,-0.6401669883728028,-0.5522909116744996,-8.162824817653,-4.645350392743188,-247.80707682447309,-238.75081972092647,43.745999011192254,55.54049261337533,219.69614921972166,381.87418260849876,2.0799750805435506,2.1922606487869656,-1.2134461975097657,-0.8217644691467286,2.4782150658749593,7.624204825840092,1.8904188871383667,2.11328387260437,0.005676411557942629,0.039348483085632324,-0.32368820905685425,-0.13709643483161926,0.41309434999444045,12.378183639405798,60.44290528638159,120.76730679066345,6.898810373056577,23.56547427814839,3.6133854389190674,3.6296334266662598,0.015922408550977707,0.023874904960393906,0.6089043021202087,0.6358901858329773,31.100416027101396,31.877930611269797,47.23714775260672,106.26370744665402,6.12120760129427,16.249777777328024
pi_3,downstream,3.6500000000000004,3.7,4,-0.7783327007293702,-0.22816036224365235,-60.0332578607209,-13.725962670209611,-357.99409274170665,-138.16920811650857,61.67815182796756,129.0098288168731,271.2589684718188,537.734127090474,4.227314086363709,12.36460661832601,-0.9569346523284913,0.8317271804809571,-2.6640723680244256,8.277676375168545,1.8440155982971191,2.2769293785095215,-0.041172560304403305,0.0372067391872406,-0.982308566570282,-0.16805016994476318,-18.009129048721356,12.689032378722247,11.25092068105043,171.01062911776248,-8.35581181265171,26.334863269589267,3.65213680267334,3.698521852493286,-0.001952772494405508,0.025072447955608368,0.4915016293525696,0.6304488778114319,-4.6693854015456395,28.642026039138706,-185.1254472640256,71.08658714549838,-5.848332606042907,18.01031780715585
pi_3,downstream,3.7,3.75,4,-0.49143945217132573,-0.12147815585136415,-64.77443367308526,-12.304146096350152,-293.1124319288414,-82.4258076583651,59.10321149200778,134.2153072286366,207.94771841330115,448.12969499177706,2.9265679530750828,13.047737035929098,-1.1574996566772462,1.018237991333008,-3.077262307097328,2.475491365606286,1.6891067028045654,2.100713014602661,-0.05447752773761749,0.012536780908703804,-1.4008557796478271,-0.24434442818164825,-19.99282771955733,-0.8115905046593009,-41.365599538267354,75.01787327702847,-6.482148770005112,3.806817886737654,3.7119693756103516,3.7461931705474854,-0.0027484439779073,0.01654670573771,0.4680878520011902,0.7141582369804382,12.572367625056552,26.120699273068933,-76.91897447023149,118.28344019709662,-6.005432908485432,6.355828384087115
pi_3,downstream,3.75,3.8000000000000003,5,-0.8497312641143799,-0.13942830801010134,-66.64454629802391,-18.66840281307308,-516.3655797437656,149.2712708010141,71.13810043221862,139.6328766745073,79.34516011625756,617.572044374213,3.6346652538445983,12.480459561081476,-1.101032876968384,0.9874127197265626,-3.9819729243665973,8.964608947250502,1.6345680952072144,2.282200813293457,-0.060975104570388794,0.017402756959199905,-2.1787779331207275,-0.250236451625824,-22.83889582971536,10.345824139601714,-85.09329705757855,229.94738889969705,-5.280657877070985,17.626592351423742,3.7571113109588623,3.7996692657470703,-0.004720380995422602,0.026107190176844597,0.396586537361145,0.6871935725212097,-32.283759961184444,22.714171452829046,-2.9918247739329233,120.8868760822737,-6.1976647947815104,19.704817680489057
pi_3,downstream,3.8000000000000003,3.85,10,-0.7776852226257325,0.8350651741027832,-70.40804200240348,-27.76038522107346,-458.9482775049704,221.68301026814336,84.17297687824353,140.8810527641921,-581.9178012085861,599.3086649487324,-33.22350732123176,15.060507359387802,-1.2439011001586915,1.5970461654663088,-4.434372525271164,9.37862427644416,1.5712215900421143,2.2607126235961914,-0.06770651042461395,0.00830787792801857,-2.4605307579040527,-0.07665901631116867,-23.508078491005477,10.47744871509703,-118.74756521157732,148.19174574231525,-14.596040831783672,15.178961618951117,3.8000712394714355,3.845860481262207,-0.009018846787512302,0.026244383305311203,0.34997764229774475,0.7764245271682739,-38.36311326592686,30.37968080550331,-209.6560989888831,125.53309860479654,-9.080986893724866,20.58650811188485
pi_3,downstream,3.85,3.9000000000000004,19,-0.8435305213928224,0.44756227970123297,-70.65785617129669,-13.306895559909831,-547.2386358488702,26.585249466825474,36.33532572399846,133.9241635850756,-1504.7682651027803,756.8088930202646,-27.287001981291056,18.08749679335027,-1.3651652908325196,1.95365873336792,-7.428665550431839,9.849709693333828,1.5073496103286743,2.4414169788360596,-0.1608119010925293,0.10263542085886002,-1.8795976638793945,-0.00504682632163167,-30.06342938655338,20.304586581580683,-109.54948606010456,515.579944064674,-13.111595692103426,16.652607375779926,3.851081371307373,3.8991949558258057,-0.012486519291996956,0.03716488927602768,0.5821343064308167,0.8287022113800049,-40.71891722765054,35.63390969246775,-134.2359617206867,125.08562559151231,-11.518773065705068,26.574552578393202
pi_3,downstream,3.9000000000000004,3.95,19,-0.5377852725982667,0.7977721309661866,-70.63001632023972,-14.655711071920194,-301.3893098065762,94.82480032285099,23.22351573470982,142.56054163958487,-1022.8249809644249,520.5269134767309,-21.29969626611337,12.963338794015094,-1.2044070053100586,1.8411983489990236,-7.9687243161520325,5.884084805000378,1.1150177717208862,2.2012574672698975,-0.08812699466943741,0.04176383838057518,-2.848623037338257,-0.05189264938235283,-26.3896345565436,5.6870050407020845,-143.3034749759855,305.83945125840626,-11.888811684431785,21.666394820939704,3.9028406143188477,3.947908401489258,-0.010182625614106655,0.038110725581645966,0.5024167895317078,0.7669455409049988,-38.24682929530739,26.46496983554155,-194.44713917909726,139.146430601819,-11.778316270743705,20.145361295916977
pi_3,downstream,3.95,4.0,28,-0.768108835220337,1.183502655029297,-71.72460194605846,-58.94480574477684,-227.68370028421472,175.99389415506874,15.053100015567999,142.850606113257,-903.5452893749901,330.18027836585077,-12.78602610841815,21.918763322315137,-1.3835053634643557,1.0905467224121095,-3.753406552033613,11.079621197041767,1.364462971687317,2.077512264251709,-0.07733497768640518,0.06276305764913559,-3.118769645690918,-0.46958595514297485,-27.759099437962206,21.95569260587747,-151.31337441944285,352.86186127860236,-13.129813514167143,18.28302134198616,3.9520413875579834,3.998577356338501,-0.01661113277077675,0.0338621661067009,0.3923252820968628,0.7720509171485901,-44.51234965116227,23.74124578134408,-210.3185590364826,121.99422733165119,-9.913227977577284,27.677285293914963
pi_3,downstream,4.0,4.05,28,-0.7881355953216553,1.0577080535888672,-71.18831598299656,-19.838207604673872,-258.3382176566356,311.65052156273975,11.517430393596097,142.81660543156866,-1361.4065286131747,253.43821262531176,-12.823889835188435,22.79251322250025,-1.2342791175842287,1.9565323638916017,-9.517726899626636,11.536674324035928,1.1410024166107178,2.048189163208008,-0.11424324661493301,0.032816484570503235,-3.177255868911743,-0.6150994896888733,-24.8643286639274,16.794064008585476,-206.81861984160633,283.77386944651977,-13.012265958551223,19.742571295915354,4.004115581512451,4.049472332000732,-0.01860329508781433,0.03935648128390312,0.33111172914505005,0.7575092315673828,-44.023868182101296,30.216992529662775,-123.84620580434347,122.27386893664985,-12.371870370552555,28.075096113181143
pi_3,downstream,4.05,4.1000000000000005,19,-0.4692333364486695,0.9349425601959229,-71.53750940431345,-24.220544061065972,-214.14929795324093,365.47391486405763,3.5609571167134058,142.4722546143733,-307.8534554785896,441.86523673033815,-13.579137901832114,8.735053300669366,-0.9921919345855714,2.0973861885070804,-9.977239080378554,6.525817125174946,0.8722930550575256,2.168916702270508,-0.11204265058040619,0.03247491270303726,-2.9985153675079346,-0.6209383010864258,-22.316997660140096,2.456392157630461,-322.14226586376964,100.9508926120838,-12.852782748978719,17.589593216689785,4.050757884979248,4.099076747894287,-0.022356543689966202,0.0387239009141922,0.3697208762168884,0.7212116122245789,-41.99752864027693,32.02323947076723,-21.248942196604986,117.17663536285274,-12.30122552184656,28.76983086744972
pi_3,downstream,4.1000000000000005,4.15,26,-0.7756525325775148,0.9750907421112062,-74.8003249217744,-32.38285576075757,-541.0425614414014,36.40298216282202,-9.012153718302208,140.66372980518065,-309.0808404724409,774.8677492612381,-14.334779588663807,21.278734060684,-1.2335005950927735,1.6818117904663088,-6.240957350517744,12.297370985064603,0.7090638875961304,2.275629758834839,-0.09935378283262253,0.13674627244472504,-3.1262500286102295,-0.1595384180545807,-20.252171709890007,44.73805325228534,-84.59563581427308,182.1336468226416,-69.12945791053376,19.23749246717125,4.101390838623047,4.149007797241211,-0.02398499846458435,0.035920873284339905,0.26578161120414734,0.7099359631538391,-43.68486881812064,35.01639570470149,-93.58986113977765,83.34448859229933,-10.7104001768164,29.100271136302993
pi_3,downstream,4.15,4.2,13,-0.43080451965332034,2.5533828735351567,-71.7679804774772,-50.36447280750212,-354.24893609524855,28.48678096194619,34.71875655123984,136.17498412416163,-291.5537281187311,550.1394991516446,-5.644513853599562,12.512366474511538,-1.1126984310150148,1.8755795097351076,-6.735079351904951,11.891923653402964,1.268951177597046,2.1314280033111572,-1.1053663492202759,0.03155212476849556,-3.102477550506592,-0.21418485045433044,-47.24228405486257,3.0286115324723775,-260.66731216360995,99.5862549668611,-130.35186536613222,19.536924545290024,4.154770851135254,4.198584079742432,-0.023432448506355286,0.03606613352894783,0.2896697223186493,0.692925214767456,-59.127506474885514,27.96847547187436,-127.02307705147814,57.08818615854354,-2.243524441306649,28.88663567007397
pi_3,downstream,4.2,4.25,23,-0.4927197217941285,2.820837326049805,-74.31440477365219,17.630121851677348,-603.5027289482005,87.50255749484134,-79.6081838710056,136.56093079340235,-241.6688677796527,735.1574119173775,-5.812852288194184,13.133908312101136,-0.888025598526001,1.3299170875549318,-6.775573396748054,6.782517936549703,1.5198153257369995,2.295551300048828,-0.6746608018875122,0.19513922929763794,-3.3324313163757324,-0.1297835260629654,-75.18896268554813,19.196750388772124,-347.96008039809436,188.34208387250808,-149.5307223668262,16.726791767902725,4.201106548309326,4.2498979568481445,-0.10889516025781631,0.03708739951252937,0.26707902550697327,1.2998595237731934,-51.801186023941376,41.47333552714055,-514.321713936531,68.91667019713118,-11.154954752202393,30.082162701154207
pi_3,downstream,4.25,4.3,10,-0.41556762218475346,3.5421045684814456,-78.70522603254074,17.592178443290635,-414.6802095694736,80.60539832001662,-80.62114873624267,136.68215299079174,-126.7325891060775,620.3901804257601,-2.3682478338192685,13.583483280232333,-1.047424373626709,1.2511083412170412,-5.954713671026186,8.612846049395099,1.4156510829925537,2.5443835258483887,-0.6611065864562988,0.1064269095659256,-3.1801505088806152,-0.09169549494981766,-129.07650512355076,27.318043387403215,-393.19751610135603,166.04243147776523,-232.1340329813416,19.498422768938664,4.256078243255615,4.2974443435668945,-0.11396647244691849,0.03738003224134445,0.2638533115386963,1.2952086925506592,-54.61584892429568,41.39603486120893,-695.7689130872079,97.48017979666601,-2.465828714633814,29.747187157680315
pi_3,downstream,4.3,4.3500000000000005,1,-0.2092898201942444,-0.2092898201942444,-69.84674388660099,-69.84674388660099,41.06116434658154,41.06116434658154,135.34459704562815,135.34459704562815,-23.123955482273132,-23.123955482273132,-2.221354478319561,-2.221354478319561,1.144466781616211,1.144466781616211,-3.112687521950204,-3.112687521950204,1.8451026678085327,1.8451026678085327,-0.04998299106955528,-0.04998299106955528,-3.353323221206665,-3.353323221206665,-18.881122224583958,-18.881122224583958,-41.8581859510195,-41.8581859510195,0.7153811537015888,0.7153811537015888,4.308225154876709,4.308225154876709,-0.009272098541259766,-0.009272098541259766,0.3117423951625824,0.3117423951625824,-3.2508746392444663,-3.2508746392444663,-64.13129623064768,-64.13129623064768,9.372590626688655,9.372590626688655
pi_3,downstream,4.3500000000000005,4.4,7,-0.2520908665657044,-0.104756578207016,-70.09213892310122,17.421999157477888,-125.2819662093935,78.87767464870521,-82.19665481171117,132.90014064357229,-94.78118956500045,47.88510730859832,-3.344345382910962,14.674524295821092,-1.0781233406066895,1.3347139930725098,-7.319731352663939,0.9263586110711917,1.905718207359314,2.0216729640960693,-0.23956769704818726,0.013029216788709164,-3.2644989490509033,-0.725674569606781,-22.911324863221466,-13.265160542760116,-78.0188056813328,54.94451079696753,-9.774395999486462,6.31950446350736,4.352597713470459,4.395750999450684,-0.1286398023366928,0.03225697949528694,0.3036559224128723,1.273950219154358,-39.457709137029354,41.244090472932825,-72.30509972361783,54.50795925616616,-2.739349147124779,20.824302895870982
pi_3,downstream,4.4,4.45,4,-0.24753847599029544,-0.12985520839691164,-69.33323660442109,17.23082557770382,-105.00822988474647,79.26080044981873,-82.38964863689905,125.07536664737896,-142.70438542350536,283.37258217240316,-3.8424068223688317,14.97333342518145,-1.091036319732666,1.3432757377624513,-7.757039462116696,0.6486394072906735,1.9256995916366577,2.1122241020202637,-0.2315444052219391,-0.01596369594335556,-3.5809757709503174,-1.104051947593689,-21.49682342196309,-14.613145333012676,-55.921675225669986,65.48641942235655,-9.075068298294488,6.0717346556100935,4.40493631362915,4.4459333419799805,-0.13336528837680817,0.0319722443819046,0.29657867550849915,1.2372970581054688,-39.99982125145326,41.09539042451248,-7.737131570084663,16.99845400440352,-2.8599633694979487,20.84350380915669
pi_3,downstream,4.45,4.5,2,-0.19513095140457154,-0.14273050308227542,-70.40196996423133,17.14321986386194,-66.80631932851567,79.77499758110481,-82.46217158550624,126.54451301709202,-35.16434443231313,173.90193015569892,3.9676171003315552,15.249376353821347,-0.9602532863616944,0.689771661758423,-2.7379810443339325,0.05256823603826064,2.0394251346588135,2.074467420578003,-0.22752030193805695,-0.021875763311982155,-2.6404285430908203,-1.2902621030807495,-20.711057969277313,-16.130461611847252,-41.55339900459144,-39.95493324822794,0.6322127683035468,4.188460256140817,4.476728439331055,4.4868574142456055,-0.13800999522209167,0.0032695233821868896,0.4477446675300598,1.2133334875106812,-38.7606985775133,41.02183270224603,-18.376576150595117,16.98766913570407,18.12024992824135,20.858730837184485
pi_3,downstream,4.5,4.55,1,-0.2533249735832215,-0.2533249735832215,-70.76187995235598,-70.76187995235598,-45.99884128627258,-45.99884128627258,126.13832166715136,126.13832166715136,-160.09753044683453,-160.09753044683453,3.9366813172262884,3.9366813172262884,-1.1002586936950685,-1.1002586936950685,-0.25470808995597366,-0.25470808995597366,1.9606494903564453,1.9606494903564453,-0.05460980162024498,-0.05460980162024498,-3.5162079334259033,-3.5162079334259033,-14.95929761260163,-14.95929761260163,73.01698985024075,73.01698985024075,5.8032851693401435,5.8032851693401435,4.527367115020752,4.527367115020752,0.002560562686994672,0.002560562686994672,0.38449668884277344,0.38449668884277344,-39.377898376577754,-39.377898376577754,4.548593506073964,4.548593506073964,18.21754554829824,18.21754554829824
pi_3,downstream,4.55,4.6000000000000005,2,-0.19900013208389283,-0.19774970293045047,16.907453686544148,16.9848380222931,80.80350795689284,81.16370481296264,-82.2834733462512,-82.02874144115557,-25.339429792404317,-20.071192187452176,15.747779556340042,15.973597792919996,0.6920778560638429,0.6932090568542482,-3.981745848699135,-3.566270825610046,2.056565046310425,2.0653176307678223,-0.21917112171649933,-0.21478480100631714,-1.846392273902893,-1.6606788635253906,-20.81946502423646,-20.809574910318283,-42.75900935536873,-41.8001976449661,0.5477953654218916,0.5689757820381011,4.558411121368408,4.599515914916992,-0.15144582092761993,-0.14705242216587067,1.1191365718841553,1.1542528867721558,40.80118344110876,40.87514072944166,17.032743261584276,17.090342246854995,20.881719238095055,20.891623645541127
pi_3,downstream,4.6000000000000005,4.65,2,-0.20007675886154178,2.977693786621094,-71.16393903784878,16.823193057848286,-310.8713609029814,81.33772437263622,-81.64590250798719,130.41708001232752,-13.980254881877416,607.1821245333296,0.7028938258983125,16.183317853060583,0.6945923328399659,1.1107104682922364,-4.396944694099419,-1.721738026797135,2.0744240283966064,2.3278164863586426,-0.2102423459291458,-0.20915992558002472,-2.0335285663604736,-0.32716381549835205,-67.79884826775607,-20.799172532212353,-151.83979075915408,-43.89491421057146,-283.2264434449216,0.6332194207933304,4.613426685333252,4.640802383422852,-0.15575052797794342,-0.0018200338818132877,0.26703372597694397,1.0802758932113647,-39.17055773903826,40.72587036022562,17.17621480019498,133.9256935474497,16.467400022865714,20.902044405962943
pi_3,downstream,4.65,4.7,1,-0.20084223031997683,-0.20084223031997683,16.7228114751639,16.7228114751639,81.25800240464383,81.25800240464383,-81.10771092214686,-81.10771092214686,-6.519258041539437,-6.519258041539437,16.37394336583106,16.37394336583106,0.6963676071166993,0.6963676071166993,-4.810795089412711,-4.810795089412711,2.0841031074523926,2.0841031074523926,-0.20554782450199127,-0.20554782450199127,-2.2230875492095947,-2.2230875492095947,-20.742997641383585,-20.742997641383585,-45.36271503301803,-45.36271503301803,0.7432896801762312,0.7432896801762312,4.68228006362915,4.68228006362915,-0.1599639356136322,-0.1599639356136322,1.0376263856887817,1.0376263856887817,40.64806084520083,40.64806084520083,17.29301274254949,17.29301274254949,20.914456458245525,20.914456458245525
pi_3,downstream,4.75,4.800000000000001,1,-0.20063338041305545,-0.20063338041305545,16.418178207992163,16.418178207992163,79.97988276563768,79.97988276563768,-79.37724151478912,-79.37724151478912,15.60543009299025,15.60543009299025,16.67077336308871,16.67077336308871,0.7022651386260987,0.7022651386260987,-5.628671331422805,-5.628671331422805,2.1063828468322754,2.1063828468322754,-0.19580751657485962,-0.19580751657485962,-2.614872694015503,-2.614872694015503,-20.486218387084246,-20.486218387084246,-50.20403166389852,-50.20403166389852,1.1245228785594281,1.1245228785594281,4.765879154205322,4.765879154205322,-0.16810889542102814,-0.16810889542102814,0.9406517744064331,0.9406517744064331,40.477046568762056,40.477046568762056,17.6850485254353,17.6850485254353,20.95357430311803,20.95357430311803
pi_3,downstream,4.800000000000001,4.8500000000000005,1,-0.1990076756477356,-0.1990076756477356,16.172815614890503,16.172815614890503,78.55671722941715,78.55671722941715,-78.03262998421289,-78.03262998421289,32.59001198318948,32.59001198318948,16.75180675077551,16.75180675077551,0.7072387504577637,0.7072387504577637,-6.028616670605255,-6.028616670605255,2.119884967803955,2.119884967803955,-0.19085830450057983,-0.19085830450057983,-2.8209056854248047,-2.8209056854248047,-20.257740021610857,-20.257740021610857,-54.309863279668285,-54.309863279668285,1.4124930454772746,1.4124930454772746,4.8080549240112305,4.8080549240112305,-0.17203913629055023,-0.17203913629055023,0.8860805034637451,0.8860805034637451,40.377472655947024,40.377472655947024,18.002879425630795,18.002879425630795,20.9864979148703,20.9864979148703
pi_3,downstream,4.8500000000000005,4.9,2,-0.19567709207534792,-0.18980733156204224,15.323712110483905,15.824040542660263,73.21119261891172,76.38588503570116,-76.20699555114936,-73.70825280557023,55.92486833910697,88.43284292017542,16.656674002466257,16.759084524787923,0.7146149539947511,0.725431890487671,-6.794634059123113,-6.418666777669015,2.1358981132507324,2.155550003051758,-0.18593721091747284,-0.18105995655059814,-3.267277956008911,-3.0372281074523926,-19.935968102264265,-19.493937042201257,-69.18317734835591,-60.320091654915586,1.7799698159852428,2.2376852315384212,4.850538730621338,4.893398284912109,-0.1796240657567978,-0.17587637901306152,0.76374351978302,0.8272031545639038,40.11987890158916,40.26148921365104,18.454423231660336,19.120283005919248,21.034705125249147,21.10563686024359
pi_3,downstream,4.9,4.95,1,-0.1801592302322388,-0.1801592302322388,14.600299454731173,14.600299454731173,68.6753459533763,68.6753459533763,-70.25268251954236,-70.25268251954236,134.22429575758431,134.22429575758431,16.39054900665116,16.39054900665116,0.7415153694152833,0.7415153694152833,-7.151021660295912,-7.151021660295912,2.180567979812622,2.180567979812622,-0.17604021728038788,-0.17604021728038788,-3.5146806240081787,-3.5146806240081787,-18.899422008917714,-18.899422008917714,-82.32860040609748,-82.32860040609748,2.7901651462355894,2.7901651462355894,4.936733245849609,4.936733245849609,-0.18328528106212616,-0.18328528106212616,0.6953365206718445,0.6953365206718445,39.9372669639397,39.9372669639397,20.152365570643195,20.152365570643195,21.209946063540816,21.209946063540816
pi_3,downstream,4.95,5.0,1,-0.16493181228637696,-0.16493181228637696,13.543135581601295,13.543135581601295,62.26703707782772,62.26703707782772,-65.41518054931332,-65.41518054931332,199.2437351463871,199.2437351463871,15.880288157945113,15.880288157945113,0.7653986263275148,0.7653986263275148,-7.480942126263959,-7.480942126263959,2.213662624359131,2.213662624359131,-0.1700630486011505,-0.1700630486011505,-3.781482458114624,-3.781482458114624,-18.118509405637234,-18.118509405637234,-101.8836778866541,-101.8836778866541,3.421415925083222,3.421415925083222,4.980697154998779,4.980697154998779,-0.1868545114994049,-0.1868545114994049,0.6215316653251648,0.6215316653251648,39.68671513461612,39.68671513461612,21.842173154324566,21.842173154324566,21.36268991794445,21.36268991794445
pi_3,downstream,5.0,5.050000000000001,1,-0.14162925958633424,-0.14162925958633424,11.972605298943147,11.972605298943147,53.37971104302302,53.37971104302302,-58.54665352748929,-58.54665352748929,291.7542078312493,291.7542078312493,15.007994449600407,15.007994449600407,0.8009264755249024,0.8009264755249024,-7.776594611603622,-7.776594611603622,2.2592227458953857,2.2592227458953857,-0.16051223874092102,-0.16051223874092102,-4.062564849853516,-4.062564849853516,-17.127218438183895,-17.127218438183895,-130.9721148446611,-130.9721148446611,4.059076836466912,4.059076836466912,5.0255303382873535,5.0255303382873535,-0.19029228389263153,-0.19029228389263153,0.5418642163276672,0.5418642163276672,39.315391900388384,39.315391900388384,24.870873692699565,24.870873692699565,21.58449206954251,21.58449206954251
pi_3,downstream,5.1000000000000005,5.15,1,-0.0677987813949585,-0.0677987813949585,6.162257287114388,6.162257287114388,-4.98095259138541,-4.98095259138541,-34.4823397984036,-34.4823397984036,639.7974799334344,639.7974799334344,11.328742448987894,11.328742448987894,0.9164481449127199,0.9164481449127199,-8.24040656242177,-8.24040656242177,2.422522783279419,2.422522783279419,-0.09678447991609573,-0.09678447991609573,-4.549887657165527,-4.549887657165527,-14.64606172217026,-14.64606172217026,-225.54188956428214,-225.54188956428214,4.129074322628496,4.129074322628496,5.11948299407959,5.11948299407959,-0.19599652290344238,-0.19599652290344238,0.36511820554733276,0.36511820554733276,37.61956862759552,37.61956862759552,42.38563706438998,42.38563706438998,22.35780856423619,22.35780856423619
pi_3,downstream,5.15,5.2,1,2.92849479675293,2.92849479675293,5.748803311651891,5.748803311651891,1017.9633069547231,1017.9633069547231,-16.541512641382376,-16.541512641382376,578.3425523479212,578.3425523479212,5.166505254243133,5.166505254243133,1.884288787841797,1.884288787841797,-8.2339765749157,-8.2339765749157,2.1767032146453857,2.1767032146453857,0.3049065172672272,0.3049065172672272,-3.4330992698669434,-3.4330992698669434,24.128087205366093,24.128087205366093,-1017.7149066349881,-1017.7149066349881,220.4213377246586,220.4213377246586,5.1688923835754395,5.1688923835754395,-0.19605793058872223,-0.19605793058872223,0.27617257833480835,0.27617257833480835,47.883362195265384,47.883362195265384,2100.849474423385,2100.849474423385,23.841685372554036,23.841685372554036
pi_3,upstream,2.7,2.75,16,1.7400864219665528,1.9494710540771487,-72.53007932468888,-72.05058638457565,-78.41302370965842,15.29064545716458,143.09242213063212,144.4612330214377,-125.1422068785967,-7.431583911337789,-0.046567917267783025,0.1839978102934829,-0.5250446605682374,1.1839687538146975,-0.5037105476780886,-0.08684764788082056,1.8032211065292358,1.9114224910736084,0.017959371209144592,0.1806713342666626,-0.01525857113301754,0.12402769923210144,1.1391139768955738,37.63790427042242,-17.602027576073795,37.355356419931915,10.736638172399735,100.59384447322138,2.7395691871643066,2.7402584552764893,-0.001931508188135922,-8.617688581580296e-05,0.11873635649681091,0.11909668892621994,2.2819920283540593,19.041370415343504,-114.45483229935932,247.45704328988828,-0.3511757467309269,0.33766148346775926
pi_3,upstream,2.75,2.8000000000000003,16,0.6697004413604737,1.9560920333862306,-72.4243889774721,-61.738428247392925,-20.227437887358096,449.17782850105056,133.51888748048373,144.18365413356838,-424.73815489593767,-13.23084140350174,-0.15021875348760716,0.17598646888089894,-0.34085953712463385,0.24411638498306276,-0.5467123142963463,0.7153662136821937,0.7132146954536438,1.9474785327911377,-0.014873442240059376,0.20222805440425873,-0.024382641538977623,0.10341272503137589,-6.088143758204225,38.58400158368507,-8.274658066254558,34.13579307539008,-6.132443511387282,107.87890375138947,2.776142120361328,2.793867349624634,-0.0018702540546655655,0.003918362315744162,0.11827728152275085,0.11917642503976822,-2.106738125431406,15.55114374946699,7.226191585259043,113.25839489263737,-0.2681042756697498,2.5327935970117608
pi_3,upstream,2.8000000000000003,2.85,27,0.6745400047302247,1.6278631591796877,-69.45613219815714,-57.50914779256435,129.09004255848572,640.5508224781302,119.01080070218961,139.72590385100287,-729.0137933627345,-231.50054659620125,-0.36577713932330863,0.18177419105643774,-0.48447233676910406,0.6160114955902101,-0.839813752438654,1.9497629110418897,0.5750827789306641,1.672940731048584,-0.009703543037176132,0.11785022914409637,-0.0629282221198082,0.11603948473930359,-6.8271151579994225,20.322698535712263,-18.856683807733653,45.25811751606845,-8.83413764419052,41.28371581540266,2.8327457904815674,2.8496389389038086,-0.0026927904691547155,0.011041474528610706,0.11720582842826843,0.11875122040510178,-7.587010842316952,9.828293876000679,-87.63782939135345,127.85163363931404,-0.7313514686734449,5.52763605907025
pi_3,upstream,2.85,2.9000000000000004,31,-1.4871813011169435,1.937736339569092,-68.60285032552578,-38.01207569353406,-473.3684460882681,659.8091692203848,47.196579844031426,132.76774425670075,-1426.1233906217458,-416.73910179288225,-0.42456478969350075,32.26178001853938,-1.6728612518310548,1.2477314949035645,-1.45065647231515,2.711461759993312,0.6000433564186096,1.892030954360962,-0.05737055838108063,0.08550646901130676,-0.0630750060081482,3.1599793434143066,-7.134734071612103,17.629614710131474,-21.87171884512675,929.4675511621027,-10.678370682364003,60.84487557941518,2.8507461547851562,2.8949456214904785,-0.0017144442535936832,0.013258525170385838,0.11724520474672318,0.21794243156909943,-12.675009146582564,3.7337869428109394,-82.83062614028259,91.19775130752078,-1.558845403458597,5.989705431410742
pi_3,upstream,2.9000000000000004,2.95,24,-0.9939325618743897,0.8832463169097902,-63.118604572977404,-41.05403362908805,-481.6264180023803,256.4973997130471,29.75312706237053,69.99268453859666,-1432.9857090016144,1057.2965632148857,4.038325844296779,36.84842680351071,-1.8422939682006838,1.8829011726379397,-1.6791501595142917,4.130186425292802,1.0137706995010376,2.0009605884552,-0.03968676179647446,0.07460635155439377,0.823815107345581,3.468297243118286,-16.96975354951113,7.272143390447596,-339.00037484865504,843.1651057157568,-15.564274788146339,37.49233244864194,2.9261205196380615,2.9476661682128906,-0.0008199524600058794,0.013287123292684555,0.13012485206127167,0.33755069971084595,-8.62567344053256,21.692487851116443,-134.38429976908103,175.52549344216763,-2.003468519794853,8.243864029127273
pi_3,upstream,2.95,3.0,18,-0.508226718902588,0.5856634712219239,-66.4839275695019,-50.502749987249025,-406.6403392559383,-11.336637847586797,25.0966763315656,84.70924918092707,-129.33635284033474,1300.8791407169492,25.57227526338342,41.1769933504779,-1.1073159980773928,1.8674478149414064,-1.9467713944769065,4.658416386474272,1.5675233602523804,2.2026257514953613,-0.0022060952614992857,0.08715678751468658,2.275707244873047,3.6515302658081055,-6.641998248471859,10.691726263512317,-444.4604080866195,304.58018294150935,-13.932064482188391,20.130558484170635,2.9505956172943115,2.9992504119873047,0.0007452975260093808,0.013035665266215801,0.21992206573486328,0.4163971543312073,-2.4593660646837665,35.64523073101705,-114.72037639391108,228.23093504051616,-2.623372984207213,8.897598980152978
pi_3,upstream,3.0,3.0500000000000003,35,-0.7267824554443361,1.1079305648803712,-66.33172363403733,-55.08426329757516,-257.6353638702846,308.4429008039617,34.4940706483031,96.92610119081624,-893.5089001255467,867.4431497243505,19.46368273084908,35.21654288284963,-1.2440451622009279,1.6139203834533693,-2.140945407237747,3.1137354266984105,0.9352247714996338,2.341066360473633,-0.0403558611869812,0.09690163284540176,0.7313008308410645,3.0494678020477295,-6.570364932004058,5.292513804809658,-307.47869665920933,168.43489647985896,-13.199163839904868,31.135752010772457,3.0037500858306885,3.0469672679901123,0.0012392052449285984,0.013126294128596783,0.27227485179901123,0.47657647728919983,8.424556812874242,36.89318825464842,-119.68025486349924,176.69177556370397,-2.916458611604501,7.84068766652609
pi_3,upstream,3.0500000000000003,3.1,31,-0.554744873046875,1.1491933250427246,-64.66582683509289,-38.15012064684919,-141.34168072181777,461.1130103397575,38.028539864528376,84.19748359698553,-830.9944189544677,953.9037823518739,18.56344362247511,29.621084552226137,-1.2260038948059082,1.9627831077575686,-2.4064415802202026,5.184801108824489,1.0861351490020752,2.328084945678711,-0.04115165024995804,0.08264417946338654,0.5549402236938477,3.1300809383392334,-8.961917676956764,14.999238851320571,-347.5573724446304,186.94475011172855,-15.025772428698778,37.09474372196091,3.0511250495910645,3.0977320671081543,-0.00035560503602027893,0.016973670572042465,0.3290560841560364,0.5106276869773865,26.64264354642109,37.30352211432069,-79.45567940721754,234.17186090134993,-3.3569735947328585,9.155249473368247
pi_3,upstream,3.1,3.1500000000000004,23,-0.4842372846603394,0.727895498275757,-61.46902509596011,-18.199986732246312,-107.27275178330753,556.6800336593354,19.273545620705164,80.1400233809178,-695.3285024895255,-236.95486245980663,13.729101530791025,24.005562597305964,-1.085459089279175,2.0417894554138187,-2.565420479577483,5.872687568404066,1.201775074005127,2.0741634368896484,-0.003381664166226983,0.07586285471916199,0.3108096122741699,1.884329915046692,-6.3504955930926466,9.606888171412837,-234.00692549327246,88.37841997286876,-21.363885742599837,42.071929890905885,3.1257567405700684,3.147395133972168,0.002461962169036269,0.020366284996271133,0.37299081683158875,0.5378658175468445,24.035937708178867,39.006107274391866,-86.69893792766516,12.96066302559813,-3.749222556260967,10.46996869121816
pi_3,upstream,3.1500000000000004,3.2,28,-0.556614842414856,0.964407720565796,-56.8709724825588,-1.9297867070565933,181.7494213610717,529.8254783712729,4.313142371231638,45.64357241168895,-719.901337462697,-130.91237801018016,6.470676091170249,24.19981005874002,-1.0076262664794924,2.0142833518981935,-2.7644619628829714,6.049889612603934,1.2335059642791748,2.155225992202759,-0.044909872114658356,0.06327152997255325,0.16010741889476776,1.2294546365737915,-4.108833910796808,9.144792576889271,-213.57653194982203,-19.044884547671476,-25.076539226345112,44.76313370691763,3.1511919498443604,3.198497772216797,-0.0029879361391067505,0.023275267332792282,0.39896270632743835,0.5653902888298035,25.28578036402116,40.74206473874772,-91.05082027809546,37.54435116936075,-4.292094678011196,11.138516734975074
pi_3,upstream,3.2,3.25,22,-0.5289665126800538,0.3457051753997803,-23.68039733357573,4.023480878720568,146.59889098635492,408.42441198790226,-0.6091629075671636,20.982636535960776,-389.7491448347133,-44.681526606714314,4.955177851275909,17.144963212967273,-0.9684282398223878,1.7069612312316895,-0.02687960934475948,6.245053057655602,1.3889477252960205,1.7275304794311523,-0.03330615162849426,0.06230277940630913,0.028438646346330643,0.9370523691177368,-2.9358298159001013,11.061837992936029,-212.72652856799226,-79.89772925030077,-27.597777199955672,47.56906762551266,3.2005326747894287,3.248931407928467,-0.0044664908200502396,0.024611394852399826,0.4428919851779938,0.5781112909317017,33.853931658911165,41.44405792126329,-115.93303549991182,13.237728795506051,-1.3414870054515373,12.59467072447512
pi_3,upstream,3.25,3.3000000000000003,26,-0.6001712799072266,1.0861506938934327,-39.80117202963261,10.148984917911116,53.735731238415354,403.4917859731025,-4.940280095538454,22.659427486631394,-388.3439017148749,47.05319709787994,-0.7285861563990387,12.562550955861928,-0.9320102500915528,1.9859805679321292,-3.170725340386413,5.062904284557126,1.4733874797821045,2.1698055267333984,-0.03238196671009064,0.054066821932792664,0.4912061393260956,0.9212498664855957,-4.533117151188361,15.349827338775448,-256.11119349661794,-38.048808450890384,-28.325930006992394,48.27056903440799,3.2501442432403564,3.299567461013794,-0.005079779773950577,0.02694200724363327,0.43517187237739563,0.5999518036842346,32.53876507384687,41.56875668494021,-94.89098485590841,34.76503791305585,-5.395467572203731,11.959393845757768
pi_3,upstream,3.3000000000000003,3.35,27,-0.5578753519058228,1.0260274887084961,-29.27237053726084,9.328817509923278,-181.14102909094197,364.00293800364705,-6.8972206465272565,27.798359365311438,-406.6291923872128,366.0323238098412,-4.2461396591388505,8.32297906203161,-1.0772638416290283,1.5972439002990724,-0.36820030034356943,6.685874109010986,1.4868969917297363,2.098607063293457,-0.033445924520492554,0.049366097897291183,-0.1644258052110672,0.9478753209114075,-6.386017272531768,14.527494760820716,-230.0408532082995,9.265095260061644,-26.422238464546655,50.41394386766052,3.301365613937378,3.3493704795837402,-0.00634355191141367,0.02060612663626671,0.45091190934181213,0.620922327041626,34.24717297018548,42.12782474397868,-54.537216371475914,53.61553698449605,-2.844669429477594,15.286222839318757
pi_3,upstream,3.35,3.4000000000000004,28,-0.45863219261169436,0.9541068172454835,-13.580666617316869,9.13038600038242,-334.7878966591847,255.91516706743855,-7.014238862482499,22.395671194094888,-372.7771356152288,477.81254965287195,-8.053581556209616,6.894998631013163,-1.088685932159424,1.950224475860596,-3.6922564725609557,6.876797135753893,1.5794397592544556,1.9479610919952393,-0.033396441489458084,0.06813381612300873,0.37512120604515076,1.0119937658309937,-6.6575002165668495,15.134276813853601,-165.87638957904224,74.98613338795543,-30.409952203904805,51.14122582557806,3.350691318511963,3.39874005317688,0.001063918462023139,0.030374307185411453,0.48047274351119995,0.6327757835388184,31.76203596143302,42.310426436344386,-67.38617506829307,81.18932485253934,-6.767200501903567,14.304250708558994
pi_3,upstream,3.4000000000000004,3.45,25,-0.6448665618896485,0.9587818241119386,-15.277562229809421,9.21814112461239,-233.94408775290833,311.6058521255679,-8.404903797311176,50.05817980436207,-233.10703440974493,428.9089689314709,-8.946632480904093,6.545660372949532,-1.1127226638793946,1.51344144821167,-1.000124066424622,6.466058030572149,1.6268703937530518,2.0229015350341797,-0.08499888330698013,0.050819508731365204,-0.2591944932937622,1.0756529569625854,-9.036758621013533,15.522094954926924,-174.11199945381182,47.73264041085071,-29.348943788045855,51.57823498905382,3.400378465652466,3.446977138519287,-0.008267299272119999,0.03145861253142357,0.4881739616394043,0.6473007798194885,37.82997260497776,41.74326118804487,-102.415544717323,73.8669249301788,-4.271372103697728,18.20943327833658
pi_3,upstream,3.45,3.5,30,-0.6226820087432862,0.3155949401855469,-21.61680081737624,6.53107981833226,-350.9257758564706,150.90563944674977,0.10343398355229302,62.861215724294645,-193.49083073302543,593.7310231894733,-7.123531049016568,6.487882468689214,-1.094662036895752,1.8849048233032228,-4.290009495489387,7.412603807271268,1.5103569030761719,2.0041937828063965,-0.06076958030462265,0.08025912195444107,-0.03771446645259857,0.9168226718902588,-9.345479756403524,14.94764018723571,-93.06346529063394,113.24142870273906,-30.703452262729424,52.10669355532688,3.4501044750213623,3.4990227222442627,-0.008877095766365528,0.032821692526340485,0.48949533700942993,0.6846286654472351,34.563789804256004,41.15146627759828,-54.507054256101135,90.44796046119345,-8.280048289058131,19.19575538979502
pi_3,upstream,3.5,3.5500000000000003,29,-0.6241877841949464,0.8610631656646729,-25.172848308736878,7.777299058819861,-407.5359136599103,316.3790615251396,-12.311190582705374,54.36595620822701,-387.6131807567103,590.9404264606595,-9.978601972517021,6.510468830829482,-1.2271661376953127,1.8898233604431154,-4.503022574420468,7.574835687848275,1.44010591506958,2.1118345260620117,-0.1942441165447235,0.07976355403661728,0.007273988798260689,1.8772611618041992,-7.808397763884576,13.597367283611195,-118.10645633532324,161.01131413513386,-29.926084527628177,46.194543281466366,3.5016047954559326,3.547982931137085,-0.009971519000828266,0.03332114219665527,0.5134196281433105,0.7362023591995239,34.869044618642214,41.21604230110617,-52.660167689435106,76.5127216485883,-8.795122718406857,21.22579239693526
pi_3,upstream,3.5500000000000003,3.6,17,-0.48820052623748783,0.7190545749664308,-45.21613917342955,1.7358036783778248,-487.9617189858906,36.1562893903795,-6.169257377240005,95.80612092166339,18.003343878494356,819.5512839435685,-4.14995590918746,10.08868866060733,-1.235384216308594,0.9671681308746339,-1.6941513140106785,7.740180407566329,1.424874186515808,2.2166316509246826,-0.10763879120349884,0.03110661543905735,0.0698881447315216,1.3374669551849365,-11.084948791766413,10.210822889335473,-80.32222550721706,178.1154875150581,-11.891808429930128,47.46125650455859,3.5510356426239014,3.5993869304656982,-0.010429943911731243,0.03012428618967533,0.505717396736145,0.6910048723220825,29.708010247808012,40.289049026952036,-34.22341415715759,59.41129400471037,-5.288619691455197,22.05391533646038
pi_3,upstream,3.6,3.6500000000000004,29,-0.412715220451355,0.8013961791992188,-52.69108795580775,9.636030881053989,-455.35163649182505,151.88340834719378,-12.79426339571734,110.46421231450934,-319.808581469673,757.766594824927,-5.357932129844407,10.985981685342171,-1.0391678428649904,1.822985649108887,-5.211637400345162,5.334259927556778,1.428265929222107,2.098144054412842,-0.2773427963256836,0.11429277807474136,-0.01595199666917324,2.400733232498169,-13.292056120164332,4.73234651220164,-78.28820200257643,118.86804974853635,-28.03682175980409,29.972085851688213,3.601067304611206,3.6487932205200195,-0.01645839773118496,0.034727197140455246,0.5105571746826172,0.870521605014801,24.44943223788956,41.07999176302869,-41.47011850804147,104.33641247798403,-10.407831519282793,17.202697298706248
pi_3,upstream,3.6500000000000004,3.7,30,-0.4558463144302369,1.1699211692810059,-58.05622545451486,6.621507254074998,-453.7496566031336,52.00242047236288,-16.215965334972058,114.05203555343617,-278.8970597376173,867.174040271052,-1.8030122350432272,11.735492700416891,-1.1956730270385743,1.7645009994506837,-5.495129676226517,8.082240659219488,1.32101309299469,2.178863763809204,-0.2842571437358856,0.12888354063034058,0.09710497409105301,2.322056531906128,-12.406368415015855,8.245379606603652,-212.11243992009477,113.97844026512928,-19.87158332405314,40.350698314400574,3.6524198055267334,3.6997013092041016,-0.022088143974542618,0.035125184804201126,0.5367212891578674,0.917759895324707,16.04433634150798,39.904260074775614,-31.968430617772466,151.06590300543496,-10.953840147162948,24.37140547228894
pi_3,upstream,3.7,3.75,18,-0.5461476135253907,1.643352966308594,-64.40871119397693,6.27041333262154,-556.1448200359732,-59.20498131064097,-26.268632632754947,105.2983353395536,-165.30804953820547,1346.7773562412744,-13.981884277174455,11.228026271075734,-1.305786762237549,1.9453893852233888,-5.769239641006977,8.286870128996602,1.11052668094635,2.155376672744751,-0.28852155804634094,0.13099265098571777,0.04752067103981972,2.0829885005950928,-12.53835072166895,8.830949653395416,-585.0077787890998,148.63319452875152,-18.320864005082615,31.564394192514946,3.7064812183380127,3.74947452545166,-0.033889900892972946,0.03307921066880226,0.5917301774024963,1.007452130317688,4.810752388118332,40.88033508830546,-13.888004639399933,126.51861293975934,-11.261356492280433,25.11941714900427
pi_3,upstream,3.75,3.8000000000000003,17,-0.5853262138366699,1.3636474990844727,-68.37373846000688,4.13744258502223,-496.73796565422344,22.86214579365008,-30.866598161244347,111.20183859392486,-344.8217723990136,853.0919387309133,-27.920400421107896,8.706471474539923,-1.0952874851226808,2.0260613250732424,-6.063880620794714,8.71987156105265,0.9110338091850281,2.287752866744995,-0.3178789019584656,0.13501101732254028,0.16347484290599823,2.075441360473633,-20.000629503136775,12.989673400324113,-355.3700433456145,109.3490814796672,-18.420253502790054,25.90676921052767,3.7517991065979004,3.797308921813965,-0.04011877253651619,0.03476608172059059,0.5492403507232666,1.0494788885116577,-28.338449743741027,41.61522929205298,-143.18983428857484,139.7110003782339,-11.350007486287375,23.29619953553203
pi_3,upstream,3.8000000000000003,3.85,19,-0.4162316226959229,0.4103371286392212,-69.08103186931838,-9.510490296561862,-514.9800348894935,-48.74543793645313,29.04785880414794,126.40162545965535,157.72668982365306,810.6630768143608,-22.98067277742875,8.793357344571508,-1.0836510372161867,1.1287040710449219,-3.2198027695850366,9.00902607598955,1.2522878646850586,2.2192044258117676,-0.1986200511455536,0.06302934139966965,-0.045533593744039536,0.6883126497268677,-29.577703898822506,16.5530778591945,-211.97833598593073,91.24892991497168,-16.745024957892074,19.124345260928113,3.805293560028076,3.849975347518921,-0.011816214770078659,0.034249722957611084,0.5632980465888977,0.8357778191566467,-34.20878047686084,38.667821665179474,-147.03987531992763,124.56109438401202,-8.850560527887183,26.258794851163863
pi_3,upstream,3.85,3.9000000000000004,14,-0.3117669820785523,0.24084925413131716,-60.89204486582329,6.9366090668102505,-401.2511014347448,203.3916680482008,-45.35698791939897,112.74439583683723,-314.51351829675565,863.3437248260223,-1.3034348674279161,9.289045587756432,-1.0378179454803467,0.9916185569763184,-2.0970342950525254,6.970617218304452,1.8333773612976074,2.312371253967285,-0.29776835441589355,0.065578393638134,-0.045459963381290436,1.722641110420227,-17.466613953136413,3.233342824305513,-164.89597056520026,21.97647174887994,-9.645026240190896,18.3625264514724,3.8501060009002686,3.898488759994507,-0.057907845824956894,0.03364091366529465,0.5792111158370972,1.155272364616394,-2.5036581339040067,42.354962684827456,-50.02832163240536,138.96126417341995,-1.5321992653753258,24.804793188296575
pi_3,upstream,3.9000000000000004,3.95,3,-0.294882984161377,-0.028525173068046573,-57.76240437679925,9.025060214512594,-305.1074462246777,181.79594860969783,-50.65625848884506,109.51266451028901,-309.0241225815731,775.2297492872489,4.379269854735993,9.520426967619919,-0.6472272300720215,0.8394254875183106,-2.3736544071459753,7.072209812337146,1.8576743602752686,2.2324209213256836,-0.29478350281715393,0.06984715908765793,0.11884159594774246,1.4398512840270996,-15.409572710992842,4.440824220028564,-184.94567668507088,-32.15081032899015,-10.704663495573966,17.25780653247266,3.9160451889038086,3.931490421295166,-0.06383147835731506,0.03374890983104706,0.7119218111038208,1.1851811408996582,-20.233745567056605,42.55817447301367,-235.6678362541228,42.6060916651359,-1.6319198579181962,25.08325489174481
pi_3,upstream,4.0,4.05,2,-0.18056249380111697,-0.17707803487777712,13.799847387782577,15.363397217108972,148.99698406432475,172.57796628698364,-67.07887119715586,-62.3461238382273,-296.00007198538265,-249.75928149304613,9.94456537295422,10.399621876265485,0.6752611827850342,0.6774669075012207,1.4335357118403298,1.744134285551042,1.874335527420044,1.895072340965271,-0.29371458292007446,-0.2858048975467682,0.9492897391319275,1.1584668159484863,-17.284358892871087,-16.649240092519108,-29.951062529422913,-28.159474881824597,6.3845987276185205,7.689575524214803,4.005552768707275,4.043078422546387,-0.08173514902591705,-0.07587181776762009,1.2382009029388428,1.2592893838882446,41.53057934257443,41.62828519865146,16.773551242960632,20.228472661017353,19.9915525954078,20.162717778060333
pi_3,upstream,4.05,4.1000000000000005,1,-0.18530051946640017,-0.18530051946640017,16.417537877757475,16.417537877757475,126.1093206839355,126.1093206839355,-70.93351577600923,-70.93351577600923,-207.55475030959363,-207.55475030959363,10.938343070303727,10.938343070303727,0.6715873336791993,0.6715873336791993,1.1071530344232967,1.1071530344232967,1.9140883684158325,1.9140883684158325,-0.2783214747905731,-0.2783214747905731,0.733646035194397,0.733646035194397,-17.895949399079658,-17.895949399079658,-25.167348298907722,-25.167348298907722,5.2795641930301365,5.2795641930301365,4.080997467041016,4.080997467041016,-0.08744603395462036,-0.08744603395462036,1.276124358177185,1.276124358177185,41.6658341636136,41.6658341636136,16.59452686217272,16.59452686217272,20.308900887451447,20.308900887451447
pi_3,upstream,4.15,4.2,2,-0.19041073322296145,-0.18965240478515627,17.4336360922763,17.594150660413476,88.42178484390917,96.56373233459038,-78.2344347534301,-76.40463390497284,-138.92457239719863,-113.11405933509666,12.090316641686005,12.635206275621293,0.6719638442993164,0.6743407344818115,0.04354906830313,0.41075402414232204,1.9490292072296143,1.9643975496292114,-0.26440900564193726,-0.25837600231170654,0.07961084693670273,0.2947438061237335,-19.341120097258685,-18.93263892639878,-27.35093928599329,-25.41827237354107,2.8010136210716854,3.491782454903398,4.157944202423096,4.196923732757568,-0.10371998697519302,-0.09842874854803085,1.2966595888137817,1.3003818988800049,41.54924283448149,41.619064443271945,17.396563533008763,17.52323792890311,20.531857510735065,20.613001705549284
pi_4,downstream,3.5500000000000003,3.6,4,-0.9398056221008302,0.16676945447921754,-64.58105052711468,-59.03839299678435,-210.25577593763185,-151.68544214429014,104.97394916530219,132.04280163857393,-296.9923072264888,368.42237092496873,5.999479415197924,18.86465696201026,-1.148252582550049,1.4706304550170899,-0.10881756538357382,23.2219125856075,1.3894227743148804,1.8853085041046143,-0.03445496782660484,0.09889812022447586,-1.0993149280548096,-0.22735707461833954,-9.160814493134827,47.36131376152838,-8.140757330218335,244.78742287165377,1.9753163211770752,68.06571058881764,3.561764717102051,3.5900135040283203,-0.005758367013186216,0.05451572686433792,0.5119071006774902,0.7035879492759705,-44.36620067839692,26.181177183074812,-2.2117159985403863,62.557832381741015,3.8906520972827483,46.22981083880742
pi_4,downstream,3.6,3.6500000000000004,4,-0.5901982879638672,-0.16888472318649295,-67.1875736577966,-57.58240157141274,-205.23252697292432,-140.44240435531555,127.10988875582899,133.6960079460405,222.48339915584214,346.9718886289769,-8.4700812148959,6.010466282640911,-1.1845873260498048,0.9238014507293703,4.2709286545825424,9.966743209669158,1.7263374328613281,1.8825452327728271,-0.013594326563179493,0.08632266521453857,-0.7131999135017395,-0.27269241213798523,2.1683739659450127,29.654184942053725,-47.17221997435658,65.34769145012443,7.573980548927861,18.525438416008253,3.6029250621795654,3.6481425762176514,0.014487022534012794,0.04110359773039818,0.6158492565155029,0.739259660243988,-38.033058034664336,26.240408583557162,20.190976630021275,127.50919527508628,8.706173316597388,17.198539331523236
pi_4,downstream,3.6500000000000004,3.7,12,-0.8403480052947999,0.14236527442932131,-69.8162675825244,-58.55732228297285,-204.6119906264503,-39.36927184765603,101.040450052481,140.60837795214687,-598.4801356816532,410.0207091592043,-8.896706636248497,21.985308495329214,-1.5101852989196778,1.757544631958008,-0.678935330420703,26.284940239690012,1.5350366830825806,2.0018765926361084,-0.042019281536340714,0.28196874260902405,-2.513388156890869,-0.06951816380023956,-10.532733973786405,32.20578310652499,-106.35506805699212,219.32536557043835,1.5554987438422414,68.8223930960175,3.65348482131958,3.6994664669036865,-0.008019238710403442,0.05916127935051918,0.44692090153694153,0.7457995414733887,-44.077881318057756,33.04268960062124,-71.47366079595218,117.11433037724387,4.049145130241161,50.931559462467966
pi_4,downstream,3.7,3.75,23,-0.8606534099578859,0.2201738476753235,-70.71945764742104,-59.00773910778934,-267.46512623695685,-11.562372184561134,114.22192284866189,140.82919796801337,-577.7374522289714,390.30053234603014,-10.174931401152742,8.411696846182313,-1.5292829322814943,1.749799728393555,-1.070043335300352,11.687979555285485,1.4253621101379395,2.063627004623413,-0.015816666185855865,0.2390974909067154,-2.5430638790130615,-0.05777287483215332,-11.632700081123817,16.75425083591347,-81.67454149117705,234.95364435374958,-1.732798501864725,40.144054356156424,3.7008237838745117,3.7481577396392822,0.004846673458814621,0.05483660846948624,0.41131311655044556,0.7411827445030212,-44.04484027794782,36.67816023919808,-201.6564311688024,131.48681057975656,-1.3816598165294052,33.790040008195234
pi_4,downstream,3.75,3.8000000000000003,23,-0.7128630447387696,0.21245981931686403,-71.90479599674173,-61.903090447903594,-159.4719670811314,22.873239728409473,101.08438182922254,142.66318572243182,-421.2033407551593,374.1340209957435,-8.525905803876112,9.925834348465527,-1.4400415039062502,1.742516784667969,-1.3179572219360498,11.74877726987706,1.383814811706543,2.0202159881591797,-0.04492880776524544,0.16200098395347595,-2.5679454803466797,-0.10391556471586227,-13.395420787968721,22.738263237578973,-78.37727449954257,161.88647993386593,-1.2486448114166022,32.545718206421945,3.7504146099090576,3.799677610397339,-0.01061748992651701,0.0539272166788578,0.3241622745990753,0.7734865546226501,-43.358758021103796,34.77986625374395,-173.69578138616959,130.8878576310598,-1.3621228041618767,27.889179016571777
pi_4,downstream,3.8000000000000003,3.85,23,-0.786468734741211,3.8346007156372073,-72.29345425108296,-64.22391359579305,-115.379516969574,288.60975266191554,96.61124313045698,144.79428670574586,-286.02878809910777,369.24281324807066,-21.828086293267955,14.559965671954174,-1.279055976867676,2.111735649108887,-1.8708263440812054,12.692094131829425,1.478658676147461,2.6563735008239746,-0.36984166502952576,0.12487832456827164,-2.4464683532714844,-0.2909854054450989,-100.81277935687697,22.33693668987466,-482.1776962306704,139.70593237786974,-89.5966388528539,42.908221667976825,3.800358295440674,3.849759340286255,-0.003532327711582184,0.06268765032291412,0.28303638100624084,0.781072735786438,-43.38978757050316,31.81949151273117,-6.672186403942846,153.74609655650465,-10.548217755397193,37.722012429017234
pi_4,downstream,3.85,3.9000000000000004,29,-0.7885043621063234,0.6654222393035889,-72.57407257313294,-63.597598909281224,-201.69652437923037,29.383941677353,88.00898187085194,142.916613061396,-370.20767309098335,394.37662531815363,-22.512245212735245,12.256723019275677,-1.2058474922180178,1.9265111160278323,-2.184780671027663,13.175778422775009,1.5218056440353394,2.180483102798462,-0.06307610124349594,0.10221710801124573,-3.028563976287842,-0.16084939241409302,-16.59226094691557,20.194524913295098,-90.34420305751179,92.2409534202135,-17.064686348785134,43.4336237245963,3.8507325649261475,3.8998477458953857,-0.014047810807824135,0.06767662614583969,0.3433643579483032,0.7623460292816162,-42.83569871936963,30.27030557122931,-12.998643146251633,135.25066828416215,-16.064217570232326,40.07653996572612
pi_4,downstream,3.9000000000000004,3.95,20,-0.7621962833404542,0.8380856704711915,-71.73410273919394,-64.9067822486326,-152.93143257344053,18.072890572170717,75.74858740500395,142.60088073682297,-872.6482456455204,475.7760604499409,-19.66942621931969,17.716944034043184,-1.1098186588287355,1.670058116912842,0.7118055829615608,13.383054719748861,1.364797592163086,2.4402048587799072,-0.04890090227127075,0.12043639272451401,-3.055046558380127,-0.2443862110376358,-12.313868016860019,23.99943717725432,-211.83680080594974,237.16200843695478,-14.988906482653634,46.3655234069593,3.9009623527526855,3.9465596675872803,0.0022957094479352236,0.07021091878414154,0.3498404026031494,0.7027678489685059,-43.27434712824619,23.77994904827596,-190.15019887035055,144.06449465330832,-16.359542534727538,41.26841931569155
pi_4,downstream,3.95,4.0,22,-0.724329595565796,1.2876604461669923,-72.09210027435098,-68.32378928660657,-209.32618719159314,61.044911329637344,87.98522647291864,144.22186221178544,-1538.2368477340033,313.2403710354653,-12.024097201015016,5.877886183616044,-0.669499969482422,1.7441954612731936,-3.193020533136588,7.023718979143783,1.579798936843872,2.526479959487915,-0.06264704465866089,0.11477518826723099,-3.682218074798584,-0.6557871699333191,-17.66084062746948,24.702463425881852,-80.26256380481699,529.7122065140774,-106.27704680610306,24.148285782289115,3.9503796100616455,3.998865842819214,-0.00408856850117445,0.06639272719621658,0.2697603106498718,0.7030051946640015,-35.71129915085858,28.225452801659628,-78.21908731836507,209.88981440190258,-16.63263957871759,32.04655352192525
pi_4,downstream,4.0,4.05,23,-0.6771033477783204,0.5157668781280518,-72.2751561742965,-69.20066946282031,-84.38163232719825,37.342857173750794,44.79993818126024,142.8788694360425,-973.2764937815912,130.71927490196555,-11.038516487907378,10.943344369858595,-1.0663939666748048,1.6479594802856448,-3.5418398803632316,13.926989027022751,1.5380573272705078,2.2301909923553467,-0.03307592496275902,0.12539799511432648,-3.312507390975952,-1.5375914573669434,-17.80483467555169,25.93966852421233,-91.76048376304895,340.94850872448274,-9.86804130810192,24.93264592355316,4.0007195472717285,4.049188613891602,-0.0042780679650604725,0.06827786564826965,0.3000677227973938,0.6322818994522095,-40.803290554467715,25.059554253426583,-8.308558002652623,139.7852308741336,-16.873177460426625,32.376890491700074
pi_4,downstream,4.05,4.1000000000000005,12,-0.7328807926177979,0.4950967454910279,-77.80780064730358,-69.5517548465373,-514.9800348894935,25.813101703797408,37.00653865901936,142.92823804336334,-580.8116384121241,261.7702511107836,-9.547994841409736,-0.6454401375219202,-0.6933409023284913,1.071467514038086,0.708524817482794,10.638849542235816,1.1393579244613647,2.1468074321746826,-0.01079974789172411,0.14528004825115204,-3.1338298320770264,-0.102101169526577,-12.654726899842212,128.77683740390563,-60.13758900029285,327.9358782045846,-119.2901417788648,22.913071684101695,4.051515102386475,4.0959882736206055,-0.004674588795751333,0.05688522756099701,0.2692442536354065,0.5418392419815063,-35.68064526186357,11.84175338859769,31.491051621207347,188.61036004272785,-16.95479497634671,31.356257012163013
pi_4,downstream,4.1000000000000005,4.15,14,-0.7733444023132325,0.7748875617980958,-79.95157846171715,-68.60795930702496,-506.4716409196519,35.10050606923561,37.07416436199166,143.1324470391684,-358.0390900279587,455.0045535989617,-10.255984255565501,-0.04480999446003088,-0.7944209861755371,2.285618133544922,-4.608768143867481,11.29040929862921,1.0580132007598877,2.1983678340911865,-0.0321333110332489,0.13933078944683075,-3.4257943630218506,-0.059588853269815445,-17.98003756549898,112.21255632692501,-266.7092155411332,351.4323846475888,-72.25562866345943,22.726143066896785,4.101349353790283,4.147899150848389,0.004375054035335779,0.07391645759344101,0.27519312500953674,0.5448412299156189,-37.851166681972316,20.493408868732978,-35.66458407203028,143.67658088958663,-17.07108239255209,33.391351578841785
pi_4,downstream,4.15,4.2,8,-0.7075197315216065,1.0649902629852297,-76.02352300966447,-70.53161378486735,-619.6430670135875,30.549110478054647,28.577344147698685,144.54182925364384,-200.57570399680964,310.32442667500345,-9.735884883624337,0.4642363619592254,-0.6993838977813721,1.5901271820068361,-4.960205551988402,12.54644858483852,1.5464273691177368,2.1571602821350098,-0.0269159022718668,0.35319459438323975,-3.0619308948516846,-0.40600815415382385,-14.254189010050887,44.1626473807522,-201.8553672585682,291.6730925046662,-48.339277322363735,65.50324217828229,4.155787467956543,4.192379951477051,-0.005954747088253498,0.07676113396883011,0.26830464601516724,0.4362618923187256,-38.179650969725735,15.038075306941264,-2.5039669865205383,138.1810926456644,-17.205825934854126,33.78512185640423
pi_4,downstream,4.2,4.25,2,-0.8458502006530763,-0.2679052472114563,-74.70333623556022,-71.67365556503933,-821.6788605492708,33.57192680845968,138.46382149616792,141.92060755586803,-100.14417213902442,165.09472907004763,-8.336807284546513,-3.074655933731917,-0.14446423768997194,0.9822020530700685,0.44213338546679176,5.581968048086685,1.2129069566726685,1.809366226196289,0.031596772372722626,0.07513511180877686,-3.476473093032837,-1.4989664554595947,8.841212866397006,15.904179152192023,-7.540314546508868,493.10113580800174,-8.286670661457318,7.833979383647212,4.20077657699585,4.228487968444824,0.016253607347607613,0.033669814467430115,0.28003525733947754,0.31155845522880554,-33.42148506180098,-3.523973990235314,94.2571501311204,116.08549898256486,5.832607633512857,10.274396699174657
pi_4,downstream,4.25,4.3,1,-0.745140085220337,-0.745140085220337,-72.18704673400333,-72.18704673400333,28.63789377469085,28.63789377469085,134.02952608321223,134.02952608321223,-172.9200221606179,-172.9200221606179,-5.1351924456558615,-5.1351924456558615,1.5283739662170412,1.5283739662170412,5.450328375386136,5.450328375386136,1.8726069927215576,1.8726069927215576,0.10166270285844803,0.10166270285844803,-3.7128210067749023,-3.7128210067749023,-8.797508193445388,-8.797508193445388,6.1409441086961865,6.1409441086961865,22.99901936952255,22.99901936952255,4.260484218597412,4.260484218597412,0.05011206865310669,0.05011206865310669,0.3005780875682831,0.3005780875682831,-32.46580840822738,-32.46580840822738,52.37769838612006,52.37769838612006,34.73182710158,34.73182710158
pi_4,upstream,2.7,2.75,16,1.8435786437988284,2.002989902496338,-72.52920506047512,-71.87216818307658,-20.217551188534504,42.751660071821796,142.87560460561923,144.4199786788508,-139.79054476130787,-12.329598796292204,0.12132611390808463,0.4477585748402855,-0.14969574928283694,1.0830578327178957,-0.6706726020546075,-0.2097279479567292,1.8639659881591797,1.925232172012329,-0.01509712915867567,0.1684005707502365,-0.0878700241446495,0.04090212285518646,-5.43109193976687,35.786424401539556,-43.15785825195162,5.232364597657587,-18.02353391768091,21.284399416133816,2.7383170127868652,2.7394795417785645,-0.0026363374199718237,-0.0006068498478271067,0.11873812228441238,0.1201678067445755,-1.1090138668318565,15.708171506032874,-111.68584628907948,189.9738024048458,-1.0670799760968444,-0.6715245316346423
pi_4,upstream,2.75,2.8000000000000003,9,0.7255102634429932,1.9263402175903321,-72.21934669858832,-60.11686620635103,-12.624580152393069,482.386426811706,137.028347959063,142.65070013662904,-359.63366599158985,-141.55299311435962,-0.06631210792593362,0.27920809177132827,-0.024784923493862153,0.9297206115722657,-0.7580544914355845,0.2564535151371129,0.7270516157150269,1.931049108505249,0.0013310817303135991,0.124894879758358,-0.06352792680263519,0.08887988328933716,-2.4364913342665706,24.59687040886075,-24.387224582476378,25.66274362695604,0.874193937518375,74.43342081993966,2.77506685256958,2.7996132373809814,-0.0028044437058269978,0.0016865349607542157,0.11831624060869217,0.1190037801861763,1.928749158632986,13.527069269126132,-59.37131007730912,31.11559612253175,-1.2313635193833425,0.40887400803942114
pi_4,upstream,2.8000000000000003,2.85,35,0.7729374504089356,1.920329933166504,-71.63154061861702,-60.78316482026411,-16.62539248703201,524.7244745330539,118.68669456569417,143.99586491252805,-708.2027533768393,-5.9585524446474585,-0.5397488643540905,0.16415298461019673,-0.3558827781677246,1.9590628623962405,-0.8930909565695708,2.2191853471536533,0.7463980913162231,1.8383970260620117,0.0011501368135213852,0.2253236174583435,-0.13251110911369324,0.14574472606182098,-5.849184467449452,39.68197498333213,-39.916178754877286,57.94971548459768,-8.06381781053908,112.77908636763172,2.808769464492798,2.845304489135742,-0.0026301033794879913,0.01198605727404356,0.11731505393981934,0.1193082258105278,-6.396128513824325,16.18553001203048,-147.17143842372042,120.30017649294794,-0.9393637585202562,5.020558522505308
pi_4,upstream,2.85,2.9000000000000004,30,-1.8539282798767092,2.0575888824462893,-70.32907818540896,-28.468904649340978,-608.0816331262636,578.3489454049843,25.51930111664931,130.5356794170756,-1642.3570164228645,-158.35370118946022,-0.3585267406998257,36.65415776040218,-1.5795409584045412,1.5868906593322756,-1.4800414276181624,2.9511235783777767,0.5721391439437866,2.0188140869140625,-0.06022829934954643,0.10857298970222473,-0.039037302136421204,3.623720645904541,-22.768524390696715,12.119283611369172,-13.496111436713049,1026.0274107794337,-24.23561145837502,144.44030532182077,2.8504128456115723,2.897167921066284,-0.001280072727240622,0.013480876572430134,0.1172557845711708,0.23358535766601562,-17.748704180952526,6.525289952350205,-57.580878439227824,144.42702743407426,-1.6044584140711344,6.303900682865837
pi_4,upstream,2.9000000000000004,2.95,24,-1.0209889221191408,0.840586862564087,-59.99151857470296,-34.99130841988003,-606.4430434236209,448.1944998266222,26.789919500399492,97.30938408628067,-1716.038474396321,1285.7134979668797,0.5285526786425357,44.07179060896492,-1.1959348487854005,2.5628298187255862,-1.4977012449107627,5.102127729616197,0.6949143409729004,2.222789764404297,-0.047209881246089935,0.11206258088350296,0.2009717971086502,3.57002854347229,-25.49646267161208,3.7481905311100268,-290.059392011359,788.4966540895682,-39.40627439748457,89.12535580012302,2.9257917404174805,2.9496853351593018,0.0005002485122531652,0.008646707981824875,0.12014257907867432,0.31024977564811707,-16.02047166054795,14.242295089384955,-116.19632563203749,165.7690463260463,-1.1145489099898274,13.295822285950628
pi_4,upstream,2.95,3.0,28,-0.296769609451294,0.5627266311645508,-62.29295081553875,-27.225747041148836,-356.0344568273166,-88.33575861131285,29.271021574899766,95.59885200111019,-1449.1506357480134,1391.1432051649292,12.043192781895943,36.993277714071105,-1.4242297935485841,2.321851272583008,-1.3894045501850705,5.521206881992262,1.1448510885238647,2.4227025508880615,-0.016587266698479652,0.1508568376302719,1.7297189235687256,3.6497368812561035,-7.6426085821608565,12.177454624982877,-504.94839945171236,626.8044383960759,-22.42683905482495,74.00747656291932,2.9502885341644287,2.9992401599884033,7.553830073447898e-05,0.012904047034680843,0.15219812095165253,0.3795296549797058,-11.159936584890337,33.51430733262145,-131.13258330902136,245.093360704957,-2.5465086523223945,14.426705306628412
pi_4,upstream,3.0,3.0500000000000003,25,-0.7836991786956787,1.218911476135254,-64.80186371279203,-57.47976431875496,-211.0585827122968,9.855416557194799,50.39319716805661,106.39787285252059,-248.90990648862004,1450.712399482872,16.675555016179427,33.09149754927634,-1.115833148956299,2.5483250808715825,-1.3205143170411873,6.167341913448491,1.3264533281326294,2.4619688987731934,-0.028246652334928513,0.1260732263326645,1.4073187112808228,3.479196548461914,-7.926390135570192,15.404675465357943,-511.03387943614024,133.47233291110092,-32.03556113202993,76.05975716321139,3.000476121902466,3.0498974323272705,0.001546704676002264,0.014593026600778103,0.3184385895729065,0.46874213218688965,9.640019711529277,39.03030321952664,-126.65636419494015,235.851923512633,-0.39473981925000984,15.618792862654631
pi_4,upstream,3.0500000000000003,3.1,26,-0.8089795303344728,0.8176208496093751,-64.88526715274705,-46.01656221207418,-419.25329442636394,521.952073428189,38.09188986908024,96.37528058520056,-996.2470210169911,899.2699734451556,16.767156630964585,32.93579002213495,-1.2736748123168946,1.680721378326416,-1.2066096046268648,8.445648245974265,0.9394075274467468,2.3784797191619873,-0.037513721734285355,0.11889497935771942,-0.0226382315158844,3.1110992431640625,-11.632502859411533,13.990139873153717,-318.9783036741663,147.75990020185202,-32.21631184313057,83.05476562808572,3.051017999649048,3.0987586975097656,0.00029524642741307616,0.019220169633626938,0.2668967545032501,0.5065213441848755,0.5233382722730742,37.42329289651145,-115.88436357188633,241.61605675699013,-3.870376289721554,19.71387199729018
pi_4,upstream,3.1,3.1500000000000004,33,-0.5308234977722168,0.9592877769470216,-64.65459117390822,-23.46024838379517,-226.09124167922627,621.3066278878358,16.10754632718186,82.1545808464239,-916.1755112636376,1331.1083558701316,16.518494113969084,27.606873814909555,-1.2720272445678713,1.8895707511901858,-1.2421150856873187,6.312038475425848,1.1408958435058594,2.7319223880767822,-0.04079851880669594,0.10419384390115738,0.10488288849592209,3.3258705139160156,-9.015370737401284,12.577801894314943,-422.2708446809189,152.36490936292302,-38.76253589840004,79.39489072360443,3.101300001144409,3.1492269039154053,-0.001291705877520144,0.023730142042040825,0.3294520080089569,0.5396861433982849,18.324519863835864,37.98780120122383,-38.55138060020909,213.08453976352766,-4.709658595155552,14.832240819009238
pi_4,upstream,3.1500000000000004,3.2,28,-0.45194615840911867,0.5806737709045411,-62.38332104844719,-15.209419140007496,-189.44274153649897,533.1211812495874,11.202730281361404,81.21586696765402,-738.742769458014,502.2002591787794,12.398114182805001,25.014734398541165,-1.0725599956512453,2.079175090789795,-1.354184742321636,6.657289938894482,1.3702138662338257,2.339449167251587,-0.02496708184480667,0.09205549210309982,0.27271777391433716,2.6280410289764404,-4.440885691731094,8.481705859433385,-311.4632924172114,117.6996229476006,-26.61305858203118,85.94006292974171,3.1505165100097656,3.1979055404663086,-0.002537528285756707,0.025568626821041107,0.38800808787345886,0.5585190653800964,20.180813308536298,37.19557438958322,-98.23752483221537,63.825365227533645,-5.843256320189434,16.12449963887898
pi_4,upstream,3.2,3.25,18,-0.45388004779815677,0.8050721645355225,-62.135678879710035,-6.800589691470854,7.165031510109809,520.9777606034651,11.92649981449827,74.18306023591283,-718.113084654961,119.0138333061811,6.8058516321845355,23.906495954394664,-0.8390476417541505,2.1651874732971192,-1.382593061389303,6.94332493661413,1.541020393371582,2.0434675216674805,0.02505427412688732,0.13491509854793549,0.06444699317216873,1.0529721975326538,-1.615279547665955,14.595292926069554,-312.30389745874317,122.92064686991503,-20.92737176783891,87.9031685802301,3.202615976333618,3.249541997909546,0.0026135859079658985,0.03026600554585457,0.45296579599380493,0.598261296749115,25.515373757876553,37.947895820998035,-90.42766796916935,63.78840707393471,-6.314783174638791,18.727853094066855
pi_4,upstream,3.25,3.3000000000000003,32,-0.4543373680114747,0.8839204978942872,-49.42717619298502,-4.5446123595614925,-1.7516045739707087,482.16529260713764,10.23394222590232,43.60843558621361,-678.8957230446351,205.5595427700062,-0.8126310929322732,15.387255848897022,-1.029144115447998,2.1856444168090823,0.4151986947878804,7.403687597670705,1.4687105417251587,2.047858953475952,-0.02072164975106716,0.14849191904067993,0.33876681327819824,0.8891844153404236,-3.2285849572183647,19.965197896817333,-336.2297222722177,-60.6530428863862,-22.906058787371386,85.70610846010128,3.2502849102020264,3.29537296295166,-0.0034528695978224277,0.033067185431718826,0.46526700258255005,0.6183502674102783,24.48797841047053,38.02368018493391,-70.99126502544169,142.13122326911457,-3.153744983147773,20.00508682539141
pi_4,upstream,3.3000000000000003,3.35,23,-0.48787041187286384,0.8207044982910157,-45.64053639260288,-5.530594562482438,-193.50932688529784,508.1008869235101,10.172232320524902,52.97090714572484,-731.7032486503188,916.4395390561937,-3.546317913287482,17.93568057713617,-1.2056664466857911,1.6803726387023927,-1.343833196680025,7.452234142188375,1.6134796142578125,2.191387891769409,-0.0018800041871145368,0.11789002269506454,0.018590856343507767,0.9196333885192871,-4.452132451973166,13.365691535832594,-245.69551018218533,-29.815162255507172,-33.69781402505218,65.62443022472583,3.3005380630493164,3.3494627475738525,-0.0035725412890315056,0.02769501693546772,0.46435612440109253,0.6098137497901917,12.237117181156584,39.06882207135092,-149.44216213404783,41.40400569197033,-7.897221060143043,17.75677078199027
pi_4,upstream,3.35,3.4000000000000004,27,-0.7564943504333497,0.5754417419433594,-24.381480393384397,-5.312457957186095,-612.5124041616076,344.9096359524966,6.166535973742578,68.45216269205696,-542.0215734362744,1132.5971585122284,-4.55580147461652,11.110413137463638,-1.1410943412780763,2.1941535568237307,-1.2963405478922772,15.043825264651863,1.647213101387024,2.2756903171539307,-0.007459823042154312,0.15584881603717804,0.12678439915180206,1.582781195640564,-3.9378738489845664,48.30939524474493,-308.23217580768846,113.56643642420494,-37.62273442027582,84.93293104605583,3.3518781661987305,3.3977761268615723,-0.0036438493989408016,0.0448698028922081,0.47268328070640564,0.6725173592567444,5.186476825492503,38.7342794058037,-66.96032643392111,140.10007527411452,-8.567700876813289,31.155726276210544
pi_4,upstream,3.4000000000000004,3.45,33,-0.8785269832611085,0.8595569229125978,-43.83273899855683,-7.868258395544214,-572.6946962439944,298.35695170190064,-1.389475628139449,93.25978541794763,-256.74508969310847,1052.6965127711521,-4.940154501835767,9.44569018412731,-1.3707662200927735,2.221312656402588,-1.2727435904657987,17.346171964512518,1.6390457153320312,2.2840967178344727,-0.12500663101673126,0.13249826431274414,0.2961246371269226,1.5095354318618774,-0.641029208500711,41.23038569836319,-231.3636696052342,188.34108666488927,-43.83770113098884,68.79458739590638,3.4010872840881348,3.448917865753174,0.005473827011883259,0.04704219475388527,0.4809282422065735,0.6870884299278259,-32.683595820102404,37.6008948904047,-220.9082619105888,96.54221040851567,-9.354913274331551,37.020158542966016
pi_4,upstream,3.45,3.5,23,-0.6513810634613038,0.8352775287628175,-48.91840564699453,-10.956791391048524,-654.5872983546133,180.38390262144608,0.15974358385418552,103.82099274283652,0.28697570738294836,1077.1833420022947,-7.369799482722889,5.608769946739575,-1.1845516777038576,2.123773708343506,-0.47515732962418067,8.279022279029347,1.6013237237930298,2.3150084018707275,-0.14567480981349945,0.13529500365257263,0.23625190556049347,1.5728245973587036,-5.844618485989298,13.647669919301046,-207.95842814991974,105.39042678013288,-31.262974529347698,50.94119349045049,3.4531514644622803,3.4999582767486572,-0.004155000206083059,0.034977566450834274,0.497003972530365,0.6927148103713989,-3.783792038385072,38.261582503914624,-20.019164928996897,115.12695023444526,-6.291983367489635,22.203129525840705
pi_4,upstream,3.5,3.5500000000000003,25,-0.8685561275482179,0.7942453479766847,-58.58661013413386,-7.989150182532501,-579.9074306490412,140.0417727793593,2.0066557904100324,125.77234647104373,-128.83814518189567,1074.745237676167,-9.833856913875058,12.281635447658596,-1.1675980186462402,1.6729820823669435,-1.204060053250718,19.864027277843917,1.5706347227096558,2.3679308891296387,-0.0301999282091856,0.15495799481868744,-0.0381588339805603,1.541001796722412,-8.18990224884387,50.57882804931921,-161.9616256751144,168.10171985214575,-44.27572799265093,59.93107823073751,3.5021910667419434,3.5497190952301025,-0.0051268101669847965,0.05028945580124855,0.4921684265136719,0.7215098738670349,-39.708745909784,38.33036933904582,-7.968005624409434,128.38247594160742,-11.017835306468536,40.65131722993934
pi_4,upstream,3.5500000000000003,3.6,26,-0.8108050060272217,0.731327886581421,-64.49322112457749,-11.361920646573246,-505.33307570576744,21.975153522370128,20.4325894492686,128.24196529000193,179.88954718969887,821.0938685072375,-7.0244663595618375,4.647992988710335,-1.1793877410888673,2.0552638626098636,-1.1425510596073432,10.258468904632432,1.7506437301635742,2.28948712348938,-0.08955702930688858,0.16766633093357086,0.00808468833565712,1.1453579664230347,-5.211291329633982,26.112082989430963,-208.36610848109945,97.74196045698508,-49.62546682987425,45.37658031703315,3.5520427227020264,3.599449396133423,0.006272326223552227,0.047896675765514374,0.4988250434398651,0.7312443256378174,-32.77170867549015,37.2938403211722,-146.7586081299065,100.95503853691,-12.86757230230917,30.212613281398564
pi_4,upstream,3.6,3.6500000000000004,26,-0.7754737567901612,0.6789724826812745,-60.443540493974396,-16.486058335511043,-552.0577441196643,-19.282817602503457,8.303972384398605,127.05005629869969,-140.3401700838188,1068.066296215135,-11.812338918002053,5.823432221554378,-1.079367027282715,1.8842436599731447,-0.9425790243744606,10.56516414983031,1.607572317123413,2.3867502212524414,-0.03600921854376793,0.1639767587184906,0.05602439492940903,1.09217369556427,-7.55295295779433,15.481677310513374,-176.24758104122137,81.39086324437892,-39.6548557172326,40.76676611788107,3.600464344024658,3.645866632461548,0.005601025186479092,0.04888135567307472,0.5143476128578186,0.7424910664558411,-14.770181627315024,36.02533075832826,-206.8488092777378,100.37306543848989,-13.750779623209331,30.950876245811763
pi_4,upstream,3.6500000000000004,3.7,16,-0.687766809463501,0.44900460243225104,-60.04718461643856,-34.52422593348871,-608.9006547700181,-206.68936534175302,56.749999587074115,123.81522406626829,417.6790724264594,918.0632116256891,-2.4854689472564306,6.140210747591417,-0.9479832458496095,1.4931421852111817,-0.869664446587013,8.95839950668588,1.8658757209777832,2.2627956867218018,-0.09730049967765808,0.15031707286834717,0.13279427587985992,1.115173578262329,-9.653820962520934,13.699085875825611,-90.24892874877928,128.9160366591905,-29.56308729399868,28.286907428716816,3.6506690979003906,3.695061445236206,0.0053672343492507935,0.048499759286642075,0.5352400541305542,0.7391983866691589,13.674685878789386,34.81089580314331,3.082095115324751,91.64542239629093,-14.40398500357893,26.56874180349218
pi_4,upstream,3.7,3.75,11,-0.7174432563781739,0.6549413585662842,-62.35508504641836,-27.5248393173564,-454.1286501397993,-48.776808995310994,14.402982119798676,120.74823690250078,6.7143171451776,1012.4204718394743,-9.093880992178095,6.077857593363228,-0.5334958887100221,2.323742370605469,-0.64007462743866,7.595869518379552,1.6232101917266846,2.3062469959259033,-0.1174350380897522,0.038871459662914276,0.18524996936321259,1.2328323125839233,-4.147479121120741,17.240686663318023,-297.9288627654809,-18.868124374593425,-26.222339318107892,30.850905801626244,3.7008907794952393,3.7470109462738037,0.003127103438600898,0.03524048998951912,0.5597947239875793,0.770397961139679,19.61278404130677,34.92841603800255,-30.597447726810827,67.18152211019198,-14.911845457295993,29.208602971501765
pi_4,upstream,3.75,3.8000000000000003,3,-0.6293642044067383,0.6623202991485596,-56.225420568249625,-44.750258800332155,-348.56389644148015,-225.93513087555644,31.833937362825743,106.15626174082055,265.78550075778065,774.4378844756343,-6.218685696854786,4.893249571551955,-0.5330343627929688,1.6771977996826173,-0.41876608137566923,7.553375765488304,1.4635822772979736,2.226383924484253,-0.016115577891469002,0.04431116580963135,0.19501470029354095,0.8510213494300842,-4.7074876118305555,20.552822976775627,-115.67329706615459,61.92918860072221,-21.3116211350709,26.122703933590333,3.756967544555664,3.7938485145568848,0.0048680552281439304,0.035895757377147675,0.5806550979614258,0.7787166237831116,17.195262490242854,30.873315652293055,-10.595406935836797,51.89106448322957,-15.351994407696736,29.63751311041068
pi_4,upstream,3.8000000000000003,3.85,4,-0.6366828632354737,0.6598952770233155,-67.81331460841815,-59.54604680684555,-266.42945099272947,-71.51996264833569,115.470672674237,122.99672151689063,423.08910134348645,562.385044786237,-18.733848704835676,3.0711019425694372,-0.5422282648086548,2.2435301208496097,-0.12500177333681883,7.4725884995213026,1.7758327722549438,2.1755993366241455,-0.10233525186777115,0.040104739367961884,-0.018504373729228973,0.3440764844417572,-5.36055956441591,16.748784977030166,-232.25186740490267,-95.26014975035842,-18.4909425456051,24.452854162663737,3.8001394271850586,3.8286943435668945,-0.0016020698240026832,0.03652208670973778,0.592257559299469,0.7844433188438416,14.578506028636957,31.77793664182081,-9.966633381223762,61.35690071054518,-15.729962488926985,29.90767365480716
pi_4,upstream,3.85,3.9000000000000004,2,0.7230064010620117,0.889556941986084,-61.973209169922946,-57.68357716358814,-205.88881252951415,-141.81599637854012,50.94442075483332,64.4462977249795,454.1450152730506,665.6967922849357,-10.602661126059317,-6.696319326487553,1.086987762451172,1.272203884124756,6.622208166061082,7.235913561823333,1.3816107511520386,1.4502794742584229,-0.06081918999552727,-0.03789336234331131,-0.019029105082154274,0.04049273207783699,24.063304568635814,24.433109793320522,-259.2516051939631,-107.62198618575944,-19.46653090815658,-18.75761191382262,3.850914716720581,3.8785107135772705,0.0063713020645082,0.0074913292191922665,0.6388511061668396,0.6413138508796692,23.713163458571575,26.135344906196732,56.35968159676457,74.43349595202052,-12.552038436018915,-11.682093770095491
