time,step,roll_angle,pitch_angle,yaw_angle,pos_x,pos_y,pos_z,vel_x,vel_y,vel_z,hip_position,knee_position,hip_velocity,knee_velocity,hip_torque,knee_torque,steering_torque,rearwheel_torque,action_hip,action_knee,action_steering,action_rearwheel,total_reward,roll_reward,pitch_reward,yaw_reward,speed_reward,position_reward,height_reward,survival_reward,raw_roll_reward,raw_pitch_reward,raw_yaw_reward,raw_speed_reward,roll_deviation,pitch_deviation,yaw_deviation,cumulative_reward
0.002,1,-0.001966300192359858,-0.1371726264365081,-0.5700835011453729,1.5068061552141856,1.4885771951104715e-06,0.25185193932805844,3.313767114372038,0.001185492898978535,-0.23949982433488892,-1.1941593346916481,2.497802236870858,5.618880602131617,-2.1762144700441106,108.70904922485352,-180.0,-4.0,12.0,0.3197325,-0.72627527,-0.6775459,1.0,9.907854919617646,3.998426959846112,3.9817103164751324,0.19619944332569753,0.2798957183341976,0.0,0.0,1.5,0.999606739961528,0.9954275791187831,0.9809972166284876,0.9329857277806586,0.001966300192359858,0.1371726264365081,0.5700835011453729,9.907854919617646
0.004,2,-0.002191875762937112,-0.3716495145629565,-0.5637707910826918,1.5134714897496644,9.353147867808176e-06,0.25143087659382457,3.352068118640483,0.006352851870057032,-0.18230442444641276,-1.1844631840940925,2.4939057828444944,4.103444978581189,-1.7254218488270456,-49.262526535585295,11.320624976048919,4.0,12.0,-1.0,1.0,1.0,1.0,9.919055406407244,3.9982464993896505,3.950446731391606,0.19624152805944872,0.28715288997850685,0.0,0.0,1.5,0.9995616248474126,0.9876116828479015,0.9812076402972436,0.9571762999283563,0.002191875762937112,0.3716495145629565,0.5637707910826918,19.82691032602489
0.006,3,-0.002772834282307671,-0.5620947489888737,-0.5617101861336911,1.5202023510188338,1.4789768949768031e-05,0.2511116248264843,3.37930063944553,-0.0008094361921505916,-0.1376545614258848,-1.1772439452787953,2.4908199253593306,3.133473516526437,-1.3650414511715445,-30.782137932180717,9.845952675236333,-4.0,12.0,-0.3578769,0.6591284,-0.7798093,1.0,10.056737362342618,3.997781732574154,3.9250540334681503,0.1962552654257754,0.29138511264315803,0.0,0.0,1.5,0.9994454331435385,0.9812635083670376,0.9812763271288769,0.9712837088105267,0.002772834282307671,0.5620947489888737,0.5617101861336911,29.88364768836751
0.008,4,-0.004517393798052232,-0.7084745568094699,-0.5625114727474225,1.5269964366970323,1.643554511913196e-05,0.2509068453355427,3.41054369626833,0.002586993407841973,-0.05805218955802143,-1.1723959217247244,2.4885617030405642,1.6696938923072413,-0.8630607241975176,-40.21856899012997,8.661222183991583,4.0,12.0,-1.0,1.0,0.57481635,0.09147201,10.156587136820736,3.996386084961558,3.9055367257587372,0.1962499235150172,0.2952367609986819,0.0,0.0,1.5,0.9990965212403895,0.9763841814396843,0.9812496175750859,0.9841225366622731,0.004517393798052232,0.7084745568094699,0.5625114727474225,40.04023482518825
0.01,5,-0.0010769244165172733,-0.8012609673485401,-0.5568510586109644,1.5338591994350006,2.4899435823552486e-05,0.25083192208629435,3.451981680670085,0.005873662073776993,-0.017705429215665903,-1.1701808780111067,2.487175872730324,0.5722632400697547,-0.5292613163718642,-33.869275579848164,6.6029630128747385,4.0,12.0,-1.0,1.0,1.0,1.0,10.186252380872093,3.9991384604667863,3.893165204353528,0.19628765960926026,0.2986197296221519,0.0,0.0,1.5,0.9997846151166966,0.973291301088382,0.9814382980463012,0.9953990987405062,0.0010769244165172733,0.8012609673485401,0.5568510586109644,50.22648720606034
0.012,6,0.004619597504863478,-0.8549123627809175,-0.5428558137851295,1.540811511704961,3.991117392499453e-05,0.2508236266629477,3.5018748348725146,0.012251397110446465,0.006394655370111385,-1.170103300474043,2.4863856221763614,-0.49162225250440916,-0.27548415854452546,-28.82513106138427,5.211132035794492,-4.0,12.0,-1.0,0.80805504,-1.0,1.0,10.192998634979599,3.996304321996109,3.8860116849625443,0.19638096124143248,0.2999978910039336,0.0,0.0,1.5,0.9990760804990273,0.9715029212406361,0.9819048062071624,0.999992970013112,0.004619597504863478,0.8549123627809175,0.5428558137851295,60.41948584103994
0.014,7,0.010518763285539391,-0.8767683636913798,-0.5230700276909974,1.5478541806477113,5.79452214193586e-05,0.2508517364016313,3.5402627953210106,0.005860729790090408,0.021528692396472406,-1.171746175426487,2.48602440371185,-1.1281127627502743,-0.0890121708559034,-17.001710744109772,4.100296357450304,1.927275640757892,12.0,-0.67402387,1.0,0.21419625,0.61220354,10.269021142609851,3.9915849893715687,3.883097551507816,0.19651286648206,0.2990289194499887,0.0,0.0,1.5,0.9978962473428922,0.970774387876954,0.9825643324103001,0.9967630648332957,0.010518763285539391,0.8767683636913798,0.5230700276909974,70.6885069836498
0.016,8,0.011352341051887396,-0.9207689504690375,-0.5152594794249225,1.5547761109195208,5.843605873264577e-05,0.25094755215931963,3.3818420754355105,-0.005332164194611257,0.07502507498628301,-1.1702943690663303,2.484517479932095,2.5681313905559637,-1.4156010968973547,180.0,-180.0,4.0,12.0,1.0,-1.0,1.0,0.906241,9.995917031087899,3.99091812715849,3.8772308066041283,0.19656493680383386,0.2917390926093038,0.0,0.0,1.5,0.9977295317896225,0.9693077016510321,0.9828246840191692,0.9724636420310127,0.011352341051887396,0.9207689504690375,0.5152594794249225,80.6844240147377
0.018000000000000002,9,0.006595337688308301,-0.9612421833530655,-0.5246233363454913,1.5616112431679505,3.637794056281606e-05,0.251136037050009,3.4518152131787367,-0.016711848098552765,0.11258807716566933,-1.166767037167149,2.4820490282887815,1.01114981011058,-1.0597408535390387,-38.781773602770585,10.174509498067778,4.0,12.0,-1.0,1.0,1.0,1.0,10.068847687312962,3.9947237298493534,3.8718343755529245,0.19650251109103006,0.29861016517068356,0.0,0.0,1.5,0.9986809324623384,0.9679585938882311,0.9825125554551503,0.995367217235612,0.006595337688308301,0.9612421833530655,0.5246233363454913,90.75327170205067
0.02,10,-0.0023014054319188976,-0.9095535034714327,-0.5517852270985085,1.568557503514361,-7.671145618172537e-06,0.2513932425987913,3.4920285152720956,-0.0273089524963468,0.1434615188909587,-1.1666707754059882,2.4802456734877394,-0.8497872818012733,-0.7529050271436175,-31.702332080379932,8.888898609938906,4.0,-12.0,-1.0,1.0,1.0,0.24790871,10.165744724051335,3.998158875654465,3.8787261995371423,0.19632143181934328,0.2999618756813844,0.0,0.0,1.5,0.9995397189136163,0.9696815498842856,0.9816071590967164,0.9998729189379479,0.0023014054319188976,0.9095535034714327,0.5517852270985085,100.919016426102
0.022,11,-0.011052722883072392,-0.7521486988877949,-0.5778127515869845,1.5755706913205554,-5.2453866330181774e-05,0.251702579902713,3.521418652943032,-0.01748235504377183,0.163669328151107,-1.1698546123070679,2.4789913571935758,-2.151882944449431,-0.5145972423855698,-22.41689897305281,7.715390438170232,-4.0,-12.0,-1.0,1.0,-1.0,0.35527426,10.076748622376906,3.991157821693542,3.899713506814961,0.1961479149894201,0.2997248710207759,0.0,0.0,1.5,0.9977894554233855,0.9749283767037402,0.9807395749471005,0.9990829034025863,0.011052722883072392,0.7521486988877949,0.5778127515869845,110.99576504847892
0.024,12,-0.01805472272816099,-0.5960436464063695,-0.5930689085484047,1.5823989133508232,-8.650339836201554e-05,0.25199577867082434,3.306305314715558,-0.01643011620626572,0.1288944893200113,-1.1699908392767184,2.4763067871116835,2.0205532592115434,-2.174029107059389,180.0,-180.0,0.2041896568681334,-12.0,1.0,-0.85619843,0.16141586,-0.09606808,10.055847340148174,3.9855562218174714,3.920527513812484,0.19604620727634398,0.27831323178455064,0.0,0.0,1.5,0.9963890554543678,0.980131878453121,0.9802310363817198,0.9277107726151688,0.01805472272816099,0.5960436464063695,0.5930689085484047,121.05161238862709
0.026000000000000002,13,-0.023385364405736523,-0.45263898715447737,-0.609885181538145,1.589059884045901,-0.000119442913860291,0.2522899219715152,3.3485652653431157,-0.011871467009496662,0.16559684915328923,-1.1671841806418106,2.472339712465926,0.908484345647246,-1.7940877023914574,-36.104588903970864,15.60878811296027,4.0,12.0,-1.0,1.0,1.0,1.0,9.990692424755496,3.981291708475411,3.9396481350460695,0.19593409878974571,0.28655128258269014,0.0,0.0,1.5,0.9953229271188527,0.9849120337615174,0.9796704939487285,0.9551709419423005,0.023385364405736523,0.45263898715447737,0.609885181538145,131.0423048133826
0.028,14,-0.02412858697094466,-0.2909529988070855,-0.6183009838890671,1.5957842856821163,-0.00014090812681475062,0.252662969975831,3.3752857330271184,-0.009767042976223642,0.2063652389151586,-1.1660857050137583,2.4691382464131304,0.20948309929894626,-1.4136228764000753,-31.10557606313094,14.502496018772092,-4.0,12.0,-1.0,0.70296425,-1.0,1.0,10.109178084375271,3.9806971304232444,3.9612062668257217,0.19587799344073956,0.2908114671167288,0.0,0.0,1.5,0.9951742826058111,0.9903015667064304,0.9793899672036978,0.9693715570557627,0.02412858697094466,0.2909529988070855,0.6183009838890671,141.15148289775786
0.03,15,-0.02667026020921311,-0.12127924044782101,-0.6178925276256416,1.6025602744120528,-0.00015938159468356942,0.25311551726255693,3.4009356277234732,-0.008929094612982053,0.24838094948383405,-1.1663279676864173,2.4666761069905587,-0.4645670699287373,-1.0426366864830152,-27.830264956999912,13.240465099374319,-4.0,12.0,-1.0,0.6081296,-1.0,1.0,10.181868179189133,3.9786637918326293,3.983829434606957,0.19588071648249572,0.2941691596831842,0.0,0.0,1.5,0.9946659479581573,0.9959573586517393,0.9794035824124786,0.9805638656106139,0.02667026020921311,0.12127924044782101,0.6178925276256416,151.333351076947
0.032,16,-0.021747174458447045,0.02597493565049484,-0.6035081685739987,1.609357616644405,-0.00015788623101675928,0.2535057676701842,3.398262286095938,0.010270197075805617,0.1464238381210516,-1.1663056829671414,2.46316577275232,0.4339281539116874,-2.449161726827481,-24.41156157632966,-180.0,4.0,12.0,-1.0,-0.6772541,1.0,1.0,10.088028792756107,3.9826022604332425,3.9965366752466007,0.19597661220950668,0.29385350175394165,0.0,0.0,1.5,0.9956505651083106,0.9991341688116502,0.9798830610475334,0.9795116725131389,0.021747174458447045,0.02597493565049484,0.6035081685739987,161.42137986970312
0.034,17,-0.009293882811659653,0.1491834556202384,-0.5759009310066308,1.616179640790206,-0.00013680399361842822,0.25381958926920334,3.4234490542284606,0.010732473585250325,0.16682303593452924,-1.165898208403386,2.458277328884269,-0.01679135948127869,-2.441200878851071,-28.908494639386987,-32.31119311481291,-3.5085732620399837,-12.0,-1.0,-0.06490478,-0.24361031,0.38270593,10.190004790201844,3.9925648937506724,3.980108872583968,0.1961606604599558,0.2965044954548202,0.0,0.0,1.5,0.9981412234376681,0.995027218145992,0.980803302299779,0.988348318182734,0.009293882811659653,0.1491834556202384,0.5759009310066308,171.61138465990496
0.036000000000000004,18,-9.486116890074263e-05,0.2815294428760292,-0.5431194467428162,1.6230543831781754,-0.00011715104924713403,0.25420681314398197,3.450598119871143,0.008751146450684106,0.21908440130314885,-1.166673526879674,2.4538526804454808,-0.7395536381190821,-1.9911975987998205,-24.803270303959863,20.550538617401514,-4.0,-12.0,-0.9033426,1.0,-1.0,-0.04630231,10.142832215134755,3.9999241110648796,3.9624627409498627,0.19637920368838124,0.29853924049448016,0.0,0.0,1.5,0.9999810277662199,0.9906156852374657,0.9818960184419061,0.9951308016482672,9.486116890074263e-05,0.2815294428760292,0.5431194467428162,181.7542168750397
0.038,19,0.006710395342651135,0.1998602394180031,-0.5089938788146722,1.6296588721546492,-9.753968804130774e-05,0.25431794542596237,3.153290878668946,0.010798045277986296,-0.10771290385058609,-1.1591860958815903,2.447093284688172,8.21747634916984,-4.774323049752557,180.0,-180.0,0.062186654737147906,12.0,1.0,-1.0,0.15715127,1.0,9.657969670101002,3.994631683725879,3.9733519680775995,0.19660670747456888,0.23589057801527083,0.0,0.0,1.5,0.9986579209314698,0.9933379920193999,0.9830335373728443,0.7863019267175695,0.006710395342651135,0.1998602394180031,0.5089938788146722,191.4121865451407
0.04,20,0.020383179681420126,-0.0563789559375282,-0.46812322853834826,1.636052117295668,-6.174662360878535e-05,0.25418841720231466,3.2416771254056926,0.020907479815067655,-0.027237471697640417,-1.1451665575076158,2.438304264331658,5.7202392992169235,-4.036731672229644,-69.25015303278798,34.45295831112844,4.0,12.0,-1.0,1.0,1.0,1.0,9.715786918909645,3.983693456254864,3.9924828058749964,0.196879178476411,0.2625183697488649,0.0,0.0,1.5,0.995923364063716,0.9981207014687491,0.984395892382055,0.8750612324962164,0.020383179681420126,0.0563789559375282,0.46812322853834826,201.12797346405037
0.042,21,0.039965949603056834,-0.17995682189707696,-0.41559141116011045,1.642627241793913,-1.080263224905622e-05,0.2541879092170378,3.330543201559474,0.0300386867204906,0.02491041062684437,-1.1365352246689313,2.430854365026605,3.0002848062668814,-3.424854058727549,-59.5678754578183,32.52280549481662,-4.0,-12.0,-1.0,1.0,-0.7830519,-1.0,9.923620637965232,3.9680272403175545,3.9760057570803897,0.19722939059226596,0.28325605075840765,0.0,0.0,1.5,0.9920068100793886,0.9940014392700974,0.9861469529613297,0.9441868358613589,0.039965949603056834,0.17995682189707696,0.41559141116011045,211.0515941020156
0.044,22,0.06314947738411641,-0.17049796530411707,-0.34307519848430496,1.649363282858554,5.845323006366303e-05,0.25428127021169183,3.402897959028987,0.0392355031439144,0.06686655405657406,-1.1328325781362305,2.4245582847681826,0.7800568659701024,-2.88266742181007,-47.69436956080497,30.953397288316694,-4.0,-12.0,-1.0,1.0,-1.0,-1.0,10.053306858595995,3.949480418092707,3.977266937959451,0.19771283201010464,0.2943957238946093,0.0,0.0,1.5,0.9873701045231768,0.9943167344898628,0.9885641600505232,0.9813190796486977,0.06314947738411641,0.17049796530411707,0.34307519848430496,221.1049009606116
0.046,23,0.08964419276008624,-0.05190358907746869,-0.2507986350294629,1.6562290720755954,0.0001462331492901826,0.2544494944730521,3.4606046995001463,0.04857115857185673,0.09999178355280945,-1.133126041047643,2.419279346385763,-1.0062624921460872,-2.4069311519419516,-37.33375916586124,29.50168015541385,-4.0,-12.0,-1.0,1.0,-1.0,-0.9229657,10.031472200717994,3.928284645791931,3.9930795214563375,0.19832800909980358,0.29907024988820174,0.0,0.0,1.5,0.9820711614479828,0.9982698803640844,0.9916400454990179,0.9969008329606726,0.08964419276008624,0.05190358907746869,0.2507986350294629,231.13637316132957
0.048,24,0.11918758691801838,0.15468544573062162,-0.1389613600445138,1.6631971892026183,0.00025285049900271376,0.25467619106174894,3.5031279881428254,0.053118758587185205,0.13202643515437626,-1.1366082950876315,2.4148900323393883,-2.2987312001540383,-1.9684333278593864,-28.34346979299781,28.178786482557143,-4.0,-12.0,-1.0,1.0,-1.0,-1.0,9.92953844861064,3.9046499304655855,3.979375273902584,0.1990735909330366,0.29999412947154624,0.0,0.0,1.5,0.9761624826163964,0.994843818475646,0.9953679546651829,0.9999804315718209,0.11918758691801838,0.15468544573062162,0.1389613600445138,241.0659116099402
0.05,25,0.14750251230114853,0.38768496703690436,-0.028477170917647406,1.6702270691954553,0.0003578169853151649,0.25499971360944484,3.52585286659488,0.05199747006066092,0.19043364279378186,-1.1417357421285839,2.411468855663111,-2.8080564609043432,-1.460393539184886,-21.184675444960334,26.864160171419257,4.0,-12.0,-1.0,1.0,1.0,-1.0,9.868263518281202,3.881997990159081,3.948308671061746,0.19981015219388235,0.29959924548555117,0.0,0.0,1.5,0.9704994975397703,0.9870771677654365,0.9990507609694117,0.9986641516185039,0.14750251230114853,0.38768496703690436,0.028477170917647406,250.9341751282214
0.052000000000000005,26,0.17444499053697468,0.39878345584326474,0.06727097931263847,1.6769819146970317,0.00045265223474462424,0.25505639733047475,3.2287228924119065,0.04269115770110947,-0.13358740318847998,-1.1385667853196442,2.4057249027402983,5.9676481375818415,-4.286246058898707,180.0,-180.0,4.0,12.0,1.0,-0.74200106,1.0,1.0,9.503681578540004,3.86044400757042,3.9468288725542315,0.19955152680458244,0.25894092230008386,0.0,0.0,1.5,0.965111001892605,0.9867072181385579,0.9977576340229121,0.8631364076669462,0.17444499053697468,0.39878345584326474,0.06727097931263847,260.4378567067614
0.054,27,0.2015037856067758,0.2240477614553713,0.15077085460853154,1.6835164688086903,0.0005400556305618293,0.2548769590171787,3.304301253713944,0.04487982634500211,-0.04806458273959345,-1.1286378706202036,2.3979636581138317,4.0075588693028665,-3.487360062770905,-62.1248740872372,40.286249746433896,4.0,12.0,-1.0,1.0,1.0,1.0,9.707289025603853,3.8387969715145793,3.9701269651392836,0.19899486096927646,0.2778791969934433,0.0,0.0,1.5,0.9596992428786448,0.9925317412848209,0.9949743048463823,0.9262639899781445,0.2015037856067758,0.2240477614553713,0.15077085460853154,270.1451457323653
0.056,28,0.23314052813262817,0.12067037661798649,0.2321828105815691,1.6901974752731055,0.0006327562430022116,0.2548737512726719,3.377304607611689,0.04586149590846239,0.03680245975226,-1.1225390526061458,2.39179259996163,2.0345415280930603,-2.718613089160059,-54.31021068573045,37.84406869108818,4.0,-12.0,-1.0,1.0,0.8360892,-1.0,9.88176341272584,3.8134875774938974,3.983910616450935,0.19845211459612289,0.29110212657418766,0.0,0.0,1.5,0.9533718943734744,0.9959776541127338,0.9922605729806143,0.9703404219139589,0.23314052813262817,0.12067037661798649,0.2321828105815691,280.0269091450911
0.058,29,0.2674973436132141,0.12260816353357458,0.3202202510736456,1.697024810100065,0.0007344142403853974,0.254992899042693,3.4474340421824037,0.05579291900444275,0.08076418762443138,-1.120652367143528,2.3869494264109377,-0.07393482859806122,-2.1371636703605708,-45.66488758249295,35.23454545347431,-4.0,-12.0,-1.0,1.0,-1.0,-1.0,9.947213182448436,3.786002125109429,3.9836522448621903,0.19786519832617572,0.29834666471791194,0.0,0.0,1.5,0.9465005312773572,0.9959130612155476,0.9893259916308785,0.9944888823930399,0.2674973436132141,0.12260816353357458,0.3202202510736456,289.97412232753953
0.06,30,0.3050548948223937,0.22887205665616578,0.4285490420227693,1.7039774614890042,0.0008559301973941967,0.25519089731382466,3.500801348071874,0.06048171881770654,0.12161813562968295,-1.1225590420648843,2.383195225641404,-1.6628092901978095,-1.6076601005567301,-35.49984289156092,33.29593306961533,-4.0,-12.0,-1.0,1.0,-1.0,-1.0,9.891436354038422,3.755956084142085,3.969483725779178,0.19714300638651489,0.299999614705008,0.0,0.0,1.5,0.9389890210355213,0.9923709314447945,0.9857150319325744,0.9999987156833602,0.3050548948223937,0.22887205665616578,0.4285490420227693,299.86555868157797
0.062,31,0.33237658039800827,0.379840515858889,0.5289926649656809,1.7110131178515886,0.0009569884906893371,0.25549755613528247,3.53284049512456,0.04080147698112864,0.1806332940081581,-1.1267186119976407,2.3805627063247443,-2.4368311062179124,-1.0465363155588023,-27.174135599290906,31.3992553745029,-4.0,-12.0,-1.0,1.0,-1.0,-1.0,9.858078812831877,3.7340987356815933,3.9493545978854816,0.19647338223356214,0.29935359852138604,0.0,0.0,1.5,0.9335246839203983,0.9873386494713704,0.9823669111678106,0.9978453284046203,0.33237658039800827,0.379840515858889,0.5289926649656809,309.72363749440984
0.064,32,0.35223173201558217,0.5394330005518153,0.6149285335842266,1.7181022074781338,0.001037335578129537,0.2558954233393761,3.5555111399058505,0.03976844121260436,0.21582728899621934,-1.1321122359656006,2.378923693926479,-2.9421792692671094,-0.6017357095000389,-22.47211253263913,29.120140312845137,4.0,12.0,-1.0,1.0,1.0,0.552241,9.803980523485839,3.7182146143875343,3.9280755999264247,0.19590047644277184,0.2981567936576442,0.0,0.0,1.5,0.9295536535968836,0.9820188999816062,0.9795023822138591,0.9938559788588139,0.35223173201558217,0.5394330005518153,0.6149285335842266,319.5276180178957
0.066,33,0.3709540307974558,0.5068517173032687,0.6859382368504586,1.7249486732875128,0.0011049404651337883,0.25620196427039565,3.290981369887101,0.027742716410353026,0.09131895382356485,-1.1310184347694026,2.3770086276599725,4.029171132327546,-1.3068431500251037,180.0,27.223939762204452,4.0,-12.0,0.9380492,1.0,1.0,-1.0,9.619129777998035,3.7032367753620354,3.9324197710262307,0.19542707842099694,0.27489931385497984,0.0,0.0,1.5,0.9258091938405089,0.9831049427565577,0.9771353921049847,0.9163310461832661,0.3709540307974558,0.5068517173032687,0.6859382368504586,329.1467477958937
0.068,34,0.3873334280414396,0.3266425977405177,0.7416696172081686,1.7316043489715431,0.0011568322236378227,0.2564330124196881,3.3632766686960824,0.023515774052778642,0.13668482612558516,-1.1249301242084104,2.374992208848553,2.09254437915102,-0.7266074033949327,-53.942159171014055,31.13249021813101,2.2921273141172738,12.0,-1.0,1.0,0.26008132,1.0,9.841978174080483,3.690133257566848,3.956447653634598,0.1950555358852789,0.2889911127791983,0.0,0.0,1.5,0.922533314391712,0.9891119134086495,0.9752776794263944,0.9633037092639943,0.3873334280414396,0.3266425977405177,0.7416696172081686,338.9887259699742
0.07,35,0.40375055366523716,0.2313231707523662,0.7983879998185355,1.7383935060428302,0.0012099422313359182,0.25674332605002437,3.423941033220636,0.02948847745667307,0.17233148689577193,-1.1224176473475649,2.3740581429290493,0.4740238491969051,-0.21827519949231433,-45.47668751732985,28.634595247264087,-2.3939366423618855,12.0,-1.0,0.9186661,-0.30517814,0.3981089,10.028154281359509,3.6769995570678105,3.969156910566351,0.1946774133345431,0.2965490224293928,0.0,0.0,1.5,0.9192498892669526,0.9922892276415878,0.9733870666727155,0.9884967414313093,0.40375055366523716,0.2313231707523662,0.7983879998185355,349.0168802513337
0.07200000000000001,36,0.4206438324995253,0.22325455993383053,0.8590669102575617,1.7453017679028346,0.0012672625791708162,0.25711968430835824,3.48201577219282,0.02785526639135413,0.20257780462454175,-1.1232775846702134,2.374085332627221,-1.271062618974479,0.23303006696996087,-37.886580239728374,26.279747411651726,0.9066750076186951,-12.0,-1.0,1.0,0.08069042,-1.0,9.987082362770543,3.6634849340003797,3.970232725342156,0.1942728872649496,0.2998060032817061,0.0,0.0,1.5,0.9158712335000949,0.992558181335539,0.9713644363247479,0.9993533442723537,0.4206438324995253,0.22325455993383053,0.8590669102575617,359.00396261410424
0.074,37,0.43872480414532405,0.30344747004039624,0.9280550502926923,1.7523128160939985,0.0013331104692808449,0.2575483311216749,3.5267505374894106,0.03796202805464588,0.2247191943006437,-1.127265732105596,2.3749428219575464,-2.649648484505218,0.612800599117409,-28.989160434341755,24.01778313970607,-4.0,-12.0,-1.0,1.0,-0.90839493,-1.0,9.843644139191742,3.649020156683741,3.959540337327947,0.19381296633138206,0.299570952342403,0.0,0.0,1.5,0.9122550391709352,0.9898850843319867,0.9690648316569103,0.9985698411413434,0.43872480414532405,0.30344747004039624,0.9280550502926923,368.84760675329596
0.076,38,0.4598788727439844,0.44624192743956126,1.0169898200637544,1.7593991272919047,0.0014189825110006876,0.25801335198429065,3.556105595463786,0.04786825118782655,0.23868904092231916,-1.1335551833638269,2.376493177353376,-3.511317237887988,0.9252754085804662,-21.29860161961153,21.947432612903697,-4.0,-12.0,-1.0,1.0,-1.0,-1.0,9.724468670798952,3.6320969018048124,3.9405010763413917,0.19322006786624166,0.2981172301674311,0.0,0.0,1.5,0.9080242254512031,0.9851252690853479,0.9661003393312082,0.9937241005581036,0.4598788727439844,0.44624192743956126,1.0169898200637544,378.5720754240949
0.078,39,0.48041143714571594,0.6119931912118869,1.1056740990671963,1.7665296799166872,0.001505069916317598,0.25849872163896165,3.57342922298641,0.038231104973622074,0.24593641157798382,-1.1410414381534766,2.3786109121336207,-3.94858615703523,1.1856810465001648,-15.732367601051521,20.074987486422458,4.0,12.0,-1.0,1.0,1.0,1.0,9.581423846192404,3.6156708502834274,3.918400907838415,0.19262883933955202,0.2967822702277218,0.0,0.0,1.5,0.9039177125708568,0.9796002269596038,0.9631441966977601,0.9892742340924061,0.48041143714571594,0.6119931912118869,1.1056740990671963,388.15349927028734
0.08,40,0.49703770558533694,0.7858106083261692,1.174473006564457,1.7736891300706508,0.0015719447368012585,0.25899433288912177,3.585174289086648,0.028651162201512634,0.2490317764928048,-1.149252333754636,2.3812105905976355,-4.239851780896426,1.4080814134629716,-12.04877204738537,18.349412340775018,4.0,12.0,-1.0,1.0,1.0,1.0,9.580879661094112,3.6023698355317304,3.8952252522231774,0.19217017995623698,0.2956786301650567,0.0,0.0,1.5,0.9005924588829326,0.9738063130557943,0.9608508997811848,0.9855954338835223,0.49703770558533694,0.7858106083261692,1.174473006564457,397.73437893138146
0.082,41,0.5100797805562295,0.9605502915888036,1.2236275927123772,1.7808673214480415,0.0016196978526897374,0.2594924688262168,3.5923285618529506,0.019106683234570217,0.2485525996954348,-1.1579184295718452,2.3842212332154356,-4.40729209820995,1.5974337579731837,-8.950264807847503,16.71747481315805,4.0,12.0,-1.0,1.0,1.0,1.0,9.530372625914914,3.5919361755550163,3.8719266277881594,0.19184248271525084,0.2949286161744597,0.0,0.0,1.5,0.8979840438887541,0.9679816569470399,0.9592124135762541,0.983095387248199,0.5100797805562295,0.9605502915888036,1.2236275927123772,407.2647515572964
0.084,42,0.5211685264722227,1.129941321853612,1.2610001626295242,1.788056005122906,0.0016560281453909058,0.2599866988162179,3.5957944965247637,0.017268898415363002,0.24519830959587657,-1.1668107931449132,2.387581765764748,-4.469524370368359,1.758637010141741,-6.379844057838056,15.168584567046992,0.9333170784764246,12.0,-1.0,1.0,0.08609364,1.0,9.60180677123915,3.583065178822222,3.849341157086185,0.19159333224913652,0.2945442668048885,0.0,0.0,1.5,0.8957662947055555,0.9623352892715462,0.9579666612456825,0.9818142226829617,0.5211685264722227,1.129941321853612,1.2610001626295242,416.8665583285355
0.08600000000000001,43,0.5338390554032312,1.3082224344622173,1.306557649364094,1.7952571788130758,0.001700859856409874,0.26047382049345474,3.6043507922553997,0.027538197844311704,0.24120092573143645,-1.1761808286255002,2.3912434814847625,-4.872721511082715,1.8968242897834446,-4.29020998243243,13.690461796341708,-4.0,-12.0,-1.0,1.0,-1.0,-0.91452223,9.380701721103877,3.572928755677415,3.825570342071704,0.19128961567090605,0.2935371769761338,0.0,0.0,1.5,0.8932321889193537,0.956392585517926,0.9564480783545302,0.9784572565871127,0.5338390554032312,1.3082224344622173,1.306557649364094,426.2472600496394
0.088,44,0.5499428764876266,1.5076205061345787,1.372127274058304,1.8024696914335403,0.0017660832201201035,0.2609488409030797,3.607322895604563,0.03766026098995706,0.23320600513662337,-1.1861994498642148,2.3951461290827845,-5.122342222963043,2.0005605453379913,-0.4002171827432335,12.267182254130262,-4.0,-12.0,-1.0,1.0,-1.0,-1.0,9.345350196962439,3.5600456988098985,3.7989839325153896,0.1908524848396113,0.2931680713208895,0.0,0.0,1.5,0.8900114247024746,0.9497459831288474,0.9542624241980565,0.9772269044029651,0.5499428764876266,1.5076205061345787,1.372127274058304,435.59261024660185
0.09,45,0.5691670366259634,1.720547452415044,1.4573576955378726,1.8096834784884535,0.0018513971640151813,0.2614043999138624,3.6047368720014092,0.04200408936747192,0.2246118054354881,-1.196584055623421,2.3992265555286294,-5.197741036457363,2.086428873982052,2.851610624401303,10.967971456753162,-4.0,-12.0,-1.0,1.0,-1.0,-1.0,9.28760476341302,3.5446663706992294,3.7705936730113274,0.19028428202974754,0.29348978951065424,0.0,0.0,1.5,0.8861665926748074,0.9426484182528319,0.9514214101487376,0.9782992983688475,0.5691670366259634,1.720547452415044,1.4573576955378726,444.88021501001487
0.092,46,0.5773031013268123,1.9247205754707932,1.5333941727103144,1.8168833633723058,0.00191348378523823,0.26185583716694366,3.5942675321069117,0.02098056410834038,0.2258013309169488,-1.2067819922658907,2.403517876407199,-4.965792472022213,2.1994927925198002,5.305525843714179,9.722544524363855,-4.0,-12.0,-1.0,1.0,-1.0,-1.0,9.415026820323753,3.5381575189385503,3.7433705899372276,0.18977737218193125,0.2947152805008147,0.0,0.0,1.5,0.8845393797346376,0.9358426474843069,0.9488868609096561,0.9823842683360491,0.5773031013268123,1.9247205754707932,1.5333941727103144,454.2952418303386
0.094,47,0.5764127070714533,2.1057657292657885,1.5921773490275946,1.8240597816290711,0.0019493804330760296,0.2623008103363866,3.580938924921172,0.014596882147941248,0.21629921039900085,-1.216421890990827,2.407993338769444,-4.6246382124930925,2.2640305236616514,6.185370350032372,8.298960755961161,3.827136221642209,-12.0,-1.0,1.0,0.28741047,-1.0,9.298802580828301,3.5388698343428375,3.7192312360978947,0.18938548433981606,0.29609497238722904,0.0,0.0,1.5,0.8847174585857094,0.9298078090244737,0.9469274216990802,0.9869832412907634,0.5764127070714533,2.1057657292657885,1.5921773490275946,463.5940444111669
0.096,48,0.5738590737721884,2.253469880794432,1.635741079155354,1.8312054464158023,0.0019715924795552045,0.2627160836441503,3.56485728714467,0.007729126533387863,0.19890839614633568,-1.2251986925484504,2.412554019643086,-4.154710553343025,2.2957848924859476,6.407578797374072,7.081179627802953,4.0,12.0,-1.0,1.0,1.0,0.102524824,9.311273339030626,3.5409127409822494,3.699537349227409,0.18909505947229766,0.2974867062950194,0.0,0.0,1.5,0.8852281852455623,0.9248843373068523,0.9454752973614882,0.9916223543167314,0.5738590737721884,2.253469880794432,1.635741079155354,472.9053177501975
0.098,49,0.570249133314942,2.3653630888635178,1.6644968149366555,1.8383197668235804,0.0019808990397439685,0.2630963164820918,3.5496121355444887,0.0017568460617850942,0.18132044332330557,-1.2330509148847206,2.4171735371794547,-3.700088818790515,2.3230997773269366,5.813300813148373,6.010271608953076,4.0,12.0,-1.0,1.0,1.0,0.80749756,9.31550357198976,3.5438006933480466,3.6846182548181976,0.18890335456708895,0.2985268106343019,0.0,0.0,1.5,0.8859501733370116,0.9211545637045494,0.9445167728354448,0.9950893687810064,0.570249133314942,2.3653630888635178,1.6644968149366555,482.2208213221873
0.1,50,0.5665022523289276,2.4423023751067254,1.6799040128345213,1.8454045820847784,0.0019793581470697826,0.26344139868615857,3.5353935680810564,-0.0031060189024035107,0.1637826319934998,-1.240010328200573,2.4218440607768974,-3.2623263906515065,2.346874070075921,5.110636607639833,4.949793677474418,4.0,12.0,-1.0,1.0,0.542533,1.0,9.342721538187492,3.546798198136858,3.6743596833191035,0.18880063991443652,0.2992493179786364,0.0,0.0,1.5,0.8866995495342145,0.9185899208297759,0.9440031995721826,0.9974977265954547,0.5665022523289276,2.4423023751067254,1.6799040128345213,491.5635428603748
0.10200000000000001,51,0.563634640702612,2.4851039019755614,1.683578254596791,1.8524621539047919,0.0019693253919006067,0.263751612979895,3.5238352478650357,-0.005174660937377876,0.14761270975728943,-1.2461125693301416,2.4265591229994548,-2.907534899173535,2.370908793829581,4.31370713011529,3.8968174942409064,4.0,12.0,-1.0,1.0,0.909807,0.16408008,9.362798585502336,3.5490922874379103,3.668652813069925,0.18877614496935474,0.29965932215774865,0.0,0.0,1.5,0.8872730718594776,0.9171632032674812,0.9438807248467737,0.9988644071924955,0.563634640702612,2.4851039019755614,1.683578254596791,500.92634144587714
0.10400000000000001,52,0.5616718221646939,2.4987317560867943,1.6882568752802083,1.8594974664878203,0.0019605447775514324,0.26403097693295186,3.511704183040662,-0.0036850864189957354,0.13172991791663666,-1.2515011778280904,2.4313231391651766,-2.486956861800362,2.39237868359267,3.7601978986391487,2.833631430961134,-4.0,12.0,-1.0,1.0,-1.0,1.0,9.311419670578076,3.550662542268245,3.666835765855094,0.18874495416479864,0.29991781851799315,0.0,0.0,1.5,0.8876656355670612,0.9167089414637735,0.9437247708239931,0.9997260617266439,0.5616718221646939,2.4987317560867943,1.6882568752802083,510.2377611164552
0.106,53,0.5575000149117416,2.478436044335861,1.7010080839629593,1.8665099071373628,0.001954247443110123,0.26427846910084574,3.5010252720061645,-0.0025322601109321404,0.1156563371075469,-1.2560837035958248,2.436125725773457,-2.102486021495746,2.4090979450419083,2.7350294113630866,1.773478749001356,-4.0,12.0,-1.0,1.0,-1.0,0.7183425,9.368986563212317,3.553999988070607,3.6695418607552184,0.1886599461069136,0.29999936929105103,0.0,0.0,1.5,0.8884999970176517,0.9173854651888046,0.9432997305345681,0.9999978976368368,0.5575000149117416,2.478436044335861,1.7010080839629593,519.6067476796675
0.108,54,0.5479352486280732,2.4427198334303366,1.716239790812935,1.8735102352659174,0.001941881282657043,0.26449932615355687,3.499555018688417,-0.006980789563439872,0.10348689682427657,-1.2603066013503623,2.4409701892605487,-2.1354388535929307,2.4270274177169444,1.7291803633868312,0.7293651200990325,-4.0,-12.0,-1.0,1.0,-1.0,-0.8790609,9.353061699128949,3.5616518010975415,3.6743040222092884,0.18855840139458044,0.2999998811950029,0.0,0.0,1.5,0.8904129502743854,0.9185760055523221,0.9427920069729021,0.9999996039833431,0.5479352486280732,2.4427198334303366,1.716239790812935,528.9598093787964
0.11,55,0.5363663199741547,2.4159709585713793,1.7364990463160395,1.8805088241490764,0.0019308810436044648,0.26468503349625305,3.498706737409876,-0.004095226346006082,0.08191290464613608,-1.2646801271034438,2.445799018303262,-2.2280188188029943,2.399366773343474,2.738524074780287,-0.3291749406944291,-1.2328661831131593,-12.0,-1.0,1.0,-0.25082085,-1.0,9.44409164726126,3.570906944020676,3.6778705388571495,0.1884233396912264,0.29999899648480216,0.0,0.0,1.5,0.892726736005169,0.9194676347142874,0.942116698456132,0.9999966549493406,0.5363663199741547,2.4159709585713793,1.7364990463160395,538.4039010260577
0.112,56,0.523248846018395,2.400574611999605,1.7495958195586074,1.8875037739235065,0.0019122986211326464,0.26482539035319635,3.4959659964841356,-0.01440679838029998,0.05817737451685534,-1.269186457856731,2.4505574546362316,-2.269729139232901,2.356983260160088,4.076129051446912,-1.15663752736981,4.0,-12.0,-1.0,1.0,0.4118403,-1.0,9.41886372888493,3.581400923185284,3.6799233850667195,0.1883360278696093,0.2999902362482686,0.0,0.0,1.5,0.895350230796321,0.9199808462666799,0.9416801393480464,0.9999674541608953,0.523248846018395,2.400574611999605,1.7495958195586074,547.8227647549427
0.114,57,0.5067181430908069,2.39447767081025,1.7432073088276885,1.8944917366783816,0.0018732642405050147,0.26491677660378754,3.4917951186909537,-0.02459872654160124,0.032993671545040903,-1.273727845012025,2.455219372144806,-2.2645120130567253,2.303221564035943,5.185946804253831,-1.896407228046769,4.0,-12.0,-1.0,1.0,1.0,-0.95061225,9.415050127787005,3.5946254855273545,3.6807363105586335,0.18837861794114874,0.29995961067269633,0.0,0.0,1.5,0.8986563713818386,0.9201840776396584,0.9418930897057437,0.9998653689089878,0.5067181430908069,2.39447767081025,1.7432073088276885,557.2378148827297
0.116,58,0.48716537100883595,2.375997308387043,1.71741626439143,1.9014622866844029,0.0018138919229934275,0.2649548977953473,3.4791664184764026,-0.034729182139241324,0.005249271328999546,-1.2777823172547516,2.459767982461274,-1.7994771415263238,2.245775703085999,6.068138604431795,-2.559982249140944,4.0,12.0,-1.0,1.0,1.0,0.45981866,9.452078236639531,3.6102677031929313,3.6832003588817277,0.18855055823739048,0.2997396901292929,0.0,0.0,1.5,0.9025669257982328,0.9208000897204319,0.9427527911869523,0.9991323004309764,0.48716537100883595,2.375997308387043,1.71741626439143,566.6898931193692
0.11800000000000001,59,0.46500225548272134,2.3269401327255084,1.6724466005140055,1.9084100300866078,0.0017345302424300116,0.2649382648593406,3.468979561397478,-0.04458516951932684,-0.02175816558604469,-1.280962320000584,2.464203876442193,-1.3892955681174999,2.1904375962076887,4.5538586953250615,-3.1824750076847863,4.0,12.0,-1.0,1.0,1.0,1.0,9.474836844073806,3.6279981956138228,3.689741315636599,0.1888503559965733,0.2994231946524808,0.0,0.0,1.5,0.9069995489034557,0.9224353289091497,0.9442517799828665,0.9980773155082693,0.46500225548272134,2.3269401327255084,1.6724466005140055,576.164729963443
0.12,60,0.44386857955910214,2.249794121760933,1.628227824307324,1.9153393389505726,0.0016562430477215983,0.26486859815421643,3.4606130370477914,-0.03373036789164862,-0.047867910589508095,-1.283372197799323,2.468531162823265,-1.02987811391938,2.1368125796253765,3.1389513774474267,-3.7929632694770135,-4.0,12.0,-1.0,1.0,-0.8740687,1.0,9.484703057511124,3.644905136352718,3.7000274504318758,0.1891451478379512,0.29907064277757056,0.0,0.0,1.5,0.9112262840881795,0.9250068626079689,0.9457257391897559,0.9969021425919019,0.44386857955910214,2.249794121760933,1.628227824307324,585.6494330209541
0.122,61,0.4268690015052575,2.166932393813773,1.6044012664713787,1.922261475677127,0.0015996661539218195,0.2647486960833314,3.461250205058309,-0.022891963633240746,-0.0722768186481661,-1.2855528381895909,2.4727469641285444,-1.1435577761559481,2.077262122881364,1.8238396662046625,-4.390295462779932,-4.0,-12.0,-1.0,1.0,-0.7844463,-1.0,9.516878233633397,3.658504798795794,3.7110756808248304,0.18930399155685748,0.2991004234673517,0.0,0.0,1.5,0.9146261996989485,0.9277689202062076,0.9465199577842873,0.9970014115578391,0.4268690015052575,2.166932393813773,1.6044012664713787,595.1663112545875
0.124,62,0.4136075008836252,2.0976955802368136,1.600764004944478,1.9291833655339572,0.0015644947506714142,0.26457861030366625,3.460423991521339,-0.012324087611346363,-0.09800777283686549,-1.2879195843363394,2.4768339289811334,-1.2169221566989292,2.0082775746736545,2.8283660554410517,-4.935703440115674,-4.0,-12.0,-1.0,1.0,-1.0,-1.0,9.566096833426858,3.6691139992930997,3.7203072559684247,0.18932823996703682,0.29906171409909155,0.0,0.0,1.5,0.9172784998232749,0.9300768139921062,0.946641199835184,0.9968723803303051,0.4136075008836252,2.0976955802368136,1.600764004944478,604.7324080880144
0.126,63,0.4036837389325672,2.040357254108584,1.6169615055300188,1.9361024232186714,0.0015501934741592074,0.2643559567950645,3.4584730737814584,-0.002020814412583052,-0.12480230302139093,-1.2903973472286734,2.4807749596365736,-1.2554669831244718,1.9316096909553044,3.668537187505706,-5.40817366959493,-4.0,-12.0,-1.0,1.0,-1.0,-1.0,9.589516284651022,3.6770530088539464,3.7279523661188554,0.18922025662979988,0.29896709090007956,0.0,0.0,1.5,0.9192632522134866,0.9319880915297138,0.9461012831489993,0.996556969666932,0.4036837389325672,2.040357254108584,1.6169615055300188,614.3219243726654
0.128,64,0.3935250240812319,1.9935148750083576,1.633099632583732,1.9430172831519694,0.0015357756971404153,0.26407870113196347,3.4562525412724483,-0.012361215700116444,-0.15258618876161517,-1.2929220605143912,2.484556276520117,-1.2649396410668372,1.8487561963348507,4.356813898100199,-5.813040382091231,4.0,-12.0,-1.0,1.0,0.6391607,-1.0,9.605772414291403,3.6851799807350143,3.734198016665552,0.18911266911610847,0.2988538907820772,0.0,0.0,1.5,0.9212949951837536,0.933549504166388,0.9455633455805422,0.9961796359402573,0.3935250240812319,1.9935148750083576,1.633099632583732,623.9276967869569
0.13,65,0.38010393566548917,1.9560470663247154,1.6297260784333683,1.9499269932541028,0.00150089472529547,0.26374515861820613,3.4533699827930855,-0.022482277043411387,-0.18105144123170794,-1.2954413662740965,2.488166679055469,-1.2507578488835223,1.7609342101798142,4.909119844955569,-6.15503628569769,4.0,-12.0,-1.0,1.0,1.0,-1.0,9.634410391953226,3.695916851467609,3.739193724490038,0.1891351594771109,0.2986982174905773,0.0,0.0,1.5,0.9239792128669022,0.9347984311225095,0.9456757973855544,0.995660724968591,0.38010393566548917,1.9560470663247154,1.6297260784333683,633.5621071789101
0.132,66,0.3638303369866035,1.907398835226216,1.6070282482988751,1.9568227788119874,0.0014457931877953792,0.2633524266959248,3.443159588784107,-0.032558373538784366,-0.21137718529727834,-1.297476579468969,2.491601919816276,-0.8105209480741319,1.6754424600587408,5.342072035980038,-6.4380068619928466,4.0,12.0,-1.0,1.0,1.0,-0.65568024,9.719962641179427,3.708935730410717,3.7456801553031713,0.18928647834467416,0.29806775009031167,0.0,0.0,1.5,0.9272339326026793,0.9364200388257928,0.9464323917233708,0.9935591669677055,0.3638303369866035,1.907398835226216,1.6070282482988751,643.2820698200895
0.134,67,0.3462913434790577,1.8314146894826733,1.5725073777163108,1.9637005766345466,0.001378462126231224,0.2629003195690917,3.435056763497366,-0.03464436003515458,-0.24053609973551024,-1.2987030237720727,2.4948721767132094,-0.42756652631013436,1.5957358752829556,3.547930170907648,-6.697596263548974,1.10759248940095,12.0,-1.0,1.0,0.2583876,-0.07541662,9.75365388350469,3.722966925216754,3.7558113747356434,0.18951661748189128,0.29748006868404286,0.0,0.0,1.5,0.9307417313041885,0.9389528436839109,0.9475830874094563,0.9916002289468097,0.3462913434790577,1.8314146894826733,1.5725073777163108,653.0357237035943
0.136,68,0.32915143940967434,1.7305266951061675,1.5353506491683424,1.9705645212548262,0.0013086783022628807,0.26239098985224224,3.429251707715995,-0.035036825775052474,-0.2686293438898879,-1.2992310575871,2.497988121085538,-0.1108816032584532,1.520949573814848,1.878446922708406,-6.953114719056657,0.47171282910112744,12.0,-1.0,1.0,0.20986895,0.25305325,9.780811578635078,3.7366788484722604,3.7692631073191776,0.1897643290055444,0.297011789390978,0.0,0.0,1.5,0.9341697121180651,0.9423157768297944,0.9488216450277219,0.9900392979699267,0.32915143940967434,1.7305266951061675,1.5353506491683424,662.8165352822293
0.138,69,0.3120159285609433,1.6079442753128987,1.4926514002914721,1.9774192814703997,0.001233511913462148,0.261826519678298,3.425859704020506,-0.03991639049015829,-0.29757578537921164,-1.2991839698599263,2.5009591304779595,0.15845019742238636,1.4306119747929475,0.40062907045540896,-7.202372086181811,2.3707762407028126,12.0,-1.0,1.0,0.47319153,0.7051348,9.780260538560754,3.7503872571512455,3.7856074299582803,0.19004899066472353,0.29671999243334685,0.0,0.0,1.5,0.9375968142878114,0.9464018574895701,0.9502449533236176,0.9890666414444895,0.3120159285609433,1.6079442753128987,1.4926514002914721,672.59679582079
0.14,70,0.296815769964579,1.486439065135813,1.455612435450737,1.9842759449868794,0.0011649714271750114,0.2611960873973638,3.430553905296134,-0.02868355356213784,-0.3327573002453232,-1.2990455877663591,2.503636871985147,-0.015741792076344463,1.2490613597255489,-0.9554474783834621,-7.344885969556685,-4.0,-12.0,-1.0,1.0,-0.910315,-0.6409573,9.794083762389457,3.7625473840283368,3.8018081246485584,0.19029591709699512,0.29712025460597147,0.0,0.0,1.5,0.9406368460070842,0.9504520311621396,0.9514795854849755,0.9904008486865716,0.296815769964579,1.486439065135813,1.455612435450737,682.3908795831795
0.14200000000000002,71,0.285705154580119,1.3859471735798856,1.4390870552251276,1.9911405604316232,0.00111854741195399,0.2604959239372534,3.4338434184533426,-0.01779571656412089,-0.3672922239758342,-1.2992298861688765,2.5059632368380607,-0.1643572228625494,1.0792621276717986,-0.11216394960325715,-6.972681195657117,-4.0,-12.0,-1.0,1.0,-0.94508904,-1.0,9.846765968613113,3.7714358763359046,3.815207043522682,0.19040608629849917,0.29738544383554333,0.0,0.0,1.5,0.9428589690839762,0.9538017608806705,0.9520304314924958,0.9912848127851445,0.285705154580119,1.3859471735798856,1.4390870552251276,692.2376455517926
0.14400000000000002,72,0.2782437474694343,1.3049593895375424,1.4426896443312127,1.998010512653628,0.0010935780410212398,0.25972739798185873,3.4343968337954487,-0.007896309470039477,-0.3973681026233372,-1.2996865757289384,2.5079617346685463,-0.20992570097558114,0.9304629362926781,0.6677728848312086,-6.588958005971165,-4.0,-12.0,-1.0,1.0,-0.90193886,-1.0,9.880753111623903,3.7774050020244525,3.8260054147283276,0.19038206903779192,0.297428816421918,0.0,0.0,1.5,0.9443512505061131,0.9565013536820819,0.9519103451889596,0.9914293880730599,0.2782437474694343,1.3049593895375424,1.4426896443312127,702.1183986634165
0.146,73,0.2763054121204998,1.2139119706057706,1.4640469087211307,2.0048730560094254,0.0010904463941195533,0.2589219432325273,3.4285940010361116,0.004361663083026487,-0.40795753182715366,-1.2998052233477084,2.509727838699398,0.07927118297047023,0.8368888199724516,0.9869531874087443,-6.244661615172674,-0.5013510118119073,-12.0,-1.0,1.0,0.077593066,-1.0,9.91685839334445,3.7789556703036,3.838145070585897,0.19023968727519247,0.29695625585758056,0.0021638067722928866,0.0,1.5,0.9447389175759,0.9595362676464743,0.9511984363759624,0.9898541861919353,0.2763054121204998,1.2139119706057706,1.4640469087211307,712.035257056761
0.148,74,0.28699838415629536,1.0993591381152996,1.5025706584777507,2.0117245833188697,0.0011179138894709206,0.2580923841181207,3.4223053452124255,0.02251251325455047,-0.4235652625881027,-1.2993487657590916,2.5113073573554465,0.40976635130162953,0.739615947710003,-0.4353017085674651,-6.13001183974194,4.0,-12.0,-1.0,1.0,0.73127943,-1.0,9.893232515400781,3.770401292674964,3.853418781584627,0.18998286227681502,0.29639989995587246,0.0052092759577342385,0.0,1.5,0.942600323168741,0.9633546953961567,0.949914311384075,0.9879996665195749,0.28699838415629536,1.0993591381152996,1.5025706584777507,721.9284895721618
0.15,75,0.30444346954252943,0.9554037819168448,1.5535043988200252,2.0185644433757317,0.0011643564806648275,0.2572211817279001,3.4181612962925647,0.023526501233155507,-0.4475715610099052,-1.29819423077966,2.5126782871950537,0.7264881953738851,0.6328305047144267,-2.1790690679466707,-5.959551209639301,-4.0,12.0,-1.0,1.0,-0.58913344,0.17283875,9.895801780997898,3.7564452243659763,3.872612829077754,0.1896433040078665,0.29600825066598857,0.008249539975176745,0.0,1.5,0.9391113060914941,0.9681532072694385,0.9482165200393324,0.9866941688866286,0.30444346954252943,0.9554037819168448,1.5535043988200252,731.8242913531597
0.152,76,0.31769410025326394,0.7857492008570146,1.6107242456462016,2.025398800888453,0.0012107845078350953,0.2563037093673662,3.416602786468307,0.02255988932932063,-0.4695492000822412,-1.2964826345749267,2.5138477935924857,0.9747334791907585,0.538733089778363,-3.993585284194296,-5.699809962582833,-4.0,12.0,-1.0,1.0,-1.0,0.29899818,9.894322327193153,3.7458447197973888,3.8952334398857316,0.18926183836235866,0.2958558327650377,0.01128733571949736,0.0,1.5,0.9364611799493472,0.9738083599714329,0.9463091918117933,0.9861861092167924,0.31769410025326394,0.7857492008570146,1.6107242456462016,741.7186136803529
0.154,77,0.3268471001426457,0.597750067994455,1.6723630812209642,2.03223568684224,0.0012561533716830128,0.2553608679737008,3.420481858790941,0.02254886228740091,-0.4732073671311315,-1.294483861619496,2.514874238680733,1.0188261227630457,0.48832749506876005,-5.577130944225274,-5.463224167388944,-2.624588322889897,-12.0,-1.0,1.0,-0.25802252,-0.951732,9.904540599335284,3.7385223198858837,3.9202999909340726,0.18885091279186025,0.29623000754546264,0.01432622067553213,0.0,1.5,0.9346305799714709,0.9800749977335181,0.9442545639593012,0.9874333584848755,0.3268471001426457,0.597750067994455,1.6723630812209642,751.6231542796882
0.156,78,0.3403212572033324,0.39991750157665695,1.740429087226366,2.0390814800860175,0.0013133436775226131,0.25441018122688913,3.4253915204970564,0.03436564691585926,-0.47740947488506336,-1.2924618998482509,2.5158006594161844,1.001160017552916,0.4386871952271948,-6.197348753172861,-5.41648521149034,4.0,-12.0,-1.0,1.0,1.0,-0.93743825,9.887482305927897,3.727742994237334,3.946677666456446,0.1883971394184909,0.2966786671266661,0.017369021595813994,0.0,1.5,0.9319357485593335,0.9866694166141114,0.9419856970924545,0.9889288904222203,0.3403212572033324,0.39991750157665695,1.740429087226366,761.510636585616
0.158,79,0.35497782918596343,0.18908941940951637,1.8117589038465223,2.045934759308545,0.0013756771761244727,0.2534348625519779,3.428170281638666,0.02772201118993145,-0.49765719040867407,-1.2903227546770906,2.5165981321758792,1.1304871414236792,0.36044338378410556,-6.513410581371232,-5.353567859372845,-4.0,12.0,-1.0,1.0,-0.864973,-0.5513728,9.896619463676334,3.7160177366512293,3.9747880774120645,0.18792160730768986,0.29692021245438777,0.02041510880374542,0.0,1.5,0.9290044341628073,0.9936970193530161,0.9396080365384493,0.989734041514626,0.35497782918596343,0.18908941940951637,1.8117589038465223,771.4072560492923
0.16,80,0.3625073128652242,-0.038387853272893256,1.8808209141932453,2.0527951820479258,0.0014279616232762086,0.25242015095325204,3.432456496029226,0.02440658291331208,-0.5168220156384239,-1.2879804419381544,2.517247682008693,1.2063639079994941,0.290614387112472,-7.587875234957096,-5.12184335409637,-1.7409236343714878,12.0,-1.0,1.0,-0.21191265,0.7006438,9.948236536740195,3.709994149707821,3.994881619563614,0.18746119390537838,0.29727517493903394,0.023464329236157155,0.0,1.5,0.9274985374269552,0.9987204048909035,0.9373059695268918,0.9909172497967799,0.3625073128652242,0.038387853272893256,1.8808209141932453,781.3554925860325
0.162,81,0.367930283835221,-0.2787816700615226,1.9486423483378963,2.059666258163803,0.001477764785740095,0.2513739693703707,3.439398599451935,0.025218873610401846,-0.5263196234480192,-1.285568287764249,2.5177769677247097,1.175423975467951,0.24602644969477871,-8.435721615623436,-4.902608337300933,0.8083941811747963,12.0,-1.0,1.0,0.078756995,-0.31306022,9.935243880193717,3.705655772931823,3.9628291106584634,0.1870090510110807,0.29780455485888757,0.0265182357578988,0.0,1.5,0.9264139432329558,0.9907072776646159,0.9350452550554035,0.9926818495296252,0.367930283835221,0.2787816700615226,1.9486423483378963,791.2907364662262
0.164,82,0.372410811008114,-0.5104476343101118,2.007622674249981,2.0665677940558553,0.0015258397271823143,0.25038035128348585,3.4661845075755404,0.024190164629205542,-0.44971563003628406,-1.2838053068373096,2.5183664300571507,0.4408688048065923,0.3764689546464138,-8.763452787746843,-4.785525793415843,-3.2092362910887324,12.0,-1.0,1.0,-0.43487433,0.045983262,9.933610926323487,3.7020713511935086,3.9319403154253183,0.1866158488383335,0.2993146914237593,0.0295856247339481,0.0,1.5,0.9255178377983772,0.9829850788563296,0.9330792441916673,0.9977156380791978,0.372410811008114,0.5104476343101118,2.007622674249981,801.2243473925497
0.166,83,0.3769039130162307,-0.6999496272786978,2.0433314400324787,2.0735295468095836,0.0015722206250578146,0.2495704906858659,3.4951215261896453,0.021964179033777963,-0.3627311525665853,-1.2837171828455225,2.5192571422759884,-0.3188307347225672,0.5051096832637945,-5.4432731198278645,-5.555630784662242,-4.0,12.0,-1.0,1.0,-0.5916248,1.0,9.892971160731305,3.6984768695870156,3.906673383029507,0.1863777903997835,0.2999857206358135,0.032679732452728594,0.0,1.5,0.9246192173967539,0.9766683457573767,0.9318889519989174,0.9999524021193784,0.3769039130162307,0.6999496272786978,2.0433314400324787,811.117318553281
0.168,84,0.38461322082774485,-0.8531960733292294,2.0660540146808835,2.0804988842653023,0.0016208045020246486,0.248916521547909,3.4740660562354377,0.02638581802833305,-0.2930171200256971,-1.2848080005519116,2.520356892527606,-0.7558587125168583,0.5883213350253209,-1.6624002205394959,-6.376976871516661,4.0,-12.0,-1.0,1.0,1.0,-0.7336106,9.835473988994103,3.692309423337804,3.886240523556103,0.18622630656879413,0.2995967296246265,0.035777187198497096,0.0,1.5,0.923077355834451,0.9715601308890257,0.9311315328439705,0.9986557654154218,0.38461322082774485,0.8531960733292294,2.0660540146808835,820.9527925422751
0.17,85,0.3995715759156849,-0.975753385239613,2.0874816778429652,2.087472594951847,0.0016786334513891582,0.24839312747062964,3.499349669911174,0.03131159814342266,-0.2321576693243136,-1.2868274124503742,2.5215798754496546,-1.2447489600719068,0.6287825045620524,0.7409032097098134,-7.012985180647831,4.0,12.0,-1.0,1.0,1.0,1.0,9.819707868461522,3.680342739267452,3.8698995486347183,0.1860834554810469,0.29999974624257264,0.03887657422929802,0.0,1.5,0.920085684816863,0.9674748871586796,0.9304172774052345,0.9999991541419089,0.3995715759156849,0.975753385239613,2.0874816778429652,830.7725004107366
0.17200000000000001,86,0.4156477502800015,-1.07419983308182,2.0968799952383956,2.094495220180899,0.0017354533069622387,0.24798475343066914,3.522962838910566,0.025395773767543504,-0.1769929200381984,-1.2897204763318664,2.5228588206193523,-1.6352404629589126,0.6466951207181987,3.589236827177558,-7.45988761274117,-4.0,12.0,-1.0,0.79711556,-1.0,1.0,9.797031666430035,3.6674817997759988,3.8567733555890906,0.18602080003174404,0.29968379158096675,0.04199769914045737,0.0,1.5,0.9168704499439997,0.9641933388972727,0.9301040001587202,0.9989459719365559,0.4156477502800015,1.07419983308182,2.0968799952383956,840.5695320771666
0.17400000000000002,87,0.42784691983582035,-1.1511258683220633,2.085505093988644,2.101576045978367,0.0017821041485938476,0.24766602808761504,3.5579885476647064,0.021163031623342862,-0.14243433103406367,-1.2930086756811465,2.523166891575405,-1.6442100506425543,-0.3416591978633704,6.120307117911011,-180.0,-2.4511278255289324,12.0,-1.0,-0.74899113,-0.4242458,1.0,9.860816226986106,3.6577224641313437,3.8465165508903914,0.18609663270674237,0.2979891663563519,0.04514469397172949,0.0,1.5,0.9144306160328359,0.9616291377225978,0.9304831635337119,0.9932972211878398,0.42784691983582035,1.1511258683220633,2.085505093988644,850.4303483041527
0.176,88,0.44063398924821406,-1.2099572446675366,2.0648515378695915,2.1087130677702524,0.001826704950614081,0.24742642232022796,3.5786014811363884,0.023210444314944647,-0.097930839947385,-1.2965848495557484,2.522570673154465,-1.9112091968590885,-0.2577924052049695,6.8227949261852245,-2.9250823257640945,4.0,12.0,-1.0,0.8530314,1.0,1.0,9.788291404070527,3.6474928086014287,3.838672367377662,0.1862343230808694,0.2963158922997961,0.04831667007234097,0.0,1.5,0.9118732021503572,0.9596680918444155,0.931171615404347,0.9877196409993203,0.44063398924821406,1.2099572446675366,2.0648515378695915,860.2186397082232
0.178,89,0.45723094071093573,-1.256241816888697,2.0433421612961276,2.1158894698309583,0.001873849076248597,0.24727327606977056,3.5940862982238655,0.02278837957341979,-0.05438834297455797,-1.30061458966471,2.522127519562231,-2.0262001134297707,-0.18870072566136453,8.873025432188285,-3.2251726048681917,4.0,12.0,-1.0,0.52356166,1.0,1.0,9.823768479470765,3.6342152474312512,3.832501091081507,0.1863777189246925,0.29473540204592746,0.05150615723045826,0.0,1.5,0.9085538118578128,0.9581252727703767,0.9318885946234624,0.9824513401530915,0.45723094071093573,1.256241816888697,2.0433421612961276,870.042408187694
0.18,90,0.47611204673676244,-1.2936900724202953,2.0191443232061803,2.1231031702627066,0.001920675405438904,0.2471787723570249,3.620324224267281,0.02405015915341604,-0.04026848785719625,-1.3043052316593524,2.5206567978135133,-1.6695414236984116,-1.2816234269883564,10.253928036834054,-180.0,2.3028273230153466,12.0,-1.0,-0.49062517,0.18264382,1.0,9.771621667638792,3.61911036261059,3.8275079903439604,0.18653903784529213,0.2914378095640906,0.0547122285153816,0.0,1.5,0.9047775906526475,0.9568769975859901,0.9326951892264607,0.9714593652136353,0.47611204673676244,1.2936900724202953,2.0191443232061803,879.8140298553328
0.182,91,0.49306219634237664,-1.3199308496538966,1.9850941592279405,2.1303734936730727,0.0019618414135410887,0.24711058734350333,3.6508839655536898,0.01710623248634194,-0.02877128563121976,-1.3073121430377357,2.5169984291912244,-1.3442678748719459,-2.3792973849701866,11.685240610091569,-180.0,-4.0,12.0,-0.8761753,-1.0,-1.0,1.0,9.620736561938822,3.605550242926099,3.8240092200461473,0.18676603893848043,0.2866467245205878,0.057943469365399736,0.0,1.5,0.9013875607315247,0.9560023050115368,0.933830194692402,0.9554890817352928,0.49306219634237664,1.3199308496538966,1.9850941592279405,889.4347664172716
0.184,92,0.503846132125914,-1.336145351045954,1.932806195383987,2.1376985143389717,0.001988804064429731,0.24706692138258643,3.6743814333761837,0.009803343879006464,-0.014005173061706287,-1.3095080712695675,2.511130836422686,-0.8548349051463766,-3.485025882922886,26.22977513827891,-180.0,-4.0,12.0,-0.09769906,-1.0,-1.0,1.0,9.575794369972815,3.5969230942992687,3.821847286527206,0.18711462536410675,0.2822984108768221,0.06119902480703843,0.0,1.5,0.8992307735748172,0.9554618216318015,0.9355731268205337,0.9409947029227403,0.503846132125914,1.336145351045954,1.932806195383987,899.0105607872445
0.186,93,0.508243112410859,-1.343969095813739,1.8625193924290049,2.1450759043650613,0.0020006025391285354,0.24705066373511927,3.703655360777036,0.001822381213020939,-0.0036837534725518203,-1.3107798820955179,2.5030488138853335,-0.41476220270432745,-4.602695570921078,21.17397203007266,-180.0,-4.0,12.0,-0.25009048,-1.0,-1.0,1.0,9.500817378145658,3.593405510071313,3.820804120558168,0.18758320405047332,0.27611887036073124,0.06447786097501584,0.0,1.5,0.8983513775178282,0.955201030139542,0.9379160202523665,0.9203962345357709,0.508243112410859,1.343969095813739,1.8625193924290049,908.5113781653902
0.188,94,0.5057768349933266,-1.344090399473948,1.773714016288167,2.1525199956976153,0.0019955663062608364,0.24705426265092714,3.740735211090134,-0.0070680730576187355,0.007391238712675376,-1.3112803435919318,2.4927380804938495,-0.08458271376089893,-5.708553415722681,12.464130961372803,-180.0,-4.0,12.0,-0.58828247,-1.0,-1.0,1.0,9.41486977724679,3.5953785320053386,3.820787946736807,0.18817523989141224,0.2671674434702361,0.06778634678189777,0.0,1.5,0.8988446330013347,0.9551969866842017,0.9408761994570611,0.890558144900787,0.5057768349933266,1.344090399473948,1.773714016288167,917.9262479426369
0.19,95,0.4996524749319658,-1.3623940038200293,1.6749051286269052,2.1598922286155187,0.0019772627829991473,0.24711296919956677,3.6315800371112994,-0.011267448831207724,0.05170932319070766,-1.3081489487352438,2.4800134827908162,3.1937694288868412,-7.016051686283371,180.0,-180.0,-0.2753372102053284,12.0,1.0,-1.0,-0.24675335,1.0,9.332362390715591,3.6002780200544273,3.8183474661573293,0.188833965809154,0.2897898086195038,0.071062904915967,0.0,1.5,0.9000695050136068,0.9545868665393323,0.9441698290457698,0.9659660287316794,0.4996524749319658,1.3623940038200293,1.6749051286269052,927.2586103333525
0.192,96,0.49406609843374005,-1.394077656410894,1.576516459221478,2.1672176115600905,0.0019554881303251123,0.24721530586533638,3.6938506762207455,-0.01058127227608821,0.05073096699491778,-1.301914430167841,2.4648669244122567,3.0501339965140657,-8.13167042663242,-14.339047860642324,-180.0,4.0,12.0,-1.0,-1.0,1.0,1.0,9.12845115376603,3.604747121253008,3.814122979145214,0.1894898902718568,0.2782795837653054,0.07431864717110015,0.0,1.5,0.901186780313252,0.9535307447863035,0.947449451359284,0.927598612551018,0.49406609843374005,1.394077656410894,1.576516459221478,936.3870614871186
0.194,97,0.4898359511393611,-1.412355071277134,1.4802429549847018,2.17466694333423,0.0019343730806409126,0.24731853756939368,3.755670706304174,-0.010561655251527384,0.05231122581452888,-1.2958893974610914,2.4474904492173226,2.983469659589866,-9.247466664861435,-14.867774412258996,-180.0,4.0,12.0,-1.0,-1.0,1.0,1.0,9.084996136636315,3.608131239088511,3.811685990496382,0.19013171363343534,0.26323507507420385,0.07762947732381775,0.0,1.5,0.9020328097721277,0.9529214976240955,0.9506585681671766,0.8774502502473461,0.4898359511393611,1.412355071277134,1.4802429549847018,945.4720576237548
0.196,98,0.486913847972888,-1.4202945323013265,1.3865102022057783,2.1822410889871464,0.0019132500751434826,0.24742334309227607,3.8187613105997666,-0.010507444845399649,0.05215082906584626,-1.2899420760766944,2.4278637516106123,2.9722066432778718,-10.382966279917213,-15.7394592689879,-180.0,4.0,12.0,-1.0,-1.0,1.0,1.0,8.990745321434279,3.6104689216216896,3.8106273956931567,0.19075659865196148,0.24483020473583805,0.08099577998057983,0.0,1.5,0.9026172304054224,0.9526568489232892,0.9537829932598074,0.8161006824527935,0.486913847972888,1.4202945323013265,1.3865102022057783,954.4628029451891
0.198,99,0.48217188142986017,-1.445909586803299,1.2861082616912467,2.1897759966856336,0.0018748721342307924,0.24756623154553023,3.7162494502817713,-0.027833516947866784,0.09120870698983057,-1.2809078089136783,2.4056908500759127,6.0351439551826065,-11.793220978704642,180.0,-180.0,4.0,12.0,1.0,-1.0,1.0,1.0,8.811005346474076,3.6142624948561117,3.8072120550928936,0.19142594492205836,0.27321385089860045,0.0843446493496458,0.0,1.5,0.9035656237140279,0.9518030137732234,0.9571297246102918,0.9107128363286682,0.48217188142986017,1.445909586803299,1.2861082616912467,963.2738082916632
0.2,100,0.47672084452425045,-1.4835329728180102,1.1829745697561427,2.1972876730692,0.001824310463123093,0.2477361301996388,3.7942184214171615,-0.02275106289608035,0.07901392638657878,-1.269175728507218,2.3809228488854313,5.717550932492941,-12.975785204746193,-33.994148456434175,-180.0,4.0,12.0,-1.0,-1.0,1.0,1.0,8.968397210164524,3.6186233243805996,3.8021956036242655,0.1921135028682924,0.2523087448712574,0.0876831968537286,0.0,1.5,0.9046558310951499,0.9505489009060664,0.9605675143414619,0.841029149570858,0.47672084452425045,1.4835329728180102,1.1829745697561427,972.2422055018277
0.202,101,0.47503364799760794,-1.50196198245328,1.0915608661482161,2.204944960849253,0.00178439111203608,0.24788105007712455,3.860676393473387,-0.01708746756608149,0.06598957323404953,-1.2579582492934556,2.353774166373645,5.520982472009468,-14.174891330411544,-34.75259942427792,-180.0,4.0,9.398555153182883,-1.0,-1.0,1.0,1.0,9.501552845787202,3.6199730816019136,3.7997384023395626,0.1927229275590119,0.2312750172024386,0.09108645536949433,0.0,1.5,0.9049932704004784,0.9499346005848907,0.9636146377950595,0.7709167240081287,0.47503364799760794,1.50196198245328,1.0915608661482161,981.7437583476149
0.20400000000000001,102,0.47675661369322464,-1.5286577482537718,1.0144074152433995,2.2125560216507765,0.0017584261612076002,0.248037704857792,3.7520585508372224,-0.007993696942653365,0.09233182536647865,-1.2440658326490444,2.323860484665047,8.34130517560229,-15.742146166285485,180.0,-180.0,-4.0,2.402967765682888,1.0,-1.0,-1.0,1.0,8.801252605173259,3.6185947090454205,3.796178966899497,0.19323728389837735,0.26420239272958923,0.09446916738557887,0.0,1.5,0.9046486772613551,0.9490447417248743,0.9661864194918867,0.8806746424319641,0.47675661369322464,1.5286577482537718,1.0144074152433995,990.5450109527881
0.20600000000000002,103,0.4815848584245054,-1.521084874452143,0.9552195236978134,2.2201673207615884,0.0017572030869180127,0.24810783160639574,3.8605041683609334,0.0067712860299808855,-0.020952879587482848,-1.2284526719512514,2.2907398557452354,7.303240615273877,-17.381806730929096,-52.893349811459416,-180.0,-4.0,7.14070373251684,-1.0,-1.0,-0.64718145,1.0,8.354166189885103,3.614732113260396,3.797188683406381,0.19363186984201458,0.2313324755523787,0.09785197378847466,0.0,1.5,0.903683028315099,0.9492971708515953,0.9681593492100729,0.7711082518412624,0.4815848584245054,1.521084874452143,0.9552195236978134,998.8991771426731
0.20800000000000002,104,0.4864476092066818,-1.4295058395603728,0.9009028467330324,2.227988153861544,0.0017630263819861797,0.24799423947223823,3.9557267620792653,0.0012350902128682346,-0.07275667176951248,-1.21447301856405,2.254465121828199,6.815023323880557,-18.817719937385025,-50.82565914937592,-180.0,4.0,12.0,-1.0,-1.0,0.44491795,1.0,8.608873589141036,3.6108419126346547,3.80939922139195,0.19399398102177978,0.19802805474837032,0.10132788772405599,0.0,1.5,0.9027104781586637,0.9523498053479875,0.9699699051088989,0.6600935158279011,0.4864476092066818,1.4295058395603728,0.9009028467330324,1007.5080507318141
0.21,105,0.4939959234737724,-1.2905352812423538,0.8489043961008392,2.235960016544455,0.0017724459239986156,0.24803802622364837,4.012156330211063,0.008580531608543513,0.11398145055125602,-1.2028267629207616,2.2185805329864436,4.872454728362005,-17.072151259588704,-51.18050336984962,143.1955753212854,4.0,12.0,-1.0,1.0,1.0,1.0,8.735057092376664,3.604803261220982,3.827928629167686,0.19434063735932774,0.17753615201586206,0.10487094120182627,0.0,1.5,0.9012008153052455,0.9569821572919215,0.9717031867966387,0.5917871733862069,0.4939959234737724,1.2905352812423538,0.8489043961008392,1016.2431078241908
0.212,106,0.5047605989046914,-1.156841739125127,0.8051820387595653,2.2438924868989827,0.0017943328320217064,0.24827725943866338,3.9193751640788173,0.013167607609465963,0.12474014483644214,-1.1901005334231973,2.1826276959163886,7.817841915398537,-18.894687446636368,180.0,-180.0,-4.0,12.0,1.0,-1.0,-1.0,1.0,8.675527712588872,3.5961915208762467,3.8457544347833164,0.1946321197416029,0.21103656623723246,0.10839650381162702,0.0,1.5,0.8990478802190617,0.9614386086958291,0.9731605987080145,0.7034552207907749,0.5047605989046914,1.156841739125127,0.8051820387595653,1024.9186355367797
0.214,107,0.5116739783596099,-1.0608259397321214,0.7577263140447799,2.251793205943104,0.0018071784670488978,0.24850669582984347,3.977650683638539,-0.00029429617300226994,0.1059715862516987,-1.1742113367417633,2.143461106744615,8.087472765712407,-20.271950700162815,-49.66167033620087,-180.0,-4.0,8.58605052146902,-0.42962754,-1.0,-1.0,1.0,9.34006272406326,3.5906608173123122,3.8585565413690506,0.19494849123970148,0.19008704968873877,0.11190795192448322,0.0,1.5,0.8976652043280781,0.9646391353422626,0.9747424561985073,0.6336234989624626,0.5116739783596099,1.0608259397321214,0.7577263140447799,1034.258698260843
0.216,108,0.5182331055227662,-0.9181315904103301,0.7054965033075896,2.2598051421038634,0.0018143334258592543,0.24895434613844838,4.032664619222686,0.007643343047950492,0.3385495397319393,-1.1607110691415294,2.105143556009668,5.450811175724159,-18.054344631877218,-65.59508694346621,172.667532151891,4.0,-12.0,-1.0,1.0,0.48878863,0.25237852,8.288172334594176,3.585413515581787,3.877582454611956,0.1952966899779494,0.17008856662136396,0.11546884055112061,0.0,1.5,0.8963533788954468,0.969395613652989,0.976483449889747,0.5669618887378799,0.5182331055227662,0.9181315904103301,0.7054965033075896,1042.5468705954372
0.218,109,0.5283046218630914,-0.767024139011744,0.6644165829049276,2.2677768525856195,0.0018385621216817165,0.24960972541977652,3.939786131956863,0.016567479894410417,0.31836886120865654,-1.1467241452071453,2.0669340072590385,8.499697215082644,-20.166240083621133,180.0,-180.0,-4.0,12.0,1.0,-1.0,-1.0,1.0,8.094164328263375,3.5773563025095267,3.897730114798434,0.19557055611396715,0.2037632520889047,0.11901184458239555,0.0,1.5,0.8943390756273817,0.9744325286996085,0.9778527805698357,0.679210840296349,0.5283046218630914,0.767024139011744,0.6644165829049276,1050.6410349237005
0.22,110,0.5383906910421585,-0.667211204361222,0.6324261915479752,2.2756837079695624,0.0018708551063871634,0.2501842806510892,3.968253929065198,0.015990715042364226,0.25743783862495623,-1.1286246512958005,2.02472479182721,9.586568170766437,-22.049507270233907,16.190877839978214,-180.0,4.0,12.0,0.20395456,-1.0,0.69639975,1.0,8.041662449082963,3.569287447166273,3.9110385060851702,0.19578382538968017,0.19349641602935955,0.12252600241283096,0.0,1.5,0.8923218617915682,0.9777596265212926,0.9789191269484008,0.6449880534311985,0.5383906910421585,0.667211204361222,0.6324261915479752,1058.6826973727834
0.222,111,0.5448940526601681,-0.5126302954053756,0.5972204614337381,2.2836920892955557,0.0018869618641775237,0.25095825572731023,4.038221513782492,0.0001941083804150468,0.5137966397531555,-1.112603959877431,1.9831272465775645,6.47510258720542,-19.54702508834324,-82.20790105792895,180.0,-4.0,-12.0,-1.0,1.0,-1.0,-0.08995252,8.136897955616663,3.5640847578718655,3.93164929394595,0.19601853025710841,0.1680762388021034,0.12608525883125,0.0,1.5,0.8910211894679664,0.9829123234864875,0.980092651285542,0.5602541293403447,0.5448940526601681,0.5126302954053756,0.5972204614337381,1066.8195953284
0.224,112,0.5460743103725568,-0.34945644071422377,0.5490528462190141,2.2916691054240252,0.001870422702099122,0.25192085069469417,3.920083898171305,-0.015482745164034944,0.3997955192550937,-1.0962734171658208,1.9415356286755878,10.507974720597321,-22.248180909096803,180.0,-180.0,4.0,12.0,1.0,-1.0,1.0,1.0,7.95742446126687,3.5631405517019545,3.9534058079047703,0.19633964769187326,0.21078560179424016,0.12963053009211567,0.0,1.5,0.8907851379254886,0.9883514519761926,0.9816982384593662,0.7026186726474672,0.5460743103725568,0.34945644071422377,0.5490528462190141,1074.7770197896668
0.226,113,0.5479699239186151,-0.23567822533967295,0.4914873999659313,2.2995679498748705,0.0018418383010243512,0.2529549766789218,3.97689625716844,-0.01374115783097037,0.6328518757610009,-1.078100431457957,1.899522984317865,7.711695068905328,-19.75471192600678,-76.32041126967596,180.0,4.0,12.0,-0.15176095,1.0,1.0,1.0,8.237234663001711,3.5616240608651077,3.968576236621377,0.19672341733356047,0.19036102379704936,0.13314100138364715,0.0,1.5,0.8904060152162769,0.9921440591553442,0.9836170866678023,0.6345367459901645,0.5479699239186151,0.23567822533967295,0.4914873999659313,1083.0142544526686
0.228,114,0.5518783082119623,-0.09228343360578439,0.42246220519696676,2.307473661741498,0.0018014554958302796,0.25436990474989946,3.9292664592432094,-0.026615689575248284,0.7827213864843524,-1.0629680711457725,1.8619621104550799,7.4005294051972665,-17.788159514803958,28.028779755048163,180.0,4.0,-12.0,0.26755053,1.0,0.83434135,0.5137773,8.51780186739564,3.5584973534304303,3.9876955421858953,0.1971835852986869,0.20752318919719143,0.13665438962415521,0.0,1.5,0.8896243383576076,0.9969238855464738,0.9859179264934345,0.6917439639906381,0.5518783082119623,0.09228343360578439,0.42246220519696676,1091.5320563200644
0.23,115,0.5563656127525705,-0.1699224607248834,0.35186358667906426,2.3151273970630295,0.0017622090045635319,0.25557718586012834,3.7258213933849156,-0.012550606483091479,0.4247496109166727,-1.0410354225677274,1.8225699073758967,14.456859929439712,-21.644130190039885,180.0,-180.0,-4.0,12.0,1.0,-1.0,-1.0,1.0,7.868681698183769,3.5549075097979435,3.977343671903349,0.19765424275547291,0.27091141112928535,0.14005574556653722,0.0,1.5,0.8887268774494859,0.9943359179758372,0.9882712137773645,0.9030380370976179,0.5563656127525705,0.1699224607248834,0.35186358667906426,1099.4007380182481
0.232,116,0.5611628334763281,-0.30951903420767973,0.2807890193243953,2.3226999355718787,0.0017240985616256382,0.25670103236932035,3.843455044247648,-0.025579106824242227,0.6968728934077435,-1.0170238611810953,1.782234846047821,9.65081799994987,-18.680611857799533,-124.07720559690992,180.0,4.0,-12.0,-1.0,1.0,1.0,-1.0,8.25510498372994,3.5510697332189376,3.958730795438976,0.19812807320450404,0.23695250964653833,0.1434209674932947,0.0,1.5,0.8877674333047344,0.989682698859744,0.9906403660225201,0.7898416988217944,0.5611628334763281,0.30951903420767973,0.2807890193243953,1107.6558430019782
0.234,117,0.5663226026087717,-0.24351642150208785,0.21182649187693964,2.330464650201061,0.001682340391779567,0.25834386987827873,3.9206057872237015,-0.016248323863305318,0.9447280687748432,-1.0013327234586635,1.7477955467925848,6.032400859285511,-15.75042113222157,-91.02777788468507,180.0,-4.0,12.0,-0.30892217,1.0,-1.0,0.74470264,8.588158143524627,3.546941917912983,3.9675311437997216,0.19858782338748707,0.21060071992978824,0.14687132077885678,0.0,1.5,0.8867354794782457,0.9918827859499304,0.9929391169374353,0.7020023997659608,0.5663226026087717,0.24351642150208785,0.21182649187693964,1116.2440011455028
0.23600000000000002,118,0.5718170601157084,-0.019102061271246164,0.1445363527460441,2.338379277403007,0.0016362548933979773,0.26048122749531216,3.9911726715689375,-0.02985966529917196,1.1907799021237921,-0.9927432891360629,1.7193455456496982,2.630071127374705,-12.696058248877481,-88.9698614601636,180.0,4.0,12.0,-0.9537194,1.0,1.0,1.0,8.730415275597121,3.542546351907433,3.9974530584971673,0.19903642431502638,0.18517128990133136,0.15038790280367298,0.0,1.5,0.8856365879768583,0.9993632646242918,0.9951821215751319,0.6172376330044379,0.5718170601157084,0.019102061271246164,0.1445363527460441,1124.9744164211
0.23800000000000002,119,0.5777721970311943,0.33405086212089885,0.057369583959043256,2.346419097895489,0.001562785642708142,0.2631004450020174,4.047751192378287,-0.04363721211405211,1.4270321260911223,-0.9905554798014663,1.6970233184399852,-0.4454101978700229,-9.62800555283253,-74.60168827291776,180.0,4.0,12.0,-1.0,1.0,1.0,1.0,8.77105723730957,3.5377822423750445,3.955459885050547,0.19961753610693972,0.16463316183060878,0.15395957358416235,0.0,1.5,0.8844455605937611,0.9888649712626367,0.9980876805346985,0.5487772061020293,0.5777721970311943,0.33405086212089885,0.057369583959043256,1133.7454736584095
0.24,120,0.5844224649772327,0.7980396680872868,-0.0495143757096256,2.3545583753513406,0.0014615792525539283,0.2661816610579602,4.090042146520496,-0.05759098725302713,1.652717746877966,-0.9942251800650622,1.6808169645535076,-3.203613511483742,-6.583667762302992,-59.66184351361346,180.0,4.0,2.8968720878035583,-1.0,1.0,1.0,1.0,8.627684538692211,3.5324620280182137,3.893594710921695,0.19966990416193584,0.14952790116969486,0.1575747147657327,0.0,1.5,0.8831155070045534,0.9733986777304238,0.9983495208096791,0.4984263372323162,0.5844224649772327,0.7980396680872868,0.0495143757096256,1142.3731581971017
0.242,121,0.5919511083762324,1.174996375016251,-0.17801695879082474,2.362579446909732,0.0013338237685893144,0.26956852054181407,3.934648441373054,-0.07005112519963397,1.7365508092772253,-0.9980701803873273,1.6694748454396193,-0.7564125522780567,-4.733044470209851,129.58062285372583,180.0,4.0,1.9127171212135181,0.45505154,1.0,1.0,1.0,9.305772759122384,3.526439113299014,3.8433338166645,0.19881322027472784,0.20560234506623717,0.1611365232028561,0.0,1.5,0.8816097783247535,0.960833454166125,0.9940661013736392,0.6853411502207906,0.5919511083762324,1.174996375016251,0.17801695879082474,1151.6789309562241
0.244,122,0.6002745237158595,1.4826797396830582,-0.32747735033864767,2.3704955896173705,0.0011801850730577162,0.273270560288535,3.978642372603379,-0.08356595505997727,1.9625644124156427,-1.0025942970387887,1.6631500124137504,-3.684334750908941,-1.6181242381773973,-56.603891624401086,180.0,4.0,-12.0,-1.0,1.0,1.0,-1.0,9.18321495217452,3.5197803810273123,3.802309368042259,0.19781681766440903,0.1897268550762654,0.16465072575751716,0.0,1.5,0.8799450952568281,0.9505773420105648,0.9890840883220451,0.6324228502542181,0.6002745237158595,1.4826797396830582,0.32747735033864767,1160.8621459083986
0.246,123,0.6096569022544798,1.8504342250765808,-0.495610189087012,2.378458157799365,0.0010000127768683953,0.27737501916973184,3.9837741876773385,-0.09633503509401012,2.138527849456909,-1.0115218031156752,1.6625417739709227,-5.233630501019211,0.9646284216082006,-25.74068212395244,162.80469295740448,4.0,12.0,-0.23406042,-0.01581988,1.0,1.0,9.220928213317464,3.5122744781964164,3.753275436656456,0.19669593207275327,0.18786198019837913,0.16818428421890985,0.0,1.5,0.8780686195491041,0.938318859164114,0.9834796603637662,0.6262066006612638,0.6096569022544798,1.8504342250765808,0.495610189087012,1170.083074121716
0.248,124,0.6199650439066855,2.2471756426246614,-0.66043601024948,2.3864377498732043,0.000817398007312903,0.2818344126873376,3.9956455382550757,-0.08624573756192715,2.3169746463234127,-1.023847200605338,1.667108601184942,-7.093614100591208,3.547420109773291,-31.527477335025736,162.66850309777448,-4.0,12.0,-1.0,1.0,-1.0,1.0,8.736800058827866,3.5040279648746515,3.7003765809833786,0.1955970932650035,0.18354382649667536,0.17172394832115234,0.0,1.5,0.8760069912186629,0.9250941452458447,0.9779854663250174,0.6118127549889179,0.6199650439066855,2.2471756426246614,0.66043601024948,1178.8198741805438
0.25,125,0.6312006651321395,2.4826693034058254,-0.8227205690238144,2.394250472744012,0.0006419053236015669,0.286100029365183,3.8193217894837868,-0.08856265549665625,1.9492604758880794,-1.03134286798578,1.670152933005084,-0.4786884346421223,-0.4971333658361865,180.0,-180.0,3.5218941833560855,12.0,1.0,-1.0,1.0,1.0,9.502689692801184,3.4950394678942884,3.6689774262125567,0.19451519620650792,0.24465514906641872,0.17518876960523322,0.0,1.5,0.8737598669735721,0.9172443565531392,0.9725759810325395,0.8155171635547291,0.6312006651321395,2.4826693034058254,0.8227205690238144,1188.322563873345
0.252,126,0.6432735740038816,2.585636848653297,-0.998292707882538,2.4019271108201465,0.0004569998353039349,0.2902047678297158,3.8531160521345127,-0.09593904598469709,2.150549311105095,-1.0348846978361685,1.672021866417569,-2.9048616550906,2.3133045194225406,-51.33797469289024,168.45508022816415,2.7396876701098076,-12.0,-1.0,1.0,1.0,1.0,9.308434667255813,3.4853811407968944,3.6552484201795603,0.1933447152807831,0.233784694332336,0.1785924888992514,0.0,1.5,0.8713452851992236,0.9138121050448901,0.9667235764039154,0.7792823144411201,0.6432735740038816,2.585636848653297,0.998292707882538,1197.6309985406008
0.254,127,0.656253152330769,2.553808096076199,-1.1681529790875749,2.4094616102033215,0.00028477656994010036,0.2941389314486263,3.681248701223039,-0.07618958406554424,1.7835970275940345,-1.0343476409431807,1.6726175310314493,3.4413036762777365,-1.7174899498343135,180.0,-180.0,-4.0,-12.0,1.0,-1.0,-1.0,-1.0,9.232033250078052,3.4749974781353847,3.6594922538565067,0.1922123134727495,0.28092291033933803,0.1819325384010022,0.0,1.5,0.8687493695338462,0.9148730634641267,0.9610615673637475,0.9364097011311269,0.656253152330769,2.553808096076199,1.1681529790875749,1206.8630317906789
0.256,128,0.6694409967060045,2.1573043644500096,-1.336134028347705,2.4166051384519447,0.0001315588741896814,0.2977389374700745,3.4642876421247775,-0.07634710136222092,1.8152710496241484,-1.0232162729990817,1.6705954702012613,7.629610209712262,-0.3305459553013905,180.0,174.0639435428817,1.7845923331964393,12.0,1.0,1.0,1.0,1.0,8.740196034527528,3.4644472026351965,3.712359418073332,0.1910924398110153,0.2992357516127444,0.18509883634763646,0.0,1.5,0.8661118006587991,0.928089854518333,0.9554621990550765,0.9974525053758146,0.6694409967060045,2.1573043644500096,1.336134028347705,1215.6032278252064
0.258,129,0.682857961040078,1.6601381859593451,-1.5093281009314605,2.423618718673673,-2.3403799463840905e-05,0.30160641014087497,3.5448373463084053,-0.07836770387929204,2.0467399241074133,-1.0117698527556174,1.6730369801485572,3.9873899453411528,2.716000067783984,-93.5047869120018,167.53363573625467,1.012674977861412,-12.0,-1.0,1.0,1.0,1.0,9.122464445201471,3.4537136311679375,3.7786482418720873,0.18993781266045695,0.29879618917379563,0.18820598007567302,0.0,1.5,0.8634284077919844,0.9446620604680218,0.9496890633022846,0.9959872972459854,0.682857961040078,1.6601381859593451,1.5093281009314605,1224.725692270408
0.26,130,0.6969189129896705,1.310164240751585,-1.6679474267241126,2.4307729974389227,-0.00017018720076455635,0.30590449407325115,3.6088625258696725,-0.06852571366629759,2.2468382856100795,-1.0069565858937184,1.6812160543400718,0.8452737910588883,5.4024039836797915,-77.58296963883913,151.81260363136863,-4.0,9.26855201145122,-1.0,1.0,-1.0,1.0,9.188045481376681,3.442464869608264,3.8253114345664554,0.18888035048850593,0.29297297684881146,0.19137361820338494,0.0,1.5,0.860616217402066,0.9563278586416138,0.9444017524425296,0.9765765894960383,0.6969189129896705,1.310164240751585,1.6679474267241126,1233.9137377517848
0.262,131,0.7117609072318705,1.1146045780549292,-1.7990073905213038,2.438083164888895,-0.00029201458439377957,0.3102242961008021,3.7004321754989493,-0.05349057440954148,2.07246989607192,-1.0060995186659187,1.689664807233593,0.025067704674211377,3.0480001672784103,-62.83504223980759,-180.0,-4.0,-12.0,-1.0,-0.9434756,-1.0,-1.0,9.502194381020749,3.4305912742145037,3.8513860562593427,0.18800661739652466,0.276839069468146,0.19460949087900925,0.0,1.5,0.8576478185536259,0.9628465140648357,0.9400330869826232,0.9227968982271535,0.7117609072318705,1.1146045780549292,1.7990073905213038,1243.4159321328054
0.264,132,0.7272509218658952,1.0455254821263669,-1.9043397960148742,2.44552469068881,-0.0003914354097368894,0.31455188755984165,3.7388937526657173,-0.046003121942139326,2.250673001973263,-1.0085097427360248,1.6982884739513395,-2.355148013049359,5.519880277300206,-58.90542525344415,146.82703771688938,-4.0,12.0,-1.0,1.0,-0.70490676,1.0,9.297958481053065,3.418199262507284,3.860596602383151,0.18730440135990084,0.26763979408219013,0.1979027251642571,0.0,1.5,0.854549815626821,0.9651491505957878,0.9365220067995041,0.8921326469406339,0.7272509218658952,1.0455254821263669,1.9043397960148742,1252.7138906138584
0.266,133,0.7423711758307208,0.8248464124370811,-1.9942271074909972,2.452782133610207,-0.00047065088436512174,0.3190348932933219,3.5204083744710783,-0.033182993371543554,2.231332476368591,-1.0086223860767678,1.710020713549343,2.18624261157832,6.190391788309485,180.0,132.74290382323107,-4.0,12.0,1.0,1.0,-1.0,1.0,8.9301822585814,3.4061030593354236,3.8900204783417225,0.1867051526167267,0.29975020300619803,0.20111259189428843,0.0,1.5,0.8515257648338559,0.9725051195854306,0.9335257630836334,0.9991673433539935,0.7423711758307208,0.8248464124370811,1.9942271074909972,1261.64407287244
0.268,134,0.7570926590810044,0.48012751701543677,-2.0778618854253907,2.4598839236656262,-0.0005396791473276524,0.32366654851891247,3.5812560572746226,-0.03560959822177118,2.3963971353073004,-1.006952518412652,1.7246266102262764,-0.5135242155326494,8.359242541146576,-69.20672630579489,127.04389834858392,0.03808454646090631,12.0,-1.0,1.0,1.0,1.0,9.036009429763421,3.3943258727351964,3.935982997731275,0.18614758743049742,0.29606451331610406,0.20425164036693477,0.0,1.5,0.8485814681837991,0.9839957494328188,0.930737937152487,0.9868817110536802,0.7570926590810044,0.48012751701543677,2.0778618854253907,1270.6800823022033
0.27,135,0.7722359849500562,0.26439475780224536,-2.1561748274540746,2.4671014392050976,-0.0006122998213891194,0.3286036069603907,3.633978351514003,-0.03684956583462913,2.536448209545862,-1.0104867749868924,1.7432315833456122,-2.9400351670728355,10.191647654589268,-56.041865703063195,113.27846524901184,-0.24286440479078486,-12.0,-1.0,0.043513924,1.0,0.3996783,9.145954842127749,3.3822112120399552,3.9647473656263674,0.18562550115030618,0.28942091369966877,0.20743972595718763,0.0,1.5,0.8455528030099888,0.9911868414065919,0.9281275057515308,0.964736378998896,0.7722359849500562,0.26439475780224536,2.1561748274540746,1279.8260371443312
0.272,136,0.7879799499531774,0.14824805924747125,-2.219749178728947,2.4744221367678105,-0.000674554434849524,0.33353492385264943,3.6862439341073587,-0.025544061627018066,2.395674578839709,-1.016519759857848,1.761815230875672,-3.0955094552360043,8.410933108021771,-43.20245963051417,-139.99807434361907,-4.0,12.0,-1.0,-0.3004919,-1.0,1.0,9.194486710815312,3.369616040037458,3.9802335921003373,0.18520167214180705,0.27989341463259676,0.21067238928256815,0.0,1.5,0.8424040100093645,0.9950583980250843,0.9260083607090351,0.9329780487753226,0.7879799499531774,0.14824805924747125,2.219749178728947,1289.0205238551464
0.274,137,0.8045446192421232,0.13187546974026967,-2.2595431587034356,2.4818595768120675,-0.0007136132521325346,0.3381395648047409,3.750667011538665,-0.013583105226835942,2.2087170714167224,-1.0230016043356507,1.776265492803642,-3.3786804485125663,6.0447809395252285,-41.21849121550724,-180.0,-4.0,-12.0,-1.0,-1.0,-1.0,-1.0,9.31779211061207,3.356364304606301,3.9824166040346305,0.18493637894197712,0.2645723035523759,0.21395713637703917,0.0,1.5,0.8390910761515753,0.9956041510086576,0.9246818947098855,0.8819076785079196,0.8045446192421232,0.13187546974026967,2.2595431587034356,1298.3383159657585
0.276,138,0.8208875016129049,-0.026944825221247908,-2.2851508013467243,2.4891333064495265,-0.0007291338939352949,0.34251465892603805,3.523079735691382,-0.002018213659664784,2.165369482715274,-1.0247244217285447,1.7887383712185403,1.6714781583563787,6.413715438685379,180.0,114.52299674164544,-4.0,12.0,1.0,0.018395571,-1.0,1.0,9.060961161814088,3.3432899987096762,3.996407356637167,0.18476566132435518,0.2996805656648906,0.21716909535156415,0.0,1.5,0.8358224996774191,0.9991018391592917,0.9238283066217758,0.9989352188829688,0.8208875016129049,0.026944825221247908,2.2851508013467243,1307.3992771275725
0.278,139,0.8364439068966658,-0.3270860825903887,-2.299355312313213,2.4962342938047475,-0.0007293428048265275,0.34698548062807766,3.57785008761066,0.0018978433313448072,2.302136440118982,-1.0238401861716184,1.8033899546887846,-0.7915784592320931,8.192136089036524,-63.412496909329775,110.18374856286505,-4.0,12.0,-1.0,1.0,-1.0,1.0,9.07865486232508,3.3308448744826675,3.9563885223212814,0.1846709645845786,0.2963855683248096,0.22030276472154986,0.0,1.5,0.8327112186206669,0.9890971305803203,0.923354822922893,0.987951894416032,0.8364439068966658,0.3270860825903887,2.299355312313213,1316.4779319898976
0.28,140,0.8524064932471307,-0.49367921264535974,-2.2920991443581884,2.5034656503484385,-0.0007150837263665303,0.3514129228275347,3.652796841805082,0.01238230060300289,2.125041637926579,-1.0260383407869778,1.817538731271827,-1.3946844001166463,5.961606864286285,-51.2740609327727,-180.0,-4.0,-12.0,-1.0,-1.0,-1.0,-1.0,9.268835870273731,3.3180748054022953,3.9341761049806188,0.1847193390376121,0.28631388955753667,0.22349351986747257,0.0,1.5,0.8295187013505738,0.9835440262451547,0.9235966951880604,0.9543796318584555,0.8524064932471307,0.49367921264535974,2.2920991443581884,1325.7467678601713
0.28200000000000003,141,0.8687400386356945,-0.5337883142237483,-2.2635379655284273,2.510816043305908,-0.0006859578695157457,0.355788104832981,3.6953487219404333,0.016881427258139046,2.2465589059566105,-1.0310975609510065,1.8311184520719663,-3.5881200909242286,7.575662936835267,-47.81890030527805,106.6842194242032,-4.0,-12.0,-1.0,1.0,-1.0,-0.17804474,37.64241692200677,3.3050079690914442,3.9288282247701667,0.18490974689647716,0.2779552774670727,0.2267364004806507,28.486756552061316,1.5,0.8262519922728611,0.9822070561925417,0.9245487344823857,0.9265175915569092,0.8687400386356945,0.5337883142237483,2.2635379655284273,1363.389184782178
0.28400000000000003,142,0.884434021625736,-0.726605343513242,-2.234972064106729,2.517981149379654,-0.0006512717087570227,0.3602193805093223,3.4697564204655666,0.017755138082530392,2.18374499083908,-1.0329190790616223,1.8463679967359583,1.7817148412168975,7.661247134930112,180.0,95.89799490143037,1.0779831170613825,12.0,0.7994746,0.50468457,1.0,1.0,37.563670236231175,3.292452782699411,3.9031192875315677,0.18510018623928848,0.2994516972094384,0.22989557027699759,28.763711281832645,1.5,0.8231131956748527,0.9757798218828919,0.9255009311964424,0.9981723240314614,0.884434021625736,0.726605343513242,2.234972064106729,1400.9528550184093
0.28600000000000003,143,0.8995642779467784,-1.0723130767494642,-2.20684650151281,2.5249749479777814,-0.00061249057136966,0.3647047177436272,3.5222533243759053,0.021129090259353826,2.298332139116698,-1.0315198758872257,1.8631922887869283,-0.31740274946554914,9.124461503217056,-62.324748857016885,92.4201649781578,-4.0,12.0,-1.0,0.84437317,-1.0,1.0,37.84644509220903,3.2803485776425774,3.8570249231000715,0.18528768998991463,0.29970302082399897,0.2329772130373815,29.044044858976704,1.5,0.8200871444106443,0.9642562307750179,0.926438449949573,0.9990100694133299,0.8995642779467784,1.0723130767494642,2.20684650151281,1438.7993001106183
0.28800000000000003,144,0.9148460510163552,-1.3077489432469456,-2.171431616886017,2.5320778084479842,-0.0005769803217099827,0.3694051526199711,3.5785531001522854,0.014505753381068024,2.3988436106036928,-1.0343232591814953,1.8827211078813326,-2.417902459699733,10.366246471280984,-52.10900153848394,81.73923472652905,1.28978811936215,-12.0,-1.0,1.0,1.0,-1.0,38.115139022451054,3.2681231591869158,3.8256334742337406,0.1855237892207599,0.296320398287333,0.23610487634969557,29.337822038748197,1.5,0.8170307897967289,0.9564083685584351,0.9276189461037995,0.9877346609577766,0.9148460510163552,1.3077489432469456,2.171431616886017,1476.9144391330694
0.29,145,0.9307455463017192,-1.45266164707703,-2.127430445382491,2.5392845286547105,-0.0005372966525141088,0.37401963989674275,3.6281677173452307,0.02522203076036764,2.2158571360139283,-1.038994223729572,1.9012564542918817,-2.2586914435863843,8.17870435557301,-38.45764960116418,-180.0,-4.0,12.0,-0.8705899,-1.0,-1.0,1.0,38.5124731586768,3.255403562958625,3.8063117803897293,0.18581713036411673,0.29030397019510074,0.2392780454908956,29.62622749354642,1.5,0.8138508907396562,0.9515779450974323,0.9290856518205837,0.9676799006503358,0.9307455463017192,1.45266164707703,2.127430445382491,1515.4269122917462
0.292,146,0.9471777155473208,-1.512015521802143,-2.0632122339753463,2.546582689000994,-0.00048159284058458423,0.37854031390904813,3.6680349669919816,0.030546088336760053,2.3018686380697164,-1.0453906778579976,1.9187706405021363,-4.070862902444598,9.301437407102497,-40.90768849941054,78.8551873637586,-4.0,-12.0,-1.0,1.0,0.23060112,-1.0,38.72525746920926,3.2422578275621436,3.798397930426381,0.1862452517734977,0.28352802570728275,0.2424913145002896,29.90876961931551,1.5,0.8105644568905359,0.9495994826065952,0.9312262588674884,0.9450934190242759,0.9471777155473208,1.512015521802143,2.0632122339753463,1554.1521697609555
0.294,147,0.9637846053351391,-1.5033585221849601,-1.9806339060914842,2.5539390422258803,-0.0004145932731121206,0.383213865638609,3.687018625320021,0.03659724072625532,2.369254281367732,-1.0545959074210696,1.9383382527420487,-5.086112953230288,10.23709431924826,-30.56754037943432,69.73868486406025,-4.0,12.0,-1.0,1.0,-0.23807032,1.0,38.94746423722839,3.228972315731889,3.799552197042005,0.18679577395939012,0.27973159166560485,0.24572824550723738,30.20086660241306,1.5,0.8072430789329722,0.9498880492605013,0.9339788697969506,0.9324386388853495,0.9637846053351391,1.5033585221849601,1.9806339060914842,1593.099633998184
0.296,148,0.9804982024532308,-1.4683022663072467,-1.8963660286207549,2.5613311602260658,-0.0003503947337139136,0.38801195738870853,3.705804583203375,0.027654584439310716,2.426993509036917,-1.0655014046503701,1.9596240894808086,-5.856731652108174,11.021755985983486,-23.650244212891494,61.14687785534892,3.0647541960206057,12.0,-1.0,1.0,1.0,1.0,39.18405641755301,3.2156014380374156,3.8042263644923673,0.187357559809195,0.27563331725320483,0.24897895815005544,30.50074733679428,1.5,0.8039003595093539,0.9510565911230918,0.9367877990459749,0.9187777241773495,0.9804982024532308,1.4683022663072467,1.8963660286207549,1632.2836904157368
0.298,149,0.9969283723789555,-1.603638241877912,-1.8164063544105866,2.568519242152361,-0.0002822776398531305,0.39275435583545254,3.4823430753915297,0.0402936049964861,2.31474904146283,-1.0717870162271879,1.9811567617045178,-0.40979326376604863,10.506642835658326,180.0,52.96640217392087,-4.0,-12.0,1.0,0.27345213,-1.0,-1.0,39.314476141077876,3.2024573020968354,3.786181567749612,0.18789062430392944,0.2998129981150954,0.2521381461946839,30.797147239715784,1.5,0.8006143255242089,0.946545391937403,0.9394531215196471,0.9993766603836514,0.9969283723789555,1.603638241877912,1.8164063544105866,1671.5981665568147
0.3,150,1.0133852352438384,-1.8891834359896449,-1.7245254647973898,2.5755238925909683,-0.00019616486266032965,0.3974434119132282,3.522901764793409,0.045998290229916236,2.3725198999823998,-1.0739347040997433,2.002925601104649,-1.7688922529840114,11.236973472677953,-43.593620898989,51.23543348080477,-4.0,12.0,-1.0,1.0,-1.0,1.0,39.5778703786077,3.1892918118049294,3.748108875201381,0.1885031635680174,0.29968547049828936,0.25521498990230107,31.090213244576763,1.5,0.7973229529512323,0.9370272188003452,0.942515817840087,0.9989515683276313,1.0133852352438384,1.8891834359896449,1.7245254647973898,1711.1760369354224
0.302,151,1.0301220409003211,-2.0928132415680523,-1.6316018889415866,2.5826170551576073,-0.00011612424210443303,0.4022406508130665,3.5686494437204788,0.03410301498522425,2.4223528289593954,-1.0789088006433314,2.0260178775545796,-3.1575904793207386,11.830394881822329,-36.368588378388125,43.23001241568045,4.0,-12.0,-1.0,1.0,1.0,-1.0,39.84830571593345,3.1759023672797433,3.720958234457593,0.18912265407372275,0.2971856365422135,0.25832907546246675,31.390040675816657,1.5,0.7939755918199358,0.9302395586143982,0.9456132703686138,0.990618788474045,1.0301220409003211,2.0928132415680523,1.6316018889415866,1751.024342651356
0.304,152,1.0472356878369191,-2.2171585433381367,-1.5373663002429792,2.5897876217707707,-4.065476408442351e-05,0.40712018210628953,3.6005123473639493,0.041487853099588974,2.455084600068913,-1.0864317846298164,2.050137854777634,-4.317917474220113,12.26737546053283,-28.430277937986858,35.644450079972444,-4.0,-12.0,-1.0,1.0,-1.0,0.20293647,40.15864966488416,3.1622114497304645,3.7043788608882484,0.1897508913317135,0.29399918955257237,0.26147559312770285,31.695011381643095,1.5,0.7905528624326161,0.9260947152220621,0.9487544566585674,0.9799972985085746,1.0472356878369191,2.2171585433381367,1.5373663002429792,1791.1829923162402
0.306,153,1.064571506831919,-2.2981441302774908,-1.4430551154288902,2.597008487918149,3.077323073859773e-05,0.41205411125539115,3.6195407178217978,0.029947223168825865,2.4771271280006695,-1.0955227845632598,2.07502060618284,-4.746978961998447,12.597092240142938,-21.124046166192983,28.63555174180908,4.0,12.0,-1.0,1.0,1.0,1.0,40.39240555482246,3.148342794534465,3.693580782629668,0.1903796325638074,0.29154737330765723,0.2646426680118261,32.00338195346195,1.5,0.7870856986336162,0.923395195657417,0.9518981628190369,0.9718245776921909,1.064571506831919,2.2981441302774908,1.4430551154288902,1831.5753978710627
0.308,154,1.0817834466773673,-2.3657927884020467,-1.3677917225092626,2.6042775602680197,8.395999581639764e-05,0.41682362894366937,3.6517547551558884,0.0232584495971596,2.2933006267153537,-1.1042747433485578,2.0981444962932936,-4.101727089554838,10.537624000503033,-17.16053874061265,-180.0,4.0,12.0,-1.0,-1.0,1.0,0.8015571,40.85070007392455,3.134573242658106,3.684560961546394,0.19088138851660494,0.2864956816399795,0.2678312553137019,32.30147680897934,1.5,0.7836433106645265,0.9211402403865985,0.9544069425830246,0.9549856054665985,1.0817834466773673,2.3657927884020467,1.3677917225092626,1872.4260979449873
0.31,155,1.0983395704394012,-2.624504390517155,-1.3178174374118379,2.611346322333176,0.00012384083636876405,0.42126906559420935,3.4187194247139905,0.01654817585125802,2.152020497342063,-1.1061327853085128,2.118455521425114,2.188446347359255,9.769583375041403,180.0,27.68298073882613,4.0,12.0,0.7037488,0.9821063,1.0,1.0,40.684830872515185,3.121328343648479,3.6500660812643795,0.19121455041725444,0.296062153646922,0.2709324997882323,32.579316599638084,1.5,0.7803320859121198,0.9125165203160949,0.9560727520862721,0.9868738454897401,1.0983395704394012,2.624504390517155,1.3178174374118379,1913.1109288175026
0.312,156,1.114032109404387,-3.029552497581291,-1.2930298058720155,2.618247731866572,0.00014410035666404767,0.4256176158628963,3.479444398482327,0.00382185379053864,2.1939775727343465,-1.1034560997095886,2.1384818162196413,0.6030665984350974,10.236972445653969,-49.71566513835057,27.46097883977012,4.0,-8.174499538831014,-1.0,1.0,1.0,1.0,41.101770643399846,3.1087743124764904,3.590543200773987,0.19137980129418658,0.2997465874379366,0.27395916863982883,32.85110099143102,1.5,0.7771935781191226,0.8976358001934968,0.9568990064709328,0.9991552914597887,1.114032109404387,3.029552497581291,1.2930298058720155,1954.2126994609025
0.314,157,1.1291999621899091,-3.3379588557254003,-1.285865380667844,2.6252653483930475,0.000139787877229506,0.43003938424539645,3.536520200067898,-0.008002775502094637,2.2258095031345815,-1.1038616950952254,2.1593340162534966,-0.961901619107129,10.597073628313009,-42.324103513514586,21.118774527801918,4.0,-12.0,-1.0,1.0,1.0,-0.2735204,41.424771481050506,3.0966400302480728,3.4918531661678722,0.19142756412888107,0.29920083133729514,0.277035704239772,33.127461515337274,1.5,0.7741600075620182,0.8729632915419681,0.9571378206444052,0.9973361044576504,1.1291999621899091,3.3379588557254003,1.285865380667844,1995.637470941953
0.316,158,1.1447219243090374,-3.549186241901624,-1.2765483903694004,2.6323838147524716,0.00013174350424073958,0.4345104153775999,3.5803848096856603,-2.239926574893608e-05,2.2433768311668967,-1.107161607981519,2.1807888623266125,-2.2923603164993294,10.840960670810759,-34.418143348676125,15.147828607735619,-4.0,-12.0,-1.0,1.0,-1.0,-1.0,41.6168896924795,3.08422246055277,3.4242604025914805,0.19148967739753733,0.2961479141271881,0.2801554596573328,33.40690096109999,1.5,0.7710556151381925,0.8560651006478701,0.9574483869876866,0.9871597137572937,1.1447219243090374,3.549186241901624,1.2765483903694004,2037.2543606344325
0.318,159,1.161392204207551,-3.6769453793846734,-1.2462455346665315,2.6395809747424392,0.00013980874379119796,0.43900586886627974,3.6153802862674227,0.008121969414798234,2.250409694113821,-1.112856531387706,2.2026338036893773,-3.3608919355503066,10.988784904887925,-27.105867284456394,9.637424180623668,-4.0,-12.0,-1.0,1.0,-1.0,-1.0,41.88944856033432,3.0708862366339593,3.3833774785969046,0.19169169643555647,0.2921178315971946,0.2833087988612224,33.68786680414249,1.5,0.7677215591584898,0.8458443696492262,0.9584584821777823,0.9737261053239822,1.161392204207551,3.6769453793846734,1.2462455346665315,2079.1438091947666
0.32,160,1.1782713358675918,-3.7428753664626995,-1.2149149096276899,2.646841543357349,0.00014510576919861753,0.4435077873785465,3.6422199638656876,-0.002773178110364663,2.2494145948499678,-1.120319520956538,2.22469700783529,-3.9891958355897335,11.0596929579207,-20.62422450796413,4.529314737684899,4.0,-12.0,-1.0,1.0,1.0,-0.070675544,42.12191217969415,3.0573829313059266,3.3622798827319365,0.19190056726914873,0.28810627958874724,0.28648909297215,33.969236711159155,1.5,0.7643457328264817,0.8405699706829841,0.9595028363457436,0.9603542652958241,1.1782713358675918,3.7428753664626995,1.2149149096276899,2121.2657213744606
0.322,161,1.1941851032950757,-3.9910125422071205,-1.2089837857052583,2.653886654974086,0.00013452847880492534,0.44783417292486455,3.401186590997833,-0.007819895451879496,2.076070712635075,-1.1215668036860134,2.2457555732168606,2.8471706187617527,9.996456222888469,180.0,-0.23786635666152733,4.0,-12.0,0.87803334,1.0,1.0,-0.046176367,41.945793876564004,3.0446519173639395,3.2828759864937216,0.19194010809529827,0.29419837804798116,0.2895743455096511,34.239635807804035,1.5,0.7611629793409849,0.8207189966234304,0.9597005404764913,0.9806612601599372,1.1941851032950757,3.9910125422071205,1.2089837857052583,2163.2115152510246
0.324,162,1.2091909408388755,-4.382282167934392,-1.2272628369480825,2.6607618801492143,0.00010754239985037554,0.45200680316626307,3.472258935464165,-0.01901655164848514,2.0947822393779347,-1.11770801361184,2.2659365972810166,1.059079686364007,10.170699110329359,-49.92248281986292,0.8666042421855309,4.0,-12.0,-1.0,1.0,1.0,-1.0,42.29091466477613,3.0326472473288995,3.157669706260995,0.19181824775367945,0.2995386151605242,0.29258469644687546,34.500425197891445,1.5,0.7581618118322249,0.7894174265652487,0.9590912387683972,0.9984620505350807,1.2091909408388755,4.382282167934392,1.2272628369480825,2205.502429915801
0.326,163,1.2236256359867896,-4.660616851805019,-1.2614544863370254,2.667768803286435,5.9036870239271644e-05,0.45620643169429054,3.5313344989480946,-0.02934957820044755,2.1026051240634565,-1.117146051717261,2.286383997174546,-0.37441828026403634,10.261984349458901,-41.753786172708885,-4.040815007850142,4.0,-12.0,-1.0,1.0,1.0,-0.46608073,42.66440113688204,3.021099491210568,3.068602607422394,0.19159030342441985,0.2994114675455998,0.29565226250487164,34.762901980893155,1.5,0.755274872802642,0.7671506518555985,0.9579515171220991,0.9980382251519992,1.2236256359867896,4.660616851805019,1.2614544863370254,2248.166831052683
0.328,164,1.2384998091548873,-4.847193808753975,-1.2961894060466563,2.6748819920089884,5.510804730008419e-06,0.4604101710851339,3.580248440693765,-0.024229765402021368,2.0995617304397793,-1.1192324219578,2.3069297806858424,-1.668929915477186,10.271332650996088,-34.698688718484476,-8.586721182203632,-2.4784634692128806,-12.0,-1.0,1.0,0.19965737,-1.0,42.91299517687425,3.0092001526760903,3.008897981198728,0.1913587372930223,0.2961608888851339,0.2987659772341411,35.02563569282087,1.5,0.7523000381690226,0.752224495299682,0.9567936864651114,0.9872029629504464,1.2384998091548873,4.847193808753975,1.2961894060466563,2291.079826229557
0.33,165,1.2549506382268725,-4.947931877153417,-1.3127130958780235,2.6820829595285587,-3.4162676484592426e-05,0.46459810748604885,3.618011171606104,-0.015477589083731614,2.086487696820712,-1.1236646644389796,2.327419454689437,-2.6643587355061604,10.205713071543913,-27.808856494310902,-12.742619392148868,-4.0,-12.0,-1.0,1.0,-0.71390575,-1.0,43.48412596985751,2.996039489418502,2.9766617993109064,0.1912485793608132,0.2917593157967853,0.30191784796847765,35.287381717878056,1.5,0.7490098723546255,0.7441654498277266,0.9562428968040659,0.9725310526559511,1.2549506382268725,4.947931877153417,1.3127130958780235,2334.5639521994144
0.332,166,1.2730747305934818,-4.988118739276816,-1.309339556751005,2.689348851867552,-5.7420247976381415e-05,0.46875113775319643,3.644931938012973,-0.00793404241946543,2.0646555396549404,-1.1297227780910017,2.347713195405992,-3.2772443373694307,10.076092024755077,-21.94526389793012,-16.512456295606967,-3.6930577827626645,-12.0,-1.0,1.0,-0.010672591,-1.0,43.38402641840697,2.9815402155252144,2.963802003431419,0.19127106962165996,0.2876579041652206,0.3050979512935754,35.546946109574776,1.5,0.7453850538813036,0.7409505008578547,0.9563553481082998,0.9588596805507353,1.2730747305934818,4.988118739276816,1.309339556751005,2377.9479786178213
0.334,167,1.2915224084724954,-5.0029827326955445,-1.3066728412309525,2.69665992811511,-8.299623494287717e-05,0.47285452781775905,3.6655804799410974,-0.01756916087174484,2.037918298525913,-1.1365062215393973,2.3677005819607158,-3.4904103071966177,9.904378529144493,-17.669213158209317,-19.923099204973823,4.0,12.0,-1.0,1.0,1.0,0.50530714,43.581934751455734,2.966782073222004,2.9590455255374257,0.191288847725127,0.2839927427055924,0.3082977128225881,35.80340798860994,1.5,0.741695518305501,0.7397613813843564,0.9564442386256349,0.9466424756853079,1.2915224084724954,5.0029827326955445,1.3066728412309525,2421.529913369277
0.336,168,1.309194859866394,-5.007207779579365,-1.3225608953991828,2.7040091234820296,-0.00012739880141901725,0.47689977045105175,3.6831490806947262,-0.026756730803678984,2.0066167903055647,-1.1436257940356571,2.387304952019405,-3.6155305479424102,9.693996136785621,-15.246694619394276,-23.062009037865664,4.0,12.0,-1.0,1.0,1.0,1.0,43.83509772462548,2.952644112106885,2.9576935105346034,0.19118292736400544,0.280534104751187,0.3115141278964777,36.05623565319074,1.5,0.7381610280267212,0.7394233776336508,0.9559146368200272,0.9351136825039568,1.309194859866394,5.007207779579365,1.3225608953991828,2465.3650110939025
0.338,169,1.3262665666516626,-5.005340971635909,-1.356464271813506,2.711390825040514,-0.00018953351695041477,0.4808783514393047,3.698155908136291,-0.03517382573657801,1.9713399413703252,-1.1509185062300389,2.4064542564443596,-3.665852005306861,9.450090897936033,-13.19717891641335,-25.930971087809098,4.0,12.0,-1.0,1.0,1.0,0.7854386,44.10536687041704,2.93898674667867,2.958290889076509,0.19095690485457664,0.2773418738462322,0.3147448444721004,36.30489696495655,1.5,0.7347466866696675,0.7395727222691273,0.9547845242728832,0.924472912820774,1.3262665666516626,5.005340971635909,1.356464271813506,2509.4703779643196
0.34,170,1.3431032457431422,-4.981376925398215,-1.4058141154535306,2.7188085943154503,-0.0002669378677300703,0.48478579781770864,3.718709197166964,-0.041977798832107734,1.9352273153797162,-1.1586955681590847,2.425092473618239,-4.086529994457688,9.181560038167193,-11.487029190714736,-28.5413057785521,3.6725623635510187,-12.0,-1.0,1.0,1.0,-1.0,44.323266690118224,2.925517403405486,2.9659593838725713,0.19062790589697648,0.2726298593886162,0.3179915427247866,36.54911236360679,1.5,0.7313793508513715,0.7414898459681428,0.9531395294848823,0.9087661979620542,1.3431032457431422,4.981376925398215,1.4058141154535306,2553.7936446544377
0.342,171,1.3613284870383562,-4.919683373729824,-1.4510002128448727,2.7262590299853406,-0.00034072722189228843,0.48861329956575156,3.730864744161416,-0.031850712894431976,1.8914570707073797,-1.167206651761644,2.443146183934942,-4.401167646301197,8.866430893305997,-7.828226859151471,-30.92629491448372,-4.0,-12.0,-1.0,1.0,-1.0,-1.0,44.54747421752691,2.910937210369315,2.985701320406456,0.19032666524770087,0.2696663393110524,0.3212528686199696,36.78833122285947,1.5,0.7277343025923287,0.746425330101614,0.9516333262385043,0.8988877977035079,1.3613284870383562,4.919683373729824,1.4510002128448727,2598.3411188719647
0.34400000000000003,172,1.3821512123962598,-4.825381434946677,-1.4753064688775588,2.733728929241489,-0.0003944715372892848,0.4923486375121572,3.737248902502416,-0.021942579134474186,1.8427655551586304,-1.176213292901332,2.46053750749714,-4.528423757914264,8.518981967295735,-4.552821879422055,-32.9613912535184,-4.0,-12.0,-1.0,1.0,-1.0,-1.0,45.19559830013046,2.894279030082992,3.0158779408170635,0.19016462354081629,0.2680593446285867,0.32452316534734216,37.021789844509826,1.5,0.723569757520748,0.7539694852042659,0.9508231177040813,0.8935311487619557,1.3821512123962598,4.825381434946677,1.4753064688775588,2643.536717172095
0.34600000000000003,173,1.4053741128393449,-4.7159198582176645,-1.4798648001180794,2.7412056520478165,-0.00042863481250936123,0.4959821720689524,3.7373590081062096,-0.012266303400244013,1.7895719238917522,-1.185227905869718,2.477208292419169,-4.387566218323624,8.146135042745938,-2.115213093419129,-34.70241133590662,-4.0,-12.0,-1.0,1.0,-1.0,-1.0,45.11441621192052,2.875700709728524,3.0509056453703476,0.19013423466587948,0.26803133014327984,0.327797001375703,37.248885754309526,1.5,0.718925177432131,0.7627264113425869,0.9506711733293973,0.8934377671442663,1.4053741128393449,4.7159198582176645,1.4798648001180794,2688.6511333840153
0.34800000000000003,174,1.430804554047658,-4.603682856799688,-1.4655366473125415,2.748681131843452,-0.00044358127731647503,0.49950722850068296,3.736118338901433,-0.0027147328055238014,1.734382816654701,-1.1939100699819662,2.4931188457273987,-4.197858301373338,7.759469526475851,-1.0165781976951394,-36.172333697563545,-4.0,-12.0,-1.0,1.0,-1.0,-1.0,45.38561897614308,2.855356356761874,3.0868214858240997,0.19022975568458306,0.26834641382199326,0.3310709439486672,37.46920178129268,1.5,0.7138390891904685,0.7717053714560249,0.9511487784229152,0.8944880460733109,1.430804554047658,4.603682856799688,1.4655366473125415,2734.0367523601585
0.35000000000000003,175,1.4583507221672787,-4.4915759483194835,-1.4325616995665489,2.7561536084363683,-0.00043844311572467534,0.5028859591362058,3.734765061849414,0.008081393839151772,1.635212358013095,-1.2019894911010398,2.5078808298767634,-3.749245581238845,6.9117999113425475,-0.2286849599968832,-37.42111677785897,-4.0,-12.0,-1.0,1.0,-0.21883036,-1.0,45.314151455992025,2.833319422266177,3.1226956965377655,0.19044958866955636,0.26868863167903795,0.33434479059695654,37.28355306478456,1.5,0.7083298555665443,0.7806739241344414,0.9522479433477817,0.8956287722634598,1.4583507221672787,4.4915759483194835,1.4325616995665489,2779.3509038161505
0.352,176,1.487947562262825,-4.380880309574533,-1.3809058259074907,2.763624769838979,-0.0004113274371243501,0.5060522807297967,3.7348436166335066,0.018978504488811304,1.5316198042180809,-1.2091239531899611,2.520799354127406,-3.307844229476875,6.017760676978932,-0.8558643368546655,-36.13516553206546,-4.0,-12.0,-1.0,1.0,-0.22394128,-1.0,45.17209196728091,2.80964195018974,3.1581183009361498,0.19079396116061675,0.2686688085585916,0.33762028732198557,37.04607894526525,1.5,0.702410487547435,0.7895295752340374,0.9539698058030837,0.8955626951953054,1.487947562262825,4.380880309574533,1.3809058259074907,2824.5229957834313
0.354,177,1.5188969186564045,-4.270787696608963,-1.3154511454356406,2.7710981862943194,-0.0003672113628880026,0.5090189877206942,3.73702200019987,0.024924338019817763,1.4355425586180015,-1.2154336625759907,2.5320047437843027,-2.923434442878411,5.19791713570037,-1.6359786778802459,-34.24867421037584,-2.1048780245549428,-12.0,-1.0,1.0,0.043768205,-1.0,45.075255264225,2.7848824650748765,3.193347937085132,0.19123032569709575,0.2681170442638116,0.34089895596475905,36.82357592094794,1.5,0.6962206162687191,0.798336984271283,0.9561516284854786,0.8937234808793721,1.5188969186564045,4.270787696608963,1.3154511454356406,2869.598251047656
0.356,178,1.5494192999203522,-4.161771997994869,-1.2528394194744583,2.7785787515240794,-0.00032247037091247125,0.5118012368136715,3.741902842694822,0.019763106874295187,1.347031064372431,-1.221018673255309,2.5416420689265244,-2.58401708611715,4.44882030021578,-2.2960857336666436,-32.39053443536238,2.91964174704455,-12.0,-1.0,1.0,0.61743027,-1.0,44.90026657578775,2.7604645600637183,3.228232960641642,0.19164773720350362,0.2668664921781329,0.3441828574114143,36.61490723897464,1.5,0.6901161400159296,0.8070582401604105,0.958238686017518,0.8895549739271098,1.5494192999203522,4.161771997994869,1.2528394194744583,2914.4985176234436
0.358,179,1.5783799223960833,-4.053054145658086,-1.2038620537288873,2.786069551495391,-0.0002878624189577975,0.5144123694469459,3.7472239304536616,0.014816371047575626,1.2643625519383686,-1.22599144067898,2.5498451157979605,-2.3091364841245468,3.7629672505224865,-2.8761703816092563,-30.572515286383805,2.776263460034369,-12.0,-1.0,1.0,0.5966343,-1.0,44.778013514855225,2.7372960620831335,3.2630226733894125,0.19197425297514076,0.26548096178283564,0.3474732602534658,36.41907229147906,1.5,0.6843240155207834,0.8157556683473531,0.9598712648757037,0.8849365392761188,1.5783799223960833,4.053054145658086,1.2038620537288873,2959.2765311382987
0.36,180,1.6054995558983522,-3.9431145400334344,-1.1709647552752636,2.7935716736211234,-0.00026605449428446476,0.5168639734382261,3.7532007406015775,0.006977533642474085,1.187437188935152,-1.2304645224601152,2.556737068455469,-2.0829620190364917,3.1370854170900184,-3.2560199068381053,-28.783859412204492,4.0,-12.0,-1.0,1.0,1.0,-1.0,44.623597973455354,2.7156003552813184,3.2982033471893013,0.19219356829816492,0.2638976251916196,0.3507705578571736,36.23520199213304,1.5,0.6789000888203296,0.8245508367973253,0.9609678414908246,0.879658750638732,1.6054995558983522,3.9431145400334344,1.1709647552752636,3003.900129111754
0.362,181,1.6318782626812884,-3.82978548445894,-1.1437726801712518,2.801084116884528,-0.0002471935519600994,0.5191659553480112,3.757548039833369,0.011739855501018095,1.114717898838094,-1.2345504260273181,2.562430897518006,-1.91841332099294,2.56435555973318,-3.4922758760513375,-27.03284077654382,-1.6503414928635092,-12.0,-1.0,1.0,0.06574664,-1.0,44.567148234851736,2.6944973898549693,3.334468644973139,0.19237484879885833,0.26272831856887885,0.35407422974931935,36.06255334889916,1.5,0.6736243474637423,0.8336171612432848,0.9618742439942916,0.8757610618962628,1.6318782626812884,3.82978548445894,1.1437726801712518,3048.4672773466054
0.364,182,1.657341220422288,-3.7256894940932783,-1.1230870745454773,2.808601879149847,-0.00023187358686424137,0.5213265747419628,3.761018435419918,0.003580096645156218,1.0470184267089797,-1.238016770730192,2.567032772011969,-1.5939166596066991,2.046729497019125,-3.497838652828534,-25.30795730226714,4.0,12.0,-1.0,1.0,0.9324735,-0.6634826,44.54719765455749,2.6741270236621695,3.3677793618901513,0.1925127528363635,0.2617843903582278,0.3573819932160114,35.90050689435279,1.5,0.6685317559155424,0.8419448404725378,0.9625637641818174,0.872614634527426,1.657341220422288,3.7256894940932783,1.1230870745454773,3093.0144750011627
0.366,183,1.6825786226632238,-3.6316873029509065,-1.1028982305321537,2.8161254681962435,-0.00021441367398150678,0.5233557532889426,3.762771126472939,0.013830096105559088,0.9830244487175199,-1.2409301140335531,2.5706476664597915,-1.328925969967995,1.5765203532765928,-4.427053019184967,-23.64020188748941,-4.0,12.0,-1.0,1.0,-1.0,0.728918,44.289471912991935,2.653937101869421,3.39786006305571,0.19264734512978565,0.2613041735989581,0.3606939810612846,35.74831850332931,1.5,0.6634842754673552,0.8494650157639275,0.9632367256489283,0.871013911996527,1.6825786226632238,3.6316873029509065,1.1028982305321537,3137.3039469141545
0.368,184,1.7073764377443208,-3.5487148122624075,-1.083433110318697,2.823655805187341,-0.00019528697124852266,0.5252630969886368,3.769080246869282,0.005305946113760089,0.9256037793485322,-1.2433440920223449,2.5733742211331956,-1.1745706660291513,1.158423613854553,-5.16933780670621,-22.0121350583413,4.0,12.0,-1.0,1.0,1.0,-0.19194263,44.2143675660881,2.6340988498045435,3.4244112600760297,0.19277711259787536,0.259556424947127,0.3640105066702364,35.605267725852244,1.5,0.6585247124511359,0.8561028150190074,0.9638855629893768,0.8651880831570901,1.7073764377443208,3.5487148122624075,1.083433110318697,3181.5183144802427
0.37,185,1.7317984144088865,-3.4687046017134566,-1.064318738693182,2.831196983501866,-0.00017459293678451018,0.5270587529687341,3.7722292951551033,0.015341979969830022,0.8707907004805852,-1.2455110407727665,2.575305228663642,-0.9989863200648866,0.7797999738589694,-5.458318728642126,-20.466962295911912,-4.0,12.0,-1.0,1.0,-0.6308212,0.15345997,44.156212502619994,2.6145612684728907,3.450014527451694,0.19290454174204547,0.25867304672241703,0.3673332774500704,35.470593527344946,1.5,0.6536403171182227,0.8625036318629234,0.9645227087102273,0.8622434890747235,1.7317984144088865,3.4687046017134566,1.064318738693182,3225.6745269828625
0.372,186,1.7577663257226466,-3.3772774470204108,-1.0261414397001896,2.838752284770194,-0.00013400621540743117,0.528751685375217,3.7826549845555286,0.02522204990516888,0.8225688153640797,-1.2478043547325646,2.57652346923694,-1.2826448441670422,0.44414141543679786,-5.9028507083791055,-18.96004560202323,-4.0,-12.0,-1.0,1.0,-0.55010384,-0.38376993,44.05986336780674,2.5937869394218827,3.4792712169534687,0.19315905706866543,0.25569742045282756,0.37066365174422744,35.34362359685873,1.5,0.6484467348554707,0.8698178042383672,0.965795285343327,0.8523247348427586,1.7577663257226466,3.3772774470204108,1.0261414397001896,3269.7343903506694
0.374,187,1.7849287829630343,-3.2690635641972565,-0.9688854102964425,2.846321874297724,-7.381757932997714e-05,0.5303491836568122,3.7881111267681113,0.03492537169245312,0.7760127002099548,-1.250341944335704,2.5771024379806757,-1.3173938019186129,0.14192700355058502,-4.025895295908697,-17.525400924571954,-4.0,4.478357407948238,-1.0,1.0,-0.8446838,-0.243779,43.964748586598525,2.5720569736295724,3.513899659456878,0.19354076393135705,0.2541097936079938,0.3740016234528807,35.22381122573909,1.5,0.6430142434073931,0.8784749148642195,0.9677038196567852,0.8470326453599794,1.7849287829630343,3.2690635641972565,0.9688854102964425,3313.699138937268
0.376,188,1.8127633142336457,-3.1418388658088,-0.894067362358302,2.853906154670727,4.248604358035734e-06,0.5318584347105383,3.7958761338453826,0.042875533517680114,0.7336516069659998,-1.2531868715599976,2.577113531776893,-1.5174653086622074,-0.125705303211127,-3.3446325865229483,-16.130122613888034,-3.626911833767344,-12.0,-1.0,1.0,-0.4192203,-1.0,43.84553877659175,2.5497893486130834,3.554611562941184,0.19403955091761133,0.2518156070192961,0.3773472889990055,35.11061739670963,1.5,0.6374473371532708,0.888652890735296,0.9701977545880566,0.839385356730987,1.8127633142336457,3.1418388658088,0.894067362358302,3357.5446777138595
0.378,189,1.8390113050949202,-2.993244068402416,-0.818362290431524,2.86150494179809,8.350386770120835e-05,0.5332855253234206,3.802554374984071,0.03632578043032098,0.6937509269804484,-1.2563677884804212,2.5766206247501064,-1.6569891582740208,-0.3625326658873824,-1.775289607946263,-14.794179839322965,2.6512477501998166,-12.0,-1.0,1.0,0.28924406,-1.0,43.740519470224704,2.5287909559240638,3.600900790879678,0.19454425139712317,0.24981088585190223,0.38070049726329813,35.003585600743456,1.5,0.6321977389810159,0.9002251977199195,0.9727212569856158,0.8327029528396741,1.8390113050949202,2.993244068402416,0.818362290431524,3401.285197184084
0.38,190,1.861846913011368,-2.828046839838413,-0.7574365713444794,2.8691143733896283,0.00014847274527428843,0.5346344303424089,3.805174031835215,0.02864895994204448,0.6549296583574773,-1.2597463067684622,2.575681580452168,-1.6363981141346595,-0.572767240380604,-0.44148697580249063,-13.511461620584441,3.1539083148710323,-12.0,-1.0,1.0,0.3388649,-1.0,43.62452833040122,2.5105224695909056,3.622927088021545,0.19495042285770348,0.24901673305802882,0.3840594931694188,34.902417724319335,1.5,0.6276306173977264,0.9057317720053862,0.9747521142885174,0.8300557768600961,1.861846913011368,2.828046839838413,0.7574365713444794,3444.909725514485
0.382,191,1.882239351601166,-2.6610484603195634,-0.7051291878592149,2.8767261980115943,0.00020571448153627973,0.5359074174785052,3.8050795719190296,0.028495902775393635,0.6178656427356439,-1.2629736837325016,2.5743492476564738,-1.510285166675187,-0.7560914485187383,0.13126146110892023,-12.272479888530597,-0.10804961918361689,-10.133515748854165,-1.0,1.0,-0.07079937,-1.0,43.56198571972742,2.4942085187190672,3.645193538624058,0.19529913874760524,0.24904544360526265,0.387420596468977,34.80694368911211,1.5,0.6235521296797668,0.9112983846560145,0.9764956937380261,0.8301514786842089,1.882239351601166,2.6610484603195634,0.7051291878592149,3488.4717112342128
0.384,192,1.8999574783586257,-2.4962018537089166,-0.6638129287139293,2.884338095612116,0.0002528202132140911,0.5371087350866378,3.8050794451191976,0.01864835382593192,0.5831477559421149,-1.2659725389231082,2.572677866134782,-1.4021877576861022,-0.9122939382823654,0.1461721166194252,-11.089392288701106,4.0,-12.0,-1.0,1.0,0.7100883,-1.0,43.4190192131058,2.4800340173130992,3.6671730861721445,0.19557458047524048,0.2490454821415917,0.39078272878764464,34.716844868502164,1.5,0.6200085043282748,0.9167932715430361,0.9778729023762024,0.830151607138639,1.8999574783586257,2.4962018537089166,0.6638129287139293,3531.8907304473187
0.386,193,1.9140620052047828,-2.345936297819958,-0.6432846512453742,2.891944710748789,0.00028036117142158826,0.5382410171811386,3.801737351756798,0.00889941258152683,0.5496072296923842,-1.2684705413809771,2.570717510585477,-1.1059500884443796,-1.0437003908922065,0.20545610979530693,-9.9741035355446,4.0,12.0,-1.0,1.0,0.5869735,-0.64206237,43.38315429089949,2.4687503958361736,3.6872084936240057,0.19571143565836419,0.2500576811290877,0.39414348700278223,34.6319237114146,1.5,0.6171875989590434,0.9218021234060014,0.9785571782918209,0.8335256037636258,1.9140620052047828,2.345936297819958,0.6432846512453742,3575.2738847382184
0.388,194,1.924901386019232,-2.2141753355410096,-0.643413169392635,2.8995457885759333,0.0002884584272449136,0.5393089575423231,3.7995145048546797,-0.0007895402305596339,0.5187601052146621,-1.2704330231266647,2.568519576564432,-0.8648661728949958,-1.1503166922383,-0.7761317448395175,-8.925000162634376,4.0,12.0,-1.0,1.0,1.0,-0.06885611,43.32037361696757,2.4600788911846143,3.7047766219278655,0.19571057887071577,0.2507269748295104,0.39750269917252945,34.551828184325764,1.5,0.6150197227961536,0.9261941554819664,0.9785528943535788,0.8357565827650347,1.924901386019232,2.2141753355410096,0.643413169392635,3618.594258355186
0.39,195,1.932837704748098,-2.098761775702945,-0.6638244320222615,2.907143420527535,0.0002772612830381636,0.5403176800731591,3.799643568355448,-0.010421901649511543,0.4908458024668924,-1.271960085158129,2.5661310682402925,-0.7478447853303942,-1.2342136917593671,-1.589054973448924,-7.952331851694851,4.0,12.0,-1.0,1.0,1.0,-0.16653433,43.26094589045655,2.4537298362015214,3.7201650965729405,0.19557450378651828,0.25068820067563946,0.40086122652304335,34.47617399451307,1.5,0.6134324590503804,0.9300412741432351,0.9778725189325913,0.835627335585465,1.932837704748098,2.098761775702945,0.6638244320222615,3661.8552042456427
0.392,196,1.9382111426898911,-1.9724248784487168,-0.7032740548558714,2.914748810274221,0.00024675724166916635,0.5412749812151241,3.8050822323707694,-0.02004571944258369,0.4664472023827999,-1.2737125872153485,2.56359483928622,-0.9770281457977259,-1.2998788009828435,-1.8687495049790641,-7.0551451892617365,4.0,-12.0,-1.0,1.0,1.0,-0.5177619,43.20966746369822,2.449431085848087,3.737010016206838,0.19531150630096086,0.2490446350526326,0.4042239326914743,34.404376408865694,1.5,0.6123577714620217,0.9342525040517095,0.9765575315048043,0.8301487835087754,1.9382111426898911,1.9724248784487168,0.7032740548558714,3705.064871709341
0.394,197,1.941423784033677,-1.8455702581135023,-0.7617844948091531,2.9223559696331503,0.00019734442521716813,0.5421815319403694,3.8023010416038097,-0.029346008278454905,0.44038556682776137,-1.27542657532353,2.5609377632646777,-0.7437726954968586,-1.3551035544948962,-0.37233229119851785,-6.219573852329688,4.0,12.0,-1.0,1.0,0.91784185,0.001400358,43.14672810479447,2.4468609727730586,3.753923965584866,0.19492143670127232,0.2498874546616264,0.40758815724381003,34.33638510447229,1.5,0.6117152431932646,0.9384809913962165,0.9746071835063616,0.8329581822054214,1.941423784033677,1.8455702581135023,0.7617844948091531,3748.2115998141353
0.396,198,1.9439066326850172,-1.7279670851520323,-0.8311516113081215,2.9299617086923915,0.00013768858013243733,0.5430386635113489,3.8045947063568866,-0.030246662822183537,0.41737165206990684,-1.2768990318576796,2.5581815166662065,-0.7899209770217133,-1.3985897407181533,-1.1958119210665359,-5.4120348804610785,0.6823827211776334,4.334606095994786,-1.0,1.0,0.21298926,-0.191948,43.128607066407554,2.444874693851986,3.7696043886463957,0.19445898925794586,0.24919272781754834,0.41095247133028234,34.27210023664883,1.5,0.6112186734629965,0.9424010971615989,0.9722949462897292,0.8306424260584945,1.9439066326850172,1.7279670851520323,0.8311516113081215,3791.340206880543
0.398,199,1.9458335137547493,-1.5955109989618164,-0.9101896766399842,2.9375757969088134,6.78937563375702e-05,0.54385147943741,3.8092100330165386,-0.039504833085135055,0.3953791648910199,-1.2786956477710798,2.555345174255668,-0.996151961233992,-1.437608579283845,-0.6705792066123308,-4.64335462965056,4.0,-12.0,-1.0,1.0,1.0,-1.0,42.9841273130325,2.4433331889962004,3.7872652001384246,0.1939320688224001,0.24778483917391184,0.41432114037260703,34.21113904219425,1.5,0.6108332972490501,0.9468163000346062,0.9696603441120005,0.8259494639130395,1.9458335137547493,1.5955109989618164,0.9101896766399842,3834.3243341935754
0.4,200,1.9468886966075332,-1.4465795614971295,-1.003313414934128,2.9451968367666383,-1.650211429306255e-05,0.5446198334934856,3.810185235901562,-0.0446464050711064,0.37241407192722464,-1.2808079655030982,2.552431919193822,-1.0283575555516324,-1.4760612600279328,0.7198988971290987,-3.880991954714375,2.6694531393593106,-12.0,-1.0,1.0,0.5540438,-0.6654007,42.99214767481475,2.4424890427139734,3.807122725133716,0.19331124390043916,0.24748567796184948,0.4176935536508859,34.15351248798858,1.5,0.6106222606784933,0.951780681283429,0.9665562195021957,0.8249522598728316,1.9468886966075332,1.4465795614971295,1.003313414934128,3877.31648186839
0.402,201,1.949065509941497,-1.2901494472740387,-1.0973638864698703,2.9528194900649987,-0.00010165086876973095,0.5453426851412201,3.810793648124349,-0.0404215975983312,0.3498535844813257,-1.2830058461535108,2.5494451752587937,-1.0832711216932192,-1.5110671094379136,1.3033904151209867,-3.1060775386247315,-1.2394619549909986,-12.0,-1.0,1.0,0.122499086,-0.82056683,42.961644925127494,2.4407475920468023,3.8279800736967946,0.19268424075686755,0.247298742903092,0.4210673645372065,34.09929861440849,1.5,0.6101868980117006,0.9569950184241987,0.9634212037843377,0.8243291430103067,1.949065509941497,1.2901494472740387,1.0973638864698703,3920.2781267935175
0.404,202,1.953970853778338,-1.144876977403955,-1.1804001318523096,2.960434817919011,-0.00017453261317838692,0.5460179789197984,3.80477423770605,-0.03250093491524972,0.3257130538608483,-1.2848531674556318,2.54639168052247,-0.7741858982971219,-1.5402914060053554,2.0175343759114526,-2.3336995045692106,-2.821776694635963,12.0,-1.0,1.0,-0.056996427,-0.5179607,42.95471326906069,2.4368233169773297,3.847349736346139,0.19213066578765128,0.24913821000021869,0.4244386439869072,34.04865158101512,1.5,0.6092058292443324,0.9618374340865348,0.9606533289382564,0.830460700000729,1.953970853778338,1.144876977403955,1.1804001318523096,3963.2328400625784
0.406,203,1.9603355796864397,-1.002579962438921,-1.260336989741859,2.968047514839251,-0.00024366941154115162,0.5466491879364569,3.8076699540057426,-0.0364485830005383,0.3054398273101632,-1.2865684937092492,2.543293845411117,-0.9330949160319097,-1.557356786315862,0.8415725193551111,-1.576879074467172,2.122579749394908,-12.0,-1.0,1.0,0.5594899,-0.99317425,42.877518591790846,2.4317315362508483,3.8663226716748107,0.19159775340172094,0.24825609971028167,0.4278094275061499,34.00131090476574,1.5,0.6079328840627121,0.9665806679187027,0.9579887670086047,0.8275203323676056,1.9603355796864397,1.002579962438921,1.260336989741859,4006.110358654369
0.40800000000000003,204,1.9673434756942945,-0.8525225776475535,-1.3433843684776976,2.9756615430266122,-0.000315838102958613,0.5472386655216559,3.804984638161029,-0.035603288876375185,0.28357651781435844,-1.288389350762733,2.540163680542408,-0.8183785173307765,-1.5730408170920875,1.9791828587525515,-0.8719851506440932,0.17756049866827173,-6.723589303664923,-1.0,1.0,0.36330417,-0.84563965,42.88168872349335,2.4261252194445646,3.886330322980326,0.1910441042101487,0.24907429255249847,0.43118144261643643,33.95710008587581,1.5,0.6065313048611412,0.9715825807450815,0.9552205210507434,0.8302476418416616,1.9673434756942945,0.8525225776475535,1.3433843684776976,4048.9920473778625
0.41000000000000003,205,1.976850786296807,-0.7196954250733941,-1.4162344697680835,2.9832650289426974,-0.0003762570805921972,0.5477833034903244,3.798714117595015,-0.0248716253400608,0.26130423553711324,-1.2897372521562973,2.53700707539497,-0.5390362098604973,-1.5816390711770427,1.7697722759436942,-0.16753202302112413,-4.0,12.0,-1.0,1.0,-1.0,-0.35268587,42.8332822259471,2.4185193709625543,3.904040609990214,0.19055843686821278,0.250967193287415,0.43454947328041493,33.91625223822567,1.5,0.6046298427406386,0.9760101524975535,0.9527921843410638,0.8365573109580501,1.976850786296807,0.7196954250733941,1.4162344697680835,4091.8253296038097
0.41200000000000003,206,1.9898603002520594,-0.5881476439070256,-1.4688866190079912,2.990864532920211,-0.00041553720261239773,0.5482869680826488,3.800460156425123,-0.01443822424113449,0.24224014996053583,-1.291017256337438,2.5338426450339413,-0.7323099105942698,-1.5828812345364935,0.6426410173051522,0.5067802768912202,-4.0,-12.0,-1.0,1.0,-1.0,-1.0,42.77706737666401,2.4081117597983526,3.92158031414573,0.19020742253994674,0.2504426277757899,0.4379163756626596,33.87847739380134,1.5,0.6020279399495881,0.9803950785364325,0.9510371126997337,0.8348087592526331,1.9898603002520594,0.5881476439070256,1.4688866190079912,4134.602396980474
0.41400000000000003,207,2.0060302619796473,-0.439288677818015,-1.5009185318459053,2.998465667201627,-0.00043412059265740625,0.5487518720564192,3.7989923626939657,-0.004166025985974511,0.2221191813600556,-1.292634267961203,2.5306756048518437,-0.7986923889302685,-1.5842873823654169,1.8650103572020953,1.1458771658942055,-4.0,-12.0,-1.0,1.0,-1.0,-1.0,42.747986883434855,2.3951757904162823,3.9414281762909313,0.18999387645436064,0.2508837310136266,0.4412846110638924,33.84360959576856,1.5,0.5987939476040706,0.9853570440727328,0.9499693822718032,0.8362791033787553,2.0060302619796473,0.439288677818015,1.5009185318459053,4177.350383863909
0.41600000000000004,208,2.0249236521310627,-0.29051890669705294,-1.5134321686134777,3.006059744975122,-0.00043235205476550154,0.5491757043074549,3.7939383292457407,0.00591875137852723,0.20135058835463396,-1.2941658893096155,2.527510648522159,-0.6761871535154822,-1.58072644169244,2.5203250736351492,1.7863159414583265,-4.0,-2.860605349344354,-1.0,1.0,-1.0,-1.0,42.73382274542906,2.38006107829515,3.9612641457737263,0.1899104522092435,0.25239188829460296,0.4446503645772868,33.811822176940886,1.5,0.5950152695737875,0.9903160364434316,0.9495522610462174,0.8413062943153433,2.0249236521310627,0.29051890669705294,1.5134321686134777,4220.084206609338
0.418,209,2.0461685189043934,-0.146165477271254,-1.5069205692660606,3.013644986055615,-0.00041061009896682025,0.549559099161304,3.7896266925598456,0.015815670307594405,0.18151352499148612,-1.2955196977043488,2.5243598127369964,-0.5906630902531615,-1.5702405082153736,2.2141231662436667,2.401502504030418,-4.0,-12.0,-1.0,1.0,-1.0,-1.0,8.934727962502752,2.3630651848764854,3.9805112696971663,0.1899538628715596,0.25366518611411243,0.44801283977280093,0.0,1.5,0.5907662962191214,0.9951278174242916,0.949769314357798,0.8455506203803748,2.0461685189043934,0.146165477271254,1.5069205692660606,4229.018934571841
0.42,210,2.068047675349905,-0.006731658434473061,-1.4919570461431106,3.0212228188056303,-0.00037989010898701627,0.5499040718990925,3.7865293321181825,0.014885336981523362,0.16291817161166672,-1.2966990863959975,2.5212395710845796,-0.5027280339026889,-1.5501756617706346,2.0572645288787044,2.979239993677595,0.26698882888200126,-12.0,-1.0,1.0,0.22988854,-1.0,8.974515152723209,2.345561859720076,3.99910244554207,0.19005361969237927,0.2545721666648258,0.45137264154900514,0.0,1.5,0.586390464930019,0.9997756113855175,0.9502680984618963,0.8485738888827528,2.068047675349905,0.006731658434473061,1.4919570461431106,4237.993449724564
0.422,211,2.087860475447888,0.1272520426842817,-1.487907860422536,3.028795463541595,-0.0003602835867652723,0.5502128678060362,3.784426114509649,0.004763300718211998,0.14532229281125014,-1.29770615382533,2.5181678170239623,-0.4189731697885105,-1.5218296013259962,1.853466985456123,3.5029640919372014,4.0,-12.0,-1.0,1.0,1.0,-1.0,8.921885945187753,2.3297116196416896,3.983033060975429,0.19008061426384978,0.255184304140132,0.4547307220179193,0.0,1.5,0.5824279049104224,0.9957582652438572,0.9504030713192488,0.8506143471337733,2.087860475447888,0.1272520426842817,1.487907860422536,4246.915335669752
0.424,212,2.1072555114494063,0.256854029873334,-1.4841735095480786,3.0363625585095386,-0.00034085930426837124,0.550486263024825,3.7809684787716527,0.014656964243820646,0.1275304995909544,-1.2985778912101218,2.515152882929424,-0.36554068333821355,-1.4933286786098217,1.6361061507517434,3.975584601837511,-4.0,-12.0,-1.0,1.0,-0.6185587,-1.0,8.89909201753779,2.314195590840475,3.965752796016889,0.19010550993634615,0.2561839913479502,0.4580869113015469,0.0,1.5,0.5785488977101187,0.9914381990042223,0.9505275496817307,0.8539466378265007,2.1072555114494063,0.256854029873334,1.4841735095480786,4255.814427687289
0.426,213,2.126086544745439,0.3755225352055287,-1.4811755078930817,3.0439215152114403,-0.00032182707833146963,0.5507244186133747,3.7797375487881606,0.004367539488680804,0.11132650564702995,-1.2991718269470582,2.5122048170790188,-0.3178736586681925,-1.4529904023357192,1.5432911954586075,4.436066807164309,4.0,12.0,-1.0,1.0,1.0,-0.8828504,8.86708554037443,2.2991307642036487,3.9499303286392626,0.19012549661404612,0.25653786671983797,0.4614400603429276,0.0,1.5,0.5747826910509122,0.9874825821598157,0.9506274830702306,0.8551262223994599,2.126086544745439,0.3755225352055287,1.4811755078930817,4264.681513227663
0.428,214,2.1418242948519906,0.49058361859416877,-1.4977766765661418,3.0514781138199933,-0.0003232338689084067,0.5509305669072466,3.777492662827579,-0.005725148238091638,0.09483150163045756,-1.2996799254863154,2.5093415358373683,-0.2445069844220627,-1.4122932781832942,1.4237432194957478,4.823988595874823,4.0,12.0,-1.0,1.0,1.0,-0.87093,8.872172802094967,2.2865405641184076,3.934588850854111,0.19001482215622573,0.2571804860623337,0.4647926846364627,0.0,1.5,0.5716351410296019,0.9836472127135277,0.9500741107811286,0.8572682868744456,2.1418242948519906,0.49058361859416877,1.4977766765661418,4273.553686029758
0.43,215,2.154788402576752,0.5944952278859432,-1.5340297959822067,3.05902830379996,-0.0003446511192754457,0.5511037989169264,3.7729929296324416,-0.01566876115257753,0.07863711158411656,-1.2999167302003225,2.5065665230987433,-0.0012989373039446195,-1.3612240550038472,1.158529556116548,5.193159223442819,4.0,12.0,-1.0,1.0,1.0,-0.5684177,8.884353827798325,2.2761692779385987,3.9207339696152075,0.18977313469345197,0.25845773907948894,0.46814300315061974,0.0,1.5,0.5690423194846497,0.9801834924038019,0.9488656734672598,0.8615257969316298,2.154788402576752,0.5944952278859432,1.5340297959822067,4282.438039857556
0.432,216,2.165298442383285,0.6773863733764492,-1.590065777360796,3.0665712237336136,-0.0003857959385990891,0.5512460134025085,3.770203066449027,-0.025442891423157345,0.06379173216375598,-1.2997180753855482,2.503902203826882,0.19238705107764423,-1.3017963950123808,-0.010149736672644849,5.49281565527059,4.0,12.0,-1.0,1.0,1.0,0.2650075,8.88067772077839,2.267761246093372,3.90968181688314,0.18939956148426138,0.2592422831003805,0.4714906037378448,0.0,1.5,0.566940311523343,0.977420454220785,0.9469978074213068,0.864140943667935,2.165298442383285,0.6773863733764492,1.590065777360796,4291.318717578334
0.434,217,2.1739906501427844,0.7477600712017565,-1.6634938832961883,3.0741123635833048,-0.0004445846731732236,0.5513602077954864,3.7726507513477787,-0.0331271916576069,0.05103241417675124,-1.2993156814043123,2.5013615856226394,0.12414783132589027,-1.2377372679653285,-1.018310641535379,5.728541209685488,3.480845094996512,12.0,-1.0,1.0,0.7872961,-0.31037772,8.883936256415403,2.2608074798857727,3.9002986571730993,0.18891004077802542,0.2585542690558922,0.47483787613588735,0.0,1.5,0.5652018699714432,0.9750746642932748,0.944550203890127,0.8618475635196406,2.1739906501427844,0.7477600712017565,1.6634938832961883,4300.20265383475
0.436,218,2.183964397367515,0.8140763854987465,-1.734023725506561,3.081654117786791,-0.0005002236661958187,0.5514475270463197,3.7706853304984174,-0.022582562869246894,0.036813691554745856,-1.298920697878223,2.4989465780946807,0.18667865956164514,-1.1766015045451312,-0.7575933390237992,5.916369215298744,-4.0,12.0,-1.0,1.0,-0.6818125,-0.13356918,8.86979270405405,2.252828482105988,3.8914564819335005,0.18843984182995627,0.2591070711412295,0.47818586669309227,0.0,1.5,0.563207120526497,0.9728641204833751,0.9421992091497813,0.8636902371374318,2.183964397367515,0.8140763854987465,1.734023725506561,4309.072446538804
0.438,219,2.197453713573675,0.8774868333467165,-1.7846405399485643,3.089194530063436,-0.0005351041935045483,0.5515071917438649,3.771349239611605,-0.012364170520070812,0.02339974331056052,-1.2985574322114601,2.496654561203957,0.0919948480697343,-1.1146653086039473,-1.1492441854204571,6.093691903789534,-4.0,12.0,-1.0,1.0,-0.73796576,-0.12545067,8.874248788501355,2.24203702914106,3.8830017555537713,0.1881023964003429,0.25892065281667315,0.4815337220074887,0.0,1.5,0.560509257285265,0.9707504388884428,0.9405119820017145,0.8630688427222439,2.197453713573675,0.8774868333467165,1.7846405399485643,4317.946695327305
0.44,220,2.214163185522183,0.9575804289698725,-1.814799029639753,3.096740822428415,-0.000549799899409339,0.5515410598293548,3.7745869259797087,-0.002354995510340252,0.01027197602541266,-1.2986632491096441,2.4944834128551316,-0.18735055016398516,-1.0573925082456772,-0.7484782613134939,6.242414302228326,-4.0,-12.0,-1.0,1.0,-1.0,-1.0,8.797179311165893,2.2286694515822534,3.8723226094706837,0.18790133980240165,0.2580069480068799,0.48488461974908637,0.0,1.5,0.5571673628955633,0.9680806523676709,0.9395066990120082,0.8600231600229331,2.214163185522183,0.9575804289698725,1.814799029639753,4326.7438746384705
0.442,221,2.2337664795876515,1.057844234278306,-1.8246325763252855,3.1042915798882267,-0.0005446048524426616,0.5515475838251305,3.7758762509746915,0.0075329809691512505,-0.0039010093640960454,-1.299267601435587,2.492421762752504,-0.4077921011533774,-1.0049698352538052,0.6694121094919296,6.390279970202073,-4.0,-12.0,-1.0,1.0,-0.34067032,-1.0,8.789598915462685,2.2129868163298787,3.858954102096226,0.1878357828244981,0.2576409793620456,0.48823795914768775,0.0,1.5,0.5532467040824697,0.9647385255240565,0.9391789141224904,0.858803264540152,2.2337664795876515,1.057844234278306,1.8246325763252855,4335.533473553934
0.444,222,2.2559343307935094,1.1752802833656197,-1.814527146369392,3.1118432733142436,-0.0005197253227244081,0.5515249277496543,3.7741255103271283,0.017343520720023632,-0.01927405171098092,-1.300260031010175,2.4904610696935356,-0.4986021204743315,-0.9560138413765318,1.892490329627492,6.540496625768185,-4.0,-12.0,-1.0,1.0,-0.54701334,-1.0,8.753227574056414,2.1952525353651926,3.8432959622179172,0.1879031523575374,0.25813762781399435,0.4915922053281925,0.0,1.5,0.5488131338412982,0.9608239905544793,0.9395157617876869,0.8604587593799812,2.2559343307935094,1.1752802833656197,1.814527146369392,4344.28670112799
0.446,223,2.279952744443718,1.2903464199636236,-1.7879424775245536,3.1193838143323167,-0.0004775316167475276,0.5514681230786149,3.766216366828515,0.02461738240045775,-0.03716481870546555,-1.3011152371448145,2.488585646245284,-0.3170093620234393,-0.9149723182072893,2.5450263411498213,6.687855268175554,-3.168812745384377,-10.642901021766534,-1.0,1.0,-0.16808875,-0.9716504,8.751318120442482,2.1760378044450257,3.827953810671517,0.18808038348316966,0.26035345932273296,0.49494207517048805,0.0,1.5,0.5440094511112564,0.9569884526678792,0.9404019174158482,0.8678448644091099,2.279952744443718,1.2903464199636236,1.7879424775245536,4353.038019248433
0.448,224,2.3026905904671713,1.3895186803420247,-1.7652611691471918,3.1269108571175033,-0.00043879240877737444,0.55137781795407,3.7613503482194055,0.014167219657578486,-0.05329397752974044,-1.301542938339507,2.4868109594173458,-0.16209579555515255,-0.8629191871849314,1.8081037758232696,6.857732341979613,4.0,12.0,-1.0,1.0,0.74728924,-0.91076857,8.713632863694176,2.157847527626263,3.8147308426210635,0.18823159220568542,0.26169362927663553,0.49828651654776746,0.0,1.5,0.5394618819065657,0.9536827106552659,0.941157961028427,0.8723120975887851,2.3026905904671713,1.3895186803420247,1.7652611691471918,4361.751652112127
0.45,225,2.3218631782786767,1.4745601863233948,-1.7629431969923157,3.1344287850472208,-0.0004209885638386926,0.5512565898029179,3.756845921248304,0.0036487689191301766,-0.06777787476148359,-1.3016204251949617,2.4851531245836154,0.07561263710400085,-0.7940424712185645,1.119076182420315,6.952404052455506,4.0,12.0,-1.0,1.0,1.0,0.25153047,8.715547756951235,2.1425094573770584,3.8033919751568805,0.18824704535338457,0.26291816396691475,0.5016274331033901,0.0,1.5,0.5356273643442646,0.9508479937892201,0.9412352267669228,0.876393879889716,2.3218631782786767,1.4745601863233948,1.7629431969923157,4370.467199869078
0.452,226,2.337728090694915,1.53826598009261,-1.7811602597220602,3.1419392658029177,-0.00042412540690153294,0.5511072883555101,3.753881626618988,-0.006762408009748056,-0.081386973370771,-1.3012733897024205,2.4836379039820202,0.26388042669029066,-0.720481260441181,-0.053968609784476484,6.939587439369745,4.0,12.0,-1.0,1.0,1.0,0.1156419,8.719115927734414,2.129817527444068,3.794897869320985,0.1881255982685196,0.2637154587125811,0.5049655179273738,0.0,1.5,0.532454381861017,0.9487244673302463,0.940627991342598,0.8790515290419372,2.337728090694915,1.53826598009261,1.7811602597220602,4379.186315796813
0.454,227,2.350645604503128,1.5876129849658789,-1.81929008440107,3.149445341345519,-0.0004478141194432778,0.5509306762840431,3.7526251729891666,-0.01684579390963363,-0.09545471408960124,-1.3006626542229012,2.4822640204442594,0.30066257400184243,-0.6572347205185742,-1.0647146562241687,6.87482550580188,4.0,12.0,-1.0,1.0,1.0,-0.302069,8.704941304022237,2.1194835163974974,3.7883182686712162,0.18787139943732623,0.26405133066950387,0.5083021096847222,0.0,1.5,0.5298708790993744,0.9470795671678041,0.939356997186631,0.8801711022316796,2.350645604503128,1.5876129849658789,1.81929008440107,4387.891257100835
0.456,228,2.3611856656022563,1.6382305261263488,-1.8752430593321823,3.15694992813822,-0.0004903380594319032,0.5507255650831765,3.75168356175828,-0.025496894109037015,-0.10934837332711418,-1.3000758614225454,2.4810091600684836,0.3287013161854512,-0.59354646821255,-1.370772488685816,6.83336951374099,3.7507573769041977,-12.0,-1.0,1.0,0.79796654,-0.45573676,8.704540820667278,2.111051467518195,3.7815692631831537,0.18749837960445215,0.2643022260833372,0.5116385243468313,0.0,1.5,0.5277628668795488,0.9453923157957884,0.9374918980222606,0.8810074202777907,2.3611856656022563,1.6382305261263488,1.8752430593321823,4396.595797921503
0.458,229,2.3722804022763917,1.6770165050330055,-1.931266303961385,3.164450837528668,-0.0005325045157909129,0.5504935878642315,3.7493628631735985,-0.016785726945853594,-0.12257335610811582,-1.299309289228789,2.47989487735519,0.43322596891462434,-0.5204828795520241,-1.6283247596750243,6.765900327366012,-3.4443360951665434,12.0,-1.0,1.0,-0.0480335,0.22243994,8.720161654214639,2.1021756781788867,3.7763977993289326,0.1871248913069241,0.26491759082295174,0.514973762929555,0.0,1.5,0.5255439195447217,0.9440994498322332,0.9356244565346205,0.8830586360765058,2.3722804022763917,1.6770165050330055,1.931266303961385,4405.315959575717
0.46,230,2.386448358023846,1.7045496669673736,-1.9697075583805692,3.1719487722871937,-0.0005560412955745306,0.5502355752521564,3.7501770955578557,-0.006819706228564565,-0.13499806015543184,-1.2984237018850675,2.4789263410486306,0.3701822020560741,-0.4481570888204871,-2.3042624620721313,6.623438926722088,-4.0,12.0,-1.0,1.0,-0.9001741,0.05470366,8.692371703770814,2.090841313580923,3.7727267110710168,0.18686861627746287,0.2647021724387712,0.5183081242399821,0.0,1.5,0.5227103283952308,0.9431816777677542,0.9343430813873144,0.8823405747959041,2.386448358023846,1.7045496669673736,1.9697075583805692,4414.008331279488
0.462,231,2.4037359374794502,1.7477168842765727,-1.987963050076121,3.1794547528713046,-0.0005599203534860488,0.5499538864385741,3.755418368771678,0.0029243941141840583,-0.1469418250622162,-1.298029610602017,2.4780958835025575,0.035808550957122876,-0.3837802889758319,-2.1661610965236946,6.455517234376259,-4.0,-12.0,-1.0,1.0,-0.9709268,-1.0,8.644587437654808,2.0770112500164397,3.766971082096457,0.18674691299949253,0.2633029810841959,0.5216464627142665,0.0,1.5,0.5192528125041099,0.9417427705241143,0.9337345649974627,0.8776766036139864,2.4037359374794502,1.7477168842765727,1.987963050076121,4422.652918717143
0.464,232,2.423872887111014,1.8135434491761413,-1.9859274194702459,3.1869690431978035,-0.000544396464343184,0.5496468998320463,3.758554241126842,0.012588958487446292,-0.16024916053878707,-1.2982357311644892,2.4773857621801874,-0.23140772170147444,-0.3275960874002998,-0.5731110976390141,6.299724744367666,-4.0,-12.0,-1.0,1.0,-0.5041746,-1.0,8.64150466553108,2.060901690311189,3.7581942067765146,0.1867604838701984,0.26245558912871586,0.5249889232145022,0.0,1.5,0.5152254225777972,0.9395485516941287,0.9338024193509918,0.8748519637623862,2.423872887111014,1.8135434491761413,1.9859274194702459,4431.294423382674
0.466,233,2.446556668113804,1.8985849916100903,-1.9639777676502441,3.1944878331765487,-0.000509598588498856,0.5493121633873913,3.7599834365736697,0.02220178548721672,-0.1746475928196977,-1.2989158701822536,2.4767809251899355,-0.439511484602871,-0.27828040613987204,0.8041943781483951,6.160828000963988,-4.0,-12.0,-1.0,1.0,-1.0,-1.0,8.585910864117627,2.042754665508957,3.746855334451988,0.18690681488233174,0.26206686996528716,0.5283338552367156,0.0,1.5,0.5106886663772392,0.936713833612997,0.9345340744116586,0.8735562332176239,2.446556668113804,1.8985849916100903,1.9639777676502441,4439.880334246792
0.468,234,2.4706855757190977,1.9994759476354542,-1.9278261808625548,3.202008553383371,-0.00046128104840007455,0.5489479439359382,3.759059596511844,0.02599603495120084,-0.1900901430980146,-1.2999539804462732,2.476270462714108,-0.5133026286126329,-0.2327182281025299,1.980740996208226,6.035216992712208,-1.8773953234109522,-12.0,-1.0,1.0,-0.05948975,-1.0,8.589087993907109,2.023451539424722,3.7334032069819396,0.18714782546091632,0.26231831932902655,0.5316801466801948,0.0,1.5,0.5058628848561805,0.9333508017454849,0.9357391273045815,0.8743943977634219,2.4706855757190977,1.9994759476354542,1.9278261808625548,4448.469422240699
0.47000000000000003,235,2.4929605659222447,2.0918846815603036,-1.8984165626201246,3.2095203411002107,-0.0004199066572292635,0.5485503272234503,3.7532920034715906,0.015418236946055519,-0.20770749100712432,-1.300743657334443,2.475847818981995,-0.3287244748960599,-0.19347008480234604,2.5573187690609416,5.909498597691083,4.0,12.0,-1.0,1.0,1.0,-0.94779307,8.537930204262995,2.005631547262204,3.721082042458626,0.1873438895825325,0.263873229521431,0.5350230388612451,0.0,1.5,0.501407886815551,0.9302705106146565,0.9367194479126625,0.8795774317381033,2.4929605659222447,2.0918846815603036,1.8984165626201246,4457.007352444962
0.47200000000000003,236,2.5113677112085226,2.168945028821493,-1.8897018790111701,3.217021150532942,-0.00039970848778029313,0.5481185806266606,3.7478038959265048,0.004791573026814464,-0.22390830403860873,-1.3011221091177996,2.4755143601635106,-0.0592211290736141,-0.1393925589311836,1.792363378112043,5.797786627612709,4.0,12.0,-1.0,1.0,1.0,0.57103044,8.543097168708185,1.990905831033182,3.7108073294904678,0.18740198747325887,0.2653285668769952,0.5383616347630049,0.0,1.5,0.4977264577582955,0.9277018323726169,0.9370099373662943,0.8844285562566506,2.5113677112085226,2.168945028821493,1.8897018790111701,4465.55044961367
0.47400000000000003,237,2.5261416252577344,2.223598601165805,-1.9018709320845943,3.22451265171613,-0.00040067047644759215,0.5476551788764692,3.7439608521264374,-0.0057310366299877695,-0.23938001864023511,-1.3010154633348838,2.4752922964061463,0.15781945485943608,-0.08223089490548405,0.5205370056711445,5.594090761953794,4.0,12.0,-1.0,1.0,1.0,0.48156387,8.556897019804374,1.9790866997938124,3.703520186511226,0.18732086045276938,0.2663333394103999,0.5416966332223048,0.0,1.5,0.4947716749484531,0.9258800466278065,0.9366043022638468,0.8877777980346663,2.5261416252577344,2.223598601165805,1.9018709320845943,4474.107346633475
0.47600000000000003,238,2.5375983415717385,2.2585479112396074,-1.9345312186104238,3.2319980097688417,-0.0004225240001403347,0.5471614841481317,3.7416437715001334,-0.016091106676220233,-0.2542147396771563,-1.300520372461369,2.4751869192851608,0.33047581495684597,-0.022834424802083884,-0.585995070577269,5.352695193298132,4.0,12.0,-1.0,1.0,1.0,0.1710127,8.557684798961152,1.9699213267426092,3.6988602785013858,0.18710312520926387,0.2669333628865073,0.5450294158176954,0.0,1.5,0.4924803316856523,0.9247150696253464,0.9355156260463192,0.8897778762883577,2.5375983415717385,2.2585479112396074,1.9345312186104238,4482.665031432436
0.47800000000000004,239,2.547010370952137,2.2857250248341674,-1.9811500228061616,3.2394805474925246,-0.0004588429864051303,0.5466371125784806,3.74054908383471,-0.020146772714115142,-0.26990636188303607,-1.2998823110570816,2.475182743617662,0.35188725710074104,0.022345368865451867,-1.5482950457672473,5.0767882669782125,1.7648127362531092,-12.0,-1.0,1.0,0.49077943,-0.23248261,8.571883659145568,1.9623917032382905,3.6952366633554443,0.18679233318129226,0.2672153135442221,0.5483614637884968,0.0,1.5,0.4905979258095726,0.9238091658388611,0.9339616659064612,0.8907177118140738,2.547010370952137,2.2857250248341674,1.9811500228061616,4491.236915091582
0.48,240,2.5576565287704183,2.301672557631607,-2.0222015772537185,3.246959457320161,-0.0004888861811004221,0.5460824004196794,3.7395241383017703,-0.009970828810654593,-0.2845103013570477,-1.2990648083286693,2.475281719932512,0.40775372616439615,0.07642816538189529,-1.782964537344185,4.8517244321403155,-4.0,12.0,-1.0,1.0,-0.31240442,0.10382921,8.563750882348156,1.9538747769836653,3.693110325649119,0.18651865615164187,0.2674784089834088,0.5516924120099609,0.0,1.5,0.4884686942459163,0.9232775814122798,0.9325932807582094,0.8915946966113627,2.5576565287704183,2.301672557631607,2.0222015772537185,4499.80066597393
0.482,241,2.571611442922996,2.327394480643091,-2.043214236216911,3.254444652324865,-0.0004989766142804556,0.5455001358475894,3.7438313985348186,-0.00010908514846411869,-0.29838125185889924,-1.2985860410968537,2.475482401361025,0.1595722134721094,0.12296087500990537,-2.225797428345004,4.56151518658811,-4.0,-12.0,-1.0,1.0,-1.0,-0.20755273,8.377742591089431,1.9427108456616033,3.6896807359142545,0.18637857175855393,0.26636697754897914,0.5550266148592105,0.0,1.5,0.48567771141540084,0.9224201839785636,0.9318928587927696,0.8878899251632638,2.571611442922996,2.327394480643091,2.043214236216911,4508.17840856502
0.484,242,2.5885967738440643,2.369288920313638,-2.044137673599675,3.2619369057220227,-0.0004894736797206832,0.5448889965554237,3.7481056076582506,0.009598843674600168,-0.3129750650816425,-1.29855361694431,2.4757686432363086,-0.11668294241910435,0.16185682960921172,-1.0806433112466607,4.288715352745498,-4.0,-12.0,-1.0,1.0,-1.0,-1.0,8.29905085786765,1.9291225809247488,3.684094810624848,0.1863724155093355,0.2652491809249592,0.5583644367392129,0.0,1.5,0.4822806452311872,0.921023702656212,0.9318620775466775,0.8841639364165307,2.5885967738440643,2.369288920313638,2.044137673599675,4516.4774594228875
0.486,243,2.60741608745857,2.4309798254277593,-2.030731826785672,3.2694363099772104,-0.0004666482157978219,0.5442475715342657,3.7510391481467065,0.013120883767429394,-0.32863548021238437,-1.299008595479926,2.4761260052056095,-0.329551188036301,0.1942772147229323,0.2941476377006893,4.0369872046921955,-1.7233658098105806,-12.0,-1.0,1.0,-0.045974754,-1.0,8.267218673274877,1.914067130033144,3.675869356609632,0.18646178782142886,0.26447352898856435,0.561705940753539,0.0,1.5,0.478516782508286,0.918967339152408,0.9323089391071443,0.8815784299618813,2.60741608745857,2.4309798254277593,2.030731826785672,4524.744678096163
0.488,244,2.6268544366517186,2.509458182291294,-2.0096471380403482,3.2769400992979385,-0.0004372217069812256,0.5435737656051017,3.752254406134195,0.01620030416536247,-0.34539884047257546,-1.2998395988361107,2.476541132398876,-0.4793796805706606,0.21984421428061987,1.4494845729099097,3.8034128852634126,-1.5438705139237798,-12.0,-1.0,1.0,-0.055994593,-1.0,8.281184129223071,1.898516450678625,3.665405575694494,0.18660235241306436,0.26415020609457146,0.5650499318425144,0.0,1.5,0.47462911266965624,0.9163513939236235,0.9330117620653218,0.8805006869819049,2.6268544366517186,2.509458182291294,2.0096471380403482,4533.025862225386
0.49,245,2.6445680780951424,2.5929149732465264,-1.9948822598646259,3.284441109629235,-0.00041499386493067315,0.5428639771343333,3.7472548395676304,0.0061750267301935915,-0.3647970284275579,-1.3007159422316248,2.4769993485893416,-0.3199806649782043,0.2384097341446409,2.3648277068186303,3.592552448821664,3.897143174649713,-12.0,-1.0,1.0,0.5903991,-1.0,8.120189216151736,1.884345537523886,3.65427800356713,0.18670078493423584,0.265472846737573,0.5683932864524479,0.0,1.5,0.4710863843809715,0.9135695008917825,0.9335039246711792,0.8849094891252434,2.6445680780951424,2.5929149732465264,1.9948822598646259,4541.146051441538
0.492,246,2.658456551841578,2.656523527536384,-2.000515652949857,3.2919297352729724,-0.000413120404220674,0.5421157092942429,3.741674300737337,-0.004283009479641616,-0.3833386714746807,-1.3010719201291228,2.477505465206716,-0.04545828135235108,0.2682622649340964,1.7431013079591935,3.408081611408477,4.0,12.0,-1.0,1.0,1.0,-0.45726866,8.171076713398794,1.8732347585267375,3.645796862995149,0.1866632289803343,0.2669254856219185,0.5717317775172948,0.0,1.5,0.46830868963168437,0.9114492157487872,0.9333161449016715,0.8897516187397283,2.658456551841578,2.656523527536384,2.000515652949857,4549.317128154937
0.494,247,2.6687003146230257,2.698455678008162,-2.02696581384445,3.299408971695646,-0.0004320333842947883,0.5413311177956353,3.7378434381103496,-0.014602854599455725,-0.4011356671736712,-1.3009326951352147,2.478074328247208,0.1766096932408362,0.30102229429131555,0.441684969329458,3.1575956339863183,4.0,12.0,-1.0,1.0,1.0,0.19886774,8.10825490668083,1.8650397483015793,3.6402059095989117,0.18648689457437034,0.26790795567688286,0.5750666960214663,0.0,1.5,0.4662599370753948,0.9100514773997279,0.9324344728718517,0.8930265189229428,2.6687003146230257,2.698455678008162,2.02696581384445,4557.425383061617
0.496,248,2.675627273841647,2.721349506117417,-2.0737952054960678,3.3068821967298083,-0.0004714083641134743,0.5405116094383045,3.735646260713184,-0.02473773487325088,-0.4182669770425247,-1.3003952230682638,2.4787110030707744,0.35399713674024924,0.33596521502470844,-0.6964999024180543,2.88002287910183,4.0,12.0,-1.0,1.0,1.0,0.6539312,8.009706800756575,1.8594981809266824,3.6371533991843443,0.18617469863002623,0.26846596718593196,0.5783995152816859,0.0,1.5,0.4648745452316706,0.9092883497960861,0.930873493150131,0.89488655728644,2.675627273841647,2.721349506117417,2.0737952054960678,4565.435089862373
0.498,249,2.6795883872893707,2.7273573492357843,-2.14053872751831,3.314352587941668,-0.0005308323004255222,0.5396584534677284,3.7364762069538586,-0.03463508076732527,-0.4344248875696051,-1.2995419497148246,2.4794192458758713,0.41557342259975183,0.3721932484265913,-1.6909315333053314,2.5779733107216316,4.0,12.0,-1.0,1.0,0.8054388,0.055337735,7.9834044964092525,1.8563292901685036,3.6363523534352287,0.1857297418165446,0.2682556601977073,0.5817316218627204,0.0,1.5,0.4640823225421259,0.9090880883588072,0.928648709082723,0.8941855339923577,2.6795883872893707,2.7273573492357843,2.14053872751831,4573.4184943587825
0.5,250,2.684363623926159,2.7445430861324174,-2.205826025098098,3.321832115283849,-0.0005895932875599651,0.5387744355861953,3.7426568920170986,-0.024154448161968274,-0.4498652016784912,-1.299035334734719,2.480189343879028,0.10151632183637704,0.3962431396427912,-2.169467633290708,2.2551845826927774,-4.0,-12.0,-1.0,1.0,-0.52853686,-0.6425114,8.025587239613017,1.8525091008590726,3.634060921849011,0.18529449316601268,0.2666715470232147,0.585068282571779,0.0,1.5,0.46312727521476815,0.9085152304622528,0.9264724658300634,0.888905156744049,2.684363623926159,2.7445430861324174,2.205826025098098,4581.444081598395
0.502,251,2.693154156841323,2.784243623623991,-2.249880291947278,3.329321759632381,-0.0006275571545897489,0.5378579931287424,3.746652663397425,-0.013834252479397199,-0.4668057250355963,-1.299096177862251,2.4809980457685508,-0.1529485669730033,0.41103007475305253,-0.7005051254949421,1.9809155259804356,-4.0,-12.0,-1.0,1.0,-1.0,-0.7800841,7.9722224127128625,1.8454766745269415,3.6287675168501345,0.18500079805368483,0.26563080722507865,0.5884099565959136,0.0,1.5,0.4613691686317354,0.9071918792125336,0.9250039902684241,0.8854360240835955,2.693154156841323,2.784243623623991,2.249880291947278,4589.416304011108
0.504,252,2.705614609908038,2.8436499999265994,-2.2731941709271704,3.3368175064451786,-0.0006450220226444339,0.5369063855619823,3.748817880138692,-0.0036517117421799375,-0.48498802343903913,-1.2996116419976658,2.4818282177470685,-0.3541447628466906,0.4179415426197092,0.5839879440583218,1.7452404725245856,-4.0,-12.0,-1.0,1.0,-1.0,-1.0,7.87393640668552,1.8355083120735696,3.6208466666764534,0.18484537219381889,0.2650614801655023,0.5917549030447571,0.0,1.5,0.4588770780183924,0.9052116666691133,0.9242268609690943,0.8835382672183411,2.705614609908038,2.8436499999265994,2.2731941709271704,4597.290240417794
0.506,253,2.7214125761491634,2.9183794513196903,-2.2762936749320826,3.3443137379845806,-0.0006420966385017897,0.535916090089359,3.7459662172745793,0.006540656842000841,-0.5056588460636724,-1.3004131810552897,2.4826581002143437,-0.36948912091674785,0.4122215711633243,1.6930617505097985,1.544648737487762,-4.0,-12.0,-1.0,1.0,-0.32027748,-1.0,7.877231628568377,1.822869939080669,3.6108827398240413,0.18482470883378613,0.2658105174612408,0.5951006812362474,0.0,1.5,0.45571748477016727,0.9027206849560103,0.9241235441689306,0.8860350582041361,2.7214125761491634,2.9183794513196903,2.2762936749320826,4605.1674720463625
0.508,254,2.739471519056013,2.9905212532518104,-2.2643520208208563,3.351799686669272,-0.0006228390270073365,0.5348826812044747,3.7396955176796842,0.012528108176103007,-0.527456527726124,-1.3010253260265794,2.4834709807108317,-0.1988120519278752,0.40461418248447606,1.9300913523848635,1.4072721013146747,-2.5121866340889043,-12.0,-1.0,1.0,-0.14549018,-1.0,7.952217428749003,1.80842278475519,3.6012638328997584,0.1849043198611943,0.26743447746191,0.5984425770985449,0.0,1.5,0.4521056961887975,0.9003159582249396,0.9245215993059714,0.8914482582063668,2.739471519056013,2.9905212532518104,2.2643520208208563,4613.119689475111
0.51,255,2.756066505456692,3.044101829361613,-2.2580434028832315,3.359274112737501,-0.0006082785840184799,0.5338077057371621,3.73502331995947,0.0020963249983227596,-0.5473938706136521,-1.3011486161049293,2.4842913355289284,0.06580966392604948,0.416294219656248,1.1991350016983802,1.2827329454112828,4.0,12.0,-1.0,1.0,0.64446414,-0.382801,7.94497597187549,1.795146795634646,3.585887414604284,0.1849463773141118,0.2686234414003617,0.6017800079025566,0.0,1.5,0.4487866989086615,0.896471853651071,0.9247318865705589,0.8954114713345391,2.756066505456692,3.044101829361613,2.2580434028832315,4621.0646654469865
0.512,256,2.76951576770456,3.0770739729711574,-2.2677016404343098,3.3667406704931877,-0.0006093440373315853,0.5326935333516207,3.731797361305283,-0.003108272493182635,-0.5666691790472366,-1.3008013319289617,2.485137088223552,0.27350027118056014,0.4298874887057672,-0.09931556190122137,1.0602617959331155,2.022612353096404,12.0,-1.0,1.0,0.41169533,-0.2153328,7.9220181700454155,1.784387385836352,3.5753363286492297,0.1848819890637713,0.2694337248656044,0.605114551386853,0.0,1.5,0.446096846459088,0.8938340821623074,0.9244099453188563,0.8981124162186814,2.76951576770456,3.0770739729711574,2.2677016404343098,4628.986683617032
0.514,257,2.7801098323946123,3.106713808992368,-2.2921947680123735,3.3742039819310117,-0.0006257124380270797,0.5315395498185833,3.731514078247353,-0.013215147999056296,-0.587333956135037,-1.3003286310056172,2.48598864770529,0.19917089444175887,0.42144635328209445,-1.2072254333672845,0.8231449117607781,4.0,-12.0,-1.0,1.0,1.0,-0.9859245,7.83163327584433,1.7759121340843103,3.5658515811224425,0.1847187015465842,0.26950445957567104,0.6084482645713809,0.0,1.5,0.44397803352107756,0.8914628952806106,0.9235935077329209,0.8983481985855702,2.7801098323946123,3.106713808992368,2.2921947680123735,4636.818316892876
0.516,258,2.7873284346525513,3.1483334300189254,-2.335369256443656,3.381666689339622,-0.000662010936983987,0.5303441064269888,3.7311623347717524,-0.023030554304953335,-0.6081420353461695,-1.300002326548835,2.486821857104739,0.12868305969893062,0.41144266003711066,-0.9301187343422157,0.6950386925315115,4.0,-12.0,-1.0,1.0,1.0,-1.0,7.845567952940092,1.770137252277959,3.552533302393944,0.18443087162370897,0.2695921940024003,0.6117823414885581,0.0,1.5,0.44253431306948976,0.888133325598486,0.9221543581185447,0.8986406466746678,2.7873284346525513,3.1483334300189254,2.335369256443656,4644.663884845816
0.518,259,2.7925310548411755,3.186751046020853,-2.391493459798663,3.3891263638437197,-0.0007112930838796364,0.5291084842391116,3.728766707720266,-0.026149447290425707,-0.6273697632993696,-1.2995529360586786,2.487655207296098,0.31351360328717054,0.422328359164445,-0.6429404519844866,0.5784152788666574,1.5098272078995518,12.0,-1.0,1.0,0.45456317,-0.16349787,7.881128337824848,1.7659751561270598,3.5402396652733272,0.18405671026800893,0.27018693236530167,0.6151156758477665,0.0,1.5,0.44149378903176495,0.8850599163183318,0.9202835513400446,0.9006231078843389,2.7925310548411755,3.186751046020853,2.391493459798663,4652.545013183641
0.52,260,2.7959427316389305,3.222196293221109,-2.460144536452139,3.3965888143635325,-0.0007734324469117194,0.5278363536353495,3.7319114700526774,-0.035868244130206506,-0.6453154132774688,-1.299082569899556,2.488511550576083,0.24517075248651915,0.4328743376004915,-1.6569712679569761,0.35731674495821153,4.0,-12.0,-1.0,1.0,0.8903047,-0.79061,7.778776384337868,1.7632458146888554,3.528897186169245,0.1835990364236524,0.26940521315486804,0.6184507810633537,0.0,1.5,0.44081145367221386,0.8822242965423113,0.917995182118262,0.8980173771828934,2.7959427316389305,3.222196293221109,2.460144536452139,4660.323789567979
0.522,261,2.7966771020214547,3.2474641162789535,-2.547769420255076,3.404051856103048,-0.0008544923549365863,0.5265269567243397,3.732900449691775,-0.04518190382461514,-0.6635902013005777,-1.2984231576444882,2.489389269106437,0.32983083837359484,0.4451266573987264,-1.4093302457782215,0.13331819678097645,4.0,12.0,-1.0,1.0,1.0,-0.50144094,7.745630829558933,1.7626583183828362,3.520811482790735,0.18301487053163285,0.26915764146967697,0.6217866920340405,0.0,1.5,0.44066457959570904,0.8802028706976838,0.9150743526581642,0.8971921382322566,2.7966771020214547,3.2474641162789535,2.547769420255076,4668.069420397537
0.524,262,2.798590451558987,3.2639228473076423,-2.634597884794516,3.4115163359801426,-0.0009337965795611513,0.5251807512538966,3.7317036281340363,-0.03419664258984628,-0.682589869214929,-1.2976376427473988,2.4902861172635067,0.45002368092361783,0.45180730796092644,-1.9645131262271889,-0.10348710828105823,-4.0,12.0,-1.0,1.0,-0.15777673,0.41805583,7.72298833146444,1.7611276387528103,3.5155446888615547,0.1824360141013699,0.2694571372041418,0.6251237714676581,0.0,1.5,0.4402819096882026,0.8788861722153887,0.9121800705068495,0.8981904573471393,2.798590451558987,3.2639228473076423,2.634597884794516,4675.792408729002
0.526,263,2.805021090530385,3.273501968755712,-2.7014952322886026,3.418981512706792,-0.0009916012350691104,0.5237970853638836,3.7350959680764113,-0.023714955110421456,-0.7006745971889801,-1.2967827635031384,2.491194586704548,0.32103791916998126,0.4566862574514216,-2.72258031839516,-0.3162599925059908,-4.0,12.0,-1.0,1.0,-1.0,-0.19317955,7.7374633020973365,1.7559831275756919,3.512479369998172,0.18199003178474266,0.2686050932832553,0.6284616946304089,0.0,1.5,0.43899578189392297,0.878119842499543,0.9099501589237132,0.8953503109441844,2.805021090530385,3.273501968755712,2.7014952322886026,4683.529872031099
0.528,264,2.8157843678801355,3.302976551677512,-2.7473339590211374,3.4264579136039064,-0.0010288314158761456,0.5223776681154491,3.7409095752063917,-0.013538798651787396,-0.718986807490336,-1.2964621739824271,2.4921059789207085,0.010502676619565388,0.4532393937165361,-2.248627358479041,-0.5223486281667533,-4.0,-12.0,-1.0,1.0,-1.0,-0.98991185,7.785335997890756,1.7473725056958918,3.5030475034631965,0.18168444027319242,0.2671225729572556,0.6318051026452003,0.0,1.5,0.43684312642397294,0.8757618758657991,0.9084222013659621,0.8904085765241855,2.8157843678801355,3.302976551677512,2.7473339590211374,4691.31520802899
0.53,265,2.830566150118777,3.355792047224682,-2.7722677070938904,3.4339437016718057,-0.001045838625336721,0.5209202561115875,3.7445476578891794,-0.0034859790970142874,-0.7386232780945475,-1.2966994429811467,2.4930021940923845,-0.23802431766650628,0.4417611756068137,-0.7600690498692302,-0.6873927527243495,-4.0,-12.0,-1.0,1.0,-1.0,-1.0,7.696818342683464,1.7355470799049781,3.486146544888102,0.18151821528604073,0.2661806891514594,0.6351532080174285,0.0,1.5,0.43388676997624454,0.8715366362220255,0.9075910764302036,0.8872689638381981,2.830566150118777,3.355792047224682,2.7722677070938904,4699.0120263716735
0.532,266,2.8490276531157273,3.4289050418371425,-2.7767684541039817,3.4414349098509103,-0.0010428348318267068,0.5194224733296804,3.744922604563387,0.006513260034422987,-0.7596650560448216,-1.297377697531931,2.4938686671828334,-0.35354774362693,0.42390136211429724,0.5300197213050524,-0.809244696510973,-4.0,-12.0,-1.0,1.0,-1.0,-1.0,7.635641394679461,1.7207778775074183,3.4627503866121145,0.18148821030597348,0.26608300532654183,0.6385042782798704,0.0,1.5,0.43019446937685457,0.8656875966530286,0.9074410515298673,0.8869433510884729,2.8490276531157273,3.4289050418371425,2.7767684541039817,4706.647667766353
0.534,267,2.8707418896439396,3.5054442669299455,-2.7620977973984426,3.4489230403624567,-0.0010199105939687817,0.5178815862287826,3.7418010252376592,0.016435883808213567,-0.7816417661660822,-1.298083966397965,2.4946983806655627,-0.2827049637122502,0.40497949475866213,1.243287761264014,-0.8932402471381238,-4.0,-6.750209200294464,-1.0,1.0,-0.37859356,-1.0,7.65869433525684,1.7034064882848483,3.4382578345824175,0.1815860146840104,0.2668927795542187,0.6418545731142049,0.0,1.5,0.4258516220712121,0.8595644586456044,0.9079300734200519,0.8896425985140624,2.8707418896439396,3.5054442669299455,2.7620977973984426,4714.30636210161
0.536,268,2.89180139562001,3.5787426169056977,-2.748054392388754,3.456407568826024,-0.0009973497899486265,0.5162977449651789,3.7409833572432265,0.00621185240290853,-0.8027251383858502,-1.298662088637753,2.4954969238821807,-0.2104761483457417,0.3926478244659962,1.0303276348974464,-0.9645736069058444,4.0,-12.0,-1.0,1.0,0.7647187,-1.0,7.636558471248395,1.686558883503992,3.414802362590177,0.181679637384075,0.2671035785239608,0.6452038460088714,0.0,1.5,0.421639720875998,0.8537005906475442,0.9083981869203749,0.8903452617465362,2.89180139562001,3.5787426169056977,2.748054392388754,4721.942920572858
0.538,269,2.9087918408434787,3.635482078397022,-2.7535779418522215,3.4638852830234517,-0.0009939278897760225,0.5146705997035931,3.7384968030814267,-0.002718982219533478,-0.8239297388534267,-1.2988137862578075,2.4962725427018424,-0.02895666978086686,0.3835505023833338,0.7848080060224447,-1.0626238987661054,3.6659706635547806,12.0,-1.0,1.0,0.6990662,-0.7668156,7.703119459180247,1.672966527325217,3.396645734912953,0.1816428137209852,0.2677412487793081,0.6485506642339729,0.0,1.5,0.41824163183130425,0.8491614337282383,0.9082140686049259,0.8924708292643604,2.9087918408434787,3.635482078397022,2.7535779418522215,4729.646040032038
0.54,270,2.922185228280888,3.6978726545057703,-2.7769094438694455,3.4713670309175635,-0.0010094632095074515,0.5130031103406677,3.7415385124836065,-0.01271306391330074,-0.8440553180552816,-1.2990751802883493,2.497028539960202,-0.14714969852366944,0.37165625664645263,-0.09244986279099976,-1.1722610522851369,4.0,-12.0,-1.0,1.0,1.0,-1.0,7.617511802631144,1.6622518173752896,3.3766807505581538,0.1814872703742037,0.2669605163511932,0.651899789448458,0.0,1.5,0.4155629543438224,0.8441701876395384,0.9074363518710185,0.8898683878373108,2.922185228280888,3.6978726545057703,2.7769094438694455,4737.26355183467
0.542,271,2.93196417813719,3.7518775894693617,-2.8197799668214123,3.4788463488563957,-0.001044484407877173,0.5112933636205969,3.7395772775841785,-0.022323831857829993,-0.8651802456302574,-1.299111784401219,2.497761579969523,0.023424079090099442,0.3620765349022995,0.5507940870314201,-1.2639892752727064,4.0,12.0,-1.0,1.0,1.0,-0.73375714,7.659111626546834,1.6544286574902478,3.3593991713698044,0.18120146688785727,0.26746478980810884,0.6552483697536409,0.0,1.5,0.41360716437256195,0.8398497928424511,0.9060073344392863,0.8915492993603628,2.93196417813719,3.7518775894693617,2.8197799668214123,4744.922663461217
0.544,272,2.939265501410156,3.799166430168395,-2.8776543342116447,3.4863251023149195,-0.0010943199300082749,0.5095422528222392,3.7409642417481646,-0.027408792711031325,-0.8854216308480314,-1.2989868501565383,2.498475036017171,0.014123266798230548,0.35207536693326313,-0.2947539784635751,-1.362698668416158,2.407577117913492,12.0,-1.0,1.0,0.6679306,-0.6937317,7.668420221096651,1.6485875988718752,3.3442667423461137,0.1808156377719224,0.2671085000419205,0.6585972090031129,0.0,1.5,0.4121468997179688,0.8360666855865284,0.9040781888596119,0.8903616668064016,2.939265501410156,3.799166430168395,2.8776543342116447,4752.591083682313
0.546,273,2.9444693070804675,3.846868937022779,-2.9495100219957253,3.493807172609443,-0.0011583399479025084,0.5077508441649042,3.742944231061028,-0.036611616839248524,-0.9054510606222537,-1.2988741006434388,2.4991693639834307,0.0112349002380631,0.3430885859041815,-0.2732367659403394,-1.455384038100533,4.0,12.0,-1.0,1.0,1.0,-0.7249777,7.639216669382718,1.6444245543356262,3.3290019401527107,0.18033659985336184,0.2665971388907924,0.6619480035298304,0.0,1.5,0.41110613858390654,0.8322504850381777,0.9016829992668092,0.8886571296359748,2.9444693070804675,3.846868937022779,2.9495100219957253,4760.230300351696
0.548,274,2.949959065788049,3.8892431399008034,-3.024355690280775,3.501289441130438,-0.0012245299903040202,0.5059183124342675,3.7395412056748225,-0.02963566543589452,-0.9269773745050879,-1.2986496579466182,2.4998414626371375,0.20574999741461303,0.3296150665143924,-0.2813448357593984,-1.5493157262070554,-2.4127711335338313,12.0,-1.0,1.0,0.16998534,-0.0055572325,7.6533501943973565,1.6400327473695606,3.3154421952317428,0.1796103089555076,0.26747403500523126,0.665299369971267,0.0,1.5,0.41000818684239015,0.8288605488079357,0.898051544777538,0.8915801166841043,2.949959065788049,3.8892431399008034,3.024355690280775,4767.883650546094
0.55,275,2.9593573304850698,3.928639429076556,-3.0831067428051604,3.5087709718567046,-0.0012732458500766387,0.5040430812304099,3.7401117143804674,-0.01905905885874113,-0.9490803082875021,-1.2983759809546263,2.5004747115453805,0.15805545536088186,0.29971705832478424,-1.2988088610062505,-1.6163678599994569,-4.0,-12.0,-1.0,1.0,-0.17425187,-0.52212065,7.64758847515928,1.6325141356119444,3.302835382695502,0.17867029211511745,0.2673276885673484,0.6686509058289718,0.0,1.5,0.4081285339029861,0.8257088456738755,0.8933514605755872,0.8910922952244947,2.9593573304850698,3.928639429076556,3.0831067428051604,4775.531239021253
0.552,276,2.9731771439822423,3.978115464167284,-3.1215607587668806,3.516255476935214,-0.001301093394746377,0.5021229327073252,3.7440506831099944,-0.008811892559514138,-0.9712465107315471,-1.2983251707306427,2.501036361486466,-0.09780625059308598,0.2609578258190779,-1.1150715491360188,-1.5935276006999857,-4.0,-12.0,-1.0,1.0,-1.0,-0.96104354,7.613580281805753,1.621458284814206,3.287003051466469,0.17805502785972993,0.2663099890959249,0.6720042808508317,0.0,1.5,0.4053645712035515,0.8217507628666173,0.8902751392986495,0.887699963653083,2.9731771439822423,3.978115464167284,3.1215607587668806,4783.144819303059
0.554,277,2.9911762891698683,4.0492399596249316,-3.139328926712013,3.5237459324326403,-0.0013085885008427833,0.5001577416727473,3.7446599909313703,0.0013311103027120533,-0.9943387176704839,-1.29873294289052,2.5015180332493587,-0.2237217841470311,0.2209249021607121,0.1540749358371727,-1.512061426388641,-4.0,-12.0,-1.0,1.0,-1.0,-1.0,7.574687563171176,1.6070589686641052,3.264243212920022,0.17777073717260783,0.26615143527426416,0.67536080514168,0.0,1.5,0.4017647421660263,0.8160608032300055,0.888853685863039,0.8871714509142139,2.9911762891698683,4.0492399596249316,3.139328926712013,4790.71950686623
0.556,278,3.0128836984457448,4.126623263376101,-3.137695107653845,3.5312342293951775,-0.0012959260627369465,0.4981458553357055,3.741897095332693,0.011357469384398676,-1.0179395595204168,-1.299222412190799,2.5019225960752816,-0.1789263503645284,0.1837959717220441,0.8652070355823298,-1.4082311606753137,-4.0,-12.0,-1.0,1.0,-1.0,-1.0,7.582897803386102,1.5896930412434043,3.2394805557196475,0.1777968782775385,0.2668679762660208,0.6787168869163094,0.0,1.5,0.39742326031085107,0.8098701389299119,0.8889843913876925,0.8895599208867361,3.0128836984457448,4.126623263376101,3.137695107653845,4798.302404669616
0.558,279,3.0379298656981506,4.202895276172642,-3.117367996017485,3.538717262601935,-0.0012634071364144243,0.49608722017373624,3.73941557971279,0.02119725269282729,-1.0410787571768099,-1.2996250333036938,2.50225664627651,-0.13674727270590623,0.15040053308774795,0.7391237267256088,-1.3034990736665009,-4.0,-12.0,-1.0,1.0,-0.6344668,-1.0,7.598960811393115,1.5696561074414794,3.2150735116247544,0.17812211206372025,0.2675062244501265,0.6820711323075921,0.0,1.5,0.39241402686036986,0.8037683779061886,0.8906105603186012,0.8916874148337551,3.0379298656981506,4.202895276172642,3.117367996017485,4805.90136548101
0.56,280,3.0631066245812835,4.276954169901852,-3.0933151804377226,3.5461972703939306,-0.001226665366992783,0.49398320394550055,3.738858815964851,0.015624525943741113,-1.0633488158687154,-1.2999241069514857,2.5025303523616755,-0.07744052435423082,0.123321177719083,0.6087525610114426,-1.2033319207407658,2.1983001816027916,-12.0,-1.0,1.0,0.5354795,-1.0,7.607475836164743,1.5495147003349734,3.1913746656314075,0.17850695711299647,0.26764872863568995,0.6854244987240179,0.0,1.5,0.38737867508374335,0.7978436664078519,0.8925347855649822,0.8921624287856331,3.0631066245812835,4.276954169901852,3.0933151804377226,4813.508841317174
0.562,281,3.085788912701061,4.335414032151419,-3.078944286049219,3.5536708834341035,-0.001198645414160867,0.4918337431348861,3.735055661121246,0.012373647335509509,-1.085965353086568,-1.2998238923446412,2.5027533984646,0.1683419051422568,0.10055658628773781,0.372033548811487,-1.1226763609305408,1.26634811876291,12.0,-1.0,1.0,0.42319617,-0.50849277,7.636791939497267,1.5313688698391514,3.172667509711546,0.1787368914232125,0.26861527381369754,0.688775473731019,0.0,1.5,0.38284221745978786,0.7931668774278865,0.8936844571160625,0.8953842460456585,3.085788912701061,4.335414032151419,3.078944286049219,4821.145633256671
0.5640000000000001,282,3.1055674216812785,4.393864921772423,-3.076383103122044,3.5611467899619633,-0.0011829408903383189,0.48964158856786827,3.740569110688669,0.0034604015188877905,-1.106271394439803,-1.2997150649071383,2.5029344646134577,-0.052669258837499344,0.08037871301377181,-0.8769215200398435,-1.0534626243587013,3.5660823469678244,-12.0,-1.0,1.0,0.70970327,-1.0,7.583105128635103,1.5155460626549773,3.153963225032825,0.17877787035004733,0.2672101642030642,0.6921278609864676,0.0,1.5,0.3788865156637443,0.7884908062582062,0.8938893517502365,0.8907005473435473,3.1055674216812785,4.393864921772423,3.076383103122044,4828.728738385306
0.5660000000000001,283,3.121479454284584,4.464669368885455,-3.091001198822044,3.568629917632963,-0.001185984055923002,0.48740795746808396,3.7408250972576504,-0.0064011541406061145,-1.1277721028952141,-1.2998665428606873,2.503075912178808,-0.0133340736903775,0.06098488662521827,0.2063688123583347,-0.9887864877604216,4.0,-12.0,-1.0,1.0,1.0,-1.0,7.566789113637543,1.5028164365723327,3.131305801956654,0.17854398081884731,0.2671443154595437,0.6954838161885117,0.0,1.5,0.37570410914308316,0.7828264504891636,0.8927199040942365,0.8904810515318123,3.121479454284584,4.464669368885455,3.091001198822044,4836.295527498944
0.5680000000000001,284,3.133425842228753,4.533904831185184,-3.124783707242112,3.576113847909809,-0.0012085434737809735,0.4851316073190531,3.741375677315994,-0.015996166535586113,-1.1489854726410456,-1.2999491944075618,2.5031808813005583,0.01651019634589362,0.04387321258095387,0.03998847733248567,-0.9201068688876717,4.0,-12.0,-1.0,1.0,0.86149603,-1.0,7.558470429801755,1.4932593262169975,3.109150454020741,0.17800346068412623,0.26700250475381854,0.6988404900504692,0.0,1.5,0.3733148315542494,0.7772876135051853,0.8900173034206311,0.8900083491793952,3.133425842228753,4.533904831185184,3.124783707242112,4843.853997928745
0.5700000000000001,285,3.1416556446818347,4.588848096973363,-3.178124315703246,3.58359390550013,-0.0012498886322081279,0.48281201334839724,3.7390115851437646,-0.025319202877741552,-1.1704559863510697,-1.299682382267294,2.5032548869144375,0.24170382533816814,0.0308677242267531,-0.09270256347394934,-0.8555423230164365,4.0,12.0,-1.0,1.0,1.0,-0.5719727,7.500657345309095,1.4866754842545324,3.0915686089685237,0.17715001094874808,0.2676096527031115,0.702195796622326,0.0,1.5,0.3716688710636331,0.7728921522421309,0.8857500547437404,0.8920321756770384,3.1416556446818347,4.588848096973363,3.178124315703246,4851.3546552740545
0.5720000000000001,286,3.1466133649386134,4.625375240901979,-3.250362030991075,3.5910710974719766,-0.0013090196858179615,0.4804503467960171,3.738462836330346,-0.033570604477317134,-1.1910788179066052,-1.2990150448231566,2.5033069172684,0.4180203317901303,0.021739976153995456,-1.272033136488858,-0.8053160040212788,3.8969853562124,12.0,-1.0,1.0,0.9216396,-0.34532797,7.477064588524958,1.4827093080491092,3.079879922911367,0.17599420750414282,0.2677499241482875,0.7055501500187185,0.0,1.5,0.3706773270122773,0.7699699807278417,0.879971037520714,0.8924997471609585,3.1466133649386134,4.625375240901979,3.250362030991075,4858.831719862579
0.5740000000000001,287,3.1515199407583268,4.652854415228643,-3.3270786517131437,3.5985497804729425,-0.0013717233587600625,0.47804821385384966,3.7418904241792283,-0.029184698864845142,-1.21063462011175,-1.298196690311839,2.5033404787757725,0.31521409224663555,0.012311897712886112,-2.2870831575761486,-0.7700833344500211,-1.4441850038879638,12.0,-1.0,1.0,0.31572893,-0.3585533,7.562769271274562,1.4787840473933387,3.0710865871268345,0.17476674157258973,0.26686969886208833,0.7089054476640131,0.0,1.5,0.36969601184833467,0.7677716467817086,0.8738337078629486,0.8895656628736278,3.1515199407583268,4.652854415228643,3.3270786517131437,4866.394489133853
0.5760000000000001,288,3.1602946119823145,4.6931734526039515,-3.3888337183368797,3.606036873032384,-0.0014196999921674228,0.4756072384602607,3.743294774583617,-0.018782272914511004,-1.2308203653629886,-1.2977385956225305,2.50335402840597,0.23242958893341575,0.0008218584521891316,-1.9367228621222239,-0.7296552437189234,-4.0,-12.0,-1.0,1.0,-1.0,-0.42882472,7.483526041056429,1.4717643104141485,3.0581844951667354,0.17377866050660995,0.2665062725166649,0.7122647259087609,0.0,1.5,0.3679410776035371,0.7645461237916839,0.8688933025330496,0.8883542417222164,3.1602946119823145,4.6931734526039515,3.3888337183368797,4873.87801517491
0.578,289,3.1738135019520235,4.744826179003866,-3.4301921269273685,3.613528412806529,-0.0014472190891307599,0.47312615092897264,3.7478654644084526,-0.008760799450780208,-1.2503883811250238,-1.2975729085528807,2.5033440659691464,-0.05658475880519259,-0.01110002081929591,-1.614419283417817,-0.6749149734549178,-4.0,-12.0,-1.0,1.0,-1.0,-1.0,7.478658839216348,1.4609491984383811,3.041655622718763,0.17311692596916212,0.26531237298371363,0.7156262259268003,0.0,1.5,0.3652372996095953,0.7604139056796908,0.8655846298458105,0.8843745766123787,3.1738135019520235,4.744826179003866,3.4301921269273685,4881.356674014126
0.58,290,3.1918322361943665,4.819080308801142,-3.4507480907457238,3.621026943745351,-0.0014548230455047769,0.4706052689493186,3.7503468356340837,0.0011424724235271702,-1.2706068677778886,-1.297926561263353,2.5033086534997757,-0.28787232914279515,-0.024759952213439188,-0.20248495865473615,-0.6133130897327987,-4.0,-12.0,-1.0,1.0,-1.0,-1.0,7.351360930780106,1.446534211044507,3.0178943011836346,0.17278803054806843,0.26465719861183107,0.718991056528973,0.0,1.5,0.36163355276112674,0.7544735752959086,0.8639401527403421,0.8821906620394369,3.1918322361943665,4.819080308801142,3.4507480907457238,4888.708034944906
0.582,291,3.2139175139677456,4.90662713978372,-3.4514256361333393,3.628526301454894,-0.00144265944629436,0.4680428992514485,3.74724748389111,0.011060191866750755,-1.2922115233265814,-1.298549974345633,2.5032443953343795,-0.24784959930414163,-0.0401790024333366,1.0246834351277698,-0.5379309388879392,-4.0,-12.0,-1.0,1.0,-0.81992793,-1.0,7.316702874026751,1.4288659888258035,2.9898793152692096,0.1727771898218666,0.2654747780060012,0.7223564840899543,0.0,1.5,0.3572164972064509,0.7474698288173024,0.8638859491093329,0.8849159266866709,3.2139175139677456,4.90662713978372,3.4514256361333393,4896.024737818932
0.584,292,3.239602291605457,4.992760901555417,-3.43346923912914,3.6360196314494075,-0.001410835893806902,0.46543754143596566,3.7443415249644274,0.02081209642582176,-1.3135784098519363,-1.2990930670392615,2.503150847084574,-0.20755887821156632,-0.053983848689542424,0.9492524023904707,-0.44798405470919533,-4.0,-12.0,-1.0,1.0,-0.24277247,-1.0,7.290246477044739,1.4083181667156341,2.9623165115022667,0.17306449217393377,0.26623434389231215,0.7257194644012599,0.0,1.5,0.35207954167890854,0.7405791278755667,0.8653224608696688,0.8874478129743739,3.239602291605457,4.992760901555417,3.43346923912914,4903.314984295977
0.586,293,3.2686096567192715,5.077140584578715,-3.3970598668443373,3.643507458882688,-0.0013596460336042547,0.46278975336207046,3.741774216452216,0.03037612312621829,-1.3346234829534027,-1.2995552580442966,2.5030315589066428,-0.16689424570636177,-0.0658357812596043,0.8564173356533047,-0.36025017346707955,-4.0,-12.0,-1.0,1.0,-0.24734183,-1.0,7.249964139399483,1.385112274624583,2.935315012934811,0.17364704213049062,0.2668996996745622,0.7290802038045499,0.0,1.5,0.34627806865614574,0.7338287532337028,0.868235210652453,0.889665665581874,3.2686096567192715,5.077140584578715,3.3970598668443373,4910.564948435377
0.588,294,3.297678087916377,5.1517996176398,-3.356513562908288,3.6509890280249677,-0.0013034131007696522,0.46010015747004784,3.74057656969986,0.025835115043209393,-1.3550064141932614,-1.2997599298141336,2.5028961225842936,-0.09676718442249474,-0.0717866884538671,0.7455323741343136,-0.2771328750305315,1.6618808706157226,12.0,-1.0,1.0,0.44357207,-0.88792014,7.237180930873258,1.3618575296668984,2.911424122355264,0.1742957829934674,0.2672082462443213,0.7324383375324852,0.0,1.5,0.3404643824167246,0.727856030588816,0.871478914967337,0.8906941541477378,3.297678087916377,5.1517996176398,3.356513562908288,4917.8021293662505
0.59,295,3.3228367304612805,5.229144472200318,-3.3300173551021905,3.658472042900788,-0.0012621357275965372,0.45737078605777454,3.7406699907959506,0.01553649257271241,-1.3748348366201026,-1.2999905683758308,2.502751971933636,-0.04870622764653833,-0.07315272882530563,0.43583142168233735,-0.22029107458939734,4.0,-12.0,-1.0,1.0,1.0,-1.0,7.170407484014206,1.3417306156309756,2.886673768895898,0.17471972231836497,0.2671842207172343,0.7357972412054874,0.0,1.5,0.3354326539077439,0.7216684422239745,0.8735986115918248,0.8906140690574477,3.3228367304612805,5.229144472200318,3.3300173551021905,4924.972536850265
0.592,296,3.343023345777235,5.3022832800793225,-3.3234339371293333,3.665953309280469,-0.001241189388585885,0.4546007833054521,3.7390549813587834,0.005496173794141249,-1.3955029165039363,-1.3000779537267182,2.502599623289244,0.04040522700302798,-0.07914321028403226,0.24165435014202785,-0.18463074260074563,4.0,-12.0,-1.0,1.0,1.0,-0.99981946,7.138492588902197,1.3255813233782119,2.8632693503746167,0.17482505700593068,0.2675985491241602,0.7391554867182966,0.0,1.5,0.33139533084455297,0.7158173375936542,0.8741252850296534,0.8919951637472008,3.343023345777235,5.3022832800793225,3.3234339371293333,4932.111029439167
0.594,297,3.3585059177679204,5.369671590839487,-3.336677886012551,3.6734299971055724,-0.001240041442696963,0.45178880031548646,3.7371276943526515,-0.004339260686676121,-1.4162905059565813,-1.2999531873217245,2.5024316489918235,0.13377268072659418,-0.0855677965045293,-0.1864258529283802,-0.12420860642862408,4.0,-12.0,-1.0,1.0,1.0,-1.0,7.077805006834731,1.3131952657856636,2.8417050909313644,0.1746131538237992,0.2680901723194682,0.7425118132365682,0.0,1.5,0.3282988164464159,0.7104262727328411,0.8730657691189959,0.8936339077315606,3.3585059177679204,5.369671590839487,3.336677886012551,4939.188834446002
0.596,298,3.3694994978694712,5.422510637152359,-3.3701202000575874,3.680902177178028,-0.001258556482615156,0.44893656877895305,3.7353351181432517,-0.01415339497071266,-1.4358411269465008,-1.2994830148258625,2.5022667521565523,0.3285630932764725,-0.07894237602491079,-0.6782164025449333,-0.05849081584204896,4.0,12.0,-1.0,1.0,1.0,-0.4887958,7.030730404920653,1.3044004017044228,2.824796596111245,0.1740780767990786,0.2685446619884912,0.7458662101183915,0.0,1.5,0.3261001004261057,0.7061991490278112,0.870390383995393,0.8951488732949707,3.3694994978694712,5.422510637152359,3.3701202000575874,4946.219564850923
0.598,299,3.3763200294869264,5.4581195180087185,-3.423639165087815,3.6883724278168812,-0.0012965426465917447,0.4460458146144803,3.73518026723392,-0.023799139773599556,-1.4548221651541169,-1.2986676640352066,2.5021172313782465,0.4801851322253271,-0.07027987911624778,-1.746202964466704,-0.058638551185936194,4.0,12.0,-1.0,1.0,0.9546672,0.30878666,6.9871011697916225,1.2989439764104587,2.8134017542372103,0.17322177335859498,0.2685837970257572,0.7492197815002242,0.0,1.5,0.32473599410261467,0.7033504385593026,0.8661088667929748,0.8952793234191907,3.3763200294869264,5.4581195180087185,3.423639165087815,4953.206666020715
0.6,300,3.3801401532518094,5.478692280256506,-3.4932377619932113,3.695843571713731,-0.0013500314920420393,0.44311755620414617,3.7361721660108334,-0.029511170300276824,-1.4733669808610297,-1.2975915850435293,2.501985992407042,0.5902529998858972,-0.06078055621350458,-2.6673833173421144,-0.07204688006811466,2.680672521750668,12.0,-1.0,1.0,0.75705445,0.088345535,7.047688256885401,1.2958878773985525,2.806818470317918,0.17210819580810865,0.26833277034623937,0.7525737494539175,0.0,1.5,0.3239719693496381,0.7017046175794796,0.8605409790405432,0.8944425678207979,3.3801401532518094,5.478692280256506,3.4932377619932113,4960.2543542776
0.602,301,3.3857020726805382,5.50014389563189,-3.5581341537956033,3.703321578386644,-0.0013988857553961197,0.440153244471967,3.739864940376206,-0.019312773626412018,-1.491445524312325,-1.296648114726192,2.501870616198304,0.44435827205882106,-0.05538165530161465,-3.432938453980455,-0.0932957003408319,-4.0,-12.0,-1.0,1.0,-0.6149698,-0.17231399,7.002772668285956,1.2914383418555695,2.7999539533977953,0.17106985353927037,0.2673910237318762,0.7559307309247343,0.0,1.5,0.3228595854638924,0.6999884883494488,0.8553492676963518,0.8913034124395873,3.3857020726805382,5.50014389563189,3.5581341537956033,4967.257126945886
0.604,302,3.396335879463506,5.535425742915044,-3.6023347053164856,3.7108083120186772,-0.001427672629156719,0.43715274171512425,3.746439595122679,-0.009490071313496619,-1.509226169441528,-1.2961137659932018,2.5017634013357153,0.10165517529422041,-0.05259775332982049,-2.892158878312557,-0.09721496315273725,-4.0,-12.0,-1.0,1.0,-1.0,-0.93426245,7.047025275693819,1.282931296429195,2.788663762267186,0.17036264471493623,0.2656866286656513,0.7592915375658715,0.0,1.5,0.32073282410729875,0.6971659405667965,0.8518132235746811,0.885622095552171,3.396335879463506,5.535425742915044,3.6023347053164856,4974.30415222158
0.606,303,3.415837088404375,5.5701548868583055,-3.6203923771991064,3.718292699255449,-0.001427712234961003,0.4341454339183266,3.739536460224334,0.009286032092625903,-1.497920636855016,-1.2956635112688366,2.501726890384699,0.3046486488200734,0.014251700138879497,-1.2855131410875629,-0.08969150049392738,-4.0,-12.0,-1.0,1.0,-1.0,-1.0,7.010328057543304,1.2673303292764997,2.7775504362053423,0.1700737219648143,0.2674752511799854,0.7626509002485431,0.0,1.5,0.3168325823191249,0.6943876090513356,0.8503686098240715,0.8915841705999513,3.415837088404375,5.5701548868583055,3.6203923771991064,4981.314480279123
0.608,304,3.4438582693708235,5.606619612638045,-3.612493201571893,3.7257778292243593,-0.0013997034808248773,0.4311308775359509,3.7452249438750655,0.01872259464224135,-1.5167494773503778,-1.2953793473297146,2.5017495490744714,-0.009154619975010936,0.007965118581910787,-2.3905314535898583,-0.4166365776342218,-4.0,-12.0,-1.0,1.0,-1.0,-1.0,7.06133433869019,1.244913384503341,2.7658817239558253,0.17020010877484973,0.2660041548666488,0.7660101913085549,0.0,1.5,0.3112283461258353,0.6914704309889563,0.8510005438742486,0.8866805162221627,3.4438582693708235,5.606619612638045,3.612493201571893,4988.375814617813
0.61,305,3.47553326248736,5.659780215830646,-3.5863237792532288,3.733270083198652,-0.0013545453224938703,0.42807769100181303,3.7452310090735335,0.026335889687210436,-1.536836609136811,-1.295515070081925,2.5017586364063913,-0.03715956925964073,0.000766735622558347,-0.8783478974388572,-0.38973540780386884,-3.40503607140151,-12.0,-1.0,1.0,-0.11053016,-1.0,7.045993502438046,1.2195733900101122,2.748870330934193,0.17061881953194835,0.26600257229948404,0.7693725814413432,0.0,1.5,0.30489334750252806,0.6872175827335483,0.8530940976597418,0.8866752409982801,3.47553326248736,5.659780215830646,3.5863237792532288,4995.421808120252
0.612,306,3.518382168293351,5.66418012604909,-3.541167038969244,3.740726172080171,-0.001280224154191101,0.425056199218337,3.692470597891131,0.052359670249753715,-1.4660874822577163,-1.2946398510760677,2.501916479226413,1.259616650839655,0.19994731970802723,-0.7111786005736462,-0.35556095939108445,0.8519707571949331,-12.0,-1.0,1.0,0.37172058,-1.0,6.750288987745281,1.185294265365319,2.747462359664291,0.1713413273764921,0.27857647355921616,0.77271806231624,0.0,1.5,0.2963235663413297,0.6868655899160727,0.8567066368824605,0.9285882451973873,3.518382168293351,5.66418012604909,3.541167038969244,5002.172097107997
0.614,307,3.5811387111450776,5.5683633017587,-3.4700518056776697,3.748101990766134,-0.0011609374359695828,0.4221537241352696,3.668774285474961,0.07124396625912953,-1.4227677888740249,-1.2917152186253176,2.5024088550502164,1.9465784275382783,0.32363851047646774,-7.370103502241591,-1.3830324438226853,-1.0583639347501288,-12.0,-1.0,1.0,0.122475185,-0.9577256,6.522190289881841,1.1350890310839379,2.7781237434372157,0.1724791711091573,0.2833868586285249,0.7760261316244677,0.0,1.5,0.28377225777098447,0.6945309358593039,0.8623958555457865,0.9446228620950832,3.5811387111450776,5.5683633017587,3.4700518056776697,5008.694287397879
0.616,308,3.669713987173511,5.331446412456842,-3.359558440526874,3.755358086655633,-0.0009796822870745958,0.41943286851201167,3.571472123543009,0.10624348869910494,-1.2836995671776055,-1.2859412907984926,2.5033551580664057,3.8958772346378856,0.6517050274977564,-11.389838875884692,-2.0999635624256143,-4.0,12.0,-1.0,1.0,-1.0,0.47659987,4.730986625559994,1.064228810261191,2.8539371480138107,0.17424706495157005,0.2969506447702654,0.7792786665082319,0.0,1.5,0.26605720256529775,0.7134842870034527,0.8712353247578501,0.9898354825675514,3.669713987173511,5.331446412456842,3.359558440526874,5013.425274023439
0.618,309,3.785321404078671,4.912467491246731,-3.21537863160937,3.7623781703065555,-0.0007472421514331635,0.41702973455268166,3.4710138835725077,0.12624392144354063,-1.1368223711627288,-1.2763939236044923,2.505016669329197,5.430888476056905,0.9665962100176771,-22.291118476747727,-3.9295567507699616,-4.0,12.0,-1.0,1.0,-1.0,0.24460989,3.432129583280748,0.9717428767370633,2.9880104028010464,0.1765539418942501,0.29949630635205193,0.782422681497251,0.0,1.5,0.24293571918426582,0.7470026007002616,0.8827697094712504,0.9983210211735065,3.785321404078671,4.912467491246731,3.21537863160937,5016.857403606719
0.62,310,3.9166264857606774,4.368863738682657,-3.045255164871853,3.7692952395607353,-0.00048351337084130935,0.4148429536586633,3.447950544597188,0.1355460811858087,-1.0506970052600386,-1.2648643587594972,2.50711005330389,6.065439221522691,1.1225909165115178,-31.8756481226429,-5.836314915927744,-4.0,12.0,-1.0,1.0,-1.0,1.0,2.6050098041040237,0.866698811391458,3.1619636036215497,0.17927591736205037,0.29837890825525,0.785518423510696,0.0,1.5,0.2166747028478645,0.7904909009053874,0.8963795868102518,0.9945963608508332,3.9166264857606774,4.368863738682657,3.045255164871853,5019.4624134108235
0.622,311,4.055071130625911,3.725782776141024,-2.8589594339697637,3.7761688497403894,-0.0002075446587877143,0.4128318038791557,3.4281721305438024,0.13925737919397024,-0.9627117285257404,-1.2521862233610164,2.5095061775629617,6.551761708424351,1.2655801104022166,-37.354314818970835,-7.034965243335591,-4.0,12.0,-1.0,1.0,-1.0,1.0,1.8504318323549875,0.7559430954992714,3.3677495116348726,0.18094027044020158,0.29692037018394074,0.7885928401941262,0.0,1.5,0.18898577387481785,0.8419373779087181,0.9047013522010079,0.9897345672798026,4.055071130625911,3.725782776141024,2.8589594339697637,5021.312845243178
0.624,312,4.193679194586861,3.003167963554023,-2.6642955914398363,3.7830243173867153,6.63114360065181e-05,0.4109770805826186,3.4306201921484467,0.13279721651270684,-0.8954885515368617,-1.2389524223583208,2.5121290322870524,6.614498207311361,1.347472165314495,-42.32155433317533,-8.229136064603438,-4.0,12.0,-1.0,1.0,-1.0,1.0,1.4498588842609839,0.6450566443305115,3.5989862516627125,0.1822380293904011,0.2971257230548068,0.7916574294450904,0.0,1.5,0.16126416108262787,0.8997465629156781,0.9111901469520054,0.990419076849356,4.193679194586861,3.003167963554023,2.6642955914398363,5022.762704127439
0.626,313,4.322380517322823,2.235335021188387,-2.474215865147438,3.789901289422836,0.0003141145326052355,0.40925699108671515,3.4482561352887924,0.11385388210724826,-0.8268272098049099,-1.2260778836647914,2.5149027079808257,6.240075111566104,1.4193128799396602,-45.281997028149476,-9.163167283982943,-4.0,-12.0,-1.0,1.0,-1.0,-0.84117,1.2787704579226928,0.542095586141742,3.701955330508215,0.18350522756568377,0.29839783698265737,0.7947300707526725,0.0,1.5,0.1355238965354355,0.9254888326270537,0.9175261378284187,0.9946594566088579,4.322380517322823,2.235335021188387,2.474215865147438,5024.041474585361
0.628,314,4.43386593613745,1.443772182407855,-2.2979919384576215,3.7968195099809026,0.0005193034829359419,0.40766366102171475,3.474534456343953,0.08872504453685048,-0.7720196030758448,-1.2140977535158322,2.5177834206438545,5.660616977737994,1.4475970004525265,-45.984789288129065,-10.077105995863462,-4.0,-12.0,-1.0,0.40357968,-1.0,0.13682789,1.442616527244681,0.45290725109004004,3.807497042345619,0.18468005374361587,0.299611155869342,0.7978196541723532,0.0,1.5,0.11322681277251001,0.9518742605864048,0.9234002687180793,0.9987038528978067,4.43386593613745,1.443772182407855,2.2979919384576215,5025.484091112606
0.63,315,4.518640718188749,0.629534754785155,-2.1511494605212547,3.8037863503738203,0.0006708153054416867,0.4060415761414892,3.5015386447837997,0.05813225658992826,-0.7940615019326382,-1.2024408678059162,2.519417069570519,5.453946526583416,0.3831480214041678,-45.48352464878036,-180.0,-4.0,12.0,-1.0,-1.0,-1.0,1.0,2.419695528347265,0.3850874254490009,3.916062032695313,0.18565900359652499,0.2999985795467004,0.8009309899178545,0.0,1.5,0.09627185636225022,0.9790155081738282,0.9282950179826248,0.999995265155668,4.518640718188749,0.629534754785155,2.1511494605212547,5027.903786640953
0.632,316,4.577982052626177,-0.09447035411497903,-2.0425470140420225,3.8108407791683376,0.0007393470337682986,0.4047178524966882,3.5491214074128967,0.01138644862542576,-0.5321650925632457,-1.194035536484014,2.5201008560550195,3.022363035059994,0.2934429634483734,-46.78154953499069,-180.0,-4.0,12.0,-1.0,-0.9521643,-0.92150956,1.0,4.300445024820762,0.3376143578990587,3.9874039527846694,0.1863830199063865,0.29855574007622615,0.8040782635091572,0.0,1.5,0.08440358947476467,0.9968509881961674,0.9319150995319325,0.9951858002540872,4.577982052626177,0.09447035411497903,2.0425470140420225,5032.2042316657735
0.634,317,4.618445872169534,-0.6722029904392832,-1.9685197870633802,3.817984858064312,0.0007198252818966042,0.4038626538693766,3.594527395931934,-0.02992424878400754,-0.33124083141404487,-1.190243208869583,2.520438027446131,0.8091830484078555,0.010627961297196231,-36.304698341753976,-180.0,4.0,12.0,-1.0,-0.60952353,1.0,1.0,5.901421151260239,0.3052433022643726,3.9103729346080955,0.1868765347529108,0.2946863638831806,0.8072608382855297,0.0,1.5,0.07631082556609314,0.9775932336520239,0.934382673764554,0.9822878796106019,4.618445872169534,0.6722029904392832,1.9685197870633802,5038.105652817034
0.636,318,4.644398425524608,-1.1061895521457192,-1.9245788623994913,3.8252041056839525,0.0006207296798370649,0.4034162680818904,3.618488356063643,-0.06843051739398442,-0.11499783736486802,-1.1908522539696849,2.520926754892321,-1.3303559009729384,0.46699791584836775,-25.997263931379536,-4.140745295712236,4.0,12.0,-1.0,1.0,1.0,1.0,5.825620043991609,0.28448125958031323,3.8525080597139043,0.18716947425067007,0.2916934708753119,0.8104729074801065,0.0,1.5,0.07112031489507831,0.9631270149284761,0.9358473712533503,0.9723115695843729,4.644398425524608,1.1061895521457192,1.9245788623994913,5043.931272861026
0.638,319,4.658347210393336,-1.4168300924381252,-1.9088694894735192,3.832443693580101,0.0004484864807792555,0.4033827640857323,3.619886859502019,-0.10270993463617814,0.07556863838891076,-1.1952197802701492,2.5222215901463816,-3.0099643538334364,0.805402648948687,-15.17776016445518,-6.5203405577059925,4.0,12.0,-1.0,0.3273919,1.0,1.0,5.37237826092411,0.27332223168533165,3.81108932100825,0.18727420340350986,0.2914990528315042,0.8136900903509754,0.0,1.5,0.06833055792133291,0.9527723302520625,0.9363710170175493,0.9716635094383473,4.658347210393336,1.4168300924381252,1.9088694894735192,5049.30365112195
0.64,320,4.6594817263298145,-1.6184768106573781,-1.9253861889941195,3.8396748805559953,0.00021277788629817728,0.40366241631802247,3.613374630212949,-0.13239216469753534,0.19554763939719705,-1.20222671442622,2.5232093986160056,-3.8936025435804305,0.14822300525419374,-5.906212640059806,-180.0,-4.0,12.0,-1.0,-1.0,-1.0,1.0,5.782366912338177,0.2724146189361485,3.7842030919123495,0.18716409207337256,0.2923860040910533,0.8169005554340845,0.0,1.5,0.06810365473403712,0.9460507729780874,0.9358204603668627,0.9746200136368445,4.6594817263298145,1.6184768106573781,1.9253861889941195,5055.086018034288
0.642,321,4.649098052002227,-1.74111856578648,-1.9723908265423673,3.8469154705872857,-7.631062145568876e-05,0.4041538731900768,3.626230057532293,-0.15603464307385126,0.2916932189623062,-1.2109801984600808,2.52366056357154,-4.815368336535307,0.2890262087355916,-0.08663486011067789,-5.382994749472061,4.0,12.0,-1.0,0.24018624,1.0,1.0,5.489199070366142,0.28072155839821855,3.767850857895136,0.1868507278230509,0.2905903140771596,0.8201131565325244,0.0,1.5,0.07018038959955464,0.941962714473784,0.9342536391152544,0.9686343802571986,4.649098052002227,1.74111856578648,1.9723908265423673,5060.575217104654
0.644,322,4.632887222847424,-1.7965966689865522,-2.03618743599186,3.8541583973282503,-0.00040452912777631453,0.4047921607659036,3.617754107443875,-0.17125901454659026,0.34093012806935324,-1.2208201938461107,2.523292966961163,-5.003897459592233,-0.6787778167052113,14.872839794492506,-180.0,4.0,12.0,-0.570001,-1.0,1.0,1.0,5.152721391158744,0.2936902217220605,3.76045377746846,0.1864254170933876,0.29179468313954493,0.8233253511536995,0.0,1.5,0.07342255543051512,0.940113444367115,0.932127085466938,0.9726489437984832,4.632887222847424,1.7965966689865522,2.03618743599186,5065.727938495813
0.646,323,4.613121826498716,-1.787950995365403,-2.1091959575130286,3.861399030811862,-0.000759184433398505,0.4055007401763599,3.624514946063772,-0.18291814502419337,0.35234407770208226,-1.2310344546109178,2.5208953389711706,-5.22874222095162,-1.7768512088539952,9.183535603926487,-180.0,4.0,12.0,-1.0,-0.39957234,1.0,1.0,4.142460643448761,0.30950253880102707,3.7616065339512796,0.1859386936165798,0.2908403615980535,0.8265357993417819,0.0,1.5,0.07737563470025677,0.9404016334878199,0.929693468082899,0.9694678719935116,4.613121826498716,1.787950995365403,2.1091959575130286,5069.870399139261
0.648,324,4.589178080928269,-1.726685128734977,-2.194393517378795,3.868651698469461,-0.0011434895839775537,0.4062588496356835,3.6272512311564955,-0.2013382523740392,0.40454870049605485,-1.2418010283348415,2.5175670936628154,-5.501423557033529,-1.5573310223423822,12.350611563684822,4.70518825003586,4.0,12.0,-1.0,1.0,1.0,1.0,4.22919786335914,0.32865753525738484,3.7697753161686696,0.1853707098841414,0.29043991533166014,0.8297510559750303,0.0,1.5,0.08216438381434621,0.9424438290421674,0.9268535494207069,0.9681330511055338,4.589178080928269,1.726685128734977,2.194393517378795,5074.099597002621
0.65,325,4.560719083862247,-1.6446983778906212,-2.295775792477305,3.8759055984719293,-0.0015640590405574814,0.40711150185680967,3.626240674735263,-0.2191203722486213,0.44637072916525733,-1.252857595874894,2.514634788098788,-5.5146862561373,-1.381886998093123,15.867332988879127,4.273236379148841,4.0,12.0,-1.0,1.0,1.0,1.0,4.418338589513887,0.3514247329102025,3.7807068829479173,0.1846948280501513,0.29058875620747787,0.8329658688938779,0.0,1.5,0.08785618322755062,0.9451767207369793,0.9234741402507565,0.9686291873582596,4.560719083862247,1.6446983778906212,2.295775792477305,5078.517935592135
0.652,326,4.53204948782687,-1.5416480641324586,-2.396370904543471,3.883119322568253,-0.0019935116334800092,0.4080019396962058,3.587769227409911,-0.20990443115706703,0.44212431025265864,-1.2638719117864925,2.5118874621093625,-5.450695856605319,-1.3717883726135036,18.144959992408474,3.982477370708011,-4.0,-12.0,-1.0,1.0,-1.0,-1.0,4.402521650111316,0.3743604097385038,3.794446924782339,0.1840241939697102,0.29541336124376527,0.8361623814096499,0.0,1.5,0.09359010243462595,0.9486117311955847,0.920120969848551,0.9847112041458843,4.53204948782687,1.5416480641324586,2.396370904543471,5082.920457242246
0.654,327,4.50859948971055,-1.4190292485317142,-2.4806704009401304,3.8902606020973196,-0.002401325868095309,0.4088759837139039,3.5531137454291293,-0.19823938916449357,0.43239415896282907,-1.274526687535916,2.5091365504433796,-5.210776190271849,-1.37616530342071,20.027871177068278,4.481449441195025,-4.0,-12.0,-1.0,1.0,-1.0,-1.0,4.561670035360501,0.39312040823156025,3.8107961001957715,0.1834621973270658,0.2983121241214349,0.8393267899274317,0.0,1.5,0.09828010205789006,0.9526990250489429,0.917310986635329,0.9943737470714497,4.50859948971055,1.4190292485317142,2.4806704009401304,5087.482127277606
0.656,328,4.489181000371137,-1.2962446636420504,-2.5485079574363416,3.8973386399985817,-0.002787306168610083,0.4097170479477986,3.5275967518571054,-0.1877271583305631,0.4054971090461621,-1.2844032994134913,2.506337593044632,-4.5977142828770265,-1.4319517734906522,20.95922799528563,5.053516428427656,-4.0,-12.0,-1.0,1.0,-1.0,0.3180098,4.768363734849311,0.40865519970309006,3.82716737818106,0.18300994695042438,0.2995433993986508,0.842463354289448,0.0,1.5,0.10216379992577251,0.956791844545265,0.9150497347521219,0.9984779979955029,4.489181000371137,1.2962446636420504,2.5485079574363416,5092.250491012455
0.658,329,4.470695703517941,-1.19892007419409,-2.6106384778264666,3.9043706438000125,-0.003162962364587623,0.41049743028802205,3.504730900258688,-0.18798291650585616,0.37519594762747344,-1.2929817588566177,2.503418763754834,-3.992179533906433,-1.4837239779858777,19.869240833826552,5.892240258526897,0.35395506644986696,-12.0,-1.0,1.0,-0.33816525,-0.5358879,6.023831470672787,0.4234434371856475,3.8401439901074546,0.1825957434811569,0.29998657145019764,0.8455800043207402,0.0,1.5,0.10586085929641187,0.9600359975268636,0.9129787174057844,0.9999552381673255,4.470695703517941,1.19892007419409,2.6106384778264666,5098.274322483128
0.66,330,4.451588590928838,-1.140765495873629,-2.6821913856769566,3.9113506024736964,-0.0035421647452992043,0.41121625434083514,3.476021044327283,-0.19124595317578172,0.344258014086717,-1.2999846584015722,2.500417480647061,-3.0370822074178143,-1.5127859679830111,18.557258977598906,6.734867138962613,1.9599179827225344,12.0,-1.0,1.0,-0.14625509,0.6824885,5.750524892621648,0.43872912725692936,3.847897933883516,0.18211872409548696,0.29965520410320695,0.8486740863482094,0.0,1.5,0.10968228181423234,0.961974483470879,0.9105936204774348,0.9988506803440232,4.451588590928838,1.140765495873629,2.6821913856769566,5104.02484737575
0.662,331,4.43129217886246,-1.1337645368046723,-2.7721859794235852,3.9182766577033132,-0.003933161799434379,0.4118758279826374,3.450700277724547,-0.19978013201713635,0.3158560070418,-1.3052354425203916,2.497383072043697,-2.236325152434867,-1.5176659674591229,15.182352254146679,7.480433710502837,4.0,12.0,-1.0,1.0,1.0,1.0,5.484690981100121,0.4549662569100321,3.84883139509271,0.1815187601371761,0.29854526098338646,0.8517447591113223,0.0,1.5,0.11374156422750803,0.9622078487731776,0.9075938006858805,0.9951508699446217,4.43129217886246,1.1337645368046723,2.7721859794235852,5109.5095383568505
0.664,332,4.409751017446522,-1.1704889170298785,-2.8846556596916257,3.925155909864279,-0.004341395053277645,0.41248171387460225,3.4295374523813447,-0.20853405683592063,0.29032423374693433,-1.3090141202129253,2.4943613279050707,-1.604766155733431,-1.5040739644062773,12.22872380299583,8.111715428556181,4.0,12.0,-1.0,1.0,0.46822825,1.0,5.940838550763956,0.4721991860427819,3.8439348110626828,0.18076896226872252,0.29703575935461835,0.8547951275260823,0.0,1.5,0.11804979651069547,0.9609837027656707,0.9038448113436125,0.9901191978487279,4.409751017446522,1.1704889170298785,2.8846556596916257,5115.450376907615
0.666,333,4.389031680662106,-1.2391207363452195,-3.001550628586912,3.9319999505850265,-0.0047500906750087045,0.41304178892184856,3.4155108890844414,-0.20038185607587877,0.26997022800379966,-1.3116950152514548,2.4913830381139874,-1.1429908878005663,-1.475028131462254,9.826664357995355,8.648104241017279,-3.1686268553282178,12.0,-1.0,1.0,-0.69785136,1.0,5.93767134063803,0.48877465547031473,3.8347839018206376,0.17997518994260941,0.2957473832366048,0.8578302727369014,0.0,1.5,0.12219366386757868,0.9586959754551594,0.8998759497130471,0.9858246107886828,4.389031680662106,1.2391207363452195,3.001550628586912,5121.388048248253
0.668,334,4.370576308015497,-1.33298278571553,-3.105390862695138,3.9388183490581365,-0.005142448410034861,0.41356311529919726,3.4038402736969684,-0.19223070255448038,0.2515254588427857,-1.3135320595277644,2.4884764618121156,-0.7588033251992452,-1.4328132313831654,8.053967026036958,9.098533034513764,-3.3323346124034683,12.0,-1.0,1.0,-0.7465872,1.0,6.047048173582232,0.503538953587602,3.822268961904596,0.17831374619687781,0.2945029702357262,0.8608543854819874,0.0,1.5,0.1258847383969005,0.955567240476149,0.891568730984389,0.9816765674524207,4.370576308015497,1.33298278571553,3.105390862695138,5127.435096421835
0.67,335,4.354102781336336,-1.4488970951866877,-3.194090162559282,3.945615893158775,-0.0055170080768888715,0.4140496027878442,3.3946604398122338,-0.1824839074413445,0.2351278873844383,-1.314667986038358,2.4856665566090035,-0.4402739696254855,-1.3786374211353356,6.500438068292283,9.468773794492733,-4.0,12.0,-1.0,1.0,-1.0,1.0,6.102864538752527,0.5167177749309309,3.806813720641775,0.1768945573990515,0.293415481092039,0.8638695593893346,0.0,1.5,0.1291794437327327,0.9517034301604438,0.8844727869952574,0.9780516036401301,4.354102781336336,1.4488970951866877,3.194090162559282,5133.537960960587
0.672,336,4.3391569045087826,-1.5740929638577466,-3.2651471155141243,3.9523984802388026,-0.005872769541317249,0.4145037933510607,3.388080890937609,-0.17335000897059658,0.21920983946997585,-1.3154050781260689,2.482958820227823,-0.30109454945708125,-1.3280170147272603,5.134976592542216,9.759875783875998,-4.0,-12.0,-1.0,1.0,-1.0,-1.0,6.152249510587893,0.528674476392974,3.7901209381523007,0.17575764615177403,0.29257782530764437,0.8668783942680962,0.0,1.5,0.1321686190982435,0.9475302345380752,0.87878823075887,0.9752594176921479,4.3391569045087826,1.5740929638577466,3.2651471155141243,5139.690210471175
0.674,337,4.32445120479518,-1.7009928723340402,-3.326823094128652,3.959166528329921,-0.006219097262397329,0.4149250081733864,3.380038855721484,-0.17308508730666933,0.20209230382356747,-1.315889291481845,2.4803537415326837,-0.18676349772201825,-1.276223392902764,4.5864979092423255,10.048321028071712,-0.5794868616142681,-12.0,-1.0,1.0,-0.5511016,-1.0,6.326853920150507,0.540439036163856,3.773200950355461,0.1747708304939416,0.29148866570705334,0.869881084220633,0.0,1.5,0.135109759040964,0.9433002375888653,0.8738541524697079,0.9716288856901779,4.32445120479518,1.7009928723340402,3.326823094128652,5146.017064391326
0.676,338,4.309107180572426,-1.827339427913621,-3.3873106558379895,3.965919122983998,-0.006564694219315009,0.41531268098393,3.37261164875345,-0.17262719860390718,0.18564987916440492,-1.3161654655397395,2.4778574883670186,-0.09253692392779779,-1.2193349053468978,4.111685321722234,10.310368657977051,-0.7167663758191427,-12.0,-1.0,1.0,-0.5956778,-0.50039953,6.3950498338546,0.552714255542059,3.7563547429448505,0.17380302950659218,0.2904196339220397,0.8728772294416558,0.0,1.5,0.13817856388551475,0.9390886857362126,0.8690151475329608,0.968065446406799,4.309107180572426,1.827339427913621,3.3873106558379895,5152.412114225181
0.678,339,4.292305789382398,-1.950469864231911,-3.457083229374333,3.972654005426577,-0.006920441376122429,0.41566513215658063,3.3622825736883404,-0.18305571947707272,0.16685045001058058,-1.3162725639852169,2.4754721423006125,-0.01715595140566617,-1.1654276183341308,3.695787264330022,10.525176853330777,4.0,-12.0,-1.0,1.0,1.0,-0.18983954,6.413157612236453,0.5661553684940812,3.7399373514357452,0.17268666833001067,0.28883347057218783,0.875865842624918,0.0,1.5,0.1415388421235203,0.9349843378589363,0.8634333416500534,0.9627782352406261,4.292305789382398,1.950469864231911,3.457083229374333,5158.825271837417
0.68,340,4.27379600528336,-2.081882047033963,-3.5471371729225982,3.9793673815235935,-0.007296415272740488,0.4159827867251172,3.352039694494174,-0.192980593336184,0.15122286724289918,-1.3160168251055768,2.4732270638809353,0.22654655183281508,-1.0788515597005386,3.3403020908148733,10.732709631548119,4.0,12.0,-1.0,1.0,1.0,0.15234953,7.304220988269604,0.5809631957733119,3.7224157270621383,0.17124580523323843,0.2871480598302403,0.8788452315294233,0.0,1.5,0.14524079894332798,0.9306039317655346,0.8562290261661921,0.9571601994341342,4.27379600528336,2.081882047033963,3.5471371729225982,5166.129492825687
0.682,341,4.254226213975642,-2.230508414762052,-3.657469378416449,3.986061679285905,-0.007692046366203451,0.4162702150367326,3.342519422924679,-0.20262812684990045,0.13638898288888707,-1.3153242990181837,2.4711606530301986,0.4571868482999357,-0.9866449255097323,2.070641798694453,10.748845022315606,4.0,12.0,-1.0,1.0,1.0,0.9996937,6.360099703732443,0.5966190288194868,3.7025988780317265,0.16948048994533682,0.2854829222571462,0.8818164287595192,0.0,1.5,0.1491547572048717,0.9256497195079316,0.8474024497266841,0.9516097408571541,4.254226213975642,2.230508414762052,3.657469378416449,5172.4895925294195
0.684,342,4.234130334916901,-2.39711271241548,-3.787703271210865,3.9927384566323907,-0.008106855092581841,0.41652902507951706,3.334497545779076,-0.2121670129359325,0.12258074864071883,-1.3142203061846023,2.4692836952283104,0.6394026373128694,-0.8896079425200216,0.7789350988802539,10.701094021508936,4.0,12.0,-1.0,1.0,0.81871706,1.0,6.3662418178492866,0.6126957320664794,3.680384971677936,0.16739674766062618,0.28400741584481,0.884780110824205,0.0,1.5,0.15317393301661986,0.920096242919484,0.8369837383031309,0.9466913861493667,4.234130334916901,2.39711271241548,3.787703271210865,5178.855834347269
0.686,343,4.21413820279942,-2.580140540846287,-3.934810899162371,3.9994012705190505,-0.008538027468470521,0.4167617307576058,3.3285736613614323,-0.21887883541556466,0.11029032427099192,-1.3127891792342166,2.4676059253759437,0.7853759292741731,-0.7875942948862553,-0.3529424129006884,10.591300666938025,2.990895361117284,12.0,-1.0,1.0,-0.027611814,1.0,6.466399543270288,0.6286894377604639,3.655981261220495,0.1650430256134021,0.2828759593847631,0.8877378337612356,0.0,1.5,0.15717235944011598,0.9139953153051238,0.8252151280670104,0.9429198646158772,4.21413820279942,2.580140540846287,3.934810899162371,5185.322233890539
0.6880000000000001,344,4.195560318545128,-2.7669877555066695,-4.07884236660661,4.00605953558957,-0.008966598591241853,0.4169723777051255,3.324007293118599,-0.21015421434641962,0.1034996912803321,-1.311329972140228,2.466116185783395,0.6659947196288921,-0.6942779364244804,-1.369034262784396,10.41678639924254,-4.0,-12.0,-1.0,1.0,-0.8813403,0.28335696,6.527521599380669,0.6435517451638981,3.6310682992657775,0.16273852213429427,0.28197984842679574,0.8906937491007159,0.0,1.5,0.16088793629097453,0.9077670748164444,0.8136926106714713,0.9399328280893192,4.195560318545128,2.7669877555066695,4.07884236660661,5191.8497554899195
0.6900000000000001,345,4.177747992389805,-2.936838222826708,-4.201934656416524,4.012697212270873,-0.009378603346379247,0.4171750239676081,3.3189748094740263,-0.20148511979523498,0.09592624618464948,-1.3101114441294774,2.464825377172515,0.5645384643664056,-0.6051561794664413,-1.0639696333557254,10.248152525443402,-4.0,-12.0,-1.0,1.0,-1.0,0.23758799,6.65424022452081,0.6578016060881557,3.608421570289772,0.16076904549733562,0.2809684078536667,0.8936405908024061,0.0,1.5,0.16445040152203894,0.902105392572443,0.8038452274866781,0.9365613595122225,4.177747992389805,2.936838222826708,4.201934656416524,5198.50399571444
0.6920000000000001,346,4.160737746117875,-3.1109763337642677,-4.320823470971482,4.019329998949862,-0.00978683800589733,0.41735471238020666,3.314019777528739,-0.2066773878941644,0.0838712817039691,-1.3088473637188938,2.4637145267135505,0.6937621187442383,-0.5054578559668514,-0.8003939591934,10.060705462829219,2.1449644270775976,12.0,-1.0,1.0,-0.16302271,0.8281103,6.749346735275681,0.6714098031056999,3.5644875731954344,0.1588668244644563,0.27994836861303163,0.8965854871415719,0.0,1.5,0.16785245077642497,0.8911218932988586,0.7943341223222814,0.9331612287101054,4.160737746117875,3.1109763337642677,4.320823470971482,5205.253342449716
0.6940000000000001,347,4.143719281276231,-3.2989066932010767,-4.454689937812878,4.025952813877089,-0.010209978106342554,0.4175098095639251,3.309125576365274,-0.21648540773536684,0.0708803868005628,-1.3073658858271744,2.462801863768242,0.7455982119468356,-0.4121013838034522,-1.6993283131992598,9.784383937124119,4.0,12.0,-1.0,1.0,0.48670408,1.0,6.635474315364794,0.6850245749790154,3.5043498581756554,0.15672496099499397,0.2789175960288953,0.8995261872497586,0.0,1.5,0.17125614374475384,0.8760874645439138,0.7836248049749698,0.9297253200963178,4.143719281276231,3.2989066932010767,4.454689937812878,5211.888816765081
0.6960000000000001,348,4.126659141737733,-3.480219592067646,-4.60678431137152,4.03256707717604,-0.010652810808866849,0.41763641359403564,3.3050654261570904,-0.22631106728663192,0.05566273636732522,-1.3060091510029161,2.4620448953280936,0.614556526763981,-0.34531109971654206,-2.254804357556111,9.50013416536882,4.0,-12.0,-1.0,1.0,1.0,-0.949722,6.660550988866894,0.6986726866098136,3.4463297305383533,0.1542914510180557,0.2780451466417918,0.9024633607773382,0.0,1.5,0.1746681716524534,0.8615824326345883,0.7714572550902784,0.9268171554726394,4.126659141737733,3.480219592067646,4.60678431137152,5218.549367753948
0.6980000000000001,349,4.10785975349448,-3.63858087498526,-4.774480642774696,4.039153593728916,-0.011118092898517373,0.4177448956335475,3.2813658524317977,-0.23894502472954735,0.052716330625245986,-1.3049308156993498,2.4614523043513223,0.4684963040421397,-0.2480874594172799,-1.8709428964934887,9.31757643296396,4.0,-12.0,-1.0,1.0,1.0,-0.28079885,6.841750835933082,0.7137121972044165,3.395654120004717,0.15160830971560488,0.27264775673183517,0.9053883658587227,0.0,1.5,0.17842804930110412,0.8489135300011792,0.7580415485780243,0.908825855772784,4.10785975349448,3.63858087498526,4.774480642774696,5225.391118589881
0.7000000000000001,350,4.088120685464926,-3.7906985669475537,-4.950938126019508,4.0457127793287135,-0.011597467484482848,0.41783862259286986,3.2780476661857483,-0.24032899617561906,0.041114051525996106,-1.303859376475808,2.4610501563461336,0.5974473701417371,-0.15401579317432346,-1.35630884359756,8.949976426821877,0.8644194564107848,12.0,-1.0,1.0,-0.13052042,1.0,6.960619515065637,0.7295034516280596,3.346976458576783,0.1487849899836879,0.27185172736569313,0.9083013561936295,0.0,1.5,0.1823758629070149,0.8367441146441957,0.7439249499184394,0.9061724245523105,4.088120685464926,3.7906985669475537,4.950938126019508,5232.351738104947
0.7020000000000001,351,4.070552342458316,-3.960919303546086,-5.1196740497949325,4.05226918160358,-0.012068046829581177,0.41791177221269127,3.27880716771516,-0.23033305206146099,0.03173646781713549,-1.3025538079022083,2.4608398072903204,0.6602297105476699,-0.06110396385278977,-2.2153520188039693,8.560047696644915,-4.0,12.0,-1.0,1.0,-1.0,1.0,6.806952850035983,0.743558126033347,3.2925058228652526,0.14608521520328108,0.27203478293230016,0.9112133182090192,0.0,1.5,0.18588953150833676,0.8231264557163132,0.7304260760164054,0.9067826097743339,4.070552342458316,3.960919303546086,5.1196740497949325,5239.158690954983
0.704,352,4.054467506688135,-4.1328291195183375,-5.287227153333852,4.058824282209363,-0.012537974600758513,0.4179613550274829,3.27591167399077,-0.23929521387284475,0.017954867102937533,-1.3013047465229806,2.460789943859055,0.6292747297142993,0.013632043791662427,-2.7903774355535234,8.137558361199865,3.9197824185256893,-6.470242846688052,-1.0,1.0,0.26922384,1.0,6.857913659831709,0.7564259946494922,3.237494681754132,0.14340436554665836,0.27133421289283544,0.9141249375094649,0.0,1.5,0.18910649866237306,0.809373670438533,0.7170218277332918,0.9044473763094515,4.054467506688135,4.1328291195183375,5.287227153333852,5246.016604614815
0.706,353,4.03971690620968,-4.30488523190432,-5.46005222825202,4.0653763322260055,-0.013013795599969293,0.41798508882642954,3.279948880743564,-0.23802104129657747,0.011001605201299208,-1.3001161469443592,2.460888032147859,0.5624969175138107,0.10313413200683628,-2.885414807232223,7.773851009230668,-1.029545124056632,-12.0,-1.0,1.0,-0.28607735,1.0,6.858032934416882,0.768226475032256,3.1824367257906174,0.1406391643479677,0.2723090091412883,0.9170354570870733,0.0,1.5,0.192056618758064,0.7956091814476544,0.7031958217398384,0.9076966971376277,4.03971690620968,4.30488523190432,5.46005222825202,5252.874637549232
0.708,354,4.025792711255664,-4.470516265632364,-5.618010907234126,4.071942661908752,-0.013480534358926533,0.41799811017093363,3.287083815710939,-0.22885162287557465,0.0024698029822130332,-1.2992714196677972,2.461168079042699,0.2583799395351649,0.17863745716200774,-2.7892456619540553,7.306722910394058,-4.0,-12.0,-1.0,1.0,-0.6707166,-1.0,6.718930683741793,0.7793658309954687,3.1294347949976435,0.138111825484254,0.2739966476863224,0.9199524271845347,0.0,1.5,0.1948414577488672,0.7823586987494109,0.6905591274212699,0.9133221589544082,4.025792711255664,4.470516265632364,5.618010907234126,5259.593568232974
0.71,355,4.013499750005262,-4.615787459751533,-5.758517667885583,4.078522582287355,-0.01393301916513982,0.4179930805799738,3.292523794353854,-0.22363735908581517,-0.007799839321679013,-1.2990475324527542,2.461593976380969,-0.02503469569270589,0.24547472462906123,-1.4376062273732373,6.873196905650218,-2.4577517656081014,-12.0,-1.0,1.0,-0.46851447,-1.0,6.768698015463331,0.7892001999957907,3.0829480128795095,0.13586371731383068,0.27525273798998756,0.9228756265806002,0.0,1.5,0.19730004999894768,0.7707370032198774,0.6793185865691533,0.9175091266332919,4.013499750005262,4.615787459751533,5.758517667885583,5266.362266248437
0.712,356,4.001897403901386,-4.740612758348253,-5.901268939315822,4.085108579021277,-0.014390986518155431,0.41796341390589453,3.293231397879635,-0.23419279009976948,-0.02208694225202209,-1.2993495304884524,2.4621394083238908,-0.26712027076892564,0.29849119079584613,-0.06531049424245339,6.453831100660864,4.0,-12.0,-1.0,1.0,0.36945656,-0.48326796,6.6568282434427575,0.7984820768788916,3.043003917328559,0.13357969697094685,0.2754141500618967,0.9258017711623654,0.0,1.5,0.1996205192197229,0.7607509793321398,0.6678984848547342,0.918047166872989,4.001897403901386,4.740612758348253,5.901268939315822,5273.0190944918795
0.714,357,3.990893893110137,-4.865326543077582,-6.062894693484439,4.091687040919607,-0.014868488135362505,0.4179013170748708,3.285515803275254,-0.2433150761122353,-0.039850400786994686,-1.2996451172753107,2.462788409144711,-0.0351797418751911,0.3508372058697749,1.2055169882783048,6.079662381242599,4.0,12.0,-1.0,1.0,1.0,0.6980534,6.572212147102616,0.8072848855118901,3.003095506215174,0.13099368490424898,0.27362964551439933,0.9287248841085685,0.0,1.5,0.20182122137797254,0.7507738765537935,0.6549684245212449,0.9120988183813312,3.990893893110137,4.865326543077582,6.062894693484439,5279.591306638982
0.716,358,3.9783743918054957,-4.98213781880744,-6.240350702354689,4.098263414786615,-0.015372552963502728,0.41783796084639047,3.284668233639879,-0.2638101299031014,-0.004439406689743894,-1.300215749080756,2.463639396280799,-0.5197580642024378,0.5537315436889968,0.10493170118121498,5.688132141708877,4.0,-12.0,-1.0,1.0,1.0,0.34589797,6.286455380681914,0.8173004865556033,2.965715897981619,0.12815438876232496,0.273430352135501,0.931647040498647,0.0,1.5,0.20432512163890082,0.7414289744954048,0.6407719438116248,0.9114345071183366,3.9783743918054957,4.98213781880744,6.240350702354689,5285.877762019664
0.718,359,3.956606451582624,-5.067872566564913,-6.425144903544737,4.104801602805045,-0.01591930850507869,0.4178629477290117,3.2531838296340685,-0.28250034521042816,0.027887253144720243,-1.3012284880291274,2.4649192246034115,-0.46481767178081485,0.7198496596883905,2.641949673906538,4.503463025395263,4.0,12.0,-1.0,1.0,0.8092439,0.3948372,6.155797732075578,0.834714838733901,2.938280778699228,0.12519768154328423,0.2655879455250608,0.9345512134808001,0.0,1.5,0.20867870968347524,0.734570194674807,0.6259884077164211,0.8852931517502028,3.956606451582624,5.067872566564913,6.425144903544737,5292.03355975174
0.72,360,3.9252366178889027,-5.133668799309903,-6.616480465460541,4.111283534430674,-0.016510106434978866,0.4180006150239382,3.2313577505623368,-0.3052782358438999,0.09261981437436645,-1.3022000585868931,2.4666606430936127,-0.43843840265381273,0.9719875391800166,2.569795501472697,3.4169067808757063,4.0,12.0,-1.0,1.0,1.0,1.0,5.907993301753365,0.859810705688878,2.9172259842208312,0.12213631255263135,0.25967871576198465,0.9374291011838873,0.0,1.5,0.2149526764222195,0.7293064960552078,0.6106815627631568,0.8655957192066156,3.9252366178889027,5.133668799309903,6.616480465460541,5297.941553053493
0.722,361,3.8920271614859177,-5.20829525216334,-6.802584794819878,4.117768526399818,-0.017100114064404558,0.4180016781374165,3.25766060538066,-0.28814193615234807,-0.0638725308090751,-1.3019646988218319,2.4668289928626392,0.43307149057543237,-0.7211979682337311,2.6322132673908527,-180.0,-4.0,12.0,-1.0,-0.81637394,-0.6009094,1.0,6.12923414061552,0.886378270811266,2.893345519307731,0.11915864328288195,0.26675368653859,0.94030980236957,0.0,1.5,0.2215945677028165,0.7233363798269328,0.5957932164144097,0.8891789551286334,3.8920271614859177,5.20829525216334,6.802584794819878,5304.070787194109
0.724,362,3.8573092851371364,-5.280844145316344,-6.983742718423485,4.124282607328912,-0.01769178655152928,0.41789204936064284,3.250114433559616,-0.3023708673418268,-0.05390066137088746,-1.3010751500536537,2.4655738080118748,0.4502338627605297,-0.5602390966984957,-1.7724081517676495,10.240191268640785,4.0,12.0,-1.0,1.0,1.0,1.0,6.234751861088082,0.9141525718902908,2.87012987349877,0.11626011650522426,0.26477936175287586,0.9432046021394962,0.0,1.5,0.2285381429725727,0.7175324683746925,0.5813005825261213,0.8825978725095863,3.8573092851371364,5.280844145316344,6.983742718423485,5310.305539055196
0.726,363,3.8226302487437267,-5.347623750031778,-7.159977670808271,4.13078314732738,-0.01828519398551505,0.4177731800912295,3.242533220702994,-0.2918696245037238,-0.055618445639982673,-1.3002844378199383,2.4645320395938497,0.30125932290225105,-0.4557141925919195,-2.0361297663287132,9.68643388111758,-4.0,-12.0,-1.0,1.0,-1.0,-1.0,6.379240063151105,0.9418958010050185,2.848760399989831,0.11344035726706768,0.26275031004938537,0.9460934596813226,0.0,1.5,0.23547395025125462,0.7121900999974577,0.5672017863353384,0.8758343668312847,3.8226302487437267,5.347623750031778,7.159977670808271,5316.684779118347
0.728,364,3.787520207798146,-5.402630917875614,-7.317350558901783,4.1372641732645254,-0.01886916739705467,0.4176860267910631,3.245446054694107,-0.292727487726696,-0.036147318915699944,-1.2996927097308637,2.4638151695277033,0.21839699681525426,-0.2699767218119582,-1.4493995137804063,9.37216304418962,-1.3725629655183935,12.0,-1.0,1.0,0.1510294,1.0,6.671573529711221,0.969983833761483,2.8311581062798035,0.11092239105757147,0.2635352282291785,0.9489732899391452,0.0,1.5,0.24249595844037075,0.7077895265699509,0.5546119552878573,0.8784507607639284,3.787520207798146,5.402630917875614,7.317350558901783,5323.356352648058
0.73,365,3.7480736876843057,-5.445944471311294,-7.472944883003109,4.143766711010113,-0.019476651293589303,0.41764904837024197,3.2556757743855593,-0.3141573814081515,0.0004849618675876804,-1.2997809777878533,2.4635149758602783,-0.30779317432281006,-0.028727055274131996,-1.1534335011603503,8.586849703519135,4.0,12.0,-1.0,1.0,1.0,1.0,6.852828800634321,1.0015410498525554,2.817297769180386,0.10843288187195027,0.26623884520758134,0.9518620796435915,0.0,1.5,0.25038526246313886,0.7043244422950965,0.5421644093597513,0.8874628173586044,3.7480736876843057,5.445944471311294,7.472944883003109,5330.209181448693
0.732,366,3.7030091931415283,-5.467405913259722,-7.619295905427742,4.150291143523552,-0.020106465025804373,0.4177205777693629,3.263501949630233,-0.31485659584001124,0.07126491926021863,-1.300713647802187,2.4637678256334117,-0.5018650964703061,0.27423887615889625,1.495170965927855,7.44064010431498,-4.0,12.0,-1.0,1.0,-1.0,1.0,6.5952099422733985,1.0375926454867774,2.810430107756889,0.10609126551315613,0.2682501173561794,0.9547593618364143,0.0,1.5,0.25939816137169436,0.7026075269392222,0.5304563275657806,0.8941670578539312,3.7030091931415283,5.467405913259722,7.619295905427742,5336.804391390966
0.734,367,3.65128585454429,-5.458830275518535,-7.755948477110595,4.156755874247049,-0.020749918188894267,0.41790676279633454,3.2063103636384644,-0.3284512540149828,0.10811802667637709,-1.301784417547307,2.464508946699074,-0.5457978411544631,0.4470830374864698,2.652064579532066,5.875240492523176,4.0,-12.0,-1.0,1.0,1.0,-1.0,6.42974418308209,1.078971316364568,2.813174311834069,0.10390482436623048,0.2524656676187278,0.9576288193354441,0.0,1.5,0.269742829091142,0.7032935779585172,0.5195241218311524,0.8415522253957594,3.65128585454429,5.458830275518535,7.755948477110595,5343.234135574048
0.736,368,3.5940130561129684,-5.394398693018318,-7.880247688308247,4.163201190073288,-0.021400978980698954,0.41808488064979876,3.2414622762348912,-0.32237398955748975,0.06567930791693227,-1.3028660654963455,2.4640498929331556,-0.526623417214947,-0.9179861948601402,3.085882251976898,-180.0,-4.0,12.0,-1.0,-0.42684183,-1.0,1.0,6.060079320471227,1.1247895551096252,2.8337924182341383,0.10191603698706807,0.2624600724307742,0.9604896919284802,0.0,1.5,0.2811973887774063,0.7084481045585346,0.5095801849353403,0.8748669081025806,3.5940130561129684,5.394398693018318,7.880247688308247,5349.294214894519
0.738,369,3.5348763023903387,-5.309017196730634,-7.978771172004162,4.169696244343714,-0.022042418050359357,0.4182456689257856,3.252277549423589,-0.3189439627263449,0.09708329176388278,-1.3038264021094548,2.462431511367654,-0.440945509597474,-0.6958525111577819,3.206339722086966,11.779952387669596,-4.0,12.0,-1.0,1.0,-1.0,1.0,6.421717230926284,1.1720989580877292,2.861114497046197,0.10033966124793342,0.2653499841700507,0.9633728305097202,0.0,1.5,0.2930247395219323,0.7152786242615492,0.501698306239667,0.8844999472335022,3.5348763023903387,5.309017196730634,7.978771172004162,5355.715932125446
0.74,370,3.474399416968107,-5.201179671386558,-8.052805055796803,4.17623857901415,-0.022673415429028187,0.41838381392609114,3.291071778140636,-0.31213224202246803,0.04063618851907393,-1.3046796013344069,2.459635840022711,-0.41263968924745625,-2.1015624532353403,2.9700175066215024,-180.0,-4.0,12.0,-1.0,-1.0,-1.0,1.0,5.209758181226141,1.2204804664255144,2.8956225051563016,0.09954738523602741,0.27492008924569,0.9662772045515475,0.0,1.5,0.3051201166063786,0.7239056262890754,0.49773692618013704,0.9164002974856335,3.474399416968107,5.201179671386558,8.052805055796803,5360.925690306672
0.742,371,3.4135390451519876,-5.036873295123917,-8.100888845460362,4.182869933876052,-0.02329106581277901,0.4183955821399471,3.3392543356772926,-0.30576388848274383,-0.0285766260013995,-1.3054500184252258,2.453988026960724,-0.36088080034177494,-3.546483063065585,2.999128249861826,-180.0,-4.0,12.0,-1.0,-0.58104134,-0.6821818,1.0,4.045170118678024,1.26916876387841,2.9482005455603466,0.09913523846748262,0.284890283923328,0.9692225050235517,0.0,1.5,0.3172921909696025,0.7370501363900867,0.49567619233741306,0.9496342797444266,3.4135390451519876,5.036873295123917,8.100888845460362,5364.97086042535
0.744,372,3.3506525580758835,-4.834691658487568,-8.14125111622224,4.189505669920627,-0.023912419069444652,0.4183520231677502,3.2969839363451805,-0.3152444399004215,-0.01547709735583807,-1.3061510357120538,2.4471576028446687,-0.33915198264645036,-3.2852666352783344,2.8944172234971575,26.93480992318314,3.983097497159875,-12.0,-1.0,1.0,1.0,-0.42423004,4.29328932564697,1.3194779535392933,3.0128986692839783,0.09878927614666652,0.27626248059956715,0.9721703253366294,0.0,1.5,0.32986948838482333,0.7532246673209946,0.4939463807333326,0.9208749353318906,3.3506525580758835,4.834691658487568,8.14125111622224,5369.264149750997
0.746,373,3.2861685260725975,-4.6309396703858425,-8.177488376081582,4.196103096670585,-0.02453779563834623,0.41836743510943586,3.301552530424275,-0.31002891832625695,0.02783656011791833,-1.3067757364513295,2.440957641497101,-0.28114778727023576,-2.923101110455096,2.9259765923862346,26.99481260745796,-4.0,12.0,-1.0,1.0,-1.0,1.0,4.764829274360893,1.371065179141922,3.07809930547653,0.09847867106215787,0.27727774082240325,0.975100441859162,0.0,1.5,0.3427662947854805,0.7695248263691326,0.4923933553107893,0.9242591360746775,3.2861685260725975,4.6309396703858425,8.177488376081582,5374.028979025357
0.748,374,3.2201319815024703,-4.396730400542622,-8.20658369261494,4.2027165074590975,-0.025164585738898286,0.41829310091443256,3.3123623140668186,-0.31650863155443854,-0.10327336215326709,-1.3072794629612465,2.4334699905036143,-0.22207841873083006,-4.569165955990572,5.737504039727412,-180.0,3.677458401015908,-12.0,-0.8511692,-1.0,1.0,-0.76646703,3.2677016896762003,1.4238944147980237,3.153046271826361,0.09822928263472909,0.2796018626823435,0.9780386157606111,0.0,1.5,0.3559736036995059,0.7882615679565903,0.49114641317364544,0.9320062089411449,3.2201319815024703,4.396730400542622,8.20658369261494,5377.296680715033
0.75,375,3.153426790192073,-4.135767249190762,-8.228827867469066,4.20934872442217,-0.025791593406051916,0.41812311896545423,3.3198641518090373,-0.31053120688039276,-0.06670366591422708,-1.3076601781441335,2.4247429548654207,-0.16053274538811424,-4.157706821253921,2.5662942226466043,36.151831679229986,-4.0,12.0,-1.0,1.0,-1.0,0.6971658,3.851299791811404,1.4772585678463415,3.236554480258956,0.09803861827883659,0.28114895758518,0.9809861691604369,0.0,1.5,0.36931464196158537,0.809138620064739,0.4901930913941829,0.9371631919506,3.153426790192073,4.135767249190762,8.228827867469066,5381.147980506845
0.752,376,3.0893504714598743,-3.8786805467097523,-8.233235625949623,4.215946368250593,-0.026397228790391022,0.41800594685825815,3.276599051403807,-0.29502038496415645,-0.05019281431168085,-1.3079899326469877,2.4167541441037366,-0.1702761547071887,-3.8303688338730524,2.3347088925104345,35.83994313318544,-4.0,-12.0,-1.0,1.0,-0.2809101,-0.72618514,4.3047983514881905,1.5285196228321007,3.3188222250528794,0.09800083749186038,0.2715011858100222,0.9839177896943121,0.0,1.5,0.3821299057080252,0.8297055562632198,0.49000418745930185,0.905003952700074,3.0893504714598743,3.8786805467097523,8.233235625949623,5385.452778858333
0.754,377,3.027842164322369,-3.601683008281407,-8.21840434859352,4.222455095954134,-0.026971456736668092,0.4179223272115851,3.2333164838286907,-0.27916870899074003,-0.033744983711961996,-1.308338830846129,2.4094209057991436,-0.1764357275918108,-3.503921694940942,2.4493768396766313,35.801015348617966,-4.0,-12.0,-1.0,0.11631754,-1.0,0.07643635,4.6996976643696335,1.5777262685421047,3.4074614373499497,0.09812796272634126,0.26022386481246707,0.9868095643907666,0.0,1.5,0.3944315671355262,0.8518653593374874,0.4906398136317063,0.8674128827082236,3.027842164322369,3.601683008281407,8.21840434859352,5390.152476522702
0.756,378,2.9681170351095623,-3.3298579309879757,-8.19500869994369,4.228928542384774,-0.027533581007823674,0.41788921369954235,3.2403111931076722,-0.28297755882572445,0.0006226542007074787,-1.3086275158833374,2.4028221354917716,-0.11413716406358955,-3.095308010171065,2.5499543439279932,35.63542731487598,-0.31968809907644724,12.0,-1.0,1.0,0.44993797,0.90577465,5.27378482973034,1.6255063719123504,3.494445462083848,0.09832849685762551,0.2621471328253801,0.9896851050145714,0.0,1.5,0.4063765929780876,0.873611365520962,0.49164248428812757,0.8738237760846004,2.9681170351095623,3.3298579309879757,8.19500869994369,5395.426261352432
0.758,379,2.910127688833025,-3.0851247957737566,-8.164992287931065,4.235416323655508,-0.028092044263212924,0.41792344403014,3.2476352950530942,-0.27540091211153495,0.033508768180738724,-1.3088039643063767,2.397030774853696,-0.0637038095832996,-2.6968885531861018,2.296198533728557,34.91211295250099,-4.0,12.0,-1.0,0.3452771,-0.38058934,1.0,5.843570210136129,1.6718978489335798,3.572760065352398,0.0985857803891623,0.2641208031172314,0.9925662550233731,0.0,1.5,0.41797446223339496,0.8931900163380995,0.49292890194581146,0.8804026770574381,2.910127688833025,3.0851247957737566,8.164992287931065,5401.2698315625685
0.76,380,2.8527293775126394,-2.867608905901125,-8.137719531176007,4.241921263567887,-0.02865914618907838,0.41802564844824575,3.253852480039958,-0.29075766271276793,0.06423974878454533,-1.3088843126100163,2.392044613180137,0.0045683388311062445,-2.3025321433678765,2.0793214459349656,34.07828779519133,4.0,12.0,-1.0,1.0,1.0,1.0,6.303664932872112,1.7178164979898884,3.61765214587985,0.09881954687563423,0.26576308964439377,0.9954542366520904,0.0,1.5,0.4294541244974721,0.9044130364699625,0.4940977343781711,0.8858769654813127,2.8527293775126394,2.867608905901125,8.137719531176007,5407.573496495441
0.762,381,2.79536965926166,-2.670177890441701,-8.110754234065793,4.2484497166965385,-0.02922446429641087,0.4179654765782754,3.2756064917858865,-0.2747974418815426,-0.12362468711049887,-1.3078560402440262,2.3856057713489713,0.9904929995578777,-4.133832488166492,1.7540303645908466,-180.0,-4.0,12.0,-1.0,-0.47781667,-1.0,1.0,4.489161480794008,1.763704272590672,3.6439762812744396,0.09905067799372179,0.2712599487493224,0.9983544365441066,0.0,1.5,0.440926068147668,0.9109940703186099,0.4952533899686089,0.9041998291644081,2.79536965926166,2.670177890441701,8.110754234065793,5412.062657976235
0.764,382,2.738678836863852,-2.48369752806491,-8.084112215090022,4.2549945313419295,-0.029786102345621977,0.417740977048338,3.2689277316802023,-0.2866655746722277,-0.10185690702584285,-1.305980080216343,2.3777891046886253,0.8648730020552744,-3.691384104563088,-3.3812474122409526,43.54800817103819,4.0,12.0,-1.0,1.0,1.0,1.0,4.985249596061489,1.8090569305089184,3.668840329591345,0.09927903815637125,0.2696146421700876,1.0012637058459424,0.0,1.5,0.4522642326272296,0.9172100823978363,0.49639519078185623,0.8987154739002922,2.738678836863852,2.48369752806491,8.084112215090022,5417.047907572296
0.766,383,2.6823877196230717,-2.2972702835665038,-8.057620010226248,4.261521270785617,-0.030349642780002278,0.4175512441249183,3.25770966081766,-0.2768605742979193,-0.08803537018573268,-1.3044303495994205,2.3707955921207486,0.6896281152653442,-3.303154543595582,-3.128339430264589,42.89909958509037,-4.0,-12.0,-1.0,1.0,-0.99818105,-1.0,5.4242408976677625,1.8540898243015427,3.693697295524466,0.09950611419806073,0.2667663702968338,1.004164533212958,0.0,1.5,0.46352245607538567,0.9234243238811165,0.4975305709903036,0.8892212343227793,2.6823877196230717,2.2972702835665038,8.057620010226248,5422.472148469964
0.768,384,2.626954410326964,-2.108448643562191,-8.012363719461902,4.268026385104521,-0.030893856281532198,0.4173902539003626,3.2478688618366136,-0.26751374404314493,-0.0720694845264856,-1.3031927672746575,2.364587924087481,0.5664001673843165,-2.897037788357495,-2.562061119699422,42.35665429382823,-4.0,-12.0,-1.0,1.0,-1.0,0.5684312,5.957244061702674,1.898436471738429,3.7188735141917078,0.09989402526175513,0.26418305499448497,1.007055451162528,0.0,1.5,0.47460911793460725,0.9297183785479269,0.49947012630877563,0.88061018331495,2.626954410326964,2.108448643562191,8.012363719461902,5428.429392531667
0.77,385,2.5715469114193246,-1.9228494711233397,-7.967764660637015,4.274512304559806,-0.031439884962125006,0.41726094336523,3.2379488833309544,-0.27847850889169395,-0.057473717840660826,-1.3021907467058493,2.35918177518406,0.4391024754761491,-2.5108815214560107,-2.1934378452468763,41.56760412429128,4.0,-12.0,-1.0,1.0,1.0,-0.9760422,6.3561948655787655,1.9427624708645403,3.7436200705168883,0.10051576542980777,0.26150172999982824,1.0099374652541586,0.0,1.5,0.4856906177161351,0.9359050176292221,0.5025788271490388,0.8716724333327608,2.5715469114193246,1.9228494711233397,7.967764660637015,5434.785587397246
0.772,386,2.5161886656963235,-1.7387408347963182,-7.923606455003844,4.280977272915395,-0.03198696885649799,0.41715904384491714,3.227515673645369,-0.26876887044865333,-0.04355660506241158,-1.3014014263922962,2.3545423480576764,0.3681011714344635,-2.121361062570174,-1.7573534994676834,40.718052570468046,-4.0,-12.0,-1.0,1.0,-0.8131447,0.3568595,6.844924187897598,1.9870490674429413,3.7681678886938244,0.1012222967199385,0.258601187519934,1.0128098435231574,0.0,1.5,0.4967622668607353,0.9420419721734561,0.5061114835996925,0.8620039583997801,2.5161886656963235,1.7387408347963182,7.923606455003844,5441.630511585144
0.774,387,2.4608480178761023,-1.5522796127439573,-7.879682884964097,4.287437583782921,-0.03253508619165496,0.417036935546603,3.2326121542869632,-0.27932908814598806,-0.07838301848254639,-1.3007423974599268,2.35010907304521,0.29247657444919806,-2.309460912107928,-1.5602110419699216,-18.092992728860168,4.0,-12.0,-1.0,-0.07223913,1.0,-0.79475814,6.75044418466412,2.0313215856991182,3.7930293849674723,0.10192507384057446,0.26002816565381903,1.0156803513713242,0.0,1.5,0.5078303964247796,0.9482573462418681,0.5096253692028723,0.8667605521793968,2.4608480178761023,1.5522796127439573,7.879682884964097,5448.380955769808
0.776,388,2.405598478229574,-1.3606146854703356,-7.835729150611916,4.2938915646879,-0.033083683237394565,0.41689377646397335,3.2218758429985996,-0.269428228434954,-0.06392050227368198,-1.300234924375245,2.345880475410854,0.23279628733854962,-1.9120799058819553,-1.3138938435174623,41.52548995149766,-4.0,-12.0,-1.0,1.0,-0.54114676,0.042465277,7.22541114584748,2.0755212174163407,3.818584708603955,0.10262833359020934,0.2570000761608053,1.0185482562147499,0.0,1.5,0.5188803043540852,0.9546461771509888,0.5131416679510467,0.8566669205360177,2.405598478229574,1.3606146854703356,7.835729150611916,5455.606366915656
0.778,389,2.350185456859939,-1.1859867357441736,-7.793275688639744,4.300326704499619,-0.033634289201073454,0.4167841130675269,3.2133466144265665,-0.2811604009969824,-0.04593882924209256,-1.2997446987278425,2.3424782474415258,0.25633359183904636,-1.4922859144429403,-1.1169870249005953,40.384304447239,4.0,12.0,-1.0,1.0,1.0,1.0,7.652183391877193,2.119851634512049,3.8418684352341104,0.10330758898176412,0.25453596638007514,1.021407392670314,0.0,1.5,0.5299629086280122,0.9604671088085276,0.5165379449088205,0.8484532212669172,2.350185456859939,1.1859867357441736,7.793275688639744,5463.2585503075325
0.78,390,2.2940806417396824,-1.0263436175657756,-7.770795979183814,4.306776091093834,-0.03420313006956565,0.41650640517092186,3.236978321772534,-0.2878541457757715,-0.2310674931452096,-1.2982852813518235,2.3376492487033063,1.1713439228745062,-3.334228282453253,-1.3327186768835304,-180.0,4.0,12.0,-1.0,-0.38736734,1.0,1.0,5.880716382770075,2.164735486608254,3.8631541843245634,0.10366726433305898,0.2612353351277068,1.0242746531947393,0.0,1.5,0.5411838716520635,0.9657885460811408,0.5183363216652949,0.8707844504256893,2.2940806417396824,1.0263436175657756,7.770795979183814,5469.139266690303
0.782,391,2.237581861507625,-0.8747134410242682,-7.767729113154919,4.313246357887735,-0.03479152472128637,0.4160750507387254,3.2332404504392933,-0.30047342298111146,-0.2005817226761671,-1.2961508374537172,2.331513979350128,0.9676822791651872,-2.8034725567238805,-6.199653807264667,49.14129167160502,4.0,12.0,-1.0,1.0,1.0,1.0,6.468363742650986,2.2099345107939,3.883371541196764,0.1037163341895213,0.2602027565770792,1.0271528169244246,0.0,1.5,0.552483627698475,0.970842885299191,0.5185816709476064,0.8673425219235974,2.237581861507625,0.8747134410242682,7.767729113154919,5475.607630432954
0.784,392,2.1806070804884086,-0.715452375126158,-7.783528086983302,4.319717364573105,-0.03540554988314354,0.41570470300534723,3.237290426540161,-0.3134041675634494,-0.1703868062931148,-1.294825426075842,2.3264126547304116,0.37596725272402953,-2.302119681856855,-5.608234368339339,47.714566913593785,4.0,-12.0,-1.0,1.0,1.0,-1.0,7.097745330677738,2.255514335609273,3.904606349983179,0.10346355060826717,0.26132107787111364,1.0300305462518837,0.0,1.5,0.5638785839023183,0.9761515874957948,0.5173177530413359,0.8710702595703789,2.1806070804884086,0.715452375126158,7.783528086983302,5482.705375763631
0.786,393,2.1242347011985823,-0.5312807121428876,-7.79778536061499,4.326193217045953,-0.0360233819107027,0.41538942699523995,3.2380413787526288,-0.30436221094020033,-0.14552955926887712,-1.2946081793785948,2.322280252431097,-0.14106531703340908,-1.8346597694341482,-2.9147415117085416,46.22806746320197,-4.0,-12.0,-1.0,1.0,-1.0,-0.25707072,7.634455481282653,2.300612239041134,3.9291625717142815,0.10323543423016018,0.2615270804225798,1.0329097822848148,0.0,1.5,0.5751530597602835,0.9822906429285704,0.5161771711508009,0.8717569347419328,2.1242347011985823,0.5312807121428876,7.79778536061499,5490.3398312449135
0.788,394,2.068255082500635,-0.34735151907425904,-7.811853109559292,4.332659675635965,-0.03664315065460687,0.4151201143346737,3.230096882791203,-0.31551303659534374,-0.1236037797008515,-1.2948637146388842,2.319077918497864,-0.19011052640008838,-1.3718455698367424,-0.37302800237085876,44.71724836095132,4.0,12.0,-1.0,1.0,1.0,0.5790718,8.115548509944784,2.345395933999492,3.953686464123432,0.10301035024705135,0.2593262935112064,1.035784304226608,0.0,1.5,0.586348983499873,0.988421616030858,0.5150517512352567,0.864420978370688,2.068255082500635,0.34735151907425904,7.811853109559292,5498.455379754858
0.79,395,2.0124122199690935,-0.17878380139619393,-7.830228389563992,4.339109873541794,-0.037267965777320076,0.41489156673213395,3.2201368909054704,-0.3093557334130849,-0.10520944124329418,-1.2952257811611512,2.316776968756267,-0.17055918323588523,-0.9319211292037958,-0.07669490347956298,43.043644149610884,-2.4094915422557714,12.0,-1.0,1.0,0.16666944,1.0,8.67489482620676,2.390070224024725,3.976162159813841,0.10271634576697614,0.2565018186892417,1.0386511112586594,0.0,1.5,0.5975175560061813,0.9940405399534602,0.5135817288348806,0.8550060622974724,2.0124122199690935,0.17878380139619393,7.830228389563992,5507.130274581064
0.792,396,1.9568680966148477,-0.00919796213911845,-7.851836446863179,4.345565259704664,-0.037895848926013914,0.41459028059837993,3.2352889197658907,-0.3184988411796079,-0.19527074029849215,-1.2954373741017116,2.3140940903982363,-0.048478167620584225,-1.7428590599147424,-0.10203831484716375,-79.64889498542243,4.0,-12.0,-1.0,-0.15119138,1.0,-0.809997,7.983129672077388,2.434505522708122,3.9987736050481177,0.10237061685018914,0.26076993999622156,1.041520985748844,0.0,1.5,0.6086263806770305,0.9996934012620294,0.5118530842509457,0.8692331333207386,1.9568680966148477,0.00919796213911845,7.851836446863179,5515.113404253142
0.794,397,1.9017937097917705,0.18177372971216904,-7.876550475892337,4.352034878430361,-0.03852868946132859,0.4142233843225946,3.2329183432632083,-0.3089322104484963,-0.1670776465460665,-1.2959780653507003,2.311071108300465,-0.4023041532246563,-1.2624965081729311,-0.6701248048115644,45.89547721992648,-1.9215068057213829,-12.0,-1.0,1.0,0.2687588,-1.0,8.388200228893663,2.4785650321665837,3.975763502705044,0.10197519238572261,0.26011328610974255,1.0443978604347395,0.0,1.5,0.6196412580416459,0.993940875676261,0.5098759619286131,0.8670442870324753,1.9017937097917705,0.18177372971216904,7.876550475892337,5523.501604482036
0.796,398,1.8624805705796053,0.34229984303613,-7.864691113220207,4.3584810194484165,-0.039097832435049815,0.41394097789050643,3.2125137211389934,-0.2598035428757226,-0.11427862258735003,-1.2963941948206443,2.3091349407493538,-0.018115336190750286,-0.6711608691770118,1.2071433730064882,44.09826088077165,4.0,12.0,-1.0,1.0,1.0,1.0,9.020813066390549,2.5100155435363156,3.954360020928516,0.1021649421884767,0.2542926460456861,1.0472635113994615,0.0,1.5,0.6275038858840789,0.988590005232129,0.5108247109423835,0.8476421534856203,1.8624805705796053,0.34229984303613,7.864691113220207,5532.522417548426
0.798,399,1.8425095592055305,0.45217345837263717,-7.804199872436486,4.364889950177613,-0.03958396494440925,0.413774456693571,3.1962164310498817,-0.22686363617548042,-0.05248576034102953,-1.296317554367929,2.30839812141112,0.09495494768268124,-0.06936636713883937,-0.6305748181742388,41.528816196014304,-4.0,-12.0,-1.0,0.98312485,-1.0,-1.0,9.539327012390164,2.5259923526355754,3.9397102055503153,0.10313280204101623,0.24943879167031632,1.0501115539417998,0.0,1.5,0.6314980881588939,0.9849275513875788,0.5156640102050811,0.8314626389010544,1.8425095592055305,0.45217345837263717,7.804199872436486,5542.061744560817
0.8,400,1.8351988075739734,0.5135014282014685,-7.697362287133462,4.371259493078629,-0.04000088469828632,0.41371776909770225,3.173418231086839,-0.19058907946693135,-0.004110371111163995,-1.2957708520680846,2.30880690854405,0.4452797955626514,0.4759001321591587,-1.2112543280844648,38.66720755347018,-4.0,12.0,-1.0,1.0,-1.0,0.6621745,9.15116925247839,2.5318409539408213,3.931533142906471,0.10484220340586461,0.2423713783435862,1.0529410588978863,0.0,1.5,0.6329602384852053,0.9828832857266178,0.524211017029323,0.8079045944786207,1.8351988075739734,0.5135014282014685,7.697362287133462,5551.212913813295
0.802,401,1.8430795625414915,0.48496047454440966,-7.540753421398095,4.37757853660508,-0.040334400140486254,0.41361478358995385,3.1474185393295917,-0.14459119022230899,-0.09707004368776419,-1.2928595089401245,2.30830705722233,2.4093679741957876,-0.966582595479107,-1.3586331738764557,-180.0,-4.0,12.0,-0.91431963,-0.8259094,-1.0,1.0,8.075681536271613,2.525536349966807,3.935338603394079,0.10734794525763047,0.23396115606107956,1.0557488465933624,0.0,1.5,0.6313840874917017,0.9838346508485197,0.5367397262881524,0.7798705202035986,1.8430795625414915,0.48496047454440966,7.540753421398095,5559.288595349567
0.804,402,1.8619945692588717,0.3882374721949207,-7.34416682816086,4.383867304444249,-0.040606101635140876,0.4134989165919235,3.1423416259675983,-0.12870734921811783,-0.021082238911088763,-1.2883318824541778,2.307072036290047,2.107925601449799,-0.2817581528253007,-13.47492854621089,43.17150153292954,-4.0,-12.0,-1.0,1.0,-1.0,-0.002993756,8.752802948934056,2.5104043445929025,3.9482350037073437,0.11049333074942624,0.23227997889070795,1.0585434834424756,0.0,1.5,0.6276010861482256,0.9870587509268359,0.5524666537471312,0.7742665963023598,1.8619945692588717,0.3882374721949207,7.34416682816086,5568.041398298501
0.806,403,1.8838687148890667,0.2774335298265672,-7.124762507328814,4.390151906895799,-0.04085559122904324,0.4135134272026775,3.142579712572273,-0.12175150416320954,0.030300893689873973,-1.2844239806497224,2.307098423976115,1.8263836259115833,0.28458181366636126,-12.873241979670297,39.99438350611706,-4.0,-12.0,-1.0,1.0,-1.0,0.6001392,8.830277788925768,2.492905028088747,3.963008862689791,0.11400379988273897,0.23235908399268562,1.061334891641084,0.0,1.5,0.6232262570221867,0.9907522156724478,0.5700189994136948,0.7745302799756187,1.8838687148890667,0.2774335298265672,7.124762507328814,5576.871676087427
0.808,404,1.9047393485453972,0.15360796892405482,-6.892212227077277,4.396440021347954,-0.04109823419459856,0.4136060820875304,3.146131043095769,-0.12211568022292885,0.06082284263548384,-1.2810092128553765,2.3081435386325135,1.5825499346656993,0.7510683934666531,-12.247112462870234,37.15740613644516,-4.0,12.0,-1.0,1.0,-1.0,1.0,8.465257103823609,2.476208521163682,3.9795189374767928,0.11772460436676357,0.23353594313895165,1.0641270116413724,0.0,1.5,0.6190521302909205,0.9948797343691982,0.5886230218338179,0.7784531437965055,1.9047393485453972,0.15360796892405482,6.892212227077277,5585.33693319125
0.81,405,1.9209673899610409,0.023004692706292823,-6.655385899063417,4.402738673814979,-0.04134911582838674,0.4137578456376446,3.1538602084759733,-0.1310537656370747,0.09191478550123976,-1.2781594233822702,2.3100905560750844,1.2190997939263002,1.1946000427962251,-11.710897565510038,34.61595030616405,-4.0,12.0,-1.0,0.54095966,-1.0,1.0,8.215678951685954,2.4632260880311674,3.9969327076391608,0.12151382561498535,0.236076750019714,1.0669231294819017,0.0,1.5,0.6158065220077918,0.9992331769097902,0.6075691280749267,0.7869225000657134,1.9209673899610409,0.023004692706292823,6.655385899063417,5593.552612142936
0.812,406,1.9276992262605404,-0.13171481293996862,-6.427605876126625,4.409051867053397,-0.04162304387264439,0.41377971824117943,3.1646921734248776,-0.1395865638431961,-0.07259505695369725,-1.2743054223067498,2.310722620129828,2.4351866882412585,-0.5764112430992232,2.3819591321154974,-180.0,-4.0,12.0,-0.35772026,-1.0,-1.0,1.0,8.335197608798868,2.457840618991568,3.9824380249413376,0.125158305981974,0.2395877642494808,1.0697270656736482,0.0,1.5,0.614460154747892,0.9956095062353344,0.62579152990987,0.7986258808316027,1.9276992262605404,0.13171481293996862,6.427605876126625,5601.8878097517345
0.8140000000000001,407,1.9306714006978447,-0.27702600905707886,-6.191521001752566,4.415422280180279,-0.041891287384707564,0.4134604090822881,3.2079340754249355,-0.12886671599583435,-0.24580261762731295,-1.2691862553144664,2.307769014123666,2.594928875592852,-2.3761163897282804,-17.314839443113158,-180.0,-4.0,10.559365305382926,-1.0,-1.0,-1.0,1.0,6.74096391366311,2.455462879441724,3.9630631987923897,0.12893566397195896,0.2529463639514552,1.0725601988492652,0.0,1.5,0.613865719860431,0.9907657996980974,0.6446783198597947,0.8431545465048508,1.9306714006978447,0.27702600905707886,6.191521001752566,5608.628773665398
0.8160000000000001,408,1.933420067516055,-0.36928180812334505,-5.934550998221256,4.421862200084252,-0.042143988713608915,0.41301359233714247,3.231186368193948,-0.12371345685599885,-0.2018852282143032,-1.2651004254079612,2.303617020507276,1.5223997473335453,-1.7822805293381996,-19.13738377832783,50.32677912390818,-4.0,-12.0,-1.0,1.0,-1.0,-1.0,7.5520027111370265,2.453263945987156,3.950762425583554,0.1330471840284599,0.2596308819152441,1.0754256542949876,0.0,1.5,0.613315986496789,0.9876906063958885,0.6652359201422995,0.8654362730508136,1.933420067516055,0.36928180812334505,5.934550998221256,5616.180776376535
0.8180000000000001,409,1.9341543799929004,-0.4143503013644891,-5.677398531648189,4.428342657382379,-0.0424073916887158,0.41264932626743117,3.2483505576013636,-0.13954890453364982,-0.16339163996728645,-1.2629709679426169,2.300616189438486,0.6320345239340713,-1.2256131436426674,-14.591904118332309,48.187998545235814,4.0,-12.0,-1.0,1.0,1.0,-1.0,8.37289980199917,2.4526764960056795,3.9447532931514013,0.137161623493629,0.2643113041748255,1.0783081708553004,0.0,1.5,0.6131691240014199,0.9861883232878503,0.685808117468145,0.8810376805827518,1.9341543799929004,0.4143503013644891,5.677398531648189,5624.553676178533
0.8200000000000001,410,1.9326195627554918,-0.4205263193807598,-5.425349769313716,4.434853449224312,-0.04268521376541785,0.41235652236620157,3.26027954695766,-0.14528105297418772,-0.12701691313364552,-1.2624782902385279,2.2986861289235065,-0.0543097009122393,-0.6957704314265535,-10.565969494403816,46.00482783051615,-2.290493063076707,-12.0,-1.0,0.008686809,-0.49967548,-1.0,9.091110917626686,2.4539043497956063,3.9439298240825655,0.14119440369098055,0.2674280834949785,1.0812033292580971,0.0,1.5,0.6134760874489016,0.9859824560206414,0.7059720184549028,0.8914269449832616,1.9326195627554918,0.4205263193807598,5.425349769313716,5633.64478709616
0.8220000000000001,411,1.9185972826478728,-0.437394095803891,-5.193221380100396,4.4413672841643566,-0.04300628054247876,0.4121482970135286,3.25363961743013,-0.17579304841690369,-0.08157838531195524,-1.2624962535420485,2.2978737171740904,0.03254915540193189,-0.12103898273076408,-7.232783910990065,43.74162637243148,-4.0,12.0,-1.0,1.0,-1.0,1.0,9.54977890433485,2.465122173881702,3.9416807872261477,0.14490845791839366,0.26570737213223455,1.084098776872565,0.0,1.5,0.6162805434704255,0.9854201968065369,0.7245422895919683,0.8856912404407818,1.9185972826478728,0.437394095803891,5.193221380100396,5643.194566000495
0.8240000000000001,412,1.8941628516902702,-0.679594659468211,-4.994330739598246,4.447652945481772,-0.043340038643208824,0.4116389358507181,3.055875069347045,-0.16171936019061872,-0.3518917044329438,-1.2545968043754891,2.2948847226849516,6.794886975592612,-2.6212317826953813,180.0,-180.0,4.0,12.0,0.9723259,-1.0,1.0,1.0,4.610677505725926,2.4846697186477837,3.9093873787375717,0.14809070816642808,0.20220632087379659,1.0868961043855307,0.0,1.5,0.6211674296619459,0.9773468446843929,0.7404535408321403,0.674021069579322,1.8941628516902702,0.679594659468211,4.994330739598246,5647.805243506221
0.8260000000000001,413,1.8699970126129024,-0.9744275436133599,-4.82277522952483,4.453806381514204,-0.04368088556991986,0.4110255007778431,3.095491176335915,-0.17872727447536174,-0.26338435652830755,-1.243463428747713,2.2904630826877015,4.398094098567322,-1.8113096956539159,-43.055064466122076,54.12921437648657,4.0,-12.0,-1.0,1.0,1.0,-1.0,6.449215265094453,2.504002389909678,3.870076327518219,0.15083559632760274,0.2162700152962155,1.0896357829262122,0.0,1.5,0.6260005974774195,0.9675190818795547,0.7541779816380136,0.7209000509873851,1.8699970126129024,0.9744275436133599,4.82277522952483,5654.2544587713155
0.8280000000000001,414,1.8470952601202941,-1.130947647811838,-4.673688409125499,4.4600264978764885,-0.04405261621997885,0.4105782737876095,3.122538309747879,-0.19291223565314525,-0.18554964551613035,-1.2367788250465177,2.2875946554362643,2.339877954830543,-1.0683757043398896,-33.297775206550824,50.96393194072925,4.0,-12.0,-1.0,1.0,1.0,-1.0,8.019103762113744,2.522323791903765,3.849206980291755,0.15322098545399201,0.22561450650493978,1.0924031585700278,0.0,1.5,0.6305809479759412,0.9623017450729388,0.76610492726996,0.7520483550164659,1.8470952601202941,1.130947647811838,4.673688409125499,5662.273562533429
0.8300000000000001,415,1.8251291695272664,-1.1661437696308068,-4.546646472648627,4.466289274559259,-0.04445214931192304,0.4102760399347356,3.138650703866634,-0.20640117258484988,-0.11858724862012451,-1.2338812402387223,2.286141690703988,0.6144300811178511,-0.3970414168742099,-24.34361522810599,47.82294743444663,4.0,-12.0,-1.0,1.0,1.0,-1.0,9.186767635092444,2.539896664378187,3.844514164049226,0.15525365643762198,0.23105039502831742,1.0951878071360008,0.0,1.5,0.6349741660945467,0.9611285410123065,0.7762682821881098,0.7701679834277247,1.8251291695272664,1.1661437696308068,4.546646472648627,5671.460330168521
0.8320000000000001,416,1.8043182545648837,-1.1360340453777218,-4.442299333711825,4.472599011263502,-0.04487735177042794,0.4100971438372224,3.170272319725836,-0.21877623849571565,-0.06164809388904137,-1.2334362997753796,2.2859651083952817,-0.13967031914381145,0.21111527524448237,-16.29589282110166,44.756868943573465,4.0,12.0,-1.0,1.0,1.0,1.0,9.494211677662058,2.556545396348093,3.848528793949637,0.15692321066061082,0.24137259775853898,1.097991883346812,0.0,1.5,0.6391363490870232,0.9621321984874093,0.7846160533030541,0.8045753258617966,1.8043182545648837,1.1360340453777218,4.442299333711825,5680.954541846183
0.834,417,1.7881246340074042,-1.0902092708886517,-4.343919970775696,4.478972961380589,-0.04530226239726081,0.41003190806766715,3.2037071544078066,-0.20589640743947585,-0.0023523530032673948,-1.2343743745510354,2.2869722782612776,-0.8062760590297898,0.7953452675009349,-12.61437891246186,41.75140194472124,-4.0,12.0,-1.0,1.0,-1.0,0.75324184,8.819368518311236,2.5695002927940767,3.854638763881513,0.15849728046758887,0.2516913597445644,1.1008232366442483,0.0,1.5,0.6423750731985192,0.9636596909703783,0.7924864023379443,0.838971199148548,1.7881246340074042,1.0902092708886517,4.343919970775696,5689.773910364494
0.836,418,1.7763970851202673,-1.031344808691735,-4.251501449365908,4.485406148703568,-0.04572635879459854,0.41007828496020277,3.2292492615227766,-0.2181975388350736,0.048651684019439305,-1.2365437231088472,2.289096246210776,-1.3543649905696076,1.3236030450462462,-9.093735257900818,38.628818010239854,4.0,12.0,-1.0,0.9590549,1.0,1.0,8.211166520024095,2.5788823319037864,3.862487358841102,0.15997597681014547,0.25908871963169317,1.1036796778831763,0.0,1.5,0.6447205829759466,0.9656218397102755,0.7998798840507273,0.8636290654389772,1.7763970851202673,1.031344808691735,4.251501449365908,5697.985076884518
0.838,419,1.7648064354923603,-0.9216467629412929,-4.181741924185346,4.491865182400267,-0.0461694965030769,0.41003808991140983,3.23294425793485,-0.22528830458292076,-0.08532321488075417,-1.2392413460692826,2.2899974370095695,-1.3372987869637314,-0.4105314606710684,12.479889223360175,-180.0,4.0,-12.0,-0.0800332,-1.0,1.0,0.44961244,9.314896554132034,2.5881548516061117,3.877113764941161,0.16109212921303448,0.26012048718318775,1.1065484708667221,0.0,1.5,0.6470387129015279,0.9692784412352903,0.8054606460651723,0.867068290610626,1.7648064354923603,0.9216467629412929,4.181741924185346,5707.29997343865
0.84,420,1.751419375276351,-0.7741732478852461,-4.138337661599355,4.498349846131411,-0.04664002526744482,0.40992379210722485,3.2494039783086137,-0.24778700268968865,-0.026064665559156503,-1.2422309924036397,2.289766887017868,-1.586407028909378,0.18955930751820227,-5.465227314581654,44.053169901441436,4.0,12.0,-1.0,1.0,1.0,1.0,9.137730775722972,2.5988644997789194,3.896776900281967,0.16178659741441034,0.2645911336142987,1.1094293567083633,0.0,1.5,0.6497161249447299,0.9741942250704918,0.8089329870720516,0.8819704453809958,1.751419375276351,0.7741732478852461,4.138337661599355,5716.437704214373
0.842,421,1.7328331555129357,-0.6438364388558112,-4.1313985138661495,4.504816451742368,-0.04715741074099508,0.4099747010511122,3.2167230386206014,-0.2693505617374036,0.07593669320642059,-1.245640293652192,2.29091390983693,-1.8102129848711384,0.9483126737338474,-3.621756837981991,41.09882605883547,4.0,-12.0,-1.0,1.0,1.0,-1.0,8.45261593293628,2.6137334755896515,3.914155141485892,0.16189762377814162,0.25551747457872237,1.1123002429616808,0.0,1.5,0.6534333688974129,0.978538785371473,0.809488118890708,0.8517249152624079,1.7328331555129357,0.6438364388558112,4.1313985138661495,5724.8903201473095
0.844,422,1.705959805898666,-0.527544780225127,-4.159493313935811,4.51120712416317,-0.047719640137839754,0.41020999479888476,3.173899811713696,-0.2918824836481014,0.1584072256119382,-1.2492663043805192,2.2934528598909822,-1.817907246224106,1.582089152277471,7.584126248788209,37.07565466394476,-4.0,-12.0,-0.52975,1.0,-1.0,-1.0,7.947565365486436,2.6352321552810674,3.929660695969983,0.16144810697702705,0.24252379009626915,1.1151351995391359,0.0,1.5,0.6588080388202668,0.9824151739924958,0.8072405348851351,0.8084126336542306,1.705959805898666,0.527544780225127,4.159493313935811,5732.837885512796
0.846,423,1.6717911113943935,-0.43389001002710437,-4.22031436022407,4.517560704399463,-0.04832264496119792,0.4105757672810301,3.175875601644455,-0.31025738019503835,0.20215114877521095,-1.25288400628223,2.2971044271184424,-1.7592919751419875,2.0481901166686978,-1.057193356032485,33.39898226041623,4.0,12.0,-1.0,0.73243815,1.0,1.0,7.5790128768902,2.6625671108844853,3.9421479986630525,0.16047497023641488,0.24314773545434906,1.1179520698222314,0.0,1.5,0.6656417777211213,0.9855369996657631,0.8023748511820744,0.8104924515144969,1.6717911113943935,0.43389001002710437,4.22031436022407,5740.416898389686
0.848,424,1.6269657465919416,-0.4083975518208149,-4.312200679921354,4.523888834994082,-0.048967710847105446,0.41085828327217655,3.154580455195771,-0.3342107044412493,0.08164204495374448,-1.2545194486629685,2.2996245903078067,0.07175799911147385,0.47942143742704446,-0.6267293311008757,-180.0,-4.0,12.0,-1.0,-1.0,-1.0,1.0,9.505461487245077,2.6984274027264465,3.945546993090558,0.15900478912125837,0.23631204371397518,1.120758363031547,0.0,1.5,0.6746068506816116,0.9863867482726395,0.7950239456062917,0.7877068123799174,1.6269657465919416,0.4083975518208149,4.312200679921354,5749.922359876931
0.85,425,1.5739506090363038,-0.4387955025967893,-4.426970929473746,4.530195986406433,-0.049644243498896665,0.4110598958219648,3.1534858306682048,-0.3414193949397093,0.12181671160422755,-1.2545595872243158,2.301084373197996,-0.14991008755980503,0.9825394294922397,-9.454890726220498,37.677974751303395,4.0,12.0,-1.0,1.0,1.0,0.91106015,9.067337876218158,2.740839512770957,3.9414939329870946,0.1571684651284201,0.2359543456228095,1.1235560769377555,0.0,1.5,0.6852098781927393,0.9853734832467737,0.7858423256421003,0.7865144854093651,1.5739506090363038,0.4387955025967893,4.426970929473746,5758.98969775315
0.852,426,1.5222433360965741,-0.4836762593124569,-4.554012097280593,4.5364926118611315,-0.05033189145482003,0.4113177051934082,3.1451254853817145,-0.34463067672887865,0.1371276567193409,-1.254784209854553,2.3034163425645136,-0.1345429205865068,1.3489472383632881,1.7076972451499728,34.8704282129396,3.888850776212016,12.0,-0.49768794,1.0,0.27410558,1.0,8.880725166360689,2.7822053311227406,3.9355098320916726,0.15513580644351055,0.2332033063164196,1.126348407835076,0.0,1.5,0.6955513327806851,0.9838774580229181,0.7756790322175526,0.7773443543880654,1.5222433360965741,0.4836762593124569,4.554012097280593,5767.870422919511
0.854,427,1.4741792963463796,-0.5361434433180218,-4.686788535626444,4.542786531243989,-0.051020713115929706,0.4116149303603145,3.1504405175627284,-0.34256977029941493,0.1610389226198915,-1.2552946565019503,2.306511485564509,-0.4263834884174632,1.7442743140257309,-8.370433889413704,32.57199529528083,4.0,12.0,-1.0,1.0,1.0,1.0,8.427527746158114,2.8206565629228963,3.928514207557597,0.15301138342997692,0.2349561288878395,1.1291390449547696,0.0,1.5,0.7051641407307241,0.9821285518893993,0.7650569171498846,0.7831870962927984,1.4741792963463796,0.5361434433180218,4.686788535626444,5776.297950665669
0.856,428,1.4292906577392015,-0.5793862941888064,-4.8264271022911736,4.549097487687046,-0.05171521586215036,0.41196546158827396,3.1601842959888815,-0.3533507566565586,0.1880192791235008,-1.2565852690937398,2.310386367324558,-0.8620826395157675,2.1206648053414696,-6.809141720779479,29.97633131696955,4.0,12.0,-1.0,1.0,1.0,1.0,8.007535102631966,2.8565674738086386,3.922748494108159,0.15077716636334124,0.23813388303544816,1.131936584971466,0.0,1.5,0.7141418684521597,0.9806871235270398,0.7538858318167061,0.7937796101181606,1.4292906577392015,0.5793862941888064,4.8264271022911736,5784.305485768301
0.858,429,1.3852925549621156,-0.8179350765272778,-4.968662239921903,4.555178461054775,-0.05238506419844613,0.4121937887940187,2.934385602287659,-0.318498550486999,0.08812537893432748,-1.2515233723779338,2.314057473471478,5.159379830833799,1.7075706641868544,180.0,27.319402508381017,-4.0,12.0,1.0,1.0,-1.0,1.0,6.287839439808912,2.8917659560303077,3.890941989796363,0.14850140416124955,0.15821315100442737,1.1346333459729419,0.0,1.5,0.7229414890075769,0.9727354974490907,0.7425070208062478,0.5273771700147579,1.3852925549621156,0.8179350765272778,4.968662239921903,5790.5933252081095
0.86,430,1.3434766133524032,-1.1619029156171208,-5.092544453733084,4.561093406452199,-0.053015612006387255,0.41240645544001125,2.982160093398982,-0.3118489348273161,0.1275999194851153,-1.2426617433773566,2.3179090604092605,3.7764976982442158,2.1512480426144274,-35.49221514183907,28.650651984770093,-4.0,-12.0,-1.0,1.0,-1.0,1.0,6.579596657963926,2.9252187093180773,3.8450796112510504,0.14651928874027065,0.17546965762257768,1.1372566163803737,0.0,1.5,0.7313046773295193,0.9612699028127626,0.7325964437013532,0.5848988587419256,1.3434766133524032,1.1619029156171208,5.092544453733084,5797.172921866073
0.862,431,1.3021267593038748,-1.4184337886329863,-5.214251591720262,4.567090563048155,-0.05365372056764318,0.412705827456876,3.01336425150918,-0.3259466972189307,0.17071864608750867,-1.2368318741520987,2.322647275217368,2.0932474016201272,2.5782248347789922,-30.350130279006578,25.66194770507576,4.0,-12.0,-1.0,1.0,1.0,-1.0,6.938950727070971,2.9582985925569,3.810875494848935,0.1445719745324758,0.18682152908929653,1.1399153692209687,0.0,1.5,0.739574648139225,0.9527188737122337,0.722859872662379,0.6227384302976551,1.3021267593038748,1.4184337886329863,5.214251591720262,5804.111872593144
0.864,432,1.2583700629442283,-1.6032664923953497,-5.3522046800264285,4.573167602070252,-0.05432376604185217,0.4130960950479502,3.062782844445893,-0.3440226533553785,0.21819063963831442,-1.2336003169872325,2.328227306325194,1.1711393400763703,2.9922621843036756,-23.09985264093774,22.579420782631416,4.0,12.0,-1.0,1.0,1.0,1.0,6.9581212404377535,2.993303949644617,3.7862311343472865,0.14236472511957715,0.20468348132890743,1.1426084215038879,0.0,1.5,0.7483259874111543,0.9465577835868216,0.7118236255978857,0.6822782710963581,1.2583700629442283,1.6032664923953497,5.3522046800264285,5811.069993833581
0.866,433,1.2139413107770896,-1.7341226870197932,-5.486718643788353,4.5793176557407165,-0.05500279672643044,0.4135587142310499,3.0860147498264183,-0.3349921567834926,0.24418427267716356,-1.2324401310358775,2.3345229006652635,0.0010250965044467097,3.298272747728375,-19.135623766192197,19.39322781344282,-4.0,-12.0,-1.0,1.0,-1.0,-0.96744937,7.131465822482238,3.0288469513783283,3.7687836417306944,0.14021250169938634,0.21294095057632714,1.1453330037354998,0.0,1.5,0.7572117378445821,0.9421959104326736,0.7010625084969317,0.7098031685877572,1.2139413107770896,1.7341226870197932,5.486718643788353,5818.201459656063
0.868,434,1.1693099088091325,-1.785343697353851,-5.6183006330179746,4.585500514403989,-0.05568570355339837,0.4140738531783356,3.095263585561462,-0.34777373947618984,0.2702258514802966,-1.2335884802263977,2.3414056115046025,-1.1207005988345655,3.5768186055919315,-13.517089738603573,16.604056128305388,4.0,-12.0,-1.0,1.0,1.0,-1.0,6.651743474349583,3.064552072952694,3.7619541736861533,0.13810718987171242,0.2161903661493578,1.148071485404453,0.0,1.5,0.7661380182381735,0.9404885434215383,0.690535949358562,0.7206345538311927,1.1693099088091325,1.785343697353851,5.6183006330179746,5824.853203130412
0.87,435,1.1244896870138643,-1.8389204154269074,-5.748899385485477,4.591516665198079,-0.05635316283640207,0.41467599386083437,2.9181055139162977,-0.3187699399502209,0.2980764657537279,-1.2331456963882328,2.3486185760009453,2.029624006114675,3.5204289181117208,161.14248381041793,13.834784671119849,-4.0,-12.0,0.4377097,0.48046866,-1.0,0.25827932,6.365226394330009,3.1004082503889085,3.7548106112764126,0.13601760983223238,0.1524108886884155,1.1507349004045313,0.0,1.5,0.7751020625972271,0.9387026528191031,0.6800880491611618,0.5080362956280517,1.1244896870138643,1.8389204154269074,5.748899385485477,5831.2184295247425
0.872,436,1.0791731230439092,-1.9554813196344474,-5.879527951485029,4.597393111612626,-0.057005792111682996,0.41529806124473095,2.961367228579097,-0.3341989662021617,0.3270209563475742,-1.2298860666132267,2.3559311218529104,1.2227151807701246,3.797504639030234,-23.518971216183644,12.6741402092523,4.0,12.0,-1.0,1.0,1.0,1.0,6.359986940357764,3.1366615015648724,3.7392691573820738,0.13392755277623955,0.16792743469608712,1.1533360022005401,0.0,1.5,0.7841653753912181,0.9348172893455184,0.6696377638811977,0.5597581156536238,1.0791731230439092,1.9554813196344474,5.879527951485029,5837.5784164651
0.874,437,1.0306437485168434,-2.043062237880945,-6.026134782391309,4.603360536039964,-0.05769057661315445,0.4159820389932281,3.0016355629187292,-0.34994353988051446,0.3520519152757606,-1.2281743467813995,2.3637849672800724,0.5452375785810109,4.036147068104876,-20.136353044462112,9.826252434266735,4.0,12.0,-1.0,1.0,1.0,1.0,6.45924907564574,3.175485001186525,3.727591701615874,0.13158184348173907,0.18255440722274313,1.1559766050591787,0.0,1.5,0.7938712502966313,0.9318979254039685,0.6579092174086953,0.6085146907424771,1.0306437485168434,2.043062237880945,6.026134782391309,5844.037665540746
0.876,438,0.9814151742721782,-2.110563248312897,-6.169415524992925,4.609395812720321,-0.0583787363360428,0.41651207901643655,3.033976203713458,-0.33836952719278435,0.1783258500578827,-1.2266372619193484,2.3700967044516927,0.9718220047392943,2.2790870305738173,-17.09130899988199,-180.0,-4.0,12.0,-1.0,-1.0,-1.0,1.0,7.882379819714288,3.2148678605822574,3.7185915668916136,0.1292893516001132,0.19430442248584848,1.1586490353609893,0.0,1.5,0.8037169651455643,0.9296478917229034,0.6464467580005661,0.6476814082861616,0.9814151742721782,2.110563248312897,6.169415524992925,5851.920045360461
0.878,439,0.9341822939977745,-2.1379203392722497,-6.290314291790768,4.6154938089429125,-0.05904748642389499,0.4168795893392188,3.0629113041121525,-0.3303168078874596,0.18811924617859208,-1.2257003711485006,2.374881458201289,-0.0036861867214786903,2.498289740319431,-19.531648103083626,14.58522395679239,-4.0,-12.0,-1.0,1.0,-1.0,-1.0,8.041022058979019,3.2526541648017804,3.7149439547637,0.12735497133134774,0.2047294637403242,1.161351227144849,0.0,1.5,0.8131635412004451,0.928735988690925,0.6367748566567386,0.6824315458010807,0.9341822939977745,2.1379203392722497,6.290314291790768,5859.96106741944
0.88,440,0.88877826627023,-2.1120560135325563,-6.389192446188016,4.621642202977972,-0.05969963118040818,0.4172598350844414,3.0845325172548472,-0.3217718025298414,0.19119487421424436,-1.226502054878487,2.380057584360459,-0.7708008786276572,2.67116975046597,-14.009928979758882,12.532259658144994,-4.0,-12.0,-0.9584216,1.0,-1.0,-1.0,7.7712670279577445,3.2889773869838157,3.7183925315289925,0.12577292086099176,0.2124179967455942,1.1640756740936982,0.0,1.5,0.8222443467459539,0.9295981328822481,0.6288646043049588,0.7080599891519807,0.88877826627023,2.1120560135325563,6.389192446188016,5867.732334447398
0.882,441,0.8449658573813895,-2.2210005862768853,-6.470156464200539,4.627624164288379,-0.060310627344825264,0.4175144957600683,2.903620617905403,-0.2899610483667189,0.06765055635896325,-1.222522823171,2.3848392031457775,4.572147937189655,2.1327462300411657,142.17754864672878,10.632634375578334,-4.0,12.0,0.39124453,1.0,-1.0,1.0,6.768508133827727,3.3240273140948884,3.7038665884964153,0.12447749657279138,0.14729623158577357,1.166727764680655,0.0,1.5,0.8310068285237221,0.9259666471241038,0.6223874828639568,0.4909874386192452,0.8449658573813895,2.2210005862768853,6.470156464200539,5874.500842581226
0.884,442,0.8008340168684357,-2.4275977289615978,-6.552260909335741,4.633485806412074,-0.06090648218605503,0.41767437163388976,2.9565766089804653,-0.30565108960022697,0.09094819340797716,-1.2150847851197522,2.389389060712113,2.911236703833391,2.4092206740971225,-38.3561655150051,12.368428220638691,4.0,-12.0,-1.0,1.0,1.0,0.10029472,7.227354651098282,3.3593327865052514,3.67632030280512,0.12316382545062815,0.16619545090574747,1.169327531918102,0.0,1.5,0.8398331966263128,0.91908007570128,0.6158191272531407,0.5539848363524916,0.8008340168684357,2.4275977289615978,6.552260909335741,5881.728197232324
0.886,443,0.7566677003469863,-2.5425976042298033,-6.631820179730539,4.639445157369551,-0.061512349269833774,0.41787205588114873,3.0013375626736343,-0.3001228001657307,0.10547800454548173,-1.2107230672854514,2.3944391476213864,1.4922275201284687,2.6328207311122642,-31.53921695847336,10.076084487091748,-4.0,-12.0,-1.0,1.0,-1.0,-0.5181729,7.590599080930739,3.394665839722411,3.660986986102693,0.12189087712431138,0.18244596041438102,1.1719701853469546,0.0,1.5,0.8486664599306027,0.9152467465256733,0.6094543856215568,0.60815320138127,0.7566677003469863,2.5425976042298033,6.631820179730539,5889.318796313255
0.888,444,0.7140906558549999,-2.578460191323643,-6.6898339848074615,4.64548569542338,-0.06210659189310004,0.4180915040173645,3.037907012547567,-0.2940232843820516,0.11283793776534394,-1.2089564819535916,2.3998888962528615,0.3123421613178585,2.809300689813229,-25.31651460680888,7.948066820161387,-4.0,-12.0,-1.0,1.0,-1.0,-1.0,7.8670499885641,3.428727475316,3.656205307823514,0.12096265624308063,0.19572734944939968,1.1746486627896697,0.0,1.5,0.857181868829,0.9140513269558785,0.6048132812154031,0.6524244981646656,0.7140906558549999,2.578460191323643,6.6898339848074615,5897.185846301819
0.89,445,0.6729405278353633,-2.54752804176449,-6.726985467570637,4.651591914617778,-0.06268805652122034,0.4183191377962824,3.0671685640022073,-0.2873457683325869,0.11379120685135236,-1.2093295250128808,2.4056469698074268,-0.6512056704238777,2.9417353415539726,-19.770404879127824,5.975717300361509,-4.0,-12.0,-1.0,1.0,-1.0,-1.0,7.686207444990739,3.4616475777317093,3.6603295944314014,0.12036823251886981,0.20625151500784175,1.1773562399458037,0.0,1.5,0.8654118944329273,0.9150823986078503,0.601841162594349,0.6875050500261392,0.6729405278353633,2.54752804176449,6.726985467570637,5904.87205374681
0.892,446,0.6330687032213498,-2.460933485740099,-6.743868108947713,4.6577501041909795,-0.06325560137620147,0.41854290736160943,3.0900286423949126,-0.28010857009347967,0.10909928449072435,-1.2114323060167702,2.411629050628506,-1.4211473304533135,3.0339955227313258,-14.87805710856128,4.161929330744783,-4.0,-12.0,-1.0,1.0,-1.0,-1.0,7.391973507613702,3.49354503742292,3.6718755352346535,0.12009811025683659,0.2143541270272614,1.18008697363376,0.0,1.5,0.87338625935573,0.9179688838086634,0.6004905512841829,0.714513756757538,0.6330687032213498,2.460933485740099,6.743868108947713,5912.264027254423
0.894,447,0.5924735363530895,-2.329821714598056,-6.760406340621116,4.663948026016433,-0.0638279600244782,0.41875358270787516,3.1054860602220073,-0.2919639004656457,0.10026821692201089,-1.2148822056137285,2.417764209515083,-1.9248972141378426,3.094683374245218,-10.607792607636242,2.5042122606421913,4.0,-12.0,-1.0,1.0,1.0,-1.0,7.175376365813866,3.526021170917528,3.6893571047202594,0.11983349855006216,0.21975207461078342,1.182835454139207,0.0,1.5,0.881505292729382,0.9223392761800648,0.5991674927503108,0.732506915369278,0.5924735363530895,2.329821714598056,6.760406340621116,5919.439403620237
0.896,448,0.5512371083376838,-2.1885679204703985,-6.777028253955101,4.670166830396321,-0.06440218881703921,0.41887765050140185,3.113428537910813,-0.282327077867257,0.02421513318628213,-1.2184758771406365,2.423326409402862,-1.6746638261224198,2.4718061992795137,-7.399063269821909,-66.03403884931595,-4.0,12.0,-1.0,-0.083759725,-0.8720705,1.0,7.861099390580746,3.559010313329853,3.7081909439372804,0.11956754793671838,0.22249563513712983,1.1855941922105186,0.0,1.5,0.8897525783324632,0.9270477359843201,0.5978377396835919,0.7416521171237661,0.5512371083376838,2.1885679204703985,6.777028253955101,5927.300503010817
0.898,449,0.5112545204048,-2.0501828895643333,-6.774668456364719,4.676400104365029,-0.06495799764415781,0.4189131121276825,3.1196221505966295,-0.27347532526904195,0.010916072690037734,-1.221913910533387,2.42832538594123,-1.7544343549785388,2.524235166368436,-7.931495904517448,2.9756871230300135,-4.0,12.0,-1.0,1.0,-1.0,1.0,7.873821064335397,3.59099638367616,3.726642281391422,0.11960530469816451,0.2246194996567769,1.1883604599967175,0.0,1.5,0.89774909591904,0.9316605703478555,0.5980265234908225,0.7487316655225897,0.5112545204048,2.0501828895643333,6.774668456364719,5935.174324075152
0.9,450,0.47033968522210096,-1.8975211051478433,-6.772844856569237,4.68265200991578,-0.06551672874745516,0.41892362524858484,3.131543514210918,-0.2851410593659644,-0.001059628103831041,-1.2258866067563705,2.4334168668724385,-2.197133720455887,2.5625265000659057,-6.84503658168677,1.7137469799117753,4.0,-12.0,-1.0,1.0,1.0,-1.0,7.669299401103412,3.6237282518223193,3.7469971859802875,0.11963448229489222,0.2286659284765999,1.191135258165184,0.0,1.5,0.9059320629555798,0.9367492964950719,0.5981724114744611,0.7622197615886663,0.47033968522210096,1.8975211051478433,6.772844856569237,5942.843623476256
0.902,451,0.42783148240487573,-1.7163886319701849,-6.778341366687564,4.688924045588165,-0.06608546384575995,0.4189057765385153,3.139872903672899,-0.2836063867587225,-0.017337049855787927,-1.2306326438335686,2.438555285013288,-2.529669810869744,2.5718618350944267,-3.83700050970333,0.5039941251827713,-1.1523728903775101,-12.0,-1.0,1.0,-0.011434755,-1.0,8.23527906176075,3.6577348140760995,3.771148182403975,0.11954653813299898,0.23145822961975637,1.1939192605181734,0.0,1.5,0.9144337035190249,0.9427870456009938,0.5977326906649949,0.7715274320658546,0.42783148240487573,1.7163886319701849,6.778341366687564,5951.078902538016
0.904,452,0.38367543386158515,-1.518960324159186,-6.791492950805772,4.6952062040579055,-0.06666319631913051,0.41885218048687817,3.1401997393427092,-0.29387341141755635,-0.03727726700418307,-1.2357859325191627,2.4436925401284384,-2.5284839388078137,2.5610721838320867,-1.2251126421944036,-0.5703661781298024,4.0,-12.0,-1.0,1.0,0.63918775,-1.0,7.732931399711086,3.693059652910732,3.797471956778775,0.11933611278710765,0.23156717854242362,1.1967081132249215,0.0,1.5,0.923264913227683,0.9493679891946938,0.5966805639355383,0.7718905951414121,0.38367543386158515,1.518960324159186,6.791492950805772,5958.811833937727
0.906,453,0.33875193904776735,-1.3217371894048988,-6.805117306017059,4.701488556439667,-0.06724115318763338,0.41875598994219804,3.140139382478205,-0.2838944630763855,-0.059862875754606276,-1.240906994332452,2.4487901183011216,-2.497737296240449,2.532663273238635,-0.20038426538519616,-1.5438689448481,-4.0,-12.0,-1.0,1.0,-0.73526424,-1.0,7.815919346996282,3.728998448761786,3.8237683747460136,0.11911812310372705,0.23154706249269413,1.199497527925467,0.0,1.5,0.9322496121904466,0.9559420936865034,0.5955906155186352,0.7718235416423138,0.33875193904776735,1.3217371894048988,6.805117306017059,5966.627753284723
0.908,454,0.2929635488262208,-1.126658868025722,-6.8193462836641565,4.707768704917608,-0.06781920460837458,0.4186140808081736,3.138035238643465,-0.29391907833993586,-0.082964302470446,-1.245914809389147,2.4538222126381783,-2.417944844581954,2.4958704271981005,0.6700948844357981,-2.421340026417454,4.0,-12.0,-1.0,1.0,1.0,-1.0,7.9205223525464135,3.7656291609390236,3.8497788175965706,0.1188904594613735,0.23084477102402642,1.2022864777098983,0.0,1.5,0.9414072902347559,0.9624447043991426,0.5944522973068674,0.7694825700800881,0.2929635488262208,1.126658868025722,6.8193462836641565,5974.548275637269
0.91,455,0.2463835359277171,-0.935102537327146,-6.834096151563932,4.7140449428335245,-0.06839700530271037,0.418423857813477,3.1362905174240105,-0.28370378660522105,-0.10811832415881542,-1.250748806094993,2.4587667589198974,-2.3239486466819925,2.4455205608649977,1.272695637482343,-3.243794663626147,-4.0,-12.0,-1.0,1.0,-0.83900756,-1.0,8.069026351465734,3.802893171257826,3.875319661689714,0.11865446157497711,0.23026096570769744,1.2050742370977532,0.0,1.5,0.9507232928144566,0.9688299154224285,0.5932723078748855,0.7675365523589915,0.2463835359277171,0.935102537327146,6.834096151563932,5982.617301988736
0.912,456,0.19891669265957163,-0.748155257218377,-6.8494740461932695,4.720315928895867,-0.06897455329580672,0.41818312133607866,3.1328074557765597,-0.29361218354194674,-0.1334555591195596,-1.2553601353491308,2.4636047633481257,-2.197518415055123,2.389538206198701,1.7695139891517329,-3.980954588304485,4.0,-12.0,-1.0,1.0,1.0,-1.0,8.220521010970455,3.840866645872343,3.9002459657042166,0.11840841526090769,0.22909155922492172,1.207860236114009,0.0,1.5,0.9602166614680857,0.9750614914260541,0.5920420763045384,0.7636385307497391,0.19891669265957163,0.748155257218377,6.8494740461932695,5990.837822999706
0.914,457,0.14820951653301273,-0.5672016909898463,-6.8848648574943025,4.726579545954109,-0.06957169770432996,0.4178908394121195,3.128970166290094,-0.30330007676087234,-0.159617427129708,-1.2597061233877822,2.468322959683527,-2.0592412221250593,2.3260113515968426,2.05962868184497,-4.668643700618645,4.0,-12.0,-1.0,1.0,1.0,-1.0,8.417328823772976,3.88143238677359,3.9243731078680204,0.11784216228009117,0.22779730027562436,1.2106434478580814,0.0,1.5,0.9703580966933975,0.9810932769670051,0.5892108114004558,0.7593243342520812,0.14820951653301273,0.5672016909898463,6.8848648574943025,5999.255151823479
0.916,458,0.09513755330425477,-0.392355774938179,-6.934406627460562,4.732835688116357,-0.07018226744455729,0.41754535929942793,3.1253670985513216,-0.30698012912721456,-0.1866262708182697,-1.2637697161171733,2.4729068304966115,-1.9156556655854646,2.2554397533008377,2.2374403249249326,-5.294648694689613,1.7801708925460298,-12.0,-1.0,1.0,0.36815336,-1.0,8.956873579697163,3.923889957356596,3.9476858966749093,0.11704949396063102,0.22657654910302175,1.2134238713898142,0.0,1.5,0.980972489339149,0.9869214741687273,0.5852474698031551,0.7552551636767392,0.09513755330425477,0.392355774938179,6.934406627460562,6008.212025403176
0.918,459,0.04045755066762192,-0.2236446409083382,-6.99292358449733,4.739084537906673,-0.07080085710881032,0.41714537928780415,3.1217097511584226,-0.3112962546161962,-0.21408740325042053,-1.2675399659642967,2.4773442971854736,-1.76654297472065,2.17982080611943,2.332231088105118,-5.858564865826452,2.102244994150322,-12.0,-1.0,1.0,0.43191522,-1.0,9.082420525566397,3.9676339594659025,3.9701807145455548,0.11611322264804272,0.22533213062981394,1.2162016263354203,0.0,1.5,0.9919084898664756,0.9925451786363887,0.5805661132402136,0.7511071020993798,0.04045755066762192,0.2236446409083382,6.99292358449733,6017.294445928743
0.92,460,-0.015433775921922393,-0.06103665211405862,-7.058050617984363,4.745326338327051,-0.07142499409072035,0.41668995970654177,3.118329388444633,-0.3125723524701917,-0.24204646441684335,-1.2710115967135462,2.4816256347451016,-1.6174988750920436,2.099480383332505,2.3407176032057464,-6.367963467691823,0.8928250939053728,-12.0,-1.0,1.0,0.3113313,-0.978539,9.363426242965819,3.987652979262462,3.9918617797181257,0.1150711901122502,0.2241773687280595,1.2189768403316066,0.0,1.5,0.9969132448156155,0.9979654449295314,0.575355950561251,0.7472578957601983,0.015433775921922393,0.06103665211405862,7.058050617984363,6026.657872171709
0.922,461,-0.07221120097807568,0.0956322470054128,-7.127821613094817,4.7515614707557345,-0.07205265418893839,0.4161783731752162,3.1150649601039917,-0.3147971408826378,-0.2702308469976058,-1.2741850932576146,2.485742808915064,-1.4688645913156266,2.0158242363144967,2.289823254912619,-6.822528865682841,1.312684556074018,-12.0,-1.0,1.0,0.38502368,-1.0,9.360086212694618,3.9422310392175395,3.9872490337326116,0.11395485419048296,0.2230581511102381,1.2217496974194613,0.0,1.5,0.9855577598043849,0.9968122584331529,0.5697742709524147,0.7435271703674604,0.07221120097807568,0.0956322470054128,7.127821613094817,6036.017958384404
0.924,462,-0.13052328184060552,0.2394252977301477,-7.20735633478544,4.7577871565356284,-0.07268882493878819,0.415609565301804,3.112463040015488,-0.3213610017644884,-0.2979574912720334,-1.2769033884436716,2.4896900907711617,-1.337533850460754,1.9323075795446258,2.1813511448442,-7.227682964585256,3.1410505478117683,12.0,-1.0,1.0,0.6411591,-0.8842778,9.217846931595139,3.8955813745275156,3.9680766269693137,0.11268229864343296,0.22216329708982507,1.2245189449905372,0.0,1.5,0.9738953436318789,0.9920191567423284,0.5634114932171648,0.7405443236327502,0.13052328184060552,0.2394252977301477,7.20735633478544,6045.235805315999
0.926,463,-0.18669867786529767,0.3681646163020037,-7.2801880883665735,4.764006674468645,-0.07331494935894622,0.4150060753444557,3.1041281151709317,-0.3028411028165942,-0.30035253826219355,-1.2791948451920767,2.493548871165054,-0.8021308951186095,1.9481405866564794,2.068356477781265,-7.59955605195546,-4.0,-12.0,-1.0,1.0,-0.4790127,-1.0,9.227452964348029,3.8506410577077617,3.9509113844930663,0.11151699058613483,0.21928086051461246,1.2272858653214427,0.0,1.5,0.9626602644269404,0.9877278461232666,0.5575849529306741,0.7309362017153749,0.18669867786529767,0.3681646163020037,7.2801880883665735,6054.463258280347
0.928,464,-0.23322903501667414,0.43093394736144064,-7.320813952998298,4.770199084873069,-0.07389699170159351,0.4144304773465319,3.0873859908905636,-0.27894720195314504,-0.2767612382975404,-1.2800801507657198,2.497567853452903,-0.05297351747021217,2.0654658451186148,-0.1503669492484505,-8.45047716629324,-3.7243941894357784,-12.0,-1.0,1.0,-0.19395657,-1.0,9.365176273681364,3.8134167719866605,3.942542140351808,0.11086697675202724,0.21342422115663442,1.2300405996867818,0.0,1.5,0.9533541929966651,0.985635535087952,0.5543348837601362,0.7114140705221148,0.23322903501667414,0.43093394736144064,7.320813952998298,6063.828434554029
0.93,465,-0.26926152631161687,0.4226530234122982,-7.328472034383634,4.776357971595404,-0.07443291150829114,0.4139110462062007,3.0710715272175317,-0.2571524491462634,-0.24934632485776473,-1.2795647481610473,2.5018521078634777,0.621970626048534,2.161431948762936,-3.719092722761843,-9.840899916173726,-4.0,-12.0,-1.0,1.0,-0.44253257,-1.0,9.071376286050038,3.7845907789507063,3.943646263545027,0.11074444744986185,0.2076436117569061,1.232779986184536,0.0,1.5,0.9461476947376766,0.9859115658862567,0.5537222372493092,0.6921453725230203,0.26926152631161687,0.4226530234122982,7.328472034383634,6072.899810840078
0.932,466,-0.29662715065876166,0.3414822604650747,-7.306105280379768,4.782485604547246,-0.07492845511642357,0.41341051207251983,3.057528088233114,-0.2390928191469129,-0.25070901960561837,-1.277508635767553,2.5060087024896154,1.4019335192222475,1.9976781312019551,-7.196893961290044,-11.177581316510214,-4.0,12.0,-1.0,1.0,-0.32360682,-0.44110996,8.969436408873115,3.762698279472991,3.95446903193799,0.11110231551392372,0.20279988187590678,1.235505447881624,0.0,1.5,0.9406745698682477,0.9886172579844975,0.5555115775696186,0.6759996062530226,0.29662715065876166,0.3414822604650747,7.306105280379768,6081.869247248951
0.934,467,-0.31770762661515095,0.19226594712637415,-7.258260388470706,4.788591228862653,-0.07539206800988169,0.4129106427865558,3.049159397416981,-0.22541203105568336,-0.2490544673502243,-1.274062875778993,2.5098537323524233,2.0100874450069783,1.8487392792802488,-11.507930905857478,-11.190131153932839,-4.0,12.0,-1.0,1.0,-1.0,0.63437974,8.765275890961819,3.7458338987078794,3.9743645403831502,0.1118678337844687,0.1997902321300431,1.238221265114284,0.0,1.5,0.9364584746769699,0.9935911350957876,0.5593391689223435,0.665967440433477,0.31770762661515095,0.19226594712637415,7.258260388470706,6090.634523139913
0.936,468,-0.33644421038442,-0.007210479419902728,-7.191595432448015,4.794688895489729,-0.07583592796506647,0.4124286027826354,3.050022453702593,-0.21989940115838172,-0.23424133372893524,-1.269792512017234,2.5134365381985164,2.2199266381154343,1.731530435213973,-15.23785253249315,-11.214442866885861,-4.0,-12.0,-1.0,1.0,-1.0,-1.0,8.727139702738352,3.730844631692464,3.999038602744013,0.11293447308083177,0.20010113031263335,1.2409334180737202,0.0,1.5,0.932711157923116,0.9997596506860033,0.5646723654041588,0.6670037677087779,0.33644421038442,0.007210479419902728,7.191595432448015,6099.361662842651
0.9380000000000001,469,-0.35833792566350997,-0.235317084603688,-7.1155677516856155,4.800795772044405,-0.07627658074083137,0.41196998896617687,3.057687206753897,-0.22176442973516586,-0.22498910797631524,-1.2653037924759074,2.516773458160663,2.2467239757377753,1.6046067897020526,-17.141121250387215,-11.344959815773166,-4.0,-12.0,-1.0,1.0,-1.0,-1.0,8.761398529256532,3.713329659469192,3.9686243887195083,0.11415091597303016,0.20285699253556613,1.243649381581894,0.0,1.5,0.928332414867298,0.9921560971798771,0.5707545798651508,0.6761899751185538,0.35833792566350997,0.235317084603688,7.1155677516856155,6108.123061371907
0.9400000000000001,470,-0.3880151478270686,-0.4860280376296402,-7.037838248718855,4.806921917130318,-0.07672706344034343,0.41150803140122555,3.0724796784625483,-0.22994128756191037,-0.22385823740284022,-1.2607589988393815,2.519814334222591,2.1321546606945296,1.4655002713429337,-18.172851846764217,-11.377725580642846,-4.0,12.0,-1.0,1.0,-1.0,0.28451604,8.854301266664832,3.689587881738345,3.935196261649381,0.11539458802049832,0.20814505657118745,1.246373864479664,0.0,1.5,0.9223969704345862,0.9837990654123453,0.5769729401024916,0.6938168552372915,0.3880151478270686,0.4860280376296402,7.037838248718855,6116.977362638572
0.9420000000000001,471,-0.4257846559351892,-0.713367835670463,-6.97401086691178,4.813098370397188,-0.07719760566329593,0.4111435565156338,3.1053682926497292,-0.23861830209030244,-0.15042806076815107,-1.2574766675012188,2.5227763607271534,1.107373963282416,1.47162831959874,-18.508963998853176,-11.290368201232866,-2.337979177013442,12.0,-1.0,1.0,-0.3959265,0.26538315,9.422185603976043,3.6593722752518487,3.9048842885772714,0.11641582612941154,0.21971123275134705,1.2491194320073218,0.0,1.5,0.9148430688129622,0.9762210721443179,0.5820791306470576,0.7323707758378235,0.4257846559351892,0.713367835670463,6.97401086691178,6126.399548242548
0.9440000000000001,472,-0.4686677245250653,-0.843775452369887,-6.925740408543997,4.819309584906032,-0.07768705769533678,0.4108460995091837,3.1036923087042956,-0.25044385916878675,-0.1480127223660884,-1.2567907214313798,2.5255651367210024,-0.367754355180937,1.3152333422772482,-14.041526779425169,-11.913413743424371,4.0,-12.0,-1.0,1.0,1.0,-1.0,9.647182588904458,3.6250658203799477,3.8874966063506817,0.11718815346329606,0.21912950504913564,1.251879537785237,0.0,1.5,0.9062664550949869,0.9718741515876704,0.5859407673164803,0.7304316834971188,0.4686677245250653,0.843775452369887,6.925740408543997,6136.046730831453
0.9460000000000001,473,-0.5151021922776073,-0.870660482244503,-6.890937800788025,4.825542724290734,-0.07819272728194163,0.41058045548992456,3.1285026474825175,-0.2552043420784623,-0.11820184321737175,-1.258568366499105,2.5280972471719743,-1.3674669379486437,1.2151355163371107,-6.803074401076174,-11.68919405558671,0.7990524249296656,12.0,-1.0,1.0,-0.04846909,1.0,9.75512551566092,3.587918246177914,3.883911935700733,0.1177449951873916,0.22763919758550233,1.2546489006440975,0.0,1.5,0.8969795615444786,0.9709779839251832,0.5887249759369579,0.7587973252850078,0.5151021922776073,0.870660482244503,6.890937800788025,6145.801856347114
0.9480000000000001,474,-0.5630364334023026,-0.8409862278757297,-6.865554488070413,4.831815283108243,-0.07871063140583641,0.41041050548760616,3.1420922305865595,-0.2611916500118853,-0.04207915315394786,-1.2618908767817902,2.530506251169556,-1.8733874709238205,1.2138259966071556,-1.448982473692638,-11.695127016080392,4.0,12.0,-1.0,1.0,1.0,1.0,9.269479007239463,3.549570853278158,3.8878685029499027,0.1181511281908734,0.23219708882918622,1.2574345759349939,0.0,1.5,0.8873927133195395,0.9719671257374757,0.590755640954367,0.7739902960972874,0.5630364334023026,0.8409862278757297,6.865554488070413,6155.071335354353
0.9500000000000001,475,-0.6132683710655911,-0.792160385511133,-6.851434715097188,4.838106475387132,-0.07923981827074053,0.4104142036071854,3.148880126463731,-0.26783101605190807,0.043733020662269834,-1.2659519119553664,2.5329495044380628,-2.172086754952784,1.2230436477232611,1.7451222477203032,-12.170380216947024,0.49708209596658937,12.0,-1.0,1.0,-0.10030683,1.0,9.711953959583099,3.509385303147527,3.8943786152651825,0.118377044558445,0.23444291923310584,1.260226431842006,0.0,1.5,0.8773463257868818,0.9735946538162956,0.591885222792225,0.7814763974436861,0.6132683710655911,0.792160385511133,6.851434715097188,6164.783289313937
0.9520000000000001,476,-0.6655027075476231,-0.7291445302004296,-6.847348599391824,4.844367020515626,-0.07977366142050153,0.41056428006837414,3.1121766529016313,-0.2660723016850514,0.1010596133593484,-1.2703229681075972,2.535354580652446,-2.1750431797959946,1.169938837304943,4.050825702580369,-12.705119126228851,4.0,-12.0,-1.0,1.0,1.0,-0.23956603,9.147469740227715,3.467597833961902,3.9027807293066092,0.11844242240973082,0.22206465485294619,1.263002921440966,0.0,1.5,0.8668994584904754,0.9756951823266523,0.5922121120486541,0.7402155161764873,0.6655027075476231,0.7291445302004296,6.847348599391824,6173.930759054164
0.9540000000000001,477,-0.7175470831144637,-0.659743298905627,-6.847939813989589,4.8506006905798795,-0.08031003517729372,0.41080673267845363,3.121711285528993,-0.2702211635226559,0.13932787654952766,-1.27471383741945,2.5375968138797504,-2.2053595978176173,1.0682261703937082,4.939819057242573,-12.920610317013939,4.0,12.0,-1.0,0.8115907,1.0,1.0,9.191064381453533,3.425962333508429,3.912034226812583,0.1184329629761666,0.22533265379416673,1.265766349766638,0.0,1.5,0.8564905833771073,0.9780085567031458,0.592164814880833,0.7511088459805558,0.7175470831144637,0.659743298905627,6.847939813989589,6183.121823435617
0.9560000000000001,478,-0.7691072584134023,-0.5912017693899477,-6.851902822738539,4.856854506080601,-0.08085405087166041,0.4111111497445133,3.1315210099122295,-0.2738854085000062,0.16516900555428965,-1.2790916582521794,2.5396075929116053,-2.1461803115801326,0.9441056696899491,5.969575009721268,-12.860493627918572,4.0,12.0,-1.0,0.45930567,1.0,1.0,9.319904634784441,3.384714193269278,3.9211730974146737,0.11836955483618339,0.22865834411205296,1.2685379218519603,0.0,1.5,0.8461785483173195,0.9802932743536684,0.5918477741809169,0.7621944803735099,0.7691072584134023,0.5912017693899477,6.851902822738539,6192.441728070402
0.9580000000000001,479,-0.8240426196982524,-0.5312917193803851,-6.866371928011105,4.863126816365716,-0.08141010567473807,0.41145771349042015,3.141678807482125,-0.2821320047881999,0.17760604885186518,-1.2832387221110149,2.5413567395647316,-1.9982252368754456,0.7983025630467764,6.5492427450797095,-12.642046930770789,-4.0,12.0,-1.0,1.0,-1.0,0.71317106,9.421674272180082,3.340765904241398,3.929161104082615,0.11813804915182231,0.23205961982150422,1.2713171025788395,0.0,1.5,0.8351914760603495,0.9822902760206538,0.5906902457591116,0.7735320660716808,0.8240426196982524,0.5312917193803851,6.866371928011105,6201.863402342582
0.96,480,-0.882216255107708,-0.4833078029261498,-6.890303143690353,4.869422323905828,-0.08197834710565034,0.41181046758673334,3.149018215143297,-0.2856820936393578,0.1672881780393923,-1.2870344342653826,2.5427846313322435,-1.7008436586003592,0.6160261604980714,6.63888014332332,-12.262860728180272,4.0,12.0,-1.0,1.0,1.0,1.0,9.632843069656651,3.2942269959138337,3.9355589596098466,0.11775514970095435,0.23448838319702198,1.2741063952199916,0.0,1.5,0.8235567489784584,0.9838897399024616,0.5887757485047718,0.7816279439900733,0.882216255107708,0.4833078029261498,6.890303143690353,6211.496245412239
0.962,481,-0.945388233725695,-0.45626484889623536,-6.92114280338692,4.875710477711156,-0.08255944475932753,0.41211422579773377,3.139059611284338,-0.2949251855203348,0.13560315639725873,-1.2900656375921071,2.5438078909538286,-1.3176806282456202,0.4087872021303218,5.911114682821449,-11.6370570689391,-3.0248384659409067,-12.0,-1.0,1.0,-0.48579463,0.20916826,10.34009816283294,3.2436894130194442,3.9391646868138355,0.11726171514580928,0.23118691663401258,1.2768928699250441,0.0,1.5,0.8109223532548611,0.9847911717034589,0.5863085757290464,0.7706230554467086,0.945388233725695,0.45626484889623536,6.92114280338692,6221.836343575072
0.964,482,-1.0178706885143296,-0.45900077610196865,-6.955961913806831,4.881975731156728,-0.08315340189771875,0.41234906543221744,3.1277361177656013,-0.2966129006688488,0.09881876607157133,-1.292086019684943,2.54442816855848,-0.7426729933859068,0.21383643469811087,4.601540196392705,-10.805514201417338,-4.0,12.0,-1.0,1.0,-0.7930689,1.0,10.19578309042598,3.1857034491885363,3.9387998965197375,0.11670460937909072,0.22737978442630574,1.2796698580367307,0.0,1.5,0.7964258622971341,0.9846999741299344,0.5835230468954535,0.7579326147543525,1.0178706885143296,0.45900077610196865,6.955961913806831,6232.032126665497
0.966,483,-1.0921735983536858,-0.49100836690086064,-6.9818633808687185,4.8882259781141935,-0.08374099817399315,0.41250782075805015,3.122913211732118,-0.2911657634085969,0.06047781649712247,-1.29317737321513,2.5446721612449505,-0.3628584237096312,0.034549980716510914,2.1305784406613384,-9.954815885186576,-2.401697251619079,12.0,-1.0,1.0,-0.46249196,1.0,10.464874968568214,3.1262611213170515,3.934532217746552,0.1162901859061005,0.22574218706015647,1.2824410720919004,0.0,1.5,0.7815652803292629,0.983633054436638,0.5814509295305025,0.7524739568671883,1.0921735983536858,0.49100836690086064,6.9818633808687185,6242.497001634066
0.968,484,-1.167759280664978,-0.5250124775793963,-7.012716541864728,4.894473307051466,-0.08433448357868625,0.4125950143402206,3.1241996589989047,-0.3022593127197248,0.026940979909528144,-1.2940357522719723,2.54458112974156,-0.49123175952774045,-0.12251396999692868,0.44977629831731747,-9.107182152572648,4.0,-12.0,-1.0,1.0,0.4319506,-0.99481815,10.203338888668018,3.0657925754680178,3.9299983363227473,0.11579653533016435,0.22617989587126225,1.2852117599035293,0.0,1.5,0.7664481438670044,0.9824995840806868,0.5789826766508217,0.7539329862375409,1.167759280664978,0.5250124775793963,7.012716541864728,6252.700340522734
0.97,485,-1.246482700296181,-0.5412786049326019,-7.063904150025183,4.900721982617279,-0.08494980910241445,0.41261648631416875,3.1242948442430403,-0.31301337777930516,-0.005243386320320995,-1.2951256368379185,2.544194068680687,-0.594615527594576,-0.2616330496785067,1.2633187887763029,-8.303656098327394,4.0,-12.0,-1.0,1.0,1.0,-1.0,9.997592816258072,3.0028138397630553,3.92782951934232,0.11497753359959706,0.2262122564925903,1.2879836511284943,0.0,1.5,0.7507034599407638,0.98195737983558,0.5748876679979853,0.754040854975301,1.246482700296181,0.5412786049326019,7.063904150025183,6262.697933338993
0.972,486,-1.327890338928909,-0.5415565913976675,-7.13515268416788,4.906969834052401,-0.08558634050786773,0.4125749450345427,3.1234112953266497,-0.32347227938083245,-0.03607144710179269,-1.2963986629774804,2.5435459490760017,-0.6746712720654837,-0.383724931247748,1.9982145422997633,-7.530648487744884,4.0,-12.0,-1.0,1.0,1.0,-1.0,9.799830176156346,2.937687728856873,3.927792454480311,0.11383755705331391,0.22591173495298336,1.2907557525005653,0.0,1.5,0.7344219322142183,0.9819481136200777,0.5691877852665695,0.7530391165099446,1.327890338928909,0.5415565913976675,7.13515268416788,6272.497763515149
0.974,487,-1.4115453533469475,-0.5275950451806564,-7.226210879155314,4.913215119902272,-0.08624352744830471,0.4124731085507437,3.1217656609722293,-0.3336744496015295,-0.06553757492305602,-1.297810032736538,2.5426699117522795,-0.7332873575023007,-0.48970259176792497,2.6530984925666417,-6.790565158961613,4.0,-12.0,-1.0,1.0,1.0,-1.0,9.617018413380304,2.870763717322442,3.9296539939759123,0.112380625933515,0.22535119324943595,1.2935272598712935,0.0,1.5,0.7176909293306105,0.9824134984939781,0.5619031296675749,0.7511706441647865,1.4115453533469475,0.5275950451806564,7.226210879155314,6282.11478192853
0.976,488,-1.4970248645308315,-0.5011273613061369,-7.3368399773719535,4.919456535603588,-0.08692088489445965,0.4123137068591876,3.119578096701948,-0.3436456490063548,-0.0936356639340865,-1.2993188783314826,2.5415972746335735,-0.772492896929187,-0.5804761294555815,3.22845287156224,-6.0854693916163,4.0,-12.0,-1.0,1.0,1.0,-1.0,9.451235600396329,2.802380108375335,3.933183018492515,0.11061056036204875,0.2246044433807762,1.2962975617711248,0.0,1.5,0.7005950270938337,0.9832957546231288,0.5530528018102437,0.7486814779359207,1.4970248645308315,0.5011273613061369,7.3368399773719535,6291.566017528926
0.978,489,-1.583878316696259,-0.48321414028968124,-7.4662013127787805,4.925686006260446,-0.08761697798733215,0.41209721989659903,3.110234700624122,-0.3477968568408917,-0.12061700833644398,-1.3004518890856467,2.540358682976217,-0.33261929749111974,-0.6502945082028788,3.7262496876856517,-5.417074279436804,4.0,12.0,-1.0,1.0,1.0,-0.1082577,9.47728650539872,2.732897346642993,3.935571447961376,0.10854077899553952,0.22139501350525267,1.2990630710918563,0.0,1.5,0.6832243366607482,0.983892861990344,0.5427038949776976,0.7379833783508423,1.583878316696259,0.48321414028968124,7.4662013127787805,6301.043304034324
0.98,490,-1.6564956493024083,-0.493290360256774,-7.58507118235921,4.931906377331043,-0.08828737798070387,0.4118484630418696,3.110071820175302,-0.32277920270805627,-0.12726802781017788,-1.300867208518069,2.5390398338301274,-0.08093275838600039,-0.6653854412547967,1.7534838413281477,-4.820264054228971,4.0,-12.0,-1.0,1.0,1.0,-1.0,9.465260141861139,2.674803480558073,3.9342279519657635,0.10663886108225265,0.22133878771899537,1.3018250411513157,0.0,1.5,0.6687008701395183,0.9835569879914409,0.5331943054112632,0.737795959063318,1.6564956493024083,0.493290360256774,7.58507118235921,6310.508564176185
0.982,491,-1.715152150381894,-0.5124065534530818,-7.678917063913915,4.938098951302591,-0.08891740354386005,0.41163143975966315,3.0763924449674556,-0.3069223411438878,-0.07914737835271766,-1.300974618597027,2.53778874702671,-0.0606451761977001,-0.5640402095461352,0.5781150322869735,-4.481039559751537,-1.53367248543048,-12.0,-1.0,1.0,-0.0064082956,-1.0,9.549699180405485,2.627878279694485,3.9316791262062556,0.10513732697737735,0.20953604001850618,1.3045745070795345,0.0,1.5,0.6569695699236212,0.9829197815515639,0.5256866348868867,0.698453466728354,1.715152150381894,0.5124065534530818,7.678917063913915,6320.058263356591
0.984,492,-1.7724614736764401,-0.5196085595513291,-7.751243394467963,4.9442131532603515,-0.0895180256459661,0.4115308575905882,3.0380595395170022,-0.2937628220598307,-0.022068129206385505,-1.3011009089127772,2.536777052370012,-0.06459845468103646,-0.4502139989824543,0.4981591371370655,-4.737548357611388,-4.0,-12.0,-1.0,1.0,-1.0,-1.0,9.55110770860207,2.582030821058848,3.9307188587264896,0.1039801056885126,0.19578252885968903,1.3072879327453792,0.0,1.5,0.645507705264712,0.9826797146816224,0.519900528442563,0.6526084295322968,1.7724614736764401,0.5196085595513291,7.751243394467963,6329.609371065193
0.986,493,-1.8301830982062306,-0.5171426261282973,-7.807441240429822,4.950252691038477,-0.09009299700289049,0.41153929446129744,3.0018870360586414,-0.2815145398550446,0.02944017510130941,-1.3012307421883367,2.535974193380763,-0.06479711947487604,-0.3562136134892318,0.5431835927037696,-5.104340479090183,-4.0,-12.0,-1.0,1.0,-1.0,-0.5893101,9.602257535032287,2.5358535214350155,3.9310476498495603,0.10308094015312286,0.18264592178555672,1.3099670314911687,0.0,1.5,0.6339633803587539,0.9827619124623901,0.5154047007656143,0.6088197392851891,1.8301830982062306,0.5171426261282973,7.807441240429822,6339.211628600226
0.988,494,-1.8884262217441607,-0.5136493071255887,-7.849285803019494,4.956265330785157,-0.09065061760164196,0.4116213840588924,3.0113988397431264,-0.27637196302944433,0.050274968347866766,-1.301349229499427,2.535285028727081,-0.05094491079829079,-0.3378634875387226,0.570143571784854,-5.413770608706443,-4.0,12.0,-1.0,1.0,-0.7430161,1.0,9.558261380602634,2.4892590226046716,3.931513425716588,0.1024114271516881,0.18610672268602652,1.312633387450247,0.0,1.5,0.6223147556511679,0.982878356429147,0.5120571357584405,0.620355742286755,1.8884262217441607,0.5136493071255887,7.849285803019494,6348.769889980828
0.99,495,-1.9463052070597058,-0.5193412198587893,-7.87716960997948,4.962300795707085,-0.09119851860772049,0.41172889046822786,3.024563582139425,-0.27185969489503525,0.05523400967577716,-1.3014151198658188,2.534600064935486,-0.016541698883069847,-0.3509134335789168,0.5245799906200546,-5.367688307722631,-2.533163998578278,12.0,-1.0,1.0,-0.16314037,0.84459907,9.563281651374576,2.4429558343522353,3.930754504018828,0.10196528624032833,0.19089106018447177,1.3153096107761995,0.0,1.5,0.6107389585880588,0.982688626004707,0.5098264312016416,0.6363035339482392,1.9463052070597058,0.5193412198587893,7.87716960997948,6358.333171632203
0.992,496,-2.0044737001176567,-0.5208386445915788,-7.892410654207662,4.968327781696403,-0.09173438869412089,0.41184249974519066,3.0068704374123802,-0.26353534531143963,0.048355423750240954,-1.3014527652984584,2.5338776891627535,-0.017081698216970746,-0.39265738681995743,0.36574200432227144,-5.165445819202603,-4.0,-12.0,-1.0,1.0,-1.0,-1.0,9.40679942078159,2.3964210399058747,3.9305548473877896,0.1017214295326774,0.18445931857888712,1.3179820406656009,0.0,1.5,0.5991052599764687,0.9826387118469474,0.508607147663387,0.6148643952629571,2.0044737001176567,0.5208386445915788,7.892410654207662,6367.739971052984
0.994,497,-2.061780319786305,-0.5246301688177542,-7.899201665918658,4.9743372195817575,-0.09226009638477586,0.41191293455340966,3.00294408991019,-0.26221330510656754,0.02242754739418763,-1.3012029361959438,2.5330277107922794,0.25435022242407423,-0.4549461103544592,0.37597108751970154,-4.812250898450884,0.4378076638277182,12.0,-1.0,1.0,0.15731959,1.0,9.323837474722392,2.350575744170956,3.9300493108242995,0.10161277334530149,0.183030593990769,1.3206472251190235,0.0,1.5,0.587643936042739,0.9825123277060749,0.5080638667265074,0.6101019799692301,2.061780319786305,0.5246301688177542,7.899201665918658,6377.063808527707
0.996,498,-2.11715210915112,-0.5466457236213106,-7.895317925127508,4.980341979176865,-0.09277466538274456,0.41193177969984074,3.002070240133956,-0.2524133656135774,-0.003297806615423243,-1.3004977723927778,2.5320637501375143,0.4423130052408599,-0.5068921692906249,-1.0311543361884787,-4.330811606683596,-4.0,12.0,-1.0,1.0,-1.0,1.0,9.111422300602495,2.3062783126791038,3.9271139035171587,0.10167491319795988,0.1827125920725569,1.323310992114862,0.0,1.5,0.5765695781697759,0.9817784758792897,0.5083745659897994,0.6090419735751897,2.11715210915112,0.5466457236213106,7.895317925127508,6386.175230828309
0.998,499,-2.170172585318977,-0.582916116311898,-7.871762592455739,4.9863464687077625,-0.09326996991279841,0.4119008218132175,3.008159126592984,-0.24331058490735732,-0.022362212280632007,-1.2994644984502002,2.5310081071494896,0.5357741188658133,-0.5372053658152192,-2.112001010905601,-3.8782891810497517,-4.0,12.0,-1.0,1.0,-1.0,1.0,9.021980781525581,2.2638619317448185,3.9222778511584138,0.10205179852070818,0.1849281895537532,1.3259753380154264,0.0,1.5,0.5659654829362046,0.9805694627896034,0.5102589926035409,0.6164272985125107,2.170172585318977,0.582916116311898,7.871762592455739,6395.197211609835
1.0,500,-2.2206326130648595,-0.5930389471295202,-7.8305179581687145,4.992363145167327,-0.09374591416883789,0.4118518959676368,3.0088450882935347,-0.23286100674249594,-0.029552503637339803,-1.2990855779170603,2.529932822943205,-0.0700026272726545,-0.5443187006645269,-2.7859613675458377,-3.515594600821885,-4.0,-12.0,-1.0,1.0,-1.0,-0.8250217,9.1008829822451,2.2234939095481123,3.9209281403827307,0.10271171266930057,0.18517775101172868,1.328645420147697,0.0,1.5,0.5558734773870281,0.9802320350956827,0.5135585633465028,0.6172591700390956,2.2206326130648595,0.5930389471295202,7.8305179581687145,6404.29809459208
1.002,501,-2.271759130178508,-0.5629545707484047,-7.789109757687576,4.998379993185967,-0.09422055429713447,0.4117780939291794,3.0077833256893847,-0.24169294404942587,-0.04424409395000394,-1.2995590982124845,2.528821634270814,-0.3987325311554477,-0.5659767528957339,0.16713825651845582,-3.2649710853183933,3.166710608372221,-12.0,-1.0,1.0,0.338815,-0.77640074,9.009099822602566,2.1825926958571937,3.9249393905668795,0.10337424387699878,0.18479146364017698,1.331315860542655,0.0,1.5,0.5456481739642984,0.9812348476417199,0.5168712193849939,0.6159715454672566,2.271759130178508,0.5629545707484047,7.789109757687576,6413.307194414682
1.004,502,-2.3291268361712363,-0.5148395392850105,-7.7571574230027345,5.004388192608651,-0.0947087732828413,0.41168682006763724,3.0022167347751685,-0.24975633770987632,-0.04345851169537049,-1.3003764925511099,2.5277003951813977,-0.3088795811089534,-0.5470788614302017,1.9054918350173011,-2.934443089684123,-4.0,-12.0,-1.0,1.0,-0.7045031,0.16101164,9.192460487522983,2.136698531063011,3.931354728095332,0.10388548123195625,0.1827659031858278,1.3339825484923424,0.0,1.5,0.5341746327657527,0.982838682023833,0.5194274061597812,0.6092196772860927,2.3291268361712363,0.5148395392850105,7.7571574230027345,6422.499654902205
1.006,503,-2.3905977291232223,-0.48488059279053897,-7.733509274799629,5.010379559685358,-0.09520446560781837,0.41161197711892794,2.9886292143821,-0.2459476063463452,-0.029380840294979053,-1.3007860935119842,2.5266525921967924,-0.10845135932709171,-0.4957630795905592,1.6197059525098894,-2.804684729128496,4.0,-12.0,-1.0,1.0,1.0,-0.8993929,9.001366304018573,2.0875218167014222,3.9353492542945947,0.10426385160320595,0.1778218691107443,1.3366414838086715,0.0,1.5,0.5218804541753556,0.9838373135736487,0.5213192580160297,0.592739563702481,2.3905977291232223,0.48488059279053897,7.733509274799629,6431.501021206223
1.008,504,-2.453583316783721,-0.48071812560758254,-7.715365455815303,5.016357265186489,-0.09570542590223673,0.4115178171936912,2.9937970991108824,-0.25455215553108934,-0.05004904711635473,-1.3004587195617976,2.525201467317233,0.3075988512085719,-0.902942791266325,0.6994850357754672,-64.97948395571228,-1.5247716007282233,12.0,-1.0,-0.077659726,-0.26963887,1.0,8.634472491103972,2.037133346573023,3.935904249918989,0.10455415270695517,0.17970196361591242,1.3392945180701998,0.0,1.5,0.5092833366432558,0.9839760624797472,0.5227707635347758,0.5990065453863748,2.453583316783721,0.48071812560758254,7.715365455815303,6440.135493697328
1.01,505,-2.520242980469538,-0.4917073453012208,-7.705220661163668,5.022362811191562,-0.09621915014957025,0.4114416699849179,3.0121431283309676,-0.2592255758599342,-0.025980402520275878,-1.2999225590989218,2.523503639069961,0.21640879013655284,-0.7957216654513344,-1.4462408069401818,-0.5255795071149691,1.2304904519607973,12.0,-1.0,1.0,0.05305729,1.0,8.707184663908793,1.9838056156243695,3.934439020626504,0.10471646942138131,0.1863774316694814,1.3419595856749251,0.0,1.5,0.4959514039060924,0.983609755156626,0.5235823471069065,0.621258105564938,2.520242980469538,0.4917073453012208,7.705220661163668,6448.842678361237
1.012,506,-2.5869196996968222,-0.50120322674353,-7.6981208126377885,5.028366584589015,-0.09673341060192457,0.4114368480030926,2.991744897906082,-0.25502340776314264,0.020247310993580576,-1.2996566229130666,2.522073746180919,0.053251669903363164,-0.6383569975597687,-1.0975225941552367,-0.7221194867354939,4.0,-12.0,-1.0,1.0,1.0,-0.46548527,8.76821039761659,1.930464240242542,3.933172903100863,0.10483006699779539,0.17895528623158022,1.3446229773943008,0.0,1.5,0.4826160600606355,0.9832932257752157,0.5241503349889769,0.596517620771934,2.5869196996968222,0.50120322674353,7.6981208126377885,6457.610888758853
1.014,507,-2.65646674416533,-0.5105144281905103,-7.699641671630468,5.034378011383537,-0.09725526079373376,0.4114766198605905,3.020422475316273,-0.26691777290528235,0.02052834580949234,-1.2992264842921974,2.5197084513825083,0.3474605396854256,-1.7236718711975991,-0.33492423016031125,-180.0,-4.0,12.0,-1.0,-1.0,-0.6950508,1.0,7.620812024526237,1.874826604667736,3.9319314095745987,0.10480573325391251,0.18938713819573552,1.347289148187456,0.0,1.5,0.468706651166934,0.9829828523936497,0.5240286662695626,0.6312904606524518,2.65646674416533,0.5105144281905103,7.699641671630468,6465.23170078338
1.016,508,-2.729604642199189,-0.526187202175016,-7.711396077340883,5.0404399458601,-0.09779388292909674,0.41154312123146514,3.0414571070747156,-0.2718270294880585,0.04592027065271148,-1.2986849654169534,2.516447870120539,0.19755077726326875,-1.5376243998570938,-1.8919963032444684,4.676669079486317,4.0,12.0,-1.0,0.8470434,1.0,1.0,7.793024834579349,1.8163162862406486,3.9298417063766644,0.10461766276254587,0.19701094889713458,1.3499772798568,0.0,1.5,0.45407907156016214,0.9824604265941661,0.5230883138127294,0.6567031629904486,2.729604642199189,0.526187202175016,7.711396077340883,6473.024725617959
1.018,509,-2.8052097074425246,-0.5474383525630367,-7.7306520409390265,5.046546711575157,-0.09834659177289509,0.41163430340430535,3.065541445320544,-0.28106273854901626,0.04217389199723133,-1.298284101732989,2.5130996009575224,0.2125840647707395,-1.8198043701700173,0.5185530093302191,-52.055442961101676,-2.624856467225038,12.0,-0.9115339,-0.07056752,-0.4168884,1.0,7.587277912277993,1.7558322340459802,3.9270082196582616,0.1043095673449756,0.20567021813916983,1.352684891167427,0.0,1.5,0.43895805851149505,0.9817520549145654,0.5215478367248779,0.6855673937972327,2.8052097074425246,0.5474383525630367,7.7306520409390265,6480.612003530237
1.02,510,-2.88543840411494,-0.6018488288669823,-7.762314486178383,5.052545234541778,-0.09890206662879358,0.4117444943713108,2.9324622265153804,-0.27420805176728347,0.0704842241245249,-1.2941695445542707,2.5081111640078597,3.8527024705245347,-3.161898799097779,180.0,-180.0,4.0,12.0,0.8312677,-1.0,1.0,1.0,5.085944148486588,1.691649276708048,3.9197534894844024,0.10380296822114587,0.15752500790213517,1.3553441321709947,0.0,1.5,0.422912319177012,0.9799383723711006,0.5190148411057294,0.525083359673784,2.88543840411494,0.6018488288669823,7.762314486178383,6485.697947678724
1.022,511,-2.9700465675715133,-0.6475424143933485,-7.810882707781758,5.058474712703878,-0.09947719532825511,0.4117899486197346,2.9968666262602883,-0.30086810683760995,-0.02308812761053511,-1.2871479519033149,2.5003562157590236,3.1513476049042675,-4.587490829115783,-20.4295939050254,-180.0,4.0,12.0,-1.0,-1.0,1.0,1.0,4.022703825720775,1.6239627459427894,3.91366101141422,0.10302587667549189,0.180818920472666,1.3579733017136113,0.0,1.5,0.40599068648569736,0.978415252853555,0.5151293833774594,0.6027297349088867,2.9700465675715133,0.6475424143933485,7.810882707781758,6489.7206515044445
1.024,512,-3.0590600007656517,-0.6423087422878663,-7.878757119530891,5.064509834724333,-0.100095374804542,0.4117875514678795,3.0376273157889324,-0.3172393416642258,0.02020273331238765,-1.2817282763380327,2.4915669112223013,2.293613776443381,-4.203972948464824,-18.32713810711516,22.86621099377419,4.0,12.0,-1.0,1.0,1.0,1.0,4.546350448666249,1.5527519993874788,3.914358834361618,0.10193988608750576,0.19562615715516699,1.360649619844882,0.0,1.5,0.3881879998468697,0.9785897085904045,0.5096994304375287,0.6520871905172233,3.0590600007656517,0.6423087422878663,7.878757119530891,6494.267001953111
1.026,513,-3.1524560801725965,-0.6174286534095611,-7.963743126180614,5.070622495114819,-0.10074603486847336,0.41186780003641493,3.0704330412707934,-0.33247730392586644,0.05500409702970205,-1.2778623791259052,2.483527832536671,1.635447122793396,-3.8521587032583495,-15.12240407786723,22.706482497863817,4.0,12.0,-1.0,0.35448352,1.0,1.0,5.036000936173375,1.4780351358619228,3.917676179545392,0.10058010998111018,0.20741610208194192,1.3633590938686417,0.0,1.5,0.3695087839654807,0.979419044886348,0.5029005499055509,0.6913870069398064,3.1524560801725965,0.6174286534095611,7.963743126180614,6499.303002889284
1.028,514,-3.2467814639418022,-0.578288325035629,-8.059936653195349,5.076765210987067,-0.10141275994281568,0.41197988796839785,3.0721445881927885,-0.33407660880107604,0.05704296829986733,-1.2748727059150706,2.4760360688221605,1.3594730599500255,-3.6393159832170676,0.9882081982746058,22.5552270089575,1.0701019517947603,-12.0,-0.32035136,0.31344715,0.23291405,-0.5539548,5.6030437294241535,1.402574828846558,3.9228948899952494,0.09948625725832559,0.20802577032721062,1.3660813628337785,0.0,1.5,0.3506437072116395,0.9807237224988123,0.4974312862916279,0.6934192344240354,3.2467814639418022,0.578288325035629,8.059936653195349,6504.9060466187075
1.03,515,-3.340555568196527,-0.5284572182091528,-8.16796315762976,5.082925157572724,-0.10210153041074023,0.4119383188635665,3.0884902468676563,-0.3547256158117189,-0.0967694535289102,-1.2716942062203782,2.467243921355264,1.79430682287675,-5.136676410024039,-11.822814579992837,-162.38196124855426,4.0,12.0,-1.0,-0.23171416,1.0,1.0,3.6882192261344997,1.3275555454427783,3.929539037572113,0.09856031579174492,0.213813025567228,1.3688129353112215,0.0,1.5,0.3318888863606946,0.9823847593930283,0.49280157895872456,0.7127100852240934,3.340555568196527,0.5284572182091528,8.16796315762976,6508.594265844842
1.032,516,-3.4318376031085873,-0.46921796354609363,-8.275617539274478,5.089118550621178,-0.10280078895837062,0.4117655254857614,3.103946335937817,-0.3442491258734716,-0.07482397611847322,-1.268605464551015,2.4573476330480752,1.3330517421398203,-4.754522807453845,-14.632683333564955,32.23459777906743,-4.0,12.0,-1.0,1.0,-1.0,1.0,4.0640411213315355,1.2545299175131301,3.937437604860521,0.09763756394907591,0.219217736178148,1.3715608313261973,0.0,1.5,0.31363247937828254,0.9843594012151302,0.4881878197453795,0.7307257872604933,3.4318376031085873,0.46921796354609363,8.275617539274478,6512.658306966174
1.034,517,-3.509349192258694,-0.4102099819489052,-8.358083676280222,5.095337328891457,-0.10345959981521209,0.4116621749282213,3.113943892336983,-0.31493510360539245,-0.027649469335887744,-1.2662305471875919,2.448308589081228,1.0624865570081123,-4.281272527433327,-9.333712194844253,32.30308742765419,4.0,-12.0,-0.81947696,1.0,1.0,-1.0,4.5222786647849595,1.1925206461930449,3.945305335740146,0.09693071134616954,0.22267289101284976,1.3743194252859992,0.0,1.5,0.2981301615482612,0.9863263339350365,0.48465355673084765,0.7422429700428326,3.509349192258694,0.4102099819489052,8.358083676280222,6517.180585630958
1.036,518,-3.5739987123937667,-0.36438588619524204,-8.415782207253812,5.101571793595437,-0.10407711202956056,0.41164032890744723,3.1204035569464983,-0.3027767871545274,0.0054244510403177616,-1.2642635075391306,2.44017412638794,0.9035475125657959,-3.8549733752256143,-12.066313810779008,31.744644820920996,-4.0,12.0,-1.0,1.0,-1.0,1.0,4.908236947908204,1.1408010300849867,3.951415215173968,0.09643615250925304,0.22488643815923162,1.3770842744823582,0.0,1.5,0.28520025752124667,0.987853803793492,0.4821807625462652,0.749621460530772,3.5739987123937667,0.36438588619524204,8.415782207253812,6522.088822578867
1.038,519,-3.634722342809618,-0.3686925419413999,-8.450515953136511,5.107800598631605,-0.10467701849204768,0.4115290943685188,3.1100674659898404,-0.2972474579368817,-0.11073280901777788,-1.2608680203035865,2.4309415587238767,2.422712480861816,-5.354685317036757,-4.587261053476965,-180.0,-4.0,12.0,-0.64611113,-0.2937388,-1.0,1.0,3.184898121463398,1.0922221257523055,3.9508409944078133,0.09613843468740134,0.22133728454236853,1.3798477958821742,0.0,1.5,0.27305553143807637,0.9877102486019533,0.48069217343700665,0.7377909484745618,3.634722342809618,0.3686925419413999,8.450515953136511,6525.27372070033
1.04,520,-3.6925666275889975,-0.4081530330958464,-8.465329037903127,5.1140376856108185,-0.10526159208899649,0.41137762108282394,3.126720766056802,-0.2876855211971592,-0.04197835474968274,-1.256658151965208,2.4208610461257063,1.7941950446073835,-4.7319795299173,-19.939948806848633,40.58511484040844,-4.0,-12.0,-1.0,1.0,-1.0,-1.0,3.8049771802841654,1.0459466979288021,3.9455795955872204,0.09601146538940178,0.22703579713300384,1.3826155697987779,0.0,1.5,0.26148667448220053,0.9863948988968051,0.48005732694700887,0.7567859904433462,3.6925666275889975,0.4081530330958464,8.465329037903127,6529.0786978806145
1.042,521,-3.743115469811113,-0.4368686542704842,-8.464993787016294,5.120310290446138,-0.10581817427470926,0.4113527031098642,3.145682239069825,-0.2691917894463045,0.015567514177048214,-1.2537246308399064,2.411976431624617,1.145224758434467,-4.160051468277434,-17.639335293252174,39.48768842444525,2.9784307724486654,-12.0,-1.0,1.0,0.5535044,-1.0,4.618179229710519,1.0055076241511096,3.9417508460972686,0.09601433896843177,0.23338753756222788,1.3853977660519416,0.0,1.5,0.2513769060377774,0.9854377115243171,0.48007169484215884,0.7779584585407596,3.743115469811113,0.4368686542704842,8.464993787016294,6533.696877110325
1.044,522,-3.7861571866815313,-0.6083620525228904,-8.437109662099203,5.126385084095052,-0.10631908735336193,0.4113104421272169,2.9452301550127027,-0.23078248094535625,-0.004445255331934565,-1.2454603232825487,2.403010284236376,6.340865470046117,-4.623421449593424,180.0,-18.318051444473724,-4.0,12.0,1.0,-0.07090381,-1.0,1.0,2.0651881710726228,0.9710742506547749,3.9188850596636144,0.09625334575343542,0.16210484428501115,1.3880927176036164,0.0,1.5,0.24276856266369373,0.9797212649159036,0.481266728767177,0.5403494809500372,3.7861571866815313,0.6083620525228904,8.437109662099203,6535.762065281398
1.046,523,-3.8276290586867665,-0.8013129389779563,-8.386194870980763,5.132325617948434,-0.10677336685450753,0.4113750491129937,2.9929023439834577,-0.22334557472004538,0.06768457934462671,-1.2352439627292384,2.394438103335279,3.938912870946555,-3.9565283716528317,-42.61225315697766,42.51505040069196,-4.0,-12.0,-1.0,1.0,-1.0,-0.53963894,3.6035260406445095,0.9378967530505866,3.893158274802939,0.09668975824873632,0.1793764031964483,1.3907270730461518,0.0,1.5,0.23447418826264665,0.9732895687007348,0.4834487912436816,0.597921343988161,3.8276290586867665,0.8013129389779563,8.386194870980763,6539.365591322042
1.048,524,-3.8684154809223545,-0.8580794477488543,-8.322038618967428,5.138347699487449,-0.10721171431251719,0.41157552422813043,3.02715981086525,-0.21475207457913936,0.13139907186304625,-1.2294525191346586,2.3871504198590205,1.9133447668312336,-3.3397839066941777,-32.64576227214195,40.89502119120834,-4.0,-12.0,-1.0,1.0,-1.0,-1.0,4.82307286666474,0.9052676152621162,3.8855894069668193,0.09723966898027919,0.1918333038371193,1.3933960907878808,0.0,1.5,0.22631690381552905,0.9713973517417048,0.48619834490139596,0.639444346123731,3.8684154809223545,0.8580794477488543,8.322038618967428,6544.188664188707
1.05,525,-3.9115766874626536,-0.7994995989183743,-8.262637925191697,5.144425093383429,-0.10765325032077971,0.41189734567900904,3.048652896782874,-0.2264901289401558,0.1889484275561999,-1.2273396012538773,2.381046137109963,0.2568812242325744,-2.773732806805743,-23.676210470481294,39.268835561666776,4.0,-12.0,-1.0,1.0,1.0,-0.44196385,5.727209721267517,0.8707386500298773,3.89340005347755,0.09774881778407117,0.199607723793963,1.396088129543506,0.0,1.5,0.21768466250746932,0.9733500133693875,0.4887440889203558,0.66535907931321,3.9115766874626536,0.7994995989183743,8.262637925191697,6549.915873909974
1.052,526,-3.956214386747543,-0.6574354561720804,-8.20708114169558,5.15054417133399,-0.10809576368218558,0.41230935308203487,3.070601320164959,-0.21619109985049184,0.21867051246179411,-1.2279410382070457,2.3759672648613743,-0.7523010826104923,-2.3237000532325833,-15.81647633364426,37.65943661203613,-4.0,-12.0,-1.0,1.0,-1.0,-1.0,5.871777193394328,0.8350284906019656,3.9123419391770557,0.09822501878546647,0.20747607299781645,1.3987975235852148,0.0,1.5,0.2087571226504914,0.9780854847942639,0.4911250939273323,0.6915869099927215,3.956214386747543,0.6574354561720804,8.20708114169558,6555.787651103368
1.054,527,-3.998781155142039,-0.48015285006315894,-8.13463912005681,5.156698485471373,-0.10851707956060548,0.41276746502503253,3.084376785964677,-0.20521391908379877,0.23933557273064213,-1.2299709323640498,2.3717296688779896,-1.3158327434960548,-1.9170568726377528,-10.650277408795233,36.42504729388804,-4.0,4.132286694900927,-1.0,1.0,-1.0,-0.08166509,6.0773794833394605,0.800975075886369,3.9359796199915786,0.09884595039951305,0.21236301868713411,1.4015221247940683,0.0,1.5,0.20024376897159224,0.9839949049978947,0.49422975199756525,0.7078767289571137,3.998781155142039,0.48015285006315894,8.13463912005681,6561.865030586708
1.056,528,-4.041689410085669,-0.27285318360252364,-8.065006564538859,5.162879027380502,-0.10893715889507724,0.41326661402361503,3.0952636428601292,-0.21476649432898035,0.2590602106272419,-1.2332386462511205,2.368279781889264,-1.9265333471013442,-1.5381366631078746,-7.426640272966608,35.23935058759082,4.0,-12.0,-1.0,1.0,1.0,-0.91332763,6.117248326224987,0.7666484719314646,3.9636195755196635,0.09944280087538121,0.21619038620391684,1.4042578247897222,0.0,1.5,0.19166211798286614,0.9909048938799159,0.49721400437690605,0.7206346206797228,4.041689410085669,0.27285318360252364,8.065006564538859,6567.982278912933
1.058,529,-4.087109430107644,-0.05851431545339104,-8.016373089434724,5.169067711657684,-0.10937480927666096,0.4137988608690663,3.093155479399071,-0.22284984727075494,0.27284666584422773,-1.2371468687240776,2.365560968322485,-1.9743460492534566,-1.1834863302886538,-3.719594477526016,34.03472693768663,4.0,12.0,-1.0,0.839106,1.0,1.0,6.4548635140878625,0.7303124559138849,3.9921980912728814,0.09985965923341666,0.21545187069763636,1.406996526092636,0.0,1.5,0.18257811397847123,0.9980495228182203,0.49929829616708327,0.7181729023254545,4.087109430107644,0.05851431545339104,8.016373089434724,6574.437142427021
1.06,530,-4.13488333384093,0.13939254133590726,-7.986888842422777,5.175250719220142,-0.10982843016481522,0.4143567075486113,3.089650408440211,-0.23074091926675339,0.28469216426638916,-1.2411088813253601,2.3635347959559048,-1.9813759999640645,-0.8454025451894343,-2.698886472174024,32.805237986946224,4.0,12.0,-1.0,1.0,1.0,1.0,6.759059014555083,0.6920933329272558,3.981414327821879,0.10020977852123557,0.21422115159264996,1.4097321900094162,0.0,1.5,0.17302333323181396,0.9953535819554697,0.5010488926061778,0.7140705053088332,4.13488333384093,0.13939254133590726,7.986888842422777,6581.196201441577
1.062,531,-4.183081179604814,0.32901100373196124,-7.972668364889065,5.181431941798834,-0.11029161510468971,0.41494099438623444,3.089528531499992,-0.23220569191451546,0.29865444426703514,-1.2452786453111242,2.3621809248599184,-2.096581884437699,-0.5124669042616772,-1.8713341983644796,31.520053534766248,4.0,-12.0,-1.0,1.0,1.0,0.060424633,6.99496958051588,0.6535350563161488,3.9561318661690716,0.10043730616177496,0.2141782948723379,1.4124665820287259,0.0,1.5,0.1633837640790372,0.9890329665422679,0.5021865308088748,0.7139276495744596,4.183081179604814,0.32901100373196124,7.972668364889065,6588.191171022093
1.064,532,-4.23282781857911,0.5009516606347828,-7.961172212212234,5.187606981934879,-0.1107551115732402,0.4155519588775588,3.086769140555162,-0.23248029801927206,0.31360594454003066,-1.249397316446344,2.3614831070987186,-2.080321167147064,-0.18373516584487215,-0.4613519788435383,30.126149549324737,-4.0,12.0,-1.0,1.0,-1.0,0.2726317,7.225130094629004,0.6137377451367123,3.9332064452486954,0.10062124460460427,0.21320688561187973,1.4151978181178526,0.0,1.5,0.15343443628417808,0.9833016113121739,0.5031062230230213,0.7106896187062658,4.23282781857911,0.5009516606347828,7.961172212212234,6595.416301116722
1.066,533,-4.287147054139229,0.652429010962669,-7.944594606917181,5.19377340624029,-0.11121667376730678,0.4161886559823917,3.0796507575664647,-0.22908411821654523,0.3228585633613855,-1.253371057867149,2.3614197672766637,-1.8941091729669088,0.11798091247490028,0.28107866174730134,28.622054409480654,-4.0,12.0,-1.0,0.96275735,-1.0,1.0,7.317666808706072,0.5702823566886166,3.9130094652049774,0.10088648628932512,0.21069161064445857,1.4179248435077385,0.0,1.5,0.14257058917215415,0.9782523663012443,0.5044324314466255,0.7023053688148619,4.287147054139229,0.652429010962669,7.944594606917181,6602.733967925428
1.068,534,-4.344884958300564,0.775491418348927,-7.919290108409703,5.199925738604148,-0.11167133369722743,0.4168423181218716,3.0727401526996503,-0.22554784264536498,0.33053165043559957,-1.2569786278184136,2.3619446363693846,-1.7147370129084312,0.4042398050540263,0.144766975007542,27.12614198229278,-4.0,12.0,-1.0,1.0,-1.0,1.0,7.089630958719038,0.5240920333595489,3.896601144220143,0.10129135826544476,0.20823776346019626,1.4206453756335637,0.0,1.5,0.13102300833988723,0.9741502860550357,0.5064567913272238,0.6941258782006542,4.344884958300564,0.775491418348927,7.919290108409703,6609.823598884147
1.07,535,-4.404376499898357,0.880804084805096,-7.887888002109796,5.206068464053901,-0.11211882941441216,0.4175063797961114,3.0715751841196983,-0.2222052850166244,0.3337225602564403,-1.2604346078724222,2.3630071809083746,-1.8174563801013393,0.6553792545261574,-0.030579835031971925,25.58987370085299,-0.6859691997132233,12.0,-1.0,1.0,-0.08110895,0.84909874,7.273446579348584,0.47649880008131484,3.8825594553593206,0.10179379196624327,0.20782301517991386,1.4233614907422307,0.0,1.5,0.11912470002032871,0.9706398638398301,0.5089689598312164,0.6927433839330462,4.404376499898357,0.880804084805096,7.887888002109796,6617.097045463495
1.072,536,-4.464942246610839,0.9766578193913059,-7.861223859943706,5.212203690349213,-0.11256771542860419,0.41817481514100957,3.0652625328483207,-0.2267966755572104,0.33488800089517134,-1.2639041021492188,2.364554896697245,-1.7290070110188478,0.8893241019614893,1.1742130117343095,24.121667545694322,2.6258069144280043,12.0,-1.0,1.0,0.31453276,1.0,6.773849208634972,0.42804620271132876,3.8697789574144927,0.1022204182409007,0.20557052120853397,1.4260741276700988,0.0,1.5,0.10701155067783219,0.9674447393536232,0.5111020912045035,0.6852350706951132,4.464942246610839,0.9766578193913059,7.861223859943706,6623.87089467213
1.074,537,-4.52656134730695,1.0748537113604308,-7.840218692249772,5.218335385308005,-0.11301865308895774,0.41884502998483675,3.0659814181592884,-0.224159827425646,0.3348323830723227,-1.2676161166155564,2.3665467029546496,-1.9690189801678688,1.0983852604810522,1.4258650216811475,22.642400150743526,-0.5223624855753268,-12.0,-1.0,1.0,-0.061398707,0.5814319,6.792587259289906,0.3787509221544396,3.8566861718186094,0.10255650092400365,0.20582745400552294,1.4287850754895426,0.0,1.5,0.0946877305386099,0.9641715429546523,0.5127825046200182,0.6860915133517431,4.52656134730695,1.0748537113604308,7.840218692249772,6630.6634819314195
1.076,538,-4.589685140087598,1.1848516580261526,-7.829318616091875,5.224464530842635,-0.11347598054716196,0.4195132900343958,3.061213797175603,-0.2329448536785677,0.3325856070482264,-1.2717273337595363,2.3689330563109197,-2.053379638717093,1.2848701484337115,3.3683277606937736,21.198733106664804,4.0,-12.0,-1.0,1.0,1.0,0.4906476,5.983961798093211,0.3282518879299219,3.8420197789298465,0.10273090214253,0.20412158293271776,1.4314947803174247,0.0,1.5,0.08206297198248047,0.9605049447324616,0.51365451071265,0.6804052764423926,4.589685140087598,1.1848516580261526,7.829318616091875,6636.647443729513
1.078,539,-4.6554431615214105,1.2760911308109577,-7.836998923250953,5.230574169944056,-0.11394969038877602,0.4201730582317031,3.048628953199718,-0.240768487511149,0.3270822780108894,-1.2755217643286771,2.3716799795358936,-1.7448764564645705,1.4603121604096396,4.612374482235907,19.789037995647504,4.0,12.0,-1.0,0.81660783,1.0,1.0,5.87445143842999,0.2756454707828717,3.8298545158918724,0.10260801722798474,0.19959909521518543,1.434195707733498,0.0,1.5,0.06891136769571793,0.9574636289729681,0.5130400861399237,0.6653303173839514,4.6554431615214105,1.2760911308109577,7.836998923250953,6642.521895167943
1.08,540,-4.723567004894287,1.336202218185301,-7.861475847381554,5.236659960555665,-0.11443859105791306,0.4208211906408627,3.0389720821965014,-0.24811996957653448,0.3213216785930237,-1.278721944270659,2.374767283819439,-1.5359794097998276,1.6244466388943737,3.8287446848014497,18.362443290773115,3.960994041901907,12.0,-1.0,0.46137038,0.57316226,1.0,5.824427913162696,0.22114639608457054,3.8218397042419596,0.10221638644189515,0.19611260168605754,1.4368859803666578,0.0,1.5,0.055286599021142635,0.9554599260604899,0.5110819322094757,0.6537086722868585,4.723567004894287,1.336202218185301,7.861475847381554,6648.346323081105
1.082,541,-4.793844037891308,1.3794846497932485,-7.903201308525337,5.242729840487329,-0.11494293455607817,0.4214574533302627,3.0327555239773916,-0.25639348542652557,0.3152689658903004,-1.2816503693207517,2.378167223453442,-1.4741030100282333,1.7731421749854483,3.424295439874072,16.924310041640354,4.0,12.0,-1.0,0.9525496,1.0,1.0,5.559910335824021,0.1649247696869538,3.8160687133609,0.10154877906359461,0.19386221483299812,1.439569124758827,0.0,1.5,0.04123119242173845,0.954017178340225,0.507743895317973,0.6462073827766605,4.793844037891308,1.3794846497932485,7.903201308525337,6653.906233416928
1.084,542,-4.864651720012556,1.4136093116511639,-7.950253015810269,5.248788697883208,-0.11544985103610443,0.42207875538871026,3.0279072992710985,-0.25069192916633026,0.30632278353558146,-1.284440753900595,2.381848214783749,-1.3991753665620725,1.9054260095478497,3.7005984510346934,15.500844434384362,-1.2211855004817083,12.0,-1.0,1.0,0.04298667,1.0,5.710506280312019,0.10827862398995558,3.8115187584465113,0.1007959517470357,0.19210448918331025,1.4422474677273946,0.0,1.5,0.027069655997488895,0.9528796896116278,0.5039797587351785,0.6403482972777008,4.864651720012556,1.4136093116511639,7.950253015810269,6659.6167396972405
1.086,543,-4.933640837825363,1.4404977974588395,-7.982857002729903,5.25483826913341,-0.11593827460037494,0.4226797948646416,3.023450498125157,-0.23796655378147075,0.2950049531829495,-1.2870721351239502,2.3857776300496614,-1.315756718606484,2.0215961227696693,3.884037149672565,14.103226995510909,-4.0,12.0,-1.0,1.0,-0.6652781,1.0,5.289185252903168,0.05308732973970942,3.807933627005488,0.10027428795632157,0.19048693683709186,1.4449220423524345,0.0,1.5,0.013271832434927355,0.951983406751372,0.5013714397816078,0.6349564561236396,4.933640837825363,1.4404977974588395,7.982857002729903,6664.905924950143
1.088,544,-5.000207906209575,1.4610507180334908,-7.994607684082184,5.260878648717798,-0.11640154857767677,0.42325668737796984,3.018745199276872,-0.22554309378018517,0.2822021971258135,-1.2895278200623255,2.3899244804399697,-1.2238027252885866,2.122998782548547,3.99322015456562,12.736493376219414,-4.0,12.0,-1.0,1.0,-1.0,1.0,5.163339143734147,-8.316248382982394e-05,3.8051932375955344,0.10008627705468505,0.18877769544847925,1.4475930087691555,0.0,1.5,-2.0790620957455986e-05,0.9512983093988836,0.5004313852734252,0.6292589848282641,5.000207906209575,1.4610507180334908,7.994607684082184,6670.069264093878
1.09,545,-5.064596674397541,1.4886086848661053,-7.986921457072774,5.266915231068157,-0.1168408802694565,0.4238078352774314,3.0175955952028546,-0.21381912298065253,0.26859550971016766,-1.292086086600783,2.3942551713088784,-1.3264484670689924,2.204690576138392,4.02458717565122,11.40010999926335,-4.0,-12.0,-1.0,1.0,-1.0,-0.79485077,5.015357719729173,-0.025838669759016497,3.8015188420178525,0.10020925668683563,0.18835989258688754,1.4502627809991138,0.0,1.5,-0.006459667439754124,0.9503797105044631,0.5010462834341781,0.6278663086229584,5.064596674397541,1.4886086848661053,7.986921457072774,6675.084621813607
1.092,546,-5.127193731019532,1.5275537203599878,-7.9618196549205,5.272948068621461,-0.11725837402314275,0.42432994249692957,3.0150477678460597,-0.20384945960640366,0.2532255928467802,-1.2948031946133503,2.3987320254599367,-1.383723948035101,2.2694722045717715,5.049469192244771,10.125512857532385,-3.567461599323688,-12.0,-1.0,1.0,-0.33333096,-0.5530104,5.043721561393667,-0.050877492407812856,3.796326170618668,0.10061088552127201,0.18743369190938294,1.4529314150844037,0.0,1.5,-0.012719373101953214,0.949081542654667,0.50305442760636,0.6247789730312765,5.127193731019532,1.5275537203599878,7.9618196549205,6680.128343375
1.094,547,-5.188218185054018,1.5759234258986397,-7.919680551254907,5.278974961591847,-0.11765468952524238,0.4248193987019077,3.011719901992339,-0.19250370712549422,0.2359712170489374,-1.2975964324087423,2.403322592967421,-1.4036142807230525,2.318668253414235,5.879268199588751,8.906233885153767,-4.0,-12.0,-1.0,1.0,-0.95552486,-0.75961107,4.8514227082321355,-0.07528727402160734,3.789876876546848,0.1012851111799215,0.18622350021937337,1.4555979843140503,0.0,1.5,-0.018821818505401836,0.947469219136712,0.5064255558996075,0.6207450007312446,5.188218185054018,1.5759234258986397,7.919680551254907,6684.979766083233
1.096,548,-5.247658738654718,1.632234509918935,-7.859032061201395,5.284994560728114,-0.11802854986566055,0.42527287888634835,3.006506483243625,-0.18129901116201014,0.21650654739191663,-1.3003960542214128,2.4079975360210706,-1.3531672474114347,2.349805361897419,6.537367422106854,7.742140139444587,-4.0,-12.0,-1.0,1.0,-1.0,-1.0,4.794313208086875,-0.0990634954618873,3.782368732010809,0.10225548702077769,0.1843268927729775,1.458261953971284,0.0,1.5,-0.024765873865471823,0.9455921830027022,0.5112774351038885,0.614422975909925,5.247658738654718,1.632234509918935,7.859032061201395,6689.77407929132
1.098,549,-5.305684800408035,1.6866741257327975,-7.779258384182874,5.290995528148355,-0.11837967887872679,0.42568150855242176,2.9947931832029964,-0.16991435948252775,0.1921781014213858,-1.3028369252531975,2.412696868034718,-1.0936951247306064,2.3489841414676027,11.759125793803094,6.651465986298831,-4.0,-12.0,-0.7542953,1.0,-0.85556334,-0.88803285,4.863289525828304,-0.1222739201632141,3.7751101165689604,0.10353186585307401,0.18006440981334762,1.460918420132416,0.0,1.5,-0.030568480040803526,0.9437775291422401,0.5176593292653701,0.6002146993778255,5.305684800408035,1.6866741257327975,7.779258384182874,6694.637368817148
1.1,550,-5.362933267859294,1.7221583667838722,-7.682902056226381,5.296974144284463,-0.11871233503667335,0.4260452249297738,2.984267199408065,-0.16304302825610884,0.17166960877046855,-1.3045861491188453,2.4174249416450286,-0.666056737831654,2.3786884504464756,6.035870211035672,5.715705685718433,-2.6102551744257356,12.0,-1.0,0.53348833,-0.44672713,-0.0166158,5.0780734716514075,-0.14517330714371754,3.770378884428817,0.10507356710037791,0.1762356167805347,1.463565700985173,0.0,1.5,-0.036293326785929385,0.9425947211072042,0.5253678355018895,0.5874520559351157,5.362933267859294,1.7221583667838722,7.682902056226381,6699.7154422888
1.102,551,-5.421059328911825,1.7272570533387293,-7.581005805985424,5.302933326470225,-0.11903990474705695,0.4263692672845448,2.9756613785490633,-0.1647672586083546,0.15211651048352293,-1.3055424574263823,2.422209522139413,-0.34433603638224264,2.400604365472581,4.247523049670463,4.621569418761908,0.5796458181114557,12.0,-1.0,1.0,-0.10936936,0.061709948,5.116645572469716,-0.16842373156473017,3.769699059554836,0.10670390710423322,0.17310883396568122,1.4662049036820095,0.0,1.5,-0.04210593289118254,0.942424764888709,0.533519535521166,0.5770294465522707,5.421059328911825,1.7272570533387293,7.581005805985424,6704.832087861269
1.104,552,-5.481077635466886,1.7242569019859615,-7.482693665164163,5.308879022015428,-0.11937112580691189,0.42665209822463657,2.9701085612941274,-0.1665904016400411,0.13062872408563642,-1.3061537105520686,2.4270041688326924,-0.26893064825218876,2.392748645819518,2.830181203930863,3.555073744754509,0.3792733981945067,-12.0,-1.0,1.0,-0.16492577,-1.0,5.072046830314717,-0.1924310541867545,3.770099079735205,0.1082769013573734,0.1710939123926263,1.4688386146622108,0.0,1.5,-0.04810776354668862,0.9425247699338013,0.541384506786867,0.5703130413087544,5.481077635466886,1.7242569019859615,7.482693665164163,6709.904134691584
1.106,553,-5.544099289260904,1.7237581937517141,-7.397112166160414,5.314812506769791,-0.11971519834066639,0.42689196330245416,2.9633964929028154,-0.17742163919492654,0.10909143813642114,-1.3066259622983687,2.4317742367663495,-0.20510265050697918,2.375895152078341,2.575404888417836,2.635423004363929,3.973754170858423,-12.0,-1.0,1.0,0.2532554,-1.0,5.025527982235932,-0.2176397157043617,3.770165574166438,0.10964620534143338,0.1686618506913229,1.4714673428572809,0.0,1.5,-0.05440992892609042,0.9425413935416095,0.5482310267071668,0.5622061689710763,5.544099289260904,1.7237581937517141,7.397112166160414,6714.92966267382
1.108,554,-5.610873126044279,1.7224416289667648,-7.33052346427326,5.320732807276721,-0.12007902772838998,0.4270886356632142,2.956511053745831,-0.18624622480608832,0.08772201859381434,-1.3069176518641918,2.4365116755728393,-0.04225963858070833,2.3645024730744306,2.350715248951815,1.7656768863383832,3.3532904589594192,-12.0,-1.0,1.0,0.18590383,-0.5898258,5.079048062526412,-0.24434925041771152,3.7703411161377645,0.11071162457162785,0.1661717688129822,1.474090597047121,0.0,1.5,-0.06108731260442788,0.9425852790344411,0.5535581228581392,0.553905896043274,5.610873126044279,1.7224416289667648,7.33052346427326,6720.008710736346
1.11,555,-5.681223847988305,1.7168694171173995,-7.282394276502673,5.326640151462838,-0.12046229693136414,0.42724158110535987,2.9508498368448075,-0.19698989213549212,0.06510386182462397,-1.3069773965655045,2.441211148939315,-0.018221212065381236,2.333709094264073,1.5948381024850846,0.8751525200599417,4.0,-12.0,-1.0,1.0,1.0,-1.0,5.033716994626877,-0.2724895391953219,3.77108407771768,0.11148169157595722,0.1641286663713062,1.476708490427404,0.0,1.5,-0.06812238479883047,0.94277101942942,0.5574084578797861,0.5470955545710207,5.681223847988305,1.7168694171173995,7.282394276502673,6725.042427730973
1.112,556,-5.755215040564741,1.7124573748881415,-7.254704630451218,5.33253576749351,-0.12086667394782441,0.42734930386287984,2.944331455544972,-0.2072496722517697,0.04275156432423637,-1.3069106088681781,2.4458509166150106,0.1315015574054598,2.308940739191223,1.486594910170993,0.08922474081657583,4.0,-12.0,-1.0,1.0,1.0,-0.8315422,5.007580657843473,-0.30208601622589626,3.7716723500149145,0.11192472591278052,0.16178162176734726,1.4793215745592585,0.0,1.5,-0.07552150405647406,0.9429180875037286,0.5596236295639025,0.5392720725578242,5.755215040564741,1.7124573748881415,7.254704630451218,6730.050008388816
1.114,557,-5.832534738969179,1.690389362379699,-7.24511833018597,5.338417940041243,-0.12129104768229125,0.4274133355133327,2.938163261596692,-0.21711404286843097,0.021335487885356517,-1.3063945826293748,2.45045359403439,0.37629313026771327,2.2933000384123057,0.7246235233515108,-0.7148870189582226,4.0,12.0,-1.0,1.0,1.0,0.33818346,4.924465427341285,-0.33301389558767164,3.774614751682707,0.1120781067170245,0.1595666069387225,1.4819290773179512,0.0,1.5,-0.08325347389691791,0.9436536879206767,0.5603905335851225,0.5318886897957417,5.832534738969179,1.690389362379699,7.24511833018597,6734.974473816158
1.116,558,-5.9129575519631645,1.6484056676995593,-7.253012094120665,5.3442896724890945,-0.1217350914024614,0.42743485793351044,2.9338745277182228,-0.2269204718668542,0.00023873524627603115,-1.3054361846307243,2.4550223248281506,0.5749180379466596,2.274978751598631,-0.6025395887204468,-1.557218998939561,4.0,12.0,-1.0,1.0,0.48056325,0.53786784,4.871586149109863,-0.3651830207852658,3.7802125776400586,0.11195180649406936,0.1580302347541594,1.4845323191633408,0.0,1.5,-0.09129575519631646,0.9450531444100146,0.5597590324703468,0.5267674491805313,5.9129575519631645,1.6484056676995593,7.253012094120665,6739.846059965268
1.118,559,-5.996365676285053,1.6038883504269699,-7.279949818052457,5.350156905993898,-0.12219928065185157,0.4274129145569277,2.9328438293169308,-0.23713507016943117,-0.022087509239462365,-1.3043905660830517,2.4595272283172536,0.5216627393151763,2.2325278289883936,-1.787343726845279,-2.379358723623284,4.0,-12.0,-1.0,1.0,0.5630896,-0.45403594,4.894093193635719,-0.39854627051402114,3.7861482199430707,0.11152080291116069,0.15766148439743582,1.4871339468344176,0.0,1.5,-0.09963656762850528,0.9465370549857677,0.5576040145558034,0.5255382813247861,5.996365676285053,1.6038883504269699,7.279949818052457,6744.740153158904
1.12,560,-6.081412681218377,1.5676794766321356,-7.318577459506795,5.356023886509334,-0.12267511015083334,0.4273452920397402,2.9335785243349606,-0.23849180968699202,-0.04548888804530052,-1.303445415675121,2.463942743621551,0.47497521203219073,2.1854297314218014,-1.7301909432223397,-3.0680848083927117,0.7006187676221989,-12.0,-1.0,1.0,0.08318285,-0.63810486,5.060399276377225,-0.4325650724873509,3.7909760697823818,0.11090276064789129,0.15792431487266578,1.489735957819542,0.0,1.5,-0.10814126812183772,0.9477440174455954,0.5545138032394564,0.526414382908886,6.081412681218377,1.5676794766321356,7.318577459506795,6749.800552435281
1.122,561,-6.1650865744962475,1.5303656405295532,-7.347876995683132,5.361892856229717,-0.12314150179012734,0.4272305861727728,2.936159044552749,-0.22806730838668832,-0.06935997372882492,-1.3023978670352947,2.4682774974508748,0.5148895718912188,2.145445008704306,-1.6857833883935882,-3.7156973814191474,-4.0,12.0,-1.0,1.0,-0.6278763,-0.45306927,4.927155218494173,-0.466034629798499,3.795951247929393,0.1104339680690699,0.15884823166961623,1.492339571503694,0.0,1.5,-0.11650865744962476,0.9489878119823483,0.5521698403453494,0.5294941055653875,6.1650865744962475,1.5303656405295532,7.347876995683132,6754.727707653776
1.124,562,-6.245992106045743,1.5045555687967527,-7.358587960358303,5.36776857121037,-0.12358814509338037,0.4270664363372421,2.939418884413441,-0.21871768056344731,-0.09493324851670347,-1.3014746740990104,2.472508806993433,0.41110131213365103,2.0846678768067672,-2.094864915654,-4.382724533696489,-3.921079439723914,-12.0,-1.0,1.0,-0.48730722,-1.0,4.985026239483243,-0.49839684241829724,3.7993925908271,0.11026259263426715,0.16001700652260725,1.4949470355790546,0.0,1.5,-0.12459921060457431,0.949848147706775,0.5513129631713357,0.5333900217420242,6.245992106045743,1.5045555687967527,7.358587960358303,6759.712733893259
1.1260000000000001,563,-6.327253794154017,1.4936021293488613,-7.3712769812735806,5.373647007415912,-0.1240363016986519,0.4268521233132804,2.938505196916737,-0.229311212065822,-0.11927766469471944,-1.3007433872503535,2.4766102545178583,0.3707122738423546,2.0194677904551543,-1.760562204123005,-4.925100782720449,4.0,-12.0,-1.0,1.0,1.0,-1.0,4.978472258155281,-0.5309015176616069,3.800853049420152,0.11005956829962271,0.15968923525031767,1.4975563676083206,0.0,1.5,-0.13272537941540172,0.950213262355038,0.5502978414981136,0.5322974508343923,6.327253794154017,1.4936021293488613,7.3712769812735806,6764.691206151414
1.1280000000000001,564,-6.409001479732277,1.4810637292195645,-7.386225683030457,5.379525068395942,-0.12448765533712713,0.42658832294746346,2.9403722063026114,-0.22225148768308353,-0.14458071923821908,-1.29990345461986,2.4805957373714325,0.41014103958925313,1.96276960602286,-1.704874382397918,-5.419389855847442,-2.9188042004589887,12.0,-1.0,1.0,-0.3359429,-0.8831714,5.061635176773727,-0.5636005918929108,3.802524836104058,0.10982038907151269,0.16035914238493515,1.500166165762316,0.0,1.5,-0.1409001479732277,0.9506312090260145,0.5491019453575634,0.5345304746164505,6.409001479732277,1.4810637292195645,7.386225683030457,6769.752841328188
1.1300000000000001,565,-6.488369796240862,1.4781330408492697,-7.385157239739275,5.385411909270959,-0.12492271525970339,0.4262748421586946,2.9447148225380793,-0.21269926265029415,-0.16955873391638013,-1.2992030800901455,2.484466918359851,0.3749314342785623,1.9068558038941308,-2.070004737231102,-5.932995504400765,-4.0,-11.212269800255129,-1.0,1.0,-1.0,-1.0,5.038440429364353,-0.5953479184963449,3.8029155945534305,0.1098374841641716,0.16191948702841863,1.5027806898220986,0.0,1.5,-0.14883697962408624,0.9507288986383576,0.549187420820858,0.5397316234280621,6.488369796240862,1.4781330408492697,7.385157239739275,6774.7912817575525
1.1320000000000001,566,-6.565097698480518,1.4813643805260746,-7.36508524778474,5.391307364384209,-0.12533899035931031,0.42591092649842105,2.9489617451218124,-0.20346383961168163,-0.1950097540340925,-1.2985749361280945,2.4882215618534285,0.34040477556683474,1.8463088290173448,-2.0340316166205525,-6.427662691440901,-4.0,-11.900641960881131,-1.0,1.0,-1.0,-1.0,5.0790331253916605,-0.626039079392207,3.80248474926319,0.11015863603544417,0.1634482061146438,1.5053999020154514,0.0,1.5,-0.15650976984805176,0.9506211873157975,0.5507931801772208,0.5448273537154794,6.565097698480518,1.4813643805260746,7.36508524778474,6779.8703148829445
1.1340000000000001,567,-6.6393978145134716,1.4905246113436972,-7.326287677132612,5.397211203865612,-0.1257371028022012,0.4254957156533096,2.953150374021483,-0.19454061435625788,-0.22082702925047668,-1.2980093652878024,2.491851178122109,0.3108696935974492,1.7818977093966142,-1.9870271154721308,-6.875856515772398,-4.0,-11.384458824630883,-1.0,1.0,-1.0,-1.0,5.117117886311736,-0.6557591258053886,3.8012633851541735,0.11077939716587822,0.1649584209315644,1.5080237062212816,0.0,1.5,-0.16393978145134716,0.9503158462885434,0.5538969858293911,0.5498614031052147,6.6393978145134716,1.4905246113436972,7.326287677132612,6784.987432769256
1.1360000000000001,568,-6.7120605495060435,1.5051486282856221,-7.272689118404833,5.40312294786842,-0.12612144094834757,0.42502899713328424,2.9568236607973635,-0.1898136787047192,-0.2465044595550503,-1.297502643123249,2.4953484471326832,0.28292428688401183,1.7139827787513353,-1.9524658736835931,-7.279724171404894,-2.6230265168426934,-11.806058130169376,-1.0,1.0,-0.4485875,-1.0,5.213054109972025,-0.6848242198024175,3.7993135162285836,0.11163697410552267,0.16628470401676268,1.5106518477545787,0.0,1.5,-0.17120605495060437,0.9498283790571459,0.5581848705276133,0.5542823467225423,6.7120605495060435,1.5051486282856221,7.272689118404833,6790.200486879228
1.1380000000000001,569,-6.786195001204412,1.523161267743762,-7.2231171899897015,5.409039608193862,-0.12651172593371496,0.4245121281914429,2.958071117592083,-0.20019887390666086,-0.27102827500177873,-1.2970516504174894,2.4987056477349388,0.25402836182955507,1.6417286814821994,-1.9140832730270745,-7.639603320293304,3.607493084694274,-11.511572115519542,-1.0,1.0,0.2872881,-1.0,5.234890246960327,-0.7144780004817648,3.7969118309674985,0.11243012496016479,0.16673548715925895,1.5132827806775055,0.0,1.5,-0.1786195001204412,0.9492279577418746,0.5621506248008239,0.5557849571975298,6.786195001204412,1.523161267743762,7.2231171899897015,6795.4353771261885
1.1400000000000001,570,-6.862863397500883,1.543908187147197,-7.18486827531558,5.414959702940076,-0.12691613926757808,0.42393952648143957,2.9602878614758206,-0.2042870306163825,-0.3040250899198355,-1.2966277813723561,2.5018556772841625,0.26433893840349815,1.4873307475860837,-1.8598021889067695,-7.949772954398725,0.697926359327369,-11.633900232326681,-1.0,1.0,-0.054705583,-1.0,5.398714090828681,-0.7451453590003532,3.7941455750470405,0.11304210759495073,0.1675369777714988,1.5159158366950019,0.0,1.5,-0.1862863397500883,0.9485363937617601,0.5652105379747536,0.5584565925716627,6.862863397500883,1.543908187147197,7.18486827531558,6800.834091217017
1.1420000000000001,571,-6.94020905218908,1.5686674861388779,-7.147011437772847,5.420885060933888,-0.12732515246925005,0.4232951602840479,2.9633683133648843,-0.20462142637600048,-0.34062668655007433,-1.2961622658899135,2.504639403375167,0.2842753803832134,1.2983992306055279,-1.9961288808030986,-7.807789194762961,-1.0466152951085914,-11.576367943846861,-1.0,1.0,-0.2761787,-1.0,5.526050482735439,-0.7760836208756321,3.790844335181483,0.11364781699563445,0.16865164922744905,1.518552138677463,0.0,1.5,-0.19402090521890802,0.9477110837953707,0.5682390849781722,0.5621721640914968,6.94020905218908,1.5686674861388779,7.147011437772847,6806.360141699753
1.1440000000000001,572,-7.0182281095881764,1.5978295021079774,-7.1096437332139315,5.426816085950266,-0.1277388948939187,0.42257944172740874,2.965940102743881,-0.2089387671676084,-0.3754054324038804,-1.2956739103707617,2.5070598980621095,0.2878640271394252,1.1239408438617042,-2.188914187190221,-7.419876828061035,0.6516732716360552,-11.591936918912666,-1.0,1.0,-0.08510449,-1.0,5.655464443328911,-0.8072912438352706,3.786956066385603,0.11424570026857711,0.1695830075391467,1.5211918503592083,0.0,1.5,-0.20182281095881766,0.9467390165964007,0.5712285013428855,0.5652766917971557,7.0182281095881764,1.5978295021079774,7.1096437332139315,6812.015606143082
1.1460000000000001,573,-7.098830673131388,1.630604757455468,-7.084774388896216,5.432750847800533,-0.12816937260677597,0.4217962694247154,2.9670907896555967,-0.22130851065932206,-0.4081000168755557,-1.2951937449115891,2.5091449645689363,0.2764176378311001,0.9628206486161368,-2.30452852480164,-7.0316838317303905,4.0,-11.475479809484654,-1.0,1.0,0.74855286,-1.0,5.670789033009027,-0.8395322692525554,3.782586032339271,0.11464360977766055,0.16999992939325986,1.5238339285065154,0.0,1.5,-0.20988306731313885,0.9456465080848178,0.5732180488883027,0.5666664313108662,7.098830673131388,1.630604757455468,7.084774388896216,6817.686395176091
1.1480000000000001,574,-7.1831121840991194,1.6663763465961186,-7.0802616003246595,5.438687871126335,-0.1286242112508381,0.4209489307753487,2.968214071841946,-0.23330666545366113,-0.4395716618531262,-1.2947439025700875,2.5109210846845724,0.2579794539685007,0.814884292730709,-2.3433296700945334,-6.643096156867955,4.0,-11.417342794772736,-1.0,1.0,0.71626973,-1.0,5.775592857918349,-0.8732448736396479,3.7778164871205178,0.11471581439480545,0.17040703996363027,1.5264775825731478,0.0,1.5,-0.21831121840991197,0.9444541217801294,0.5735790719740272,0.5680234665454342,7.1831121840991194,1.6663763465961186,7.0802616003246595,6823.461988034009
1.1500000000000001,575,-7.270775623507816,1.7049776969675872,-7.095813416872075,5.444627169565961,-0.1291026973279657,0.4200398646411283,2.9693752203007593,-0.2449630534149127,-0.46982807574844876,-1.2943358184791005,2.512414056920881,0.23531966977674817,0.6795663181648256,-2.3411072190818345,-6.258638400568032,4.0,-11.466694235289836,-1.0,1.0,0.6814016,-1.0,5.86213437123197,-0.9083102494031263,3.7726696404043216,0.1144669853300468,0.1708279929361848,1.529122778968531,0.0,1.5,-0.22707756235078158,0.9431674101010804,0.572334926650234,0.5694266431206161,7.270775623507816,1.7049776969675872,7.095813416872075,6829.324122405241
1.1520000000000001,576,-7.362955966684845,1.7295361633644373,-7.119389268665946,5.450564194857805,-0.12959541602601168,0.41908888126335564,2.964014472852893,-0.249619408727478,-0.47617128975176715,-1.293614701936118,2.513692613656474,0.6446361676242766,0.6116906322809375,-2.3094251163204262,-5.880642975000342,-3.3057753142573834,-11.477969338359273,-1.0,1.0,-0.44904158,-1.0,5.799487887642751,-0.9451823866739382,3.7693951782180752,0.11408977170134488,0.168885590103912,1.5317673128472884,0.0,1.5,-0.23629559666848454,0.9423487945545188,0.5704488585067243,0.56295196701304,7.362955966684845,1.7295361633644373,7.119389268665946,6835.123610292883
1.154,577,-7.4625213297912145,1.69543359171976,-7.1423658243699375,5.456480583960529,-0.13009447183050096,0.41815266925598465,2.9517084215831315,-0.24944387060155943,-0.4613805613130776,-1.291709731971699,2.5149057134257293,1.286991120310221,0.5987476931437895,-4.500230914154599,-5.796975892699493,-0.8999542419982396,-12.0,-1.0,1.0,-0.15905495,-1.0,5.834066175161027,-0.9850085319164859,3.7739421877706985,0.113722146810081,0.16443825738935325,1.5344023374369011,0.0,1.5,-0.24625213297912146,0.9434855469426746,0.568610734050405,0.5481275246311775,7.4625213297912145,1.69543359171976,7.1423658243699375,6840.957676468044
1.156,578,-7.56751464239162,1.5971249264675558,-7.162060231258989,5.462373495996308,-0.13059255114864743,0.4172520631370712,2.9412706220552876,-0.24875911333878029,-0.4417815017894598,-1.2886057465222804,2.5161077463915027,1.8260888194030505,0.5974362266524796,-8.092999670468146,-5.974881150864803,-2.1532041614370843,-12.0,-1.0,1.0,-0.3119322,-1.0,5.554056907984373,-1.027005856956648,3.787050009804326,0.11340703629985618,0.1606817079745149,1.5370263896239083,0.0,1.5,-0.256751464239162,0.9467625024510815,0.5670351814992809,0.535605693248383,7.56751464239162,1.5971249264675558,7.162060231258989,6846.511733376028
1.158,579,-7.673214821140619,1.4373648071834908,-7.17876873823585,5.46824960849155,-0.13108546225000564,0.41637949773207844,2.935881061579798,-0.2438520890719706,-0.42943737263708864,-1.284451936561393,2.5172849049717505,2.287675183162016,0.5828680578644062,-11.409285255815973,-6.208730411562954,4.0,12.0,-1.0,1.0,0.7418356,-0.6106997,5.542293983901673,-1.0692859284562477,3.8083513590422013,0.11313970018822639,0.15874864801372024,1.5396425862521008,0.0,1.5,-0.2673214821140619,0.9520878397605503,0.5656985009411319,0.5291621600457341,7.673214821140619,1.4373648071834908,7.17876873823585,6852.05402735993
1.16,580,-7.774911137704739,1.22430200254288,-7.193069574472999,5.47412010598437,-0.13156878806999972,0.4155312791066803,2.935832136476221,-0.23932626582792638,-0.4193875893866955,-1.2795343585221457,2.5184326834606923,2.5969748678265905,0.5636256649086347,-14.547979066788344,-6.371321283672103,2.6086961789453365,12.0,-1.0,1.0,0.31800655,0.5884616,5.216975719846317,-1.1099644550818955,3.836759732994283,0.112910886808432,0.1587311226387331,1.5422559956733544,0.0,1.5,-0.27749111377047386,0.9591899332485707,0.56455443404216,0.5291037421291104,7.774911137704739,1.22430200254288,7.193069574472999,6857.271003079776
1.162,581,-7.877767191486551,0.9719009710551596,-7.2020631811276585,5.479995956599873,-0.1320463340918355,0.4147085043114319,2.9408966688595806,-0.23797400407503916,-0.4020241241019532,-1.2742444372121897,2.519551385612486,2.6566412653992133,0.5581559906688428,-17.077993097960643,-6.504665016681656,-4.0,1.7725761488045748,-1.0,1.0,-1.0,-0.35888565,4.781191939150778,-1.1511068765946202,3.870413203859312,0.11276698910195747,0.16054742870574354,1.5448714392408132,0.0,1.5,-0.28777671914865505,0.967603300964828,0.5638349455097873,0.5351580956858119,7.877767191486551,0.9719009710551596,7.2020631811276585,6862.052195018927
1.164,582,-7.9864951799225805,0.6971602352378943,-7.205137853852312,5.48588713152561,-0.1325205873269909,0.41392597417690774,2.9510975951476683,-0.23662167624683822,-0.38162254214617264,-1.2690428895186612,2.52066838957764,2.5218102045876947,0.5556579749007726,-18.434309347814946,-6.7010570758413905,-4.0,-12.0,-1.0,1.0,-1.0,-1.0,4.772974795095872,-1.1945980719690323,3.9070453019682807,0.112717794338363,0.16421799361667103,1.5474931280407294,0.0,1.5,-0.2986495179922581,0.9767613254920702,0.563588971691815,0.5473933120555701,7.9864951799225805,0.6971602352378943,7.205137853852312,6866.825169814023
1.166,583,-8.100822502891248,0.4081568696343586,-7.2039453530977795,5.491802000588961,-0.13299559705747527,0.4131596801840505,2.964559297786398,-0.2388190250062126,-0.3857905650112602,-1.2641068647970155,2.521724565244898,2.38891920121906,0.49828075802236965,-18.800463582463067,-6.911967790031838,-3.1787966399287817,12.0,-1.0,1.0,-0.4188021,0.15519994,5.0466313347831795,-1.2403290011564991,3.9455790840487523,0.11273687435043554,0.16908287570050934,1.550125057934379,0.0,1.5,-0.3100822502891248,0.9863947710121881,0.5636843717521777,0.5636095856683645,8.100822502891248,0.4081568696343586,7.2039453530977795,6871.871801148806
1.168,584,-8.212977710997947,0.11260864944337644,-7.198992263737046,5.497750269490193,-0.13346665720791964,0.41237623362364967,2.9841507111323304,-0.23254264735447228,-0.3986087345944398,-1.2595839243000764,2.5226515717909805,2.1162749929643736,0.427108006466905,-19.12321350994904,-6.83631683909141,4.0,12.0,-1.0,1.0,1.0,0.2108193,4.992391443707512,-1.285191084399179,3.98498551340755,0.11281612378020728,0.17619326638199592,1.552772029802092,0.0,1.5,-0.32129777109979474,0.9962463783518875,0.5640806189010363,0.5873108879399864,8.212977710997947,0.11260864944337644,7.198992263737046,6876.864192592514
1.17,585,-8.319687389964939,-0.1588504437956798,-7.1993327129963,5.503746551353644,-0.13393691143975262,0.41156399953702394,3.0100663536315486,-0.24040734346516185,-0.4163411090528491,-1.2561716504955658,2.523425033990044,1.3445676925373156,0.3402160666818948,-18.66458056806343,-6.665854390530626,3.1320434122016736,-12.0,-1.0,1.0,0.37498382,-0.3310868,5.519851495864848,-1.3278749559859755,3.978819940827243,0.11281067659205919,0.18562203177073483,1.5554406494098156,0.0,1.5,-0.3319687389964939,0.9947049852068107,0.564053382960296,0.6187401059024494,8.319687389964939,0.1588504437956798,7.1993327129963,6882.384044088379
1.172,586,-8.42581687345406,-0.38286456019796933,-7.203842732190322,5.5097927750616025,-0.13441143399112365,0.41070882444023565,3.033934750502317,-0.23397058326187556,-0.43944845816000644,-1.2542755581899323,2.524015080883635,0.6501302746307809,0.2495883407640591,-15.488498826830266,-6.386087131418321,-4.0,-12.0,-1.0,1.0,-1.0,-0.56184167,5.707594226604514,-1.3703267493816242,3.948951391973604,0.11273851628495486,0.19428940796478647,1.558131897775195,0.0,1.5,-0.34258168734540606,0.987237847993401,0.5636925814247743,0.6476313598826215,8.42581687345406,0.38286456019796933,7.203842732190322,6888.091638314983
1.174,587,-8.528998920454212,-0.582801721006527,-7.192344101829095,5.515874811833469,-0.13487228451327885,0.4098043767847841,3.047890321921388,-0.22688830440557597,-0.4649277188358997,-1.2532050794592486,2.524425427806391,0.42612957687095276,0.1619919901956484,-12.395530198424296,-6.05095788054723,-4.0,12.0,-1.0,1.0,-1.0,-0.06909483,5.810814163941433,-1.4115995681816849,3.922293103865796,0.1129224943707345,0.19933287234543104,1.5608397700340988,0.0,1.5,-0.3528998920454212,0.980573275966449,0.5646124718536725,0.6644429078181034,8.528998920454212,0.582801721006527,7.192344101829095,6893.902452478925
1.176,588,-8.629954829018063,-0.7271999072458681,-7.169154166156407,5.521978139254824,-0.1353146900596792,0.4088773753637917,3.0505819200382156,-0.21392267369777512,-0.4564920617631108,-1.2535790996413163,2.5247222635526585,-0.9016923813812461,0.14572498865726996,-11.48962245576189,-5.695045512256456,-4.0,-12.0,-1.0,1.0,-1.0,-0.9263845,5.743891682503368,-1.451981931607225,3.9030400123672178,0.1132935333414975,0.20030260607846187,1.5635575178348953,0.0,1.5,-0.3629954829018063,0.9757600030918044,0.5664676667074875,0.667675353594873,8.629954829018063,0.7271999072458681,7.169154166156407,6899.646344161428
1.178,589,-8.731781184353357,-0.7660001785002609,-7.156639185619562,5.528060997051441,-0.13573848714003994,0.40802016492335746,3.0285519604675257,-0.20500319184237686,-0.3815528946369805,-1.2563791249892524,2.5250923307555544,-1.7529423444347447,0.2634259496023559,-4.7757086280873295,-5.673077653818098,4.0,-12.0,-1.0,1.0,0.5723315,-1.0,5.366256830375992,-1.492712473741343,3.897866642866632,0.11349377303008701,0.192338331922011,1.566265410601397,0.0,1.5,-0.37317811843533577,0.974466660716658,0.567468865150435,0.64112777307337,8.731781184353357,0.7660001785002609,7.156639185619562,6905.012600991804
1.18,590,-8.834453438511478,-0.7669577351932231,-7.152146867833442,5.534079922117526,-0.13612318890310274,0.40739508089183274,2.9888109081112524,-0.17971774143885738,-0.2449355413832206,-1.2601867810386125,2.525862470019617,-2.0209799929210193,0.49907238566391054,0.04054625676735668,-6.335595899122666,4.0,-12.0,-1.0,1.0,1.0,-1.0,5.026757662505953,-1.5337813754045913,3.8977389686409034,0.11356565011466493,0.17788795740526733,1.5689423108918574,0.0,1.5,-0.3834453438511478,0.9744347421602259,0.5678282505733246,0.5929598580175578,8.834453438511478,0.7669577351932231,7.152146867833442,6910.03935865431
1.182,591,-8.936989671652059,-0.754710517032129,-7.149313875443642,5.540060191340772,-0.1364641062346341,0.4070335790932708,2.9906135836594383,-0.161555206224767,-0.12010122423939122,-1.2645617388892847,2.5270482638716407,-2.328566049726627,0.6748020977657734,2.1422657090707844,-7.667855932242958,4.0,12.0,-1.0,0.78075814,1.0,1.0,4.7230477141673735,-1.5747958686608237,3.8993719310623827,0.11361097799290172,0.17854370770733796,1.5715991255155086,0.0,1.5,-0.3936989671652059,0.9748429827655957,0.5680548899645086,0.5951456923577932,8.936989671652059,0.754710517032129,7.149313875443642,6914.762406368477
1.184,592,-9.03915057949171,-0.7349617318305092,-7.147279070039265,5.546029084075849,-0.13677042854474056,0.4068979732464301,2.9784736097358167,-0.14505973186259039,-0.017293907879612658,-1.2690466459332554,2.5276891021755787,-2.1490949064020555,-0.040567568460261216,6.516824106507158,-180.0,4.0,12.0,-0.90191674,-1.0,0.522229,1.0,5.314078619639421,-1.6156602317966844,3.902005102422599,0.11364353487937176,0.174130135208677,1.5742483664175175,0.0,1.5,-0.4039150579491711,0.9755012756056497,0.5682176743968588,0.5804337840289234,9.03915057949171,0.7349617318305092,7.147279070039265,6920.076484988116
1.186,593,-9.140455453407382,-0.7087621412709487,-7.144670315231221,5.551988567384114,-0.13704477777829668,0.4069640192492956,2.9809024820514605,-0.12979611206257455,0.0790063818044187,-1.2735742536007446,2.5277821475418913,-2.3510131901982168,0.12081736313808392,4.554813255404554,-5.33498259281447,4.0,12.0,-1.0,0.7968127,1.0,1.0,5.133847994315084,-1.656182181362953,3.9054983811638735,0.11368527495630046,0.17501260648314831,1.5768911900080789,0.0,1.5,-0.41404554534073823,0.9763745952909684,0.5684263747815023,0.5833753549438278,9.140455453407382,0.7087621412709487,7.144670315231221,6925.210332982431
1.188,594,-9.240035037804166,-0.680530201646574,-7.138816647720966,5.557942428292021,-0.13729313571589236,0.4071826166672452,2.974822358467994,-0.11890155193462262,0.13691131298285736,-1.2778594210975474,2.527140752287056,-1.9439688246664062,-0.7720637267814078,12.570032447202038,-180.0,4.0,12.0,-0.6949942,-0.43444547,1.0,0.5543876,4.704150198905301,-1.6960140151216665,3.9092626397804566,0.11377893363646455,0.17280423502669345,1.5795298326791722,0.0,1.5,-0.4240035037804166,0.9773156599451142,0.5688946681823227,0.5760141167556448,9.240035037804166,0.680530201646574,7.138816647720966,6929.914483181336
1.19,595,-9.336769727785201,-0.6495969918143409,-7.126484662812836,5.563856328909001,-0.13751461404580165,0.40750786958598434,2.9393920992081086,-0.10276752104084752,0.18590324870255953,-1.2816956885454274,2.5257485130780872,-1.8863354812144484,-0.6273939152591506,5.291737879584673,-1.5678318235041502,4.0,-12.0,-1.0,1.0,1.0,-0.17520061,4.772021187407901,-1.7347078911140805,3.9133870677580878,0.11397624539499462,0.16000739578081136,1.5821496330014253,0.0,1.5,-0.43367697277852013,0.9783467669395219,0.5698812269749731,0.5333579859360379,9.336769727785201,0.6495969918143409,7.126484662812836,6934.686504368744
1.192,596,-9.43321614256224,-0.615907506624447,-7.111741939927492,5.5697468767633564,-0.13771392787468228,0.4079158042080308,2.9516908017148364,-0.0973610560488796,0.21664014582590263,-1.2855233272529791,2.5244797275974986,-1.928211927472714,-0.6598271207502696,5.770824651900909,-30.130103644790438,-4.0,12.0,-1.0,-0.035146743,-1.0,1.0,4.674370274879406,-1.7732864570248958,3.9178789991167404,0.11421212896116013,0.1644319029728567,1.5847582127705326,0.0,1.5,-0.44332161425622396,0.9794697497791851,0.5710606448058007,0.5481063432428557,9.43321614256224,0.615907506624447,7.111741939927492,6939.360874643623
1.194,597,-9.532076079273345,-0.5811054394197174,-7.100102049741999,5.575664754775136,-0.1379094558767186,0.4083484998589347,2.9672956330325473,-0.09868070203141496,0.21343657513026906,-1.2889980023520209,2.522056998583816,-1.5422455549251848,-1.7727164023587103,6.74573462470255,-180.0,-4.0,12.0,-1.0,-1.0,-1.0,1.0,3.7906374567579273,-1.8128304317093382,3.9225192747440376,0.11439836720412802,0.17007416208551493,1.5873786146106927,0.0,1.5,-0.45320760792733455,0.9806298186860094,0.5719918360206401,0.5669138736183831,9.532076079273345,0.5811054394197174,7.100102049741999,6943.151512100381
1.196,598,-9.632027396642632,-0.5444413764619861,-7.08845887305357,5.581620235524817,-0.1381092811958705,0.4087436825711346,2.9893925077070422,-0.10057634569825387,0.17407288439752805,-1.2918606470433034,2.517849215768233,-1.3198953618310032,-2.4582330415008684,5.510837781773262,-94.26102494984275,-4.0,12.0,-1.0,-0.12339148,-1.0,1.0,3.257619670423991,-1.8528109586570531,3.927407816471735,0.11458465803114289,0.1780995123609404,1.5900161159338975,0.0,1.5,-0.4632027396642633,0.9818519541179338,0.5729232901557144,0.5936650412031347,9.632027396642632,0.5444413764619861,7.08845887305357,6946.409131770805
1.198,599,-9.729120827176502,-0.5162346740412264,-7.060512396249692,5.58759778904707,-0.13829862566675796,0.40908181615039424,2.9843811333075787,-0.08900689767419404,0.15977126635750064,-1.2941690751426134,2.5130178903498757,-0.9571614095271965,-2.385790343095155,4.971615754558854,8.721322053857705,-4.0,12.0,-1.0,1.0,-1.0,1.0,3.3676805359000324,-1.8916483308706007,3.9311687101278365,0.11503180166000493,0.17627703910330658,1.5926642470152088,0.0,1.5,-0.4729120827176502,0.9827921775319591,0.5751590083000246,0.5875901303443553,9.729120827176502,0.5162346740412264,7.060512396249692,6949.776812306705
1.2,600,-9.823161233683688,-0.4929509750764962,-7.012166570829395,5.593566613635305,-0.13846583950476812,0.40938611843434425,2.9842477351401584,-0.07819975184832434,0.14450739408045243,-1.2961720983485117,2.5083123852561258,-1.040441314079973,-2.319289957174201,3.6196316129017987,9.325373645500633,-4.0,-12.0,-1.0,1.0,-1.0,-1.0,3.344713773784379,-1.9292644934734753,3.934273203323134,0.11580533486672968,0.17622854032182347,1.5953091650309132,0.0,1.5,-0.4823161233683688,0.9835683008307835,0.5790266743336484,0.5874284677394116,9.823161233683688,0.4929509750764962,7.012166570829395,6953.121526080489
1.202,601,-9.914559652409805,-0.45562840308570135,-6.946905025801749,5.599534091599457,-0.13861140062277977,0.4096598042034065,2.9830803255200773,-0.06735691486524557,0.12918008385790514,-1.2983108142434021,2.5037426278283186,-1.0936325347541735,-2.2499529622413954,4.436635776845378,9.933972734645863,-4.0,-12.0,-1.0,1.0,-1.0,-1.0,3.387581931827883,-1.965823860963922,3.93924954625524,0.11684951958717203,0.17580414711400189,1.5979541065328404,0.0,1.5,-0.4914559652409805,0.98481238656381,0.5842475979358601,0.5860138237133397,9.914559652409805,0.45562840308570135,6.946905025801749,6956.5091080123175
1.204,602,-10.0037525667606,-0.40606481557887025,-6.864705926468922,5.605498425213432,-0.13873525767040545,0.4099028947118513,2.9799296265397897,-0.05648699008930955,0.11317876556367903,-1.3005295540382216,2.4993147908205993,-1.0839051927696899,-2.1812783338240007,5.130335059194408,10.501239245543275,-4.0,-12.0,-1.0,1.0,-1.0,-0.74774903,3.428591405193515,-2.00150102670424,3.945858024589484,0.11816470517649724,0.1746591024190696,1.6005982783630945,0.0,1.5,-0.50037525667606,0.986464506147371,0.5908235258824862,0.5821970080635653,10.0037525667606,0.40606481557887025,6.864705926468922,6959.937699417511
1.206,603,-10.091812472841426,-0.3676577745793359,-6.766953077294473,5.611447901903076,-0.13884214735385053,0.41011326117598373,2.97053593639561,-0.05061429160669398,0.0977008947471758,-1.3022800421912677,2.495033515454382,-0.7151113428610832,-2.0982482490463776,5.525446308235928,11.043433505000166,-2.0131970355651805,12.0,-1.0,1.0,-0.3704921,0.1249258,5.557611511293835,-2.0367249891365704,3.9509789633894217,0.11972875076328844,0.17124890541064555,1.603236457438634,0.0,1.5,-0.5091812472841426,0.9877447408473554,0.5986437538164422,0.5708296847021519,10.091812472841426,0.3676577745793359,6.766953077294473,6965.495310928804
1.208,604,-10.181373337815964,-0.34246828725349293,-6.673556349519141,5.6173790853503425,-0.13895261663805092,0.4102945267833228,2.960656763581372,-0.05982736570674854,0.08364701449671189,-1.3035770464692025,2.490902015338593,-0.5853894997261697,-2.0322515083909094,4.031574689302147,11.484538154355448,4.0,-12.0,-1.0,1.0,0.462225,-0.6495237,3.673368871884528,-2.0725493351263857,3.954337561699534,0.12122309840769374,0.16767041236231117,1.605866838452389,0.0,1.5,-0.5181373337815964,0.9885843904248836,0.6061154920384687,0.5589013745410373,10.181373337815964,0.34246828725349293,6.673556349519141,6969.168679800689
1.21,605,-10.273894915646624,-0.32084930990264166,-6.600401492980013,5.623290587391018,-0.13908133449596607,0.4104481796203354,2.95086624980488,-0.06885784217841731,0.07008947771072539,-1.3046345305767606,2.4869083645509185,-0.47509858463560783,-1.960468043107961,3.6423663292144965,11.980854474236025,4.0,-12.0,-1.0,1.0,0.46009973,-1.0,3.7321348296370473,-2.1095579662586497,3.957220092012981,0.12239357611231978,0.16413458367420045,1.6084886190626388,0.0,1.5,-0.5273894915646624,0.9893050230032453,0.6119678805615989,0.5471152789140015,10.273894915646624,0.32084930990264166,6.600401492980013,6972.900814630326
1.212,606,-10.36896604901431,-0.30196994308257197,-6.547395829574929,5.629182659316805,-0.13922791183708105,0.4105752231222574,2.9412400705831305,-0.07768461758956613,0.05704019515313098,-1.305488541777673,2.4830637317777233,-0.38148990004971467,-1.8832982966634442,3.3024085752733185,12.420667305356119,4.0,-12.0,-1.0,1.0,1.0,-1.0,3.770512738945594,-2.147586419605724,3.9597373409223238,0.12324166672680115,0.16067073669887497,1.61110190303796,0.0,1.5,-0.536896604901431,0.9899343352305809,0.6162083336340057,0.5355691223295832,10.36896604901431,0.30196994308257197,6.547395829574929,6976.671327369271
1.214,607,-10.466188579010597,-0.29024955093655935,-6.513465166570833,5.6350561179759335,-0.13939169537155982,0.41067805849221733,2.9319358945469105,-0.08598452715832874,0.046046173017266434,-1.3061005261813816,2.4793919768854695,-0.1963294216848791,-1.784712922182217,3.005167392526289,12.803745127772515,4.0,-6.816264663070228,-1.0,1.0,0.56652695,-0.7583906,3.906259120036673,-2.1864754316042387,3.9613000598751253,0.1237845573348667,0.15733681388886817,1.6137070294427938,0.0,1.5,-0.5466188579010597,0.9903250149687813,0.6189227866743334,0.5244560462962272,10.466188579010597,0.29024955093655935,6.513465166570833,6980.577586489308
1.216,608,-10.565182649870884,-0.2886736831923585,-6.497785155697422,5.640911618841672,-0.1395721060776423,0.4107584517169304,2.9240900800589493,-0.09433087246978861,0.03500628747093705,-1.3064457336683808,2.4759100989261746,-0.14506647066789952,-1.6918923281889853,2.201761881443872,13.045169233817205,4.0,-12.0,-1.0,1.0,1.0,-0.98879975,5.170336391467935,-2.226073059948354,3.961510175574352,0.12403543750884123,0.15453768815726945,1.6163042728907437,0.0,1.5,-0.5565182649870885,0.990377543893588,0.6201771875442061,0.5151256271908982,10.565182649870884,0.2886736831923585,6.497785155697422,6985.747922880775
1.218,609,-10.665584998221073,-0.30271747878437866,-6.4990501087712005,5.646751525756851,-0.13976839715310896,0.41081991651757316,2.9161229511572526,-0.10192452363088425,0.02667119454616576,-1.3064880696247843,2.4726475551130935,0.09448495687509331,-1.569487496750301,2.0144886237588366,13.27744185570998,4.0,12.0,-1.0,1.0,1.0,0.3216408,4.026068247841341,-2.266233999288429,3.9596376694954163,0.12401519825966081,0.15170800571925014,1.6188946450060522,0.0,1.5,-0.5665584998221073,0.9899094173738541,0.620075991298304,0.5056933523975005,10.665584998221073,0.30271747878437866,6.4990501087712005,6989.773991128616
1.22,610,-10.76626792185144,-0.34122268168355385,-6.508130254728841,5.652578200482117,-0.13997240839701391,0.41086459401171627,2.9108191277637783,-0.10195257652131293,0.018143490335052477,-1.3060976116133767,2.4696364760346614,0.2885590562156092,-1.440749957439071,0.825198677324579,13.3179264611328,1.2357233460289385,12.0,-1.0,1.0,0.21790104,1.0,4.103137259190929,-2.3065071687405765,3.9545036424421927,0.12386991592433856,0.14983194123748608,1.6214792606347253,0.0,1.5,-0.5766267921851441,0.9886259106105482,0.6193495796216928,0.49943980412495365,10.76626792185144,0.34122268168355385,6.508130254728841,6993.877128387807
1.222,611,-10.865819451409969,-0.4000396319643602,-6.513979419472501,5.658396214323629,-0.14017205373257374,0.41089226070676105,2.9074027268526836,-0.09763114720288721,0.009621802886506142,-1.3053613836059665,2.4668873726836797,0.4411005922900425,-1.3078130221343276,-0.2232634216595102,13.276454580263078,-0.5120018582988763,12.0,-1.0,1.0,0.033998467,0.78555566,4.185432279882071,-2.3463277805639877,3.946661382404752,0.12377632928844001,0.1486269415548566,1.6240602939289572,0.0,1.5,-0.5865819451409969,0.986665345601188,0.6188816464422,0.4954231385161887,10.865819451409969,0.4000396319643602,6.513979419472501,6998.062560667689
1.224,612,-10.962942897172448,-0.47471284779762785,-6.504636263025893,5.664209463031614,-0.14035431894305686,0.41090171590184366,2.9059821173948004,-0.08466371549591309,-0.00011195018262671885,-1.304358180323583,2.464406694200629,0.5562416649470243,-1.1726316979187446,-1.1332167035137672,13.161590573935655,-4.0,12.0,-1.0,1.0,-0.8373409,0.3064142,4.09350778380476,-2.3851771588689794,3.936704953626983,0.1239258197915857,0.14812669945635795,1.6266396442891877,0.0,1.5,-0.5962942897172449,0.9841762384067457,0.6196290989579285,0.49375566485452654,10.962942897172448,0.47471284779762785,6.504636263025893,7002.156068451493
1.226,613,-11.057052551583707,-0.548522150878987,-6.474985700836094,5.670020709332453,-0.14051138591346515,0.4108891354415377,2.905131392887675,-0.0724336292293343,-0.012561543997260796,-1.3033580422548312,2.4621661693868906,0.4467886788394228,-1.0683653260124002,-1.9095627232753714,12.98181964946798,-4.0,-12.0,-1.0,1.0,-1.0,-0.32122666,4.179550272443082,-2.4228210206334833,3.926863713216135,0.12440022878662252,0.1478273672136735,1.629218683669745,0.0,1.5,-0.6057052551583708,0.9817159283040338,0.6220011439331126,0.4927578907122451,11.057052551583707,0.548522150878987,6.474985700836094,7006.335618723937
1.228,614,-11.148540394978118,-0.6082656897148699,-6.427884907786477,5.6758295298745605,-0.14064417720117553,0.4108511400720397,2.9035917559470614,-0.06038897849666065,-0.025506190895391065,-1.3025602323079848,2.460131464686573,0.35355088637630383,-0.9667543829991669,-1.56232540648773,12.90859275268383,-4.0,-12.0,-1.0,1.0,-1.0,-1.0,4.234987693226846,-2.4594161579912477,3.9188979080380175,0.1251538414754164,0.14728609023974543,1.6317972613982659,0.0,1.5,-0.6148540394978119,0.9797244770095044,0.6257692073770819,0.4909536341324848,11.148540394978118,0.6082656897148699,6.427884907786477,7010.570606417164
1.23,615,-11.237798658232856,-0.6547089005689062,-6.363505895320088,5.681634756213548,-0.14075306852121436,0.41078686119376734,2.9015711331940657,-0.048534453061580635,-0.03882554730813238,-1.3019344062179732,2.458297596480311,0.2744842433919888,-0.867479364149646,-1.2556984335413972,12.807478977681285,-4.0,-12.0,-1.0,1.0,-0.95002407,-1.0,4.316552523878405,-2.495119463293143,3.9127054799241456,0.12618390567487858,0.1465766144669464,1.6343748684164816,0.0,1.5,-0.6237798658232857,0.9781763699810364,0.6309195283743929,0.4885887148898213,11.237798658232856,0.6547089005689062,6.363505895320088,7014.887158941042
1.232,616,-11.327212033213298,-0.6925228359148374,-6.301229298420419,5.687433507729454,-0.14085876317794094,0.41069987955396264,2.8971054577449067,-0.057132202792650764,-0.048230281793364804,-1.3014539593848422,2.4566606233266657,0.2078472880632944,-0.7699812026664085,-0.9855304366221276,12.67787752468604,4.0,-12.0,-1.0,1.0,0.509101,-1.0,4.387715758109143,-2.5308848132853194,3.907663621878022,0.12718033122527328,0.14501233626542284,1.6369499359128232,0.0,1.5,-0.6327212033213299,0.9769159054695055,0.6359016561263664,0.4833744542180761,11.327212033213298,0.6925228359148374,6.301229298420419,7019.274874699151
1.234,617,-11.418717246896014,-0.7391495789479325,-6.257516536724409,5.693223058524619,-0.1409808976048643,0.41059668172596936,2.8926518684694473,-0.0649724980078997,-0.05489948314931374,-1.3009012092149241,2.4552480474233604,0.3387949157773962,-0.6425695525614459,-0.7484350266048523,12.517781347998891,4.0,12.0,-1.0,1.0,1.0,-0.61584073,4.437149298985063,-2.5674868987584056,3.9014467228069423,0.12787973541240946,0.14345752077591628,1.6395209352422468,0.0,1.5,-0.6418717246896014,0.9753616807017356,0.6393986770620473,0.4781917359197209,11.418717246896014,0.7391495789479325,6.257516536724409,7023.712023998136
1.236,618,-11.512019575856774,-0.8065791094926154,-6.2296403664479785,5.699004809793398,-0.14111852623522733,0.4104804959763679,2.889283816142999,-0.07262413111810444,-0.061232100444912306,-1.3001150817662284,2.4540902108687623,0.44310893976463667,-0.5153520122011357,-1.5137231991589601,12.163238278135168,4.0,12.0,-1.0,1.0,1.0,0.20029765,4.457711678339089,-2.60480783034271,3.892456118734318,0.12832575413683234,0.14228526632506092,1.642088455585161,0.0,1.5,-0.6512019575856774,0.9731140296835795,0.6416287706841617,0.4742842210835364,11.512019575856774,0.8065791094926154,6.2296403664479785,7028.169735676475
1.238,619,-11.606797848822248,-0.8936437372097379,-6.217477666200137,5.704780930335927,-0.1412712622137629,0.41035195692901777,2.887021953969236,-0.08007742564568288,-0.06725816977004484,-1.299144085274311,2.453186085908993,0.5244078379143161,-0.38895657932815747,-2.192518808834336,11.758717887253226,4.0,12.0,-1.0,1.0,0.9461108,0.44703764,4.482981008544926,-2.6427191395288996,3.880847501705368,0.1285203573407978,0.1414998001655664,1.6446534551700323,0.0,1.5,-0.6606797848822249,0.970211875426342,0.642601786703989,0.47166600055188806,11.606797848822248,0.8936437372097379,6.217477666200137,7032.65271668502
1.24,620,-11.701304003041404,-0.9960864339286559,-6.206609210710791,5.710554845522525,-0.14142360280377392,0.4102081414502838,2.8869902994600034,-0.07228551871189748,-0.07657627961976937,-1.2980345570982497,2.452532232455404,0.5816644114092916,-0.2653798341372487,-2.7932125979662032,11.307565714842212,-1.9594092057458479,12.0,-1.0,1.0,-0.07619067,0.42836624,4.6245483510416285,-2.6805216012165616,3.8671884754761794,0.12869425262862735,0.14148881793183596,1.647217677507013,0.0,1.5,-0.6701304003041404,0.9667971188690448,0.6434712631431367,0.4716293931061199,11.701304003041404,0.9960864339286559,6.206609210710791,7037.277265036062
1.242,621,-11.793599469676638,-1.08917673087599,-6.1820368664677465,5.716337493326602,-0.14155576904350803,0.4100463707189784,2.894703896933954,-0.059915913163137796,-0.08569976201060839,-1.2972657503335279,2.45211576003865,0.22612511766561755,-0.15312779699944054,-3.301401100653379,10.820452679605467,-4.0,-12.0,-1.0,1.0,-1.0,-0.096434765,4.790848601925635,-2.717439787870655,3.8547764358832013,0.12908741013651606,0.14417325410622897,1.649786251445935,0.0,1.5,-0.6793599469676638,0.9636941089708003,0.6454370506825803,0.4805775136874299,11.793599469676638,1.08917673087599,6.1820368664677465,7042.068113637988
1.244,622,-11.8834697550935,-1.1566837089388247,-6.142332541431676,5.722133226913759,-0.14166351465537702,0.409864448899462,2.9006478453057207,-0.04788112794565605,-0.09653144908677325,-1.297142512299402,2.4519116218306998,-0.0917791635151452,-0.053003987152548865,-1.6774659848793476,10.342486977267242,-4.0,-12.0,-1.0,1.0,-1.0,-0.78425425,4.785719196979042,-2.7533879020374004,3.8457755054748235,0.1297226793370932,0.14625277553995372,1.6523611917722247,0.0,1.5,-0.6883469755093501,0.9614438763687059,0.6486133966854659,0.4875092517998457,11.8834697550935,1.1566837089388247,6.142332541431676,7046.853832834967
1.246,623,-11.971284500793073,-1.199451944654186,-6.087697736664812,5.727938684498934,-0.1417474916177285,0.40965909540191514,2.904490175532899,-0.03614352864112594,-0.1090883102322887,-1.2975909260896434,2.4518962198097514,-0.346731080172549,0.035829013919342026,-0.11259218580067909,9.88269556962274,-4.0,-12.0,-1.0,1.0,-1.0,-1.0,4.691311849031743,-2.7885138003172294,3.8400730740461086,0.13059683621336302,0.14760186868925346,1.654941043462868,0.0,1.5,-0.6971284500793073,0.9600182685115272,0.652984181066815,0.4920062289641782,11.971284500793073,1.199451944654186,6.087697736664812,7051.545144683999
1.248,624,-12.058785980120966,-1.2240025404247228,-6.032289414251688,5.7337489260559575,-0.141823577672638,0.4094308318730286,2.905490687468285,-0.039880574822010885,-0.1194282139734472,-1.2984870395541115,2.4520497204753497,-0.541143482331687,0.1160493895012734,1.251850155534612,9.441610968453006,2.111759716342977,-12.0,-1.0,1.0,0.32928073,-1.0,4.626021227253548,-2.8235143920483865,3.8367996612767037,0.131483369371973,0.1479537654399394,1.6575234170941648,0.0,1.5,-0.7058785980120966,0.9591999153191759,0.657416846859865,0.49317921813313137,12.058785980120966,1.2240025404247228,6.032289414251688,7056.1711659112525
1.25,625,-12.146996217974516,-1.2415691269931437,-5.984452790944305,5.739557548856887,-0.14190259422599363,0.40917887347991405,2.9013867794981003,-0.03909342643410399,-0.1332202336881257,-1.2995873525287722,2.452356659449607,-0.4733570125735174,0.189773575376136,2.403134859223883,9.00980895742373,0.313163707617673,-12.0,-1.0,1.0,0.123146795,-1.0,4.610555697838928,-2.858798487189807,3.8344574497342476,0.13224875534489114,0.1465119359407939,1.6601053504015293,0.0,1.5,-0.7146996217974517,0.9586143624335619,0.6612437767244557,0.4883731198026463,12.146996217974516,1.2415691269931437,5.984452790944305,7060.781721609092
1.252,626,-12.236447277519405,-1.28009970646854,-5.943155549676146,5.745352073997005,-0.14198920968775214,0.4088998622593871,2.8934362962169815,-0.04749378033622084,-0.14567764710146075,-1.3002570667139115,2.4528119376736934,-0.20440505584362978,0.2656875228797286,2.2842651053651934,8.579800233197943,4.0,12.0,-1.0,1.0,0.72745377,-0.55839473,4.439989279125875,-2.894578911007762,3.829320039137528,0.13290951120518166,0.14373098909564389,1.6626812901878778,0.0,1.5,-0.7236447277519406,0.957330009784382,0.6645475560259083,0.47910329698547965,12.236447277519405,1.28009970646854,5.943155549676146,7065.221710888218
1.254,627,-12.329016304004163,-1.334385701260214,-5.912043492937174,5.751132683456288,-0.14208372965809976,0.4086300289292549,2.887135566765013,-0.045663079052684054,-0.11510738699627546,-1.3006299279286453,2.4535153393622657,-0.21302543852503797,0.4614873850898038,1.0734481587436449,8.1091748508627,2.2729102066631066,12.0,-1.0,1.0,0.41832677,0.17662555,4.272584862997603,-2.9316065216016653,3.822081906498638,0.13340730411300522,0.1415392194033454,1.6652508262144448,0.0,1.5,-0.7329016304004163,0.9555204766246596,0.667036520565026,0.4717973980111514,12.329016304004163,1.334385701260214,5.912043492937174,7069.494295751216
1.256,628,-12.428415221698833,-1.36343651105186,-5.893881335891077,5.7568515894250165,-0.14217809488450392,0.4084134774368299,2.8320303121965473,-0.048639847243113814,-0.10202676050391657,-1.3011263572731326,2.4545419718562735,-0.2749755819737967,0.5625767311999054,1.1911223150974024,6.989495202097828,4.0,-12.0,-1.0,1.0,0.88973683,-0.7248166,4.042412294328481,-2.9713660886795332,3.818208465193085,0.13369789862574277,0.12290546307996819,1.6677922420304085,0.0,1.5,-0.7428415221698833,0.9545521162982713,0.6684894931287139,0.4096848769332273,12.428415221698833,1.36343651105186,5.893881335891077,7073.536708045544
1.258,629,-12.534798315567096,-1.369830540038484,-5.892724401184119,5.762509807333175,-0.14227568324505607,0.40825542921431773,2.8269168764622346,-0.049067828000709975,-0.05667768940887569,-1.3016869566626919,2.4558873259760734,-0.2834300224714826,0.779503962744325,1.6001589012386717,6.278721972745757,4.0,12.0,-1.0,1.0,1.0,0.27136797,3.8122833835725083,-3.013919326226839,3.8173559279948686,0.1337164095810541,0.1212313486324548,1.6703058784276301,0.0,1.5,-0.7534798315567097,0.9543389819987171,0.6685820479052704,0.404104495441516,12.534798315567096,1.369830540038484,5.892724401184119,7077.348991429117
1.26,630,-12.645851729749037,-1.3690287640970447,-5.900951961019515,5.768148468768564,-0.14236809594024988,0.40816883059488374,2.804564441231852,-0.043763185711824686,-0.03629000262154784,-1.302256051756159,2.457599952329223,-0.2890452039484526,0.9086837709721736,1.7545509816389426,4.925014991063733,1.5727563705017946,12.0,-1.0,1.0,0.4887785,-0.09214812,3.732793357890284,-3.0583406918996148,3.8174628314537276,0.1335847686236878,0.11403680439461397,1.6728099284017204,0.0,1.5,-0.7645851729749037,0.9543657078634319,0.6679238431184389,0.3801226813153799,12.645851729749037,1.3690287640970447,5.900951961019515,7081.081784787007
1.262,631,-12.761381953168348,-1.3580739356806955,-5.918543423376838,5.773759508788221,-0.14245738571968886,0.4081340664071555,2.807512340151601,-0.045885593969676015,0.00014583088354098127,-1.302819420093693,2.4595997679419446,-0.27117219365503675,1.0859757357022777,1.8964459077172364,3.936590679294511,4.0,12.0,-1.0,1.0,1.0,1.0,3.4160928393437215,-3.1045527812673392,3.818923475242574,0.1333033052259706,0.114973786232071,1.67530104806597,0.0,1.5,-0.7761381953168348,0.9547308688106435,0.6665165261298529,0.3832459541069033,12.761381953168348,1.3580739356806955,5.918543423376838,7084.497877626351
1.264,632,-12.882519929776608,-1.3541897454284877,-5.948316525577039,5.77938182501923,-0.14255256438847647,0.4081656582835762,2.815488335718567,-0.04944831693579646,0.030454436277469257,-1.303333904794285,2.46192837057839,-0.24174007802213518,1.2386546263051834,1.9197545237569216,2.6501677330996927,4.0,12.0,-1.0,1.0,1.0,0.6399918,3.269159907369593,-3.153007971910643,3.8194413672762018,0.1328269355907674,0.11752722837402398,1.67779620472963,0.0,1.5,-0.7882519929776608,0.9548603418190504,0.6641346779538368,0.3917574279134133,12.882519929776608,1.3541897454284877,5.948316525577039,7087.76703753372
1.266,633,-13.008844792676607,-1.3616472482637965,-5.98834819562993,5.785024921137234,-0.14265570053893978,0.40824943492416016,2.8284356574427525,-0.05354209089611227,0.05232094703093839,-1.3037765733248534,2.4645325299044774,-0.20038069503859984,1.3619611484874432,1.8754908857108035,1.4210527527960721,3.96961897013815,12.0,-1.0,1.0,1.0,0.7939666,3.127432236103602,-3.203537917070643,3.8184470335648273,0.13218642886992113,0.1217275246268722,1.6802997807258162,0.0,1.5,-0.8008844792676607,0.9546117583912068,0.6609321443496056,0.40575841542290736,13.008844792676607,1.3616472482637965,5.98834819562993,7090.894469769823
1.268,634,-13.137828914393285,-1.3842039628343767,-6.029191086415902,5.7906918563804375,-0.1427594651288887,0.40835728140147354,2.835192647696676,-0.05056300362072094,0.049153663772048675,-1.304051641832091,2.4673259278211233,-0.028984617267060864,1.4112082514985878,1.7572276769068367,0.28368827666730567,0.5909964384350408,12.0,-1.0,1.0,0.6697572,1.0,3.0823113001600158,-3.2551315657573143,3.815439471622083,0.13153294261734558,0.12394585825787213,1.6828135993120013,0.0,1.5,-0.8137828914393286,0.9538598679055208,0.6576647130867278,0.4131528608595738,13.137828914393285,1.3842039628343767,6.029191086415902,7093.976781069983
1.27,635,-13.265078709365099,-1.4262686375366151,-6.053112416377629,5.796356460452536,-0.14284892969962876,0.4084294688341873,2.829670908915719,-0.03900075561872642,0.023127436056117966,-1.3037925399678378,2.47013036955606,0.27631215310104307,1.3933718207819614,2.657760379145145,-0.5212268217176188,-4.0,12.0,-0.9148735,1.0,-0.53313136,1.0,2.9574057054396112,-3.3060314837460396,3.8098308483284513,0.13115020133795793,0.12213173948133149,1.6853270268055929,0.0,1.5,-0.8265078709365099,0.9524577120821128,0.6557510066897897,0.407105798271105,13.265078709365099,1.4262686375366151,6.053112416377629,7096.934186775423
1.272,636,-13.389437436630027,-1.482199197455758,-6.051730031443901,5.802013701039764,-0.14291576831607491,0.4084515251258397,2.82771367406242,-0.02794589014306554,-0.0010505833647891996,-1.3030569973258586,2.4729068679860897,0.4516017629858551,1.3828410139300213,-0.6230432351945296,-0.9929330151218778,-4.0,12.0,-1.0,1.0,-1.0,1.0,2.843355495004889,-3.355774974652011,3.8023734403392324,0.1311723194968976,0.12149154435476496,1.6878381291734823,0.0,1.5,-0.8389437436630027,0.9505933600848081,0.6558615974844879,0.4049718145158832,13.389437436630027,1.482199197455758,6.051730031443901,7099.777542270428
1.274,637,-13.511014594444674,-1.5411352258472597,-6.028440368666252,5.807677827602505,-0.14295886498719604,0.40843915920289714,2.8417334898130293,-0.014681692621240534,-0.005359100233539443,-1.302173805889802,2.4756949502434398,0.39381138874118377,1.4218595773398055,-1.6465998130144044,-1.4955786668680275,-4.0,12.0,-1.0,1.0,-1.0,1.0,2.7820135689319034,-3.40440583777787,3.7945153032203653,0.13154495410133998,0.12610979013055484,1.6903530387367227,0.0,1.5,-0.8511014594444675,0.9486288258050913,0.6577247705066999,0.4203659671018495,13.511014594444674,1.5411352258472597,6.028440368666252,7102.55955583936
1.276,638,-13.630565415230198,-1.579263719937931,-5.988243405342669,5.813341733746116,-0.1429744250970954,0.40841271600162843,2.821714009275426,-0.0008834007578416084,-0.021086622366868948,-1.3015065338851985,2.478519025463266,0.27638560768682074,1.4014254058265028,-1.5342862290023618,-2.2482879353869976,-4.0,-12.0,-1.0,1.0,-1.0,-0.6014902,2.7863586894566,-3.452226166092079,3.789431504008276,0.1321881055145173,0.1195385249851558,1.6928683728850462,0.0,1.5,-0.8630565415230198,0.947357876002069,0.6609405275725865,0.39846174995051936,13.630565415230198,1.579263719937931,5.988243405342669,7105.345914528816
1.278,639,-13.748425344306993,-1.5798251753447923,-5.934031104694986,5.81896218767807,-0.14296192617188058,0.4083550869193569,2.7985923594639024,0.013149537010506557,-0.036633972059480435,-1.301058055919582,2.4812984267848175,0.17530166099954306,1.3769024034419224,-1.0806117246512486,-2.7109321217857314,-4.0,-12.0,-1.0,1.0,-1.0,-0.7784354,2.797820245515576,-3.4993701377227975,3.789356643287361,0.13305550232488023,0.11214998399453102,1.6953651741087827,0.0,1.5,-0.8748425344306994,0.9473391608218402,0.6652775116244011,0.3738332799817701,13.748425344306993,1.5798251753447923,5.934031104694986,7108.143734774331
1.28,640,-13.86490381394032,-1.545681445107688,-5.865773833982638,5.824542609253035,-0.14292404666968453,0.4082614055464574,2.7852662928366705,0.023847214294265832,-0.05932010218395838,-1.3007809440564504,2.4840116497105686,0.10947464012016292,1.3302866922924632,-0.6648875843382029,-3.144197374173075,-4.0,-12.0,-1.0,1.0,-1.0,-0.71825635,2.8073284764969566,-3.545961525576128,3.793909140652308,0.13414761865627778,0.10799597202299556,1.697844996303504,0.0,1.5,-0.886490381394032,0.948477285163077,0.6707380932813889,0.3599865734099852,13.86490381394032,1.545681445107688,5.865773833982638,7110.951063250828
1.282,641,-13.98016393734071,-1.4922866315921592,-5.788789545804184,5.83011159683169,-0.14287456894975772,0.4081161860078748,2.7837064620891487,0.025585857522243384,-0.08592825505464838,-1.3006005242828553,2.4866119509837716,0.07147161663977,1.269650883061361,-0.39117485256758755,-3.4537634035760334,-1.1559746916840483,-12.0,-1.0,1.0,0.45753995,-1.0,2.8361564743517906,-3.5920655749362838,3.8010284491210453,0.13537936726713307,0.10751491796965158,1.700320581786034,0.0,1.5,-0.8980163937340709,0.9502571122802613,0.6768968363356653,0.3583830598988386,13.98016393734071,1.4922866315921592,5.788789545804184,7113.78721972518
1.284,642,-14.094828197253188,-1.426330859199334,-5.711324880499975,5.835677888720307,-0.14282395626401223,0.4079186473734513,2.782567012910066,0.025020896982155878,-0.11164996373255598,-1.3004923086723779,2.4890908515111807,0.03729941338852578,1.2088897163547485,-0.23724368988462174,-3.670644612061153,-0.11116020127343162,-12.0,-1.0,1.0,0.5814858,-1.0,2.8675571643559827,-3.6379312789012754,3.8098225521067555,0.1366188019120004,0.10716420590359808,1.7027956937106627,0.0,1.5,-0.9094828197253189,0.9524556380266889,0.683094009560002,0.3572140196786603,14.094828197253188,1.426330859199334,5.711324880499975,7116.654776889536
1.286,643,-14.208306497294014,-1.3454746769240524,-5.627360736220202,5.841239706166517,-0.14276624150064687,0.40766519455924805,2.779214584381744,0.0326478105937954,-0.14182638655952887,-1.3004513201476904,2.4914383630287085,0.004637712498313712,1.138394062252551,-0.08802579572392233,-3.862618884009862,-4.0,-12.0,-1.0,1.0,0.023570575,-1.0,2.892562299185062,-3.6833225989176057,3.8206033764101264,0.13796222822047677,0.1061357827722677,1.7052696639766607,0.0,1.5,-0.9208306497294014,0.9551508441025316,0.6898111411023838,0.3537859425742257,14.208306497294014,1.3454746769240524,5.627360736220202,7119.547339188721
1.288,644,-14.319878600347026,-1.2466956578372126,-5.5288729682625215,5.846794627138571,-0.14269351574523498,0.407351271622584,2.775684681540794,0.040048575684374824,-0.17210675298537642,-1.3004694350222,2.493643678100544,-0.02161338141703684,1.0667802631918666,0.0670850037896571,-3.979642917004469,-4.0,-12.0,-1.0,1.0,-0.69225746,-1.0,2.883055334833343,-3.7279514401388107,3.833773912288372,0.13953803250779967,0.10505847643314034,1.7077415750365805,0.0,1.5,-0.9319878600347027,0.958443478072093,0.6976901625389983,0.35019492144380115,14.319878600347026,1.2466956578372126,5.5288729682625215,7122.430394523554
1.29,645,-14.429820379047165,-1.1449552354805514,-5.412562700480209,5.852340739377078,-0.142605987278081,0.406978598368253,2.770715932264091,0.04747870634855733,-0.20040148709967326,-1.3002773228871047,2.495729235640583,0.206135753012543,1.0194569279517784,0.20196344826831591,-4.062636936068202,-4.0,12.0,-1.0,0.91209096,-0.24344356,-0.10975092,2.8951155736130656,-3.771928151618866,3.8473393019359263,0.14139899679231666,0.10355180011929295,1.7102105499163032,0.0,1.5,-0.9429820379047165,0.9618348254839816,0.7069949839615832,0.3451726670643098,14.429820379047165,1.1449552354805514,5.412562700480209,7125.325510097167
1.292,646,-14.538190259334117,-1.042816594850785,-5.277868475826513,5.8578803288408405,-0.14250364981434008,0.40654932938859734,2.7683963925926984,0.054871979729805676,-0.22868489612845114,-1.2998717917292244,2.497708743477007,0.24993167366930677,0.9633483290605326,-0.9752046508986041,-4.243131767875468,-4.0,-12.0,-1.0,1.0,-1.0,-0.49181074,2.8552532817982,-3.815276103733647,3.860957787353229,0.14355410438677582,0.1028523842772552,1.7126775718271379,0.0,1.5,-0.9538190259334117,0.9652394468383072,0.717770521933879,0.342841280924184,14.538190259334117,1.042816594850785,5.277868475826513,7128.180763378966
1.294,647,-14.644839487331444,-0.9258642282563108,-5.128231904979001,5.863421726159459,-0.142386112534636,0.40606659991632027,2.7727706338239977,0.06266259196895449,-0.2541979742996141,-1.2996235896318535,2.4995876664148398,0.007783499011189549,0.9146704453145988,-1.2752904857584895,-4.358490340704066,-4.0,-12.0,-1.0,1.0,-0.74791783,-1.0,2.9073557047997816,-3.857935794932578,3.876551436232492,0.14594828952033598,0.10417345773077136,1.7151462990047541,0.0,1.5,-0.9644839487331445,0.969137859058123,0.7297414476016799,0.3472448591025712,14.644839487331444,0.9258642282563108,5.128231904979001,7131.088119083765
1.296,648,-14.749653610638097,-0.7826012384773865,-4.9663934400717045,5.868970733475475,-0.14225380460973683,0.40552890310436235,2.7761168574853192,0.06941340556550148,-0.28450428199445205,-1.2997897885750076,2.50133001793114,-0.16173452506233055,0.8170685122023416,-0.11419003194208699,-4.490885509540931,-4.0,-12.0,-1.0,1.0,-1.0,-1.0,2.8839987311663156,-3.899861444255239,3.8956531682030153,0.14853770495885274,0.10519006604578794,1.7176193187734552,0.0,1.5,-0.9749653610638097,0.9739132920507538,0.7426885247942636,0.3506335534859598,14.749653610638097,0.7826012384773865,4.9663934400717045,7133.972117814932
1.298,649,-14.852715867121388,-0.6231436672411979,-4.7897508455957025,5.874521840675589,-0.142108684217194,0.40492674095284537,2.7735931552112807,0.07569913728353923,-0.31789691045115126,-1.3000546708988865,2.5028496726648615,-0.02334598496616519,0.7043396244599124,0.7666398770563205,-4.351346147239724,-4.0,-12.0,-1.0,1.0,-0.7484451,-1.0,3.0113075725854213,-3.9410863468485555,3.9169141777011736,0.15136398647046878,0.10442286515306633,1.7200942824387138,0.0,1.5,-0.9852715867121389,0.9792285444252934,0.7568199323523438,0.34807621717688775,14.852715867121388,0.6231436672411979,4.7897508455957025,7136.983425387518
1.3,650,-14.955455743134207,-0.46715285552537567,-4.604652258013739,5.880069070542001,-0.14196157785596097,0.4042628595248191,2.772836369295032,0.07123506005967806,-0.3459283991883436,-1.3000177361807772,2.504155518239605,0.11838825942073539,0.6040561453903602,0.12767364135129355,-4.091632655271837,0.5292038864197406,-12.0,-1.0,1.0,0.19130234,-1.0,3.1059019768866802,-3.982182297253683,3.9377129525966166,0.1543255638717802,0.10419337868559642,1.7225683583610838,0.0,1.5,-0.9955455743134207,0.9844282381491541,0.7716278193589009,0.3473112622853214,14.955455743134207,0.46715285552537567,4.604652258013739,7140.089327364404
1.302,651,-15.057454739336759,-0.3356221543787641,-4.420183385533385,5.885608664872209,-0.1418174593750281,0.4035650539840627,2.7645540463062646,0.07960860390367933,-0.3339626569543318,-1.299382071978548,2.505324297528815,0.5513391443756203,0.6084582808803114,-0.5883845242050825,-3.8513843748727936,4.0,-12.0,-1.0,1.0,0.71747273,-1.0,2.9695378774726233,-4.022981895734704,3.9552503794161646,0.15727706583146583,0.10169935624029618,1.7250394377514016,0.0,1.5,-1.005745473933676,0.9888125948540412,0.7863853291573292,0.3389978541343206,15.057454739336759,0.3356221543787641,4.420183385533385,7143.058865241876
1.304,652,-15.157249135455526,-0.23742139380837107,-4.2328892874976916,5.891088282175602,-0.14162847462141795,0.4030016972826689,2.7142326022485492,0.10926321476266586,-0.2300053628559669,-1.2981543906705746,2.506750240790665,0.6835962619115465,0.8123152918164673,-2.880271789425308,-4.107150910164535,3.2849890034489495,-12.0,-1.0,1.0,0.47379127,-1.0,2.7739861799870966,-4.06289965418221,3.968343814158884,0.16027377140003696,0.08726257422739091,1.7274826234743452,0.0,1.5,-1.0157249135455526,0.992085953539721,0.8013688570001847,0.2908752474246364,15.157249135455526,0.23742139380837107,4.2328892874976916,7145.832851421864
1.306,653,-15.2549598516724,-0.16506249011293558,-4.047517387657826,5.896512971067222,-0.14138465455618585,0.40262325657516024,2.7041577739637077,0.13391775259328104,-0.147355412134459,-1.2966490947191207,2.508503648955809,0.7976485810056468,0.9410492623381682,-3.7870936386996163,-5.411624617215352,4.0,12.0,-1.0,1.0,1.0,-0.5315219,2.5888393672633256,-4.10198394066896,3.977991667984942,0.1632397217974748,0.08452545885175437,1.7298996233221478,0.0,1.5,-1.02549598516724,0.9944979169962355,0.816198608987374,0.2817515295058479,15.2549598516724,0.16506249011293558,4.047517387657826,7148.421690789127
1.308,654,-15.349860641390112,-0.11973449610109665,-3.8660445849018887,5.9019243073695575,-0.14109859264321295,0.40239115269672304,2.7073969512379947,0.15144600115696025,-0.08642982155937953,-1.2949493722854573,2.5104532369922143,0.91258724108068,1.0030292261856586,-4.658414424460943,-6.405976102852549,4.0,12.0,-1.0,1.0,1.0,-0.12204378,2.5054357996790957,-4.139944256556045,3.9840354005198537,0.1661432866415698,0.085399759859639,1.732309266451153,0.0,1.5,-1.0349860641390112,0.9960088501299634,0.8307164332078489,0.2846658661987967,15.349860641390112,0.11973449610109665,3.8660445849018887,7150.927126588806
1.31,655,-15.443932506062868,-0.10395354158457235,-3.6909228420657056,5.907346735546459,-0.14077962397892807,0.402275685084238,2.716332512077867,0.16626004520774024,-0.031191468092618815,-1.293068191686321,2.5125035824250834,0.9525734138216677,1.0402262309756931,-5.573052211568779,-7.105793529371169,-4.0,12.0,-1.0,1.0,-0.9015247,1.0,2.3773663463928045,-4.177573002425148,3.9861395277887235,0.16894523452694873,0.08783965159585766,1.7347226890390366,0.0,1.5,-1.044393250606287,0.9965348819471809,0.8447261726347436,0.2927988386528589,15.443932506062868,0.10395354158457235,3.6909228420657056,7153.304492935198
1.312,656,-15.540459651841756,-0.11224675503410868,-3.527475737716236,5.912792954876866,-0.1404352545984156,0.4022614189963918,2.730164911560423,0.17827496985272437,0.016777937311503056,-1.2911755316996265,2.5145968070341507,0.9394410369493928,1.0517024974304432,-6.1492191951009545,-7.701847639895163,-4.0,12.0,-1.0,0.9545274,-1.0,1.0,2.3783498578366524,-4.216183860736702,3.985033765995452,0.17156038819654024,0.09169706276841759,1.7371456408016264,0.0,1.5,-1.0540459651841756,0.996258441498863,0.8578019409827011,0.3056568758947253,15.540459651841756,0.11224675503410868,3.527475737716236,7155.682842793035
1.314,657,-15.63821522186441,-0.1438352004788882,-3.3727034228727404,5.918266886520346,-0.14006961992548653,0.40233565510258784,2.744586909660213,0.18664175852016718,0.05550172645532818,-1.2892659368844352,2.516689933885558,0.9637598244748623,1.036278650032189,-6.462089308078475,-8.177873893982337,4.0,12.0,-1.0,1.0,1.0,1.0,2.312397351596873,-4.255286088745764,3.9808219732694816,0.17403674523403617,0.0958212618703028,1.739579976237248,0.0,1.5,-1.063821522186441,0.9952054933173704,0.8701837261701808,0.3194042062343427,15.63821522186441,0.1438352004788882,3.3727034228727404,7157.995240144632
1.316,658,-15.737244199017706,-0.19645110773581942,-3.225763405683222,5.923774139287986,-0.13968821218468133,0.402477271744551,2.7632063744004274,0.19402623159791707,0.08376242285363397,-1.2873718473624465,2.518726632846399,0.9314753555029764,0.9945284706221963,-6.965602208744116,-8.519380027272575,-1.2856394170377938,12.0,-1.0,1.0,-0.17238761,1.0,2.566041920218879,-4.294897679607082,3.9738065189685576,0.17638778550906847,0.10129659333354639,1.742028393972511,0.0,1.5,-1.0737244199017706,0.9934516297421394,0.8819389275453423,0.3376553111118213,15.737244199017706,0.19645110773581942,3.225763405683222,7160.56128206485
1.318,659,-15.837985117934357,-0.26947192792477076,-3.0869394244326527,5.929314672153422,-0.1393004946634586,0.40265193107888736,2.7743796226644037,0.19220230818593056,0.08378546470621144,-1.2854426188434807,2.5206257129442697,1.030870528816212,0.8911645769362941,-7.1829977682824335,-8.717968922390753,4.0,12.0,-1.0,1.0,1.0,1.0,2.3422869822271633,-4.335194047173743,3.9640704096100308,0.17860896920907757,0.10466163372424944,1.74449121301189,0.0,1.5,-1.0837985117934357,0.9910176024025077,0.8930448460453878,0.3488721124141648,15.837985117934357,0.26947192792477076,3.0869394244326527,7162.903569047077
1.32,660,-15.945550730988854,-0.3650855282549001,-2.953594493993056,5.934865731419164,-0.1389293446863862,0.4027993605844866,2.777536102671879,0.17829567643286565,0.06313394694184986,-1.2832256371218274,2.522264311038795,1.1581615054101988,0.7475294200152087,-8.065819338641774,-8.5809654735354,-4.0,12.0,-1.0,0.23346344,-0.6298727,1.0,2.3863710778222975,-4.378220292395542,3.951321929566013,0.18030937004004632,0.10562280546207925,1.746958854527401,0.0,1.5,-1.0945550730988856,0.9878304823915033,0.9015468502002315,0.35207601820693085,15.945550730988854,0.3650855282549001,2.953594493993056,7165.2899401249
1.322,661,-16.06021058027456,-0.47302199996438954,-2.8290773212350917,5.940439691441862,-0.13857792486711537,0.4029116032928861,2.7970100385741676,0.1730334921698788,0.04924086237002311,-1.2810120505896692,2.5236391442601485,1.0310043089842547,0.6292580050630278,-9.145670565942368,-8.190509307835043,4.0,12.0,-1.0,1.0,0.95739263,1.0,2.6409526445600426,-4.424084232109824,3.9369304000047483,0.1811394845250994,0.11165264888737149,1.7494368851442017,0.0,1.5,-1.106021058027456,0.9842326000011871,0.9056974226254969,0.3721754962912383,16.06021058027456,0.47302199996438954,2.8290773212350917,7167.93089276946
1.324,662,-16.17655278920292,-0.564678413706174,-2.7199364067129306,5.946041678867957,-0.1382354153691042,0.40300591046002304,2.8047119826203506,0.16808094252492908,0.043002247201578137,-1.2794881534007199,2.5248044184151395,0.47199650624954204,0.5311347337217239,-8.952601890244296,-7.874118877344813,3.2897285574103905,-12.0,-1.0,1.0,0.3730826,-0.81640357,2.725116210871134,-4.470621115681168,3.924709544839177,0.1818670906219138,0.11408361225970146,1.751927484564971,0.0,1.5,-1.117655278920292,0.9811773862097942,0.909335453109569,0.3802787075323382,16.17655278920292,0.564678413706174,2.7199364067129306,7170.6560089803315
1.326,663,-16.2952879035077,-0.5990227692724928,-2.620201019090926,5.951656130977548,-0.13789052391501186,0.4030771941446141,2.8099687293693956,0.17642316092565521,0.025291748416945186,-1.2793243222272936,2.5257605212435266,-0.21783504795007647,0.41939804311454904,-6.462342314360569,-7.616557351636516,-4.0,-12.0,-1.0,1.0,-0.95557123,-0.11175411,2.852085314078219,-4.51811516140308,3.9201302974303345,0.1825319932060605,0.11575734720904046,1.7544239489043822,0.0,1.5,-1.12952879035077,0.9800325743575836,0.9126599660303025,0.3858578240301349,16.2952879035077,0.5990227692724928,2.620201019090926,7173.50809429441
1.328,664,-16.412768010581388,-0.5892646526608301,-2.5122156152075577,5.957284553181994,-0.137531741394485,0.4030955610673404,2.818134014692926,0.18236538217279005,-0.006829779258788249,-1.280033140856997,2.526463534016807,-0.48126631137081394,0.2855335178571263,-3.045950778047711,-7.249094464278073,-4.0,-12.0,-1.0,1.0,-0.9736889,-0.14313692,2.86490052352262,-4.565107204232556,3.9214313796452225,0.1832518958986163,0.1183800285954085,1.756927490445681,0.0,1.5,-1.141276801058139,0.9803578449113056,0.9162594794930814,0.39460009531802837,16.412768010581388,0.5892646526608301,2.5122156152075577,7176.3729948179325
1.33,665,-16.52854902327373,-0.5519395861291294,-2.3938184426180604,5.962927461128739,-0.1371618999892544,0.4030505447691859,2.8244976266375126,0.18728043938162284,-0.0380165831538777,-1.2812129789773405,2.526910309503257,-0.6900536223816742,0.16313976036238628,-1.5870307350033954,-6.720374392647045,-3.8084622440632527,-12.0,-1.0,1.0,-0.6069095,-1.0,2.87826752386688,-4.611419609309492,3.9264080551827827,0.18404121038254628,0.12044287351660432,1.7594384470239772,0.0,1.5,-1.152854902327373,0.9816020137956957,0.9202060519127313,0.40147624505534774,16.52854902327373,0.5519395861291294,2.3938184426180604,7179.2512623418
1.332,666,-16.64565568133457,-0.49544820686469904,-2.2836688091494843,5.968580238631594,-0.13680048030333014,0.40294895458625996,2.8279568371922745,0.1741965085235467,-0.0635220872264123,-1.2827670136990506,2.527122924622932,-0.8573390220822813,0.051202333540663,-0.30712655588035886,-6.197760702463313,4.0,-12.0,-1.0,1.0,1.0,-1.0,2.823632216582123,-4.658262272533828,3.933940239084707,0.18477554127233678,0.12157099939889543,1.761954443067471,0.0,1.5,-1.164565568133457,0.9834850597711767,0.9238777063616839,0.4052366646629848,16.64565568133457,0.49544820686469904,2.2836688091494843,7182.074894558382
1.334,667,-16.766459142714705,-0.4269003489537863,-2.1985995390940865,5.974238093099004,-0.13646488101408794,0.4027966959584685,2.8289898374679843,0.16266008977700847,-0.0862295071706142,-1.2846170525306186,2.5271220054102983,-0.9249659902020922,-0.04391867600990651,0.8401073869646893,-5.680596592289703,4.0,-12.0,-1.0,1.0,1.0,-1.0,2.7939130523527687,-4.706583657085882,3.9430799534728287,0.18534266973937275,0.1219087968318527,1.764473062303642,0.0,1.5,-1.1766459142714705,0.9857699883682072,0.9267133486968637,0.40636265610617567,16.766459142714705,0.4269003489537863,2.1985995390940865,7184.868807610735
1.336,668,-16.889596368398948,-0.37299525431811953,-2.1284070438127323,5.979891708734181,-0.13614410453495343,0.4026181305514192,2.8243218077400125,0.15852218785701225,-0.09130863701271702,-1.2861685873700175,2.526988659930331,-0.6182787965788195,-0.08579447455178496,1.5482499938773344,-5.2048077020101005,4.0,-12.0,-1.0,1.0,1.0,-1.0,2.822452582056179,-4.75583854735958,3.950267299424251,0.18581061970791513,0.1203856615497714,1.7669899728981346,0.0,1.5,-1.188959636839895,0.9875668248560627,0.9290530985395756,0.40128553849923804,16.889596368398948,0.37299525431811953,2.1284070438127323,7187.691260192791
1.338,669,-17.013849626234627,-0.35018354347209263,-2.0661837042557845,5.9855354122675175,-0.1358296260911594,0.4024316542660303,2.818969491615918,0.15559104817750785,-0.0974334472478394,-1.2870926715949098,2.526784143626381,-0.2825789580282005,-0.12265747592434803,0.32512099364072355,-4.96875961330727,4.0,-12.0,-1.0,1.0,1.0,-1.0,2.8511935786026426,-4.805539850493851,3.9533088608703877,0.1862254419716281,0.1186499270391315,1.7695025103151854,0.0,1.5,-1.2013849626234627,0.9883272152175969,0.9311272098581405,0.39549975679710503,17.013849626234627,0.35018354347209263,2.0661837042557845,7190.542453771393
1.34,670,-17.13764942054766,-0.35949541280050634,-2.008730189792172,5.9911698580759705,-0.13551955552754796,0.4022298890988603,2.8153172911963673,0.15405043122403306,-0.10715426409704598,-1.2873778168399979,2.5265067550619382,0.013215647455268709,-0.16014099113222727,-1.1685613541338284,-4.743541345654478,4.0,-11.660589436476414,-1.0,1.0,1.0,-1.0,2.8474804044947146,-4.855059768219064,3.9520672782932658,0.18660846540138554,0.11747219310913931,1.772011087656991,0.0,1.5,-1.213764942054766,0.9880168195733164,0.9330423270069276,0.39157397703046437,17.13764942054766,0.35949541280050634,2.008730189792172,7193.389934175888
1.342,671,-17.261494085756393,-0.39647085667870047,-1.9546525637933403,5.996798805634297,-0.13521356572977059,0.40200988442123237,2.8135077768387844,0.15146330877743241,-0.11594320815061405,-1.2871535741124793,2.5261617554151266,0.2252923006506284,-0.19107343917123754,-2.590505332533553,-4.500646056726509,1.985412988385905,-12.0,-1.0,1.0,0.20142804,-1.0,2.7577675329330935,-4.904597634302558,3.9471372191095067,0.18696898290804442,0.11689070229065636,1.7745174181987977,0.0,1.5,-1.2261494085756395,0.9867843047773767,0.934844914540222,0.3896356743021879,17.261494085756393,0.39647085667870047,1.9546525637933403,7196.147701708821
1.344,672,-17.386738638766264,-0.45386594148073695,-1.9033022217095183,6.00242710781908,-0.1349118391631373,0.4017701278378297,2.8146855839811113,0.14978259994520648,-0.12726020817953487,-1.2866102550730394,2.525755154745803,0.32863685859895014,-0.2226143918844042,-3.6957371440141173,-4.276983887169138,1.1243220756823324,-12.0,-1.0,1.0,0.12395612,-1.0,2.6796769112044907,-4.954695455506506,3.9394845411359016,0.18731131852193655,0.11726903939571307,1.7770236751192963,0.0,1.5,-1.2386738638766266,0.9848711352839754,0.9365565926096827,0.39089679798571025,17.386738638766264,0.45386594148073695,1.9033022217095183,7198.827378620025
1.346,673,-17.511470502733115,-0.5219755835539784,-1.853493322553535,6.00806116327858,-0.13461087634843158,0.4015032131321167,2.8185805689135215,0.1502020149527297,-0.14207102704401348,-1.2859695668411224,2.5252814461920496,0.3441122666997865,-0.25606657838476765,-4.321123741643703,-4.03795898973857,1.7232664347889923,-12.0,-1.0,1.0,0.22410099,-1.0,2.574138250683728,-5.004588201093246,3.9304032555261363,0.1876433778496431,0.11852425136807196,1.7795328414475424,0.0,1.5,-1.2511470502733115,0.9826008138815341,0.9382168892482154,0.39508083789357323,17.511470502733115,0.5219755835539784,1.853493322553535,7201.401516870709
1.348,674,-17.641052981594353,-0.5668273765878147,-1.808154331809927,6.01368921918894,-0.13430504839948515,0.4012423998521663,2.80619766920735,0.15916908608307734,-0.11404326056679834,-1.285955447525424,2.5248168486914526,-0.5070009630999586,-0.19904138603236657,-4.5266384285312995,-3.7759563464861117,-4.0,3.6356307476200698,-1.0,1.0,-1.0,-0.9366699,2.4335573157040065,-5.056421192637742,3.924423016454958,0.18794563778793383,0.11455546615057342,1.7820393167219675,0.0,1.5,-1.2641052981594354,0.9811057541137395,0.9397281889396691,0.3818515538352448,17.641052981594353,0.5668273765878147,1.808154331809927,7203.835074186413
1.35,675,-17.775845527448453,-0.5610817580486985,-1.7701278603943582,6.019307416580663,-0.1339774352676955,0.40102260941943335,2.8120413365860255,0.1658249188558324,-0.10369757750312775,-1.2871179008284859,2.524430003754775,-0.6283686133375807,-0.18561883457193554,-0.2738961426722426,-3.9681628081286817,-4.0,12.0,-1.0,1.0,-1.0,-0.46624345,2.389075698683912,-5.110338210979382,3.92518909892684,0.18819914759737097,0.1164204526045769,1.784541119138257,0.0,1.5,-1.2775845527448455,0.98129727473171,0.9409957379868548,0.3880681753485897,17.775845527448453,0.5610817580486985,1.7701278603943582,7206.224149885097
1.352,676,-17.919099224009496,-0.5308746214465442,-1.7445647943223233,6.024908340650818,-0.1336359804068453,0.40085607127832523,2.788634370584447,0.1755397489201132,-0.06373032549085383,-1.2889042501244514,2.524135379274682,-1.1319594200995249,-0.11292551566367819,0.5654327691282219,-3.957906578095276,-4.0,-12.0,-1.0,1.0,-1.0,-0.8439483,2.208355665922392,-5.167639689603799,3.9292167171404606,0.1883695680378512,0.10903842654674467,1.7870346959958345,0.0,1.5,-1.2919099224009498,0.9823041792851152,0.9418478401892559,0.36346142182248226,17.919099224009496,0.5308746214465442,1.7445647943223233,7208.43250555102
1.354,677,-18.068457498503054,-0.4850522157572115,-1.7264076890432252,6.03048960621935,-0.13328089139036842,0.40072800840565515,2.7903443833648867,0.17729176222011178,-0.0701548039905982,-1.2910156867176705,2.5238890099952482,-0.9216460730071199,-0.14541767992562504,3.4406566621310617,-4.262448276618045,-1.0350317554806652,12.0,-1.0,1.0,-0.15817423,0.0027492708,2.4461677857975124,-5.227382999401222,3.935326371232372,0.18849061540637851,0.1095696353292259,1.7895191838645048,0.0,1.5,-1.3068457498503054,0.983831592808093,0.9424530770318925,0.3652321177640863,18.068457498503054,0.4850522157572115,1.7264076890432252,7210.878673336817
1.356,678,-18.221808250295926,-0.45956816947390317,-1.7093388638877134,6.0360644490324225,-0.13292982839075043,0.40057881771342074,2.7843888902480933,0.17407159915699522,-0.07850284270938732,-1.292619117013992,2.5235636010666815,-0.6794452742956614,-0.1776854640735622,2.8113772453128263,-4.050713599421499,-1.8702565655197434,-12.0,-1.0,1.0,-0.26628414,-0.6019181,2.3303491776754233,-5.28872330011837,3.9387242440701464,0.18860440757408192,0.10772524457411796,1.792001052345046,0.0,1.5,-1.3221808250295926,0.9846810610175366,0.9430220378704095,0.3590841485803932,18.221808250295926,0.45956816947390317,1.7093388638877134,7213.209022514492
1.358,679,-18.37467038571787,-0.45451170079482844,-1.6893806874664898,6.041627997259103,-0.13257364955225048,0.4004136603812265,2.7794059013590515,0.18217619021970766,-0.08654817524374256,-1.2937077278318427,2.5231887008898455,-0.418252621413323,-0.19623598302012493,1.921059311019917,-3.824292892968458,4.0,-12.0,-1.0,1.0,0.7216981,-1.0,2.1895720685151145,-5.349868154287148,3.9393984398940227,0.18873746208355674,0.10619433500301005,1.7944781772812082,0.0,1.5,-1.337467038571787,0.9848496099735057,0.9436873104177836,0.3539811166767002,18.37467038571787,0.45451170079482844,1.6893806874664898,7215.398594583007
1.36,680,-18.521808531021872,-0.4684253443335315,-1.6647435420264822,6.04718316340435,-0.13220352611535327,0.40023306331021935,2.7754818837024158,0.18639528171717443,-0.09638692614193455,-1.2943448072330828,2.522780250650559,-0.19942202982803928,-0.21733474864546296,0.8328182101782886,-3.6565602628684815,2.4751623117642847,-12.0,-1.0,1.0,0.2928656,-1.0,2.2237335690682998,-5.408723412408749,3.9375432874221956,0.18890170971982345,0.10499675794530024,1.796951949325864,0.0,1.5,-1.3521808531021873,0.9843858218555489,0.9445085485991173,0.3499891931510008,18.521808531021872,0.4684253443335315,1.6647435420264822,7217.622328152075
1.362,681,-18.669806092840606,-0.503172328803051,-1.6361054738064509,6.052729174325803,-0.13183570875170086,0.4000181338178502,2.7708524218341837,0.18153627562936875,-0.11830505678761788,-1.2944754427505925,2.5222982310722832,0.05932312219608224,-0.2629294440055491,-0.13391886750008553,-3.4693763868844485,-2.1232156350735543,12.0,-1.0,1.0,-0.25881618,-0.57586056,2.1511102379155544,-5.4679224371362425,3.932910356159593,0.18909263017462366,0.10359303451626374,1.7994220863592183,0.0,1.5,-1.3669806092840606,0.9832275890398983,0.9454631508731183,0.3453101150542125,18.669806092840606,0.503172328803051,1.6361054738064509,7219.773438389991
1.364,682,-18.81889231180514,-0.5540983194781932,-1.6048952739093694,6.058275148892933,-0.13146719353982894,0.3997851511846925,2.777896016643435,0.18674181534408227,-0.1104131660480552,-1.2943069649050851,2.5217887458817634,0.01524770396362364,-0.23950789779140047,-1.4015175241187876,-3.1449989944289314,4.0,12.0,-1.0,1.0,0.96584207,0.24718457,2.0838710914895704,-5.527556924722056,3.926120224069574,0.18930069817393755,0.10573269343764191,1.8018924539710306,0.0,1.5,-1.381889231180514,0.9815300560173935,0.9465034908696877,0.3524423114588064,18.81889231180514,0.5540983194781932,1.6048952739093694,7221.85730948148
1.366,683,-18.96979864369463,-0.5988008130099923,-1.5881534902464884,6.063844697469351,-0.13109585257288467,0.39957759361912365,2.79203381746925,0.18493454065342024,-0.0959935709013565,-1.2945882011795538,2.521333088614329,-0.3035156777525581,-0.2143629943283698,-1.2148360020578934,-3.1602096873957066,4.0,12.0,-1.0,1.0,0.77865165,0.06659097,1.9929627799403908,-5.587919457477852,3.9201598915986677,0.18941231006502343,0.1100957281713024,1.804372976881743,0.0,1.5,-1.396979864369463,0.9800399728996669,0.9470615503251171,0.366985760571008,18.96979864369463,0.5988008130099923,1.5881534902464884,7223.85027226142
1.368,684,-19.123380706392354,-0.6308729262570745,-1.5885865545710895,6.069443816047828,-0.13072159708012235,0.39939869001791445,2.807161579234862,0.1894004721736992,-0.08304851076067177,-1.2954618694818318,2.5209279941913105,-0.5568965148811793,-0.19147836805241253,0.43522816141671683,-3.1948027512239605,1.956557569831662,12.0,-1.0,1.0,0.3418838,0.045170613,1.9940386679903213,-5.649352282556942,3.91588360983239,0.1894094229695261,0.11486210478782446,1.8068662755410334,0.0,1.5,-1.4123380706392354,0.9789709024580975,0.9470471148476304,0.38287368262608157,19.123380706392354,0.6308729262570745,1.5885865545710895,7225.84431092941
1.37,685,-19.279883647723,-0.6153368406268162,-1.5932205786890508,6.0750438642460125,-0.13033103234017315,0.39923498636554944,2.7921683424922983,0.201100218029709,-0.08143589906335545,-1.2973490513521422,2.520548124660701,-1.2932450712998973,-0.19052897451395298,1.8768660075154457,-3.2282069980000188,-4.0,-12.0,-1.0,1.0,-1.0,-0.5068334,1.549705543231776,-5.711953459089201,3.9179550879164244,0.18937852947540634,0.11013767387675844,1.8093599695833982,0.0,1.5,-1.4279883647723002,0.9794887719791061,0.9468926473770316,0.3671255795891948,19.279883647723,0.6153368406268162,1.5932205786890508,7227.394016472642
1.372,686,-19.437453634015984,-0.5636115397490928,-1.595291780254174,6.080637390064596,-0.12992057330115636,0.3990732101615679,2.8015101906694646,0.2090931932174435,-0.08105775178768032,-1.2998456090979005,2.5201652367514242,-1.1875366022511042,-0.19364095098097114,5.936045163671054,-3.156980059570458,-0.09256637019750924,12.0,-1.0,1.0,0.10245965,0.46951967,1.8965563219518637,-5.774981453606394,3.924851794700121,0.18936472146497219,0.11306992664380702,1.8118509692397917,0.0,1.5,-1.4437453634015984,0.9812129486750303,0.9468236073248608,0.3768997554793568,19.437453634015984,0.5636115397490928,1.595291780254174,7229.290572794594
1.374,687,-19.594358137691668,-0.49878416218263605,-1.5891109641050383,6.08621662225944,-0.1294927273089996,0.3988949879369825,2.7788641124845386,0.21795682259793148,-0.10213126678272434,-1.3022647118568766,2.519733636431119,-1.100999636260512,-0.24899867648061136,5.906814367578761,-3.0648425953800142,-4.0,-12.0,-1.0,1.0,-0.57109374,-0.54118675,1.4591337850424908,-5.837743255076667,3.933495445042315,0.18940592690596642,0.106028564914133,1.8143360398700392,0.0,1.5,-1.4594358137691668,0.9833738612605788,0.947029634529832,0.3534285497137767,19.594358137691668,0.49878416218263605,1.5891109641050383,7230.749706579636
1.3760000000000001,688,-19.751575841722282,-0.43081694853485714,-1.5829233265686788,6.091764844554179,-0.1290692997681799,0.39866546755214594,2.769557464765356,0.20555112932790365,-0.12719613519312858,-1.3042510054024588,2.5191626623881644,-0.8908844894168446,-0.3205511195493932,5.957950089421047,-2.7017339038207524,4.0,-12.0,-1.0,1.0,1.0,-1.0,1.360277560481786,-5.900630336688913,3.9425577401953524,0.18944717782287548,0.10320217001424127,1.8168079708020497,0.0,1.5,-1.4751575841722282,0.9856394350488381,0.9472358891143774,0.34400723338080424,19.751575841722282,0.43081694853485714,1.5829233265686788,7232.109984140117
1.3780000000000001,689,-19.906398728685613,-0.3844480443003248,-1.580668870481943,6.097292930618824,-0.12865366502429085,0.3983942621253847,2.7592918166636835,0.2152406088374611,-0.1413864318565429,-1.3055431376887088,2.5185057600144023,-0.42094334827158447,-0.3249486302872411,5.304633064319091,-2.2297768798858897,4.0,8.350324776001258,-1.0,1.0,0.7971981,-0.41695184,1.5135363043848606,-5.962559491474245,3.9487402607599567,0.18946220753012039,0.10013159280197799,1.8192714217506802,0.0,1.5,-1.4906398728685613,0.9871850651899892,0.9473110376506019,0.3337719760065933,19.906398728685613,0.3844480443003248,1.580668870481943,7233.623520444502
1.3800000000000001,690,-20.04753840450603,-0.3641751678139503,-1.558079927649916,6.102804917102791,-0.12820337754335864,0.3981033653960607,2.752407999075671,0.2350496639309062,-0.14838462844737835,-1.3060681603127025,2.5178739396455025,-0.09840652451231824,-0.3039911317374852,3.213353815842879,-2.0764088514442847,4.0,-12.0,-1.0,1.0,1.0,-0.7581478,1.569660980890655,-6.019015361802413,3.95144331095814,0.1896128004823339,0.09810073657609888,1.8217283828490336,0.0,1.5,-1.5047538404506033,0.987860827739535,0.9480640024116694,0.32700245525366295,20.04753840450603,0.3641751678139503,1.558079927649916,7235.193181425393
1.3820000000000001,691,-20.181699244499796,-0.3667402100464265,-1.5165680191572861,6.1083011493555395,-0.12772332786081259,0.39780593829988076,2.7444604223811493,0.24479330458442036,-0.14941388989605284,-1.3059620460905987,2.5172941784860434,0.1836991502529598,-0.276842502689971,1.7056742218452428,-2.054832270413101,-3.1348802311372834,-12.0,-1.0,1.0,-0.15131082,-1.0,1.5345798915852282,-6.072679697799919,3.951101305327143,0.18988954653895143,0.09578464286075636,1.8241787705391737,0.0,1.5,-1.5181699244499798,0.9877753263317858,0.9494477326947571,0.3192821428691879,20.181699244499796,0.3667402100464265,1.5165680191572861,7236.727761316978
1.3840000000000001,692,-20.317603861228907,-0.3909536095130933,-1.458456549463341,6.113782957365397,-0.12723199671727697,0.3974881481041567,2.7391885852941464,0.24853307216907672,-0.16291529093733242,-1.3052667372958884,2.5167269254479248,0.45043693902106224,-0.27755045601330414,0.2739230035980995,-2.0746231837587743,-4.0,12.0,-1.0,1.0,-1.0,1.0,1.32156923126542,-6.127041544491563,3.947872852064921,0.19027695633691108,0.09426542346800754,1.8266231441507261,0.0,1.5,-1.5317603861228908,0.9869682130162303,0.9513847816845553,0.3142180782266918,20.317603861228907,0.3909536095130933,1.458456549463341,7238.049330548243
1.3860000000000001,693,-20.455725894730147,-0.4261412470665632,-1.3907701162979649,6.11926143820973,-0.1267224633638874,0.3971754138742993,2.741018448415799,0.26344352193925163,-0.14232372013443603,-1.304330997829541,2.516224171893927,0.4188752850392978,-0.21180197582095014,-1.1988276991844486,-1.9576328095184294,-4.0,12.0,-1.0,1.0,-0.7030055,1.0,1.380272967050451,-6.182290357892059,3.9431811670577916,0.19072819922468023,0.09479119103444164,1.829066169243228,0.0,1.5,-1.5455725894730148,0.9857952917644479,0.9536409961234011,0.31597063678147214,20.455725894730147,0.4261412470665632,1.3907701162979649,7239.429603515294
1.3880000000000001,694,-20.599208178382785,-0.4474775325910016,-1.322339857758878,6.124703955558607,-0.1261752782882045,0.3969419743798808,2.7018717283857576,0.28369424587481074,-0.09158681023881422,-1.3035915935729046,2.51592705861494,0.32467172776144215,-0.08790916184784191,-1.2281673225451755,-2.1858244996806206,-2.8752169529160376,-12.0,-1.0,1.0,-0.16848274,-1.0,1.4596406997631364,-6.2396832713531145,3.9403363289878666,0.19118440094827416,0.0839116952403108,1.8314925806492859,0.0,1.5,-1.5599208178382786,0.9850840822469666,0.9559220047413707,0.279705650801036,20.599208178382785,0.4474775325910016,1.322339857758878,7240.889244215057
1.3900000000000001,695,-20.745161879089743,-0.4573646349202956,-1.2493500307848018,6.1301166189156,-0.1255895421322725,0.3967806839987635,2.711212335569421,0.3007065270470989,-0.07090787986344108,-1.3030056922533892,2.515804287303995,0.2613788266897935,-0.03981092695255669,-0.9050303874831229,-2.745865913748787,1.803551064353298,12.0,-1.0,1.0,0.39321867,0.60932237,1.503478722542911,-6.298064751635898,3.939018048677294,0.19167099979476798,0.08643654107768008,1.833905194662829,0.0,1.5,-1.5745161879089744,0.9847545121693235,0.9583549989738399,0.2881218035922669,20.745161879089743,0.4573646349202956,1.2493500307848018,7242.3927229376
1.3920000000000001,696,-20.890452460938146,-0.4650650317030939,-1.1756748829167776,6.135549083273551,-0.12497557122482401,0.3966522327235321,2.7216545951631463,0.31295877049892307,-0.058058751514936016,-1.3025455361686578,2.515747918252659,0.2017400376466296,-0.017876398138578994,-0.7057461460279342,-2.9618028260362053,-4.0,12.0,-1.0,1.0,-0.6928788,1.0,1.4271015396770435,-6.356180984375259,3.937991329106254,0.19216216744722148,0.08931231070278768,1.8363264666510162,0.0,1.5,-1.5890452460938147,0.9844978322765635,0.9608108372361074,0.2977077023426256,20.890452460938146,0.4650650317030939,1.1756748829167776,7243.8198244772775
1.3940000000000001,697,-21.03619823948248,-0.4707733159481337,-1.1026536235060043,6.14100496339612,-0.12433912522096546,0.3965436248244618,2.734974589296669,0.3229507056041697,-0.05189034442554126,-1.3021924461030443,2.5157204329582634,0.15578140076255764,-0.011949764444938681,-0.4995834177584584,-3.0602016598388673,-0.4959547362923731,12.0,-1.0,1.0,0.089110054,1.0,1.4578149826132518,-6.414479295792993,3.9372302245402486,0.19264897584329332,0.09306095574935674,1.838758106543756,0.0,1.5,-1.6036198239482482,0.9843075561350622,0.9632448792164665,0.31020318583118917,21.03619823948248,0.4707733159481337,1.1026536235060043,7245.27763945989
1.3960000000000001,698,-21.1870940010053,-0.45829448883460794,-1.0403300418861159,6.146440393997655,-0.12370392321774924,0.39643873277092534,2.7008414382162726,0.31210114096639224,-0.05314575508011558,-1.301972049435865,2.5156599748724724,0.06831495549956954,-0.048213384584408464,-0.34040824646075407,-3.084337769427975,4.0,-12.0,-1.0,1.0,0.6919982,-1.0,1.2868816685167852,-6.47483760040212,3.9388940681553857,0.19306446638742591,0.08363596750763386,1.8411805781363202,0.0,1.5,-1.61870940010053,0.9847235170388464,0.9653223319371295,0.2787865583587795,21.1870940010053,0.45829448883460794,1.0403300418861159,7246.564521128407
1.3980000000000001,699,-21.34511019261046,-0.4404274119745706,-0.9944782370798233,6.151845429010487,-0.12308997517467202,0.3963176840127808,2.70165397121052,0.30143002929548746,-0.07073942247660914,-1.301638133347805,2.515526571738956,0.2381299852679764,-0.09107559154429785,0.052844646418350294,-2.890928051572473,4.0,12.0,-1.0,1.0,1.0,0.26647967,1.1794232402085385,-6.538044077044184,3.941276345070057,0.1933701450861345,0.0838533727679839,1.843589505128929,0.0,1.5,-1.634511019261046,0.9853190862675143,0.9668507254306725,0.2795112425599463,21.34511019261046,0.4404274119745706,0.9944782370798233,7247.743944368616
1.4000000000000001,700,-21.502768033038116,-0.43467746480359565,-0.9440684060981989,6.157245885706798,-0.12247986446420848,0.39614855926513287,2.6990397305943405,0.3086197472887219,-0.09815088028594458,-1.3009651259877921,2.515302869078115,0.4266493192494004,-0.1312235732487194,-0.8630137200356671,-2.6499363900697404,-3.881220934169466,12.0,-1.0,1.0,-0.24865146,1.0,1.037077582008341,-6.601107213215247,3.942043004692854,0.193706210626012,0.08315511909478643,1.8459969792619195,0.0,1.5,-1.6502768033038118,0.9855107511732135,0.96853105313006,0.2771837303159548,21.502768033038116,0.43467746480359565,0.9440684060981989,7248.781021950625
1.4020000000000001,701,-21.658254924254514,-0.42412420929614214,-0.8805362512640031,6.16264419389348,-0.12185963559556563,0.39592711594453284,2.698888507046293,0.31157175495141665,-0.12313191922001468,-1.300214278985159,2.5149961735363555,0.369305256227426,-0.17269506269355148,-1.9402118619453859,-2.4044559493793827,-1.948188809472046,-12.0,-1.0,1.0,-0.03654494,0.2391811,1.0595156387634117,-6.663301969701806,3.943450105427181,0.19412975832490664,0.0831148367110803,1.8484042929300029,0.0,1.5,-1.6658254924254514,0.9858625263567953,0.9706487916245332,0.277049455703601,21.658254924254514,0.42412420929614214,0.8805362512640031,7249.840537589388
1.4040000000000001,702,-21.811575687445217,-0.39589224711480275,-0.8085305546894797,6.168045743466831,-0.1212279799037676,0.39565577897018256,2.703404395866026,0.32020548020431727,-0.14780152928059437,-1.2997028723078634,2.5146185108937344,0.1194574924183597,-0.20288642605836688,-1.8036609473621752,-2.1357593938033688,-4.0,-12.0,-1.0,1.0,-1.0,-1.0,0.903083056773602,-6.724630274978087,3.9472143670513598,0.19460979630207015,0.08432289027032278,1.8508138196551522,0.0,1.5,-1.6811575687445217,0.9868035917628399,0.9730489815103507,0.28107630090107594,21.811575687445217,0.39589224711480275,0.8085305546894797,7250.743620646162
1.4060000000000001,703,-21.96614624683044,-0.35206244469598474,-0.7301682206533444,6.173453012760993,-0.12058592549720787,0.3953498940733612,2.70301775533359,0.3200862703531086,-0.15459233629241514,-1.2994823708085652,2.514211972215443,0.15419433093945928,-0.19721257665123879,-0.6567034637759548,-1.9092700484550846,-4.0,-12.0,-1.0,1.0,-0.69495183,-0.40472883,0.8927023788187365,-6.786458498732177,3.953058340707202,0.19513221186231106,0.08421904455439824,1.8532264403351095,0.0,1.5,-1.6966146246830442,0.9882645851768005,0.9756610593115552,0.2807301485146608,21.96614624683044,0.35206244469598474,0.7301682206533444,7251.63632302498
1.408,704,-22.120810620397826,-0.3244742638704818,-0.6461600064720916,6.178854271443285,-0.11993088169507951,0.395040929973195,2.698276683782504,0.33498541468606724,-0.1538479231971619,-1.2989538959450573,2.5138527753567326,0.37189712037481804,-0.1610807493597876,-0.8744879562410688,-1.8563315598323697,4.0,-12.0,-1.0,1.0,1.0,-0.7893025,0.7677659398478093,-6.84832424815913,3.956736764817269,0.1956922666235194,0.08295198306673336,1.8556365508107708,0.0,1.5,-1.7120810620397826,0.9891841912043172,0.978461333117597,0.27650661022244455,22.120810620397826,0.3244742638704818,0.6461600064720916,7252.404088964828
1.41,705,-22.27045346328575,-0.3137678318451498,-0.5545891119416105,6.184250212353331,-0.11925358617730675,0.3947311601525663,2.6964107693104276,0.34322605920946064,-0.15414058399505223,-1.298126949698435,2.5135520744904634,0.4882357493281662,-0.13473991754905348,-2.068696876119475,-1.9651513245475485,0.44822992050336397,-12.0,-1.0,1.0,0.18027039,-1.0,0.8671020531630774,-6.9081813853143,3.958164289087313,0.1963027392537226,0.08245652389090591,1.8580445281914226,0.0,1.5,-1.727045346328575,0.9895410722718283,0.981513696268613,0.27485507963635303,22.27045346328575,0.3137678318451498,0.5545891119416105,7253.2711910179905
1.412,706,-22.41524781526479,-0.3218175883509658,-0.45515233767999486,6.189639901620552,-0.11855277520493133,0.3944253407434833,2.6924701423870063,0.3564122407046141,-0.15300803365021387,-1.2969867916132014,2.513319521015023,0.6935610613471712,-0.10126877887467,-2.815779270210726,-2.036715310347404,4.0,-12.0,-1.0,1.0,1.0,-1.0,0.6260028621259002,-6.966099126105917,3.9570909882198713,0.19696565108213338,0.08141613994556543,1.8604499046536556,0.0,1.5,-1.7415247815264792,0.9892727470549678,0.9848282554106669,0.2713871331518848,22.41524781526479,0.3218175883509658,0.45515233767999486,7253.897193880116
1.414,707,-22.558644052139545,-0.3459129102254736,-0.34728766230796426,6.195011134601545,-0.11782692581832262,0.39414383820990956,2.673770730416978,0.3715482893618608,-0.11757261288231963,-1.2955992741110833,2.513198283235082,0.618859665810332,0.0004905564340115659,-4.070437447352418,-2.1575603086312753,-0.2572390685706871,-12.0,-1.0,1.0,0.11722914,-1.0,0.8705844119515989,-7.023457620855819,3.9538782786366036,0.1976847489179469,0.07659048580450532,1.8628470015707177,0.0,1.5,-1.7558644052139547,0.9884695696591509,0.9884237445897345,0.2553016193483511,22.558644052139545,0.3459129102254736,0.34728766230796426,7254.767778292067
1.416,708,-22.708907396249575,-0.37183147472296674,-0.2366417167428795,6.200360486417039,-0.11707572685636781,0.3939177539645282,2.6776286889334133,0.38212369683749375,-0.10362277387281726,-1.2943284908196557,2.513231116296308,0.5911966214654025,0.04252808621619647,-3.974433970091809,-2.642109429186462,-4.0,12.0,-1.0,1.0,-1.0,0.6523009,0.5620804414162844,-7.08356295849983,3.950422470036938,0.19842238855504749,0.07757097534204209,1.8652338836374174,0.0,1.5,-1.7708907396249576,0.9876056175092345,0.9921119427752374,0.258569917806807,22.708907396249575,0.37183147472296674,0.2366417167428795,7255.329858733484
1.418,709,-22.862578099394412,-0.4025112024257723,-0.13247355078349823,6.205726863828789,-0.11630248671354369,0.3937222103641641,2.68979665532056,0.38996427484047597,-0.09369839507926786,-1.293298679089572,2.5133452280460835,0.42669991122313256,0.06612166661003177,-4.090275406652694,-2.8588636903425595,-4.0,12.0,-1.0,1.0,-0.5641714,0.02496297,0.590636538564376,-7.145031239757765,3.9463318396765636,0.1991168429947767,0.08071492926037226,1.8676281219155135,0.0,1.5,-1.7862578099394413,0.9865829599191409,0.9955842149738834,0.2690497642012409,22.862578099394412,0.4025112024257723,0.13247355078349823,7255.920495272048
1.42,710,-23.020331940131562,-0.43283049401018353,-0.03830270869772634,6.211121725578775,-0.11551653883877254,0.3935398198024528,2.701281122673433,0.39577940314719634,-0.08753746185907382,-1.292629312060599,2.513486102369877,0.2516183390741258,0.0773050907784286,-3.473754201458121,-2.999653942266889,-2.7881425741583357,12.0,-1.0,1.0,-0.2700338,-0.18938869,0.668751178633578,-7.208132776052626,3.9422892674653087,0.19974464860868182,0.08375356899480889,1.8700349332099973,0.0,1.5,-1.8020331940131564,0.9855723168663272,0.9987232430434091,0.27917856331602964,23.020331940131562,0.43283049401018353,0.03830270869772634,7256.589246450682
1.422,711,-23.183298998947315,-0.4633781181554642,0.0461679815411934,6.216540808006255,-0.11471959893852288,0.39337164831341964,2.718272899363095,0.40127081304919726,-0.07996239062607484,-1.2922722945997147,2.5136499322012034,0.09750517401885794,0.08734384188067068,-2.732219746507667,-3.0837459278675396,-4.0,12.0,-1.0,1.0,-1.0,0.9139556,0.48406786115648776,-7.273319599578926,3.9382162509126046,0.19969221345639207,0.08837489666309341,1.8724523892453808,0.0,1.5,-1.8183298998947315,0.9845540627281512,0.9984610672819603,0.29458298887697804,23.183298998947315,0.4633781181554642,0.0461679815411934,7257.073314311839
1.424,712,-23.35508222341547,-0.4626056975384312,0.11598185808575422,6.221967244004496,-0.11391395679271785,0.3932270231749482,2.7087073630582594,0.40284530526205237,-0.07042572277054374,-1.2927991213170562,2.513843907907533,-0.6655481214732126,0.09199325138397847,-2.033057413408187,-3.1667056496440296,-0.3776366515857752,-12.0,-1.0,1.0,-0.038719498,-0.1223815,0.4751803668401981,-7.3420328893661875,3.9383192403282092,0.19922678761276166,0.08575500057590744,1.8748728485583008,0.0,1.5,-1.8355082223415469,0.9845798100820523,0.9961339380638082,0.2858500019196915,23.35508222341547,0.4626056975384312,0.11598185808575422,7257.548494678679
1.426,713,-23.534260867533817,-0.4159316196865687,0.17164611868550836,6.227380204198257,-0.11311017495312059,0.3930775931975456,2.7055289706094467,0.40263852132998096,-0.0820031377011218,-1.294263220511268,2.5139940738025963,-0.660315341813812,0.055225575852914655,1.8875744075205034,-3.2287478384265,2.508022687685677,-12.0,-1.0,1.0,0.29802945,-0.6677094,0.32207405155967184,-7.413704347013527,3.9445424507084574,0.19885569254209662,0.08489490176011087,1.877287324868993,0.0,1.5,-1.8534260867533818,0.9861356126771144,0.994278462710483,0.28298300586703623,23.534260867533817,0.4159316196865687,0.17164611868550836,7257.870568730239
1.428,714,-23.712909289612714,-0.39236579042454284,0.22629914845548282,6.232784038073774,-0.11231262741886125,0.39289339041760507,2.6988581953526194,0.39461187146355897,-0.10210204142299312,-1.2951651143968046,2.514052961934338,-0.2627442998885743,0.00459334718716501,2.15423034806588,-3.074942639783785,4.0,12.0,-1.0,1.0,1.0,1.0,0.28517878000684854,-7.485163715845086,3.9476845612767275,0.1984913390102968,0.08310676382476094,1.8796981032591473,0.0,1.5,-1.8712909289612716,0.9869211403191819,0.9924566950514839,0.27702254608253646,23.712909289612714,0.39236579042454284,0.22629914845548282,7258.155747510246
1.43,715,-23.891495371249373,-0.39953408874670193,0.2791741802238065,6.238177507013509,-0.11152738869697496,0.39267136084159443,2.6958827056685837,0.3934352994872916,-0.11847143650609637,-1.2953887925530592,2.5140241453231518,-0.014276694597451567,-0.027564658710482526,0.34675391554696944,-2.833559122803422,4.0,12.0,-1.0,1.0,1.0,0.120875545,0.31912666635617837,-7.5565981484997495,3.9467287881671065,0.19813883879850797,0.08231663623024299,1.882104611854003,0.0,1.5,-1.8891495371249374,0.9866821970417766,0.9906941939925398,0.2743887874341433,23.891495371249373,0.39953408874670193,0.2791741802238065,7258.4748741766025
1.432,716,-24.06816289683825,-0.41315048468542764,0.3230670088258089,6.243573848267269,-0.11074614678952893,0.3924187131160701,2.700683405631719,0.3854542801219732,-0.13510264669727814,-1.2955710310219577,2.5139321090842572,-0.20059513488333383,-0.0683003071479359,-0.8508484796577704,-2.6670057710779247,4.0,-12.0,-1.0,1.0,1.0,-1.0,0.12676618360830755,-7.6272651587353,3.9449132687086097,0.19784621994116128,0.0835937234222748,1.8845127211876065,0.0,1.5,-1.906816289683825,0.9862283171771524,0.9892310997058064,0.27864574474091597,24.06816289683825,0.41315048468542764,0.3230670088258089,7258.601640360211
1.434,717,-24.247195348079124,-0.42264350950382223,0.34372974493059216,6.248976948846914,-0.10998575742130609,0.3921302972579056,2.7007310961659186,0.37475532422462265,-0.15375443425280338,-1.2960211633491578,2.513754213212168,-0.16303526389810796,-0.10912114850475099,0.11719141555141732,-2.444920281111763,4.0,-12.0,-1.0,1.0,1.0,-0.3099051,0.061339547137258976,-7.69887813923165,3.943647532066157,0.1977084683671294,0.08360647032969476,1.8869240525554765,0.0,1.5,-1.9247195348079125,0.9859118830165392,0.9885423418356469,0.2786882344323159,24.247195348079124,0.42264350950382223,0.34372974493059216,7258.662979907348
1.436,718,-24.42681537858589,-0.4481177245617113,0.36318243086461804,6.254374797096998,-0.10923607652938427,0.39179855257130936,2.6973800519211077,0.3750281460224575,-0.1778135245363727,-1.2961081533934502,2.5135010383710976,0.06740034549036081,-0.1427372495015992,0.019418526065294373,-2.205236899909835,-0.7567867668478865,12.0,-1.0,1.0,0.053222813,0.4828804,0.01641180877534318,-7.770726151434356,3.9402509700584387,0.19757878379423588,0.08271367230991464,1.889333477627809,0.0,1.5,-1.942681537858589,0.9850627425146097,0.9878939189711794,0.2757122410330488,24.42681537858589,0.4481177245617113,0.36318243086461804,7258.679391716123
1.438,719,-24.606841231335988,-0.4757224775581108,0.37544483459386035,6.259775479344848,-0.10849521790016814,0.3914271192425611,2.7030583436669273,0.3658584699735955,-0.19365104749726988,-1.2962152305826922,2.513187231646476,-0.16594728389418142,-0.17068959710101608,-1.1153615120186373,-1.9865214267115334,4.0,-12.0,-1.0,1.0,0.73537594,-0.47148627,-0.14131311973341454,-7.842736492534396,3.9365703363255853,0.19749703443604094,0.08422994231351451,1.8917445583782158,0.0,1.5,-1.960684123133599,0.9841425840813963,0.9874851721802047,0.2807664743783817,24.606841231335988,0.4757224775581108,0.37544483459386035,7258.53807859639
1.44,720,-24.785967084673633,-0.4852295437577527,0.37998205858856904,6.265185026856049,-0.10775446791463127,0.39101480103902814,2.703615863267528,0.3749652285331947,-0.21294773804932077,-1.2967504511354475,2.512818583204942,-0.4887761900616383,-0.18650671988017847,0.0727920727525202,-1.783998343790131,-4.0,-12.0,-1.0,1.0,-0.3585569,-1.0,-0.3274659512467857,-7.914386833869454,3.9353027274989665,0.19746678627607622,0.08437971998389539,1.8941600764587054,0.0,1.5,-1.9785967084673635,0.9838256818747416,0.9873339313803811,0.2812657332796513,24.785967084673633,0.4852295437577527,0.37998205858856904,7258.210612645143
1.442,721,-24.96917846328314,-0.43660448567206606,0.38802512600553635,6.270581426361111,-0.10699621060697838,0.3905845421388629,2.693850684537043,0.3828809261032383,-0.21946456327375052,-1.2983027630946586,2.512453553224895,-0.8721065798653126,-0.1809631786809053,1.7939807141408437,-1.6311830415875193,-3.6325821239798435,-12.0,-1.0,1.0,-0.25750038,-0.7701079,-0.4649109741142494,-7.987671385313256,3.941786068577058,0.19741316582662977,0.08177969922000332,1.896570126192624,0.0,1.5,-1.996917846328314,0.9854465171442645,0.9870658291331488,0.2725989974000111,24.96917846328314,0.43660448567206606,0.38802512600553635,7257.745701671029
1.444,722,-25.153218639760635,-0.392961350852004,0.40350818994443755,6.275961085728731,-0.10622942703487248,0.3901369231042873,2.6835809084349322,0.3855172277017754,-0.2302548442344039,-1.2995716633576118,2.5120958224527876,-0.3232775280068262,-0.17740853192142514,4.021095055001467,-1.5858947515744717,4.0,12.0,-1.0,1.0,0.82456785,0.37173444,-0.4090790127919263,-8.061287455904255,3.9476051532197327,0.19730994540037042,0.07909915630323325,1.8989730101129143,0.0,1.5,-2.0153218639760637,0.9869012883049332,0.9865497270018521,0.2636638543441108,25.153218639760635,0.392961350852004,0.40350818994443755,7257.336622658237
1.446,723,-25.332948450354117,-0.37066795390157226,0.4373744833242577,6.281307014950298,-0.10543196042632431,0.3897054233890536,2.6608084443312716,0.4117272770480551,-0.20142760621380817,-1.3001923041409051,2.5118418723921856,-0.28604518842534365,-0.07834493716709262,1.530729848299643,-1.532121830950416,4.0,-12.0,-1.0,1.0,1.0,-0.9221589,-0.4063869371708648,-8.133179380141646,3.950577606146457,0.19708417011117163,0.07335403699111223,1.901360958779359,0.0,1.5,-2.0332948450354116,0.9876444015366143,0.985420850555858,0.24451345663704077,25.332948450354117,0.37066795390157226,0.4373744833242577,7256.930235721065
1.448,724,-25.509948738678045,-0.35584356995107674,0.4874948251925124,6.286632057767524,-0.1045926873922702,0.3893192518268066,2.667630224577716,0.4307175156546573,-0.17721845068846687,-1.3005525108001648,2.5117423651507913,-0.15927363360463637,-0.006424844741429223,1.468696307050891,-1.97664979260162,4.0,12.0,-1.0,1.0,1.0,0.10893161,-0.33502786569224824,-8.203979495471218,3.95255419067319,0.19675003449871659,0.07504617483678254,1.9037393978306345,0.0,1.5,-2.0509948738678045,0.9881385476682975,0.9837501724935829,0.25015391612260846,25.509948738678045,0.35584356995107674,0.4874948251925124,7256.595207855373
1.45,725,-25.685893244436965,-0.3489586079250571,0.5500877404370845,6.291976150965836,-0.10370775779150376,0.3889849600753191,2.6765738846215337,0.45470930237917995,-0.15643191482533333,-1.3008494723882056,2.5117872764438567,-0.12548596456918107,0.052787583797927286,0.9068798647993503,-2.316348806451117,-4.0,12.0,-1.0,1.0,-0.9502458,1.0,-0.48939371925003294,-8.274357297774786,3.9534721856099924,0.19633274839708612,0.07730211681900766,1.906126010784877,0.0,1.5,-2.0685893244436966,0.9883680464024981,0.9816637419854305,0.25767372273002553,25.685893244436965,0.3489586079250571,0.5500877404370845,7256.105814136123
1.452,726,-25.86625500076229,-0.33932668250156367,0.6259540932656338,6.297295404450087,-0.10277571859940757,0.3887127689398368,2.643353482679585,0.4769548971327123,-0.11602373656727556,-1.3010876910661808,2.511989480583975,-0.11056509535830318,0.14756224763661713,0.7973338372301555,-2.6213932077610025,-4.0,-12.0,-1.0,1.0,-0.7988321,-0.47166997,-0.6127281943975117,-8.346502000304916,3.954756442333125,0.19582697271156246,0.06913740929587776,1.9085011768752493,0.0,1.5,-2.086625500076229,0.9886891105832812,0.9791348635578122,0.23045803098625922,25.86625500076229,0.33932668250156367,0.6259540932656338,7255.493085941725
1.454,727,-26.05079616447972,-0.33011167611619335,0.7149529529145631,6.302593659312603,-0.10180448241119343,0.3884842126994674,2.656094386478669,0.49285321437692353,-0.11416788206961442,-1.301209180414373,2.5122923271030997,-0.03450657758451353,0.15009945113761594,0.7703732267708006,-3.1357073549781376,-4.0,12.0,-1.0,1.0,-0.96844435,1.0,-0.6895114613868462,-8.420318465791889,3.955985109851174,0.19523364698056958,0.07219921011406821,1.9108667585312769,0.0,1.5,-2.105079616447972,0.9889962774627935,0.9761682349028479,0.24066403371356074,26.05079616447972,0.33011167611619335,0.7149529529145631,7254.803574480338
1.456,728,-26.23345887965136,-0.34133466900820136,0.812820501719187,6.307905953674963,-0.10081476076140405,0.38824968782580244,2.6527755941317284,0.4948461131304869,-0.1253323160224668,-1.300946416887079,2.5125734424915818,0.3439718736811181,0.12142661197270042,0.41437850754033434,-3.2089626763079764,4.0,12.0,-1.0,1.0,1.0,1.0,-0.8468391889356297,-8.493383551860545,3.9544887107989064,0.19458119665520543,0.07139330424440331,1.9132387605513612,0.0,1.5,-2.123345887965136,0.9886221776997266,0.9729059832760271,0.2379776808146777,26.23345887965136,0.34133466900820136,0.812820501719187,7253.956735291403
1.458,729,-26.414453313758287,-0.37472789427998615,0.9249108456380991,6.31320822089906,-0.09982249104506227,0.3879721124357585,2.654663516058444,0.5001889176147087,-0.14643266408771666,-1.3000703821606816,2.5127606387694756,0.4745746291572955,0.07869747111334491,-1.5305664542466388,-3.1218215581798177,-4.0,12.0,-1.0,1.0,-1.0,1.0,-0.9299965020995427,-8.565781325503314,3.9500362807626686,0.19383392769574603,0.07185102889691124,1.9156068229864696,0.0,1.5,-2.1414453313758286,0.9875090701906671,0.9691696384787301,0.23950342965637078,26.414453313758287,0.37472789427998615,0.9249108456380991,7253.026738789304
1.46,730,-26.59734976664649,-0.39628847724077165,1.036847599228413,6.318513924829162,-0.0988217495534555,0.3876796796174828,2.6552235022623494,0.4955073434351791,-0.15171147888246034,-1.2994657464074213,2.5129090754499948,0.10942949774175076,0.053735993010602674,-2.358787176906958,-2.945615109461869,4.0,-12.0,-1.0,1.0,0.9556198,-1.0,-0.8968735310590364,-8.638939906658598,3.947161536367897,0.1930876826718106,0.0719871630678752,1.9179766107321612,0.0,1.5,-2.1597349766646494,0.9867903840919743,0.9654384133590529,0.2399572102262507,26.59734976664649,0.39628847724077165,1.036847599228413,7252.1298652582445
1.462,731,-26.781213475165046,-0.4043386218605663,1.1439468386376865,6.323839715667965,-0.0978147218543045,0.3873660532698183,2.6657905919594853,0.5089048677104548,-0.16684600314661457,-1.2992630089496136,2.5130028809526044,0.15045473611550603,0.03056497236123846,-0.653988670481283,-2.850495055051965,-4.0,12.0,-1.0,1.0,-0.9436486,0.7774578,-0.9417011771232059,-8.71248539006602,3.9460881837519244,0.19237368774241542,0.07458741563273831,1.9203555784860367,0.0,1.5,-2.178121347516505,0.9865220459379811,0.9618684387120771,0.2486247187757944,26.781213475165046,0.4043386218605663,1.1439468386376865,7251.188164081122
1.464,732,-26.962195375080196,-0.4090862861046963,1.2698141692273688,6.329199654732041,-0.09677520211112803,0.3870348700906331,2.6938717402284427,0.53048507339522,-0.16466187211010852,-1.2991340016114095,2.5130790825421747,-0.012006012521040138,0.0445425868370901,-0.8996623539116513,-2.753401052327092,-4.0,12.0,-1.0,1.0,-1.0,1.0,-0.9380304424068328,-8.784878150032078,3.945455161852707,0.19153457220515088,0.0817852518606545,1.9227501628190975,0.0,1.5,-2.1962195375080196,0.9863637904631768,0.9576728610257543,0.27261750620218167,26.962195375080196,0.4090862861046963,1.2698141692273688,7250.250133638715
1.466,733,-27.14302284337883,-0.41321639906061475,1.4016468969599696,6.33461602218441,-0.09570577537664281,0.3867145635525439,2.7169539705732273,0.5365161638980375,-0.16104730547712162,-1.299277868421211,2.5131805010997867,-0.06417559297843897,0.04519627472908027,-0.11316007836973085,-2.83852944262037,1.2792376287033969,12.0,-1.0,0.4493251,0.3819559,1.0,-0.9786446451257844,-8.857209137351532,3.9449044801252513,0.19065568735360022,0.08801086794731874,1.9251698565889415,0.0,1.5,-2.214302284337883,0.9862261200313128,0.9532784367680011,0.29336955982439583,27.14302284337883,0.41321639906061475,1.4016468969599696,7249.271488993589
1.468,734,-27.323902538575926,-0.42249732195308526,1.5417148758214856,6.3400674928204515,-0.09461721152039165,0.38638496841535963,2.7398655862999015,0.5546325247217229,-0.16320800775788952,-1.299417327768794,2.513261773878028,-0.13639071508730224,0.04705056728141907,0.17646118587754245,-2.8620815936027952,-3.6472854534126737,12.0,-1.0,0.9960103,-0.22223945,1.0,-1.0822183771998886,-8.929561015430371,3.9436670237395886,0.18972190082785678,0.0944597502864262,1.9276053453787902,0.0,1.5,-2.232390253857593,0.9859167559348971,0.9486095041392838,0.31486583428808734,27.323902538575926,0.42249732195308526,1.5417148758214856,7248.189270616389
1.47,735,-27.502445956131723,-0.42756320944487536,1.690489371368256,6.345565993370428,-0.09350281334848899,0.38604125425739144,2.758814456978852,0.5597312154805014,-0.18024813443951695,-1.2994089966213604,2.512874337310734,0.13812012385257041,-0.43063913354377126,18.032188347640158,-70.30742267548919,-1.4247462616169573,12.0,-0.12666096,-0.08427474,0.01553736,1.0,-1.4088726743229345,-9.00097838245269,3.9429915720740167,0.18873007085754498,0.09999002752738433,1.9300620432255542,0.0,1.5,-2.2502445956131725,0.9857478930185042,0.9436503542877248,0.3333000917579478,27.502445956131723,0.42756320944487536,1.690489371368256,7246.780397942066
1.472,736,-27.68230353624576,-0.39846804012545683,1.8402073216929726,6.35107863555799,-0.09237233703514329,0.38567531722386256,2.753057247532479,0.5706531549502438,-0.1858652293966363,-1.299750137082011,2.5120515676204467,-0.46033181792289324,-0.3932807768259174,-0.8087917582475939,-0.4216717944279367,-4.0,-12.0,-1.0,1.0,-0.6192429,-0.3227262,-1.6565834408727629,-9.072921414498305,3.9468709279832725,0.18773195118871353,0.0982913004983518,1.9325253530152682,0.0,1.5,-2.2682303536245763,0.9867177319958181,0.9386597559435675,0.32763766832783936,27.68230353624576,0.39846804012545683,1.8402073216929726,7245.123814501193
1.474,737,-27.866554568641924,-0.35167474230611473,1.9887003265483665,6.356557541428075,-0.0912426154312556,0.38528553697359536,2.7278408200280153,0.5598001562029006,-0.20657008581666939,-1.3000687740996362,2.511218730557221,0.21793368293634807,-0.44377715409643237,18.604635648472765,-0.4439096399597702,4.0,-12.0,-0.18235256,1.0,1.0,0.4429019,-1.680923811823194,-9.14662182745677,3.9531100343591845,0.1867419978230109,0.09104217641443131,1.934973876591103,0.0,1.5,-2.2866554568641924,0.9882775085897961,0.9337099891150544,0.3034739213814377,27.866554568641924,0.35167474230611473,1.9887003265483665,7243.44289068937
1.476,738,-28.049512995401233,-0.3270864636059927,2.141186995784648,6.362005550817206,-0.09010813757417335,0.38488359601757943,2.720163721882546,0.5742059342886146,-0.19587255734221196,-1.299660350996643,2.5104202813966263,0.19245462918226136,-0.35852856091148777,-1.0759040580113606,-0.024860340961993188,4.0,-12.0,-1.0,1.0,1.0,-0.4453599,-1.6768583975824998,-9.219805198160493,3.956388471519201,0.18572542002810236,0.08889831898802901,1.9374087700077571,0.0,1.5,-2.3049512995401233,0.9890971178798003,0.9286271001405118,0.2963277299600967,28.049512995401233,0.3270864636059927,2.141186995784648,7241.766032291787
1.478,739,-28.22955910805687,-0.3068896164922776,2.2944079311218033,6.36744470038985,-0.0889510327762966,0.3844878160713108,2.71911889229945,0.5828685725262689,-0.20009109096891425,-1.2992478662081006,2.509748808476478,0.2165293509167441,-0.31377735780783184,-1.030193409839569,-0.29141347476780766,2.5879689928265304,-12.0,-1.0,1.0,0.48005477,-1.0,-1.6774308780623597,-9.291823643222747,3.959081384467696,0.18470394712585467,0.08860886118005346,1.9398397347323697,0.0,1.5,-2.3229559108056868,0.989770346116924,0.9235197356292733,0.2953628706001782,28.22955910805687,0.3068896164922776,2.2944079311218033,7240.088601413725
1.48,740,-28.40522268997528,-0.2915322606771004,2.44712832376396,6.372883625203292,-0.08777623110430643,0.38408066321958173,2.7155684885691387,0.5941159715275695,-0.19723564628504853,-1.298835442722147,2.5091583799577566,0.14633535004053813,-0.2549841711405567,-1.2330639762204214,-0.3808749062564516,3.37093580809546,-12.0,-1.0,1.0,0.59441674,-1.0,-1.68528936213725,-9.362089075990111,3.96112903190972,0.18368581117490695,0.08762942842090811,1.9422707835387705,0.0,1.5,-2.340522268997528,0.99028225797743,0.9184290558745347,0.2920980947363604,28.40522268997528,0.2915322606771004,2.44712832376396,7238.403312051588
1.482,741,-28.583809374676793,-0.27852748032801466,2.5982670382646753,6.378320910565974,-0.08658424589208888,0.383684581935506,2.722046131141644,0.5978918769144262,-0.19894848582982502,-1.2985138094846942,2.50868523865883,0.17553239399735318,-0.21926888571061406,-0.9645786690301179,-0.5567551358485616,-4.0,12.0,-1.0,1.0,-0.31202373,1.0,-1.7698209434010557,-9.433523749870718,3.9628630026229312,0.18267821974490217,0.08942122145934213,1.9447009887515985,0.0,1.5,-2.3583809374676794,0.9907157506557328,0.9133910987245109,0.2980707381978071,28.583809374676793,0.27852748032801466,2.5982670382646753,7236.633491108187
1.484,742,-28.765203450683522,-0.2752888071046698,2.7478149248905614,6.383780850180702,-0.08537709742650774,0.383293011264367,2.7381926014381373,0.6093138289424607,-0.1926244256175975,-1.2982248183621248,2.5083001106395497,0.11386849412225894,-0.16668947203206363,-1.1748905363047584,-0.6407033032128879,1.3012928009027558,12.0,-1.0,1.0,0.3350847,1.0,-1.7148003856352216,-9.50608138027341,3.963294825719377,0.18168123383406293,0.09397994887248291,1.9471412037145663,0.0,1.5,-2.3765203450683523,0.9908237064298443,0.9084061691703146,0.31326649624160974,28.765203450683522,0.2752888071046698,2.7478149248905614,7234.918690722551
1.486,743,-28.948339363082788,-0.2858266531133206,2.8935756832130313,6.389261130277111,-0.08414945007681061,0.3829288556235826,2.742332540380156,0.6200675908313189,-0.1692975680129803,-1.2977652525981092,2.5080231854432107,0.3217061434019066,-0.10561024983768416,15.57989461642552,-0.8265747677496051,4.0,12.0,-0.17478569,1.0,0.9650652,1.0,-1.8207430671225684,-9.579335745233115,3.9618897795848906,0.18070949544524648,0.09516978585235888,1.9495901458607277,0.0,1.5,-2.3948339363082787,0.9904724448962227,0.9035474772262323,0.31723261950786297,28.948339363082788,0.2858266531133206,2.8935756832130313,7233.0979476554285
1.488,744,-29.134488474404844,-0.30412176576696437,3.0355917820679372,6.394765420408091,-0.0828945295166082,0.38259928996472015,2.761799852769598,0.6336146477639232,-0.16228549604448003,-1.2972907044632263,2.5078629067698848,0.17889293359187822,-0.060420253476126284,-2.0554706606445734,-1.076585839453685,-4.0,12.0,-1.0,1.0,-0.5839526,1.0,-1.8430745448615018,-9.653795389761939,3.959450431231071,0.17943053148691301,0.10087716210974047,1.9520494022262458,0.0,1.5,-2.4134488474404847,0.9898626078077678,0.8971526574345651,0.33625720703246825,29.134488474404844,0.30412176576696437,3.0355917820679372,7231.254873110567
1.49,745,-29.324320904721354,-0.3230816497728816,3.177874245925322,6.400309302240256,-0.081613060970108,0.38228277514600945,2.782194317475766,0.648071390704448,-0.15407688877661022,-1.2970967089354184,2.5077851484237783,0.014577813697275621,-0.01756780995329841,-1.436314238570958,-1.270480086596308,-4.0,12.0,-1.0,0.5331836,-0.39262727,1.0,-1.7841219719057482,-9.729728361888542,3.9569224466969493,0.17715401206519488,0.10704962146034501,1.9545261558052882,0.0,1.5,-2.4324320904721355,0.9892306116742373,0.8857700603259743,0.3568320715344834,29.324320904721354,0.3230816497728816,3.177874245925322,7229.470751138661
1.492,746,-29.516792304040354,-0.3396599244136049,3.3174943074926286,6.405895454694977,-0.08029977680769419,0.38198564367357635,2.8041095652708297,0.6659779817731665,-0.14402952881797013,-1.2972793623557137,2.5077954744310196,-0.19001875037632154,0.025585303036842734,-0.6535377446595589,-1.469190634989161,-2.99056657217709,12.0,-1.0,0.64254594,-0.1955349,1.0,-1.8952439420406413,-9.806716921616143,3.954712010078186,0.17492009108011797,0.11389255231202147,1.9570215479471376,0.0,1.5,-2.451679230404036,0.9886780025195465,0.8746004554005897,0.3796418410400716,29.516792304040354,0.3396599244136049,3.3174943074926286,7227.5755071966205
1.494,747,-29.710960260702123,-0.3588951329637349,3.456436029415901,6.411525484493375,-0.07895983338268574,0.38170138044624874,2.8258749245027563,0.6743043891782176,-0.13998618474335528,-1.2976883026363233,2.507864697723793,-0.21801705684687855,0.044057827320273704,0.4059757597675002,-1.6870214013881082,1.140553907848417,12.0,-1.0,1.0,0.29422817,1.0,-1.9886197515094735,-9.88438410428085,3.9521473156048352,0.1726970235293456,0.12089147469943765,1.9595363253476168,0.0,1.5,-2.4710960260702124,0.9880368289012088,0.863485117646728,0.40297158233145886,29.710960260702123,0.3588951329637349,3.456436029415901,7225.586887445111
1.496,748,-29.908809394658384,-0.39188923448268137,3.5902641426552533,6.417200096338966,-0.07760701221914129,0.3814323502395522,2.8492285758527034,0.6776715935083012,-0.12961194209648047,-1.2981473088834543,2.507977006109607,-0.2518495109471576,0.06554829190318108,0.6277553482422604,-1.793228681359949,4.0,12.0,-1.0,0.5482482,1.0,0.9778195,-2.1577857113971937,-9.963523757863355,3.9477481020689758,0.17055577371751596,0.12860884411057621,1.9620706578584208,0.0,1.5,-2.4908809394658387,0.9869370255172439,0.8527788685875798,0.4286961470352541,29.908809394658384,0.39188923448268137,3.5902641426552533,7223.429101733714
1.498,749,-30.114672550898582,-0.4157996054349227,3.702971924967119,6.422894615048007,-0.07626168317057794,0.38117079002507365,2.8468648463558472,0.6678067471314713,-0.13561798080990523,-1.2990837913573534,2.5080907229908056,-0.6024222138025328,0.04214451836184181,0.8887188681698035,-1.923142681437298,4.0,-12.0,-1.0,0.99124986,1.0,-0.19827193,-2.3178590871856146,-10.045869020359433,3.944560052608677,0.16875244920052612,0.12781851634850883,1.9646135283503794,0.0,1.5,-2.5114672550898582,0.9861400131521693,0.8437622460026305,0.4260617211616961,30.114672550898582,0.4157996054349227,3.702971924967119,7221.111242646528
1.5,750,-30.325212056368038,-0.44481303288866186,3.799637620334103,6.428591595468292,-0.07493302156936144,0.3808895103781471,2.850149454389338,0.6608915377221536,-0.14568329767267507,-1.3000345028090872,2.5081534597026103,-0.3474936100886041,0.020185391971594434,2.8288788772265434,-1.8288671899703104,4.0,12.0,-1.0,0.7141037,1.0,0.6878045,-2.3187925834862924,-10.130084822547216,3.940691595614845,0.16720579807465438,0.1289172868359881,1.9671574691836948,0.0,1.5,-2.532521205636804,0.9851728989037113,0.8360289903732718,0.4297242894532937,30.325212056368038,0.44481303288866186,3.799637620334103,7218.7924500630415
1.502,751,-30.53801649178571,-0.49025014082487645,3.8845234105759228,6.4342901015014835,-0.07362173337859516,0.38057945702101115,2.8483776113959003,0.6504757826063576,-0.1643330722042643,-1.3006885829167796,2.5081469145764452,-0.3052546567639006,-0.026289621035570518,1.7443781490035803,-1.731618900380056,4.0,-12.0,-1.0,1.0,1.0,-0.42827505,-2.4096593149932777,-10.215206596714285,3.934633314556683,0.16584762543078524,0.12832408781134577,1.969702179288964,0.0,1.5,-2.5538016491785713,0.9836583286391708,0.8292381271539262,0.4277469593711526,30.53801649178571,0.49025014082487645,3.8845234105759228,7216.382790748048
1.504,752,-30.752085532905152,-0.5403645766252192,3.9512029739526606,6.439985277538497,-0.0723307391744228,0.380232367616423,2.8468981687983828,0.6406437607359597,-0.18268012197709413,-1.30125177940038,2.508050363101679,-0.25852272190696857,-0.06956010755174843,1.6639994039185808,-1.4979348101111896,4.0,-12.0,-1.0,1.0,1.0,-1.0,-2.54139644170553,-10.300834213162062,3.927951389783304,0.16478075241675744,0.1278296439477301,1.9722455904192069,0.0,1.5,-2.5752085532905156,0.981987847445826,0.8239037620837871,0.42609881315910036,30.752085532905152,0.5403645766252192,3.9512029739526606,7213.841394306342
1.506,753,-30.971581503482682,-0.5818580771439801,3.99966327710637,6.445651846913342,-0.07105944843627818,0.37986603713714806,2.8138526793381167,0.6304323069446923,-0.1797765018566317,-1.3017705377993418,2.507896239809256,-0.26939039878407184,-0.07872580129106282,1.5429790263539758,-1.2622720825769989,4.0,-12.0,-1.0,1.0,1.0,-0.81476897,-2.64013345197521,-10.388632601393073,3.922418923047469,0.1640053875662981,0.11700143308976804,1.9747762576970218,0.0,1.5,-2.5971581503482684,0.9806047307618673,0.8200269378314904,0.3900047769658935,30.971581503482682,0.5818580771439801,3.99966327710637,7211.201260854367
1.508,754,-31.205280373972844,-0.5886126860574603,4.0316796199711415,6.451242120093845,-0.0698078480006615,0.3795118574727661,2.782455308479725,0.6219447590378547,-0.17863357906075533,-1.3023223246461433,2.5077349326402487,-0.27093026058202324,-0.08838803601421555,1.7010690905318597,-1.1856189553959098,3.6557706364521803,-12.0,-1.0,1.0,1.0,-1.0,-2.7575897433238126,-10.482112149589138,3.921518308525672,0.16349312608046174,0.10712985598779617,1.97727260488749,0.0,1.5,-2.6205280373972846,0.980379577131418,0.8174656304023087,0.3570995199593206,31.205280373972844,0.5886126860574603,4.0316796199711415,7208.443671111044
1.51,755,-31.44272676387841,-0.5852289448031822,4.051421155207655,6.456806313940115,-0.06856932631540612,0.37913497441425453,2.781778078311627,0.6169332303514339,-0.19836806570961957,-1.3028141919678393,2.5075205309238195,-0.22224223320426229,-0.12546725440103648,1.8191257688819178,-1.1050463479786572,3.005899975670789,-12.0,-1.0,1.0,1.0,-0.58556336,-2.842215785090429,-10.577090705551365,3.9219694740262425,0.16317726151667755,0.10692172418422448,1.9797574298836866,0.0,1.5,-2.6442726763878412,0.9804923685065606,0.8158863075833876,0.35640574728074825,31.44272676387841,0.5852289448031822,4.051421155207655,7205.601455325954
1.512,756,-31.678610102708408,-0.5823514328988074,4.06260974368577,6.462369323737518,-0.06733874328574442,0.37871786742549984,2.7807975197795285,0.6139838371861825,-0.21868366647729537,-1.303216189148852,2.5072350370599064,-0.13311466993470383,-0.1561785065329616,1.6740590963323143,-0.8767699127586752,2.331576798116634,-12.0,-1.0,1.0,1.0,-0.48208326,-2.932003621095741,-10.671444041083364,3.922353142280159,0.1629982441010277,0.10662074081443654,1.9822420485604408,0.0,1.5,-2.667861010270841,0.9805882855700397,0.8149912205051384,0.35540246938145514,31.678610102708408,0.5823514328988074,4.06260974368577,7202.669451704858
1.514,757,-31.91109247742079,-0.5865396386326003,4.087932552931611,6.467924991313869,-0.06610245741519505,0.37825235480483554,2.7750560470180674,0.6222834178631103,-0.2466802761092359,-1.303218872066046,2.5069061438523,0.11985980943711066,-0.17175305456747184,1.3088207161871424,-0.6661148793164102,-4.0,12.0,-1.0,1.0,-0.045836292,0.4035154,-3.0340475812539314,-10.764436990968317,3.9217947148489865,0.16259307915309423,0.10486722275195427,1.9847239157003904,0.0,1.5,-2.6911092477420793,0.9804486787122466,0.8129653957654711,0.3495574091731809,31.91109247742079,0.5865396386326003,4.087932552931611,7199.6354041236045
1.516,758,-32.139008094310014,-0.594778547589218,4.141013123758184,6.473470221518182,-0.06484972101947284,0.37773170889366,2.7703280040305223,0.6304187696474007,-0.273832103474785,-1.3027751480830974,2.50655152681185,0.31512446808037564,-0.18206011652612392,0.044484902766839696,-0.5224634976227094,-4.0,12.0,-1.0,1.0,-1.0,0.25265318,-3.2103684724319,-10.855603237724006,3.920696193654771,0.16174379001986905,0.10343465195805249,1.9872018022316724,0.0,1.5,-2.7139008094310015,0.9801740484136927,0.8087189500993452,0.3447821731935083,32.139008094310014,0.594778547589218,4.141013123758184,7196.425035651173
1.518,759,-32.36260582880542,-0.5924103065437447,4.212228966499654,6.4790074766141235,-0.06358179925568713,0.3771552220441402,2.766591392456857,0.6374597786006564,-0.3023238100662591,-1.3022141797471287,2.5061539306995226,0.2871999073262117,-0.2112664532348593,-1.0205831870392217,-0.4000047797393904,-4.0,-12.0,-1.0,1.0,-1.0,-0.16288179,-3.3043002759493016,-10.945042331522169,3.9210119591275006,0.16060433653600556,0.10230986531190053,1.9896767906958837,0.0,1.5,-2.736260582880542,0.9802529897818751,0.8030216826800277,0.3410328843730018,32.36260582880542,0.5924103065437447,4.212228966499654,7193.120735375223
1.52,760,-32.58241007872131,-0.5828390637241625,4.302647080735262,6.484536141165567,-0.06229967360899459,0.3765241840791498,2.756573587122984,0.6450557689201251,-0.3251380327154941,-1.3014872468911705,2.5057258981807826,0.38374111041352726,-0.21210400474857577,-0.9931540504621807,-0.17445387373021504,-4.0,12.0,-1.0,1.0,-1.0,0.06727917,-3.4220230229622435,-11.032964031488525,3.9222881248367782,0.15915764670823582,0.09932693787241575,1.992148572761808,0.0,1.5,-2.7582410078721313,0.9805720312091946,0.795788233541179,0.3310897929080525,32.58241007872131,0.5828390637241625,4.302647080735262,7189.698712352261
1.522,761,-32.804487550181506,-0.5342619335511902,4.402397323858096,6.490010294142218,-0.06100013456057323,0.37586830392625914,2.717442399000282,0.6544243233793553,-0.3309157391961787,-1.3008697283429016,2.5053206623841797,0.23793840575651307,-0.19367598237499958,-1.621246637090394,-0.08465961241364539,-4.0,-12.0,-1.0,1.0,-1.0,-1.0,-3.5266096791247987,-11.121795020072604,3.928765075526508,0.15756164281827048,0.08814557216459337,1.994596386510656,0.0,1.5,-2.780448755018151,0.982191268881627,0.7878082140913524,0.2938185738819779,32.804487550181506,0.5342619335511902,4.402397323858096,7186.172102673137
1.524,762,-33.025369132481615,-0.4440103155994201,4.528589201325939,6.49537048012447,-0.05963501823748136,0.3752520597447225,2.636433055595031,0.7204520712297284,-0.2783419265420715,-1.3001529333880608,2.505133906781091,0.6484238488893288,0.03627033639475491,-1.0157368234591218,-0.09575256496094653,-4.0,-12.0,-1.0,1.0,-1.0,-0.69085234,-3.5964460805089984,-11.210147652992646,3.940798624586744,0.155542572778785,0.06751074292899177,1.996993295859816,0.0,1.5,-2.8025369132481615,0.985199656146686,0.7777128638939249,0.22503580976330592,33.025369132481615,0.4440103155994201,4.528589201325939,7182.575656592628
1.526,763,-33.22761666516044,-0.3765661268003296,4.72942042953883,6.5005751926896655,-0.05813323523339066,0.37473254760150104,2.5696473601543293,0.7806197121034901,-0.2404283081880762,-1.2980393485487414,2.505392250908682,1.4470967514732813,0.21998652267289917,-3.211523030091314,-1.2081330381919315,-4.0,-12.0,-1.0,1.0,-0.6033936,-0.6339125,-4.051060783353431,-11.291046666064176,3.9497911830932892,0.15232927312737876,0.053126210120319976,1.999320546125034,0.0,1.5,-2.822761666516044,0.9874477957733223,0.7616463656368937,0.17708736706773326,33.22761666516044,0.3765661268003296,4.72942042953883,7178.524595809275
1.528,764,-33.41115942118234,-0.3564556556851445,5.004799506588153,6.50564739895062,-0.05651721607451374,0.37428252009289087,2.50300374020423,0.8357848287285257,-0.20935375348303786,-1.2941894283118738,2.5059884187681,2.3620969971858723,0.37489691732966846,-7.62760451087496,-2.1783827951009016,-4.0,12.0,-1.0,1.0,-0.67998844,1.0,-4.605754329401578,-11.364463768472937,3.952472579241981,0.14792320789458954,0.04109060023343637,2.001588500311197,0.0,1.5,-2.8411159421182344,0.9881181448104952,0.7396160394729477,0.13696866744478792,33.41115942118234,0.3564556556851445,5.004799506588153,7173.918841479873
1.53,765,-33.576190442355994,-0.38023014504608726,5.352202147302167,6.510597276822944,-0.05479468363174232,0.373892082961052,2.4501381737978334,0.8843816611614758,-0.18146754084337047,-1.2888041124668999,2.5068688924625024,2.9797098836445386,0.4990959158258676,-12.972589786811454,-3.0721683402683766,-4.0,12.0,-1.0,1.0,-1.0,1.0,-5.020066126833614,-11.430476176942399,3.949302647327188,0.14236476564316533,0.033094356402902245,2.0038017112053903,0.0,1.5,-2.8576190442355998,0.987325661831797,0.7118238282158267,0.11031452134300748,33.576190442355994,0.38023014504608726,5.352202147302167,7168.898775353039
1.532,766,-33.7291753150668,-0.43467578012874053,5.7523595528477,6.515470816171202,-0.05298042360138639,0.37356218384154555,2.4263786325649424,0.9282929533502753,-0.15096180707555817,-1.282585909224764,2.5079787842154255,3.192868112755067,0.6001080171479967,-17.13771738809956,-3.8692580716298153,-4.0,12.0,-1.0,1.0,-0.8462122,0.8210705,-5.279056443360938,-11.491670126026719,3.942043229316168,0.1359622471544368,0.02991789491254197,2.0059804704363957,0.0,1.5,-2.8729175315066797,0.985510807329042,0.6798112357721839,0.0997263163751399,33.7291753150668,0.43467578012874053,5.7523595528477,7163.619718909678
1.534,767,-33.87740748598078,-0.4827126392214492,6.187872022680252,6.5202764616862305,-0.05107334648221053,0.3733171359276752,2.3805461339235725,0.9790508833212697,-0.09695608720443866,-1.2764991653513602,2.509327862045935,2.87479939850084,0.7405352503801194,-19.447149182079357,-4.596296928825097,-4.0,-12.0,-1.0,1.0,-1.0,-0.63551265,-5.417612700781003,-11.550962994392314,3.9356383147704737,0.12899404763711597,0.024469527260187054,2.008128191815957,0.0,1.5,-2.8877407485980786,0.9839095786926184,0.6449702381855799,0.08156509086729018,33.87740748598078,0.4827126392214492,6.187872022680252,7158.202106208897
1.536,768,-34.022703635703756,-0.49277398314630116,6.654272874764787,6.52499391875473,-0.04906507646081934,0.3731706101396061,2.3411759390732207,1.0275103850231844,-0.056711111053900115,-1.271090224251822,2.5109211483818648,2.554795660379621,0.8337773280912453,-19.07415438548901,-5.56824866108758,-4.0,-12.0,-1.0,1.0,-0.46059772,-0.09863704,-5.4510126549568065,-11.609081454281503,3.93429680224716,0.12153163400376342,0.020451087637667408,2.0102356832603636,0.0,1.5,-2.9022703635703757,0.98357420056179,0.6076581700188171,0.06817029212555803,34.022703635703756,0.49277398314630116,6.654272874764787,7152.75109355394
1.538,769,-34.16024157619659,-0.48100472598537997,7.147318578679708,6.529673221997166,-0.046991236418041545,0.37304352942959557,2.343771631160462,1.04231290456628,-0.07461459394146087,-1.2661124563760893,2.512505493538394,2.339484475551031,0.7370463462134849,-18.555923914790526,-13.294244093928796,-4.0,12.0,-1.0,-0.008676382,-1.0,1.0,-5.4151174559948725,-11.664096630478637,3.9358660365352827,0.11364290274112468,0.020698358401216692,2.0123259134646334,0.0,1.5,-2.9160241576196593,0.9839665091338207,0.5682145137056234,0.06899452800405564,34.16024157619659,0.48100472598537997,7.147318578679708,7147.335976097946
1.54,770,-34.294393485755855,-0.44904417692097087,7.642945602731364,6.5343932596795495,-0.044986624742967336,0.3727484255004104,2.3774401082308048,0.9626661006101344,-0.21992850347675166,-1.2611601767114866,2.512314037803036,2.5620402776073536,-0.9261314763112922,-18.47492156579412,-180.0,-1.1538627644836472,12.0,-1.0,-0.25644967,0.32896236,1.0,-4.326729899138678,-11.717757394302343,3.9401274430772038,0.10571287035629817,0.024131090068451905,2.014435576389186,0.0,1.5,-2.9294393485755856,0.9850318607693009,0.5285643517814909,0.08043696689483969,34.294393485755855,0.44904417692097087,7.642945602731364,7143.009246198807
1.542,771,-34.42835783800471,-0.39517351140934925,8.116388997596044,6.539176625055338,-0.043054545697096915,0.3723107266244094,2.406859900069586,0.9697694248698144,-0.21775178473130763,-1.2567812157260796,2.510578959381935,1.7506621049855662,-0.8102151803895807,-20.5781565089963,2.167849820949243,4.0,12.0,-1.0,1.0,0.9911019,1.0,-5.393838439891088,-11.771343135201883,3.9473101984787533,0.09900238002060535,0.027491363986675062,2.0165744165765087,0.0,1.5,-2.942835783800471,0.9868275496196883,0.4950119001030267,0.09163787995558355,34.42835783800471,0.39517351140934925,8.116388997596044,7137.615407758916
1.544,772,-34.564032079338,-0.32151268956600176,8.55481549915724,6.544014493500977,-0.04111001053306352,0.37187471043806536,2.4268096468146108,0.9797044364583073,-0.21367116865823954,-1.2538940755206354,2.5090587087117235,1.1909341002874132,-0.6946447305881955,-17.397057842968735,1.935284025560918,4.0,12.0,-1.0,1.0,1.0,1.0,-5.134330455487968,-11.8256128317352,3.9571316413911997,0.09524443857865224,0.029973312616928524,2.0187371373810503,0.0,1.5,-2.9564032079338,0.9892829103477999,0.4762221928932612,0.09991104205642842,34.564032079338,0.32151268956600176,8.55481549915724,7132.481077303429
1.546,773,-34.696970377110674,-0.23178953101963232,8.986250426586333,6.548875514188703,-0.03912998531562259,0.3714390538625935,2.439127374399304,0.9983935365740766,-0.22525681771675576,-1.2519438692712044,2.5077695971564453,0.6192044154179559,-0.6069904969029606,-15.175845860566852,1.661481910596308,-4.0,12.0,-1.0,1.0,-1.0,1.0,-4.987670528118544,-11.87878815084427,3.969094729197382,0.09154642491497429,0.03159127639902478,2.0209099091495943,0.0,1.5,-2.9696970377110676,0.9922736822993455,0.45773212457487145,0.10530425466341593,34.696970377110674,0.23178953101963232,8.986250426586333,7127.49340677531
1.548,774,-34.82797365537489,-0.1226437082633821,9.407803350031715,6.553762922755118,-0.03712296037628523,0.37099027511964994,2.4465198431531485,1.0124498944324922,-0.21976444878661724,-1.2509413392571302,2.5066555611689494,0.38989798599527625,-0.49585044298405123,-12.70723868610574,1.481033053225758,4.0,12.0,-1.0,1.0,1.0,1.0,-4.843800567938612,-11.931189462149957,3.9836475055648823,0.08793311414258531,0.03259443580302011,2.023094279251925,0.0,1.5,-2.9827973655374893,0.9959118763912206,0.4396655707129265,0.10864811934340037,34.82797365537489,0.1226437082633821,9.407803350031715,7122.649606207372
1.55,775,-34.95755794393041,-0.0166396671070869,9.833147968887253,6.55865449616725,-0.035079847193613435,0.37054975710150995,2.443290259698091,1.0322387833062434,-0.21539687273038535,-1.2502628895407377,2.505762947979627,0.3102623800488458,-0.38482888588617026,-11.761212541807168,1.1481399811303845,-4.0,12.0,-1.0,0.8150927,-1.0,1.0,-4.767731846601613,-11.983023177572164,3.997781377719055,0.08428730312382354,0.0321531853700024,2.025280130557323,0.0,1.5,-2.995755794393041,0.9994453444297637,0.4214365156191177,0.10717728456667466,34.95755794393041,0.0166396671070869,9.833147968887253,7117.881874360771
1.552,776,-35.08702585525934,0.058681012008015856,10.2914315397096,6.5635240745307915,-0.03306519480082485,0.3700266342728941,2.4279329849144786,0.9843798412762205,-0.3024125196339492,-1.2482512199456548,2.5035686670010833,1.6347582365179536,-1.788137150635905,-11.49872445535351,-180.0,-3.2178801467767997,12.0,-1.0,-1.0,-0.07457956,1.0,-6.29579863190973,-12.034810342103738,3.992175865065598,0.08035915823106057,0.030118123644366328,2.027456697820094,0.0,1.5,-3.0087025855259344,0.9980439662663995,0.40179579115530284,0.1003937454812211,35.08702585525934,0.058681012008015856,10.2914315397096,7111.586075728861
1.554,777,-35.22128797587883,0.1083981335983288,10.768202574034317,6.5683892350143,-0.031069442982807085,0.3694544996325819,2.4378025768711273,1.0101265027123945,-0.27057363883516805,-1.2454484514337134,2.5002857944273487,1.1681306826152364,-1.5018660840188784,-18.52353765671566,8.226952352962883,-4.0,-12.0,-1.0,1.0,-1.0,-1.0,-6.190730928874021,-12.088515190351533,3.985546915520223,0.07627254936542015,0.03141406565005499,2.029631423331577,0.0,1.5,-3.022128797587883,0.9963867288800557,0.3813627468271007,0.10471355216684997,35.22128797587883,0.1083981335983288,10.768202574034317,7105.395344799987
1.556,778,-35.363161154075094,0.15518197156685648,11.230595700519027,6.573278538886456,-0.029024162421107398,0.3689427903746053,2.450430045629545,1.0351099135346309,-0.24112461848167632,-1.243545021447553,2.497549142316507,0.7519519342629258,-1.2358550633762775,-16.750953589590324,7.452171534624654,4.0,-12.0,-1.0,1.0,1.0,0.2276563,-5.822266706902618,-12.145264461630038,3.9793090704577523,0.07230917970983691,0.03313493939221766,2.0318158932011166,0.0,1.5,-3.0363161154075096,0.9948272676144381,0.36154589854918456,0.11044979797405888,35.363161154075094,0.15518197156685648,11.230595700519027,7099.5730780930835
1.558,779,-35.508463267594514,0.19129664594335216,11.677035717170545,6.578186163502235,-0.026928478717511133,0.368491304273014,2.45723819100957,1.060016505561225,-0.2108787034728726,-1.2423611472424727,2.4953438009152933,0.4371868015143952,-0.9738661435895,-15.050745845060874,6.669446853580041,4.0,-12.0,-1.0,1.0,1.0,-1.0,-5.543682480231184,-12.203385307037806,3.9744937805408864,0.06848255099568104,0.03409252302363996,2.034007501022941,0.0,1.5,-3.0508463267594514,0.9936234451352216,0.3424127549784052,0.11364174341213319,35.508463267594514,0.19129664594335216,11.677035717170545,7094.029395612853
1.56,780,-35.65759861141429,0.21513381180406807,12.108021789743505,6.58310837291885,-0.02478635960987355,0.3680956465711109,2.46513902668126,1.0815466274130277,-0.1857144953061186,-1.2417962834673497,2.4936308144936286,0.12743236333699476,-0.7448671410302946,-13.713695022334264,5.800570534888834,4.0,-12.0,-1.0,1.0,0.8129719,-1.0,-5.279414597447183,-12.263039444565718,3.9713154917594577,0.06478838465934138,0.03523035279874324,2.036204602408075,0.0,1.5,-3.0657598611414296,0.9928288729398644,0.3239419232967069,0.11743450932914413,35.65759861141429,0.21513381180406807,12.108021789743505,7088.749981015405
1.562,781,-35.81444349293093,0.20187553028101687,12.547484336871488,6.588034067267307,-0.022696106639354847,0.3676286145918479,2.462813656152418,1.0088804462278382,-0.28052115101191366,-1.2401599114243786,2.4906423815352707,1.4626161869086416,-2.2404149275018037,-11.3612953591159,-180.0,-4.0,12.0,-0.9541691,-0.63822937,-1.0,1.0,-7.181389152038988,-12.325777397172372,3.973083262629198,0.06102156282681581,0.03489248410743671,2.038403522659334,0.0,1.5,-3.081444349293093,0.9932708156572995,0.30510781413407906,0.11630828035812237,35.81444349293093,0.20187553028101687,12.547484336871488,7081.568591863366
1.564,782,-35.97909106841029,0.15671418847250712,12.991724448664387,6.592981194367869,-0.020662522454235176,0.3670795657471956,2.484572913694305,1.0237275455962922,-0.2694846937340605,-1.2377112131922108,2.486389275059046,0.9846033923843891,-2.0191043417775245,-19.281089112924292,13.0735983304549,4.0,12.0,-1.0,1.0,1.0,1.0,-6.879163925294627,-12.391636427364118,3.9791047748703323,0.05721379044001954,0.038152761462525546,2.040612374941197,0.0,1.5,-3.0979091068410294,0.9947761937175831,0.2860689522000977,0.12717587154175183,35.97909106841029,0.15671418847250712,12.991724448664387,7074.689427938071
1.566,783,-36.14702168235935,0.11611081369695783,13.410875070616548,6.59797139561011,-0.01859046670133734,0.366560505781314,2.5010885927603344,1.0503585543097775,-0.2411665887470695,-1.2364080539196953,2.4826094958475906,0.2577907619746379,-1.731131404923183,-17.38076478673662,12.817666697078437,4.0,-12.0,-1.0,1.0,1.0,-1.0,-6.417709171017087,-12.458808672943741,3.984518558173739,0.05362107082328674,0.040777663800410466,2.0428396589300153,0.0,1.5,-3.1147021682359353,0.9961296395434347,0.26810535411643366,0.13592554600136822,36.14702168235935,0.11611081369695783,13.410875070616548,7068.271718767054
1.568,784,-36.32664627984704,0.1094977435040843,13.798118915342036,6.602966608383997,-0.016453358059079964,0.3661453699438649,2.496677280460598,1.0838984884978713,-0.18362271851081896,-1.2368195670001338,2.479568563316729,-0.5682568733271193,-1.3491065760361276,-14.007333489190955,12.13375785509777,4.0,-12.0,-1.0,1.0,1.0,-1.0,-6.191868908520558,-12.530658511938817,3.985400300866122,0.05030183786849684,0.04006365305089545,2.045067619144861,0.0,1.5,-3.1326646279847044,0.9963500752165305,0.2515091893424842,0.13354551016965152,36.32664627984704,0.1094977435040843,13.798118915342036,7062.079849858534
1.57,785,-36.513246147206445,0.1119970480161231,14.164094588387297,6.607974732093985,-0.014271466306292474,0.3657877563928118,2.5144318963053123,1.1023076583554854,-0.1690551824328575,-1.2381915898562343,2.4770490363552784,-0.8552517353289069,-1.1500698905902986,-9.79479269659447,10.831820216834842,4.0,12.0,-1.0,1.0,1.0,1.0,-6.197390286578227,-12.60529845888258,3.985067060264517,0.0471649035281089,0.042995415796020967,2.047300245177176,0.0,1.5,-3.151324614720645,0.9962667650661292,0.23582451764054446,0.14331805265340322,36.513246147206445,0.1119970480161231,14.164094588387297,7055.882459571955
1.572,786,-36.70653367453133,0.11025401431391338,14.519761993780342,6.613014404601253,-0.0120546844531546,0.36545565343075886,2.5221703220172342,1.1100512003868968,-0.1679928946552939,-1.2401029148787495,2.474906505683354,-0.9890233960839452,-1.0143267063898636,-8.085413815365428,10.340542181895785,-4.0,12.0,-1.0,1.0,-1.0,1.0,-6.204937023330589,-12.682613469812532,3.985299464758145,0.04411632576759707,0.04432197999277832,2.0495461528431678,0.0,1.5,-3.170653367453133,0.9963248661895362,0.22058162883798532,0.14773993330926108,36.70653367453133,0.11025401431391338,14.519761993780342,7049.677522548624
1.574,787,-36.906608364194575,0.09643215778815226,14.869974193166247,6.618064701931607,-0.009831566030522449,0.3651171510989408,2.5279020747187175,1.1132295103382714,-0.17048977903150409,-1.2421271866511878,2.472991733918784,-1.026704177583605,-0.9004473939538875,-7.034290507087206,10.090332395278494,4.0,12.0,-1.0,1.0,1.0,1.0,-6.194953050134433,-12.76264334567783,3.98714237896158,0.041114506915717886,0.04532386531837193,2.0517963665322645,0.0,1.5,-3.1906608364194575,0.996785594740395,0.20557253457858943,0.15107955106123977,36.906608364194575,0.09643215778815226,14.869974193166247,7043.48256949849
1.576,788,-37.111800821499386,0.07277451791695455,15.216997610757879,6.6231237848126705,-0.007599019326180649,0.36476882908395825,2.5316898422987553,1.120253021791458,-0.175902759021814,-1.2442545604468218,2.471294542183037,-1.147993067067625,-0.790496457885631,-6.4410322451012405,9.903890186012688,-4.0,12.0,-1.0,1.0,-0.38656363,1.0,-6.1802512096677535,-12.844720328599756,3.990296730944406,0.039349007167726366,0.04599503020549039,2.054050104952881,0.0,1.5,-3.211180082149939,0.9975741827361015,0.19674503583863182,0.15331676735163463,37.111800821499386,0.07277451791695455,15.216997610757879,7037.302318288823
1.578,789,-37.32207431653299,0.04376295429446649,15.55771271886551,6.62819095627173,-0.005352055177502753,0.3644164794604229,2.5349702597695205,1.1293754464371222,-0.17426431904268624,-1.2466033713709324,2.4698323379727034,-1.22834460994686,-0.6600343225773371,-5.409113038554352,9.693573852820748,4.0,11.461571256161506,-1.0,1.0,1.0,1.0,-6.1917084392418325,-12.928829726613197,3.9941649394274044,0.038326861843403476,0.046582161881133365,2.0563069850631566,0.0,1.5,-3.232207431653299,0.9985412348568511,0.19163430921701735,0.15527387293711123,37.32207431653299,0.04376295429446649,15.55771271886551,7031.110609849581
1.58,790,-37.53269929676321,0.012188343135515438,15.895297113779574,6.633254991706738,-0.0030716496450745485,0.3640715796968462,2.5279660022987906,1.1513682045025448,-0.17018460293009385,-1.2491916962045317,2.4686761477094135,-1.3392828959728535,-0.4941807735314824,-4.537593139336053,9.333704018345998,-1.1808404676267537,-12.0,-1.0,1.0,0.16839235,-0.13080758,-5.820075633664562,-13.013079718705285,3.998374887581931,0.037314108658661284,0.04533513274942471,2.0585618807390373,0.0,1.5,-3.2532699296763212,0.9995937218954828,0.1865705432933064,0.15111710916474905,37.53269929676321,0.012188343135515438,15.895297113779574,7025.2905342159165
1.582,791,-37.74258164139276,-0.025406489018857822,16.234895650714,6.638304654636857,-0.000749993662644451,0.363742353735798,2.52271916016048,1.169581019046752,-0.16041674724590535,-1.2518731647284875,2.467862882937742,-1.3598326219779644,-0.32671997292747845,-3.4652367424862405,8.73567432577471,4.0,-12.0,-1.0,1.0,1.0,-1.0,-6.1050210554143325,-13.097032656557104,3.996612468130819,0.036295313047858,0.044417200577906886,2.0608096804174334,0.0,1.5,-3.274258164139276,0.9991531170327047,0.18147656523928998,0.14805733525968962,37.74258164139276,0.025406489018857822,16.234895650714,7019.1855131605025
1.584,792,-37.95317447391615,-0.07007467171044791,16.58068874740425,6.643344664333396,0.0015963993147535718,0.36340514594401024,2.5171736080782727,1.1766291594482696,-0.17673137652015464,-1.2544946661712812,2.467275163551516,-1.2616314106736755,-0.2613288420900801,-2.8261944076695045,8.06102327708902,-4.0,12.0,-1.0,0.53338265,-0.6595057,1.0,-6.137341033089376,-13.18126978956646,3.990656710438607,0.035257933757787255,0.04346200209673275,2.0630527269311587,0.0,1.5,-3.295317447391615,0.9976641776096518,0.17628966878893626,0.1448733403224425,37.95317447391615,0.07007467171044791,16.58068874740425,7013.048172127413
1.586,793,-38.164952526497295,-0.1191378480894505,16.930054331527646,6.648378273523643,0.00396336626754106,0.363054438004161,2.5169632154404242,1.1895076725854514,-0.17461284486571874,-1.257118603264778,2.466878011264919,-1.3666053186453677,-0.14108120508844502,-2.7929001756322123,7.851611500147101,4.0,-12.0,-1.0,1.0,0.968342,-0.052276306,-6.126125397952494,-13.265981010598919,3.9841149535880733,0.03420983700541707,0.043426064921491266,2.0652925105991247,0.0,1.5,-3.3164952526497298,0.9960287383970183,0.17104918502708533,0.14475354973830423,38.164952526497295,0.1191378480894505,16.930054331527646,7006.92204672946
1.588,794,-38.37868476992043,-0.1843465941831576,17.27272464920193,6.6534117901305265,0.006340504637850627,0.3626973980139015,2.5166673073586163,1.1877403520142664,-0.1824248762616493,-1.259679934775355,2.466655844070375,-1.1972020458417378,-0.08116977652427917,-1.7432432170743937,7.329803772458433,4.0,12.0,-1.0,1.0,1.0,0.8688486,-6.142689491876245,-13.351473907968174,3.9754204541089124,0.03318182605239422,0.04337555813376603,2.0675317403238678,0.0,1.5,-3.3378684769920435,0.9938551135272281,0.16590913026197107,0.1445851937792201,38.37868476992043,0.1843465941831576,17.27272464920193,7000.779357237584
1.59,795,-38.59327975204427,-0.26157370949396114,17.626078994913406,6.658438604333802,0.008726430085733698,0.36231069231904917,2.5107270172688567,1.1984736409974603,-0.20422992758687464,-1.2619529077999698,2.466542952946363,-1.1108354528473388,-0.032070164788774676,-2.0779932789771465,7.074680068546343,-4.0,12.0,-1.0,1.0,-1.0,1.0,-6.190393108911208,-13.437311900817708,3.9651235054008054,0.032121763015259784,0.04237084068397482,2.0697677389403095,0.0,1.5,-3.359327975204427,0.9912808763502013,0.16060881507629893,0.1412361356132494,38.59327975204427,0.26157370949396114,17.626078994913406,6994.588964128673
1.592,796,-38.80646383924525,-0.3238323365944176,17.993022270909766,6.663458200160185,0.011135996306523822,0.3618810623247576,2.5070713681923125,1.2098983063615463,-0.2259888847649288,-1.2643515247617922,2.466524441777228,-1.193744838718294,0.011070293681389606,-2.0552316390262035,6.8517602346712465,-4.0,-12.0,-1.0,1.0,-1.0,0.90826565,-6.273098558359758,-13.522585535698099,3.956822355120744,0.031020933187270706,0.041761210863572956,2.072000401399632,0.0,1.5,-3.3806463839245247,0.989205588780186,0.15510466593635353,0.13920403621190985,38.80646383924525,0.3238323365944176,17.993022270909766,6988.315865570314
1.594,797,-39.01867358041338,-0.3649142436982788,18.368046932816927,6.668471443289247,0.013568321019373046,0.3614075603313917,2.5057720868105195,1.2220681184523416,-0.24774184750286282,-1.2670192036026071,2.4665841464616145,-1.4603673229128293,0.04677338865495525,-1.160961317306942,6.63976017614749,-4.0,-12.0,-1.0,1.0,-1.0,0.20334393,-6.433048735185138,-13.607469432165352,3.951344767506896,0.029895859201549226,0.04154612217921691,2.074230100719502,0.0,1.5,-3.401867358041338,0.987836191876724,0.14947929600774612,0.13848707393072304,39.01867358041338,0.3649142436982788,18.368046932816927,6981.882816835128
1.596,798,-39.23025025084153,-0.37692334676054445,18.7442596704272,6.673479846125084,0.016022956236600015,0.3608892635501139,2.50230590889888,1.23226719056065,-0.27074371946776504,-1.2701426984884319,2.466704878947387,-1.651447862753006,0.07247265102117553,0.7056868718287319,6.449303764402316,-4.0,-12.0,-1.0,1.0,-1.0,-1.0,-6.627366851557005,-13.692100100336612,3.9497435537652605,0.028767220988718402,0.04097636658780401,2.076457496153179,0.0,1.5,-3.423025025084153,0.9874358884413151,0.143836104943592,0.13658788862601337,39.23025025084153,0.37692334676054445,18.7442596704272,6975.255449983571
1.598,799,-39.441619839297964,-0.36298538697385113,19.123508223341855,6.678479510887818,0.01849630502434378,0.3603239082214643,2.497102533051982,1.2408370529173072,-0.2947631224535255,-1.2735819195428635,2.466868807197718,-1.77781821331358,0.09030758320464491,2.285788548194546,6.296660955416712,-4.0,-12.0,-1.0,1.0,-1.0,-0.52980655,-6.735197972847631,-13.776647935719186,3.9516019484034866,0.02762947532997444,0.04013207204388062,2.0786808638640446,0.0,1.5,-3.4441619839297966,0.9879004871008716,0.1381473766498722,0.13377357347960206,39.441619839297964,0.36298538697385113,19.123508223341855,6968.520252010724
1.6,800,-39.65342395542715,-0.327310948200528,19.50598427925114,6.683468157535042,0.02098410892478216,0.3597112283123595,2.491410433226078,1.2466709001882308,-0.3179160061602561,-1.2772146509444455,2.4670629413829386,-1.846547054542546,0.10301417918403255,3.6054845118837875,6.174700644433244,-3.2580932749972416,-12.0,-1.0,1.0,-0.13999327,-1.0,-6.691759549225301,-13.86136958217086,3.9563585402399295,0.026482047162246582,0.039223523113461174,2.0808991800255807,0.0,1.5,-3.465342395542715,0.9890896350599824,0.1324102358112329,0.1307450770448706,39.65342395542715,0.327310948200528,19.50598427925114,6961.828492461499
1.602,801,-39.86600456301704,-0.27239251942272197,19.89291594673618,6.688443570771446,0.023483851834599192,0.35905003746434855,2.4838628540007726,1.2529216938054666,-0.34335980763394036,-1.2809417207474323,2.467277045629519,-1.8735256744242341,0.11049253851041302,4.675674998345016,6.0723408274920985,-4.0,-12.0,-1.0,1.0,-0.36363563,-1.0,-6.951234987926561,-13.946401825206818,3.9636809974103038,0.02532125215979146,0.03804284694481317,2.083111459185953,0.0,1.5,-3.4866004563017046,0.9909202493525759,0.1266062607989573,0.1268094898160439,39.86600456301704,0.27239251942272197,19.89291594673618,6954.877257473572
1.604,802,-40.07938045857615,-0.19845694784047396,20.287277746571633,6.6934031596069,0.025995285503228008,0.35833751606764985,2.4753014171188346,1.2564027574406356,-0.3656858954171024,-1.2846834399346836,2.467503012961889,-1.838606749611093,0.12162302942676165,5.555982058350764,5.99212818154416,-4.0,-12.0,-1.0,1.0,-1.0,-1.0,-7.07039487274144,-14.031752183430463,3.97353907362127,0.024138166760285105,0.03673640051428388,2.0853165626474737,0.0,1.5,-3.5079380458576157,0.9933847684053175,0.12069083380142552,0.12245466838094628,40.07938045857615,0.19845694784047396,20.287277746571633,6947.806862600831
1.606,803,-40.303606168501545,-0.12874138014728806,20.68164160299663,6.698344123251178,0.028500722688878745,0.35760468728111594,2.4661011563881465,1.2482563225078518,-0.36718981411425644,-1.288156122408974,2.467796679164712,-1.6213412364434607,0.16982466938808097,6.129731271735352,5.891282260488367,-4.0,-12.0,-1.0,1.0,-1.0,-1.0,-7.0577163938331875,-14.12144246740062,3.982834482647028,0.022955075191010112,0.03537087838223434,2.0875129324404607,0.0,1.5,-3.530360616850155,0.995708620661757,0.11477537595505055,0.11790292794078114,40.303606168501545,0.12874138014728806,20.68164160299663,6940.7491462069975
1.608,804,-40.541665826169776,-0.0804062783217373,21.073759431357765,6.703268032396926,0.030990163168859802,0.35686388375843286,2.4577265877048307,1.239519193278748,-0.3753934008683735,-1.2911240277869556,2.4681733001348527,-1.2993650792317228,0.19891516888091376,5.737940200755247,5.591540820117189,-0.30429631608707197,-12.0,-1.0,1.0,-0.027826272,-1.0,-6.768723358625054,-14.21666633046791,3.989279162890435,0.02177872170592671,0.03416202826857135,2.0897011606654483,0.0,1.5,-3.5541665826169777,0.9973197907226088,0.10889360852963355,0.1138734275619045,40.541665826169776,0.0804062783217373,21.073759431357765,6933.980422848373
1.61,805,-40.78779137166946,-0.059048644291944154,21.46496179176129,6.708178220542358,0.03346427360906001,0.3561062338883716,2.452272846327646,1.2326972987092848,-0.3837606717850984,-1.293492606026275,2.4686085754706277,-1.0198590891466266,0.22889251728877033,4.721640490292884,5.370764128624899,4.0,-12.0,-1.0,1.0,0.94719094,-1.0,-7.226827402842352,-14.315116548667783,3.9921268474277407,0.020605114624716134,0.033392058343775885,2.0918828321243605,0.0,1.5,-3.5787791371669457,0.9980317118569352,0.10302557312358067,0.11130686114591962,40.78779137166946,0.059048644291944154,21.46496179176129,6926.753595445531
1.612,806,-41.03961758252103,-0.06359049988207288,21.8506257972401,6.7130804917240505,0.03592398256336755,0.3553301384249956,2.4493201069057946,1.2252849514074982,-0.3936574006215325,-1.2953817431306296,2.4690933285144143,-0.8110399801588882,0.24988065672726154,3.797826187731289,5.133822319430578,4.0,-12.0,-1.0,1.0,1.0,-1.0,-7.290999298559116,-14.415847033008413,3.9915212666823905,0.01944812260827971,0.03298081402306036,2.09406054577681,0.0,1.5,-3.6039617582521033,0.9978803166705976,0.09724061304139854,0.10993604674353455,41.03961758252103,0.06359049988207288,21.8506257972401,6919.462596146972
1.614,807,-41.29694087448749,-0.09877721399459416,22.235008242932874,6.71797436892567,0.03836390819447178,0.35453064845239357,2.4448132508783806,1.21486942984434,-0.4057270929226345,-1.2966509236224482,2.4696074359117035,-0.46878015316464694,0.2649587930609033,3.131558063663533,4.931931013480835,4.0,12.0,-1.0,1.0,0.8587058,0.2561658,-7.320636965192544,-14.518776349794997,3.9868297048007206,0.018294975271201382,0.032360687056116194,2.0962341698573237,0.0,1.5,-3.6296940874487493,0.9967074262001802,0.0914748763560069,0.10786895685372065,41.29694087448749,0.09877721399459416,22.235008242932874,6912.141959181779
1.616,808,-41.559349468655014,-0.1658052361884917,22.61984647337811,6.7228607134041765,0.04078436064794101,0.35370761432326164,2.4417615963468755,1.2058053279388259,-0.41721848914699894,-1.2972962840638773,2.470155737800409,-0.18572346228009118,0.2839122812570575,1.674095027056012,4.75371885235478,4.0,12.0,-1.0,1.0,1.0,0.9402611,-7.426989269791822,-14.623739787462007,3.9778926351748676,0.01714046057986567,0.0319459507826186,2.098404095306429,0.0,1.5,-3.655934946865502,0.9944731587937169,0.08570230289932834,0.10648650260872868,41.559349468655014,0.1658052361884917,22.61984647337811,6904.714969911987
1.618,809,-41.825801791098236,-0.2584595847549498,23.00760718503344,6.727740531396793,0.04319169174621872,0.35285825656070285,2.439114557559244,1.2135200772604224,-0.4214599814090164,-1.2974295026253233,2.470744580299617,-0.14869421857432824,0.35500515059101145,0.38788366091904436,4.549291033632926,1.8671443008893416,12.0,-1.0,1.0,0.28768995,0.7966205,-7.554217630577678,-14.730320716439294,3.965538722032673,0.015977178444899685,0.03158955824463596,2.100570777858358,0.0,1.5,-3.6825801791098236,0.9913846805081683,0.07988589222449842,0.10529852748211987,41.825801791098236,0.2584595847549498,23.00760718503344,6897.160752281409
1.62,810,-42.091033177891525,-0.34105868445977133,23.3667568050691,6.732620687895542,0.04567807194711747,0.3520570001021619,2.4406339286437295,1.271613817579996,-0.38091751890523856,-1.298504421046234,2.4717295042833536,-0.8843265232236774,0.6217290517923892,0.22938115467945863,4.076058187121532,-0.018248673091660117,12.0,-1.0,1.0,0.06894807,1.0,-7.829279050763237,-14.83641327115661,3.9545255087386972,0.014899729584792699,0.031793743602641124,2.1027360408870637,0.0,1.5,-3.7091033177891526,0.9886313771846743,0.07449864792396349,0.1059791453421371,42.091033177891525,0.34105868445977133,23.3667568050691,6889.331473230646
1.622,811,-42.36255932306379,-0.38948696998113175,23.686627989721163,6.737467333452759,0.04825451515979923,0.35134723657902756,2.4028343805743657,1.2985474953014218,-0.33507236845287813,-1.3009913218485014,2.473248241780911,-1.4445200677858168,0.857311511124893,4.122526362108374,2.5454538843673618,-0.3359633403428236,-12.0,-1.0,1.0,0.03449098,-0.07674032,-8.126027089694693,-14.945023729225518,3.9480684040025156,0.013940116030836515,0.027010824194429114,2.10488427695069,0.0,1.5,-3.7362559323063795,0.9870171010006289,0.06970058015418257,0.09003608064809705,42.36255932306379,0.38948696998113175,23.686627989721163,6881.205446140952
1.624,812,-42.640635312537825,-0.4262746931209016,23.982617126299306,6.742250749690432,0.05088628952566358,0.3507142509051252,2.3785859765182096,1.3356188188796803,-0.2949923653969976,-1.3036728774458817,2.4751290680464098,-1.2487709190309237,1.0333057827064078,7.420874245372488,1.0637940881932764,4.0,12.0,-1.0,1.0,1.0,1.0,-8.80438751529168,-15.05625412501513,3.9431633742505463,0.013052148621102084,0.02425550617889365,2.1070025622259774,0.0,1.5,-3.7640635312537825,0.9857908435626366,0.06526074310551042,0.08085168726297884,42.640635312537825,0.4262746931209016,23.982617126299306,6872.40105862566
1.6260000000000001,813,-42.91575775416583,-0.4744422056067698,24.258333983697554,6.746976103159994,0.0536029175370229,0.35017092104546016,2.347897043181709,1.3802959854893222,-0.2492682328321592,-1.3060164656771327,2.4773973546188213,-1.095075124988033,1.2301027144589112,6.978439621074131,-0.19234252281398767,4.0,12.0,-1.0,1.0,1.0,1.0,-9.022486563159992,-15.166303101666333,3.9367410392524307,0.012224998048907344,0.02109634976163317,2.109092855846927,0.0,1.5,-3.7915757754165833,0.9841852598131077,0.061124990244536714,0.07032116587211057,42.91575775416583,0.4744422056067698,24.258333983697554,6863.3785720625
1.6280000000000001,814,-43.185995364957925,-0.5284478817386955,24.521307110897208,6.751646275665536,0.056410169392004175,0.3497034128495691,2.3215016584746135,1.4277633183557803,-0.21868203790827195,-1.3080492188046007,2.4800203908935474,-0.9425642003313291,1.3928105961657737,6.678678297109855,-1.6299844960587961,0.08744637624239715,12.0,-1.0,1.0,0.1868892,1.0,-8.929023529662462,-15.27439814598317,3.9295402824348407,0.011436078667308381,0.018654096859194447,2.1111564844764024,0.0,1.5,-3.8185995364957925,0.9823850706087102,0.0571803933365419,0.062180322863981494,43.185995364957925,0.5284478817386955,24.521307110897208,6854.449548532838
1.6300000000000001,815,-43.45367937522219,-0.5887791829592279,24.77499166735658,6.756272523051683,0.05929957450758765,0.34930333925984564,2.306759620812188,1.4597822666564673,-0.1830566804937774,-1.3097871578138292,2.482947449114619,-0.7925901851432969,1.5252862712085398,6.322674299319942,-2.968131159538359,4.0,12.0,-1.0,1.0,1.0,0.66982394,-9.41821394931142,-15.381471750088876,3.9214961089387694,0.010675024997930261,0.017394207867196802,2.113198513319573,0.0,1.5,-3.845367937522219,0.9803740272346924,0.0533751249896513,0.057980692890656015,43.45367937522219,0.5887791829592279,24.77499166735658,6845.031334583527
1.6320000000000001,816,-43.725641666241046,-0.6628850711764299,25.019927669362986,6.760877631128038,0.062248625114474425,0.3489681527619613,2.2968059948838637,1.4912611595417922,-0.15150587969906462,-1.3112273657283158,2.486107666096679,-0.6545731063971598,1.639221013109276,5.920392025225453,-4.215921178966539,4.0,12.0,-1.0,1.0,1.0,1.0,-9.62187259090095,-15.49025666649642,3.911615323843143,0.009992028932254808,0.016583875149947126,2.1152291663756397,0.0,1.5,-3.872564166624105,0.9779038309607857,0.049960144661274034,0.05527958383315709,43.725641666241046,0.6628850711764299,25.019927669362986,6835.409461992625
1.6340000000000001,817,-43.99871327532818,-0.7557732793230619,25.25733174218054,6.765465146803888,0.06524885074732593,0.3486772924038863,2.2909036201259547,1.5091007071337394,-0.1394016683126598,-1.3122943707109531,2.4894283400326382,-0.41445741625910665,1.6803693597795373,5.51834821439212,-5.41763828488223,4.0,12.0,-1.0,1.0,1.0,1.0,-9.735180570011776,-15.599485310131271,3.899230229423592,0.009897067303127786,0.016118285341169488,2.117250235624021,0.0,1.5,-3.899871327532818,0.974807557355898,0.049485336515638925,0.053727617803898294,43.99871327532818,0.7557732793230619,25.25733174218054,6825.674281422614
1.6360000000000001,818,-44.27315171354876,-0.8686975523622724,25.490696289681665,6.770031856503355,0.06825681476739112,0.3483873497113859,2.2769534631201642,1.4998449373632592,-0.1503324795266096,-1.3128005821558029,2.492727792085408,-0.165035095548864,1.6182316049694898,4.531170760229315,-6.287514805425303,4.0,12.0,-1.0,1.0,1.0,0.71401364,-9.733360517065348,-15.709260685419503,3.8841736596850303,0.009803721484127335,0.015060822140866173,2.1192610037492843,0.0,1.5,-3.9273151713548757,0.9710434149212576,0.04901860742063667,0.05020274046955391,44.27315171354876,0.8686975523622724,25.490696289681665,6815.940920905548
1.6380000000000001,819,-44.547151561291045,-0.980604609916574,25.728582191872867,6.774576640633785,0.07128945961249585,0.34808637664521425,2.2678905150775424,1.5325667136983696,-0.15076864064952172,-1.3129813366971013,2.4960067377905393,-0.016904433705275196,1.6587411586259724,3.3853014456480537,-6.636716441929025,-4.0,12.0,-1.0,1.0,-1.0,1.0,-9.891438128609025,-15.818860624516418,3.86925271867779,0.009708567123250855,0.01440528148290274,2.121260959246354,0.0,1.5,-3.9547151561291045,0.9673131796694475,0.04854283561625427,0.048017604943009135,44.547151561291045,0.980604609916574,25.728582191872867,6806.04948277694
1.6400000000000001,820,-44.821160980984594,-1.0806737964501516,25.98785902487875,6.779112233945766,0.07439602350292211,0.34779540288218186,2.2677097915003053,1.5736955822357772,-0.14023192528010775,-1.3129875613432853,2.499394075686973,0.009761513932925396,1.7267984132720293,2.6807990446897634,-7.4950533512376865,-4.0,12.0,-1.0,1.0,-1.0,1.0,-10.040245421925126,-15.928464392393838,3.855910160473313,0.0096048563900485,0.014392455687862524,2.1232551299623363,0.0,1.5,-3.9821160980984596,0.9639775401183283,0.0480242819502425,0.047974852292875084,44.821160980984594,1.0806737964501516,25.98785902487875,6796.009237355015
1.6420000000000001,821,-45.09657022292085,-1.1690772392244333,26.268988194065635,6.78364718611745,0.07755059670478899,0.34748884346981807,2.266841135171634,1.5725095813636052,-0.17520587399987134,-1.312760430142727,2.5027119693236957,0.27837238265035436,1.544754719488995,2.548714235735588,-8.512807203754676,-4.0,12.0,-1.0,1.0,-1.0,1.0,-10.0868740610357,-16.03862808916834,3.8441230347700754,0.009492404722373747,0.014330940953115531,2.125247711728983,0.0,1.5,-4.009657022292085,0.9610307586925189,0.047462023611868735,0.047769803177051776,45.09657022292085,1.1690772392244333,26.268988194065635,6785.922363293979
