candidate_id,phase,state_sha256,snapshot_context_sha256,parent_group_id,root_cell,full_cell,trajectory_id,trajectory_step,frontwheel_tangent_mps,hip_deg,hip_rate_degps,knee_deg,knee_rate_degps,pitch_deg,rearwheel_tangent_mps,roll_deg,root_vx_mps,root_vy_mps,root_vz_mps,root_wx_degps,root_wy_degps,root_wz_degps,root_x_m,root_y_m,root_z_m,steering_deg,steering_rate_degps,yaw_deg,pi_0,pi_1,pi_2,pi_3,pi_4,pi_5,union
pi3_causal_upstream_000000,upstream,a403051154916be2e39a7d7552992a2ac554479ee3c8c397986284ae1725dacd,55d898bad00e05d05a31f6d3810d506139b70a7a5987749fc9b379796b53a308,dense_v1_train_x2.88_family0,f9039d657f357b8878e185089ffa914858d04ea2be1a6ac613feeeec72fb4ced,cdf8995c5969869370bb91771a99c8db23fd59356a7751e9de0534989dea8a87,dense_v1_train_x2.88_family0/variant_0,7,1.8402658843994142,-71.77284357216625,34.26748253768251,140.5687355342041,-223.38786646611356,0.0809709038157514,0.018141720294952396,-0.0673714528340702,1.8532180786132812,0.04361661151051521,0.025560040026903152,5.399507010610615,9.340496279630354,19.455138152621,2.7773704528808594,0.00033122769673354924,0.11899401992559433,0.7261442511730596,73.54518886932534,0.8412231177556182,1,1,1,1,1,1,1
pi3_causal_upstream_000001,upstream,6ee416c661797fa6d4604050288663af0fd21d1fe56e10bcdfb625e4049f89ec,cc64bf63eafc0066f563d8c0ce65d3304f10b26ff4f83271f05875d8df00a076,dense_v1_train_x2.88_family0,6c44b0504cd9c7b0e6631ce20daf1127d1b70eab733bcbef1954d4eab0c1143e,664c57f2af8fd3fe58624df7364666969ab3f39ded92901be3ac27ff528c48cf,dense_v1_train_x2.88_family0/variant_0,9,1.0055386352539064,-63.937120782733395,434.3784478150337,124.47523890614495,-589.3729800084117,-0.3656576398435599,0.3645759344100952,0.05688754620611694,1.0058242082595825,0.004226467106491327,0.07531342655420303,-0.4549440662974457,27.045611047073503,-3.737613556293439,2.8468880653381348,0.0017295416910201311,0.11737385392189026,-3.3972667240555845,39.96984355118608,1.2166536848432654,1,1,1,1,1,1,1
pi3_causal_upstream_000002,upstream,f330a4fb0002664806bacf87fbe8f8d09c6008178e504c8cbd348141d256ba96,8b6fe6605ac909de7d5a6af3c18432b727e54e794f0d5cdc4487f6748c688a14,dense_v1_train_x2.88_family0,b19dc45dcba9b62a08c33d9993fb601982e5c9bcd22b7dbc6b5203e2b615343f,b418c25acac6a6396686870001d0f6342b7e75160d97ad9a8b0d398204854e73,dense_v1_train_x2.88_family0/variant_0,12,-1.1149695777893067,-46.23523413344672,-233.4517950382905,68.4041396320026,-1301.3417357690557,14.534499705969218,-1.0143023204803467,0.11381339939987334,0.7553219199180603,0.029265759512782097,1.887202501296997,0.21530865351590697,712.2386301951298,21.314023654111452,2.8839707374572754,0.002197524067014456,0.1583792120218277,-4.586749504098594,21.59858641040711,1.2329988085003956,1,1,1,1,1,1,1
pi3_causal_upstream_000003,upstream,c16acb33362bb64c066518a1fec94306e64baa0a836ebd2f70202fe116257c3d,4d5111fe47a4a498fa2caed1b45822e8a25626062df5c6b0b87ee598b10e10a7,dense_v1_train_x2.88_family0,a560687dfeca4b4467db1287c7f6a3ffe570ca8c94473830eb658e2ad427cc53,f770995c8ec74bf21938b3ba44be03b81c09260ecd1e52eb330ca65aa085f77b,dense_v1_train_x2.88_family0/variant_0,14,-0.2996798896789551,-60.02072446359393,-274.9005794504594,48.93793657292618,418.0756058889137,33.712262903100815,-0.19839644670486453,0.34226633779458737,1.690875768661499,0.040928035974502563,3.187972068786621,-1.4068481075716706,44.45039983539025,6.120389935049502,2.933966875076294,0.003552783280611038,0.2725406885147095,2.8062551509294353,-85.91997534339271,2.0305257343953005,1,1,1,1,1,1,1
pi3_causal_upstream_000004,upstream,44959df7e4053c1e2a96c93e60eaac251016eb6cc5942010a7b0240d1a78fe85,a8a6689af80a507c63b19b32d0cb92bef02fe7e1921281a03d2b62039e956894,dense_v1_train_x2.88_family0,32fd34076c42a4183a8d9fb76d32740ad675a8cd73f24c8804eb70a14ddc6006,3ef16b97a7d2bb078ea26b23fc7d0834ec768a0028f3f14d044517333c371ee3,dense_v1_train_x2.88_family0/variant_0,16,-0.1569509220123291,-65.04801007010094,-35.369069107400506,76.16531773683394,202.9503012240346,26.058894406605706,0.3833312368392945,0.3548987193390566,1.6191926002502441,0.0419740304350853,2.5110554695129395,0.14847682663249248,-59.83428078982009,5.0043126921205,3.006532907485962,0.005342472344636917,0.39723777770996094,32.62504402344247,-102.97814739925694,1.8858492330197851,1,1,1,1,1,1,1
pi3_causal_upstream_000005,upstream,7cf63a30208c868b11ce214d9de0bf87b10ad038d7a2286118bb4b99aea7c4da,2cf514cb1cbc3bba00694ec34a5e3749c3c043fc4d05819225ed64db64965c9d,dense_v1_train_x2.88_family0,dc26e330489dd528764e6975b4a92ae82c9ef509e3b33db212bfcf14e6ff4254,1339155b3e43c2bdf00db08ffe3a68c673bc68a1db69340ff8aeba74a6998861,dense_v1_train_x2.88_family0/variant_0,17,-0.23774007081985477,-62.51282143511063,157.08406464540323,73.06915883512131,-347.2438121202135,25.361793983922816,0.2835349273681641,0.4123377968771995,1.380401611328125,0.04118594899773598,1.5403530597686768,-0.29065072268238545,21.881689213767675,7.75377759486563,3.035806655883789,0.006180342752486467,0.43442487716674805,33.964481685722404,-38.5945644712365,2.0085985474695285,1,1,1,1,1,1,1
pi3_causal_upstream_000006,upstream,1296cd9c63a77203c6fd87b6b67d67c545a85be211948e03234881a7884e7d5f,644c8fe1c8bb55a9da10f84d96347561398722c1fb4760eb8799c38f2218c5f6,dense_v1_train_x2.88_family0,00084089a7ce371b4d9a3f5ae77de5341d526f0f8754e42062cffe0c03d88658,bf235749547d08e2ae5ba228459702370ba475726ad1df45b3523f91af9721a2,dense_v1_train_x2.88_family0/variant_0,19,-0.0797063136100769,-47.72196482517798,446.47255449534856,47.74843180821178,-546.6010240294711,24.159877372031424,0.47335499286651617,0.5378097447158846,1.3260852098464966,0.03886166960000992,0.9075010418891907,-0.48214273334608276,-133.50066453577816,6.994670797397236,3.086489677429199,0.007751834113150835,0.47352200746536255,35.0304010075946,4.531493700600014,2.361815360842432,1,1,1,1,1,1,1
pi3_causal_upstream_000007,upstream,cb9de4bfc9da5d52a19d57d15e096243e031579442c2a185f7005be26fa2193e,6620bdd91f6191b2516fb4f1518b1012faba4ade73ed0f59cc170c7140fd9e91,dense_v1_train_x2.88_family0,c37b95c8baf2c6462615747688d51a3f41089f08c03cc0a7d7264b22b1839bea,399b0791764a91f3d5140fe8866316aecfcef8447e11df47e9539a7aff896989,dense_v1_train_x2.88_family0/variant_0,21,-0.015837993919849396,-27.356943022273732,520.6287106161208,24.702144114538154,-548.0062944700662,17.15026618813407,0.5543551778793335,0.6054938862377851,1.371738314628601,0.03697127476334572,0.7681794166564941,0.10055561243598138,-199.76593042919126,6.859606794767996,3.1398003101348877,0.009264113381505013,0.5053975582122803,37.92877470641658,-32.28658082931166,2.561727304866112,1,1,1,1,1,1,1
pi3_causal_upstream_000008,upstream,0ae69ee3efea6c57f1189ed1c1e02684f6bc9b9e205d29c117b9c0b50287c53a,8eecede6f7c2bb4aa56fa064c58c4f184dfa94c67558532c691a294ca296dd68,dense_v1_train_x2.88_family0,5ed352650adf8f99b7d5fc33e215bac20d24ccdc0701b932d3ca5c67fad48ece,227bf649bcd974a81795c4a60e14f5cdde1ac71ba798930aa79e03e0256f2be3,dense_v1_train_x2.88_family0/variant_0,23,-0.030421131849288942,-12.479728915570023,376.3910706673526,9.938685954687363,-317.03585251572804,11.04345238455533,0.5287633037567139,0.6725602963921291,1.4972038269042969,0.03770359978079796,0.7882996201515198,0.5863498622959095,-178.82925594370278,6.049838349791502,3.197510242462158,0.010736585594713688,0.5390443801879883,39.67420564315125,4.7191966905020735,2.775870283346084,1,1,1,1,1,1,1
pi3_causal_upstream_000009,upstream,1f5463bfbb4f75c54cb57926f3f5834e243afc2cff912fead1e739e8b0013cd6,8dab0f8f40135910c0a12467bf5bb4877bc62f7582e0bc9576c6d19ac7da1bc5,dense_v1_train_x2.88_family0,69c31bed126157acf06b40e95560eca43a2215b8fcd219c05cb8d3fd19edf493,9451ab9d74c756b415eb8ac66a9f70b077e07a62a3c2ac2efaeccdd3d578ff5a,dense_v1_train_x2.88_family0/variant_0,24,-0.005111558288335801,-8.150165915800027,380.9930882055671,7.657793800233088,-264.3555596739035,8.428279872134292,0.5596879768371582,0.7008636898758654,1.5481452941894531,0.03919845446944237,0.7119052410125732,0.664315991423929,-204.17140244384947,4.6646213445995555,3.2287099361419678,0.011516495607793331,0.5557306408882141,40.13253182702661,7.750136250264367,2.8677299960010125,1,1,0,1,0,0,1
pi3_causal_upstream_000010,upstream,fd99b8e35dfc1efa12fdac87cb1b4736c60b5af91125589c05759010797d22cc,e4065f584ba0317a8f02a5912dfc9fff67925661096d83e7336411450405f40f,dense_v1_train_x2.88_family0,6aa42fa0023ad8c20629a650c27073463a3b67797c5d8fa2f84267e6b0d994b0,f5259bbbc69b0d4742b9844b24f2ce398d370aab3aea3160b11bf26c1b162861,dense_v1_train_x2.88_family0/variant_0,26,-0.06980257809162141,-2.4172814272259098,220.42979349885107,5.877008950580792,-121.80188920462362,4.43418306750148,0.47126956462860115,0.7480589315534675,1.6144700050354004,0.03843403980135918,0.639718234539032,0.48074531933058046,-131.85443868164333,5.590230224786289,3.2929208278656006,0.013063061982393265,0.5860038995742798,40.99274292657094,12.949255755910563,3.073273697883546,1,1,1,1,1,1,1
pi3_causal_upstream_000011,upstream,61f10a34f6b1ee6c93677a606cd1718a11509ff2d8b7f2317cd41915de5556ec,82ddbf46d51be6b273cce03b6de2293fb2aa98e9ef178404e487dddf44318235,dense_v1_train_x2.88_family0,ec28c5245aaa2de64686a1327ad1c7da45dd2cdc7e2974b39c0ecf521b453d75,5bcc3b472618210a8caeec92fdbac17d3ccb6dc7fb4fa6cd1fe8655e323e039a,dense_v1_train_x2.88_family0/variant_0,27,-0.08316299319267274,-1.7230963248704276,165.72254639817686,7.180806685771601,-56.62120954008435,3.3073022457486,0.4495392274856568,0.7653070423103049,1.6569020748138428,0.038391564041376114,0.6284300088882446,0.15417592580378053,-114.09478570745128,5.328269845114675,3.3260438442230225,0.013833967037498951,0.5997097492218018,41.654673634509805,15.929473050235872,3.192119174068096,1,1,1,1,1,1,1
pi3_causal_upstream_000012,upstream,2c35cd3185cd52dc6961b7483157943ac4d2ca94fa8ccf8ba7cbeaaa3b5a99c0,287097b69de003a85ffc79e3234802f49bfb0b846247cc88bf41e45c538b9ab1,dense_v1_train_x2.88_family0,0be6913812bf0dd5b73d49df005bddb15b641d5cc7c0da9733bbe48019809e3e,7740037d3c4db2268a44c6f49ef8e879ad8e1a16f49abbe3e8c8dcc581e73547,dense_v1_train_x2.88_family0/variant_0,29,-0.16359802007675173,-0.7892073344189344,52.414093049112466,8.42942246888423,-1.9486173251549068,1.9525056479154879,0.3648891925811768,0.784785702240489,1.679976224899292,0.036106180399656296,0.49177420139312744,-0.4902453654141277,-44.777152670189075,6.420790192483126,3.3925230503082275,0.01528784167021513,0.6223693490028381,40.18983369906844,48.97199531122245,3.4879915839730886,1,1,1,1,1,1,1
pi3_causal_upstream_000013,upstream,93e1f0899bdde6c5703d0df8b5ea0e98bed833bfc36e6fb0e39782d700e35278,c1fae032ec0b01a9c5b6f319df4a707062e465c831f3bd2672aabd2b935fa5d2,dense_v1_train_x2.88_family0,732484b0075492f6ef92015765f079fb0d5d40958a0ca92b66aefdc9ce3639fc,6ffdca4c669548c94edee0a9f52e6a4348dcfb9ade851a7e965bece9ad8c3758,dense_v1_train_x2.88_family0/variant_0,30,-0.13225781679153445,-1.7687884761488146,132.59571911226482,10.616767498692365,-61.58523393449871,1.808892107865011,0.4152232551574707,0.7780758696702285,1.6934009790420532,0.03633357957005501,0.363217830657959,-1.0579659934705332,-86.01339867086014,4.94373062172978,3.4266443252563477,0.016013765707612038,0.6319823265075684,39.99408389255046,37.94122614127352,3.6324487218959995,1,1,1,1,1,1,1
pi3_causal_upstream_000014,upstream,ba8e327af83f94855db9ed640b13c5580d3fb75deab534090958dd0a318cb701,6d49deaa5c57c22ad10344c6986e41a92f6d7d31d40f75313809e5a7f38f9d77,dense_v1_train_x2.88_family0,0f64256cab7f94d82ac6c2407eb0b616df51db3c230d97f2a4f403749d6dd48f,1521fadc819eb58ae1c9bc51cc692124334e27d8377cf4a20d0e3338f91346ef,dense_v1_train_x2.88_family0/variant_0,32,-0.19531575202941898,-5.746715408199982,-51.88713029426764,18.545640408025857,151.15664889874776,1.686766195833452,0.339274287223816,0.7203090058640373,1.792856216430664,0.03684050962328911,0.40957021713256836,-2.2608438416929957,-23.899146094576437,4.5013576253214485,3.4975738525390625,0.017501818016171455,0.6506151556968689,40.69409632020672,19.663204497759807,3.8556880770955337,1,1,1,1,1,1,1
pi3_causal_upstream_000015,upstream,8646692289359376b883f345eae6393d696fd90ac7a074a4371755226b774818,16dfa3ebbf8923c63bea827206240e492dcf6d7548eba09c201dd60e7ddcea4c,dense_v1_train_x2.88_family0,443a146d0bdc0a9a381dd8572bce1dfdd402513a0594d924402547652455d787,9daf7fb826d03744b6cf1cd2baa9fab21b687b24efb740f72ac400a0c1e8dead,dense_v1_train_x2.88_family0/variant_0,33,-0.1942954182624817,-4.858847165158977,-35.28285162950744,19.202521898620788,113.36185859818472,0.6113471893978304,0.337270736694336,0.677578559649395,1.781174898147583,0.03599373623728752,0.22610780596733093,-2.1525891853297017,-22.288782148678774,4.8132979142446315,3.532789945602417,0.018209761008620262,0.6558429598808289,40.08443021979679,14.166234102787694,3.933933944296766,1,1,1,1,1,1,1
pi3_causal_upstream_000016,upstream,8f92b31b2c2c19ec73bb17042655ca4c51f4cf63b341896e5b2dde4053c43962,7643824c74768f7761338ba7b20c54b1235e5ec37856e0637dd2569b4db98117,dense_v1_train_x2.88_family0,13ae213a5f08b0b9ecc5d2906b605f5a230dc729c3b49353320f5058a0050e18,f0b813120c410782260d1690e1799ceb761e1f71e696b7405e1edc771f269023,dense_v1_train_x2.88_family0/variant_0,35,-0.12795873641967775,-10.702850080349329,112.54104061467844,27.43330965983635,-19.18315148213463,1.7718679980354608,0.6945718383789063,0.5752837247174736,1.7945358753204346,0.03549616411328316,-0.03952069580554962,-3.344277476144391,-90.4400032908104,1.9994501542790806,3.6053049564361572,0.019609183073043823,0.6666812896728516,39.07193322251786,45.178443359400255,4.169180381448086,1,1,1,1,1,1,1
pi3_causal_upstream_000017,upstream,29c6e8df862555e073e1547522a72b39b9bc564dcbf971a69f060c548e961672,25e9e0c88cc8b2fea512eae9c8802ab0fa49ae928f1e095a4eee9ed5e1b70ff4,dense_v1_train_x2.88_family0,86d1918e0a31ce174f6c9880deea885f055fc8c486af3a423e9ec0e84d308365,aeefaaa6da1bc5de66caf3ff954e4997c6c53378ec98cab64f1d47c963d37712,dense_v1_train_x2.88_family0/variant_0,36,-0.17042903423309327,-16.06729772995027,-126.61557430521684,36.2611771903688,388.14754743661535,2.395234249483931,0.6603160476684571,0.5050427808240594,1.9512522220611572,0.04231778532266617,0.16282209753990173,-4.2891901784728725,-62.391845124531365,-0.07856401080423366,3.643744707107544,0.02040128968656063,0.672512948513031,37.71396525701968,56.77281583399654,4.2493751442035,1,1,1,1,1,1,1
pi3_causal_upstream_000018,upstream,3bb2aaee5bb99bc1c0770709aa0a8c438a015dc95846c364b766b00ca04da477,fd9cf3ddeb34fcd3b0ed6b017b5617cf063ce42ebf166fc41b3b737379256d00,dense_v1_train_x2.88_family0,c0bcfae2d8a0b27d54ef35b762e7cef803f53cdb7d91f5d51d3076c4d5832bd0,c4da7b0f2162f47efada399e9b2c2c9263a5b453d27e9cb3154f2f433aa6b721,dense_v1_train_x2.88_family0/variant_0,37,-0.26127922773361206,-23.349961319266978,-259.40790724292964,46.7461937550662,415.8788804480542,3.8507424251904947,0.546431097984314,0.42125943907872027,1.9353246688842773,0.038586512207984924,0.1929696947336197,-4.719706393368885,30.81037545909139,2.317731633516386,3.6827831268310547,0.02118692919611931,0.6795427203178406,38.247170804765894,23.367525150717665,4.323449028800226,1,1,1,1,1,1,1
pi3_causal_upstream_000019,upstream,b4baab2f06f5e4c35d245b42275f5bff02242bf4b52f7507816c735e22892fa6,329f6ee3598e7640498c5a549a85e00021c6bc36a7a150bd63a32ae242243dab,dense_v1_train_x2.88_family0,30b2658566e39ee872f5604c4f9d7ac682ed1692cd15c1319ad4ea1d534c32e4,646dfe512d8da24790c64c8db67584612df0cbe21946afb2acd6ff76e5d0dd17,dense_v1_train_x2.88_family0/variant_0,39,-0.2911132049560547,-41.74344560315246,-437.0191901934574,71.27886380082342,715.7181471243877,8.151972037365518,0.5323799085617066,0.2149729056472135,2.0617432594299316,0.042183518409729004,0.5256323218345642,-6.67557247022388,42.2888088876213,0.5600201767365979,3.7623040676116943,0.02274441346526146,0.6973555684089661,35.79720585514442,58.506403222710404,4.484358915576707,1,1,1,1,1,1,1
pi3_causal_upstream_000020,upstream,c8bfa2806f04a8223dd0e2344e117e60141cadfd4215e3a82b3f3775d59e84e7,728ec24d93deabfad0153003b320330da4b05ded807aca8acb440ac56011630c,dense_v1_train_x2.88_family0,9863c98d8a9cf85e91c9899b71ca2d53a5b04f24ae4015f59bc140e3b9a764c6,0129821e5caeee672a06e9f20b2c42d02fe018c496d353ca088d38101b01d072,dense_v1_train_x2.88_family0/variant_0,40,-0.19131415843963626,-50.13072324353677,-312.690049033659,86.9160149998665,734.95157733655,8.141941411489114,0.666659917831421,0.06673802533242751,2.105954647064209,0.043395619839429855,0.4715730547904968,-8.186065390077614,-67.61388674503212,-1.6033990739349524,3.8042643070220947,0.02361290715634823,0.7094866037368774,33.09038139650085,64.73006476423686,4.491796189175437,1,1,1,1,1,1,1
pi3_causal_upstream_000021,upstream,448e076d83a90610f3999115f7c2c1683ebc01c7208ec4ab8385d50c1f622f57,e4319b0959e63e5f16e3902f25e54997c46d945cd1dced963a9321213e54a6dd,dense_v1_train_x2.88_family0,5df88352c5df1f9dfea91b2daf0cbcd149bdd34ca7286899c39b5f68f7acd403,098013e1590f694d41216618ac9ef70f8969cce5feac240e5e40ff80b68a5b06,dense_v1_train_x2.88_family0/variant_0,41,-0.1266888725757599,-56.2738500245596,-222.007526215989,102.40336649003287,729.8214495717101,6.369389185636409,0.7516131973266602,-0.12243922033530524,2.125884771347046,0.04248533397912979,0.38728901743888855,-10.48829078663078,-137.13604638189577,-2.523427476126374,3.8467063903808594,0.024480164051055908,0.720022976398468,29.696627737556184,74.69258551780662,4.471351300106848,1,1,1,1,1,1,1
pi3_causal_upstream_000022,upstream,a0ce60c64572c43ae7c7e9a757688de5d2f9f11d96b4596fe4435120fea8f05b,f8b0968ec197bf6aec866a3589c7cad90bb817254e621984bda9a22a605d9485,dense_v1_train_x2.88_family0,5799d3ecb0175e32f2ce00167ffd022587fc297951fd89271ecba02b4e782e2c,347930c6d65f5d55c1694b7a1c0d928471466a10c656ca94fe1d5db9b8607835,dense_v1_train_x2.88_family0/variant_0,42,-0.15474037408828736,-60.74434885521093,-160.02712485687002,115.31763545569368,554.1923148390767,4.298563537047545,0.725975160598755,-0.3575741022181731,2.04986834526062,0.0350504033267498,-0.0445442758500576,-12.966797389246448,-116.14821377952391,-1.638922247477954,3.8882009983062744,0.025243395939469337,0.7242363691329956,26.615211799167028,70.26076946351965,4.4598796420052125,1,1,1,1,1,1,1
pi3_causal_downstream_000023,downstream,4aba02984708cac7f93d90dcc2c270348c3b5c502edb839971397c20614052b7,49f69b9ba4cb2cc12a1041bbdadc7307e72214da439bfead27517b726a4707cf,dense_v1_train_x2.88_family0,3a0d8ea296e70046cf25f27bb08697769cadc10c046b301df91db64292dc8eca,ece843c073b8816a5e221220704b20506df2e752afc581b4c69b84dde00d9c97,dense_v1_train_x2.88_family0/variant_0,43,-0.1882806444168091,-64.07349916989104,-110.977910841986,124.78228323009371,393.52184080390487,2.6793862380830222,0.6962345600128175,-0.6391057002943813,1.9810587167739868,0.027375739067792892,-0.5264655351638794,-15.366626189039096,-91.81607467270369,-0.9869643627792524,3.928187847137451,0.025855710729956627,0.7190307974815369,21.698877493084993,98.06437270656637,4.474008171426988,1,1,1,1,1,1,1
pi3_causal_downstream_000024,downstream,8698f48dc8bdb370184e107a76488f275e60eeb094315e1683b87afac1599f5d,070e55c3bcf5f666b8cbf4161a42d57c718d958f3bcd7e5843f90bb6d77ce6d8,dense_v1_train_x2.88_family0,58355a4c11c8460704e76165e4958828f67225361c9ee0943e920a651930d67d,8723e78598b942ad40af563de1341966dfe0a6d991e52ab507f545e08b311c1e,dense_v1_train_x2.88_family0/variant_0,45,-0.22274211406707767,-67.99145960235043,-40.132808449688,132.32555780983412,174.3809996240836,1.6672913447317153,0.6592584133148194,-1.279321143355295,1.8940106630325317,0.017177095636725426,-1.3835625648498535,-17.51586986233596,-61.55841861181724,-0.6497090449144749,4.003251552581787,0.0265427865087986,0.6737748980522156,-2.1508208066649033,118.02946644299887,4.570428028904108,1,1,1,1,1,1,1
pi3_causal_downstream_000025,downstream,8cc1e446da4d43973b59b0db6dbd99bed52b0ab2a7814f9ebb22e8e45c982e00,3e34af6458c03a955020a4da51861d4b6e0b4e78d7eaa219db8898327c35e569,dense_v1_train_x2.88_family0,19e64f025c855d4fc4ce3a8f424f379c4ccad57c384cd2490ae9a583f5a3d32e,261da404b0b50ee51c6ec23c34566cd0ba78897823645f16d93a1d1583f4c8d2,dense_v1_train_x2.88_family0/variant_0,46,-0.20459293365478518,-68.9972049576348,-9.021545228410975,135.6680611443416,150.35785827531475,0.6430005209719301,0.6745540237426758,-1.6417657122154459,1.8946070671081543,0.015223984606564045,-1.640304446220398,-18.951737842865427,-74.07144811468567,-0.6718605756924427,4.040865898132324,0.02686632052063942,0.6440781354904175,-6.553258296340938,96.5120004818167,4.605639901396702,1,1,1,1,1,1,1
pi3_causal_downstream_000026,downstream,ffd16cab46f55b0c9da42aca2752ac99d93f52370cbf62d8b37dbc0e6867d97c,e45e754385000d5912817090c37bf5050ac9312eafcbae7a3d29064b3cae7a6e,dense_v1_train_x2.88_family0,272af2bfbb7cd6c4ac695b9bfd71965ccce633855aec71a8c58a8fdacfbb2360,036b1fb2b66f0442fb1d7c598b206afe4458589fb793becc0dca79ce03e47db5,dense_v1_train_x2.88_family0/variant_0,47,-0.26468192577362065,-69.6046000201457,0.7934210808891563,136.78996069665124,-9.4426289520632,0.14713953112586256,0.6391438007354737,-2.0180306437850755,1.8294806480407715,0.0017442790558561683,-2.1793601512908936,-18.761047498975135,-22.95910032891841,0.03379917443254157,4.077648162841797,0.02700464241206646,0.6056159138679504,-8.341499151245948,50.13182973418231,4.630152343396562,1,1,1,1,1,1,1
pi3_causal_downstream_000027,downstream,537084e3afb7733eb41bf7cdfa16ca72f0be3f6d518140f68b502c8a2c83f70a,5120551665dee65fd7367bd329cedea3491d6851ba3a2c2321b39c83f95192a5,dense_v1_train_x2.88_family0,d6ac435924f78698ecec286e0c335e428324ea517d27a074423b8b7e31de349f,2d67e726bd836c1ab1273724ebd013caf272c3e902c29d7ad5bb9b7b6107f178,dense_v1_train_x2.88_family0/variant_0,49,-0.23829495668411257,-70.23224659354568,22.066686594984763,138.31428133447966,6.174545651204887,-1.0295454775109516,1.293930015563965,-2.7920958592306158,1.8508727550506592,0.0026182769797742367,-2.542856454849243,-19.651902242230726,-44.02722522007836,-0.34642967598270613,4.151298999786377,0.027244655415415764,0.5152813196182251,-8.793516801649162,4.884406159919988,4.678314095386583,1,1,1,1,1,1,1
pi3_causal_downstream_000028,downstream,65c28f811f88a4c8035c9eaec062c06fb2beb7d5fdb844babcab60c7cb35aca1,9cd2d0bb90e1014fc33486281901be9c10468b0e1134f1e26d700bfbbfeca4a5,dense_v1_train_x2.88_family0,206b352850fdbb5ddc074ded8027df6398457ba4c192aedec38bae959c0998a4,d53154a9bbadebf8b0f5005927a4c9ac3fa7fc9d6976bad8a9b7d4e04d06b1c8,dense_v1_train_x2.88_family0/variant_0,50,-0.2410807013511658,-70.28265338962038,28.275818616599302,138.31262842870052,-6.50829729546886,-1.5169270536829667,1.2931530952453614,-3.18434489948452,1.8493516445159912,0.0010428770910948515,-2.7659826278686523,-19.623913834559307,-43.3823529095916,-0.4003802463391526,4.187946796417236,0.027274448424577713,0.4625442922115326,-6.522932683312904,-32.84754768093939,4.693718288539702,1,1,1,1,1,1,1
pi3_causal_downstream_000029,downstream,66624385d9a88d7f3e4f8093f07dd7b9818d4c3910ec5a8b49df12ce69f77369,e22ea788f6d45867790c07f49c5a807470a3ba992135c338b0a2f7f83f291b6f,dense_v1_train_x2.88_family0,69f3763d8210a1530bda8b48c4b8a6b0f8c40371f4c3b71383511c978d37121e,91fe54a04517023e54f7b0cf99ff1bc19f7423d7b1ce5113eb80387eb8ce3e0c,dense_v1_train_x2.88_family0/variant_0,52,-0.2654331946372986,-69.86073211402118,40.946929432713084,135.89791067029088,-69.5640560172325,-1.9346041086320211,1.2738969802856446,-3.9393809045068187,1.8343698978424072,-0.007049049250781536,-3.2937307357788086,-18.267317029537008,-27.62268689985871,-0.5676666802341329,4.260656833648682,0.02701765112578869,0.34000834822654724,1.5170198059359168,-76.31403144563262,4.684098326994605,1,1,1,1,1,1,1
pi3_causal_upstream_000030,upstream,c9c35e4b52ed6efed37cf38492caf489f740435b6ad46e65f363485e41ddbf78,8e2970b5565173a648301e89b03182bd49d8568a87744321f7867ff6f6c969af,dense_v1_train_x2.88_family0,364e38fda67895bddfe3d080f18374c7b2868f0cdaacce1394d4525abf81c16c,bb33edbf638de5d264e708e96a43ad5f2d01e4b083b603a6d0bab87f32723a36,dense_v1_train_x2.88_family0/variant_5,7,1.736040668487549,-70.82418493796484,85.21917061379273,140.34939083919832,-226.30430260019563,0.11503218505282466,0.039440088272094734,0.03004275564973727,1.7434104681015015,0.08639954775571823,0.06660464406013489,14.958699971049253,20.848479667830677,43.489866917316775,2.7758586406707764,0.0007504243403673172,0.1184501051902771,6.068171431297462,52.06055562748344,1.1079357846312077,1,1,1,1,1,1,1
pi3_causal_upstream_000031,upstream,b2b6ffec96a70fedae0fb6a1b901e0d283d4fa5e9e875245239be858a3f7af75,b34f347260e7f1999f36df541f8de8a9069df1f5f05fbd5c5a37bbf791482622,dense_v1_train_x2.88_family0,15eb220a2ed33dd0ef2add935cb9181e90a72d6cb1de22eb45ee3af72204505e,d1dc5a1dd5ccdb069358a1f9d7dc613d72acaf8c772577f56d8bbfa5b9ebb7b1,dense_v1_train_x2.88_family0/variant_5,9,1.6116615867614748,-58.6142314191374,569.2492756190732,123.57482872824052,-670.2064110240583,-0.11359508702612993,0.38692000389099124,0.6199485203593927,0.7318007349967957,0.06139162555336952,-0.043609827756881714,15.071611535766026,32.36342387256889,34.04781682378573,2.8358912467956543,0.004175205715000629,0.11843059211969376,-0.41420132088765854,105.73386918216863,2.6375836148428817,1,1,0,1,1,0,1
pi3_causal_upstream_000032,upstream,491dbc43728e98aa56dcf700ef0a395d6e12e7e8e1bc0a27a75d056bc0fb19e7,5d068e13a0750e83bf8eb947bf02ec4cd817ed67415ade68ae2eab9acc8f1c34,dense_v1_train_x2.88_family0,77bc2fa06a88f298b20d65a84809e65df2b7e242ca4e6c2d9846b601621f1e45,f859d15ffa09108ba82871feec8215c5d77ec9d6bcd441f297ac7c2862df8d34,dense_v1_train_x2.88_family0/variant_10,7,1.8823797988891604,-71.80846300868787,29.331929786823352,140.57383085532493,-230.7314946164145,0.09221362344438086,0.2719372987747193,0.026217940246285733,1.8772226572036743,0.09135225415229797,-0.0001954331819433719,15.165538589684749,13.406166383080443,46.3352520085578,2.777439832687378,0.0007668039761483669,0.11903385818004608,6.062187758697708,52.93480276577215,1.1131414484847009,1,1,1,1,1,1,1
pi3_causal_upstream_000033,upstream,fcdbb4878b65f45a77a2f224f3d16eabf21b8d637a74e8b27e0a96100df2a71d,1b8b214aac2203753ce9580b3da6ec7b3db7acc9129d7b82c061344bba70ce67,dense_v1_train_x2.88_family0,39c70952219d48510003816f3738127cfedad88c4b8efa9d8d6ceeff4a69b567,7306908ac6868c4db4601fd3c1a31810bd243217fff18074948f2e453394578a,dense_v1_train_x2.88_family0/variant_10,9,1.1818486785888673,-64.21511631214209,357.4700259870699,124.51576924867982,-582.195161530402,-0.1523026419277046,0.3212480735778809,0.5546216077449029,1.1663004159927368,0.05168459936976433,0.09195946156978607,8.340977495548088,46.01547279690156,23.852180006296138,2.8468832969665527,0.004428364336490631,0.11777078360319138,3.1236975841158867,25.519500899682534,2.6541845922965255,1,1,1,1,1,1,1
pi3_causal_upstream_000034,upstream,7673419167d0a9fbfac4e90304b18454e0861c88f43dc8cb6b62171a4aec9442,9fd3cb04b37edf7b24714c1a7e65d033f9b9b4c7acdad15599b147a22fa5026b,dense_v1_train_x2.88_family0,c4d7addceaa73278b0e6bcadcea9916c074c5ca60fe2ee4deda8329c5e915f61,59f8a63aaf134ffcb489addd7c31a0e093ed0246eeb7c192b6e2f796aeb78af4,dense_v1_train_x2.88_family0/variant_10,12,-1.0649715042114258,-45.36898173158151,-244.54260157104383,69.18950893371651,-1246.313469777391,13.145366160251687,-0.5551670122146607,0.9011512243589717,0.7064558863639832,-0.0018402965506538749,1.8557440042495728,3.142527561883966,689.6856187633144,7.717256573373572,2.8818118572235107,0.005057986360043287,0.1546521633863449,-1.3099413836275298,58.02376839557896,3.0255568986510553,1,1,1,1,1,1,1
pi3_causal_upstream_000035,upstream,4c595b088fcc62912e366f3a9ba3c6ce81ad3e455e9322772c22529da3639761,8aa83b1515a879716cd5996b7cedab5973eb1fb2da19461fb290436f267df406,dense_v1_train_x2.88_family0,15ad723f40166acb75aa5f83c210be653ed4d8900ad6907c954b9c3919dea82f,93b7251f71b4820217f5c92f73cc829cf3f08fff9f46b54dcc302b3bda608fbc,dense_v1_train_x2.88_family0/variant_10,14,-0.34164163112640383,-59.322938677607084,-276.8378123443718,48.946371856551146,314.5401560345187,32.48952932835188,0.18421147584915162,1.2845489460286403,1.5666567087173462,0.020849116146564484,3.0902576446533203,5.050403662413393,84.4624812764037,-1.8906228292425633,2.928157329559326,0.005479312036186457,0.2655962407588959,1.9609353578796134,-142.70653010290474,3.736737853515889,1,1,1,1,1,1,1
pi3_causal_upstream_000036,upstream,ee135ba80a75a7137660c0fb949a08609f50a6d3bffe61ce6d82d246127832fa,f46ddafaafb84199b0484557204a0cf66a944884302bf19a4d78fae1913223ed,dense_v1_train_x2.88_family0,43ca91ac178e52fe5dc38a5622b2a9ec7bbacffe1979ee814d7b68504a82d7b1,d56ea7c3af52e86033ec937f59c754a5e60a537dcb1f43502f3f29c6790041d4,dense_v1_train_x2.88_family0/variant_10,16,-0.10688876152038575,-64.81167186444016,-44.860655147887066,73.52520373581389,303.58253819058064,26.103032076207942,0.4124495935440064,1.3133321428097593,1.5829001665115356,0.022786526009440422,2.5587587356567383,5.769430909832152,-102.35356075060513,-3.3391480040777113,2.9961063861846924,0.0064501287415623665,0.3861996829509735,31.027391059590204,-73.64595465015054,3.1415451826998586,1,1,1,1,1,1,1
pi3_causal_upstream_000037,upstream,7472c57d9950425a3358ade6c805a29df4e395198c258a4a1b8f5d82bc5da992,a06256976a599b7774d27cf0b74915a617f1d6a54361a3884634fa572fe47b64,dense_v1_train_x2.88_family0,a4ed52d08a0bf178d042ca31f4177a2d30dc13e357b1713ccae41f98e24c215a,387c22ae3ee2834db9dbf5a6de9184b36b4ecb17f27513625e8cb4f6daefbed4,dense_v1_train_x2.88_family0/variant_10,18,-0.25719744205474854,-55.804561387066364,284.5613356163089,59.7032436105934,-675.3598707151029,24.49933732116856,0.22685435771942142,1.4827007488791821,1.1804721355438232,0.033388953655958176,0.9888355731964111,4.112884212974627,49.576921260348385,1.5296305762995817,3.048833131790161,0.0077662295661866665,0.44423308968544006,34.973297211038705,-39.65101373582447,3.0425403879158206,1,1,1,1,1,1,1
pi3_causal_upstream_000038,upstream,b1eba91687ab2d502bc1ba8e06e821b4d87c3ef7db1e8c616ab443b7f64aed04,23d62d22f73636a1e0112dac58fc4e7e10b2b5aa74fa380fac803e5e592a2cd5,dense_v1_train_x2.88_family0,46464b3de0882ae7a2edef91928c7f64ec90aa08c49d0880182887d1bf72951d,9fe80b93f5305a3a948ac9b7e9837dfca42d2db2cb733b881275c7bba6436f1b,dense_v1_train_x2.88_family0/variant_10,20,-0.05547855198383332,-37.61345219319377,453.3808537087096,33.65435353136339,-540.6534045832508,20.432398017631247,0.47207422256469733,1.5889089982342868,1.277796745300293,0.03192068263888359,0.8289905786514282,4.591089235542491,-151.13913629371584,-3.9536550010618807,3.0974245071411133,0.009152174927294254,0.4764053225517273,34.79858780225895,-4.482984416454114,2.8379352140916003,1,1,1,1,1,1,1
pi3_causal_upstream_000039,upstream,43c816ae49ecfdf028cb7a9794f4f30d6f0a516d3571cde73b9aae9efce3e95e,036c3c0903eb693653e6282b1231734290911d12dd541afee0042452a0cccf3b,dense_v1_train_x2.88_family0,a5121a68a8169f6d744cea397c9eb778c12aab8a9e408c661b2b4fbef41b12d5,75add785d265e1eebf97716642a8f19f06ed3e0007b449de9b78706720f44d6d,dense_v1_train_x2.88_family0/variant_10,22,-0.00574373908340931,-19.56999802879852,465.0393855652744,14.2807780827161,-457.71381643513894,13.488652033667623,0.5295087146759033,1.6354897415638998,1.3528625965118408,0.027756445109844208,0.736682116985321,4.0264140180822645,-198.1493885771893,-6.6856388884000095,3.1499927043914795,0.010352998040616512,0.5078350305557251,38.57298448855384,-28.806903390608227,2.3786389093628504,1,1,1,1,1,1,1
pi3_causal_upstream_000040,upstream,7ec46d2b509241e158b392cd5295f0d7cabbfd69232461ed99c6485f15cad21e,74e7248cf1fd2f25318bf0397ac799fab41226caadba20eeb255e0ce606a0337,dense_v1_train_x2.88_family0,5d93cb2591da0b67ec219be9b385785ba454e9daed0a5f99c05d313a5ad8e0b2,33cb191a4eb8293f61db765edc6fe01b000cab2c2cac97aba06445b01ff4b1ab,dense_v1_train_x2.88_family0/variant_10,23,0.013756685853004456,-13.622136964636248,434.2555317307302,9.483692049353317,-354.84305327001294,10.492317861822677,0.5506991863250733,1.662364978704107,1.4156923294067383,0.02612343616783619,0.6988357901573181,3.635518449901027,-215.52241186322362,-8.653968352942984,3.17840838432312,0.010856942273676395,0.5242274403572083,39.01593591660751,-2.176989609252749,2.1422109672361564,1,1,1,1,1,1,1
pi3_causal_upstream_000041,upstream,130f71f5d15e1499169efca5a7943339dc61b520dcff34da8a167fdaac4b1814,c08c474823aecd59dc5560a06f455e6cb7494e62b0d7032c698e5f71ff1deb08,dense_v1_train_x2.88_family0,cc976449aed68c32c64376b61c348205b7a7d1e986cb96f277b7ebf812caef16,86371502095d83c8a312e42e66bd2b64c1013a38f470fc9f2cd6f967ce74980f,dense_v1_train_x2.88_family0/variant_10,25,-0.04331886947154999,-5.8026298980666455,228.12581842918965,5.903735480803052,-102.47393600453744,5.357504132491682,0.4715067529678345,1.7137893753579663,1.5239894390106201,0.01750122383236885,0.7061790227890015,2.318617850561195,-150.68051641170615,-9.697459894901792,3.238213062286377,0.011672085151076317,0.5552680492401123,40.016111252623745,16.066694965756014,1.6476344537403438,1,1,1,1,1,1,1
pi3_causal_upstream_000042,upstream,61ffa8dfd868b763e4fc995a6681948648a3499adc5ca1cd87063b88271a7506,8a6af705b4d569e38af3ec97956d8eaa855cf131f90b0161823b2c79496dd7df,dense_v1_train_x2.88_family0,05ed970e1eef6199b39eb6be3e19cf8dcb5a76d2035703835884737517cdc5d2,6c56b25644a5f94267ec07fe506e54d7728a3371931219ae30d2e5c00084c36d,dense_v1_train_x2.88_family0/variant_10,27,-0.07035526514053346,-3.3704029497196895,177.71508816553361,8.313766875668405,-54.488681047233804,2.159709170098225,0.44566397190094,1.7529485553344213,1.56916081905365,0.009247921407222748,0.6013602614402771,1.0026237453902702,-129.59191119831993,-10.644990694116505,3.3007900714874268,0.012150125578045845,0.5834461450576782,39.98520806172402,25.461360621920093,1.1952998744966314,1,1,1,1,1,1,1
pi3_causal_upstream_000043,upstream,3b0e846e617793e275e29d1197d732c2b52e07fa19b965d7675cdd7127b7a99b,f6fc4eb1720851a201343717731b95db2816943b2fa682c42b07be5da9bcc293,dense_v1_train_x2.88_family0,5f810429a045f7c39eb7578087cabafe21e4550502bb76dcaba805c7113759f9,e70701bddc34d52e24e6f3169859768bfe2e7ae38d9f61201647fc21ea4a301a,dense_v1_train_x2.88_family0/variant_10,28,-0.1227724027633667,-3.67104183688744,67.0107605507525,10.890951782544187,39.699593456296185,1.226723683180215,0.3829606676101685,1.7628058010801249,1.5968337059020996,0.003266553394496441,0.5957613587379456,0.4612196761233652,-78.2646583405074,-10.055088599843659,3.332810640335083,0.01223926991224289,0.5965905785560608,39.97369919297255,29.825438275113456,0.9856944594010763,1,1,1,1,1,1,1
pi3_causal_upstream_000044,upstream,91d819678670de2b821ecf09e3fa2930011c3f027f10fded15317c5e5017b5ad,3860a38e4e6f7178eda88a580c483b9626c250a2e0070552a2f99b39f979fe12,dense_v1_train_x2.88_family0,5bb1bbef809cbc9c2ecbe983cfac06f38e1e8cb91b0626afe80bebc1d430571b,511c6c2fd31a0a912ca915ce5f5e8c0934c7592e20c8646d69eb7d8a2f2133fd,dense_v1_train_x2.88_family0/variant_10,30,-0.11254305481910706,-5.307142789351356,124.32616319732026,16.391284338135236,-16.738114513999314,0.0323578233883017,0.412998538017273,1.7629102049800742,1.612027883529663,-0.0021758463699370623,0.36714380979537964,-0.5360308981850735,-102.77388376193855,-11.428116278688071,3.397493362426758,0.012169101275503635,0.6185157895088196,39.28646604925338,39.1226473771052,0.5875396158891585,1,1,1,1,1,1,1
pi3_causal_upstream_000045,upstream,b840c01c4a49df603fc54465c3f0e6b8539b508103cf7b6e884453581e31612a,b7f7d6e768a3adf371bc9a1393a842e1e578bea9bf8087983ae6978811b6e54c,dense_v1_train_x2.88_family0,e187464cc04c0430344b431da2e5bb60c26ce788b7b9272f41ff8ece91a28b03,443b232952cc6c1a1b144c0d4751579ba52f6c7be2e670d3c2fb631b24395f6c,dense_v1_train_x2.88_family0/variant_10,31,-0.17186938762664797,-7.324372139483391,-36.64780004833737,21.010577132308004,180.67829743505197,-0.3716228679460922,0.35272643089294436,1.7454242827087978,1.6816030740737915,-0.012469986453652382,0.4991842806339264,-1.4304122602082145,-53.43795889626489,-11.815785863146948,3.4308907985687256,0.011962996795773506,0.629032552242279,38.84809084794362,49.60047175260659,0.37221788453667265,1,1,1,1,1,1,1
pi3_causal_upstream_000046,upstream,a1daae93d5918a120d345b407ac1ff503ee8b59d6126eefb7464d4512d1398e6,d7780fb5f8c5d93cd15381904629084f5de5e556ddaae2a759c9d566e0031dcc,dense_v1_train_x2.88_family0,8259edace14cca5b18e5e527d47f85258bdda624e63b458bf3c89e5c5ff06683,7596eba74180114c0e66baae4399f1b5f1f0c7e40495104260fbb4328ff74f7c,dense_v1_train_x2.88_family0/variant_10,33,-0.17090317726135257,-13.409621605026825,-33.13319643731308,31.582449797585873,204.40339664919813,-0.1258675910195228,0.36986410617828375,1.685715423394449,1.713314175605774,-0.019648846238851547,0.2959999740123749,-2.020289274880201,-67.45370514861699,-12.183106606521063,3.498459577560425,0.01121606770902872,0.6479501724243164,38.40726702381641,41.05291347806417,-0.01563608246100488,1,1,1,1,1,1,1
pi3_causal_upstream_000047,upstream,d44ea4f5b62f756cdd65d91070fa5d623d28d873ab75298620fe9cc0d19b6017,1547699c4f570057ae32a0ae8cf8ca86264c3254e35d780df9f4eebc751f6a23,dense_v1_train_x2.88_family0,de93b5f5140d33077c2454d7c67f3f860580c078b3967a3fc537c28c6b7eba5f,a7b0ea6c1440b1367b4083f339e80879cb720efecd56d97360bbb4a3b2f963cf,dense_v1_train_x2.88_family0/variant_10,34,-0.19751411676406863,-18.53646234132865,-128.436693983239,40.13349488369958,342.0310117456597,0.3214951947638239,0.3454620456695557,1.6436082936327017,1.761247158050537,-0.028104297816753387,0.3357539176940918,-2.2781976448267054,-47.492368016228,-11.663702309766505,3.5335373878479004,0.010628544725477695,0.6577476263046265,38.01670314669674,37.25904392244557,-0.20351063639725728,1,1,1,1,1,1,1
pi3_causal_upstream_000048,upstream,3517f3b5c46bbc0f84c19568b13a7549af764f415e450fa5b732b1462bad0826,d0d29aea2e0501cad4f24cd599dfc63c63e04724053c2e664b139ae79eb271f8,dense_v1_train_x2.88_family0,468baae3cedc10f1165ee621c820c15a6a6c1c547a5c99bcdc54d29b52c9fe90,8ad1ed445c118087791a85808df35ab756b44af0dfff0a9eb1f0c6b20df8b0dd,dense_v1_train_x2.88_family0/variant_10,36,-0.3283624887466431,-35.50844253250921,-411.18484660134123,63.1690113690521,584.9342313121172,4.0123613854692834,0.38916791915893556,1.5479004674513517,1.7987200021743774,-0.04984285309910774,0.6053742170333862,-2.3186120875890825,72.80520617464617,-7.473698857760088,3.6048803329467773,0.008870594203472137,0.6830452680587769,36.64108597238325,42.8937177612743,-0.40664734477611364,1,1,1,1,1,1,1
pi3_causal_upstream_000049,upstream,87cdc3e094df14f9e71f7e8bc0f21494f9e00bd56362427ba553d500acefec30,208ff08b4299f02effab523096562744d1deaade8b64a5b66c371768056c9a9d,dense_v1_train_x2.88_family0,02ad4e99d9ee2bc7a5618b5e3a619d32e6eb024016f62d90b3438ccd67cf12f7,cb477d178878d8b866c7f7c8e4203d38c4b32b8eb97659425092cd4345917dc0,dense_v1_train_x2.88_family0/variant_10,37,-0.27648741960525514,-45.368281637191586,-385.25840473845665,77.5934214998244,687.1832560174752,5.601638542701478,0.47271575927734377,1.4882619889164452,1.8511302471160889,-0.06013308838009834,0.7016109228134155,-2.7623987197121953,4.4052551561520765,-8.116113153919283,3.6415481567382812,0.00767796253785491,0.6993656754493713,33.70921702587152,69.0541277541777,-0.4911130627339675,1,1,1,1,1,1,1
pi3_causal_upstream_000050,upstream,c61d52adbdbb3e91b9abea5569419721766646364666557025be99388feb1f1c,ff2ff64f6f0b5a0fad0e4259dafe67f889b0981e74577f22ff200cbb6a216d8d,dense_v1_train_x2.88_family0,c99576c5bc12778212abde654f9f00410d91cabd790e7f011ca2002bd7183827,e6716e1e486bc8e8e5bbc4787f4ee8c958106bf136fcfc63dffc10ebe1b32e0b,dense_v1_train_x2.88_family0/variant_10,38,-0.13035337567329408,-52.978372542487655,-274.13324867834353,94.39539315992145,837.308464389281,4.347724722918544,0.6569347953796387,1.4023624074527579,1.9424575567245483,-0.07428867369890213,0.865884006023407,-4.067730259258495,-146.38256523496227,-9.665295680326555,3.679810047149658,0.006254009436815977,0.717858076095581,29.939109698375393,83.05550328851608,-0.6818864757079074,1,1,1,1,1,1,1
pi3_causal_upstream_000051,upstream,f91e73492e8930fcb75e46329b38b45c78981c1848dba763837e9aa413bd1b8b,a2cce2376838db7911ae5f78ec5db873810e2cc9964bff9f335f6372cf2b3b57,dense_v1_train_x2.88_family0,89ae21af378f3babb326fa783f7e48f10573e156e375cc5b6a5ccedaea11b465,4fba1aacd2196bbf007ade58b21a08c94a0bf95b948ab90114ef59652623b7e1,dense_v1_train_x2.88_family0/variant_10,40,-0.18336721420288088,-62.369168896486926,-141.1596561804369,120.60065017491515,469.35453515834837,0.048274959446541005,0.6108482933044435,1.1753883814990298,1.8071340322494507,-0.06149205565452576,-0.018508413806557655,-6.441140314228355,-108.71039732056849,-6.75370641923424,3.7541353702545166,0.0034921602346003056,0.7372775673866272,21.248190875796286,99.24861139543069,-1.0479175723733727,1,1,1,1,1,1,1
pi3_causal_downstream_000052,downstream,2340dbbd9ebf1aefd4bdbac822a2e2fd79a03cced0285be7c659a51e6d66e95f,3ca87e56f40f464665c99485e849e911af3e0677ae3756dd9e3bdc1adaccbeb9,dense_v1_train_x2.88_family0,f63b5bb8d37c38fd6a4a72933d017ad90b9630ba787b0cdc571e2b78138dc8eb,1b174d4449c841f56f36ae617cb44d9f2117ff8d1ef8b252d23b90f190038b3d,dense_v1_train_x2.88_family0/variant_10,41,-0.21254805564880372,-65.37323635762027,-96.93129213458545,128.51514553604576,324.38953470448723,-1.4637289228964065,0.5864060783386231,1.04170401347356,1.7607651948928833,-0.05408557876944542,-0.4953780770301819,-7.237256491714463,-88.71262795914666,-6.01157563006109,3.7894468307495117,0.002346187364310026,0.7325626015663147,12.537445721603923,111.38854181488716,-1.1664185617630483,1,1,1,1,1,1,1
pi3_causal_downstream_000053,downstream,1a26c00965ba5a596cb6dc55305f951eecbedc2cdabb29efb9064f434c7aa6b0,aecbe2a190759efb0bff434b0ccc68715562dc153d43eb5696cf02f47e6d27d0,dense_v1_train_x2.88_family0,447ebbc0aba1e1fcaf7400d108727462719412c87184fa805735d0bbe4d81696,67bf802afeed85c9f27fddb5910b359bc55808e9e7c675825249e42d0ab9fc8b,dense_v1_train_x2.88_family0/variant_10,43,-0.2938117980957032,-68.79120645226722,-31.057194590033554,133.64816930109373,3.3605454926434803,-2.485351647999185,0.5005956029891968,0.7733967816264617,1.672438144683838,-0.03551846370100975,-1.5871379375457764,-6.638246340183406,-18.488714196388386,-4.780083984971329,3.8569297790527344,0.0006727796862833202,0.688613772392273,-15.85237387488477,77.16003233660875,-1.2900617714687137,1,1,1,1,1,1,1
pi3_causal_downstream_000054,downstream,2e2563969565cb8479fa403ce58659c7a76effa3b344875bfa6b3cbfa42b3c1a,f0b7f7b1aaa2c281060e2afd611ec6713fe0cffa1e3ca47079713d8f781de394,dense_v1_train_x2.88_family0,be81e1a6b4278293835d96375f73c484210b3354691a511feafbc7651becc9b9,16fe9f9a04fda88495cdf3f498fcfa0137ab45b50209e1104343ef10a91c44f9,dense_v1_train_x2.88_family0/variant_10,44,-0.2253799080848694,-69.79181550529574,-8.183959984265957,135.0502158924006,105.2349921651909,-3.0763943271257412,0.6646132755279541,0.6395483830992023,1.7117998600006104,-0.04097579047083855,-1.5740560293197632,-7.316188719084069,-71.94285381079703,-5.617790038087291,3.8904998302459717,-9.480337030254304e-05,0.6580501794815063,-20.384677379788254,89.50876163899251,-1.380857522955399,1,1,1,1,1,1,1
pi3_causal_downstream_000055,downstream,8a191f20d7c2bcc73cc76803f29e3d70ad56c3a578fc5bba1dc99494ccf8f24c,550d9455b308c9b09eb7b9adcd072f766f4bba2dc830cb2cdf5bc9a6e131611a,dense_v1_train_x2.88_family0,59c165ffca44c0be220159dc05f55dd5f71a9f754be544153475ddb5783e763e,68edd3c8d45ceb526e90055176bb8ad23d837415e918f4846d0792a634fe64c1,dense_v1_train_x2.88_family0/variant_10,46,-0.23925949811935426,-70.6342783582818,11.320519454919214,131.21174520150183,32.05698402036168,-2.556231616587477,1.0032909870147706,0.40860470442671515,1.6980667114257812,-0.036037053912878036,-2.1297531127929688,-6.184454548143283,-56.6741093552061,-5.555878642129357,3.956451416015625,-0.0013265568995848298,0.5705496072769165,-22.23036695580224,-1.034754556071597,-1.546280502456252,1,1,1,1,1,1,1
pi3_causal_downstream_000056,downstream,edfa1f97d50d1ab5e4c383e8b5de5479f062a9b51c6e988a69cb25b4719b70ad,055414028d63e2e02e5c3b9bd15dbc00de517fcbd98488cca12bd830aac3b376,dense_v1_train_x2.88_family0,0d4c629474176f3ffd17a46100602d01c76ef1f0ae2c15b2be7d43419809c2c1,513d8dcf39842e14185c0a6ed796d486f7729f96f1e66ad1d35dec7663f580f6,dense_v1_train_x2.88_family0/variant_10,47,-0.33635552883148195,-70.55571752244832,27.63273581567509,128.7315395893301,-218.74362469845002,-2.372576531511587,0.898483180999756,0.30495576490523796,1.6558910608291626,-0.027278583496809006,-2.851555109024048,-4.8087182724061375,29.10402686478754,-4.38822279879618,3.989605665206909,-0.0019280753331258893,0.5196200013160706,-22.513211919521638,5.2095393861118735,-1.637704824128124,1,1,1,1,1,1,1
pi3_causal_downstream_000057,downstream,0e2d88609749ca5ab37e8c5ec4bf8f8f23ca90927f08ecc596d9be26839ba143,232ff7a201b30a69fec22e539f7dc26fb185d29c6b911ba514d7542cdf5f79ed,dense_v1_train_x2.88_family0,d9f51244dbbaf97fd3ca6198c37b0fcea7c503fbb00b4843301e6bc56be4922c,c0e75037d9cf8640125e80a2840e8f9d35040f10fe90656c7372ee3788894268,dense_v1_train_x2.88_family0/variant_10,49,-0.32085430622100836,-70.30781580652271,38.937190665666435,123.953453434691,-176.74107586913314,-2.0238936863642976,0.9232480335235597,0.12153285043377421,1.6729850769042969,-0.029209798201918602,-3.1471478939056396,-4.283144180396942,8.85077598500867,-4.912028298697166,4.056027412414551,-0.0031272920314222574,0.4067632853984833,-18.786167227195147,-14.697458895674606,-1.8442449537179715,1,1,1,1,1,1,1
pi3_causal_downstream_000058,downstream,c9b7174b458c14dbc408b2340d79af014a958cbee87d51aff0c07bb541805620,2419f301b828677f6f89675b034c32a3ba91c49d90a0c226ae6623d4e60aa6ab,dense_v1_train_x2.88_family0,adc02a5a8807351cb7f847ea6505d4b5102ff6bc70d5adab223dfad83e8ccfd8,5f390f26770f32b03c996aba067db639b439755d6264cf435b66f4db83727b3a,dense_v1_train_x2.88_family0/variant_10,50,-0.2533038783073426,-70.08699579065619,39.41612011517314,122.37427271744903,-15.551295721176022,-2.185823861750591,0.9992397594451905,0.03805602527470457,1.6954667568206787,-0.03285126015543938,-3.018023729324341,-4.532811927109827,-53.365285683495955,-5.877796983656282,4.089406967163086,-0.0037441705353558064,0.34620222449302673,-14.805145365676319,-65.08037833657764,-1.964198741939506,1,1,1,1,1,1,1
pi3_causal_upstream_000059,upstream,a0fadc964dc8501021b13343658b8a78b1aced02ada353539a9ebfcf8a45aff3,aa7316170a7ba14dfc9aad0a3a2149ddb2b6ed5d586b70541c97bef19a88728d,dense_v1_train_x2.88_family0,63d19a0a11936b67c616f6216cfbce064f0d227c11da91ae19d7714f4cccf57a,0ef1bc1a5db4fc76da3bde313250d2a09bcdc9e99c09b78910da46a2c2885b41,dense_v1_train_x2.88_family0/variant_15,7,1.8062680435180665,-71.71753270026748,14.611919314056658,142.85652105707823,-15.518664492416287,-0.48711455006467513,-0.07234123349189758,0.020513819726622487,1.8715327978134155,0.09427357465028763,0.03556014969944954,17.276760307419444,-26.913093424344208,54.87767739593895,2.777545690536499,0.0007215029909275472,0.12011030316352844,6.042585542666594,59.47223295248523,1.1373117869179323,1,1,1,1,1,1,1
pi3_causal_upstream_000060,upstream,e171ba3666fdbe8dee4d9459e768b8be91b82552787bf5385ed0215a18b73e63,785e61259171b6a51d9c749cec2f1f1535940af242eac1ec2633f60dc777c2f3,dense_v1_train_x2.88_family0,c03c469aa5ca48adfe60b53b2e808b67041d91fc36f0ae0e627baea5ac3a2ab2,7bb7289b8380011d5bcdedc3008aa7c7ec997a5d1f83c4175c1845329b59840c,dense_v1_train_x2.88_family0/variant_15,9,1.6188564109802248,-70.36191773493837,122.05564439266794,140.73175848931396,-203.89013525382836,0.18522090249363066,0.2327031230926514,0.8240074195781398,1.382338047027588,0.10447248816490173,-0.18688972294330597,23.50269630193951,91.77635712268007,40.37456982554977,2.8458425998687744,0.0049117314629256725,0.11838481575250626,-2.462027277139133,116.7796647682916,3.2709897724763097,0,0,1,1,1,1,1
pi3_causal_upstream_000061,upstream,d8d94e2d4fc40a2a5a900594ffc94b5c7f95cd4d98e42ef6b521c2a63977f424,a4e3c864b9873ec72cabdd37109c259f32de47b69e25894fe0c84440f4b6eae4,dense_v1_train_x2.88_family0,6c56e09e219c8323c774a027ce3dbc15a13fbc4ce4c7bc904b9f52df9cbb5ec8,ceec705ba63af759102be83c92a1d8986d199a2bc6eaefde447a9d209fa3a414,dense_v1_train_x2.88_family0/variant_15,11,0.8999876880645753,-55.165795265697604,479.26300862501586,127.40175639944198,-549.6398571534799,0.06652365297955601,-0.6009322452545166,1.2137181295114474,0.7875463366508484,-0.001946392236277461,0.006547129712998867,4.46608482090021,39.75269134690386,-14.574643556661314,2.8936269283294678,0.006303498055785894,0.11876974999904633,-5.913821535773045,56.279990364623444,3.164551413398974,0,1,1,1,1,1,1
pi3_causal_upstream_000062,upstream,15bcceccf998ea66d73fbaf76f692d83fc13c4b38d4cb52a151d03f719967ff7,44cd43e72921ef240a8f4233765bcca09d1696407ac40458282d14090d8fa6fd,dense_v1_train_x2.88_family0,80e8ca9103c1922a3750ed5cb897a74c73096af760432f18ab1d83ba9452b208,594a85ddbd82693cd51e5df002a34597761bcf7f4b869aa2281d271ef544df77,dense_v1_train_x2.88_family0/variant_15,13,0.5005131912231445,-39.631971168418474,149.63062071362683,99.2030335430992,-822.6549219024223,3.2508031720500643,0.4323486804962159,1.3146588301173978,0.9723686575889587,-0.021201882511377335,0.6211769580841064,0.27861672977761637,216.69519632484983,-10.208936049577257,2.927175283432007,0.005976494867354631,0.12781894207000732,-10.504883877445678,51.46366198082144,2.825313069956134,1,1,1,1,1,1,1
pi3_causal_upstream_000063,upstream,f738b61be335a6f2bc62c645fdaf3fe085f302cfd3516f1fb514c668e2128784,7ae37a4710c6da2505ff9438e3a754e9ca4594b291cb858c0fa22b10c9c5d7da,dense_v1_train_x2.88_family0,a2c81bbb524f8822bcc210f110b034fe637cd0f4df93124814602f85feb087be,7624b7f78b8323785c7d8458192e7fb4c2d848868706ee835dffee6731ad4e78,dense_v1_train_x2.88_family0/variant_15,16,-0.0726693868637085,-54.919604512159076,-323.41344603057905,52.80439054885451,9.618363742992106,32.48850944202723,1.1283864402770998,1.7693100886082191,1.923317790031433,-0.02099039778113365,2.5590548515319824,3.5193687351874328,230.0756325315532,-2.600633586626671,3.004911184310913,0.004651129711419344,0.22812196612358093,4.7311482408891266,-126.77175341077835,3.718605179030008,1,1,1,1,1,1,1
pi3_causal_upstream_000064,upstream,d96881d83889e4ca4eefbc487f237764eae857c41a5d178b06c205261fb82582,7513ad1ca4c3c39d3034e8a894842a3a0484dfe2f2ad5149e24db8efb4555cc4,dense_v1_train_x2.88_family0,08f19d13e233be7c74990639c56040cd23e878f9ecf4d4fcda82da9280878aef,e373898c1401a0f02ea0e6953f71d329e36721dad11f4b55091d45ac575b06ae,dense_v1_train_x2.88_family0/variant_15,17,0.48347521781921393,-60.675698623863134,-177.41412270994618,62.82463323110005,818.0132892670217,32.31575053911266,1.6988171195983888,1.753275831265161,2.334721803665161,-0.015505797229707241,2.7975358963012695,7.3048736569502974,-236.82369550698573,-13.156206218893718,3.0482254028320312,0.004313961137086153,0.2829328775405884,18.6693317188002,111.18646383810317,3.432156757371766,1,1,1,1,1,1,1
pi3_causal_upstream_000065,upstream,448bbcf5b4dd89f7386092eb4a830a8efb5323ca40a38031d93adb169d8460b1,faf7b9aa9385faf6be81a9255b078a1068f20b97fee6208c92ea114568860c60,dense_v1_train_x2.88_family0,f0af62c74391e7c37e5b8f3c32426facf40d9b7881d2d06707e1c1a463ef02cb,d497ba32caa666f990a47897c18d83b8a69b6870ee5146002fb06624e3ce2024,dense_v1_train_x2.88_family0/variant_15,18,0.44664036273956303,-63.187370917541095,-79.95946050001935,76.45469919158904,573.6528898222771,27.90796049916312,1.6700061798095704,1.6598228812489664,2.238638162612915,-0.01848805882036686,2.4720447063446045,6.000407843881296,-213.22562415102345,-10.535465195680764,3.093770980834961,0.003967223223298788,0.33566802740097046,32.13759391294617,41.85418346016588,2.9508779147504374,1,1,1,1,1,1,1
pi3_causal_upstream_000066,upstream,1accc2c2ace07cfe07d2d584bebcfb272f6aaa40ec3f468d352e7a8c7737a185,57a27fa34f08b32011783be891fc1adbc9de244bf38b5896c849caaadf1fbecd,dense_v1_train_x2.88_family0,bba86cd7a0ab00c166b2327cf0f15a508fee709ecc6eb71d399b651d487e4a8b,cb542ac92decd2e8e8f24327653c20a5d19a4bfb34f0b980a3b233db007f6a84,dense_v1_train_x2.88_family0/variant_15,19,0.17268786430358887,-64.3647316059112,-24.763175269866803,80.21446561268176,-180.56181538894657,26.577947743289606,1.3345507049560548,1.6738751004021153,1.834887981414795,-0.0077364156022667885,1.4220062494277954,4.877126458925224,61.347399917409696,-3.509884590638047,3.134340286254883,0.003685892093926668,0.374869704246521,36.01506156891114,-55.31096069122247,2.7379287243745583,1,1,1,1,1,1,1
pi3_causal_upstream_000067,upstream,9f5c0e8b3de11f17e27d03fbdc38c4c0bb29b233f30a608482dfacfcc7382e0b,e2279349205bd75a0cf9f631611d0c9a204d145816ad3c0023c3ebac61b0b94e,dense_v1_train_x2.88_family0,1f12ffe3ab0127c341c989ceab8192490c719e935e38729b7915d083265697cb,531434b4c370a5f5b788e33d52de6fb85dd6582d6c520494153162ac42686e46,dense_v1_train_x2.88_family0/variant_15,21,0.2997452783584595,-52.235036224926,415.7751981764534,54.271877182599255,-705.1918420661575,26.657370685973834,1.4906030082702637,1.7966721127689151,1.6089762449264526,0.006041509564965963,0.30652663111686707,5.137274704032669,-66.35841601331374,-5.654751179893991,3.198932647705078,0.0039253802970051765,0.3948216438293457,35.79575785504038,9.761412663647913,2.5678516035969996,1,1,1,1,1,1,1
pi3_causal_upstream_000068,upstream,7c024257a1f37e86b5746353b83e3d93e00a3b30ca0756e5e17628240e1c3173,85de169a6fe7704726b7dc42a4024cb19f884796be27123f46502f85aab5faba,dense_v1_train_x2.88_family0,cffe6aa5293e4192dc52b0e381e8170ddce5a9ff37095730773bc07986ccd931,2730ab4193fca9fa7520659ae4185ab495e1d50759365300b420714c17ea5592,dense_v1_train_x2.88_family0/variant_15,22,0.3653825616836548,-43.244724597815846,422.34529374287206,40.9777199254915,-566.2900005385167,24.431906024957414,1.5715096664428712,1.8008642352939703,1.6922539472579956,0.0022993343882262707,0.3562639057636261,5.387797931939097,-132.58457224353936,-8.461618273084378,3.2316460609436035,0.004023200832307339,0.40066447854042053,35.812829912870825,3.5859487788864826,2.3317433125588742,1,1,1,1,1,1,1
pi3_causal_upstream_000069,upstream,5a47439f2aa07267eb26e67b9aedcacfb3e633132ab37001dde739e161bdea10,ac8d64fbfdb44a960605f055a670145cfe0e8bd7630478b49049d83e3fedcb24,dense_v1_train_x2.88_family0,e5605b0906d2e599d6f4c6259151dc0347fc4e99be603a1e57cc68ccc4a8d772,21b36837646a30a91ff0f8b7747551944576a76ccbb2c9840fc7e6fecac659a6,dense_v1_train_x2.88_family0/variant_15,24,0.4335941696166993,-23.032596579482334,518.7774561434804,16.210438004386226,-591.331987545398,17.262499151125127,1.659419689178467,1.7600554665191899,1.741609811782837,-0.0022764361929148436,0.2381984442472458,4.68404896392001,-204.5594937924896,-11.970551119550265,3.2994725704193115,0.0040745725855231285,0.4104442596435547,39.00564623662289,-36.99326077127286,1.624445269566174,1,1,1,1,1,1,1
pi3_causal_upstream_000070,upstream,7d652653e704de5f4951efbf929cfeba9386a4b2cb7700f9577df4be61253ade,258ea87bbe0cb82cd4b4fa0afcef4ea4820bd5e77ac95bf2d16cd2da3081b098,dense_v1_train_x2.88_family0,1af49cee9ca84ca9141bfa6c4e680cbefda2c5c3e89c1dc78f7af92ccd07d8b4,dfaa1a6b77e2c989f12c1fee52ed79fdd77a2bbc5728320b2e2e0a9135241659,dense_v1_train_x2.88_family0/variant_15,25,0.4186336135864258,-15.926740974567869,389.42684186815876,8.625665756569743,-385.774821681223,14.117605992951212,1.6339690399169924,1.750013719253228,1.838680624961853,-0.007487279828637838,0.30313387513160706,4.1553462183841265,-183.76548829838435,-13.404228316903453,3.3357903957366943,0.003947087563574314,0.41723570227622986,39.65633786828249,-17.273951392123276,1.2598948715916893,1,1,1,1,1,1,1
pi3_causal_upstream_000071,upstream,12a994479320df787a2220f4abb82c07cdda4764b39b2260eda3039c0ba8fc07,dd1de4d3c5a876ebf2f13b2a56397671b4d2df380f196e1c980354f0352cf546,dense_v1_train_x2.88_family0,abc0151ec9b7b9c31ffcf6883c7d48cc6076714740d72f16287a7cb6ae9c6a30,1e0a4530768fa0343bdf315b7d2e7364f279c45536ea2741e862aee21f37def6,dense_v1_train_x2.88_family0/variant_15,27,0.4645071268081665,-7.666736225403927,328.3965608037236,5.293381238834249,-149.1142720727522,7.856139189571096,1.6904946327209474,1.7319536860943852,1.9902883768081665,-0.0141000896692276,0.20489470660686493,2.6478933730412817,-230.0689116254099,-18.044280617284826,3.4140748977661133,0.003460843348875642,0.43015703558921814,40.11100648585732,-1.2706430364642152,0.43785437813536704,1,1,1,1,1,1,1
pi3_causal_upstream_000072,upstream,cbba6229fff8c938212868ad7d9e6c7ec1a59afb63078aabb09bf40b14a5a3c9,9bde6f2d2be94b357ec2d3bc45aefcc98ecf1f07a1a31c763f8f506bdc6ee34a,dense_v1_train_x2.88_family0,c2436da034faa8995f8e44ed244eba1c0e7115f231370d9ce03ca3845d2db028,b60f1070f90d95990152f2caa2f541bf48828eb5565e15e92c8d86899dd06a13,dense_v1_train_x2.88_family0/variant_15,28,0.4203694343566895,-5.390426274109083,193.50222348856101,6.808654010446524,-0.7922683797450109,4.9446855346810334,1.6300784301757814,1.7246910669613735,2.053436517715454,-0.022778645157814026,0.26222169399261475,1.5825798035711072,-180.6055149392563,-18.33288684556913,3.455012321472168,0.0030545962508767843,0.4359935522079468,40.50217824981312,-0.3172205587601317,-0.0007598644358279152,1,1,1,1,1,1,1
pi3_causal_upstream_000073,upstream,07dedae8aabe0b76a919c10ac91841acd679133c73dddcaec6d5e5def2d2c0af,5f17d0e1feb967fe686a8215b932792e67efb750278d60b1d4473dd44b5a54ff,dense_v1_train_x2.88_family0,de0c4d078a3c900e5bcb9019c53e868ac8367d695a736784d2b16f0db44f7c09,31cc105ed3b4de6bf9e87e7cc36dc67f514d109746e89915ca0321b44b0e8d49,dense_v1_train_x2.88_family0/variant_15,29,0.40041861057281497,-4.441064130423161,162.39628525351566,9.619373757215621,12.64345964903263,2.5822127179079946,1.6060327529907228,1.7208917565724609,2.0669896602630615,-0.027757961302995682,0.1883298009634018,0.794643951554853,-160.9336958654058,-18.445711325373985,3.496636152267456,0.0025073138531297445,0.44164368510246277,40.40290486532157,9.55938164441446,-0.42168894301977555,1,1,1,1,1,1,1
pi3_causal_upstream_000074,upstream,78e1940bb0c589615888d7a585a79f252a8ab0efea3644a9f9eb61f744845b2f,d847a2f50c8ca67266d635f658d7bdf23e352d3c490431ace0ad58815c37842d,dense_v1_train_x2.88_family0,30a58ea471b8afa8342ba1203a9f7bda3c19e17facb640ccc7c9a3d033fbfdc9,d49d9b116183f14cf367ed3dad7a58bb5d4e8d97647435cf7e7650f14c76a7cd,dense_v1_train_x2.88_family0/variant_15,30,0.36801850318908697,-4.784737905117046,88.42263861755542,13.519805362943822,97.72231000274296,0.8203465769380247,1.575364627838135,1.7175046312077569,2.105738639831543,-0.035373322665691376,0.189737468957901,-0.07404561388464544,-135.8410561756397,-18.905091065928826,3.5387306213378906,0.001825499814003706,0.44671350717544556,39.62667094162254,27.69356206532864,-0.816454918869397,1,1,1,1,1,1,1
pi3_causal_upstream_000075,upstream,47b7e47d84a2392d35a464789f09df7ebe0817b695e21dcc6c8c420b9fa8abbb,1a7819bf441274618ac5994013ef7e0da75f7c15356a168758aef63896260eac,dense_v1_train_x2.88_family0,7f4ed978d64a4171911429de497fb0a91b43c49bf8a43d73a5ff9d457b0c808b,8e2e69aa14087829e347a341ffa7e2e5e7ab562cbeb809b8bfeab24fc735e9c6,dense_v1_train_x2.88_family0/variant_15,31,0.32842420578002934,-6.630056516481738,1.7142923177519869,19.052515576521674,178.87893873972547,-0.3997015156894395,1.5305163383483888,1.710185662779771,2.1337552070617676,-0.04353130981326103,0.19454962015151978,-0.5936581113469702,-99.21060822288874,-18.282922304243193,3.5815229415893555,0.0009740955429151654,0.4521978199481964,39.43796647523343,21.003238094044825,-1.1998740366197256,1,1,1,1,1,1,1
pi3_causal_upstream_000076,upstream,560a32e715f3601da4212059906e5a92afe846b73f3f4eca16ae68ef9480e777,e7422a4f162ed1fbd7c94cf41514e76bca0c89bcae8a459994d7afe0e2fc9ca8,dense_v1_train_x2.88_family0,2d69d7a805c61ecdd3735f11cc25f70625be4af5afef146dffc8371ed9c5a3a3,d5e6ca8ea8865945e1bd482acef334897b822aff5a865d5a6c97efd5ecf1bdfa,dense_v1_train_x2.88_family0/variant_15,33,0.2778962302207947,-15.049319505862398,-121.71033734898877,34.96817115406661,349.40201529415407,-1.0573001774864572,1.496409549713135,1.6850731145186353,2.2018604278564453,-0.06103002279996872,0.2091076672077179,-1.1903786020413392,-71.29558410391161,-17.422139176355874,3.6687517166137695,-0.0012752319453284144,0.46476346254348755,37.432909802862824,35.33868842597229,-1.8635732411115176,1,1,1,1,1,1,1
pi3_causal_upstream_000077,upstream,ec5f19b32fffd8b0f65d96e34fd717cbc5a95132548e9147286acd9daf8af8cc,d291e6c6b434f28115f7a3871cf402cebb37866008c82a7ee6fc918993f08dc4,dense_v1_train_x2.88_family0,f1efcf6feca226e48f981ab65ab10baf9d0cdcf81329c0354950db3c63a7ca74,d75e99c6cd9634f4b1d239f3578af7455ee5b034d7e409d69492d0cfdc93cf8d,dense_v1_train_x2.88_family0/variant_15,34,0.18349740743637086,-23.706758448677395,-317.4709902073712,47.053251739393296,520.3478532374498,0.44333311533690667,1.3929754066467286,1.6691216392054788,2.224844217300415,-0.07516442239284515,0.3932156562805176,-0.7322492129914345,13.324637830052586,-14.167399503814828,3.7131760120391846,-0.0027792267501354218,0.4750857949256897,36.15124188058286,42.71966746574946,-2.080594586280005,1,1,1,1,1,1,1
pi3_causal_upstream_000078,upstream,4e2246e9517e760f92b604e1341fda30fec8926a6be2fb154c203200233d66b0,e3056cb0f9090c354257e06b530f7a2157b6f2af13676baadc28b7f9abb9e6b1,dense_v1_train_x2.88_family0,31d45fb310af2088ef9a107edb0bbb679436b532ab9b4c38dc0f9b7a9a539c5a,047918032d5b76282d46c7bd9e2c22654fe927b8d3d1025d84fef41ee61d649b,dense_v1_train_x2.88_family0/variant_15,35,0.08278804302215577,-36.11711142530031,-525.7872519679079,62.15875808891551,696.1076904700406,3.581633274091041,1.2873548316955568,1.6564239998026902,2.2366268634796143,-0.09262926131486893,0.7138245701789856,-0.17645224093623332,99.79246520809296,-10.816711041360733,3.7578117847442627,-0.004607826471328735,0.49099186062812805,34.170353832590344,53.434687235652454,-2.1856877728846995,1,1,1,1,1,1,1
pi3_causal_upstream_000079,upstream,ae19fad3c9f6cc051c79e9a199c35ab0b9731ca61690abf38ec58d585d54cf99,b78bd48894fd6c42bd084b064404ee05397da8ca73e4c6537b352715220bd5cf,dense_v1_train_x2.88_family0,15016c9e62e9bee755ced372f7c24736681c46427cd10d4f0bfaf81f1511da62,a589be2263f66e40e40e61d1f2ca117d5dd999a226df3cdf47d1cc0f43fd5411,dense_v1_train_x2.88_family0/variant_15,36,0.21424767732620242,-46.37021916201368,-386.339596363313,78.42656797478256,772.6612156687305,4.335680997092826,1.4716428947448732,1.6371048301705646,2.302072286605835,-0.10495613515377045,0.7527901530265808,-0.28876020102531996,-51.05406578157953,-12.34639081636668,3.803487777709961,-0.006676134653389454,0.5082842707633972,27.711342755285475,126.66991529025346,-2.357625221807756,1,1,1,1,1,1,1
pi3_causal_upstream_000080,upstream,14bf4fa10cc19dab1072ea0ab775bdfd78a1da0faa79a11152e16c9522643a97,1856cc8ed30ef5766e666f4296a71410d6ee5496956f475bee5576bb0d932e78,dense_v1_train_x2.88_family0,4d6ee9302540bb15d0eaaeb5114abb74904395258cbfeaf72bfe7eef9a0c5d5e,73cd76a9d34f3afdc62c8aa4a40ee71fa131528cabaaff9e1390f4d5f7c72181,dense_v1_train_x2.88_family0/variant_15,37,0.3333980178833008,-53.90895849614522,-276.2508258871009,95.71293665081691,829.593137344348,2.3517021210323503,1.6147167968750002,1.604410401611565,2.3383402824401855,-0.1173902302980423,0.8069140911102295,-1.1805504934342197,-168.17257623459545,-12.344941962488992,3.8500256538391113,-0.008979015052318573,0.5263628363609314,19.470857832995783,127.02609599509128,-2.6171520163839097,1,1,1,1,1,1,1
pi3_causal_upstream_000081,upstream,30fb641ee256d67610c131daef7d8a3144b51464d06b47f34fd83d892872b501,899f9482b4f5866e26a9d2dcecbb909033a6cef7c71b10c5793bcba559487b4b,dense_v1_train_x2.88_family0,bf296fc4a8e40d5720b6fac59815a2bba784b79dd2f4f976f2110198c1bf3291,c9d60c6dd30bef8eec13d3a68fa7628c65d994e9a26d4fa0a43be96b91e90666,dense_v1_train_x2.88_family0/variant_15,38,0.3206101083755494,-59.25646044641535,-196.98887113531245,110.44619427547885,635.1075442002235,-0.4862751987851957,1.6047062873840334,1.5694394793617128,2.2727103233337402,-0.10880245268344879,0.391530841588974,-1.7727459304426023,-159.9677022110909,-10.399611879315565,3.8958206176757812,-0.011245274916291237,0.539172351360321,13.506638465771331,126.22058446551499,-2.8857001207033157,1,1,1,1,1,1,1
pi3_causal_downstream_000082,downstream,da10e40373cadd3e80792888ed6057ca4b7363c9b4fb8533789d8054cba27629,b155967b26a60d47cc190bc1404935ee2e86a833e4d0f24879bc7f157d6185e7,dense_v1_train_x2.88_family0,f7c158bfa9007d6e08ac048b4f8603f33ba7955434b5a71e2ece5cf20b01a8bd,9d9b2a7ef558484769ab39de8f3e699385aa7701b13758088b38f00bf2750f0d,dense_v1_train_x2.88_family0/variant_15,39,0.30029689311981206,-63.19519831432993,-136.95128976484693,121.33404856723443,455.46542744339746,-3.0595147346945635,1.584117832183838,1.5387631957835313,2.222419023513794,-0.09761618822813034,-0.10058310627937317,-2.015635141291072,-143.1075988109679,-8.88883636038492,3.9404025077819824,-0.013294884003698826,0.5425775647163391,3.2922295136781896,45.29508249985656,-3.1035737000653163,1,1,1,1,1,1,1
pi3_causal_downstream_000083,downstream,04fed1aa9f8c777c713e49b8cdc71c010cd3d4d9a1b660e1589e436c9a65e56f,c6aa92d598c03cacdfaa5b1d389e4dc76288da579d38ff39e6a49a00981576fb,dense_v1_train_x2.88_family0,4c3418181b28821e38d828371d2c74aad6fbcd541054e675fb98ae2fbf57bfc1,154701403622a2d43839a2f8add615fca92ce189b6abee5d9114fe46f1417e37,dense_v1_train_x2.88_family0/variant_15,40,0.18338041543960573,-65.78052053782814,-83.42137603178615,126.3002791127507,80.49355397235766,-4.5208364955098315,1.465058364868164,1.5184293955010748,2.143548011779785,-0.06835159659385681,-1.0681830644607544,-1.0833926533163751,-45.673686715739535,-6.420032468372077,3.9836416244506836,-0.014901193790137768,0.5304298400878906,-17.898560238889896,-145.61295317966358,-3.2288000043297087,1,1,1,1,1,1,1
pi3_causal_downstream_000084,downstream,45c883249be63a0da4be3a8ed80ecb4cff5b3c1daae3a9de44bfe6cbc354d800,dfc83ab737b31735e9de9c813330f69655104a5ebb54706df9764dc267ede2cd,dense_v1_train_x2.88_family0,b176792b550c62d62935f583210a8a4034dfa1b6f02df2c0cf950d9ab3c8a8ad,fb4be508571000a4e328ea78412774f14c86e7653650f1df624805f14a9e9676,dense_v1_train_x2.88_family0/variant_15,41,0.23596230983734134,-67.86908310299131,-56.914781315895254,128.62541211000644,127.93132828654974,-5.419484603388775,1.5126965713500977,1.5074787168020667,2.158930540084839,-0.07309594005346298,-1.168810486793518,-1.2990629199921093,-84.65301623349036,-7.666678168795982,4.026303768157959,-0.01631227135658264,0.5089755058288574,-26.35681549758169,110.66182334757615,-3.3658794245075057,1,1,1,1,1,1,1
pi3_causal_downstream_000085,downstream,3757b987faf4bad5da243ae300e9f6613b52fbae1574e23e6dbc5a6eaad20d91,cb0920337ef9923ff0c5beb486b9cad22c3eb86d2338c882301ac2c036a12856,dense_v1_train_x2.88_family0,ddb204fa0380dda58e7695efd404a5e19f9eb671c18c0a339626d8241c858d2e,3f0425dea15419b9da48cd655db4efa5f3998adebdb95c8386a93e4bda9c95bb,dense_v1_train_x2.88_family0/variant_15,43,0.10487816810607911,-69.66368115646631,-6.513900611909208,124.66673008971543,-295.2302277036522,-5.62642053606404,1.351523723602295,1.5220664416271226,2.142634153366089,-0.04263852536678314,-2.438323497772217,0.64800331189097,47.23590124308319,-5.3530749577460455,4.111607551574707,-0.018536372110247612,0.4356362223625183,-30.68664658227661,27.16308347060855,-3.605347580008961,1,1,1,1,1,1,1
pi3_causal_downstream_000086,downstream,137d48f3acb56b3ae2ee499ebe21d911c07e0a261c05748ed7042dfa5c85627c,9d9f15f2dcc3f09582dd367a17ea2215f6192f4a425fb784b1210f54e649a1f6,dense_v1_train_x2.88_family0,918570ec88362468ae07a9f79c0d8767ddd7504fcf0623b16d3f9ad6f1a205d5,c5985563f30236937f2c423d0212ddf410f8757a8574a59e9a67e336b585a4d1,dense_v1_train_x2.88_family0/variant_15,44,0.2532942318916321,-70.25688308588192,7.748321127492436,122.71595976086809,53.89852538218802,-5.822222871457931,1.5258944702148438,1.5396228674280794,2.1567130088806152,-0.06734786182641983,-1.934542179107666,-0.18693724832286404,-95.45614885878112,-7.548480037661618,4.154242038726807,-0.019653473049402237,0.39328205585479736,-28.59678969626571,-24.33753837135912,-3.7442477359740565,1,1,1,1,1,1,1
pi3_causal_downstream_000087,downstream,16f1fbebbf665f1824c772410baf117bf870ce00400da24c4293c196afe159d2,517a618d6004849a44df97affa7a625216168106bbbd5bab4a7fda2e2dad76e4,dense_v1_train_x2.88_family0,e12612c1bd76ddc8171e40115d1ae2f93b2a3e274b37e3b65a346f937688659d,2d78636831690ba60966ff841b6d69326352403563db7b3ba3c896be1bfa6509,dense_v1_train_x2.88_family0/variant_15,45,0.12468248486518861,-70.22270481927518,24.09122125932095,119.94432363719028,-267.6435854195909,-6.095791214220054,1.3820220184326173,1.564329145912153,2.1722347736358643,-0.04673070088028908,-2.7602901458740234,0.975764026479195,22.31197747110014,-5.679502504785648,4.197282314300537,-0.020737584680318832,0.3452039361000061,-28.014816597845606,-10.133777501724083,-3.881090017684519,1,1,1,1,1,1,1
pi3_causal_downstream_000088,downstream,cd007ce5290be54da09b7775a7df7e27df0183a3b26b697de94b2032f92c3191,95e9de3f281e1ca3a788a81eb0168e284efd326548677e3dbf596aa4b19880ce,dense_v1_train_x2.88_family0,c118fa24a212e674e2cf18418ef7ef2375d590227fb994a1963b7ae6c9658057,7ed61991cafb8f4256820aab1489455898613cddb676d2b8b31413f5fb3c3025,dense_v1_train_x2.88_family0/variant_15,46,0.22386874198913576,-70.29422373007438,26.751716544824315,117.54618957808545,-24.256469148552945,-6.366574414743842,1.4989383125305178,1.5958559193243966,2.1586358547210693,-0.06215784698724747,-2.4794344902038574,0.6286898847957012,-73.36044591265484,-7.236271236926689,4.240175724029541,-0.02184351719915867,0.2942410409450531,-24.84300310579133,-49.427118136377075,-4.0287489299195185,1,1,1,1,1,1,1
pi3_causal_upstream_000089,upstream,654476c2ac06e3003ef5646f503e24158dc2ae611fb3c17cbfe532f460d5e991,75936d526e0a3efc662d65686485c7ee541ca6629d0f3db0e8d49daa83e5aaac,dense_v1_train_x2.88_family1,381f0e731ddd3f65b2921c0789f74e296bc8f32420ac7f1ef8427e0cf6ae03b6,7ed72b11078348cb49ae66b7fd8001b6b4954349f084ccc7a46e54b5f05164bb,dense_v1_train_x2.88_family1/variant_1,7,1.8681929588317874,-71.78649712031711,39.97778364609622,140.5799643651996,-224.5739424758646,0.09924056685661294,-0.4632511234283448,0.10904415105616465,1.8470112085342407,0.1330856829881668,0.017731232568621635,23.87090155481114,6.950381716384758,74.2298060505924,2.777264356613159,0.0011473980266600847,0.11906066536903381,11.443266492040806,-20.252398813679907,1.3867459610675055,1,1,1,1,1,1,1
pi3_causal_upstream_000090,upstream,0c3cd0283644c4f6e2a6bac4b05ad57010f1cc776291c686d2e08aa5f57ae5f5,1f8a6b54dd13f3d2906a6f25d4f7dcfcec6ad93cca1a05cdab170177b9b807a9,dense_v1_train_x2.88_family1,5837e2bd026defaf418d894aebecd604c423fceb7a02b99675393828d4431c88,4e0b2ce9507ec23358437d7f16ed41aab4667720098d09ab3081ac83cc787f77,dense_v1_train_x2.88_family1/variant_1,9,1.1397813606262208,-65.1663021163364,418.4346825939596,124.67728956217228,-588.7743275880383,-0.11475761107313615,0.4575249242782593,1.1704216620498837,1.0680493116378784,0.08784718066453934,0.040817078202962875,16.41341415104608,22.531004562309523,39.5263252174313,2.8476147651672363,0.00790550746023655,0.11784488707780838,5.6123668678863,97.92482511163384,4.4778661561614586,1,1,1,1,1,1,1
pi3_causal_upstream_000091,upstream,5a409348eb7913d39897c8b30f612309e0ebde4ae37ff2d747a243a8955c2fb5,d9993bb7976201c52781656ce312f1b2e65c6165e1103167d8b62b37fb9b61fe,dense_v1_train_x2.88_family1,16b09fbbfd59623074e893c3fbc417aafb3e34f11ff18f085b64bcd209ef33c3,10a9608c31446f21c224d608d19c03a6323f894964bdf2977083ed6080d1c3c8,dense_v1_train_x2.88_family1/variant_1,12,-1.1562674522399903,-45.07002435161005,-228.3050425930108,68.2277773174437,-1288.4406558986823,13.321325318617324,-0.7763104915618897,1.7648900856693215,0.6634929180145264,-0.07763407379388809,1.8790309429168701,0.5667492470903828,704.3906335557583,15.252802794068124,2.8804218769073486,0.00737385731190443,0.15521816909313202,1.8187799113446073,13.009796845166264,5.658572977171148,1,1,1,1,1,1,1
pi3_causal_upstream_000092,upstream,737342062537ce4aec32f92ba1906b3c21ecb6ac5ce11cb9975adaafd6334a81,693036ff7ec18bc1f04fe339dd604db922a045795e3fd78627ed7b4baded25ef,dense_v1_train_x2.88_family1,7562867c3bbb2ddf539b9d3fd1ccf799c5f729f8c86ba4b6fdf5311ea88b6102,30bc7d6fe5a04513c3ce3446b0eb274c7dfe8c9009f13c8093478d83080021be,dense_v1_train_x2.88_family1/variant_1,14,-0.4684042119979859,-59.39076245606531,-289.4719684219812,47.58898445713242,361.230127087432,33.46956381518311,-0.01822361469268799,2.393802105836221,1.5686851739883423,-0.030021145939826965,3.1747043132781982,-2.235377908259426,83.83717745788903,12.003782551183317,2.9258387088775635,0.005276521667838097,0.2692124545574188,-0.013850663141433826,-115.54383766062617,7.465702336367908,1,1,1,1,1,1,1
pi3_causal_upstream_000093,upstream,df6578b0aa07d1e4ff8a1be83ef654d31dfcaef686d44dc8f8f6c645c7d2c9d7,f7b1d7bbaa57f1b431b422e89f41530108eed6e47e7b04c75afeda96d7dce2a2,dense_v1_train_x2.88_family1,4130599867717e18edafa71b5466c3ea55df6a27c3425af852463eae7f23a70c,ce2e79a54e05ab84db06eee573e295790f9ec29e185d435683235e1f018e4470,dense_v1_train_x2.88_family1/variant_1,16,-0.26949542045593267,-64.83902677206606,-42.64682349825127,74.18772525511596,238.77125564692315,26.539255634764185,0.5795171356201172,2.390903152260251,1.5342743396759033,-0.021617311984300613,2.550122022628784,0.9084203889752792,-66.40707428096091,9.573414268064251,2.9940378665924072,0.004566757939755917,0.39317360520362854,30.02314834592323,-90.68935300684005,7.279997305557329,1,1,1,1,1,1,1
pi3_causal_upstream_000094,upstream,d2dfab4c267687c91436a615a2290a690b58a0d10ec7fe1361474a7ec7505317,3a413144f48b8544f830a6ac7a2d19e55cb092ec94f23665e53c7f9661754a90,dense_v1_train_x2.88_family1,45ce28b9af1ccb79abfbd4f8ad4cb3522c5f18650f3f3fc22372c28bcffb0f7b,e471ef68d82a1c9795968095ff01cc74c90979c9d8c5e2b789bcc71da6545b74,dense_v1_train_x2.88_family1/variant_1,18,-0.39067389488220217,-56.021761402672766,288.2644456182363,59.6019314146346,-677.8762216883624,25.776886366426655,0.4292562532424927,2.6242479610444547,1.1417765617370605,-0.021917447447776794,1.0461828708648682,-1.0297932774132288,56.59234857574646,15.569626241361044,3.0450334548950195,0.003942966461181641,0.45304492115974426,34.18652430545035,-47.50492873411166,7.764959193621098,1,1,1,1,1,1,1
pi3_causal_upstream_000095,upstream,c45f521a557e5c8c1e3b56e9adf2881d19d3bb3288f15ca0f800f17b0e193eaf,fbcf510bb8ddfbd76cee39ebca5b352fb820350e6c0d985aaa30de2a6cc540f7,dense_v1_train_x2.88_family1,3080e9f4ec0ec0c91ea4ed6711906a59bd9104da82378eba1484e180ee5d875a,6fb8635c395e0106bc2f47f76d854f3ded064c29f191c05b4d9fd27c3fe8a9fd,dense_v1_train_x2.88_family1/variant_1,20,-0.1620275902748108,-37.438493482509315,464.6990782200677,35.54568755405328,-501.39484327185147,20.867676093631346,0.704549903869629,2.743523231563557,1.2650197744369507,-0.02008284255862236,0.87164705991745,0.010370436632894362,-168.6876681206628,13.073853774297229,3.0930733680725098,0.0032349706161767244,0.48785194754600525,34.723001513809,-10.989159657525216,8.084051804940435,1,1,1,1,1,1,1
pi3_causal_upstream_000096,upstream,5aba7155c53b59689668d0816f98a19ef12e359c6d9100504947fa5c4345d081,1b64ded79714dbcdab4f2b3c70eb10749cbe970993d0240f8eb8fba2b4630832,dense_v1_train_x2.88_family1,6c106dc8029bb83f1ee4c52e3647382fb1045c44bad1b4b6f61bc32c3fbb4830,d631ec5abc7808d0eed7a03c42c2b082fd0b728bd5979954c448a75b73d7fd3f,dense_v1_train_x2.88_family1/variant_1,22,-0.141052360534668,-18.76213691414775,453.69963229765244,16.317839313990092,-446.5082900450861,13.624392551500781,0.7258929157257081,2.8249031570779986,1.331392526626587,-0.02753203548491001,0.7883955836296082,1.237475744576339,-186.19918032230828,14.339247917105995,3.144688129425049,0.0022771949879825115,0.5204789042472839,38.61518481234077,-25.111405634510735,8.262658876289185,1,1,1,1,1,1,1
pi3_causal_upstream_000097,upstream,1aa56cc347c7e4e6056b84829c9dcf710312926854a0ca8ae48f5afe437e3742,d9dd21e1acb9b617cfad24a082bad7f376a51cb26cb7de69d18810cdaece2691,dense_v1_train_x2.88_family1,cee3d89a938486aece6e1c33589dae12b9c27be04a7f92aa8790ca19c4ed064b,6ae23af4b53318ac0ee590e35fedf6a4186baf6b420bf20a1f46fb1059f436aa,dense_v1_train_x2.88_family1/variant_1,24,-0.15509233474731446,-8.701952993183262,289.3648437350388,9.739993190410754,-171.27980687295266,8.14401979232521,0.7005954742431642,2.952345340626852,1.4716403484344482,-0.025660213083028793,0.7596407532691956,2.1982005482768123,-165.4225644898299,13.407558034123834,3.2021608352661133,0.0012463785242289305,0.5545110106468201,39.536833463469364,10.987863629130205,8.557189156731628,1,1,1,1,1,1,1
pi3_causal_upstream_000098,upstream,ed59382ce3ad0818b4e914dca25ea4beb73a2d059624afe07b6c09aee765e2b3,1d1b7a6a3c1fe54ec55fc4eaeba1e750274892615e4168d72f7523e7273a8654,dense_v1_train_x2.88_family1,e7189f7a0c5986047c5d052f6f0c35857fe751811b864041272806baa6575ee4,5981b73a0d9434d56bab8d50ebc78326d8395c01f5ff4963543cd6c1c3776b1f,dense_v1_train_x2.88_family1/variant_1,25,-0.18184094429016115,-5.620500769414139,206.869668675463,9.115370683265795,-81.50844495094069,5.89666614911145,0.6633539009094239,3.0216221107630057,1.513791561126709,-0.027270913124084473,0.7195107936859131,2.4749794502395925,-135.0103549084044,13.788496467155662,3.2322871685028076,0.0007186250295490026,0.5699672698974609,40.07293842651825,15.429269269011867,8.72637038738943,1,1,1,1,1,1,1
pi3_causal_upstream_000099,upstream,33419265089a84c2dacc348c486432c13b875817b6ab2c2bbbeaab87bfcd6076,c6ece836541f458d12abb54900daef1145faa87b3ae9da89ed6c063b9d29923c,dense_v1_train_x2.88_family1,8d1bc54d4b94e5d13d4bb1c18e9ef2dab3c6ade895bee0326b2e233d9d9a4002,5586b035283d0c46ff859bd4e3a621a26c521e5112beca73f34411d38771903e,dense_v1_train_x2.88_family1/variant_1,27,-0.22704321384429935,-3.0913547174051725,98.09419331248264,11.89643161422458,36.64942904845442,2.701264192678416,0.6145193386077882,3.1588717106131403,1.578551173210144,-0.03078005462884903,0.5972924828529358,2.512543996570782,-95.08095290729398,13.713292669299237,3.2946596145629883,-0.00044039692147634923,0.5975505709648132,39.77102015954159,35.33655399185666,9.14668532835746,1,1,1,1,1,1,1
pi3_causal_upstream_000100,upstream,96e5717b169a7bc5a8bc882f0a9dfd0919b7b83dcad3d44632ccdefedc90faf4,19da036d97b2e2a83d14884a3a663a99fa091fe90b58c157527c1e3c98c7e233,dense_v1_train_x2.88_family1,da203f2ebc10b9eb5d718486ff37081470a356af09db61bcd8fbd0d94811510d,dc6766472d42d78cde901b893872efaaf6ac353efc5eb7eecd75a17f07c237f7,dense_v1_train_x2.88_family1/variant_1,28,-0.21056162834167483,-3.3321991403708693,156.00244954881836,14.630091032343477,-21.294590058375473,1.7691080876404048,0.6437228107452393,3.220640564830273,1.5832468271255493,-0.03247646614909172,0.45951536297798157,2.2747947165161584,-118.94536748994089,12.775836399110293,3.3266124725341797,-0.001104975352063775,0.6095011234283447,39.5065996311083,35.09439304992845,9.395257812089898,1,1,1,1,1,1,1
pi3_causal_upstream_000101,upstream,a71f669ee4ac392962fdf80c2c34b5169f97e33ae3fa5c61922cf52d37a63f0d,f7af177498a29c141df97440176d6e0c188c36b7bec998a9a25c6cd25c91810d,dense_v1_train_x2.88_family1,67b66fe737d25d4b3c1d3f54a847c14b75fe1716e4df6cebbfc06085033433ef,cb165ccc2809bea06e6f596c5388733e055737c0306b1c0a4b1ade4290a11006,dense_v1_train_x2.88_family1/variant_1,30,-0.2478292036056519,-5.262111352153462,113.15677533816591,22.04111948937411,-9.23002650754186,0.24799783069161,0.6091992568969727,3.3048254095443457,1.6209628582000732,-0.04215492680668831,0.36309871077537537,1.3926011867366703,-90.65905428768187,11.978926639019994,3.3926103115081787,-0.002646723994985223,0.6321568489074707,39.443642362433714,35.484331964739056,9.855881527884675,1,1,1,1,1,1,1
pi3_causal_upstream_000102,upstream,152033e7a267e0b6af9270d6311462bfb2533b6b89e2926dd7ab74a744125ffd,3fdce9b447baa854b340d408bc5ceb5b9f836023f41396d421c97eb36a5e991f,dense_v1_train_x2.88_family1,7d836d94381d9c4c42f9a289c18647bac1f838e341548a71e85823872ad2ae9d,a1cdb700f9d0a720c69f10b61c914bfc76313bff2e871880cb346ac42c85ee3f,dense_v1_train_x2.88_family1/variant_1,31,-0.2792220115661621,-7.982440375446609,7.864909041529969,27.380136637147803,162.29973369940836,0.22078992949018772,0.5907880210876465,3.3279556300268096,1.7016853094100952,-0.04167776182293892,0.40723568201065063,0.2781556920086405,-75.6047163003268,9.90580371647563,3.4265294075012207,-0.0035507751163095236,0.6428636908531189,38.4288162706478,58.11324387370613,10.121238889211075,1,1,1,1,1,1,1
pi3_causal_upstream_000103,upstream,fbb314eba14332dec1a606246028583b26dfce915dfd946c4ee491ac1dc51003,759ec1aec5d5ed94ae990cd64c35db87fcac31a0e5f6b95c94521f69788ce03d,dense_v1_train_x2.88_family1,db615a4adf730b39703b9b7cbd48e7a46b136a8aadf9fc3015595ac3756a5093,84246cdead98b32a9643abf2eb788bb88a2ccb54328e42ea1ae245393ee9a9a9,dense_v1_train_x2.88_family1/variant_1,33,-0.3110165309906006,-15.476807385635155,-56.17244220595242,40.95251652745415,238.85592267187462,0.5970974218053956,0.5671207904815674,3.326434036198671,1.7482928037643433,-0.04686420038342476,0.25673502683639526,-0.9340541956520428,-56.27807108146667,8.222045972851596,3.496366024017334,-0.005543662700802088,0.6622327566146851,38.003049598545886,41.097190179358776,10.585533210277289,1,1,1,1,1,1,1
pi3_causal_upstream_000104,upstream,873fb3dfeababd0352d0b43055632e6d5277aede320ce468d22fdd468d4774a0,226ae66504572ea33f49dc00c3eab60708c8341f7f6bf2d8bdb49c049af69dfa,dense_v1_train_x2.88_family1,9ae50910977794e379c2e3ef22a9717de150c207f1f706def00c11f1694c0919,9ad4780c82904d2f6c0e4b08188858234246d180d5ac70da3d9fabd2f318f2d2,dense_v1_train_x2.88_family1/variant_1,34,-0.33869533538818364,-21.773003828599848,-196.52048408278966,51.186909545841694,472.2687309903827,1.409930125120981,0.5454016685485841,3.3063127557301883,1.8499066829681396,-0.049246255308389664,0.4176413118839264,-1.8678170410473023,-38.48548293509681,6.5133144963010565,3.5328352451324463,-0.006658518686890602,0.6729950904846191,37.146526801153364,46.0880981983463,10.824675337426452,1,1,1,1,1,1,1
pi3_causal_upstream_000105,upstream,18d159049d1971bab4082cc413cff6158efd5be428343ac048884723c105cd97,27fd180687c53b4d92fa85acf284b1116ca16afbabad571d92179022b88fe187,dense_v1_train_x2.88_family1,0f13009ee7ebf24bf02158152e1a79636962c1a5ccf81cf54318ccc6d2d69371,58480dea4eb4ea5f0b218db1dac81503387efefcf366aa63d4eacf4359382789,dense_v1_train_x2.88_family1/variant_1,36,-0.48488109111785893,-41.53231762571819,-436.7154653414453,76.85589767324642,621.5448102445725,6.399141300813358,0.39816164970397955,3.2426228459998145,1.8832299709320068,-0.07979361712932587,0.6498095393180847,-3.905628099026113,82.06761887791129,6.548437890334201,3.607389211654663,-0.009704755619168282,0.701863169670105,33.88715369903411,64.97181930990945,11.482478947616826,1,1,1,1,1,1,1
pi3_causal_upstream_000106,upstream,6321b0e9a25c49bed3e59fd4f4239b9387f21136d2f797dafc1613eae11174c2,6300befcfa7c7579120bc30efe47c40b8c3abf657fdec7a962b2928c439aa174,dense_v1_train_x2.88_family1,dabf4ec4c6b68ac6c94821493736ba4606e98f0744d6c942741014e4940ba61f,d74f84d85071636f47c2b941ec122319beff43972b36b4f4f63f4dd056a91712,dense_v1_train_x2.88_family1/variant_1,37,-0.33822913646698,-50.099502448840646,-312.4242453919188,92.24827538300376,766.7753411326071,6.684333504237302,0.5913621330261231,3.165734456000847,2.002833127975464,-0.07579225301742554,0.7633492946624756,-5.268432265343486,-76.07298040944454,2.6040619147031943,3.6467385292053223,-0.011325513012707233,0.7187443971633911,29.06850988110347,101.90233796346658,11.61684636219028,1,1,1,1,1,1,1
pi3_causal_upstream_000107,upstream,ffb944daccaf0c1d82e40581bb6fe21a9b5c1bad399b706f7e4374e5539e1152,0c8642c75b36a04e17217752acd2362807ed4e26f0329768eefd87bbf9f5747b,dense_v1_train_x2.88_family1,6b7293d952ea0f6e699bd9e4e8ed047c2f9276ad74f346f99e5605ee049b9926,92b82c36dada0d40c367493ffb56034b485469c2965f0f4ec9c369f8ade03961,dense_v1_train_x2.88_family1/variant_1,38,-0.3127440404891968,-56.1782786025982,-222.20239151300947,107.05754618293876,669.736439367648,5.224015188963792,0.6303672313690186,3.046849189661068,1.972769021987915,-0.07909157872200012,0.5105234980583191,-6.638520401523853,-107.99272885390774,2.1057763494189037,3.6864497661590576,-0.012957730330526829,0.7328762412071228,24.41709129216955,103.5855766127137,11.61364321437646,1,1,1,1,1,1,1
pi3_causal_downstream_000108,downstream,dcece198adc6b2bc3e32e279f62403ecc33c9d66078b0bcfb8d20ee53d8097f0,b7e9a4221b41db96a3f5c71c121545037d5a3a2bf01a86f430e5fde3c1ce66f1,dense_v1_train_x2.88_family1,050df61cfd87877dd1dbb33c7048201568ff510eb2ab97640f59a7e6409e36a8,aef024e3461f8d5ab18ea2cd488e2ac90a80e270d1b3948c06af41dc7f816cfd,dense_v1_train_x2.88_family1/variant_1,40,-0.37097361087799074,-63.980943276448194,-110.48740080674153,127.21374861234821,348.3339103117475,2.6014313441786565,0.5830772304534912,2.7357778030701367,1.823340654373169,-0.0788012444972992,-0.42991796135902405,-9.069808198859931,-69.29543150736508,2.8560837288022056,3.7616708278656006,-0.016303660348057747,0.7357981204986572,13.259161075347905,144.08744408891957,11.642132909431007,1,1,1,1,1,1,1
pi3_causal_downstream_000109,downstream,d368e962205436e0dcba64b4f25c637dc40c88daed9ed60b1586e55355b2e7b7,016641f71c26b7d52bd556b234b79424b142087fe7367b0350415d8a0fbe32d1,dense_v1_train_x2.88_family1,09bdedac86f9da8182933b4f19bf416c18d80fe065a275398d2c2a72db57a06b,a3f60d8d921cc98c3d0bd877111a005344802a0d5e41c4ee6c06c73b2157d0b2,dense_v1_train_x2.88_family1/variant_1,41,-0.43633385181427004,-66.20253060588654,-65.60741622350334,131.55712054707269,120.92291216033469,2.186533990171095,0.5202698183059693,2.563272910370429,1.7133872509002686,-0.07433213293552399,-1.1091110706329346,-9.020559973623202,-17.88391119066751,4.566759247945259,3.7965707778930664,-0.01788926310837269,0.7200407385826111,-5.021219117863574,-177.2241341679931,11.75555737736433,1,1,1,1,1,1,1
pi3_causal_downstream_000110,downstream,dad38049b6958f2073b66b5149d8558079fb0df7424fbc78d9b2cd29367d6a46,f94a459ac026ccc499ec8c8737b4b03ceb0fdf48191df9a18c6633ecde906380,dense_v1_train_x2.88_family1,ada285745054af553bd5b38fd2d986c18a89c0b19c44a082bdf72e42e43ee913,734824dafba91ee17d98d95e5ceec47dcb2adb140451c8803991610a340e0f15,dense_v1_train_x2.88_family1/variant_1,42,-0.41193759918212897,-67.90223684122256,-39.993206213242104,134.00751921370644,112.92200124582507,2.085905800637896,0.5386285829544067,2.3839271958535226,1.7175706624984741,-0.07204005122184753,-1.331953525543213,-9.593097165704934,-32.89711094865159,3.561343449288335,3.830597400665283,-0.01942943036556244,0.6962889432907104,-15.971719477799695,72.74202692482355,11.865509065539477,1,1,1,1,1,1,1
pi3_causal_downstream_000111,downstream,b85196a6c9d75a598fcf1f742e9a6d376ddfead9f27d2ee23bd895ec06163ad3,4d61dd44e1472893414d34bceb98c5544899af5cd5d8b3a310555cd2f96d2207,dense_v1_train_x2.88_family1,5f0a9b89f2b2314eb1cfa9b40a4da0d5cfd8515a0155869fffdfebcca6158954,27903ff92ef101a94218bdf8d06dd06a1d9cb1774c93b543afe9dd07fdb72c21,dense_v1_train_x2.88_family1/variant_1,44,-0.4621694898605347,-69.5000093333853,0.6912600204825715,135.95277074970443,-123.71497054963083,1.7281767651564155,0.5286999845504762,2.001181250450958,1.6165169477462769,-0.06943691521883011,-2.244442939758301,-9.06253148607293,25.788043447279925,4.281222762806053,3.8977982997894287,-0.022368699312210083,0.6299113631248474,-24.872232900344397,67.3776031808847,12.03661526085604,1,1,1,1,1,1,1
pi3_causal_downstream_000112,downstream,93ae12ce1a66a40eef79e0216bc06bcfc2f8d53fcac5fe23ca76c9035b7266bb,8e99d46fad2555a72c62ede133edbc675a7b1a16e93cfb70f1b4fd5b4b9a2ca5,dense_v1_train_x2.88_family1,0c11f3526d2e7de9fde3549ab0fae84aa1363ec6b8ef9d08e2572e58a5c86381,9e3489e6afe35e05c99b93e876ee03b12da6fb13aefd68772874aaf8bbb8148e,dense_v1_train_x2.88_family1/variant_1,45,-0.37707625389099125,-70.05263310894186,10.757520622013402,135.7703363969734,61.11765967448715,1.7959136589482327,0.9710395812988282,1.8143934299190518,1.7116385698318481,-0.06601836532354355,-2.0516490936279297,-9.993090972747453,-48.67387462942432,3.2235387280821945,3.930959463119507,-0.023798806592822075,0.5883403420448303,-25.550438241528106,24.82946567085636,12.121566520515541,1,1,1,1,1,1,1
pi3_causal_downstream_000113,downstream,2d926e85e8980db229b4c1318818274d9f814ed666b933dba8e3fcff17e81fc7,7067efb4831c7c4ef7d4f4ad95a83221980951c0f2761971cd6cd7626eef405d,dense_v1_train_x2.88_family1,ffbaafabd504362144d500223d5a3c29c84c439430059300aceaf85cb2a7b07b,e2ee6b0e9e29ba7eadb1176c460c5cdcd0b98ca83d3e38d888165f99ac53f101,dense_v1_train_x2.88_family1/variant_1,47,-0.40428311824798585,-70.21491840362135,27.788370213650293,135.03013513624077,-31.82655392833296,1.4611267175004963,0.942600612640381,1.43468410980741,1.676619529724121,-0.06567133218050003,-2.6455743312835693,-9.51429215060862,-25.388385173280383,3.5524157517128936,3.997529983520508,-0.02658611349761486,0.49220654368400574,-24.56461825559995,-21.569599087569575,12.259454091020364,1,1,1,1,1,1,1
pi3_causal_downstream_000114,downstream,6c6e778ca3819724946c048d59d6643c7292bcafe48dbba7882472d44e97b965,459f24a6bb0ded68558c2e3c7351e53fd0b51582bf458ac392e97ea240a41ba0,dense_v1_train_x2.88_family1,2e9432e5bf9069b8a83ad8d81d3304fd05b77cd208ada4219301ade062d69d19,df3b2992aaa54fe371c2296c500a2f2564b64a89132959efbd0e654e72a1f3b9,dense_v1_train_x2.88_family1/variant_1,48,-0.41911363124847417,-70.07339688401869,35.1252655049769,133.87733580812602,-72.33976976384481,1.4464128993345586,0.9297271537780762,1.2511236663794896,1.6628769636154175,-0.0659027025103569,-2.9284400939941406,-9.149282572494908,-14.837593886875757,3.651746552482154,4.030578136444092,-0.027973687276244164,0.43655696511268616,-23.13809568140235,-26.772808168981317,12.330297297574875,1,1,1,1,1,1,1
pi3_causal_downstream_000115,downstream,ddc96462350902b52ce8d794ee9829fb6f8651f0ed76407180851948ccf3a86a,07225073bf5c1ddb0d8880fe66b2844f656acd68a276d5ed237864084b896f75,dense_v1_train_x2.88_family1,dd1abdd7b0fcd5d1e4d5f801921af321aac0375dcc2658307a09049e925602a3,841861aa4c9add2a79a3e5dd4b3a0b72f60fc7e728b34e2da3e2b2cb90b833c9,dense_v1_train_x2.88_family1/variant_1,50,-0.42029890537261966,-69.58387039601472,42.19929925854828,131.73553874857174,-66.50072300467096,1.248312167321372,0.9371912097930909,0.8930649663672086,1.6699254512786865,-0.06525079160928726,-3.3054025173187256,-8.854593206981061,-20.939517551730482,3.483723685456429,4.096871376037598,-0.030722985044121742,0.31392720341682434,-18.823191975138496,-38.455419857465,12.458365913837456,1,1,1,1,1,1,1
pi3_causal_downstream_000116,downstream,8e045f1c6b647e0c048ffee588bd4129a444f170ac880c31758fddd327f58466,dabeba0db8f8581799ea85c7a3ecbfb3fabc5bd03e4a7a2ab32d0f54c3937d0c,dense_v1_train_x2.88_family1,7a69d003dd899f226645d6857e2c1bae2406c2ab932d16aac6a6dcf0a782e96b,01af5dade182a6b029ae61a765c3df82b618c0857b075ae1c84372511ee1263e,dense_v1_train_x2.88_family1/variant_1,51,1.5592936325073243,-69.53300597726563,-351.429543288894,134.7280631900078,572.2137416433987,-0.7198472056371651,1.1932720375061037,0.7720289846873485,1.6663758754730225,0.030214840546250343,-0.03969401866197586,17.07161216060353,-19.71506441658042,-69.88672781400224,4.132700443267822,-0.031455010175704956,0.26644569635391235,-16.308761992583143,-21.443877503064442,11.861533176680158,1,1,1,1,1,1,1
pi3_causal_upstream_000117,upstream,f2ff26e6a35637abf41311829fae7bce613071845c0a07cba00a70620abea83b,b3983700c40ac818abd0654a8e4d59deafb193b120c78f6d70d5b6334ad5c6ab,dense_v1_train_x2.88_family1,1d5d17cc80cd0c23c61b6b47089a25e29c6dff0dddd21b3a83f8219169d9f37c,a4bba24080f85314a42093cb59a2f6e816e8c37628768d93e09d14e5c69050f2,dense_v1_train_x2.88_family1/variant_6,7,1.851082286834717,-71.77328070427313,33.98282757383306,140.56690504350655,-223.36786767222375,0.08151323723697387,0.014723672270774842,0.025662607332071822,1.8527165651321411,0.08941593021154404,0.02587801031768322,14.848896142404836,9.469448543612902,47.19458884388837,2.777367115020752,0.0007626765291206539,0.11898580193519592,6.059886838721059,53.34024279490411,1.1141047779231248,1,1,1,1,1,1,1
pi3_causal_upstream_000118,upstream,942b98781265e9320d55fb69335220b3cbaf866cf2d80fd2663070b85c578df2,2176bf9da94f2c51564d12ca55f27fbc7ffd7fe91c29feeed3a75cc1538e0526,dense_v1_train_x2.88_family1,71a48fc42d2a05f4c1bb0004dde98105b2ffbb1a30c44c0938361b2a48ac5fbc,86c337a67dfe28f82a4978a3965276674b2260c58c00c82463568e0180d0db3c,dense_v1_train_x2.88_family1/variant_6,9,1.0267887210845947,-63.94953123645531,492.5571249009886,124.51474472030431,-607.0957909422207,0.1495544123509355,0.4328437519073487,0.5674138644246132,0.9506892561912537,0.03240630775690079,0.0068659004755318165,6.536903835260166,8.545630453649181,12.521083149673512,2.8447227478027344,0.004384665284305811,0.11854998022317886,0.15079259426645736,89.42862985964992,2.6418144277366205,1,1,1,1,1,1,1
pi3_causal_upstream_000119,upstream,d9b52f8e0c5f33ef005ed62dafde1e9cc8f9363e19073c86d5b5cd04dd77f258,ecb30248d5c13006c055cdd28bec5aed71b439d7556a54f9d2e773c1ed1f4491,dense_v1_train_x2.88_family1,ec02811f71b63f4f6b60b710ae2cc22abd36209d61aa17b70c818e7c28f71d89,6c15a1c50055fb23133f2991d55042197cca437349956321283a35d6c9535523,dense_v1_train_x2.88_family1/variant_6,12,-1.16304744720459,-47.8649992316818,-239.04429928918358,69.16335613938453,-1307.08597950255,16.006172992777625,-1.2927217102050783,0.9654169473370537,0.7713544368743896,0.012179882265627384,1.877276062965393,2.2598393769981806,719.8910102166719,22.752727870693768,2.8816890716552734,0.0051483470015227795,0.16225393116474152,-4.4514784613601375,94.23712401647391,3.2256741453962845,1,1,1,1,1,1,1
pi3_causal_upstream_000120,upstream,3cad0e3ca05abbb23a99c7c8755d87c731ff17a1cc05ca2c962578fcb0cd6565,53fb8e903917d8f639339ffd9bf5438cb9357894f42f470664bc009f23470903,dense_v1_train_x2.88_family1,33e669b4caba82f57bb92fcf1b25fb4a3e7a301e764ff2d5e918173832abaa4d,06fd0d0e57a3ccff1cc9b7b4b1fa4dbfae90dc504556eedc996c166943fbf7d1,dense_v1_train_x2.88_family1/variant_6,14,-0.26208845853805546,-61.0520966886442,-268.1391566250104,51.42094597775218,553.1064240440714,33.94350217674843,-0.3879142189025879,1.4001680802122467,1.7725305557250977,0.02382824569940567,3.246727228164673,1.647912590694689,-20.712072252369058,3.8377437026390027,2.9334943294525146,0.005573976784944534,0.2760262191295624,2.92094640681182,-122.47776374375307,4.262704136683108,1,1,1,1,1,1,1
pi3_causal_upstream_000121,upstream,73d1a28a4ebf492dd06d0971a4f19ed63af9b372d2dcde34ec39d2fa1e8c2849,5aeea4ffdcf293953be9bf156093b2e3bd0eea48aeac384d3b23be179843edc6,dense_v1_train_x2.88_family1,812c342bc4d1d949f6d80263e5255f4a71cf2ca56658fd26062e77db89652348,470144cb6cf907454772b0763434dd3bf61846d0a920a9d28649dca4ea4b0cec,dense_v1_train_x2.88_family1/variant_6,16,-0.2651290488243103,-65.25528582084333,-57.2160199790495,79.32575554882555,138.8400966175439,25.271491541128224,-0.5836040115356446,1.3939030645783677,1.6068675518035889,0.02472982183098793,2.458575487136841,2.3864700169931594,-15.64060727476311,5.011116841194302,3.0077836513519287,0.00667599868029356,0.4009755253791809,30.005437665405385,-90.45280989550416,3.8902317080032947,1,1,1,1,1,1,1
pi3_causal_upstream_000122,upstream,5a9dcacca6e806ed10496145b997c07859ef613f1a2fc6483d6d58568787b527,96068bbd79f3dce557e2a42fecea7ee10be5720ac7d62a4afed8faf5490ac5f3,dense_v1_train_x2.88_family1,587d7ba44a991d3288806c7aa70d0a06532902a33e785ab4055f8fca9baec78c,f1666510d37077b87841376e02f8b80e5c88c9e82050cc196667c0ed573de5b6,dense_v1_train_x2.88_family1/variant_6,17,-0.3675628852844239,-61.58083529267322,182.02189126744184,74.36610930566918,-528.6183380581215,24.436174084503453,-0.698384075164795,1.483827795360695,1.307685375213623,0.03155893459916115,1.3018842935562134,1.7738786746277666,78.31195740050974,8.215341288407583,3.0367629528045654,0.007326851598918438,0.4344543516635895,30.402244335426445,-30.245662248703905,3.984144490415596,1,1,1,1,1,1,1
pi3_causal_upstream_000123,upstream,92962133da6475e2182a65353474e297b23e851736dfd5ded763b20552df9cb5,c65697d00dd932b7a90e1cfc8a4a3c18aa8655da9069ec071b019afd4d64c8fb,dense_v1_train_x2.88_family1,d78776ee0670a1205f519e018cb34aafe8154b739073aaccda1424a18a1eb05d,0900aea00d643f808618c726838e403ab00616cab5fb4087a62705cec9706d59,dense_v1_train_x2.88_family1/variant_6,19,-0.22227140903472903,-45.103492278543115,368.3338516733254,42.83419607775223,-577.0073323274537,24.393041488149507,-0.5306424188613892,1.680012916520708,1.3220020532608032,0.02511078305542469,1.02580988407135,0.7391503720957919,-58.941848272866224,7.338755664101791,3.0855302810668945,0.008573836646974087,0.4676271677017212,29.644328979081397,-0.0592720014212938,4.356926465529458,1,1,1,1,1,1,1
pi3_causal_upstream_000124,upstream,c57fdba4308e7fa86c25c7b115f03f0dc59b4aa658919b43df5ab65480fdb312,c66086d332086b3073465101caf98b02119cf849814f3192311f8562f3dac632,dense_v1_train_x2.88_family1,ea0be2b714345484631189c97d38177d9fbceb8baeeabb188545e2c2e2313807,e01f17ced759cce48873c6012d3e3e61786aa739f95a6bab2bd1b47559825786,dense_v1_train_x2.88_family1/variant_6,21,-0.13774713635444644,-24.849430313800312,380.0625159122879,21.310224361385632,-346.6145058108452,16.75199111003079,-0.39666004657745363,1.7157095507714446,1.4687148332595825,0.02508246712386608,0.9592111110687256,1.3109197015044283,-168.58766049083548,4.435988872983018,3.1407535076141357,0.009711389429867268,0.5019212365150452,34.86619984485291,-80.58461405437227,4.2705096248335055,1,1,1,1,1,1,1
pi3_causal_upstream_000125,upstream,eadb57f92df2179a861a88e76cee122b5be15245dd278ccc7353b9f0031ad97f,05ee04d052094258809933d37c10c986b256491969b13117dd0bdf42d9e7b852,dense_v1_train_x2.88_family1,8042a58b16b04b80a39a68227fd978f061f53147243a25e13fa9c357e7127635,7bf8fa3d44da53d00b5974b352d585c3baecefed31f8c50e47eb45dfe38e0cb8,dense_v1_train_x2.88_family1/variant_6,23,-0.19918965578079226,-7.683994405889256,333.197036318462,5.2851111604098335,-309.5665488846988,9.22888427165678,-0.4224266576766968,1.7379741201160213,1.525865077972412,0.01877184398472309,0.9053937792778015,1.1521056370271727,-147.46329240695505,3.939242875026331,3.2000482082366943,0.010650004260241985,0.5368333458900452,40.31512668920315,-53.64024860891316,4.128422623623602,1,1,1,1,1,1,1
pi3_causal_upstream_000126,upstream,7c4b3023dd5054330a09826ce4d72553629a8c88035fe840454ba3928957e67d,d6810a96be5a6bdd65804b5bcaecc2d16d635a3e07cf8b672e06857cbb9a3fa2,dense_v1_train_x2.88_family1,0fbbe962619e5c375ca12fed5f992d690025111e223066442d445b2875d90b25,1eda2b11e9b5183393c0cc12cdeb0f548b36f43eb892cd9c0c16c0cfc86e7022,dense_v1_train_x2.88_family1/variant_6,24,-0.2816999053955078,-0.9183800854456271,108.1539076579417,-1.6691555462304866,-140.2350534724923,6.4890470126194915,-0.5618814849853516,1.7670704827966695,1.5588997602462769,0.014349833130836487,0.9066228270530701,1.4455127412460549,-33.30762239324228,5.884263038366168,3.2305142879486084,0.010967274196445942,0.5543367266654968,36.72375858209708,44.215273988307146,4.156032577257762,1,1,1,1,1,1,1
pi3_causal_upstream_000127,upstream,f49c07673d50cd3b0a01c64abb0e780cf5de82cb73bb4d5467a04a28888c0ceb,026ab20711e96fe05b39ad83e5e40273ddc11fb3da628896831a1fcb23a51b23,dense_v1_train_x2.88_family1,1bca62358dc0136f616151c4277f5ed88b992cb1cd467c5bbb0ec112968de4a6,62b4926766cea8cbe26a83977494b9434804c32f3f7be66698ee64c399fd6571,dense_v1_train_x2.88_family1/variant_6,26,-0.2731155800819397,1.8704101650543798,-30.209872057453037,2.667912017168354,200.0158333905437,2.376960437736006,-0.5305822038650513,1.8033451892503864,1.76679527759552,0.013319100253283978,1.0305662155151367,0.07679036275521209,-58.86039826701382,2.317812955456191,3.298459529876709,0.011832105927169323,0.5877317190170288,42.60165204217539,-80.52626374829285,4.054727648122415,1,1,1,1,1,1,1
pi3_causal_upstream_000128,upstream,006a2a35e037239f2874406399b69265c19c7ed7521cb2f3416896ec4099501d,bc74fd5c43885b3d6b0c161f753a4775c55b1a047b57aadcd9960433d3098f88,dense_v1_train_x2.88_family1,5da633c499a3f0db30a3ae5928360284a548919857873084291148e3b13f90a6,3dfc1698b535d82fcc9c4b0de1b68015337a865048ae0442cdeab9ca773ffbab,dense_v1_train_x2.88_family1/variant_6,27,-0.2555874252319336,1.4219600078320296,10.478521054796722,7.114392487603335,166.14579956066422,0.8827948398207557,-0.5065299844741822,1.8009661121626475,1.7842711210250854,0.011023066006600857,0.95536208152771,-0.3000155523647076,-78.51583854723462,0.9610431545488193,3.3342695236206055,0.012115716002881527,0.6070997714996338,42.185218823574296,-22.65760211857571,4.028286941850158,1,1,1,1,1,1,1
pi3_causal_upstream_000129,upstream,b22c0d5596c2f46df5fcc1b7f0269fd19b234ee11058a3c3ca3192314f758cbe,34a07a7f2b38430776348a54b5def3fc33a86b26b83824643264ff8f43f46b75,dense_v1_train_x2.88_family1,9cc78751e445ced6e9a7270ee2f4fe3c2803b8ea8ccd396f938a687f77449107,fa7f14a179d51d43e3d98705f5dc1240405f5a33b2cffb8c893abe9c576ac74f,dense_v1_train_x2.88_family1/variant_6,29,-0.32911153793334963,1.245109548190886,-54.07990447069229,11.86108197017518,73.77518865943635,-1.0413293537359358,-0.6149632072448731,1.7934595804639824,1.7321726083755493,0.0018422401044517756,0.7204403877258301,-0.0682248319584467,10.24052055184669,4.25655382707126,3.404848337173462,0.012426129542291164,0.6395404934883118,40.92240905359274,0.6492668968874225,4.062771938491067,1,1,1,1,1,1,1
pi3_causal_upstream_000130,upstream,9136a008b9f177f08df4c4ece4530371c5fc690423bf55895ec4463e24b0ad8b,bbd6cbb50122360f74f0b2dc8388fbc26afb33257a849cc90555f09c827a7a60,dense_v1_train_x2.88_family1,05c1c4c12d8568a198016720a7f3e5dcfdabf0e41949ebe878a999298e7893a4,fabd4cb9a2c90b3acd0befa7c5d81511d0a0fadea2bf649138cb67c6e353cfbb,dense_v1_train_x2.88_family1/variant_6,30,-0.3637572574615479,1.6479366030784899,-163.16916213923764,11.815696216914091,160.74731366333452,-1.442245982432792,-0.6796867179870606,1.7911254254371234,1.7477186918258667,-0.0005379834910854697,0.6298733949661255,0.06615651193954931,63.26083643225375,5.321164740830569,3.4393982887268066,0.01245516911149025,0.651958167552948,38.67057764650957,27.832971348930478,4.14240820385833,1,1,1,1,1,1,1
pi3_causal_upstream_000131,upstream,12b087a41b88034bd12de3fa09f6e177086bc0fd0496bd19b10094c2e659f072,a9e8681f663ca16af39ed83562b59954f2491bb2ffa8d63dcdb2db11aea78457,dense_v1_train_x2.88_family1,7442bb587716b7a96f0f106fffd5d718cc2472d7b97848aaf617892f935f746c,864da8db7b3aa9f41d2c11691ee1e4f7f5cee13318d4c3fc064374bc6cd40e51,dense_v1_train_x2.88_family1/variant_6,31,-0.3209212970733643,-3.857407390372646,-161.59929780002355,18.635839886205044,243.4623661726713,0.16827134839853092,-0.6368676471710206,1.7853631268262224,1.807484745979309,-5.300180418998934e-05,0.5583933591842651,-0.3647923994424474,28.20091705461365,3.740281598937975,3.475717306137085,0.012464351020753384,0.6651737689971924,40.516378213097575,-23.098758914424955,4.275765993166378,1,1,1,1,1,1,1
pi3_causal_upstream_000132,upstream,6ef5e11226fa2b7093bd95bd15d56f25281368faf4e47292f3b4c524337c2747,4634eaf5749abaeb5eb31f3eba2799b0a320c93e88c11419ef319d3ff9f9eb84,dense_v1_train_x2.88_family1,8d2d146c1f45488eac47dfa9d98b5bf05be32f2972977738ba8541d4182c77d9,3716e6a63cf709009ac3983a5b4ae7f6872bb06e0187f1f5db1483c9b92af04a,dense_v1_train_x2.88_family1/variant_6,33,-0.350933632850647,-8.205017457477108,-357.3701413006476,25.969104931987793,491.9931152000856,0.48316033888551385,-0.7054824352264405,1.7571685153488248,1.9115601778030396,-0.006017637904733419,0.5999011397361755,-0.9107098897294086,84.33560368238153,3.495972135628966,3.5484635829925537,0.01235170941799879,0.6844155192375183,40.16919286739665,-30.18335043290588,4.402911119508242,1,1,1,1,1,1,1
pi3_causal_upstream_000133,upstream,1731011283d0882214e3f9d51f8149fca87135249199afdb6ec37d63ea2a1cc6,8df9538d68c1885611033bbc9c392a52d43b041a1065b53005271f3b41a3f120,dense_v1_train_x2.88_family1,5bc95b38447b80a9e14808db122227df795d55e5b58bcba9ed18234051e889c1,2ce0f83ecc7672df523127f9aedfba2c4d400d8021897684d2230162821bff8c,dense_v1_train_x2.88_family1/variant_6,34,-0.28806623935699466,-9.013278991967967,-110.70526335069744,28.71750304456193,147.3429034926444,-0.11809329153149638,-0.630192928314209,1.7321397972487662,1.8224854469299316,-0.008568773977458477,0.2777355909347534,-1.2594178340067106,22.651323467181175,2.8056511060747122,3.5852503776550293,0.012256418354809284,0.6903661489486694,39.14838011480323,-10.373413834980335,4.418501859026079,1,1,1,1,1,1,1
pi3_causal_upstream_000134,upstream,e2096bc8ccb36a06b4d1ed211f6b4b72bbda31b54ca5f8589928c96fe3890fff,0cf44a1121b7e640bb89b085066cc5b2c051e482ff5336cec92abff3dad8560b,dense_v1_train_x2.88_family1,769d503f1bba437714983849d5d9ea4114ebc6f9032944344d5ce3ac5ba2959e,7b871f49d724c6becd8a7022fed4d5c9abb752ce0ead19b8bdd91dceb13fe862,dense_v1_train_x2.88_family1/variant_6,36,-0.24734159231185915,-15.066330091990315,-203.95056876760464,41.35156008442839,435.90327388686075,-0.6384403254332328,-0.579702787399292,1.6670314618108109,1.9631267786026,-0.007281905505806208,0.19136588275432587,-1.9847716508659,-18.68714655970289,-0.3553422724367794,3.661674737930298,0.012010214850306511,0.6992782950401306,37.220699240445114,-1.0474425929502476,4.44117665419672,1,1,1,1,1,1,1
pi3_causal_upstream_000135,upstream,5bb7f7708c4567610e79ee8f91fa035b4a4dce6e603432ea9a618b8e0dec2574,63d41895774704f610558ad1c87c4a8acad7477221be23a422cbacc992698182,dense_v1_train_x2.88_family1,e13877341d5a68bfe4e5b7fe1bc0db603391d60db80d0ecf0b9bf678fdb45d06,e2f2160f6d777f70ac812c469d15a55605e3957027f5bc1f8add263e6b1fa2c3,dense_v1_train_x2.88_family1/variant_6,37,-0.33619424343109133,-19.248950109503948,-269.763157043586,48.28543494113652,316.1595392452154,-0.2406560869592188,-0.7007618999481202,1.6324059295281474,1.875907063484192,-0.014097805134952068,0.005302513018250465,-1.6722030912607817,80.38229702096733,2.7144755511744467,3.699993133544922,0.01180930994451046,0.7005829215049744,34.74867619489908,30.053877366999117,4.492643282230842,1,1,1,1,1,1,1
pi3_causal_upstream_000136,upstream,ff6bb0672003974b397985f3889ad6d17665fd6987156c29abcb221b34289afc,9e292e0f62497e923de5a699c0bd6c2f215b77328596fcc09562623c08968696,dense_v1_train_x2.88_family1,025306a7eecb8757ffefb10e9251d655e40dc1e5b09ca2832f8738fd738dfcaf,027e4e2e3184bc118025d344c58a115b5aed48ed4d156dadb4dd1fcd1366a15c,dense_v1_train_x2.88_family1/variant_6,38,-0.25869657516479494,-24.921545158604598,-273.9320586261516,58.10551209956567,508.21623515821324,0.1727557290553851,-0.6099134922027588,1.5914717106022966,1.9909716844558716,-0.013632729649543762,0.07977306097745895,-2.296958893816261,6.075991571010303,-0.052047245429740506,3.7395617961883545,0.011559098027646542,0.7027899026870728,32.91974278046643,29.093621071587023,4.5270623194560615,1,1,1,1,1,1,1
pi3_causal_upstream_000137,upstream,730d4f434e136e5d1f274a8cffe6c553d4819680d8eca7cfca493a8b7788fbfc,18d5206d12e3f32c38d43d02e704863638e3b2ff6b614e53f54e891789b50801,dense_v1_train_x2.88_family1,e02d5eadf64777caaf7000ee78b1bb82a9a9c68c1a42b0a9629ef550d5753bed,7540bc5f22cfc5142f599c8ac1e421e2f7ef33b2885d14b0511f99cacb1761db,dense_v1_train_x2.88_family1/variant_6,39,-0.36460831165313723,-33.82878973257635,-441.16317524593086,70.45532740202746,579.6718164434324,2.071825180909633,-0.7306193256378175,1.5476009728575175,1.9800437688827515,-0.02350173145532608,0.2001207321882248,-2.5818174826803437,104.88853764973118,1.5561076978954302,3.7796008586883545,0.011141439899802208,0.7080562114715576,28.33282508295952,79.67785863072889,4.637757728806429,1,1,1,1,1,1,1
pi3_causal_upstream_000138,upstream,4ee326a307de15f78e7abc920c9f524c72f28241360f50c8b1d5c7b5bc258276,7327fdad2f4c48035b8811ad61b15bacc199c45ecd003d519131a01fa98fd245,dense_v1_train_x2.88_family1,28172b53bb61003f6d15adbcb9f167646089e3689679f02d951c4ec24a7e1eb5,48bc5698c233a87c08b8577b41b3aed1be31d3add2a21f16d595aff921f32d91,dense_v1_train_x2.88_family1/variant_6,41,-0.18125731945037843,-51.802138835330595,-350.46722427635257,101.04353046779669,751.761984280272,3.3172785287034188,-0.5482282352447511,1.4150244231113582,2.097674608230591,-0.03187304735183716,0.368465781211853,-4.39960573593483,-44.4278636262238,-1.1748402418446775,3.862941265106201,0.009989321231842041,0.7260687351226807,14.287145526569844,54.849400412775104,4.734193143260301,1,1,1,1,1,1,1
pi3_causal_downstream_000139,downstream,caa5506a865f027474c0b620c34b0509bcf5f7ba34b9124dfb48367566dcb1e8,8bf1feea31e8fd3b4d34c969f69c736a8d800f5b31fb0878ee8e229b048fef80,dense_v1_train_x2.88_family1,41b32a7be1f0768dea59a7164b4230181b7d38b9249e6b19ca51f8b4509e9e58,f392b1f486304048e248e0c7a38b260c5e77248294626a0f588b5535d98ad07a,dense_v1_train_x2.88_family1/variant_6,42,-0.17661440610885623,-57.49812386724395,-272.4906428244688,114.30512138294182,574.9525382175472,2.078328118080097,-0.5550993537902833,1.319502348676517,2.020364761352539,-0.031706321984529495,-0.06989967077970505,-5.164958314512377,-38.79618141025152,-0.6101140114090879,3.9043779373168945,0.009381042793393135,0.7288814783096313,4.569238179727151,72.86732674514744,4.719197843386242,1,1,1,1,1,1,1
pi3_causal_downstream_000140,downstream,bb1f4eb384a0e0b21ec95f74f5a412b797f64fafa4d52c6c504822ba1a45469e,35f585aaf1ecc847d8e7218772c42a8640565381a2cb6bd17f6725126fb7e9e6,dense_v1_train_x2.88_family1,34493b115186ee994eb416c6b54bf5bca425b3c4c15b366ea63d86daf7a5122a,2fb97977df440f13bb71a79a21d56c6e42bbcec235a49896d4d6f5fa00ce2f8c,dense_v1_train_x2.88_family1/variant_6,43,-0.2074570679664612,-61.631412843477165,-208.36114976376203,123.38423912964048,359.25459049265413,1.2102903318450318,-0.5926765823364258,1.217675059816151,1.9238382577896118,-0.028229735791683197,-0.6727112531661987,-5.446473525777739,-8.03159297803496,0.6093479096441358,3.9440038204193115,0.008827866055071354,0.7206306457519531,-19.76563855228978,-76.45253402162214,4.771453957624197,1,1,1,1,1,1,1
pi3_causal_downstream_000141,downstream,f9c7b3089ccf926002e3543d0fb76fc10aeecce51a572fdafcd1bd0c6fe33104,be03b0a4fda1788c820f048032812cff392fdb496aea9c1ebdb426fbade69ea2,dense_v1_train_x2.88_family1,7128a26f4e9616e1acb355fa251e67138250a1fe6ab2fb1121446aa8c25cd73d,21c2f65a8b329bccb14e11048b94e2b3c3612f7d0cf6672a092cabc502830163,dense_v1_train_x2.88_family1/variant_6,44,-0.2150785040855408,-64.83137696019566,-166.0906116321705,129.8110100065156,281.42840980629404,0.6036949096601801,-0.5877691268920899,1.1039205370468377,1.8944023847579956,-0.02683006413280964,-1.0279717445373535,-6.030144353093416,-12.05196868200411,0.4225776140897536,3.9824917316436768,0.008310729637742043,0.7033407092094421,-32.13047685583102,-6.5195654000520875,4.7987811706374535,1,1,1,1,1,1,1
pi3_causal_downstream_000142,downstream,2abe8e1e1141d606537e500ee6b4c2e7747ce7fd9af28498584e32ba30d9cd3a,9f8e9a19df4faed56be1d7c44b6d7eae0e7636bff652a4826a98c9decc3228d2,dense_v1_train_x2.88_family1,59383f50a32c92c6387c57db1eb41b192a35fe6526c25927c8c37193e3ef5b2a,4b54e6653a0841745c0ac981690b10b84982e0cba52a33736d18a8c9e904d1fd,dense_v1_train_x2.88_family1/variant_6,46,-0.3403627967834473,-68.5600045488623,-91.74666629035802,134.609436464503,-165.0147885360018,0.3759245840841258,-0.7214570999145509,0.863053024448717,1.7153016328811646,-0.018654221668839455,-2.395056962966919,-4.885845622287568,97.37585548728323,1.7960684651372572,4.056465148925781,0.007428906392306089,0.6393517851829529,-39.196440740898026,41.02197955131318,4.836847519138361,1,1,1,1,1,1,1
pi3_causal_downstream_000143,downstream,fd7305c93d49c23af06fe33975c34e81c9bffb094385af2c5a8842364ef6aeee,ef9715b1e06834fba8ae261001ee69f7a81c8b91b048bac9c3bee77942551274,dense_v1_train_x2.88_family1,b3eaa869e30e302de364fe982e4329da6a6c1a72e4c70756eb4c673ce63ae2af,050f2feb4b9405ce4da81696bbfa6344c4c69067605bfb4027ea4a543a53ac72,dense_v1_train_x2.88_family1/variant_6,47,-0.32285635471344,-69.8051275439881,-82.85939489706668,131.73204169171672,-119.5608221756724,1.7855935368361917,-0.6977416038513184,0.7655665509157702,1.7421749830245972,-0.018485022708773613,-2.488403558731079,-4.867297816709575,77.9815401692212,1.4304129005384494,4.091339588165283,0.007084348239004612,0.5901217460632324,-39.16506626694557,7.589503861364007,4.886643820453229,1,1,1,1,1,1,1
pi3_causal_downstream_000144,downstream,207bb4562aca50898f45bb36d3a4f177dc660c98bc8ac7ed941de884bd6386fb,e9a55e1fc88a68e52752bc4310afbddac517901ccbf748ae9ffb6bf7fe652874,dense_v1_train_x2.88_family1,0f50156ddd55910fc5547cd2af518e5878613fdd892e055ebca9a880daedc19e,c7a0d39f57b05a3459c13767ff9050f8336bc4aed9185525d5409405d9d7a7cf,dense_v1_train_x2.88_family1/variant_6,48,-0.30647934436798097,-70.62078873467102,-61.51764921266143,129.3846695985234,-106.41921719367689,2.7620882068876367,-0.6768763732910157,0.6694951253682656,1.7581645250320435,-0.017610345035791397,-2.6629436016082764,-4.775556850212079,60.91489184859698,1.1099944258645764,4.1266608238220215,0.006753811612725258,0.5379841327667236,-38.93927387336329,-2.4598772616544595,4.9191824604489724,1,1,1,1,1,1,1
pi3_causal_downstream_000145,downstream,cceea928669d32983e03bc3ef007005fb149ef968a53d5e5fbf8a0a13766fa67,81189ec5d68ad3367114eb2fe5d2af83a8231cae8cdbf9269908ed2e9dec5732,dense_v1_train_x2.88_family1,916e1169439360d29fab22ae92cc530bbde3aa8c3cb0c8ce663573e988700ddb,414c0edbf17e10e6306537f919ece9aff2b31bac29bc897a202206cf15f92650,dense_v1_train_x2.88_family1/variant_6,50,-0.2929928874969483,-71.32440067201989,-35.3416015016533,125.20399276982863,-114.97728712935195,3.988701858461914,-0.6629082298278809,0.483284116393573,1.7687195539474487,-0.016359586268663406,-3.0765578746795654,-4.478678409069244,49.48980902767404,0.8537899746725784,4.197969436645508,0.0061285062693059444,0.4227682650089264,-37.721669710403454,-10.712503698967495,4.954473732381715,1,1,1,1,1,1,1
pi3_causal_downstream_000146,downstream,65c780dce81fd99ad1faffea51049b539fafde75e4bfd1dc383d0e9093626f3e,e1c3f6c875c35fb564bb8b5bfd2294615f5e819535a40a103fe90fd37c6a10bb,dense_v1_train_x2.88_family1,42f54ca292c35e0dd248121dbb85ed3557b62da8d79c85cd7d658f7f631982a7,c75b6e26885930ee7f42d7fcc8220e555d7a810793444be31b4330d426861c9d,dense_v1_train_x2.88_family1/variant_6,51,-0.2671601033210755,-71.41617792389735,-28.586506846470257,123.5004206474224,-60.39655562267388,4.309643932106056,-0.6324527263641359,0.39285324427359675,1.7906913757324219,-0.016096679493784904,-3.1646568775177,-4.543379083529483,24.55749095320104,0.42069437618910765,4.233891010284424,0.0058281272649765015,0.36003339290618896,-37.083798343815964,-13.217918685592076,4.962133006370765,1,1,1,1,1,1,1
pi3_causal_upstream_000147,upstream,c0c9ace42d48e8555e967ebfa0c40b92b7cbb45f158a4326e6f70a1e80910f0a,1233c9bc67381d0bf7000de557d11967074090e509106f5e94cb77ebbcfa24c2,dense_v1_train_x2.88_family1,7c797723802d98c993c0994745b5671067b7002bb43a40b158390b2a50174cad,0796a6ffb84cc5c9989d056a1cf9edaaa4ec6b8e3e619270951f541cbe530ea6,dense_v1_train_x2.88_family1/variant_11,7,1.8300394821166994,-71.78954338468694,-2.847865303683388,140.56492428864723,-216.46714996884145,0.08127135728837356,0.13921110510826112,0.02869196386610381,1.8713033199310303,0.09141336381435394,0.08272513002157211,15.198835761888562,28.827373467550757,45.4304363586387,2.777498960494995,0.0007786918431520462,0.11899790167808533,6.056880274825785,57.13505491662817,1.1110517749757123,1,1,1,1,1,1,1
pi3_causal_upstream_000148,upstream,6a3c19a01aaab4dd76e0692ea08dd10c7aeabb520b464774ebe500750f7f209f,fbd13a034e14f88b7761586d6ca2425e385fb1f8a65a149ef87e6f5bb02fea9b,dense_v1_train_x2.88_family1,e2b0eb06105398a9ad13c0ac6ff94eee2ec8d8e624a905162bbf2ad66285f5cc,8e05495e939afbb16317038915753771f9c31e9e7ad6d27c7211a19fc6531b73,dense_v1_train_x2.88_family1/variant_11,9,1.1778293609619142,-65.28782484204926,425.13427854704173,124.55985128958308,-593.1626421675015,-0.13102713107357128,0.5411208963394165,0.5971629542059029,1.1209255456924438,0.04198351874947548,0.03473866358399391,6.79880957341842,19.319114935300195,12.859345706997454,2.850247621536255,0.004790229257196188,0.11778131127357483,0.005892052015340921,88.95315307076865,2.7037055899386497,1,1,1,0,1,1,1
pi3_causal_upstream_000149,upstream,12df23292943789d41b3572d7d82a7546be69a1309f1d1d83143081537ad3b07,e2cb9987b4acd5b7378aef1dc75dbbd8fcfff7ef650b4a2583dcd6a95970fd65,dense_v1_train_x2.88_family1,f361d1eb464feb4d68ad1d2bf055e5f1d86e170d52c7755963e96f1d9f31e2c6,d7befa2ed564a39d641c408e69db1ed6debfc07ccb41d4fc0b344b6e2c66a419,dense_v1_train_x2.88_family1/variant_11,11,0.2588778877258301,-44.15361787066944,375.12240401015777,89.73642550440738,-1097.4225585508766,2.898434904105232,0.2154941010475159,0.7751248042916907,0.6678402423858643,-0.004438324831426144,0.6254852414131165,2.6160834745292396,206.39267558458602,4.853919183672812,2.8776702880859375,0.005216044373810291,0.1255578249692917,-2.354660758811352,-15.991293092413658,2.8108181944006505,1,1,1,1,1,1,1
pi3_causal_upstream_000150,upstream,71230e1aec70c379deb4ebc029148fe093866a6d9f42e305eca99411bb3799d1,42787735470396c57089af128c067b28cb3388a87db222eef990f09deed71a35,dense_v1_train_x2.88_family1,16f93024f542049bee6f3ade03ec8284e7595a7106f638d4cf73190f7aa1ccf9,fe2359cb3bc0726af6bc8dd3e11e6a02942406ab237f0f3f6973e2c7c7bf80e9,dense_v1_train_x2.88_family1/variant_11,14,-0.1283664643764496,-57.99023899694337,-304.9669902145855,47.67240155746578,429.14075823114445,31.287519505445097,-0.3993790340423584,1.2137217619133334,1.744952917098999,0.008366893045604229,3.223013401031494,-3.1469849006476336,59.12733572015626,10.709552203472404,2.945315361022949,0.004748442210257053,0.266144335269928,0.08419478140339515,-145.56620736498402,4.491925144735384,1,1,1,1,1,1,1
pi3_causal_upstream_000151,upstream,c3b9969dd5c18848ab3caa662982165a3dcd8e9c451a88d903b0ba8f413e95b0,3a261dd780f0fa15e5eea4741309f8886f0fa91a4a8a6d6a549a206303e14bb1,dense_v1_train_x2.88_family1,b405f8850e158db2114bcdd2899a2e02caf40f8735493d666dad55aeaa926514,ebf2f7b8694ef85995bad9f79fa8248a3b3c629db1e9387314ce680b71856d6c,dense_v1_train_x2.88_family1/variant_11,15,0.2730111885070801,-62.35490063131077,-143.41644630485752,63.97890104988636,905.9071141484671,27.687256950355273,-0.13481799721717835,1.2016728276632296,1.9614288806915283,0.017587071284651756,3.3517215251922607,0.5974660485309581,-279.9497284924997,2.0192451097108353,2.9835920333862305,0.005101815797388554,0.33267563581466675,20.6666685698614,125.51926064153808,4.407941312311899,1,1,1,1,1,1,1
pi3_causal_upstream_000152,upstream,2aec569d2fccb1bbbd0196d33dd971778d5c090674f5002ba7ab526bb5213d85,d63c82ec5f7fdf8a45665afd0eb41b020f96e3d96b6020212067ccdbf311686e,dense_v1_train_x2.88_family1,ac30e3710420950585e3d9f9c1d48e7874b886f7af940655a0508aec742ab6b6,fc8b5114ae9d103fe3df71ebf799814364385c832ede3bcfcaad79ea5a03af82,dense_v1_train_x2.88_family1/variant_11,17,-0.1005912208557129,-60.67678462394117,150.53123579720636,69.76514361658685,-387.47324384099505,23.552091836357857,-0.522498106956482,1.2673682134007813,1.4400213956832886,0.014064166694879532,1.5311206579208374,-1.409064397235634,37.34933560817855,11.352044193033407,3.050114393234253,0.0057382732629776,0.42622777819633484,30.45759618846023,-42.61699264705124,4.586949077509455,1,1,1,1,1,1,1
pi3_causal_upstream_000153,upstream,89517c1b20d21f4bee5d540ee50dee9f13fe51d75338ded6195c62da2d1a2a74,1cab2cfe8907b577e5e9e0faa12715ea898f312df35fa76a5f9bcc315786cda8,dense_v1_train_x2.88_family1,5b37b1d9ac26a8d3d18eab91d7daa9dfd5ac2660557609e28b8007de0cdf0646,05e72782ecf7d71b1e13183b2e6a542a311a41363cb56e245c1a57625a02eddc,dense_v1_train_x2.88_family1/variant_11,18,-0.09500691413879396,-53.0996049851608,334.1211882339214,56.05070774437528,-725.83371192669,23.127086299661336,-0.5136876249313355,1.3324385060718702,1.314968228340149,0.009993515908718109,1.0045338869094849,-2.385387005122889,30.146484486860736,13.612885473405465,3.076974868774414,0.006057946477085352,0.44594407081604004,30.62539686089452,-16.108704044246178,4.832626852706681,1,1,1,1,1,1,1
pi3_causal_upstream_000154,upstream,77c3e9f7f6950f97c530e9b9766f5d6a17837b5d04a4b78d8b113c7e2ec7e26d,1daa92394e7d54246b32d434c1c12b8dbcd608ed682c70e323d2c0977aee56db,dense_v1_train_x2.88_family1,4280c95280b8fe0dad9744a927dc63c1148bb66d125901e7ff38d78e0286df04,72d55235cf9307f6f5d2317a73e0d4c8a89e33efe42a5399e4c78f562744255e,dense_v1_train_x2.88_family1/variant_11,20,0.04407731890678406,-33.22595040624185,392.4464411794647,28.835549203987263,-526.4238255985531,18.08510715834682,-0.34496066570281986,1.3947796181288257,1.4287306070327759,0.00542862992733717,1.0242233276367188,-1.806623455282454,-107.97953975862045,12.939043769327748,3.131802558898926,0.006494000554084778,0.48075249791145325,31.876878762137615,-30.716480848571223,5.202151386106278,1,1,1,1,1,1,1
pi3_causal_upstream_000155,upstream,4a9a42544f99ce6fbd389f8d2831ec0ecafbd2dc45fb0eb9259107c305ed2b62,72466736f044543a92c81814a337e169769279a8d03e302b3036bf9d1b807da4,dense_v1_train_x2.88_family1,04349f28af018291bdc1e489e889f0016c1af6a5e105b6b9f01b4b416dc0bec9,dea2eb227f6ba2d13bb148f8f43c31128813ea05312b1937277d29d98b8f78a8,dense_v1_train_x2.88_family1/variant_11,22,0.04043958127498627,-13.646176669193753,365.0135601139988,7.477682565593497,-372.66875417347904,10.618224697899635,-0.29139825820922854,1.415223780791958,1.5308406352996826,0.004105578642338514,1.0112665891647339,-0.8907792910096056,-151.76083377234875,12.049291247849466,3.190485715866089,0.006760705728083849,0.5175329446792603,38.161096760845396,-85.04308150680062,5.433218961607429,1,1,1,1,1,1,1
pi3_causal_upstream_000156,upstream,48b7186364499f1ff9ef42ef43b86ecbe80d4a2697cc863efae682062a2d0816,58eba707aed11f1a9172fcb73dea1495528c2c6cf2ee9f2018d81224cdb632b9,dense_v1_train_x2.88_family1,e416196e0ba277d6dd910ff73e4c741911d72037856328ec4eb17c7865874b2b,c2d0a66f2a5fd2826e815046e9b09899bd02a2deb17874b6766fe173aa088b33,dense_v1_train_x2.88_family1/variant_11,24,-0.07955876350402832,0.5139506041457148,104.03237343727007,-5.682995719659287,-71.42588362270794,4.162010183780348,-0.4017907047271729,1.4260037319616314,1.6315648555755615,0.0047807879745960236,0.9658020734786987,-0.32331199360229884,-61.492234078759815,12.614173505418908,3.253293991088867,0.006960118655115366,0.555548369884491,41.12770746457039,-44.995957780250436,5.684736027602218,1,1,1,1,1,1,1
pi3_causal_upstream_000157,upstream,39617302e1f44a8cfd70b483df28f0243ff6a6ccd691bf76d7284122dc1dbd5b,773457ba270b628663bffb42c84bfbfeb3302a83cd5436caea4415c5d9d5cb37,dense_v1_train_x2.88_family1,8f7847306ed61c958e753d551b224588dd04a930aa355b97f38ba28a906f7b02,dfddbc0439758c879c65779f610e4c73cde925846a6c4666cb3728e389be8189,dense_v1_train_x2.88_family1/variant_11,25,-0.030449418127536775,3.8769524035694607,232.83765174887964,-7.8853364297901845,-189.67222223223305,2.189846924521944,-0.33240139961242676,1.4297162756779174,1.6271473169326782,0.003629542887210846,0.8173460364341736,-0.16166232006221698,-118.31932601099587,11.211288508391432,3.2861592769622803,0.007080477196723223,0.5732957720756531,41.40095259741134,-17.358613294432878,5.85898874485507,1,1,1,1,1,1,1
pi3_causal_upstream_000158,upstream,a9624c387ba2ea3b65707c7727b05e1ce2e13076e5645e4d88197eb15e121c59,833926f4abf5f850889f8ee3a82b5cb697ee650e56936ffbc2c1b22ec33c6f60,dense_v1_train_x2.88_family1,500c0fb63a22ae5b5b481f8b06c96a64a31ddcf111a634ef1a308d035ea5fa2e,f03ff2dd365a3e77b76c2dcf412becdb94c35ba5539b35fed992d5bb74248601,dense_v1_train_x2.88_family1/variant_11,27,-0.102651264667511,6.371689670087196,-8.672500363708522,-7.846435941146023,93.38158818141646,-0.09864965963370988,-0.43359754085540775,1.4316997099692852,1.715392827987671,0.005792222451418638,0.718399167060852,-0.29982713519315046,-35.57695957516819,12.12515586650809,3.3533172607421875,0.007310600485652685,0.6032989025115967,40.46066094494319,-13.98806434941968,6.2885029966943,1,1,1,1,1,1,1
pi3_causal_upstream_000159,upstream,84f5ce8ee136e9fa77d308dec7b5e2eb7152b3da57e2f30a7eb50e3d598b4f90,15bb84b476ea4e1e955e64c9e9cf3d9462dff9ba50405232cf15938285f6e58c,dense_v1_train_x2.88_family1,6fee793b5ed2bfc75fb7510c0123f20dbf788ab26468cb6d8610ee179cdafdca,21770cb151c661048d5a56683027fbbe90ecf012666e89f64a6366fd509bc36e,dense_v1_train_x2.88_family1/variant_11,28,-0.13148739695549014,4.785440560827912,-86.97478877767446,-4.539112776619163,156.06822427052558,-0.2596870379339917,-0.4803572225570679,1.4249618719116846,1.7282406091690063,0.0042502968572080135,0.6359496116638184,-0.32594577857927926,2.706571101314038,13.295203129824417,3.387953281402588,0.007449783850461245,0.6164426803588867,42.17299620005456,-37.199525654018075,6.522497065196974,1,1,1,1,1,1,1
pi3_causal_upstream_000160,upstream,dbf2e6424a53ac656745f3138d42e3acd31c84117b8c483791ac800273651bc8,2ae106a6db5513f4d0da35d3698d6000ad73562e13865186dd91aea42fc7a2b0,dense_v1_train_x2.88_family1,c0ac974d62d36fb69357817b514a8b69939010d29fbcea631d337e71f1a884a5,1b80e3c0aecd53aaa41a4e052b789249e319cd4cc5b7544a7450ecaa47ce27f4,dense_v1_train_x2.88_family1/variant_11,30,-0.1537815570831299,1.8853753229692893,-57.759672301131246,0.23074492106077546,69.33603015179163,-0.05837770503869714,-0.4942103433609009,1.3874328207933617,1.7267401218414307,-0.0033350656740367413,0.5514564514160156,-1.2847199496219055,13.974379211643914,13.371947989112327,3.4574227333068848,0.007501230575144291,0.6407821774482727,41.49606639669835,17.36574913456825,7.0575615183130616,1,1,1,1,1,1,1
pi3_causal_upstream_000161,upstream,2abfe293fe111437653eb346e6572fa34c06ddbc75477951a4a8c9d5c71e024c,e3a1b69eac169e23fbd2ad0798e52b58304af0e90573f66e8ad4bdb285142972,dense_v1_train_x2.88_family1,e08ef13b4e6021940fdcd9cc2650832f5e14c0a91f612ac5aff4e01fe7dc7826,d6aa01a177995a2c88f321bd2e68cbc052f62ad13512beb25b5fc9b9a9a93ece,dense_v1_train_x2.88_family1/variant_11,31,-0.14763019800186158,2.535629609078602,-66.22186004123768,-0.1740701457621253,72.17602963887211,-0.5396127621987515,-0.5010436439514161,1.3613579407269767,1.7363529205322266,-0.004811775870621204,0.4719114601612091,-1.33290277206982,19.56934403818549,13.174882517405472,3.4918949604034424,0.007404873613268137,0.6505174040794373,38.66032553256538,53.716132010592,7.325431760995297,1,1,1,1,1,1,1
pi3_causal_upstream_000162,upstream,8a04bc00be6d84319e305ad04ef5149380b5b2a291e3787abcfecaca4cc5d066,21c211a99ddbb18ff7c7e79884c745c19a8b2f9ac272e41fc4daecff4ec9f7a5,dense_v1_train_x2.88_family1,2a0048f056cb74332ae83e0f00ee64c88f5950c78a14b6644199497d58d104e2,e55d942e5aa37f62f3ced3cc4bbda3fa901ff0aee462c92618c48cc77873c8d5,dense_v1_train_x2.88_family1/variant_11,32,-0.22944884300231935,-3.5489594625494556,-275.1096378805752,5.707586961992272,234.89943997249637,1.9015194499307604,-0.6270183563232422,1.3333550640259615,1.7734556198120117,-0.01073894090950489,0.6857834458351135,-2.174729670411121,122.71986662907334,15.558243731109217,3.5274951457977295,0.007302561774849892,0.6625452041625977,40.609883502835046,1.3063412336046982,7.6789286806825094,1,1,1,1,1,1,1
pi3_causal_upstream_000163,upstream,7a5cf14e2ad1d9cabbf3f0332a1a71a399440ffc151d16629426aaba893c2126,ac03c3648407161781f7fef5d4f6093ad6a445800353fc429dc34d0f415d6e27,dense_v1_train_x2.88_family1,071531ae57ec6eb03b1e73124099c1af9ba16f6308a5947ccab91891e222ef7d,573d1fb863ce39839fdd9226de326b63c982719da61aa239f69de55d8e0ee77e,dense_v1_train_x2.88_family1/variant_11,34,-0.17811439037322999,-10.800595210014087,-296.1727391676006,14.54540351682449,328.6519825579254,3.9152872004243777,-0.5990201854705811,1.2456494651287437,1.8598551750183105,-0.010868867859244347,0.8469432592391968,-3.4587685221067295,99.7321204867759,13.024316119794419,3.6007063388824463,0.006969211623072624,0.6927139759063721,39.60531294008791,-8.6690886842181,8.238411618179633,1,1,1,1,1,1,1
pi3_causal_upstream_000164,upstream,3d787e65dc749405f38aaf7aca556839d6b42c616b406fcdbcf4373453edc605,a5745976d29cda276ab4d525f575e41c37674ecde8f57c80495862240f4251bc,dense_v1_train_x2.88_family1,e35e5bcd264f191ceab1f85569ca971a883e0ce01199e0bcfba4d51b4000ddf3,3bcbee2bdfd164b20377d28f34c830a0c1cb0470285a459367ea4a6c310a99bf,dense_v1_train_x2.88_family1/variant_11,35,-0.037635215520858765,-8.724518230653693,-10.557484018017593,13.842737560675673,86.41080639752816,2.3404978215548424,-0.4347637224197388,1.1854467031386262,1.8466265201568604,-0.010781952179968357,0.6136789917945862,-3.404007266992741,-34.748242477886784,9.726274755462782,3.63714337348938,0.00673472136259079,0.7043190598487854,38.09440337869481,11.927849630632993,8.401682383252494,1,1,1,1,1,1,1
pi3_causal_upstream_000165,upstream,acb70c6ba06e3cfbf829817c2b60215646d630754df9f22aee60840115bf3fca,84b10dada75ed36968b81e02b355fa1d7dcd9529f7c60adddcb3f7952d5fa331,dense_v1_train_x2.88_family1,4baa93b6a817e0c8c815500b7cc220ea71e35a5da151ba4a9d1126fbe69b2b65,4cb6248c51046b332af14171808d9f576dd4869e855533700a45bf404202f48e,dense_v1_train_x2.88_family1/variant_11,36,-0.11344526171684266,-14.383879788237442,-177.14722623793878,20.743110339504888,215.66600976033396,3.940984600319972,-0.5343129968643189,1.1263002366868602,1.8634988069534302,-0.013913917355239391,0.673580527305603,-3.9809061751897623,46.71592918685388,11.100020457943693,3.675004005432129,0.006536409724503756,0.7199638485908508,38.67575492990044,-0.6751931210380272,8.665021766607214,1,1,1,1,1,1,1
pi3_causal_upstream_000166,upstream,2647742348ea83bb230be247a2cbdc6148d85cff4e611bc5680114dae75be9b2,949e74b3be0a8ffbd8aed5c6bd5ae6d862c176d39121d228e0a0f3baba1a02c7,dense_v1_train_x2.88_family1,d3b4bf2a7be1d9b7d9e54f0010f3cbecfd4e5582c7e7397a8b03be23ad6ee2b3,c2781d7f09ed3c63e4b9a21c455360543de2fa81d2554af889aa178c18d6068e,dense_v1_train_x2.88_family1/variant_11,38,-0.20616294622421266,-19.678510951689805,-384.62101148511107,32.12733155371823,364.9054518798158,3.1903837858083803,-0.6629070281982422,0.9804206722120008,1.8763583898544312,-0.01761670410633087,0.6149292588233948,-4.351479369269273,151.934880652779,12.462504032256897,3.7518606185913086,0.006323538720607758,0.7418336272239685,38.65351583396288,-20.15172182531392,8.978138252145222,1,1,1,1,1,1,1
pi3_causal_upstream_000167,upstream,b9a064d0881a1360a1b8ee83877ef6eb30e58120b4bf1cabcd9dc5250363a960,5486cf0933daba635f4c530daae3e294d7fbf969d9323889cf741981b84cd65e,dense_v1_train_x2.88_family1,163ebcee63f9be89dee7942e98d94e0db29e4488ae0cb8b17b3deb328d875af5,8720b8df98db3b5d544f654d47d0aa18331f617de2727a06a11d44b21abfdb1b,dense_v1_train_x2.88_family1/variant_11,39,-0.04242896676063538,-23.060764279619466,-188.69622918097326,38.987908235348364,376.28402794268015,2.9123214775106154,-0.4634245586395264,0.8989447734989214,1.9512274265289307,-0.004008049611002207,0.382564902305603,-4.598443641731302,-11.34585774919267,6.822109056224626,3.790724754333496,0.00623434130102396,0.7500447630882263,37.178720897806215,9.547194879387865,9.130644354392418,1,1,1,1,1,1,1
pi3_causal_upstream_000168,upstream,3bf810dfacd468da643b0689a84aff8ceadd3a6dd784b82d05afd05105b64eb7,8f47b97333f22001476fe4152cf7698687901562c350d9e2ff2dd9efae8e84f3,dense_v1_train_x2.88_family1,b0f7594cf8c9d90e9004d41e9cb5b9c4c886d55ec399c51452861f35528e57f5,dc070fc66fe11f9f823daf2e91c07eaab6841e332213639a3efddd32d70e83d9,dense_v1_train_x2.88_family1/variant_11,40,-0.10604828000068665,-28.123647124533296,-277.1821358408105,47.11283830971249,377.5021512000169,3.449450836985802,-0.5475908374786378,0.8126536228538881,1.9215507507324219,-0.01044045202434063,0.31853288412094116,-4.9565261273661525,57.614148290674954,7.597198069464026,3.829679012298584,0.0061101969331502914,0.7576748728752136,33.0661820362715,69.17851915934196,9.31453582621177,1,1,1,1,1,1,1
pi3_causal_upstream_000169,upstream,169685d3f6be1c6196742f6db82a2e52534ccd95c5f3c2002c556d978312ffd6,54c78c7a21e1e87af63168bb62eb73ef622c84aaadf39e58a2293c3013fd8c99,dense_v1_train_x2.88_family1,32a02b98911c06c38869f013bcbac945e1943768bea025d93bb88f7279527060,1a03b29d7dbb36152d5db2ca071fd4f520bbdb04a358674bb3cf292e98a12d6b,dense_v1_train_x2.88_family1/variant_11,42,-0.1562454986572266,-44.16106277686476,-454.0618235689599,73.58991294801059,580.3533053980595,4.9164607490875865,-0.6070499420166017,0.5992094265619932,1.9491466283798218,-0.014308318495750427,0.5225615501403809,-6.6118207651714505,106.26871397531565,5.632865119359155,3.910344362258911,0.00602736184373498,0.7816852331161499,27.1238730621308,95.97508614135117,9.576130338657059,1,1,1,1,1,1,1
pi3_causal_downstream_000170,downstream,291565be8e032ddbadf0ed396212e8daf4e5e507751393208955a24e5ef27d8c,fe278c8d7751efa552bd7e63e93d2e9b9b2c9e71e4a8649ef5c167d6cc711925,dense_v1_train_x2.88_family1,a502897dd518d643cfab84b74945271cc8e36c007c2193bb4670be3d7aef886a,8453b8cbfe5fe76297f73518fe9b6515ddab9946c94b30e5263fe279ee36410d,dense_v1_train_x2.88_family1/variant_11,43,-0.27922661781311037,-51.033739138609576,-333.27132145587507,78.73844124247451,74.63696728739521,7.8664033383954095,-0.7375106048583985,0.483444817035701,1.7684202194213867,-0.03546566888689995,-0.3474186062812805,-7.329697125715062,213.06134444110629,9.538329293845187,3.9472708702087402,0.00551980547606945,0.7810857892036438,11.156968867695966,-190.8211556732776,9.82438675360094,1,1,1,1,1,1,1
pi3_causal_downstream_000171,downstream,dc23c43da5ecec03618afaf290092184996d3c9985e2fbc568c69721b326032f,76bb90f82c2ccff5d8d97053e56242ffc07ea60e09d91acfd28d252155539925,dense_v1_train_x2.88_family1,74f4edcbde62db6ee815f4b0c7a25f8fce504cd862401d207bc8d52163982841,22ec8f52ecdf33f81b417020d88e8c4908a3ae8f1fed25e21ffcdcad976e4bf9,dense_v1_train_x2.88_family1/variant_11,45,0.09267237305641175,-60.9073718103208,-184.0414006200962,97.12307701629024,534.9944016105984,7.291522407855936,-0.3603244686126709,0.18891151888585359,1.9851187467575073,-0.006897930055856705,-0.1017920970916748,-8.857715457205403,-95.65512592968193,0.8679648049953234,4.025238990783691,0.005089417565613985,0.7792784571647644,-12.874515557144052,109.4804396777849,10.057789145821209,1,1,1,1,1,1,1
pi3_causal_downstream_000172,downstream,055be67a97cf8181742265e8465d355291a78a903fa840bc221b06efcc3cc772,45774836e745fb8c3db868b2ebcb25337640e584571aded2b5ab9e95842bcb2a,dense_v1_train_x2.88_family1,889da36628166c35ff69550e3434706ce3e00a551636a3085e16ec04066f0574,66c2145068f9a08e91995ad266cf9394eccf57d4da27b2850dec4173237a50bd,dense_v1_train_x2.88_family1/variant_11,47,0.026141116917133334,-66.17217041502583,-128.51192168675752,111.84914245175615,313.2505070361936,4.452579047195441,-0.4128402900695801,-0.19483770383492738,1.9128921031951904,-0.018224438652396202,-0.8168473839759827,-10.751910475383884,-52.69359805032773,1.4369303951105223,4.102874279022217,0.004566133487969637,0.7568079233169556,-26.140979812261993,76.26715585735883,10.168690280026063,1,1,1,1,1,1,1
pi3_causal_downstream_000173,downstream,053237e64a02f6d6538d272ab05d01613986d24cffca0686e66f7864679949bd,48e20a4465479aa7f075124f4091f6c7cb7b26e20aac2bc45d99b7a4862f3b71,dense_v1_train_x2.88_family1,f7bdd23f349b1f27c6ff1b646e7994f19261886962ce83855fdc59f47bab0769,ac8936f5bfa2d37ef8a2f2c9ba15d41d3450cee9b558d2e43565dd4eae4b4a22,dense_v1_train_x2.88_family1/variant_11,48,-0.01879401534795761,-67.93905839103809,-101.91135381317099,116.64924913627937,183.31084358647163,3.3609533682516863,-0.4498985815048218,-0.4145222956759455,1.8788244724273682,-0.024517305195331573,-1.2548877000808716,-11.410946036888305,-22.354493691136174,1.7287129815239994,4.141021728515625,0.004180900286883116,0.735400915145874,-31.70558786303745,102.07939695732082,10.225713786818067,1,1,1,1,1,1,1
pi3_causal_downstream_000174,downstream,c99f79432d436fc829ace5febf40ec59b31f29388ad1a72dbfe34a6792889bf3,bac24b6c7aee319e06649d6027f9d5de5b0b46bf24ede73cf9e267db96f7752a,dense_v1_train_x2.88_family1,1bf494d60dcb88e57a73087b42bbcf5cb4d451c7c842876b3881c0385b20a0f1,cb45fd83410667f206069b1734a585e8045d564c504a850c28c0f4c8956b4470,dense_v1_train_x2.88_family1/variant_11,49,0.0050569759309291844,-69.3659190595996,-84.2602871864038,121.01046152511591,224.08546100680363,2.1704966114890816,-0.41312918186187747,-0.6529094920038555,1.8939913511276245,-0.022250225767493248,-1.3714519739151,-12.542108179486103,-52.43949110754116,1.20491239082148,4.179096221923828,0.0037730084732174873,0.7093358039855957,-34.13668099998218,56.386722315688644,10.272785740431496,1,1,1,1,1,1,1
pi3_causal_downstream_000175,downstream,2b02c4ec86e2b0f2868cde4a0cbb2372f38cedc0960f750e12ec9e9672ff6c7a,f38f1bb2c3d8c43ed2d67db2a3ec23647c26902dc9553b52e2c6468f34bef2be,dense_v1_train_x2.88_family1,a1f2556be1ad70c43351c3fbe88ce66a580c387cf4c0ef843c4a838c1d39cfd9,9f8828a2b794d13cce24ea4d1cb0de7c6b518f2ae7ebc27a4fdbe6d0fd420d7e,dense_v1_train_x2.88_family1/variant_11,51,-0.024421486854553226,-71.0292545376053,-57.41528733299003,122.57611846780125,113.17294922612051,1.7089544323508492,-0.44222630977630617,-1.1431494842578427,1.8702392578125,-0.02638210728764534,-1.9901117086410522,-12.765066898336476,-28.651188737910278,1.4509886319697012,4.253712177276611,0.0025893307756632566,0.6311160922050476,-35.543976591666194,-4.042099547511199,10.3635775596661,1,1,1,1,1,1,1
pi3_causal_downstream_000176,downstream,0c7bd10b3c7a2801170a69141bd26eca596eb8f8b607ea8fff7ad61c100b6684,04393ea2ee0a5f47cabde66afa612637df7d2a8586902ec153b87926ca911a22,dense_v1_train_x2.88_family1,25e285ad6a9226635fb14ec70fe24d927b534a92c33f10568206e9dc0553bd26,0d92dca0eea331df69d8a3bcba7cfc197832c7c93a5dd418509b51cda0a33f9a,dense_v1_train_x2.88_family1/variant_11,52,-0.1354213905334473,-71.31065833140983,-41.84217940269958,121.12235368409905,-192.27239328698687,1.973909061669859,-0.5768529224395752,-1.3870764202837076,1.8104887008666992,-0.04583510756492615,-2.787860870361328,-11.636110053066945,81.55527955807946,3.1422953354521854,4.29075288772583,0.0018757241778075695,0.5814629197120667,-36.105950896196504,5.732042454315502,10.402499320542518,1,1,1,1,1,1,1
pi3_causal_downstream_000177,downstream,c964a073237158cb0054e967892ef83d852bde3bf600396711ddd166f10a1175,e1f7cf1a4a1ab27e83e052c5d3a405de126353768ccc1a89c9f928b66d856591,dense_v1_train_x2.88_family1,639d13799c21398a225d245799d05682cc85f2d251495b4b7582f5fea808d3ea,f58734cf896f1ec6c96a3e5e177d43f4181c5ec9a650aa4a89340f3d37aecb3f,dense_v1_train_x2.88_family1/variant_11,53,-0.01608562871813774,-71.73041443704213,-37.78475675267228,120.7706672437351,92.58771529418588,1.9176377748732054,-0.43618378162384036,-1.626654607630782,1.8691353797912598,-0.024581659585237503,-2.4327757358551025,-12.430029044074425,-33.58346641306242,1.2003607100699012,4.327943801879883,0.001252773916348815,0.5302186608314514,-34.155098605079125,-33.071246621541064,10.433738775639753,1,1,1,1,1,1,1
pi3_causal_downstream_000178,downstream,51e64091f133d4f5b947856efa364f1b57b55b82fe449a8a9be91105083fe606,3d4789618629a10ee62cc065081410d5cc67f7fdaf501d18c2074b6d7418b9dd,dense_v1_train_x2.88_family1,408a609a1c92c7309638046f621c61eb8a664209713b65a77c7d7697a0ba404a,de0930eeeb10fdc488a45274bcf6b6e18cdf510dfa30628da0b0347066d4956c,dense_v1_train_x2.88_family1/variant_11,55,0.006557437404990197,-71.84392535085857,-25.459997999180676,118.99066530451641,116.57508694227137,1.7499856303297965,-0.4148357963562012,-2.0982852879435474,1.8740508556365967,-0.01987668126821518,-2.7844557762145996,-12.192771324196631,-51.090238463423916,0.7609940107525802,4.402451038360596,-2.2362752133631147e-05,0.4135609567165375,-32.53191780920393,-39.641267055878856,10.499815949655954,1,1,1,1,1,1,1
pi3_causal_downstream_000179,downstream,6f46105d6593d5139361c4009487a8aa0eb66dc998e8e3d68fd0922a56d1a583,e8a286c1a56f936ea9d50fd0dbe70925749369e4814a7c9802e07106754de41b,dense_v1_train_x2.88_family1,d4a5a52545cd6e619ab5419ae1a9100d5e727fa080f62f4b4f01aa05cc2fa577,085d9d169dcf2a0439d237a519fde93fd5f9e5e651d963dc1406a70ed3cead5d,dense_v1_train_x2.88_family1/variant_11,56,-0.11205973267555237,-71.6144173343678,-19.159431942694468,117.67040339833129,-177.61774430948262,1.6469035271989376,-0.5538415145874024,-2.3322529565904606,1.8335098028182983,-0.04478380084037781,-3.537631034851074,-11.229935778599213,62.67918435272463,2.511650735893391,4.439800262451172,-0.0006846356554888189,0.3484336733818054,-33.629833152243044,7.088331473938329,10.5367562218026,1,1,1,1,1,1,1
pi3_causal_upstream_000180,upstream,d70b4bf3415bb1888882d70a7b3e6819545ce25b410b3c2b5695c0ecbe73ff37,42eca32d3a9c3e71504ec9098e389d0e4841f59790f02c61069480f11f6b25a9,dense_v1_train_x2.88_family2,77bc2fa06a88f298b20d65a84809e65df2b7e242ca4e6c2d9846b601621f1e45,f859d15ffa09108ba82871feec8215c5d77ec9d6bcd441f297ac7c2862df8d34,dense_v1_train_x2.88_family2/variant_2,7,1.8824261283874513,-71.80833323509364,29.3266124845545,140.572587760896,-230.76731212842205,0.09209180485921158,0.27199454307556153,0.02626723230742656,1.8772661685943604,0.09135784953832626,-0.0001871800923254341,15.165753740643606,13.407243845422013,46.33631410297374,2.7774407863616943,0.000767094548791647,0.11903342604637146,6.062003343590118,52.94935448379886,1.1132497776821428,1,1,1,1,1,1,1
pi3_causal_upstream_000181,upstream,aa17e531fd6f6e8bbad9975515358a0153d41ae382deedfa27223860c6573145,a73702bdd9812ef37b29952e637ba720dc348f0578408a5d33829b8938594f06,dense_v1_train_x2.88_family2,082076588b0a1e36e5f6a173ecc9ee8e88f00e6aeb34b2ee3f9353bd5705157a,87fd0bfaafbbae8577268b90312aa8bb3781afafe9077977ec480724747f89cf,dense_v1_train_x2.88_family2/variant_2,9,0.938845386505127,-63.29918794444337,394.37006833655045,124.39637754198799,-580.8278123000787,-0.17325950835985965,-0.028235920369625096,0.5504635771169895,0.9384967088699341,0.035652078688144684,0.1401216983795166,7.566358057814127,56.33778742538009,21.365895525763115,2.843928813934326,0.004274530801922083,0.11756808310747147,3.6423827900168897,28.879726867538903,2.6398639685257095,1,1,1,1,1,1,1
pi3_causal_upstream_000182,upstream,5794a85f777714efe8a84eb23515f5914d70c171556f7184d81be53f113294cf,412946ee35f7d12480106a9ec9534d61f3c36465d0e4786e32f019a633d0e75a,dense_v1_train_x2.88_family2,ceb2398fe4fd3e8445dcf6b94f5548fc06749d035700e976b3702a675ebd8b81,ce748d0dba5a5556718b4cd3445c3aad6fa3dbc1963cc98260a0d91bda303272,dense_v1_train_x2.88_family2/variant_2,12,-1.1320984077453615,-47.17120569126483,-250.1321278594588,69.64777364588936,-1264.307575825033,15.070564538779495,-0.47936921596527104,0.9518905396851779,0.7370990514755249,0.006638945080339909,1.8657957315444946,3.2384558612295025,705.7570538803544,13.164797743095948,2.8792009353637695,0.005083687137812376,0.15973439812660217,-2.7070869940397855,75.98698832779408,3.1739601004799964,1,1,1,1,1,1,1
pi3_causal_upstream_000183,upstream,23647004b70f32de4c98532c10276e2c3435a3359ed7859374650df15336e66a,fcd2ee8793869e34f15227df8df249bf27ef9be387023ce556135f4169b686d2,dense_v1_train_x2.88_family2,510d1a1cde81210ad7fe1772a80e19d653baa6cd21b83451b998e39f81edaa94,f46c8f73480ec852ccc46f4ea71e5c61ebb08bc0fe371455051434c4ec3bc00b,dense_v1_train_x2.88_family2/variant_2,14,-0.26726746559143066,-60.54180642556337,-229.42703776796878,52.507263659580616,439.02909630013875,32.73312002257104,0.5558999061584473,1.3567448197957637,1.6709946393966675,0.026580138131976128,3.1149237155914307,4.750797414470783,-6.954544289797058,-1.029661369384883,2.9289112091064453,0.005681780166924,0.27206185460090637,4.4749465644614785,-68.4263923883185,3.935284129307876,1,1,1,1,1,1,1
pi3_causal_upstream_000184,upstream,e97759c6a33106e9d43d764382572059e071b0b50d425ce681347528ead2526d,1276cb58b967ab2404321c3934ed1ee8b5465c6c830c53c477373fc291d3cc14,dense_v1_train_x2.88_family2,7cd9b964ba846ca92e0207a2b941cbf39661eee25313c864f50de4b67ecc873d,ec1f332d8e068fd705bdbeb59a05e54bb48cc5cc58a743f799206579383320cf,dense_v1_train_x2.88_family2/variant_2,16,-0.17418816566467288,-65.13480811407346,-33.41554621231765,76.17468192618603,216.99240517639376,26.083552076254257,0.6356400489807129,1.4006003106303466,1.594411015510559,0.02761208452284336,2.468751907348633,4.945629841205866,-72.21979749107355,0.01089368815376085,2.998753786087036,0.006810067221522331,0.3922533690929413,31.727874770299202,-89.3227687577039,3.4631988992147047,1,1,1,1,1,1,1
pi3_causal_upstream_000185,upstream,0505cbfb51b93150cf4dd987ddf3b5f776e4a34928b551f7fcd31c202211d7e7,ab13c945c171b32d84b0dda1be6956f367a0a260b582ea9cef88181450b05dce,dense_v1_train_x2.88_family2,e12d26d32a433f6547858ea162eaa6a99582061574c11f113744b5236c522d92,d801628cc2cabc8714f6e483fcdee52d124ec5231251b59a80e53dc208c31664,dense_v1_train_x2.88_family2/variant_2,17,-0.29809216976165775,-63.02259260381454,134.53209140234176,73.00367098135922,-392.4854005784905,25.65746321844395,0.4808968877792359,1.5026800010961574,1.3261679410934448,0.0349007248878479,1.4670143127441406,4.135621912721598,54.44287096847053,3.5688447045443015,3.027323007583618,0.00747415516525507,0.42875030636787415,34.77220961168436,-63.412063650667,3.4712144681152037,1,1,1,1,1,1,1
pi3_causal_upstream_000186,upstream,af887f95827013397ffd26e8d9182fe989ef5e439492d2ca415a08fc62b61664,99db4c3e78505f8d74bf2dc43915b422eacd33ef4653e3cffa159f67b7f7582f,dense_v1_train_x2.88_family2,d319c0f35c490655bd8ea3482a0788f04ae1b5ba037a17ac3be7d97ebcf97c4b,6b339b0f462c4932183e1dff02995c8c612cc3e7e1890638a3139a5d8ab14448,dense_v1_train_x2.88_family2/variant_2,19,-0.12047703981399538,-47.576099305263185,428.18251001134837,47.07581185422185,-548.4913471841638,24.017909468959353,0.6963734817504883,1.6857548148297907,1.2924537658691406,0.037024013698101044,0.8782704472541809,3.960509522780812,-121.92820672313384,0.4363846280535228,3.0765888690948486,0.009043123573064804,0.4646269381046295,34.65716532039925,12.423557439835838,3.5282945999092026,1,1,1,1,1,1,1
pi3_causal_upstream_000187,upstream,d847395def2ce48aedfb9e725e68dbc68c0bfb6cd1f461fb770c7d45a9d22e59,887de3dbeaafb9a6d33995fd364b571d929506c430f29b5e134c8994b15bac88,dense_v1_train_x2.88_family2,57b0451d5a0666a5aa35a5663ba705faf3a1a78cf0a3ddf08747117c969c1a53,fd90a79c584f87bb923382b18f213fc118a6ba1ae38f7b141cfb606a738de99a,dense_v1_train_x2.88_family2/variant_2,21,-0.04742266416549683,-27.533281431170536,522.305166887522,23.368933877233978,-565.5255111250955,17.39601696281344,0.7888859462738038,1.7530979847758517,1.3318206071853638,0.032510679215192795,0.7228831648826599,3.6694704664915143,-197.65435012652515,-1.6126125722384765,3.1282992362976074,0.010452082380652428,0.49484044313430786,37.442492558268356,-30.955581865751274,3.2727963261320765,1,1,1,1,1,1,1
pi3_causal_upstream_000188,upstream,527940aec8a8e76c2626629710e76ebb783581d8f4bc4638401a5f66bbaf648c,f54c18a9f526f29772ffc2919da31221c646e0ea5343d4a963d17947d58d30c3,dense_v1_train_x2.88_family2,d5a6c1babbad89f027960ffa3a5bf8b956ee8dfc83a949ab67d275e19b4ec0fc,c46633d66c953468761730fc87265b34d41bbd23c9cc6a43400543d372178533,dense_v1_train_x2.88_family2/variant_2,23,-0.0274549674987793,-13.0342284318274,440.9044476801708,9.161020252583574,-374.37425240923125,11.237330899505544,0.8058421421051026,1.81828358456175,1.452640414237976,0.02771896682679653,0.7064762115478516,3.2660671143926905,-211.52012591527125,-4.204046320939963,3.1848912239074707,0.011581565253436565,0.5271971225738525,39.33374120359362,1.2331679229224708,2.9717818593954277,1,1,1,1,1,1,1
pi3_causal_upstream_000189,upstream,5eac6df19aa822ce9b35b274774b9dfb6f2412e1cc8216eae172107d877fea78,75369e56acf3e01ec3b0e6df37bd08074f0dee488aecb4483d63516a2c55a8cd,dense_v1_train_x2.88_family2,76708e57cfe866a2afadf19cb7ab9778900edfdb78e1bb668ebe764e89a5fea7,7ef0e3e61f75ceff4bfa5d1dde756db20b110464237fd3a4614dddec45245a68,dense_v1_train_x2.88_family2/variant_2,25,-0.06477229356765747,-4.929743674970063,284.57811056091043,5.105764053183639,-168.27073971334687,6.118883202149515,0.7532732486724855,1.8808602846121825,1.563215970993042,0.020354419946670532,0.7044621109962463,2.2558048696328186,-168.45921195330422,-5.44919279484105,3.246535301208496,0.012500484474003315,0.5584524869918823,40.28118747921735,19.401328214792347,2.643409614488621,1,1,0,1,0,1,1
pi3_causal_upstream_000190,upstream,dfc0fd5a5315aac62c7b588a378bda36c3cf6910e7a98fa0eef1964474b20f87,eb10d91e951744e37ae04cd774ffbef7c7b29a6e0e438b6d63afed0f39c16045,dense_v1_train_x2.88_family2,539360acbb5e17c359b6889850de08d1a33ab24d843199fca7a1f9a61e336ae7,5d32f00fb4319fafe08768e75c47d4c42fafa5585d24218a53aad5bab7622ec6,dense_v1_train_x2.88_family2/variant_2,26,-0.0795206117630005,-2.8890415259816327,263.41007024747694,5.266251300564136,-153.37849577537455,4.301969530227066,0.7398196697235108,1.9080727316188422,1.586133599281311,0.016581902280449867,0.6499366164207458,1.6913125731763021,-157.44573682233374,-5.809523693373304,3.2785484790802,0.012835570611059666,0.5734356641769409,40.13333778934867,26.359122393973863,2.50171219239333,1,1,1,1,1,1,1
pi3_causal_upstream_000191,upstream,105e88f7bf055e8e9fe19aa84c849cb8cc4d712ace10cb3c7bf433b18d673ac6,70ab6e50cea4072d8d03f60ee277916fc1fc78024865d70bf1a42ea854435247,dense_v1_train_x2.88_family2,11dbeaff57f74024ba81ba8fd02834151a5c3b619c2018761aa48539d4184192,b6e9e89e2d400e84207beaf5cc28b370620b386dd791ce6da52111cdff463514,dense_v1_train_x2.88_family2/variant_2,28,-0.17906943559646607,0.24431989535574936,31.267793227807143,6.195809737638429,46.92403480558041,1.172613178589454,0.609259672164917,1.9392867210431715,1.651808261871338,0.005562952253967524,0.6360986232757568,0.8966644594749237,-50.562336557568216,-4.145647776649531,3.3441405296325684,0.01320184301584959,0.6023810505867004,40.7348930401192,5.513801688634316,2.2044654266654833,1,1,1,1,1,1,1
pi3_causal_upstream_000192,upstream,6073e0d9bfe7e6e7f3f859961dae76bb3f25fae51c4ad7fe1e53f18e037f6c83,48936546d76e2906d777bc032db8b9499dea1094defa0af8e4f4f886c16170f1,dense_v1_train_x2.88_family2,19b3f44565b72412ba27b94695ffcfd4f0b64a510cb3d26ff4f24f29c92361ae,1d4aae7edddab7a843808047e24a85a9930f9994b5fe19045bf9c0798c956efc,dense_v1_train_x2.88_family2/variant_2,29,-0.203348662853241,-2.8051930565134984,-78.1554641062464,11.182127015730062,193.41573963329031,1.5142764053757087,0.5740861701965333,1.9503385872986676,1.7296758890151978,-0.003411626908928156,0.7810699343681335,0.11925374220667392,-21.768094630133902,-5.0235499199178415,3.378275156021118,0.01320600789040327,0.6173034310340881,41.30320917529387,29.12339386617911,2.1435119430141563,1,1,1,1,1,1,1
pi3_causal_upstream_000193,upstream,8394227381e0858b6ae2b3b283e9361537e4343e4e3b1b890d824e649497187d,a2387ab49f5d5ae3f75c62463aedf0a09e4dfa8b2a941ad1b0e25de2a7c159a8,dense_v1_train_x2.88_family2,8eb98ed560ba2d3f7cccbe6e943e456f095e94cc521c107f9c44976f21591312,33f0425fd1c48a22122ce77f87feac77777d31fd65f6ea53ec37bcacbded592b,dense_v1_train_x2.88_family2/variant_2,31,-0.2576658940315247,-7.781090667582865,-210.8904234549311,19.033404707223976,296.501544474245,2.089013298337294,0.4963054513931275,1.9486712340608354,1.7885831594467163,-0.01921149529516697,0.8821746110916138,-0.6870902433551316,41.808718305955686,-4.496076608432559,3.4474008083343506,0.012810517102479935,0.647380530834198,40.51556200549176,46.41693424084198,2.016591315547831,1,1,1,1,1,1,1
pi3_causal_upstream_000194,upstream,c4ddda6db6ea5fa4d63e0333ebf2f3a3736915c0e7bf5cd5cd80393b2e7db506,7ae95447264001dd89d4e6cd1b52e4a7d6d87e9b0821107f03004c34dfd74c81,dense_v1_train_x2.88_family2,dd378d2973230029577a6aa6f21b9f61f4fbc615160c7df303497010bb930931,b3f99b092d79764eaf9472cc117e6111ce4ebe1d4115b05f888e22aa28d4e9f6,dense_v1_train_x2.88_family2/variant_2,32,-0.14635822296142578,-6.843902055432021,110.29445479287784,19.12214764756266,-74.23409540939117,1.1143139137234153,0.6321406364440919,1.9308011850164035,1.7139759063720703,-0.017062559723854065,0.5570453405380249,-0.9617563757085567,-69.36371973868687,-6.220674614425038,3.48189640045166,0.012468729168176651,0.6605625748634338,38.85910794307485,50.24473276116262,1.887409469862136,1,1,1,1,1,1,1
pi3_causal_upstream_000195,upstream,a9d9969166b82e6df70dcf123a5e1008dff97319dbee51296abfc68fa23048ae,4c9656cb8981dd85d9e059870045e71b89a115a334bbf50c24cd0cf79fb5132c,dense_v1_train_x2.88_family2,7b9ea6ff29ab62b12e4c6af3f9c7657202074671830c59f620ec2d0b1a338a0a,12ee2c090c6c62957bbbdc699d92527780e0a6d9fdb1ce9f5200ab8b7d8c5b1d,dense_v1_train_x2.88_family2/variant_2,34,-0.23138975858688357,-18.596549223004548,-179.69969525152922,34.889180016315414,320.56208793890886,3.817280179947644,0.5438331413269043,1.8696473400191829,1.8572795391082764,-0.03208006173372269,0.70445716381073,-1.7275791701217773,2.86176836718236,-6.134147216698377,3.555473804473877,0.011253478936851025,0.6942537426948547,38.75348931284436,13.214508713648947,1.7970902946578935,1,1,1,1,1,1,1
pi3_causal_upstream_000196,upstream,977f72596e3522cfdd015d75c8e958baf2170f2ea1f455932ded12b0fb8b3f3a,03761b20b79df5648c878645e675d395bf7366c0d67adc692bba196544b163af,dense_v1_train_x2.88_family2,4c0799c518f558c434877fc408ef7315b97b13f9edd2d66a3aa299ab32feb859,99c3ca50b2b75c50d809576994071b97b51ca380a0896dd1ebb426d565164796,dense_v1_train_x2.88_family2/variant_2,35,-0.1721236824989319,-22.695697498671453,-79.25502893997007,42.18582329531584,277.8185728676723,3.9283895348872706,0.6223706531524659,1.825364721842852,1.8728073835372925,-0.03170916065573692,0.49272939562797546,-1.9193719492327932,-61.42384339460048,-7.453170724209614,3.5929110050201416,0.01056271605193615,0.7078839540481567,38.644984927689535,20.685084467411045,1.6798763611799243,1,1,1,1,1,1,1
pi3_causal_upstream_000197,upstream,654d8e4ef1aa5576ff717924295a9d290870053ff17e8547430aebabe2164b15,24dd1b6d64420ef8aa2f8eb54476359be456c4e8bd809c1b28dbceb6eb74a799,dense_v1_train_x2.88_family2,6bd9ffbedd8d28a9b24427ec3d89f76ae8fb1cba9f016a50471504715a4bca93,6e7ce1c6f7fe7df2f376e82e90ae13d7878d8c3455bd0d8185265d8211aea270,dense_v1_train_x2.88_family2/variant_2,36,-0.23258806705474855,-31.433268220829042,-343.7907416834218,55.51883066842264,656.7338355654515,5.272559165397414,0.5541536378860474,1.7780457765574116,1.9972636699676514,-0.04977094382047653,0.9039248824119568,-2.2644836921903777,-5.625167923051374,-6.831045078093118,3.6322286128997803,0.009584581479430199,0.7272332906723022,37.74084205140368,35.220601285411945,1.6207012176314857,1,1,1,1,1,1,1
pi3_causal_upstream_000198,upstream,f9101d9e9386deef559cd8177d17c58ad5985ab873858ddc41a303f469627efc,e0ef71b89f108133d076c6186b245b5d6b016a4927ebae5e46caeff0f6c39e2f,dense_v1_train_x2.88_family2,60241abd99d8f6be9205761b64f17c808eacc61531d81cdb32757821acd09223,459c4d04bdeff1c7fe2ecffdbdd90699c25cbf309f9fad1ebeb7cf7d69767321,dense_v1_train_x2.88_family2/variant_2,38,-0.22983623504638673,-50.019684858199874,-311.2178154184411,80.2150051976262,615.085199818168,9.285051291460146,0.5787414169311524,1.6727567608068816,1.9798966646194458,-0.05975169315934181,0.7657008171081543,-2.8757574483761927,-25.74262781194122,-5.632845055678469,3.7096610069274902,0.007238689344376326,0.7643027305603027,34.09671756314844,56.97959639602409,1.6198887767661643,1,1,1,1,1,1,1
pi3_causal_upstream_000199,upstream,aea957108747d069d6aa12ee99480be411b2f3ca9037ca25924f6ed82d50b1e7,ac22a7870fc561bc259487b5297f07c9943400f56b7a1df9ad5d75772e7691e1,dense_v1_train_x2.88_family2,3a6b2b7c6b86bdb2811cdde9eee1ed9d298abc76afdc7441603b0c38ad78d103,33b1422bc6b01fd65c44ff7f4b2db3b424834e8852e4b2aea3a27b43a87e6b31,dense_v1_train_x2.88_family2/variant_2,39,-0.09215727448463441,-56.2663777976076,-220.2083314452026,95.70916638639507,782.8606005525272,7.468989330240385,0.7515297508239747,1.576734150110162,2.0795373916625977,-0.07115600258111954,0.9271432757377625,-4.144921215276571,-167.1550692935603,-7.644340888889101,3.7506322860717773,0.005856762640178204,0.783958375453949,29.684418774414787,90.26631841040613,1.4542250477976715,1,1,1,1,1,1,1
pi3_causal_upstream_000200,upstream,d23d0c1fce2ef406d59e4df9f9fc7adcea2ae5faecf0b045b5f6c0015312caf8,d3cf90caf8ecc8969964457c613ad85d04389200c554a5d3f7653a65105f4364,dense_v1_train_x2.88_family2,02522e20b74ccf8957afb14ded686a34b767fcd3d7a154f35f8baec8284f2fe3,a847d5e2fc15af8d275790b98680a9915d8da199185e2567963e75c4080c4647,dense_v1_train_x2.88_family2/variant_2,40,-0.10589100003242494,-60.656457980971204,-156.5069273209155,110.08054692845138,632.8352222256303,4.621308884492379,0.7394205951690674,1.4578782743864387,2.0224692821502686,-0.06963042914867401,0.5910838842391968,-5.543339268586859,-157.25561167659728,-6.24140338478238,3.791457414627075,0.004417906515300274,0.8001759052276611,28.563113448562962,41.37463929363386,1.2530652781377793,1,1,1,1,1,1,1
pi3_causal_upstream_000201,upstream,c28798f7844a4daf16d2cabc83b7d1cccc32635642185098799256246d238760,ab24184ebfa8e088c7154ddf9ed1f6e96e7541a7d5578d6130a562c2c9324691,dense_v1_train_x2.88_family2,e68507d6882a6716ae5f5fda4fa5315774045fb780701278a1a72e023b20333a,faa140f96ea2aafd446ea2fc8c4f325c577c3c15c6e6cca66aed617cbd866541,dense_v1_train_x2.88_family2/variant_2,41,-0.14611284017562867,-63.972357728661486,-112.23733625323382,121.0118958648416,460.22399291738867,2.2739818458406176,0.6996643447875978,1.3268921875356257,1.954100251197815,-0.06392204016447067,0.12393540889024734,-6.689074046665702,-124.68935167624652,-5.224020240925947,3.8309009075164795,0.003068399615585804,0.8079193830490112,23.608330300095634,93.04132864753393,1.107645070999599,1,1,1,1,1,1,1
pi3_causal_downstream_000202,downstream,18d7f093a27ebf0476461c6e4d63dc636789a7f51138ff92114711e711352ce0,01e472279fd65a9d3749a474ec20fdd877c123e1e6ff0ef2e86a4f008dec8c08,dense_v1_train_x2.88_family2,c93b0bd1ebec68f7c988f6461b447e4acafa2ff2953841aa54846296b78b97e6,efdf44767c2b7a71aa901968233711e924800246bb9a4aa4e4999cecd4cb821c,dense_v1_train_x2.88_family2/variant_2,42,-0.1820442366600037,-66.46817715327585,-76.22191951448583,128.77831272476635,318.84421340038057,0.4934165796814445,0.668139991760254,1.1829332684964473,1.9021681547164917,-0.05798107758164406,-0.33982110023498535,-7.571998086521265,-98.9061115595004,-4.58109496123947,3.8691132068634033,0.0018439468694850802,0.8061949610710144,16.411663915071262,138.44949175928923,1.0047647236068669,1,1,1,1,1,1,1
pi3_causal_downstream_000203,downstream,c328b6bc0b88875f6e162f4fc5b70c2136e13eb1f24a0912b9057c381b3fda40,2fb25f835cc1e43c4261e6164068237dd12454bf795fca08e1ef4b036b756d27,dense_v1_train_x2.88_family2,7e619433080af4b0a35eebbb5b5cde433a9ce9187243f056e351a548931ec21e,eb82a57bd16fc5feb209acd214a5a326daa845fde48462dde128683483c5f43f,dense_v1_train_x2.88_family2/variant_2,43,-0.32602355003356936,-67.94570416510051,-28.895736830953414,131.073310927404,-88.87795951819598,-0.001321022791349608,0.5244911432266236,1.044108843472075,1.7564257383346558,-0.03695368021726608,-1.4077812433242798,-6.318686975241074,18.654646812084675,-1.7750519730611278,3.905388593673706,0.0008993456140160561,0.7890350222587585,0.0683157655218791,-203.337559289596,0.9809495706101001,1,1,1,1,1,1,1
pi3_causal_downstream_000204,downstream,296d12b5e10e9fe860dcef89e24711104fa96f5c98c8b491de76445ad62bc40f,f583896f8e342f36ed9b64f1fad11aec86ddaae961f27de4e4265aadfdff43be,dense_v1_train_x2.88_family2,5e3a682e54bcf9389903a74b1486c1ec66e91acc48dc819007bce3029146297c,2d55adf672f14b85d5257e684d51066b0d621b4c945f6920d7dac54736dc4412,dense_v1_train_x2.88_family2/variant_2,44,-0.3394796323776245,-69.07551990665817,-22.114240079533683,128.71604872029252,-131.4507881620739,1.0030330518437451,0.5429790163040161,0.9256080203891146,1.7459053993225098,-0.03448828309774399,-1.6877479553222656,-5.778433952931875,32.136087856234184,-2.7033547225451966,3.939997673034668,0.00019109013373963535,0.7581659555435181,-10.051543731664422,112.25184357503093,0.985951930210632,1,1,1,1,1,1,1
pi3_causal_downstream_000205,downstream,e21f9fcf6ef90393747425fbd94f03e0ecebbf54660119f93e36098f021cc298,f30ae07f4275e8f9bd7b29bff0de87422b3f6fb839da0beae9a17f9ec982e57a,dense_v1_train_x2.88_family2,ef71cff5a0243fa86ab03e9dfc5d212ee28807f851ec2772bb386a23cdc91ed4,3a8727597b4fdbef89a89e76ef9d349e40bf7affd7976d6cb8a6a3a9ae7fb035,dense_v1_train_x2.88_family2/variant_2,45,-0.2043232846260071,-69.8845763044137,2.303422387205209,129.1636446769818,115.61543170350623,0.7621787636940429,0.6772198390960694,0.7993653807555849,1.8403019905090332,-0.04449934884905815,-1.3890718221664429,-6.77290650787797,-77.76789185198321,-4.358353100895245,3.9757299423217773,-0.0006273888284340501,0.7290618419647217,-13.218709279988506,75.50750221787001,0.9279894327234866,1,1,1,1,1,1,1
pi3_causal_downstream_000206,downstream,18d91dfd55ec39e74f604684fb3e93d4def6f9d8078de71e80dd51af1e9f59a3,14712e4c9294c2e7b4f431f4932a6ff97c214ce7f33f5ebb408bbd4d52409fd1,dense_v1_train_x2.88_family2,131569131c3041a133951289c45dc897692964e11447432f13df6208fdb94daf,34bb71d000f2fe0af9387a696e02975c595dece7f54f1ae36c69acfec9cbef2f,dense_v1_train_x2.88_family2/variant_2,47,-0.1912104678153992,-70.47212283719654,13.933011317162086,126.13789819542282,116.8933874179723,1.0927265267198443,0.9043820476531983,0.567570407408663,1.8396340608596802,-0.0425112210214138,-1.7846260070800781,-6.221780251296933,-85.81505680755214,-4.590641431265032,4.046428680419922,-0.0020970164332538843,0.6506104469299316,-16.50723875212725,14.748277210646792,0.8217391931772278,1,1,1,1,1,1,1
pi3_causal_downstream_000207,downstream,ce9afd636f62ff43b76c6fd6d446a65fa54eb0f70fc6d6061a56bce0239215e6,1d9c22e8c9ab724e0d71065ab6715870eda4752c6db7c69205a108fcfbe139af,dense_v1_train_x2.88_family2,26970430f4eb771265d7bc1046cbb74f2e7be2b6cc8a76d59320c12a637eac46,724109fc752f56fb956fe4befa0d38aa0950934c173a4b7c68395f9337e5ad4b,dense_v1_train_x2.88_family2/variant_2,48,-0.2739094567298889,-70.42998740020673,26.28304262435638,125.83620873978336,-95.47045810509229,0.5803057625944096,0.8144084930419923,0.4512306904088302,1.7880321741104126,-0.03606194630265236,-2.4130327701568604,-5.451968839851837,-12.184262616038087,-3.541929703789631,4.082303047180176,-0.0028668311424553394,0.6078479290008545,-19.270287620471066,48.9257241946902,0.752204730188834,1,1,1,1,1,1,1
pi3_causal_downstream_000208,downstream,1d14dfcccdc8fe52a33b595d06d2f2ac890cc0a6cb55c7bd21df245b97204887,72cab394cf704ee6409f0c00bdedd988a5845bff88710f7861edbe78e9c1dd7a,dense_v1_train_x2.88_family2,c35d4d5aee26eba4e6f9838e1e8f722547074f57691eb64992d5c97724f1e77e,aff0d8ed217d7694956c42aa255a67383bf61119426274421fd4d9f3b361556b,dense_v1_train_x2.88_family2/variant_2,50,-0.2678023910522461,-70.4327263060639,30.572876121271705,126.53869369591916,-96.3797133779719,-0.8871810982153574,0.979559669494629,0.21722054339915242,1.7962634563446045,-0.0370306558907032,-2.802581787109375,-5.495822496304727,-15.220303046449912,-3.66591364548123,4.154369354248047,-0.004447791259735823,0.5135101079940796,-20.878086830335388,50.688094000566494,0.5916986051702384,1,1,1,1,1,1,1
pi3_causal_downstream_000209,downstream,7ddd49d0e6733214c254903c164accefb42e86b72eb74386f36f7e5f75644926,46b8bcacc398c606a38b1703b651c517b981c28a4ca95b51f6fbea8799e813c4,dense_v1_train_x2.88_family2,8e1a5b6c672493a4081a1de6844c89978aee239fbb4ade8dd7ab73f4538d337d,779397b6b534207c99222d677e22ed8213f1ad9ccc2f9cc93a50314c6dd2a60c,dense_v1_train_x2.88_family2/variant_2,51,-0.17751389265060427,-70.50242838654388,29.170470945033422,127.26597223874212,113.04081921662662,-1.7214427213590646,1.0768549537658691,0.10115659805572749,1.8390142917633057,-0.04135782644152641,-2.5669281482696533,-6.309458109011918,-94.84623345646648,-4.777344225340507,4.190451145172119,-0.00524349557235837,0.46140527725219727,-19.26208456327788,-13.81636022387473,0.5033753289666231,1,1,1,1,1,1,1
pi3_causal_downstream_000210,downstream,4267c7df979361f1053a2e39e5cdf57115112051f4560a2bf97bce73319d9b90,51d25dcf21e4aa56789695a96e1979c671259a26949c71fc184d85ede0d7605f,dense_v1_train_x2.88_family2,a081ff435f464d93d0afa58d5abd170901efc27cff141ecce8007fcdca8fb19c,a7cf85f864a0c656221fec66da89fb751c7fc91538327aaf814a5c3570227560,dense_v1_train_x2.88_family2/variant_2,52,-0.27157522439956666,-70.27069372838369,33.24871884184009,126.7187374824407,-113.12123786391435,-2.276831234595275,0.9738977909088136,-0.0119157200635816,1.7996214628219604,-0.03768948093056679,-3.222487211227417,-5.413012002147023,-10.57309185404472,-3.6356384050983253,4.226446628570557,-0.006021768320351839,0.4026556611061096,-21.656955499506747,37.09544723144542,0.43318949417387576,1,1,1,1,1,1,1
pi3_causal_upstream_000211,upstream,951651044e172e12a4e71a27a5503eda3d39b3573c30d702bc46b95f917e1b80,043b76bbc94d14e9173fa15a1e974f589031a42e8be1ebf9d934660119019115,dense_v1_train_x2.88_family2,d084fd7208f3de9d3efa25ffa40323396b6be41a8b075b009da68872579b4acf,d95fc4794fbd485a5d1ccc5f19fcc53a6cc773e9d972f1ef1e31c55c5a3da835,dense_v1_train_x2.88_family2/variant_7,7,1.7571157836914064,-71.96599449170505,-51.30771168659712,142.02459035579233,-73.56306347438327,0.0004173456581438261,-0.21864220380783084,0.042650619627361566,1.7619328498840332,0.0967692956328392,0.08875878155231476,17.7516701905996,51.77795996566875,56.23865064467194,2.776973247528076,0.0008128650370053947,0.11925365775823593,6.041289941158408,57.31264325014308,1.1659708480752804,1,1,1,1,1,1,1
pi3_causal_upstream_000212,upstream,e99b7d2a015e1bcc93a95b248ea6cb746cce2e0ee7e58a417c9fddc852650174,e5adf8199a60809e50de1e1ef8451a8cf7b093f69135291bc22307d1312e677f,dense_v1_train_x2.88_family2,67648b0114597b079d05a8a3b2c9da6544aa261234e4766f1ad73d15a84b1eb5,b54473c6fc9d62a54c6323fcd94e1def5fc24c9c4efd2b87dd6bf54a86b40169,dense_v1_train_x2.88_family2/variant_7,9,1.2863261032104494,-67.40254703173359,271.40253904817246,132.6815472693752,-383.28573682313026,0.06502605173672828,0.7070582389831543,0.5883872733137372,1.3395261764526367,0.047280203551054,0.11026318371295929,8.538543278611646,33.09540158554081,13.511546810463631,2.8470983505249023,0.004148066509515047,0.11883425712585449,1.3212910235939752,40.25560842077566,2.5422149003281045,1,1,1,1,1,1,1
pi3_causal_upstream_000213,upstream,d457b65bdc9a9cba4eb3bcc4e8695d6da5dbfc166a481f99c3b4fd66903e71ac,166393d6aa7bbd7645dde26c4d62842d76ae9d542a33af022383b6f4577d1a6c,dense_v1_train_x2.88_family2,3ca795c9e839e83d7855a22c6690e0445d042e7f306b39d9293f7d184efd50ba,9ca574cf776251d5224c48c64d1b49f3a7dec3a9ce50ef989a01a20e0bdbb6b9,dense_v1_train_x2.88_family2/variant_7,11,0.6058991146087647,-47.31951983399707,545.0988741856886,107.3303371081999,-873.2312705930727,0.1364074048399986,-0.4078397750854493,0.8726539800443192,0.6774495244026184,0.02002582885324955,0.12183371931314468,6.153601303001866,40.5350041389642,-2.963279065513913,2.8846323490142822,0.005289955995976925,0.11891837418079376,-1.1161496002455216,22.108142428152156,2.7545453058395903,1,1,1,1,1,1,1
pi3_causal_upstream_000214,upstream,630198f9cd39fc4a86494087c6e138f14b7807ba5dee235b5dda6f1bc86422a8,074ae0633f35ea753791b6cf731b3a43e4ad580430d5b4dc3eeabb2f9410b4e3,dense_v1_train_x2.88_family2,ca95bde8762b2352d7cad43835b11c019b3871c2aa70bc8664294d7c6806caa9,d9b63c22f83d473400d6d9c1d09260e8fc005f8706881d44d6f7685a462a3f2d,dense_v1_train_x2.88_family2/variant_7,14,-0.5493499898910523,-46.852235857025235,-456.3810826035294,47.016587283928665,-675.6145548088743,24.744777711583282,-1.1258008003234865,1.3524322755717353,1.3959399461746216,-0.003973714075982571,2.7701923847198486,-2.221252223282194,628.1842458914451,21.41807646347472,2.9418556690216064,0.005694294348359108,0.19610010087490082,-6.740406333372933,15.669534833445406,3.8786290511813966,1,1,1,1,1,1,1
pi3_causal_upstream_000215,upstream,207d281981f798cde816c4c52dc3ad28f3b3f1f6511fb2e68315a501e2aee142,8f5f39544ebab0d59a57237621e40498ea737a56c9bd972300df0a284251ef39,dense_v1_train_x2.88_family2,9e277000d83650c33a97d0eb5a859470b772a7fa23bb1e140d8540337edf0ed1,8a910173866bc2e8f1f84166a97cd35e49162c44844fc83ea7c6481fc9ca391c,dense_v1_train_x2.88_family2/variant_7,15,0.08871915340423585,-55.30476229455068,-367.3413705454092,44.96869849527292,416.8578378014138,31.99729229519754,-0.4789233779907227,1.5631506277538807,1.936834454536438,0.016175024211406708,3.0388076305389404,0.3366823557068633,98.70668369611437,6.752351907344463,2.975820779800415,0.00582233676686883,0.25540822744369507,1.5302981205692447,-143.17923383498297,4.343769165914522,1,1,1,1,1,1,1
pi3_causal_upstream_000216,upstream,d7600fa2c558059badee84444f8150c029637fd267c841a993215c4fab0ce07e,71e0f10f7d9ab440f682080ba51b2a7f23692f6d446d165d29f6f6b6d46adfff,dense_v1_train_x2.88_family2,c7afbb2e7289e376ca8ef287a24088bc47c5b9f2079ac0c2b9fb1fa795a9fbb2,e5c5b5e15eb6391c93bc32954da5a39c7242288ce03fa340ee895384d9b2f031,dense_v1_train_x2.88_family2/variant_7,17,0.2938941764831543,-62.765647717427825,-114.04860679847282,76.31500816268394,333.5689810999042,23.573600682455716,-0.8850727939605714,1.548292359733553,1.9270844459533691,0.021172629669308662,2.5238819122314453,2.812529106568915,-80.44222510074502,3.3295699444272375,3.060614585876465,0.0067903404124081135,0.37640580534935,30.76768677677881,-114.70765858167653,3.915022380099246,1,1,1,1,1,1,1
pi3_causal_upstream_000217,upstream,6a53b5382c08061503ae11a1cd9d5e95e71876e46817138ade9cd54734b12484,27d84c8722c715f34d0ba348a4375c6bf4907c54cf847db585e36fa9658447d2,dense_v1_train_x2.88_family2,c0790b01cc2109230081b877d51c3ff8ee15851ef8468f28978b52247cbe729f,55ee4a5b5570d554074724d96604d36237ff08e0d36d95eb37ad4f2e161c537d,dense_v1_train_x2.88_family2/variant_7,18,0.07341612458229066,-62.320845308109085,20.388778908384847,75.10144064152358,-404.32323856114647,23.134274686578,-1.1374472618103029,1.6381456525995126,1.6012123823165894,0.028975041583180428,1.3989182710647583,1.8397910673354474,126.1279944211263,8.379435729443491,3.0959131717681885,0.007349791936576366,0.4134918749332428,31.77289596221334,-42.939155594727815,4.004802584602263,1,1,1,1,1,1,1
pi3_causal_upstream_000218,upstream,25f0cf087da33f854e67629f86e77af38e27f787f27d9d5ae279488b90b77434,8efa198809868b18d0b008b6cc0c49be6ad1c31be62164aee2f724325abab872,dense_v1_train_x2.88_family2,08e618c6631205ec11ef903d7af2c942748523dab213c5b07ad7c49179ba0da7,fca6dbd0705093e12e454afbb3cbdccd0a083d183730f340a160c76a7c67681f,dense_v1_train_x2.88_family2/variant_7,19,0.1495206952095032,-55.689267793876546,319.51247910877464,60.57756246586839,-796.830577707251,23.432751196804077,-1.0498253631591798,1.7445341502387226,1.4655125141143799,0.03363867476582527,0.6809864640235901,0.9404345528321868,54.421717872611,8.979105848003101,3.1259655952453613,0.008122742176055908,0.4278433620929718,30.23670104051285,14.419955139886158,4.190648301065193,1,1,1,1,1,1,1
pi3_causal_upstream_000219,upstream,83d499c78bce1e77b5e63ea1a4c54e5534a40a567a22b614d1de7ce99ee05b4b,dc80c42d162149703fb5fee45726f2210f81d7d47840e338ea469e0568274167,dense_v1_train_x2.88_family2,d34ea875725c3382586c119fa49b3280afd060e4b5b450f64aa6b50f92d520c4,f885bdf2bd646ca2f2e930ae47796474b978b480b9187038d20b4ab6a9387424,dense_v1_train_x2.88_family2/variant_7,21,0.3403820896148682,-35.78344985415601,404.64439405592043,32.83627445371429,-533.8812993419398,17.959818794927546,-0.8245856952667238,1.8268418021312332,1.6090832948684692,0.02656788006424904,0.738828182220459,1.181445461658903,-129.93910337421002,5.988146373660654,3.1878955364227295,0.00950690545141697,0.4510088860988617,31.209135563215074,-23.515987850064352,4.2520525058687895,1,1,1,1,1,1,1
pi3_causal_upstream_000220,upstream,613e54aef7262a651d23b09b32fedfd38cb44009779fe717a1a1482238d3bd79,3f4fa748f9a829b6c6a2bb620dd685fd7f8989ed0ccfffb1dc395d235ad7352a,dense_v1_train_x2.88_family2,efcdfc9c776ebc1507dac27fad66b6bafe1a8aad4846c289dcbcc20873c2f851,5cd2af097c8662f3f5adc12963c491857a83b92daeaae60acde2011ab42525b7,dense_v1_train_x2.88_family2/variant_7,23,0.29940925598144535,-15.265715266694034,307.53563311613055,9.68461828548852,-339.8654319674155,9.883979454418192,-0.8210301399230958,1.8572257620236392,1.7048200368881226,0.018431130796670914,0.7839089632034302,1.0551477933859625,-132.7942044095454,5.345190358122911,3.2531521320343018,0.010537412948906422,0.47615310549736023,37.29312998149852,-79.44405442525019,4.120072053912281,1,1,1,1,1,1,1
pi3_causal_upstream_000221,upstream,7ec753fe2e73073f828e04a68b42de5d774deb58b6bba17717d6ca4c22de0105,7649b94eaee5ab7520c74f8c178b0513687a25442ffe8b7e48a94c9a377303ff,dense_v1_train_x2.88_family2,43174f88fcfe669c5df0c5efcc6a32dbf3e9f93ceb8a4b8f454d28a3d228cac8,5ce2ecb992877440445dbc5b89788f507a0afac9006241fc44b7d279705a3f21,dense_v1_train_x2.88_family2/variant_7,24,0.31596063613891606,-8.010182042534263,344.88884485666307,2.3082146186816193,-344.64623653734424,6.548048661015497,-0.7855610370635987,1.874125751533213,1.7274155616760254,0.01605191081762314,0.7131514549255371,1.1169835236544978,-161.7930292856418,4.248356746293598,3.2875044345855713,0.010913044214248657,0.4906594157218933,39.35111720484213,-57.22069865863096,4.072496571074611,1,1,1,1,1,1,1
pi3_causal_upstream_000222,upstream,f022b918e13ee00b32d69b14cc14d1312652c5e0a5a8875a78c4c3b535c846ff,03c2e3b2d2beadd0b73cff30288638ee20b8c7fc18690826caf7697d2eef7600,dense_v1_train_x2.88_family2,75a35ff7c61a01f1fc95e3415a762655c57218181d9c86cd03cd88e83d8ab30f,0142954d2b35f570bee401554f66baf548e4b848d589f13d7536995aa5d6d04b,dense_v1_train_x2.88_family2/variant_7,26,0.3465203475952149,-1.3724678167758826,166.39880342789982,-2.486174343732655,18.814568861311354,2.238510308080838,-0.7837955093383789,1.925676517265341,1.8708416223526,0.018648922443389893,0.5686578154563904,1.2353464331025874,-163.27620486391007,1.7410182076440122,3.3593294620513916,0.01149565726518631,0.518597424030304,37.41259682027121,-26.407290595548083,4.114964483341837,1,1,1,1,1,1,1
pi3_causal_upstream_000223,upstream,742ad42996c15d789d102d85db53d1d36299e61c8deee1ee3b83c038b3d98f7b,620f15cb28c5fcfc99a9365730a9bba690fe0cf71e36e834192f03dfca161d56,dense_v1_train_x2.88_family2,c30ef35029d0b376e85bba5d514ffd463e7734a01aa4c867bcc89d230e6c8991,b808983d66b335328c683385c4eb00fa293e7ee77e12a023a8a4f8ce3826261b,dense_v1_train_x2.88_family2/variant_7,27,0.3341020727157593,0.5507180460564224,108.62917954114786,-0.012914820503436298,93.98577305501745,-0.7383870817655859,-0.8041099929809571,1.949800506887829,1.895727515220642,0.01696711592376232,0.4712822139263153,1.3060569269804965,-146.62514623352445,1.9979594654927253,3.397423028945923,0.011904692277312279,0.5286166667938232,39.20943517579397,-39.37714705576905,4.028367796732935,1,1,1,1,1,1,1
pi3_causal_upstream_000224,upstream,b37032f3df039809470229913d389e0c02d6b08027aa31756e722fbfb69e0472,b1ad92ae42abdfe0de7b9f0975a0568d6ae9b308c7cea360f4ac14a725339924,dense_v1_train_x2.88_family2,b78343a1e96075f5d0b7e936082da1ed5d13ecebb319624c4cb9842ceb9378f4,7ee0e914c56291bf2d06942e2b726a3c33309cea08b71525fc263898116412f6,dense_v1_train_x2.88_family2/variant_7,28,0.30399310588836675,4.005531141581774,76.0015366307262,0.42989786933271473,87.14305048787773,-4.14065634547118,-0.8397100734710694,1.9766418806541373,1.8936676979064941,0.010676988400518894,0.45070526003837585,1.0341318349183621,-117.45462406207226,2.623440868925813,3.4352645874023438,0.012216256000101566,0.536875307559967,39.097081979041846,-13.945666803920473,3.93783493170426,1,1,1,1,1,1,1
pi3_causal_upstream_000225,upstream,8e78ad7e91e50d3cc337831478611a3aadc06261a089868f71c0580af0c10078,c3ec9bb4015d5eb3c82f9deab706b413ce59bf3a112078131ea4d815adab7943,dense_v1_train_x2.88_family2,5dfc72e1c6db49e3534bf114e8a88a76104b03a233160599a14fa1f7ff4fc55c,a243a13b9f179c236638e6245bb13479469e0b24f12fd124ded53d8df0ead181,dense_v1_train_x2.88_family2/variant_7,30,0.3067957735061646,2.0126650762191742,109.313598646929,6.4407941090148,-144.099232995427,-5.83228179518093,-0.9182537937164308,2.0104304722309574,1.8152834177017212,-0.017304182052612305,0.6633042693138123,0.95186444752138,-53.27764752625552,5.425404526622365,3.5110433101654053,0.012152337469160557,0.5603609681129456,37.56639218981238,49.76305757560957,4.077304722851697,1,1,1,1,1,1,1
pi3_causal_upstream_000226,upstream,ac198b9622200c20dbbcec07aac2534784d619eefb091b65bc44d719847439c2,8fc8c25bd8982216aafe37bcfbe72604e0d4d6de995adeb5b5bc8823ce93b16a,dense_v1_train_x2.88_family2,1902995aaa8dfce57c77dc0c539a50c338fffe341d68d417f98064d54781ac45,851b045a9daaebbdd312565b6ad80e6a2a0a52c3c88ab1edfcdac205847e706a,dense_v1_train_x2.88_family2/variant_7,31,0.09862788319587708,-7.332332724961041,-521.0793391768015,16.614342948502223,586.4980714244832,-2.837170960249963,-1.181393795013428,2.009140755842828,1.9465428590774536,-0.023128336295485497,0.8957892656326294,0.556027664362461,162.1284871965378,8.053331762615818,3.549637794494629,0.011759021319448948,0.5775041580200195,37.96468101088334,-1.1657521415454466,4.352793928726411,1,1,1,1,1,1,1
pi3_causal_upstream_000227,upstream,da6ce3e137ee196be9264927c7efd3024b07e8eb6ea1ec0860200b1b7efdb414,54edfd9f43b9245b07fcf5eeef25594e71110f7280aaa58b03f099702d4630b0,dense_v1_train_x2.88_family2,442567ad9bbdbb1d3a86043772f502ab2ad90ae5a43d5238c6d842aaf77e3233,9fa3a007449336dcf80ad3c94ca1f380a016913ca0abdfee03171e576c7e7de1,dense_v1_train_x2.88_family2/variant_7,32,0.16911206483840943,-11.33459647479861,-282.24863356334254,21.201443353569424,276.9867924305481,-1.9451700989641976,-1.0956183338165284,2.00464444944228,1.8852757215499878,-0.028263987973332405,0.7189871668815613,-0.13869095314043606,91.91401958540168,6.709948385429731,3.5875353813171387,0.011299691163003445,0.5913702249526978,37.47307814537167,-1.6685972849875437,4.503971873189895,1,1,1,1,1,1,1
pi3_causal_upstream_000228,upstream,6f5aa84e43f4517d99d9ef438361b55f0215a75458173afc4b3c9b732ae3065b,80bbb0f209482a8a6b3db406bab0814245af22339b6c34c806064e81082e9417,dense_v1_train_x2.88_family2,e99931bd2b09d66cb0ad241a1352bf2ce7b906471edaf5acd368c7e218270e4e,3c34d5f2c4f1495561a0fe23bc239aabc3bc105b66559b60c29ad833d3824516,dense_v1_train_x2.88_family2/variant_7,33,0.15703236579895022,-16.784155111647078,-326.3402367314429,27.062577236971816,338.54635851414594,-0.42144659118343947,-1.1074937057495118,1.9940861423519716,1.8981059789657593,-0.03060690499842167,0.6306936144828796,-0.4588906883380966,101.5960517905157,5.366610685133718,3.6255416870117188,0.01073370035737753,0.6043189764022827,31.531865416592762,105.2165643148102,4.719884495356229,1,1,1,1,1,1,1
pi3_causal_upstream_000229,upstream,96550f1d4da5f238262a8cc03c7a5c1060b8ba261b86bf38017ca8b538ca4178,4b1d1351b1b814d1827017e3aaf601fffc6690386175282ca3ceaed07f72c26f,dense_v1_train_x2.88_family2,0a4fa1edd5c68ddd17fc7c57bdad388c8b8e24a9eac4118ce9997d1ee982b332,87fbbcb84c953662a2d61038a709fb9ae0d3149878db14aec403cdc71c5bfb62,dense_v1_train_x2.88_family2/variant_7,35,0.1492519474029541,-33.013353938136035,-417.14689140708873,50.237871836141345,480.4058358769424,2.1443971693132085,-1.1177236461639406,1.9657195292573924,1.9163694381713867,-0.04270549491047859,0.6321057081222534,-0.9786656829376869,109.96086152362525,3.772485513987762,3.7047183513641357,0.009351372718811035,0.6337916254997253,25.901397266745455,99.9440134453972,4.972717313664789,1,1,1,1,1,1,1
pi3_causal_upstream_000230,upstream,d9208d5fba9d54e9193fc350f3f85287a68c3ff1910e473fd7f91046feaccab9,11e5c79cba2be5b5341b73dbd0721f248fb051c5b12876dcdb56b1fd91291316,dense_v1_train_x2.88_family2,97820742815b7053ded1da8f565b0dfb9f042c8008546dc6c57e4c798085fe19,13217350462dc81e91c7806098f05f9c1a68faa6492593bea61b09e23f2ebdfc,dense_v1_train_x2.88_family2/variant_7,36,0.25095712900161743,-43.35433205852163,-462.9179288090684,65.4389632680033,772.0945831751862,3.570112852162573,-1.0073165130615236,1.9464396074091095,1.9943711757659912,-0.05476111173629761,0.9512218236923218,-1.1926291493728582,19.598138408178972,0.5543106188381433,3.7444891929626465,0.008313626050949097,0.6528854966163635,23.272269625005375,63.87369564610065,5.079569776915689,1,1,1,1,1,1,1
pi3_causal_upstream_000231,upstream,51cacf43a976ac360f731bc7f64ff2426310a59120265cda92ada88af5cd1882,cd0a60db63ef85f48d882b88d7e64e62ba47606068938085fa86db781569bb9c,dense_v1_train_x2.88_family2,7ee49c65851693dc9d779d14b8e7a9779bf85c637b69a975b9b5bde66c3dd0e4,6933561341b7637c1075b2a0da2a670a91ccce230abef4bb63f5ba26e51514a3,dense_v1_train_x2.88_family2/variant_7,37,0.45051795482635504,-51.43422728059327,-346.7049648362128,84.08658181543204,915.5610674459033,1.6253165629363295,-0.8136365795135498,1.9140010160681435,2.044605016708374,-0.06570544838905334,1.1411688327789307,-1.4699306675288506,-138.94685247427122,-2.5429148596020665,3.785616397857666,0.007097200024873018,0.6758012771606445,14.204529265916662,102.141353603282,5.02329267230396,1,1,1,1,1,1,1
pi3_causal_upstream_000232,upstream,90a17e2ae47689b41a9052961a1b729467309bbcee53808c8b9a937f60e01bd6,c3c5519e510f31cd4fa9a14d12f680748693af4fa18a1cd708304f49fc1b5fe8,dense_v1_train_x2.88_family2,d42aa6dfd460c564c1632628d072ebae0ff408c8b284d706f45966415a00db22,976f2488eceac9227f729aea68ee5fecae47b57379a74126db13c3945ea31bba,dense_v1_train_x2.88_family2/variant_7,38,0.4754528045654297,-57.26284092580994,-272.64604328846497,101.32158063871873,773.4887067470559,-1.663466028692764,-0.8038816833496094,1.8769663776809273,1.9901137351989746,-0.06999074667692184,0.9139025211334229,-1.9757739438514659,-146.93352927455052,-1.9173207580476737,3.8262579441070557,0.005746102891862392,0.6968748569488525,5.774581299353165,118.65657343145442,4.904726693829723,1,1,1,1,1,1,1
pi3_causal_upstream_000233,upstream,e386132450e6108c4246e397241cc8d757ba3de77a83c3891e7d6e043096bf1e,5828f62bc746729d49bda121db7f5bd856b0afb2b763750e0c9c710f5d129c69,dense_v1_train_x2.88_family2,2ecd9a29ef3abca4a1afeba85cc7cc160c1dc8555b70e0d020babf9d0cd17b33,11aeec15f6f7c1db77d71de023895b4df6dbeb8b5c2994232bd0da02c37831c0,dense_v1_train_x2.88_family2/variant_7,40,0.4146277809143067,-65.0370885976181,-171.90799303129708,124.39613165517787,404.3120643716643,-7.143948843267376,-0.8678771400451661,1.791387336474885,1.9068671464920044,-0.05737050250172615,-0.042345501482486725,-2.5696629476088946,-94.50723750758041,0.45244240279222275,3.904489755630493,0.003243058919906616,0.7139680981636047,-24.06617324808722,-172.31630173988046,4.790888661067464,1,1,1,1,1,1,1
pi3_causal_downstream_000234,downstream,e8cf8eb56fa016eea5ae38ac9ba4308c385e7f1521117d86ea47afca9ce1ee35,1e14ea18302673d8f64f95403fe1ea2c9d9bd05fec9e044a8d9ab39b64ce3175,dense_v1_train_x2.88_family2,a7824cd30ac25752c2b43e0ef671c65883ce96388b4a42e1a4cdbea4559fd4be,8862dfe9f41810c768f956622620d513fab1a43081a52c788db3e0edfe4608bb,dense_v1_train_x2.88_family2/variant_7,41,0.2842154169082642,-67.20436909296568,-124.1647111857195,128.2929458219669,21.085984128292235,-8.423892148529992,-0.9967567253112793,1.747820965668913,1.8816293478012085,-0.02994486317038536,-1.044599175453186,-1.6039967154873285,10.975947510349473,1.645560871186089,3.9427576065063477,0.0024428172037005424,0.7019673585891724,-37.11218461000654,-18.682061483865816,4.8006063299201776,1,1,1,1,1,1,1
pi3_causal_downstream_000235,downstream,cb5574b39aca7046c4dd91464107178e416fd9c2e9dc8beb635e89c4c32dcd9d,9910e2b441fef995f841b00ff3565816b21b138a13a1f5ad01aa01a15103aa39,dense_v1_train_x2.88_family2,3916778a0a8e2f5189e5092be7aee58441edc11631b026ae0676fc3cf355ed2b,73f9b0f60ee61075e1988721d486ad883019cf6a266f08f5c740de799c2d3cc9,dense_v1_train_x2.88_family2/variant_7,42,0.17369464635849,-68.71487908829234,-98.75905075648086,124.90600527671933,-302.07754698810334,-7.425038924251793,-1.1314445877075197,1.7155355545366677,1.880835771560669,-0.005394477862864733,-1.9033437967300415,-0.586142555382429,121.19909768961332,3.3309129303727913,3.980782985687256,0.0021822622511535883,0.6707737445831299,-39.429551682175976,28.63500118957735,4.884935538625006,1,1,1,1,1,1,1
pi3_causal_downstream_000236,downstream,9ed501739ffaa943f94632ecd2bc9b8b9cfecc4c32f84710c30396c76af072b7,c0df387582d2fb1cf4250d11cecdaec64ca43fc9b6fc1a2b115194fb5f40d88f,dense_v1_train_x2.88_family2,7dd1b2f076bc99118292c7ebef13e6162a71725a79cde9cd7d2bfc13bd7e7486,f8b59ce3f5c4acd0792d0d2126c8fff880ff79d81ccd357c85e91f964104d69d,dense_v1_train_x2.88_family2/variant_7,44,0.19113621711730958,-70.89431049017335,-60.59603812757327,113.714562736735,-281.65659276608585,-3.838630659229276,-1.1103585243225098,1.6550244065611595,1.899422287940979,-0.007581095211207867,-2.2062058448791504,-1.1793882940582596,103.96650992310364,3.522012445283051,4.05712890625,0.001964024966582656,0.58890300989151,-38.68691204390966,-11.006592861608027,5.116375261808693,1,1,1,1,1,1,1
pi3_causal_downstream_000237,downstream,5f6d604dcc6577d9cb9bd990207ac20d994e4a5020cd95c5db80beeb9f644c62,1b549fe0b4b07d303b75aee636ae655463abee7d8e2f177fb4ef2c9e7d42a4a5,dense_v1_train_x2.88_family2,8d34b285fe36113faa6a609322fc59c99a3071c6aa1d043e508e3d14658d9bde,2c3be5722c6562e654f455ed4b50b81dfecd4e152e48aeb2b7fb695347ff25c3,dense_v1_train_x2.88_family2/variant_7,45,0.27305556535720826,-71.5041575905963,-45.895131693915104,110.29132656623798,-94.68663925631996,-3.066324652542281,-1.0092454624176026,1.6219437451670404,1.8955326080322266,-0.020382240414619446,-2.0596611499786377,-1.648587498762051,21.17854002173508,2.196410825270857,4.095391273498535,0.001694160862825811,0.5465707778930664,-37.70174604859453,-23.799044549648023,5.185504778645693,1,1,1,1,1,1,1
pi3_causal_downstream_000238,downstream,174568a7d52bdd5fbbca955b6f2b38a1c586bfeb44b73e7a9cada0a7d62cd5fb,4f59985e5dbe31546d8928f54bf44e3ce471e19f9d81ab2b9974d7f0841a0f64,dense_v1_train_x2.88_family2,595869c3ad1ef2bcb53af3ce1ea05dc99ace9235ff208244e52d62cf59eede45,53ed1fee91a74c3946e935764b878f85d3a762e3aadee31a0ae37ce4ddb15867,dense_v1_train_x2.88_family2/variant_7,46,0.2313317966461182,-71.73734024886052,-33.94973872239893,106.71807895099995,-213.14237780541933,-2.4452799469112536,-1.062094202041626,1.5870347496082255,1.9079705476760864,-0.012485655024647713,-2.4541049003601074,-1.6026976988845567,64.43282176174706,2.981920145862759,4.133851528167725,0.0014449559384956956,0.5000917315483093,-37.96600265248774,-5.448050018815542,5.252906823810459,1,1,1,1,1,1,1
pi3_causal_downstream_000239,downstream,dd1baed6170bc8a02300c4850ecf34023fc5ab0a82ffb980204f876bada3e72b,1a77bb77800a77d0854b57e70d17702d3b7e41cc589bca58b455f6cb6c0df0f0,dense_v1_train_x2.88_family2,54d7d33066060fb70d84a2642af7abe80a2f2397f54aeb616038a2e74d8b27f2,62f32b1eb8ac4a85d52e4ea14d3712cc2fbe1c711aef096989ff55a0458078dd,dense_v1_train_x2.88_family2/variant_7,48,0.23805167675018313,-71.95423973614345,-23.69027549466286,102.42818739747669,-204.82741479287253,-2.4422752116947195,-1.0532895946502687,1.5122378170489992,1.9132927656173706,-0.013531244359910488,-2.8133814334869385,-1.7863000139636696,57.2165663941831,2.840385819655401,4.210577011108398,0.0007389583624899387,0.4007042348384857,-38.546059882845654,10.860182634106925,5.332367131383143,1,1,1,1,1,1,1
pi3_causal_downstream_000240,downstream,0ea1a9bd6b7d8817bb95d964b2d1273f54c1b20f65b2bcf100608a95a3b06a0c,7039fb07e66eb1042ac0ac035a5926c55b49e11073a0c99c80534919bc86feb5,dense_v1_train_x2.88_family2,111c41cc0a31ab07da5001add25b6bc2ceffe4715fd1915a2a0a53c4e8bebb56,805675eee9c0a27639b8615e5f44a6e66eaccfe401d078b8f143b4b9b6f6ab61,dense_v1_train_x2.88_family2/variant_7,49,0.35743318080902103,-72.06552400829047,-20.631318925812,102.0764189948427,82.85723655728896,-3.1453002850692244,-0.9039323043823243,1.4744450843226773,1.8763480186462402,-0.032255612313747406,-2.545382499694824,-1.9940649770053485,-65.03042916317733,0.6792156222114887,4.24864387512207,0.0002552969672251493,0.3482433259487152,-37.79488933830599,-16.44986857819373,5.337428118600338,1,1,1,1,1,1,1
pi3_causal_downstream_000241,downstream,fff3fb432abaec6aa837f245de710d48a801308617fb51a7424dc8989912e09b,1d0c67cd5bc68719f905c26ecb396ea9cb1de03a4eda4ae4d28d5267d9ce8767,dense_v1_train_x2.88_family2,71e415f2b5cf35a98f34d4790a0d4761745eee6e63cf918ca7e9433369456c76,7f0df9cb151a65638d2f56cdc864f6ea693eddf4f5a727fb9d155cc5ec5ec919,dense_v1_train_x2.88_family2/variant_7,50,0.20712029457092287,-71.85766086127947,-16.519850696429682,99.10844225328368,-286.85644310197324,-2.980072680019451,-1.0921348762512209,1.4329812604218213,1.9311809539794922,-0.008792901411652565,-3.315148115158081,-1.9041150141742773,89.0002882062309,3.4070294122570597,4.287290573120117,-4.045603782287799e-05,0.2875991761684418,-39.29272250253311,16.7336082966944,5.38854737849353,1,1,1,1,1,1,1
pi3_causal_upstream_000242,upstream,e1bf8f0d8de81f246c34da6203a45d3d1e5c6ce59686459ea5aaa6905d6857d6,583173fec8bd297cd0c42f1c20c0c00071e0ca09a7f151e6d22939801af3b7f8,dense_v1_train_x2.88_family2,fc8ab5dac85a9049b8a1cd1e33edc715e6d2ddc69a7dbfb028449aa501484234,462ace179761ca59c97a68eb16ed4896f468608cbf01d385b22ec1eb9272fb29,dense_v1_train_x2.88_family2/variant_12,7,1.9060201263427736,-71.85236746467271,-11.229916995578995,140.53872368299108,-218.1893275265468,-0.021508212642304163,-0.08786035537719727,0.03421696781888249,1.9252216815948486,0.09539464861154556,0.05456820875406265,15.778418294099163,19.340751267043505,47.324717607955456,2.7780323028564453,0.0008148159249685705,0.11868097633123398,6.063779192774321,53.095179022578634,1.1313069533533808,1,1,1,1,1,1,1
pi3_causal_upstream_000243,upstream,16975fcb59b0073391f8f66b090d09d2a7dfa4a290de2995956d0dfd482babda,d6152b2096ce8a6adc1491c6707d32459401026b0c0ecb8c864add7d6164235a,dense_v1_train_x2.88_family2,c4986f1fc6039be6f2c9a1062e97578a4dc4c455bedc281f7122275e177bd97c,792fc5ebbc7187a93417ad1ac8371b902ca7bde8fc3103db948e27be81116513,dense_v1_train_x2.88_family2/variant_12,9,2.0342843437194826,-68.88704766670084,177.55325366333935,125.1935015992635,-559.9063418156827,0.10696048789518556,-0.13953976750373842,0.4896919677393294,2.017235279083252,0.05383262038230896,-0.0236325953155756,1.9516606013169706,-7.830812737193265,4.0013344172236245,2.8577945232391357,0.004524587653577328,0.11901042610406876,-2.5193558296074,106.74686136816239,2.6306336714816227,1,1,1,1,1,1,1
pi3_causal_upstream_000244,upstream,b8b5761757d58390d32454071e5216a8b9f637d33d5953ce8e557f8c8db701be,17d9cd58bc9eb1ab714141537f15c49d9bd226d4b5bb1f4d64a784a60d65d9a0,dense_v1_train_x2.88_family2,bb727d30c1926b976637509955d5058e6d4a70ce41cdb9fe790bf5e9db0fdd67,ec9d1a7a6912c6e261ed7ebe3e33499d1037d985a795a4136d154264b4f43093,dense_v1_train_x2.88_family2/variant_12,10,1.3013291168212893,-62.7514409239542,315.19593615711,111.50728465360784,-770.8866778808479,0.08413187013897787,0.11653740525245668,0.5438395220181982,1.4166676998138428,0.03863001614809036,0.22884619235992432,3.0931916114050826,78.61587349781863,13.42304719561413,2.8936026096343994,0.005510339513421059,0.11844877153635025,2.0166321354664825,-32.28522162166683,2.6668609886965915,1,1,1,1,1,1,1
pi3_causal_upstream_000245,upstream,4f40349abdd94dc058712c10155f695d4881c5ccf1548e6d4bd46020a849731e,6cd41fcf720ccdad92476fa6e0d140fb6948c7bd7930f67df0684f5718745831,dense_v1_train_x2.88_family2,6d964630365e5520fac048139d9b36d6f953d347141a4b871dc072b4671ee609,147448a6dbd7f50dd5a7731752e01fabe196926ac67f9f41ea7e3cfc59fc0f2b,dense_v1_train_x2.88_family2/variant_12,12,0.36024188995361334,-39.331644335518426,487.4975939714099,63.35339232569659,-1652.3419880082363,2.9250935610806303,0.026492420434951786,0.7460628720022753,0.953669011592865,0.029798928648233414,0.8038188219070435,4.108126986217712,277.9200148372253,1.306165569676982,2.9363579750061035,0.007154451217502356,0.1267106980085373,0.9007755930250366,-30.87764257713226,2.87547157157733,1,1,1,1,1,1,1
pi3_causal_upstream_000246,upstream,d34252ec051866a88a89268d253b36d4571f696ba1f37c56623991f8046c38ef,1ffb41a136dd396b6b1876b92316f5889a297fd7c893e16c4da4612127fa0cdd,dense_v1_train_x2.88_family2,4ed701e4f13427449052b4c66792c6e9ae88e946fa782ece0e2939b2d69467f3,68f1eb42307289ea32721f56763481c37cb78e0f7360fe56cd8ecaf97ac78f22,dense_v1_train_x2.88_family2/variant_12,14,-0.37688736438751225,-51.342890575917274,-547.6320001035496,21.750122694880304,185.95128543657185,29.541089078550122,-0.08089510917663575,0.9918101282781858,1.524760127067566,0.014177491888403893,3.294586181640625,8.720493541685263,365.7537340539747,-9.01822319515341,2.977881908416748,0.007074197754263878,0.2305305004119873,-8.329454112644632,118.70176196300322,3.5101057984158475,1,1,1,1,1,1,1
pi3_causal_upstream_000247,upstream,c6a85871043508022e31c5625270651216e8ab5516be78e39cbcdcec2d9caccd,a405a6cf02ede94220e47f683dec84278c670c84e3e377f57de84e05901aa4a6,dense_v1_train_x2.88_family2,ecaedff4055e407f9ddcaccea60d546394dcfc576de8502aef0e425e073a9904,f2dc17e26d59fbc1b006d53701703e75451f3ef97bc40f402badccc2a74faa3f,dense_v1_train_x2.88_family2/variant_12,16,0.5218592071533203,-62.20051786550097,-74.00160260023311,58.79782007383817,1024.0839214322416,22.060047334707573,0.9512991428375245,1.0779020941630366,1.8507558107376099,0.016977205872535706,3.0286548137664795,12.163241855093727,-395.9660103380156,-21.630531205155258,3.0500988960266113,0.008218232542276382,0.35146385431289673,28.70413294926163,227.48332985472325,2.3337823470243904,1,1,1,1,1,1,1
pi3_causal_upstream_000248,upstream,3259a0c3fa201e7120f28bf1891e712cac61a11769d98e49881e982062660522,cce7f470c0a788d85bea2701b83bf3494a461f6b53528dd7c7b8ec601e5b4b98,dense_v1_train_x2.88_family2,a66d0987425faf5e4eea81bb9bdf2bc3002a9f1d7e5cf1df3e190d5aeaaf8e2d,e8402b3bd9c521074caaf9cb0487329c84b840034b1def0fb10e163db178dfb6,dense_v1_train_x2.88_family2/variant_12,17,0.08868856191635133,-63.658483215542724,-57.561275796309886,68.89878876188409,43.2567389005659,18.603235091280702,0.45359152317047124,1.124684660389908,1.5450971126556396,0.01928006112575531,2.1095902919769287,7.220751339585128,11.39867987091261,-10.076820554235347,3.0837106704711914,0.008534299209713936,0.4036574363708496,33.13660128661433,-26.601542883090538,1.9271546319432071,1,1,1,1,1,1,1
pi3_causal_upstream_000249,upstream,81e7033c6edf40b650dc38f6d7a1bc07d4a50409db49d226017062ecdc2e6931,bfcf13f0d47e8e5dc44a3a4135474d6253734450c70981f0e0982f49e76ab8e2,dense_v1_train_x2.88_family2,94494d5dae0f1eb4b9af4ee967ff7eb0e7cac880027d05e7ac46692268f45308,3ae96e49b6eb0b60c64242ef63e002b66fdb15be574aeae7367bc00b08da5d3a,dense_v1_train_x2.88_family2/variant_12,19,0.0777179503440857,-60.88388961995429,231.0078713909899,54.23407550063782,-517.0837877953708,22.073145259537082,0.44335317134857183,1.3152765401417668,1.4381457567214966,0.0341428741812706,1.0006523132324219,7.916218276348751,19.79718719606607,-9.250870537341447,3.1416516304016113,0.009656945243477821,0.460973858833313,32.44351808587104,-16.561509727724882,1.660938831004806,1,1,1,1,1,1,1
pi3_causal_upstream_000250,upstream,8e3e955f6b3d2ce21e5ec744e4fadb9c663ea2aba4ccb452bde083e167f7c145,bde90431f6f0a4e04e5eeed8c7a1b002a73d3ce5c5fc111751bc4347209ce7ea,dense_v1_train_x2.88_family2,c59230a88986f64d55a32ac71d0d8668d5dd8746c7443dc1e65bbcd5e13f4500,6f8876821ea74fa4a588475de68cd04d601f0d3ab400af204e9c840c215137e0,dense_v1_train_x2.88_family2/variant_12,21,0.27892976522445684,-43.24549982428664,440.5631567877236,34.86722437322841,-470.38441840215955,15.379564006783923,0.6826319789886476,1.4272417261557224,1.4879714250564575,0.038149643689394,0.6070938110351562,8.338915632192391,-176.05028419685638,-15.65602471926712,3.2011451721191406,0.011248466558754444,0.4881722033023834,35.129862222288324,-38.88824211497954,0.8835212491661291,1,1,1,1,1,1,1
pi3_causal_upstream_000251,upstream,f956eb04d83d3104b94902e1dcc676d041a7a817f95c952d9a06c3f605db6bbf,0a531803b84b13b2eea80261087cebf6c61e675d8dc73bb5c9c11ab34eba6952,dense_v1_train_x2.88_family2,029345386f545657cf5db5b68e4ec4ee034d7d5b488cdb50c22c74baa2393a62,336cff5d0b1790803ffa833b070217a84ecd0a35390553ac2ac8af240f597645,dense_v1_train_x2.88_family2/variant_12,22,0.29034983634948736,-32.58129666180854,518.7744508602457,22.472292256204092,-595.228036731,11.581970393576793,0.7004434013366699,1.4846712862665135,1.4479899406433105,0.0377531498670578,0.484862357378006,7.478593542074048,-190.65220411396814,-17.21253262355923,3.2300519943237305,0.012049594894051552,0.4974827766418457,37.11784683682848,-40.860940766157206,0.4330845147103113,1,1,1,1,1,1,1
pi3_causal_upstream_000252,upstream,b84d8637f332c71874fdd4a80a902bb032bff0e5c2152576685e5fc7600daee9,d466e80fd6de13ab47f553d6e3554a43fac157e68ef1d1f3c4d4a31ea87dc454,dense_v1_train_x2.88_family2,851bc2036c343a38b566adf062ecaba6d8544ee96f3ed9ef1a21937e1172c733,0428998fbfae4e42d2799250eb7977107ff6af67c32313567e9c6dc62541275a,dense_v1_train_x2.88_family2/variant_12,24,0.2640899395942688,-17.5136961546326,352.64580873477655,4.914161452152325,-335.81835363888615,6.023571286028885,0.6674790287017823,1.6163331020509137,1.4966297149658203,0.027511121705174446,0.5683420896530151,6.007862141586719,-163.57703371571412,-20.218777207490522,3.288419723510742,0.01330886222422123,0.5204787254333496,37.90324345929908,5.095062000527875,-0.45776247206966936,1,1,1,1,1,1,1
pi3_causal_upstream_000253,upstream,e3bc19552028ab12ba20dc90a806ff0eb7e97ed6aecfc0f8ff7317f9963dbd84,e19070bc5be1cd9377575aaa26707b6ab11615d79f8ef110897d403863f5cf88,dense_v1_train_x2.88_family2,eda521c4cbca0409f784184e40646b7423233762984f0dabfebe7b3987d158e7,27e73c3f345d84cebb3ac57ba254263ab90822022861c14b20ea1141e3279e06,dense_v1_train_x2.88_family2/variant_12,26,0.31380120754241947,-10.965788457732724,321.81542765160617,3.267001569648513,-153.75979791597968,0.9066272799339182,0.7269064235687257,1.7601495287873352,1.5753289461135864,0.018657153472304344,0.4487556517124176,4.343777477206438,-212.3178783499504,-24.6101602494383,3.3511734008789062,0.01412232406437397,0.5441997051239014,38.81700665703089,-5.508639346282256,-1.491221757097324,1,1,1,1,1,1,1
pi3_causal_upstream_000254,upstream,72e4cb70e8c322a51ad513d14035da0c5b1b8b956f87a5b6ab1eb955183f98a2,4a04d14dde15933e306a52bc3bfbe767b1c9bb487b56bfe87300bafb14c03e53,dense_v1_train_x2.88_family2,cb582ce465ae43dfdd128e16c07fdc2d662e5b9aab0896620249c78472855f1b,74c45bca3ecdd859c6250a1521783c1cec030421df8444055d2c7516df308f54,dense_v1_train_x2.88_family2/variant_12,27,0.24310506343841556,-9.148321223369228,121.07365443531687,5.042434112312457,51.34368629295558,-1.520021680667936,0.6292296218872071,1.835438144225522,1.59279203414917,0.005535740405321121,0.6062117218971252,3.0535579446422028,-132.34027003730634,-24.718620238363517,3.3831934928894043,0.01431953813880682,0.5558704137802124,39.4964192341504,-2.058888594870647,-2.054245847040616,1,1,1,1,1,1,1
pi3_causal_upstream_000255,upstream,c4299591513c66be682579d279c269d984248c7f15a419ec320d96d5f1f83330,d38defe1e010d9eb66692670be7367eeb4d86fec0da8444db072f3782ffa2cbc,dense_v1_train_x2.88_family2,9f253d31c4a84fc96f37b88a18452475b8b75aa56d5c4ca719162cc2608b9e58,3b192565b34392faad07ea5eacab6a91ce83dc3b77d6a549a4021dad20fa27a2,dense_v1_train_x2.88_family2/variant_12,29,0.21320863485336305,-9.01280258627336,138.92177201963892,9.742365827373686,-28.455544799324432,-4.018157067525068,0.6085534477233887,1.9740241288971117,1.5469001531600952,-0.004808598663657904,0.5206810235977173,1.4789656204186024,-115.37532323342361,-25.554582458807012,3.4459657669067383,0.014246407896280289,0.5803236365318298,38.47139566993366,33.58411528103357,-3.0822239348415486,1,1,1,1,1,1,1
pi3_causal_upstream_000256,upstream,e7907cce1087ead25aa6e87b5dc0b5fce3936a3de260b75e80946cff39e2714d,882adc0552097e50bf11710bc32a07a728b8457e2736e571c670d47ef58eb2c8,dense_v1_train_x2.88_family2,9d4c42699a00eebfca0595cbcee92780b5dec63da5affe01bbe35fd80c6d3239,edeb6a2ceda30d03a680dbe6fe566c6506f277f0f8b16890f356f8f66ceff095,dense_v1_train_x2.88_family2/variant_12,30,0.1386923432350159,-10.633955669738702,-31.15835310673603,13.408363996445896,136.96948538879585,-4.450899656635952,0.5231424808502197,2.031890220967822,1.5415656566619873,-0.018624627962708473,0.6908008456230164,0.8303513801228863,-45.49229738195151,-25.000843654868447,3.476959466934204,0.01395119447261095,0.593818187713623,38.28099048644121,30.038260139461883,-3.5785395762564995,1,1,1,1,1,1,1
pi3_causal_upstream_000257,upstream,0184dbb11b64f1f598cef1e663ac6d25e7689c2bea8b3db7669867c47bc08067,1601ce0a2924558b5487f33a135c07bbc72ea86fab21862c627c3f8a5e4fa66d,dense_v1_train_x2.88_family2,72a1077281152eb9c4228b31d8b589152fef1239de01a023011fc7c616558725,f1e7d68556e1f547832f9fd942b55cf195b36a97c5918b0677468f98aa2c4f44,dense_v1_train_x2.88_family2/variant_12,32,0.09068187355995179,-17.370648087750443,-78.95847578658646,21.709652116500685,158.83988771496007,-2.93893864586961,0.48860844612121584,2.1226744417092207,1.5165663957595825,-0.0275234617292881,0.5417317152023315,1.2009769211990833,-17.313306942120892,-23.957231730825516,3.5372467041015625,0.01296666543930769,0.6210380792617798,36.40366176664443,44.55069433316272,-4.411329664210656,1,1,1,1,1,1,1
pi3_causal_upstream_000258,upstream,ee04c10b73444234906b2f6fe241968e0ad5c343930522e13854d70aaea35b59,bac55e9887191eac8398fde4350f4c1c104bec97fbb50b46d552d2f0d0e24b0d,dense_v1_train_x2.88_family2,55bfd5735689ba12a2dcd4ba6ebb9b27d8c3390063d656d82f33313723d38ebf,e7e99cc7fdfad907cc75cac480a9979fb14dcef6fe1695265569abc99dc4bad9,dense_v1_train_x2.88_family2/variant_12,34,0.011151276379823686,-32.42726906583558,-337.9244834505946,41.56130153346114,487.5966590351318,0.4696811198663197,0.40241278171539313,2.1985758535764366,1.514841914176941,-0.054411500692367554,0.7508022785186768,2.0883290580709293,53.15834802711749,-20.32040359215114,3.5980453491210938,0.011052986606955528,0.6536303758621216,35.866904520529815,18.952403786309503,-5.133923288131406,1,1,1,1,1,1,1
pi3_causal_upstream_000259,upstream,f9c30517dce67aa09e0e7abb071d1f6dc60219fc126192c2c2373c19e7b2c1ad,12cf978b5995fce06a4b96fae66f013d85f48db0707457801ba92a31bb0e6c93,dense_v1_train_x2.88_family2,bd6a71825b3ca8654af281cee47fe3cdb16d09e5736fa724ce51cee894b993e7,9f7d674c447704c01b229c82ab1e2707b0c3ce3a11acecf0a3dd7c3d79f38a44,dense_v1_train_x2.88_family2/variant_12,35,0.005927398055791855,-42.83084586996434,-421.9773651126618,55.420113944348444,640.2348306063686,2.7442596110002784,0.5471404266357422,2.23229452633413,1.500144124031067,-0.07035315781831741,0.9234250783920288,2.499149782164975,51.951655091356756,-18.344846506805823,3.6279003620147705,0.009671391919255257,0.6743320822715759,34.86779810911869,29.813222481782887,-5.408658025122443,1,1,1,1,1,1,1
pi3_causal_upstream_000260,upstream,3d2b4ad1829672e4bf087f709f4955775c9d3f401612e4eb901a26138cd73977,71becd7092a4eaf81e170f69261809c635a8f90012fe53e734eea607f5acba7f,dense_v1_train_x2.88_family2,2377208dc176243dd1c51243ced3d4c0666b686d5fc2cd3a0394a5aa6e4a0114,63431f320e0df04a9efd50df5bb8733ae1cfe8489c2fb67db16d492da42ee7a2,dense_v1_train_x2.88_family2/variant_12,37,0.28697145462036133,-57.24004175436043,-217.14919899898058,90.79578101448718,909.7080324593093,-1.3744715863253683,0.8940254020690919,2.274097217239002,1.5341414213180542,-0.11139918118715286,1.1992217302322388,0.2120657277227525,-232.0043413493814,-18.503653527650496,3.6891064643859863,0.005790857598185539,0.7218058109283447,26.166663031088536,100.0630909633872,-6.29092307441441,1,1,1,1,1,1,1
pi3_causal_upstream_000261,upstream,dbc320699608c97925b9dfb0254c938a9c14d14a8d8333f1ab8f67f09456ee0c,567b6224928c0ce797d0c2de7853ce1dd25299d42bdd995b678b5f8f20b0077a,dense_v1_train_x2.88_family2,9ae9be6f083b6853d8203db4185d65e661e1136e008395a69e04fc32672595d3,7a14546a0a7906e3a0b9ba993216a841a160bfdc80ad39582642f8a84472bb3d,dense_v1_train_x2.88_family2/variant_12,39,0.19959063291549684,-64.8947542855042,-113.21808311615595,118.83459548198162,501.2263288446489,-8.179097538914599,0.7987802314758301,2.287453149496946,1.4672411680221558,-0.08709463477134705,0.3290332853794098,-2.1868035238729995,-154.09677212887144,-12.820475100430912,3.747957468032837,0.0018462559673935175,0.7547394037246704,7.987195894656231,-9.882951611060058,-7.095802959399508,1,1,1,1,1,1,1
pi3_causal_downstream_000262,downstream,d0c5032dcf341655a0f5b1a78e46e2ffa4c33a505f4fd65fccf4e0d2581757f4,fc54d2a4677235424e75166ff7e581cf2d07fed9b405236ea11e0bbb9360831e,dense_v1_train_x2.88_family2,aa9633fbbc88e851cc0c914303a86a8e399f855b6b4347f43b0794ad7ee700e2,c47ffff3f957d975466ccce73223968e3b26208a2f9546432a1a8d4fc4d9ed7c,dense_v1_train_x2.88_family2/variant_12,40,0.1657490372657776,-67.3550567264345,-75.44735557203887,127.28694091949407,347.99565202329177,-10.534299495130318,0.7644917964935304,2.287987721780661,1.4708796739578247,-0.07557918131351471,-0.14997774362564087,-2.5056613003215245,-126.03321871620321,-11.23028241069959,3.776923894882202,0.00026878679636865854,0.756866455078125,-7.393001880263679,-135.79803964424696,-7.385780235757975,1,1,1,1,1,1,1
pi3_causal_downstream_000263,downstream,8c5371479ae05a4255a229107cb27af5535edde5e88b3ed92721ac353c717bac,99fc28596308dce2caf1adc63f951dca7a00efbad901234f4d780f762d315e95,dense_v1_train_x2.88_family2,f49dd74b277d0c817d669a58ed0e4326ce5f5d74c29714a479e8e2df6018b374,3f665e168556d9f8153ea5ec9e9c5a3fa820a89cedafebff6589222166c44070,dense_v1_train_x2.88_family2/variant_12,42,-0.12754029393196106,-69.62117688926132,-3.8246895035878157,124.6184952937968,-490.67237518065855,-9.836862754947873,0.8611060905456543,2.3053417109352408,1.5785574913024902,-0.007205085828900337,-2.2848448753356934,0.8685771207822445,146.10931668702673,-7.504094053340291,3.837064743041992,-0.001284957630559802,0.7084749341011047,-30.547003364695698,65.12396177367148,-7.667834823289508,1,1,1,1,1,1,1
pi3_causal_downstream_000264,downstream,443ff81b10e3aea0075e0485e72024eb6dfd9d5742755c609bb534252ea46571,92b5101aa7b40561c8a61db6d55ce0705a9752bceea10a31ebbc75dcc649bce2,dense_v1_train_x2.88_family2,eaa2138c3e6b3b6972253d9a5cee9549294c0a769396507d89eebd781f517464,3f297b15a5196504f2b2d172ff279da45665e2271155c45e472de936061c3331,dense_v1_train_x2.88_family2/variant_12,44,-0.15824631214141846,-70.43729570261864,10.387207402009174,104.05697577866046,-479.6079058573448,-2.5664881022552892,1.215004711151123,2.368416917885669,1.5566736459732056,-0.010523769073188305,-2.4934394359588623,2.088351683072555,155.57949691465447,-7.776347101204291,3.899279832839966,-0.0014971888158470392,0.6113736629486084,-24.699777453990745,-60.88795358251045,-7.678154975543452,1,1,1,1,1,1,1
pi3_causal_downstream_000265,downstream,5e6a1a32b1451897490745bd0ea7d8a8a82cc4a3310a2e3ea0f5186f3b838942,a472d058cb00341ee95c08d91a205f26642999c88fd645ff85eddd5253e43e69,dense_v1_train_x2.88_family2,0d0ea74c61f783f59ce8a8033930e2375ec3998b5057ef2bdb2bfac7161d74a7,f0cff1f7700a40d7cabe2782d360ce2113f7ec72cb027467bbe0c16e08460165,dense_v1_train_x2.88_family2/variant_12,45,0.03279014050960541,-70.55257563543012,22.58504501902266,99.25824196216041,-62.86986274378388,-1.136111108564275,1.4342632675170899,2.4210263455858927,1.5200282335281372,-0.038181569427251816,-2.0040042400360107,2.4315375261276073,-23.898831905874616,-11.143848074300372,3.9296317100524902,-0.0020001044031232595,0.5679534077644348,-19.681517942471903,-91.50649634857285,-7.831218717640782,1,1,1,1,1,1,1
pi3_causal_downstream_000266,downstream,ec997e41d517f09450674fccd027b17398a0018b5600d145640f163f110c30ad,c3c56c2d653893f42d30ad1327370281438c29cedf82dfc6125e6a81d84316e7,dense_v1_train_x2.88_family2,5252784b71138981db11017cbc187d0897ec16cffee0b243240ae17a35e5ba4f,e482c287d9ad7311ba2d35c84052010d75f2dd2ee186480904c9780bfc27ecf9,dense_v1_train_x2.88_family2/variant_12,47,0.16749872684478762,-69.60089805761555,58.1482349328241,93.5654568738732,161.979165600903,-0.6779396332583391,1.580463676452637,2.5511133497921077,1.5147119760513306,-0.0526699461042881,-2.0899999141693115,3.3583384877679197,-143.5714506178818,-13.610391600584764,3.990417957305908,-0.003280030097812414,0.47526079416275024,-12.649286654168296,-85.52399512626123,-8.281100895509411,1,1,1,1,1,1,1
pi3_causal_downstream_000267,downstream,1f5ddcd0a44154d94358f8d96fb3f4f5850ee7040c6cd870ae152660cd482da4,3702dab8f0d5759cb2ac815a1a3a5e78b562d3da127e0f85ce19a043bccc5ee7,dense_v1_train_x2.88_family2,4ed162e236c375a3ac9a27d8cd79a66d4c86337d0e2154e8879fe44367675e2c,2144688f3e4652e393cb29f89de0858ed7d5405b64cd8117972390a10661dac5,dense_v1_train_x2.88_family2/variant_12,49,0.24478857994079592,-68.18954874865913,88.47406311181645,94.29018092594657,262.602523321528,-3.2210855562541356,1.6590511894226077,2.70328817886178,1.5151182413101196,-0.06140422821044922,-2.344632148742676,3.275260762458939,-207.89130105075685,-14.851689689775371,4.050811290740967,-0.004980753641575575,0.37641167640686035,-13.234578370751382,-48.74340254008046,-8.901590714011146,1,1,1,1,1,1,1
pi3_causal_downstream_000268,downstream,3b8a69e74376e57aff24c35291d20bd66ee255fe039a6b557f79c3532c262f27,50ad137fb9c45d1556c7b483e17b67d8b599da97e5407868c7a7e896399c8c31,dense_v1_train_x2.88_family2,22daf4752a59a3e3d637fbee9d7d752f9dd7eec4c7888ef76daa4b1a841c66c8,0d6ea6def3bec0d3670bbe2e46fe2dbd4122c2fb5743a836bb51476004984587,dense_v1_train_x2.88_family2/variant_12,50,-0.0583306908607483,-67.9954757535824,9.716809820820437,93.9447850898082,-231.65242268258567,-3.814876152478438,1.3329936599731447,2.773842933573765,1.5337858200073242,-0.027974888682365417,-3.199803113937378,3.2238699922569403,58.99199552175246,-10.788253058183875,4.080846309661865,-0.0057801115326583385,0.32065513730049133,-21.752351044097022,133.25186806507125,-9.139150134971382,1,1,1,1,1,1,1
pi3_causal_upstream_000269,upstream,0eb0111da1c922f342088a560d3bfb124b18f7eafc023c4fc16005296c7fd43c,419c83ae09fe7c54859ce105335731d51e00501e97d276a9d751824ddb53bbf2,dense_v1_train_x2.88_family3,aa6160fb3b47983d72801304fa56765d8793b70477679a67e803c317791d2308,4f3ce6ea40544169b44e49cb982900f41a830af84c5549b974dfc83d3262b771,dense_v1_train_x2.88_family3/variant_3,7,1.8162308883666993,-71.78368308237906,-3.592513444452511,140.56649523215634,-215.54026597771403,0.0824362030178454,0.10402194857597352,0.028195583256003395,1.8615617752075195,0.09060803055763245,0.08722048997879028,15.066118356126044,30.06584385842498,45.22315719280174,2.777453660964966,0.000775663647800684,0.1190054714679718,6.057071093235722,57.20624597834721,1.110426989843443,1,1,1,1,1,1,1
pi3_causal_upstream_000270,upstream,674fc71c67ea9e99395bf9ecb5dedbd8529f5b338988656153c785b5dc0fb530,f0ee12a1a2a78dba656a5bd5984afd857f9863d687888e349b94028688830de4,dense_v1_train_x2.88_family3,c8a84e1d812c28f078524d189492fb64fb83a937f5f996071453399d52b19f5c,135f4f36c2eecb6fd5b0bc892503f3d9bf4e2865daa119a0df360c19f6a76d0a,dense_v1_train_x2.88_family3/variant_3,9,1.1715814208984376,-65.26352985917153,424.090434396567,124.57464547932533,-592.2080002875872,-0.11330266769098554,0.5267293119430543,0.5906590690122798,1.1135858297348022,0.0420505665242672,0.03530319407582283,6.83530071283286,19.319091029638102,13.360083950524015,2.849801540374756,0.004740018863230944,0.11779408156871796,0.22573881928597925,85.2541616729107,2.688041907005633,1,1,1,1,1,1,1
pi3_causal_upstream_000271,upstream,a427f69e67159ce51e96f33d252a6646303f06baff25d4c2055f851ab65bc3bc,d42cd301cf86c88f919bbae52993e9dba41f51c0ee33dc6ba2b58333072c475b,dense_v1_train_x2.88_family3,97a36c68afc501d84ccbd31e280c024c6757586659ddbda3ef76b09a6b3be5d2,e2a785dffab3ddd80f3728ad0e506bcf03402e531eed5594e57c01b2a07f333b,dense_v1_train_x2.88_family3/variant_3,12,-1.060270462036133,-45.37077465623864,-224.48676194129857,67.90437469043276,-1298.9142318965198,13.301394525417548,-0.6856851196289063,0.8549607753624789,0.7476577162742615,-0.020981358364224434,1.876448631286621,0.02669773703954539,701.8283290697631,17.885979030438733,2.887671947479248,0.004702533595263958,0.15519821643829346,-1.3257515640088167,19.140025667715168,3.1434529466014527,1,1,1,1,1,1,1
pi3_causal_upstream_000272,upstream,8767289fff7b88e21c876d4457ded34815cff5f4e6d13b1eb11761fda03eafd2,ecc13c0c8a0deac9a3dc176b57ea03e61639b3cc0a1c772db40a157a7e5ff982,dense_v1_train_x2.88_family3,2f609673a21b8ff9cd51eac880d9bbd4f91496a00bf83cb68925c90f726f8b94,b98aafd3c702a22beef061366074b59debb5b1a281fb898e89310f1a099402ce,dense_v1_train_x2.88_family3/variant_3,14,-0.2759199666976929,-59.56188601553081,-277.8520134738487,49.1851313642727,422.4905035646265,32.394084549969286,0.11881461858749391,1.2229743826462078,1.6631128787994385,0.007430671714246273,3.2003774642944336,-1.8665090598212448,43.33002341526555,8.408937024016069,2.936964988708496,0.004461304284632206,0.2701164186000824,1.3330289171260536,-110.94964751920048,4.352412821432259,1,1,1,1,1,1,1
pi3_causal_upstream_000273,upstream,850f2987f968febe5d93f89ca919d84bcd15c545df417abbb9299fb2725151fc,76a8d0beeb1959d50ec280a70ad4363248c96fb2b755ea4f4bb31519113ecea3,dense_v1_train_x2.88_family3,a5e95be098ba763a0f413c699e4cd5242db5130b7913429d61600082efa04ce4,9aa3b2cd803985e837f00a470e2285803d4d6ceab03cf38a6f09ad877e8fc4f8,dense_v1_train_x2.88_family3/variant_3,16,-0.1503436279296875,-64.76237155901102,-40.606526464857986,75.42030802292562,173.6830499135567,25.2470370299037,0.49936199665069586,1.2301083650390434,1.5791058540344238,0.011047671549022198,2.487799644470215,0.27756978984390035,-45.08607871125417,7.588638988660354,3.0078203678131104,0.005012847948819399,0.3944515287876129,30.89112195545928,-109.05852523237486,4.205234738930786,1,1,1,1,1,1,1
pi3_causal_upstream_000274,upstream,cf650e4f03bcec046be0a8a2b21dc8176f46cac1eb7dba775f9f5396bb95258d,6d6da83d22b5c9d24992836163153f3fcbd7b977e2e820c69fca8ce08347c7d1,dense_v1_train_x2.88_family3,46c734d79b0537708ef24cb853f2681570aa44c94cb636e490356cf4eb0de584,cea826b48db3e1f5ceb410861ad99f7cfb7ab02156be43a6acdda5440ed31425,dense_v1_train_x2.88_family3/variant_3,17,-0.18741064786911013,-61.701743301360786,186.67005356368895,71.94880973575329,-338.66028606950175,24.250689553799532,0.453216781616211,1.3021059392217913,1.3734543323516846,0.014656063169240952,1.5231494903564453,0.018829349110530785,-7.334305795857528,9.615660695628073,3.0366296768188477,0.005308409687131643,0.43075186014175415,32.097586079882824,-38.264878070189155,4.355064248299367,1,1,1,1,1,1,1
pi3_causal_upstream_000275,upstream,fa8d5cd06d31d28202a80218afb6635175fc8445e094876954900e5cff8247d4,4b43dfc0edb979f3b8bcf76063bd00355f9360ce919bcc7d22a8084376f11b06,dense_v1_train_x2.88_family3,ceec8ffae821bbd91278a6a98312efffd094ea8771a59127bebdf4f39d160c50,52ea87eff7bfd97f2c9f34791c253750c6c5df83a9418238f03c7258abada232,dense_v1_train_x2.88_family3/variant_3,19,-0.05731301069259644,-46.796286362439076,446.5868372205412,46.02257277854379,-554.4547580277454,23.114774671496637,0.6060474491119385,1.4582944829878115,1.3127646446228027,0.011898922733962536,0.9231327176094055,-0.652096889720482,-132.39771192822616,9.882295059126092,3.0867178440093994,0.005817205645143986,0.4699409008026123,34.13860369823354,3.0484517379073837,4.798666768275419,1,1,1,1,1,1,1
pi3_causal_upstream_000276,upstream,8f44e7be3733955c84c9a9479ff54d72366d39c2c6b8037276affe3d2e9fd1aa,c03a31179675c883e1e75b8d7f0284635a739ed4380626ddd131a1b0e8a56db4,dense_v1_train_x2.88_family3,ad2d6bad92b53e717f1cd14b08829b6a2e11a1331706307b1777484a9d447bb4,a4e87f8df8cccd95352d679ca81529651437412f0d4728c284fb059c3ea26d23,dense_v1_train_x2.88_family3/variant_3,21,0.011016900390386582,-26.83290700348826,520.1881360938983,23.043709297261945,-545.0270752371334,16.322045069590363,0.6915357875823975,1.5246165266542402,1.3595919609069824,0.0073061976581811905,0.7887669205665588,0.07557756395049847,-202.33943642542533,10.220350149453996,3.1395583152770996,0.006186407525092363,0.503051221370697,37.397423555030024,-36.508593962863344,5.019565420252811,1,1,1,1,1,1,1
pi3_causal_upstream_000277,upstream,625f5d74ddbcb84934c5ad95429531ee969854828a5089f0b697b43011771c3d,1916854b5ee302eab64a8f7944639d44e55ac5096335b6e05ccf51ddd2c34a90,dense_v1_train_x2.88_family3,5c250d61a768dcfd4f9ed4220e8ce13bba47666f796d14812b0c75712e079067,8390b5d272c7783fadff1c9ffbfdaef42f318189b390f10238872ca6e74fdfa2,dense_v1_train_x2.88_family3/variant_3,23,0.011295991390943528,-12.358080685131156,406.57586227017333,9.092632129745176,-343.8926207850817,10.143280714319763,0.6813276100158692,1.6028785607983689,1.47383713722229,0.00579738337546587,0.7983875870704651,0.903609587922063,-194.01003439297313,9.58602621236668,3.1968741416931152,0.006412499118596315,0.5378507971763611,39.4111204167007,0.6077835828807913,5.270447539855845,1,1,1,1,1,1,1
pi3_causal_upstream_000278,upstream,941dddaf761c01e5c86c0d1c8e3ead46cea6c2c95033f9d8d496d2da8b4048ea,fc2991a9f42f67376dbc56d3a7fa9aa3f982c1633541bb9994d1c51bf2183d4a,dense_v1_train_x2.88_family3,c3b19ef3474bf08fa74055161685e3f354328175bdf6011a4bdc7fc91fce8be4,b258dd85a0abdad908320c4c2fb59243bffab8add7d7f7349b8cea1b47654a1f,dense_v1_train_x2.88_family3/variant_3,24,0.0014784576743841172,-8.012074858708003,327.07680433153706,6.571115399039113,-218.0113737779113,7.578248105904293,0.6650193595886231,1.643257763328974,1.5347466468811035,0.00666475435718894,0.7747759222984314,1.114004707402726,-180.65089471610187,9.158195969361774,3.227555990219116,0.0065385159105062485,0.5552549958229065,39.95860789000141,3.8976043342986406,5.401586673075964,1,1,1,1,1,1,1
pi3_causal_upstream_000279,upstream,ecf3e7597767d6da2c9809d8fd25b4b0355bfc5d149231be6318790fec95a986,b1ec76877d139fd9465faf3a01a83dd2d481377bc6eda3b43bb02d1aca999e65,dense_v1_train_x2.88_family3,a99d65d9be33cbeb653a03c8fb13e6e841255f770730aceb1e88903f971c8395,86e5606c77711ebed825a28cf1e52d1c64a84cfc62af02d45d33e8fa97ff26d3,dense_v1_train_x2.88_family3/variant_3,26,-0.05468550562858582,-0.28308818248687395,190.09857630060358,2.5786294918852404,-118.49801742006174,2.7905047179768347,0.5788646507263184,1.72122482070054,1.57857346534729,0.0013901233905926347,0.6977339386940002,1.6431474665315473,-110.19773931423046,10.986291831847456,3.290303945541382,0.0067044515162706375,0.586049497127533,40.73913800268837,2.356532657530759,5.673274882877467,1,1,1,1,1,1,1
pi3_causal_upstream_000280,upstream,59eab7560cf7116acdfbb16f1bf4ccaee2f1565db64fdafa64aa0c7a3c71263b,548a53de01f23781e9e12062d7981ce9cf5424b037ad6c293f13635d57bb851a,dense_v1_train_x2.88_family3,bb96703844d410a4f158ca33e9d086dd1bc9c63ff49e75e77f8e37675f482814,ae7af12780c72552636cc1895c551e520581497c42d73e573ab3c5a90dabc643,dense_v1_train_x2.88_family3/variant_3,28,-0.03310448974370957,2.716743600865714,307.0790759512502,2.012019196455785,-315.3240978266961,0.4199649651632518,0.5989946842193604,1.780639447830692,1.5965837240219116,-0.01308479718863964,0.8287056088447571,0.7370690853896421,-126.74384525782968,10.342560162952095,3.3556807041168213,0.00652085617184639,0.6209263801574707,40.457782020208036,47.399842858636426,6.064130490893901,1,1,1,1,1,1,1
pi3_causal_upstream_000281,upstream,a9a1023dafd9a95957f136371924f9f2b969a133756a63f65eddc35bf63e41a3,013bdd6e32951c931aefcc2c39101ca04bcd698a9a12b583b3e9229699e9dffd,dense_v1_train_x2.88_family3,93771c051a6a21fdb38f45b1bbc9c71ab2bbdb74fed43e38dc2524559bfd9adc,aa9a534c2d1ededf9ff9f025ee663674ccbbd0960241536d793ed92370cd0684,dense_v1_train_x2.88_family3/variant_3,29,-0.09289594292640686,2.4084450834306175,204.19075919995728,2.306281888589917,-187.75680496252969,0.45497035766820176,0.5602600860595703,1.7891231143381858,1.6835969686508179,-0.01816961169242859,1.0944358110427856,-1.1195638410568816,-95.03703479093079,9.077574123946237,3.3890695571899414,0.006230275612324476,0.6408809423446655,39.15438385108367,86.96872356969149,6.330781522929643,1,1,1,1,1,1,1
pi3_causal_upstream_000282,upstream,fcbbaa76b232f029fd97b6604be9141bd8d320e1e2b537e180b96e18696981c4,6ceb596bb6b9d802fb90157b0c2de02372d08b6b23b96c9e059b58182713c76d,dense_v1_train_x2.88_family3,8dbbff43e9985ea758fef104713aed2f6f7981b280f21a845d27b9e33a730f0a,4f663fab7d95421a0c5140cca07ad3c55327c5959295383b25dd9a9a3be9c079,dense_v1_train_x2.88_family3/variant_3,31,-0.14631771802902224,1.6119284861044174,159.24784125370658,2.7050567203089995,-210.0923158504151,0.7350158186293139,0.5052069568634033,1.737013401513321,1.7007781267166138,-0.027986155822873116,1.047232985496521,-2.2151321603424505,-49.93619945597481,10.277191837500487,3.4580554962158203,0.005346583668142557,0.6865881681442261,39.481860685934514,45.48802509862566,6.806735163863252,1,1,1,1,1,1,1
pi3_causal_upstream_000283,upstream,5f6b7a5b7abea063dccc1bfd65c24169e5e85a470cab30d2a45c24bce5e65c69,9323d5113432f3e606d258d3eb43a522c7ada8606948d9c0ed33849cd7fd56a3,dense_v1_train_x2.88_family3,1eaba93ff25bfb48d75df264807e519603f413bd421197867c112c6d214f74a3,8e03de9eb94fce2edef3fd7e18b1206ce71ef20a14d08f1ad76e0326325f6ba2,dense_v1_train_x2.88_family3/variant_3,32,-0.18322460412979127,0.6227979395020661,0.041696417242756835,3.3875614521318194,11.703097987125492,1.1551703503712798,0.4568103885650635,1.6909513184976233,1.7917617559432983,-0.026346350088715553,1.1545255184173584,-3.112190422911708,-10.359842249099518,9.654763528626395,3.493324041366577,0.004819818306714296,0.7092230319976807,40.20295107736944,31.443592051759516,7.0389286467973005,1,1,1,1,1,1,1
pi3_causal_upstream_000284,upstream,2cb4f9881b4af5cc59a3d15fe5d4449d38f0c0468679dd206cad1ea6805130ff,6ff61fb0a0c944d543b4901d30e53c3c12c14dd5595ce55abf8116375a0375b1,dense_v1_train_x2.88_family3,685f1c0ead0fdfb15aba6a75a11fea55cfbb78a667f30cd60f0be40dcfffd2cf,4184d7393795e12867d49c7fc429490aa61daf9839c254e42005d2712ca4fef2,dense_v1_train_x2.88_family3/variant_3,33,-0.21830276012420657,2.179439512730668,-51.51408585236906,1.1884022227719724,20.800953504038436,0.6683527167166566,0.4104825592041016,1.6322258343619218,1.7842764854431152,-0.03025507926940918,1.041892647743225,-2.979973541949305,27.55790938577031,11.203048738931457,3.5284667015075684,0.004195997025817633,0.7305841445922852,40.387598411391565,-2.1426282081988846,7.227032525742552,1,1,1,1,1,1,1
pi3_causal_upstream_000285,upstream,eea70014e2c004b9ee1cfa5b0b5f781eb8b208ad7fa3f1ab0c98815ce747a676,1df3c3ab57a895472d958fcfd05c6cc42d199eb4609e42e4dab6236cdad7b79d,dense_v1_train_x2.88_family3,54a2babe8e2444907139b225f599e37d5274ecaf9063216af2a7f7c00584f7ed,5f5d88b9720671791eb97f34cdc324aaa63ba470760e4491ec3d376e4c3801fe,dense_v1_train_x2.88_family3/variant_3,35,-0.11126581430435181,-0.6267241243360597,142.8896884556878,1.5317465475601104,-139.1875620010008,2.565824180454101,0.5253699016571045,1.508524191976761,1.8106768131256104,-0.034239042550325394,0.9146363139152527,-4.0497028287178924,-66.41729907414842,8.081466165580746,3.6000497341156006,0.002783783944323659,0.7716838121414185,40.19622334103698,21.330928372307234,7.744642683541112,1,1,1,1,1,1,1
pi3_causal_upstream_000286,upstream,ee1625e42edcaee0e7a11f211fedef006a73022523b98fbc72341d050a781437,235bce7e53d67e59755a6f4b41f6ee7ab31e8a243de4b637fa926fc383fffa39,dense_v1_train_x2.88_family3,53cf4a48f27d123c70ebe485680506be7b44466d4c2f003dd6a0fac1a663803f,0dd1228fc9041a1cb3692437101783bbe1092d2acf0881762e067366e15cdbdd,dense_v1_train_x2.88_family3/variant_3,36,-0.11110004782676698,-2.5469489400806054,139.5561190086147,3.6819727008803995,-110.25982573378587,3.125709755014483,0.5370068836212158,1.4283997358163716,1.87744140625,-0.036182764917612076,1.1515957117080688,-5.429286635391871,-75.95796002382153,6.223233374042853,3.637486696243286,0.002117717871442437,0.7932679057121277,40.22483500347016,52.812265756967534,7.948534951611624,1,1,1,1,1,1,1
pi3_causal_upstream_000287,upstream,01f92dc43972ef846af4178d0b90c4283174fcd23427a7c4a7f85c7284a8eb62,fc32ba2691c33f55f0863c55823a5afe69aa68921fdf8ab64e5db6e5a9af093b,dense_v1_train_x2.88_family3,96a9f2a503484ae0b89ba84fb8e72b23858d6191aa2d60e093408e91fc8b7c7b,63658cd2d62247dee7b9da76fccdd03d02a5ee08aa7bef84ec8849ae05eecd1d,dense_v1_train_x2.88_family3/variant_3,37,-0.07740832209587098,-2.8794058366100375,165.84260746340735,5.549071077960969,-66.23030898524098,2.505202867554902,0.5848493003845215,1.3227691640033044,1.9243217706680298,-0.031726203858852386,1.0566608905792236,-5.851028191638532,-115.1210899321374,4.378666937260509,3.6761069297790527,0.0014845773112028837,0.8166339993476868,40.60783103098946,24.785938582823164,8.064127896031149,1,1,1,1,1,1,1
pi3_causal_upstream_000288,upstream,d3bd970e1b42ece52d3125b8390875bad75d99ebc52d7546e4c6019490cf0a96,abc0035ad4600363963a1cdbbc7007cc17cccf40e9eb97d9a1595421f6950b90,dense_v1_train_x2.88_family3,c56a13b9268a1fa9142e52e2f8320996ea3b5936c5c9656975ef3d3a39bb8cfd,3bb119b32c1abf2421f31e214a0a0c396057c3baea90ae416c9641155d1c5705,dense_v1_train_x2.88_family3/variant_3,39,-0.13053762555122378,-3.908927507282052,150.81768027061835,4.259785787209145,-162.36101415664172,3.5679466326856817,0.5231748914718628,1.0972704888618823,1.8983218669891357,-0.04174109548330307,0.9034093618392944,-6.699793601681215,-64.6758672131728,6.084844349948287,3.7515368461608887,-0.00023772208078298718,0.8588947653770447,40.99467928520064,13.0896784688305,8.439317528366974,1,1,1,1,1,1,1
pi3_causal_upstream_000289,upstream,c95a7b37014996fb2c8653eed3bbcb7994f03195571182b202033c24dacefc39,4c0d581d456d6f592325257c0b47c30e4195d213814542ab85374f357bfb5289,dense_v1_train_x2.88_family3,fe2306535567ec5183ea28d48adb01029172f0898559fd74ec743a68d8da7f7c,13be4070f58f968a5d3fbf8da451d1cb29b46843795dfe89da546e3cff3415ec,dense_v1_train_x2.88_family3/variant_3,40,-0.16456382989883425,-3.6889945622339955,104.55305924826766,2.9976767519477434,-146.38991451850922,3.7484334523888903,0.48534338474273686,0.9710849388785235,1.9028414487838745,-0.04381642863154411,0.8305695652961731,-7.083002645725249,-33.73994946204199,6.553884966197287,3.789599657058716,-0.0011126302415505052,0.8771448731422424,40.625941277573745,27.882848805344494,8.603344001236081,1,1,1,1,1,1,1
pi3_causal_upstream_000290,upstream,26a5a5628490f2333f9fcee5917e958a3c0d047dd7810f0b85cc36fd51948416,682f53975403f0283f4411750c390ef03457d315430e29790b74694e5c430ea4,dense_v1_train_x2.88_family3,ff0a24ce17a62fe20a88ddd98d8d5a301c7d0e910db08acd60149e42804b72a4,29b9812e0ece2cd4632b4afbb4b1489b8bb8801cbd3541bf6fdb27a28264ae7f,dense_v1_train_x2.88_family3/variant_3,41,-0.15343772411346437,-4.48840417156052,158.41275500502417,2.1534350615697253,-241.74793404948474,4.585390829212849,0.4919592237472535,0.839646438473766,1.8864506483078003,-0.04852742329239845,0.7312798500061035,-7.4551890451093525,-39.16404173857007,6.885459487663317,3.827773332595825,-0.0020195518154650927,0.8939763307571411,41.789173719645696,4.530029478796693,8.778123589154209,1,1,1,1,1,1,1
pi3_causal_upstream_000291,upstream,e29007ac5a2872efca66da80a04cd0aa714897434609003d46c3da5660b7531a,b3a6fda2c3e29470bd14f91737f83fc052259dd950e7f569d4ad9fd9d6c24475,dense_v1_train_x2.88_family3,f4e4ee28038d006630d347b74470ef3c5aacc1a964af4b31919de7629b067394,d4251049ea4d03e720fe920f86ed11db0c819825bac97b40f7d28af27df33b2d,dense_v1_train_x2.88_family3/variant_3,43,-0.13354074001312258,-2.122410207925412,218.67438024064444,-3.3010664978037165,-281.620802574835,4.558385627421878,0.5321705579757691,0.551928671335283,1.9155303239822388,-0.047261063009500504,0.5778510570526123,-8.245789417953853,-72.09127382146141,5.031539106812641,3.904329776763916,-0.0038817282766103745,0.9209436774253845,41.18467465734289,31.412108294780342,9.068642718895772,1,1,1,1,1,1,1
pi3_causal_upstream_000292,upstream,00f6344465702c694555d3fec435669fedef2403923ce269defa07890eb5a96f,317c10d401e1d4448fde273e3b187194ce748e94a2dc36470f123b1373c6c9cb,dense_v1_train_x2.88_family3,45980bb5a62de64102c847edbf5392c665157c303945e52bebd103747a62a11d,145ee28ae9f929250b78f6341a07b3fb82be8513e0836a165c36f8ba0cd1b974,dense_v1_train_x2.88_family3/variant_3,44,-0.2005358147621155,1.487949773776402,193.7553912803367,-10.956575386316024,-407.3995284425635,4.551692210608496,0.4460576391220093,0.399502245499086,1.8633263111114502,-0.05956804007291794,0.619940996170044,-8.665398674519,-1.6039048280986508,7.149643093909771,3.9414572715759277,-0.005080562084913254,0.9330427050590515,38.56787209196009,77.21276139700124,9.248259658368259,1,1,1,1,1,1,1
pi3_causal_upstream_000293,upstream,feec6d0913003d82f383c0c13822e667f5c89120c1e07b5d090f93c0da5a658f,3c845a25323f478452341a6fb1eea9eaa9a1b38a7187a25a5336daeb5990cfba,dense_v1_train_x2.88_family3,2ccc65f64dc19248bc5e105e44f5e5f6cf26d56ef9f47d266f8f6b8703f31820,1e04292aaa45582f65c84e0b204bfc5e1a4a1b6a9fad71e738ffc75dc50a202d,dense_v1_train_x2.88_family3/variant_3,45,-0.20088580608367923,4.200046391407275,75.8707726590663,-16.57487128528872,-167.71765831511593,4.459736349797853,0.4464323472976685,0.23348420699144512,1.9479960203170776,-0.04577445611357689,0.46158650517463684,-8.932264410675154,-1.9055081593215482,5.742184858346148,3.9795796871185303,-0.006133966613560915,0.9439340829849243,39.1743519091222,10.445625156206647,9.376532690119614,1,1,1,1,1,1,1
pi3_causal_upstream_000294,upstream,d88610897d27ff394f725e90acd970f097681a5abe4db2c8af918c8ce3661927,5a6fee932cbb3ebf87c7b46c01ab1d45b8c0f4676a649d0e1569d43fad6d7f35,dense_v1_train_x2.88_family3,ab044a3882aff6acbf0891cf57c6f21633724b662058fe4defb213a53324a2b2,3c084fa6e29ef7f482413e701b01b9e4fdf685f8c3bee95892f8203234ffc56e,dense_v1_train_x2.88_family3/variant_3,47,-0.2272824048995972,8.599645297152934,187.31759647814118,-34.02854202994796,-453.4452214114478,7.553105577590285,0.6210706233978273,-0.12079615078192811,1.8817914724349976,-0.060993265360593796,0.5036638975143433,-10.458628982612707,20.76949536026865,6.197092959428745,4.053435325622559,-0.008785910904407501,0.9670030474662781,41.570949175663785,-16.958758652494698,9.7071971044871,1,1,1,1,1,1,1
pi3_causal_upstream_000295,upstream,539c04959d278a3d1e979630fafdb759b6515abe32814620d86a9a6c4dd19767,18c8fe5d02bbaf04fa78f9c78d1d7f1044aea6085f11b5bbbac06be84693d0d1,dense_v1_train_x2.88_family3,68d5577261f899a680e55b3696e8dd1b74cc816c63ea690314bdfc183ff78880,b748f695b5f363740a8bf7c0b0333b7c5ce0b863c9bc0e4f202f519fdfa68259,dense_v1_train_x2.88_family3/variant_3,48,-0.22987782478332522,8.988796178888057,149.15403743410002,-39.729045231997276,-340.0856372662567,9.359129027563998,0.6375542449951173,-0.31990535138238413,1.9329229593276978,-0.05173191428184509,0.31030046939849854,-11.196303073352423,7.2942484439226964,4.141442514554919,4.091612339019775,-0.009925365447998047,0.974682629108429,40.09879069252675,43.02485739333855,9.840776596949825,1,1,1,1,1,1,1
pi3_causal_upstream_000296,upstream,b33cdd65d7f839fc639dc1f07443acab998f474433fa2f5ac0c2be29463cbb4f,cf5ac34991860b8b5a66b40d8a84f3218c37539ee148fe1a98710742c4c09e10,dense_v1_train_x2.88_family3,e07ac0a94a49aadd5e5bfee9a0ea440f8f9c12da9d2157263b77b5757060e4d5,034fc82467d8d0e9a49a2af87bf5e82a370fd4c398e766083a9062a526f1d564,dense_v1_train_x2.88_family3/variant_3,49,-0.21962730646133424,9.688674564081863,141.0541160973819,-44.212500931504124,-265.6237072367214,10.448183361645258,0.6642633342742921,-0.535812367768582,1.9730055332183838,-0.04438677430152893,0.10050113499164581,-11.727617512472191,-14.584257047918106,2.702502443002826,4.130641460418701,-0.010907061398029327,0.9783307909965515,39.45746666531382,40.1884744914236,9.92877634156409,1,1,1,1,1,1,1
pi3_causal_downstream_000297,downstream,fe510b37eee5060e2ca9afc47b19af1b3d34d0ea02dc2bd068d61efbe8d10a6d,a4df9b851a49d7bf308a7e6f899dfac378ac41e1e4848c43ae593b292c6597c7,dense_v1_train_x2.88_family3,4e9ce05bf72fb6e9f1612bae04e171fc171f36fe11c89b707fdbf894ee6892fd,8a6c83b617c5ad0d95e3b349fa1c1fd5dd8be0310d347a1fd0e76be7a57a025f,dense_v1_train_x2.88_family3/variant_3,50,-0.1927937150001526,11.375048270158011,172.88401340331356,-48.39770276052402,-250.11262083918925,10.643513501091299,0.7018444347381593,-0.7646359612298219,1.9976158142089844,-0.03956077992916107,-0.080826036632061,-12.10748787467256,-45.29258265062033,1.533203405565733,4.170265197753906,-0.01177126169204712,0.9781642556190491,39.685560832646395,22.434780857282384,9.984082727895725,1,1,1,1,1,1,1
pi3_causal_downstream_000298,downstream,7252e64ec54ceaf480be63338cbd4d12584ef18c752b9eb326667f6a9eebe7aa,2c7cc482ac34e47021014ed38956be32e83f6eeef323469b1f950f71d3ed2310,dense_v1_train_x2.88_family3,cf6201d76ade82e1c2b57af0eb7502b1f13d504270e3a0b1509f0cdade31516a,70853f6b02c23549773418bbb822ae98d8d88a6f9c3f5f4abd51d619443c1ba1,dense_v1_train_x2.88_family3/variant_3,51,-0.19055726528167727,12.737491717109842,156.70205216512443,-51.77306272003385,-204.9990437863366,10.80206383180679,0.7061690998077393,-1.0042494175748706,2.021343469619751,-0.03512183949351311,-0.27860027551651,-12.4841753687197,-48.762622692404875,0.8524413324766182,4.210339069366455,-0.012551193125545979,0.9742345809936523,39.924610623407666,18.18223336304616,10.024022586460394,1,1,1,1,1,1,1
pi3_causal_downstream_000299,downstream,85bd9ca88c72e8de03965cb87aab2e87a8a6d9e380c8d60cc21a282840ee430f,a3ada7e62a5489c80a1abad0a7e854c1339095b3f37107c2331e9060b1cdb35d,dense_v1_train_x2.88_family3,f2e7262d98fb2e963aa5427bd4d857620d99d40f5424f207438c1d6530d91a66,372d48e0842dd0ebb4d2ac7051e9bcfc155139f57c359056616c4412187505be,dense_v1_train_x2.88_family3/variant_3,52,-0.1935464692115784,13.979470263896511,144.65806541293912,-54.75349089644978,-187.6488606528868,10.922664219272766,0.7014256000518799,-1.2536088436195834,2.0342531204223633,-0.03230367600917816,-0.44840431213378906,-12.867331051910845,-44.85288922280076,0.45961575560717577,4.250728607177734,-0.013266046531498432,0.9667729735374451,40.35683182427525,13.374062786434092,10.051167840050343,1,1,1,1,1,1,1
pi3_causal_downstream_000300,downstream,3696c162509074849e57f01d393507e2ee0dbb7df082e61813e800b5a77fbd84,6dd23ade632202f502209c77beb4af5a60db220355373f611896d9d8113293f5,dense_v1_train_x2.88_family3,abec106b589feb4aea12564f0ed1ddc1625ef272b18add2a9ffa7aabfa90db3d,722c0d09f9544df64cbc4783f32bc03634983206344284cc0d7a42059e15cf84,dense_v1_train_x2.88_family3/variant_3,53,-0.1990331768989563,14.99206203005018,131.72079920034287,-57.48507820592923,-173.13524142136498,11.148008791352149,0.6944136905670166,-1.5127192978768607,2.0452377796173096,-0.0297278743237257,-0.6188332438468933,-13.25559315528022,-39.164393493312325,0.10027178605945562,4.291336536407471,-0.013931131921708584,0.955955445766449,40.62110550364138,14.794809581914798,10.068063356950926,1,1,1,1,1,1,1
pi3_causal_downstream_000301,downstream,e93e3dccb5e82b489f99612ec5fe455a1d478df9a406edd40afa7c19e78a2221,59e5347734b0c0a53abaf6ed9e16bbbb0a06ba77921a233b9a392af9f8d0baef,dense_v1_train_x2.88_family3,d04f3ee74c0036b6bd4eb7ab65e08a4d0d6f27d834cd06a445ed31874f2fa6cc,1f69b83b8e11e15448411ef06dbec5b0115f20d7554017f398cfe2bdc6f83b72,dense_v1_train_x2.88_family3/variant_3,54,-0.20306557893753055,15.624122613201283,115.86036228714289,-59.71424704534629,-143.97807909992932,11.501989932553448,0.6913556766510011,-1.7816356037901606,2.060685396194458,-0.02679566852748394,-0.816002607345581,-13.602355029252598,-36.675776503177744,-0.32090923443790886,4.332216262817383,-0.014542974531650543,0.9413954615592957,40.67493763958483,18.261468680060183,10.073516732064231,1,1,1,1,1,1,1
pi3_causal_downstream_000302,downstream,8645ea91f1c7be94fecab4a4731d2689f2fc191a4ae8c01dffd88d1b9b5ace9b,49b73ba9864354c74011a607ce347dfba4e0fc42e9479c53fd61d24c054c5454,dense_v1_train_x2.88_family3,a5191a8ec301495345441b96fdd5c62110f7b6d457e27d80c48b2fe75a844257,ed686e7f3834d4cfcad35d87a82f028714027ad8f1c0dcc1f2d76cbadebb5a2f,dense_v1_train_x2.88_family3/variant_3,56,-0.2054046678543091,16.143111122190117,95.65093219353153,-62.48014581012129,-88.21719335751061,12.216955745982329,0.6949902057647706,-2.3439880038552743,2.0924692153930664,-0.021199576556682587,-1.2279798984527588,-14.130166435101795,-39.652840811427446,-1.0816423106198534,4.4149274826049805,-0.01559921819716692,0.9000804424285889,40.591380520373484,20.631663850365083,10.054624445722899,1,1,1,1,1,1,1
pi3_causal_downstream_000303,downstream,10e94d35cb3c3834cf006f61e6ec904c87c849d1304f63db1fb3ff6b94f80a49,a7b5b7ee7445bf5c677d785de6fddef29e8eead313b4aa933ed7ee4f7486a2b6,dense_v1_train_x2.88_family3,bd38a4262416f514380a91a0d3d21786a7667a974d13a1e3bf0ca8b0b18557c3,e87d4ca310e073f8c412e6a44ea9ccec70433b385fe8ac3fa3c58be9248fba8f,dense_v1_train_x2.88_family3/variant_3,57,-0.20422620296478272,16.101839704130313,88.88513121682449,-62.9670016941598,-59.50862420038305,12.505472913542333,0.7003305816650391,-2.634150730670754,2.1093108654022217,-0.018497411161661148,-1.4415844678878784,-14.289049441800985,-44.01991008747727,-1.4021934403740126,4.456786632537842,-0.016046730801463127,0.8730707168579102,40.50109566482967,21.09413083642477,10.03464450050133,1,1,1,1,1,1,1
pi3_causal_downstream_000304,downstream,a49e4b1f4161d199b49ce54b33620dfba7a5e3f331e4ea5acf2ce9c9312d6582,23047fd15154d882f98031dbeb0803f365f48ca3627024f2d9155f415a2e3f59,dense_v1_train_x2.88_family3,38c8b9dedd58f81983911b02cf00cfa2a886cf505f21c788e0f0e708d849c8a2,e6e2246deb1c503d84f45d2dd29f0e4414678e1666f9656ab21f4f649559fed6,dense_v1_train_x2.88_family3/variant_3,58,-0.2014973020553589,15.91416318121129,84.31167069952981,-62.83345783550771,-30.804269269973396,12.697969686952357,0.7077951049804688,-2.9274442177722544,2.1267316341400146,-0.015812579542398453,-1.6575175523757935,-14.370274051410778,-50.116120299091286,-1.6765359925155083,4.499000072479248,-0.016442211344838142,0.8417119979858398,40.396067845962385,21.340097901267978,10.011868349010737,1,1,1,1,1,1,1
pi3_causal_downstream_000305,downstream,2d306f92b22fc6ec5a0402fe8a5f10f0caf61d8c39f29d746486d2ecd70c0a2d,db52e3eaeb8dac6f370321f3204c5fc41e3bcd28d7528b3cfa6f71834b0ca5e0,dense_v1_train_x2.88_family3,b65d1746eddf1442a29a0e9dc34ec47ec82673d02870b13a0f5caefdfbda056c,4e790c682d069971de9647a8a9c67f957ff5e2c63a08c84dd2a6b61b271497aa,dense_v1_train_x2.88_family3/variant_3,59,-0.19735157966613773,15.58731813885867,80.78857033317801,-62.03072619292362,-0.1125167344260216,12.770383854700395,0.7172816371917725,-3.2214664469495813,2.1453680992126465,-0.013088325969874859,-1.8768054246902466,-14.368417947503826,-57.837755023722835,-1.9112596054895221,4.541589736938477,-0.016786476597189903,0.8059267401695251,40.27023185578865,21.74219967544309,9.989766646905714,1,1,1,1,1,1,1
pi3_causal_downstream_000306,downstream,859b054c88cb4ee4d9a8e62b88652dfcdfe0c37ed8c18b6c3b1f52abadfea320,448883444d010f9d8705e47904bcf8fcfa8e67094a42a94ff16c2c5d34c6efef,dense_v1_train_x2.88_family3,e7b396632c241ba1de69ec625b73a8208d26e0d9ce969cc2267cee9f4e7e1797,fdab3df07111cb040fbf8beb6b4a4f37dec8bed521a135e1ead677c97c3cf1d8,dense_v1_train_x2.88_family3/variant_3,60,-0.19162466287612917,15.112138463206296,77.82311393142275,-60.469426910928746,34.159497246904614,12.695191304374642,0.7290736961364747,-3.513588049001674,2.165921449661255,-0.010226869955658913,-2.0997865200042725,-14.27840032311129,-67.46226337564701,-2.121550244420225,4.584591388702393,-0.017079131677746773,0.765619158744812,40.112751599190254,22.4749782280952,9.972228119326967,1,1,1,1,1,1,1
pi3_causal_downstream_000307,downstream,fe2a0e4275dbd139789ec4cb7c8cf1815f444320cb00b3f0dd309282933191e6,25abb236f41dabd1a17286901ab1770c30ccf4e3da321652b58d6d4a2533d3ba,dense_v1_train_x2.88_family3,0515ff81452220c55a4b144da07b0ec620b39696d8ddfa2d4e8df3e328b42374,f0d5f71451be6b21aba0461badd80e8fb32c60dc3d52b39559eb884944ae6f1d,dense_v1_train_x2.88_family3/variant_3,61,-0.18391622543334962,14.457340180308222,74.96802655646573,-58.00436382814696,74.25995450558884,12.439700041209916,0.7438290405273438,-3.8010255502398187,2.1894965171813965,-0.007039557211101055,-2.3266992568969727,-14.095927550566168,-79.57531017053032,-2.338900951075194,4.6280622482299805,-0.017317363992333412,0.7206766605377197,39.90815328260252,23.691800334395065,9.963524756944567,1,1,1,1,1,1,1
pi3_causal_downstream_000308,downstream,f0675e0235af50c13123f4870b5b767bd38241969e60f3f52a0bf708987008a4,0ce75de980a6214338606fefeb41fef3d22dc498f28b81e5592fb1bf23e73787,dense_v1_train_x2.88_family3,d9bedc213306b551372134d3342e7a6fd87c40066eb1c21882c8c0371ccdebb1,2bed2c6f617100984bdce3f66bb7bde0b5975cacd8ee7e1b4782c195d3fc45ef,dense_v1_train_x2.88_family3/variant_3,63,-0.15883257389068606,12.329844683102325,68.98699382482563,-49.27881423892859,185.6464950750492,11.175439873827923,0.7890324115753174,-4.350520376599218,2.254002809524536,0.0024230473209172487,-2.7859044075012207,-13.458185103799261,-116.56374882824915,-3.113092434768973,4.716856002807617,-0.01758521795272827,0.616370677947998,39.22522998824963,29.060320484288628,9.992811071020192,1,1,1,1,1,1,1
pi3_causal_downstream_000309,downstream,03e38b2bb6842abcf26258d2706e716689cadb14f11bc3ff29c2527001f15037,cc3396bc6a037b080825fbbf70b519cde4470aa91ac281e98e9d7551c0227851,dense_v1_train_x2.88_family3,ef179c8cf19069398013303e4acc0440d1042663f29cad15f49c78083bc1bdb9,c4ed890dd1bdf600ba9cb18b0374feb30bae9aa7e75469e40692b478b4af5487,dense_v1_train_x2.88_family3/variant_3,64,-0.13768965840339661,10.655921558109464,61.100461258157054,-42.04117013397873,279.44164438052076,9.931564533753368,0.8259930706024171,-4.607401881969947,2.3059370517730713,0.01124900858849287,-3.014375686645508,-13.042451125814448,-146.8242052666953,-4.120777777221045,4.762619972229004,-0.017541438341140747,0.5568639039993286,38.592508584296326,34.690691303940255,10.045395205366875,1,1,1,1,1,1,1
pi3_causal_downstream_000310,downstream,df6e53163abfbfdcaef5c5393fb1e244d6b614b0636605ce97d935266c65d17d,a728f4b68701335f46188eda745755506f8b6ca3ec73fbd5ed2ced88d8cca7d9,dense_v1_train_x2.88_family3,16e49e0a5357c9d9f58b0239111f2bdb58978d25aed4781941a7981c0a1f7379,f7ef72c6793c4391beec94a72cd3e92548e5a739d9e8ecf654767ae12f5c4b4b,dense_v1_train_x2.88_family3/variant_3,65,-0.12034170627593996,8.405299094509392,41.87484136731058,-32.21784180550465,389.4190008109916,8.132339534433214,0.8606010723114015,-4.853782318205369,2.3692209720611572,0.02737526223063469,-3.1780917644500732,-12.7687056816168,-175.23619394968256,-5.716231420160569,4.809670925140381,-0.017236554995179176,0.4933573007583618,37.83288909575336,40.29766531059001,10.126511618558016,1,1,1,1,1,1,1
pi3_causal_downstream_000311,downstream,2960982abce3aad71e5b5519640b661e9a91e8e5d7729b82a213034fe5c6b7b1,9324043d9e9062adaf18f1ccedfb4f36c00b6723e0c02d706831552d705e2e28,dense_v1_train_x2.88_family3,df05942732343ca6c2f74dd548dcf21054621cfbb4788e7d625c9260f25693e3,b001b433063920d6a55c538bd9ee5388351ae31d680ab4bae543a2d93b5bb798,dense_v1_train_x2.88_family3/variant_3,66,-0.1255979347229004,5.30858694747399,-47.18153635238448,-19.21077105959087,589.8125709833937,5.7358053542275504,0.8712262821197511,-5.098707992094527,2.463270902633667,0.05855029448866844,-3.2324934005737305,-12.951630954194435,-183.9285385742509,-8.246310219878065,4.858386993408203,-0.016434937715530396,0.4278292655944824,36.77927094457636,50.48374157078888,10.22673150084443,1,1,1,1,1,1,1
pi3_causal_downstream_000312,downstream,799e89fc3dfb082490c95f34315b40283ac8c01c0756b6d30e74996d353fd15e,acc2563659a7d2e9b2f222fcc9e9774aeb6bb74aa16920d61f04d96e6b771e31,dense_v1_train_x2.88_family3,627d0ec0d743042dfe64644cb64c275b570f6f0037bb3648bcc033a354125940,d9b01315622297eb111613758bb602cd3a8d27e2f8178c1c5f6a108c902ace50,dense_v1_train_x2.88_family3/variant_3,67,-0.12460111618041993,0.7409635738770187,-108.96651575406563,-1.728828881296478,789.850889356685,2.711967094456155,0.9095664787292481,-5.3625129098365285,2.5827949047088623,0.1168060451745987,-3.034313917160034,-14.3707470420108,-215.33984090670918,-12.973510611426924,4.909497261047363,-0.014649785123765469,0.3642994463443756,33.95849160982031,88.34077880035282,10.33305095988955,1,1,1,1,1,1,1
pi3_causal_downstream_000313,downstream,bf57d68e63d0b8d85d4259632f1ee4a6c7142bdde61f2778f5a514b4897a1a32,dbbaf1dc24a8c1336a0080312f90ae1a07bf0cbabe4f53582eb48e882bb5ea85,dense_v1_train_x2.88_family3,28571b8400510e2e2df560734894f36722876717d6ced7f1cc25d5cf88cd82fb,a0fb74d1181a44abf883d9842b38457d58c1811cc724a9b8097e106f59914997,dense_v1_train_x2.88_family3/variant_3,68,-0.1084466576576233,-3.3175229848352163,62.67459446560238,16.335181164292752,619.3690944655999,-0.9873611059060547,0.9965569210052491,-5.681386745111718,2.6213326454162598,0.1819642186164856,-2.5958685874938965,-18.488347073720497,-286.54482255128056,-17.782858541897173,4.962173938751221,-0.011464721523225307,0.3090474605560303,29.27932025474133,151.974331825425,10.459845567144313,1,1,1,1,1,1,1
pi3_causal_upstream_000314,upstream,18f79f3afedfbaedf16c7a7972238ae76e67b4b85b2b9006eb653db8e298b313,5ad338130ba52219194477afeca144cf7480a501bff7ed8d7669b1a3a65c708b,dense_v1_train_x2.88_family3,326d423f8fdaee93e9dc44fd836f37741c8aa162c54ffabe4126f381ba12cae5,671739681c2f40026640142b695c2db17e0b38d54cd23a1dac75bd861ae0ce5d,dense_v1_train_x2.88_family3/variant_8,7,1.797981472015381,-71.76619096791465,20.115796737826944,140.57601651585932,-219.329450023562,0.0930952983325872,-0.4087010765075684,-0.16592264465968398,1.8340866565704346,-0.007994819432497025,0.05354924499988556,-5.254378297352538,19.530908856178538,-1.8301397965948079,2.7772738933563232,-0.000127177539980039,0.1190422922372818,-3.3767441400338116,-85.29586680798279,0.6248272854859002,1,1,1,1,1,1,1
pi3_causal_upstream_000315,upstream,23db39de93852de33d620761491c73711360e9c959d1351ca3035f8db3e99620,f02bf11e9c5b9e202da46248d4c90e355c74f1997d8c838e74a8d468396af938,dense_v1_train_x2.88_family3,fe00a357630ef7217eee09c4e03ba0d310d03288a7fa26f6853f2de272d558ef,223c727eac383009daf4dca6ae9f33bad38c60d4f135084a4bdeebcfdf8c854a,dense_v1_train_x2.88_family3/variant_8,9,1.1230326461791993,-65.12404373594153,427.8816811595443,124.66858790116967,-589.7994023786739,-0.10999665806724421,0.47735141277313237,-0.38016036082335575,1.0660514831542969,-0.009658749215304852,0.03581807389855385,-3.978466090108775,19.03768382073899,-10.09905708885197,2.8480703830718994,-0.0006175734451971948,0.11776929348707199,-2.9809703226813036,8.447435385272847,0.1751781375255627,1,1,1,1,1,1,1
pi3_causal_upstream_000316,upstream,e1f2a486d2071bdcdc6f01e45b42daa4f2e3cbda518ca92b3b940d87d286ff37,a3be233f3c6b63590746d4849d8ee06ddafa7741aa01cc28ec19b8051ee1df2a,dense_v1_train_x2.88_family3,c8f4a3ba4b2226e4535ad3cb591350ada19379d049c4e17ba4b0ad908d7ba760,d7542bc8729240ce869bffefba1161f38cf7dc3a3fd45173166c44e0f4c7595a,dense_v1_train_x2.88_family3/variant_8,12,-1.050179376602173,-47.03685587029068,-222.4291264726972,69.05824635824722,-1292.1682999401085,14.081584250493902,-0.9315537643432618,-0.5161366956139178,0.7640547752380371,0.06340643018484116,1.8400790691375732,-0.7781421077983964,694.3520040042671,30.890619936555282,2.8853044509887695,-0.00011474239727249369,0.15721915662288666,-8.199399626884771,23.102054480699486,-0.07391224612084696,1,1,1,1,1,1,1
pi3_causal_upstream_000317,upstream,ef0ee04e92b010b9fe88983e273286855bc5b5332523a364f28cdc494c62c048,384b6353233f308b08399b84444d3dbb77dbe35df1530e8c271dcaea5449c7b8,dense_v1_train_x2.88_family3,5eb4090ee5b48c132b609262b54da1e46936ed89300fa5e13f0cd87082a6d6fb,cffbc622e27af7eea0b3b7730470b6e2cc2e9703f0e83be1232c8dc4bfc666b6,dense_v1_train_x2.88_family3/variant_8,14,-0.27051964282989505,-60.31819969251549,-260.611632461496,50.053579671956065,388.6242673199256,32.44457390070857,-0.1316520869731903,-0.4014252889886892,1.648450255393982,0.06380023807287216,3.138547897338867,-5.576877631845737,39.63792367828014,12.656438716002947,2.9347317218780518,0.00229517905972898,0.2695746421813965,2.8923114790467763,-118.41766707466572,0.729804955887914,1,1,1,1,1,1,1
pi3_causal_upstream_000318,upstream,3aa584bc4a9e9c1003d8d222229e5beb867fa4d82eca245996470700d14f2370,2fe2a69f7dda3c6e5e107ad0ea354c405c1f23cf1d2b843de6b71f76a7a7c026,dense_v1_train_x2.88_family3,e4d0b2a346981ba5a8264d0af9c7e8ebb1b7caf666647ae69717b22ceed1c024,897e75f2c13aead04d2837dfdbbe0ffae9bccef0e67ffac42ef3d81db552a34e,dense_v1_train_x2.88_family3/variant_8,16,-0.19490838289260867,-64.95246255380164,-69.2175741810161,75.04638248662411,175.6900190388949,25.163201228329946,-0.5863101482391359,-0.3414821992748585,1.5735502243041992,0.0649653822183609,2.491166353225708,-3.063118075046105,-27.13307332694281,10.70814774582432,3.005174160003662,0.005028604995459318,0.39112821221351624,30.528725778476744,-111.28176546759235,0.979891232434826,1,1,1,1,1,1,1
pi3_causal_upstream_000319,upstream,f55fc7558f6ebf99bd8f76951bb5fc172d826aef11e68bf57f490958ea48853f,edf88ef2b73aac34f1b94dca98fed47a9f2598157852b553732311f3264a4c3e,dense_v1_train_x2.88_family3,f3744de223757a4747c7b6d9c28e522d2ac5a865d9b913fedbc0eb388afb7112,e7bc79cf2bc95a1402ed70126871148b0de3734d299ebceb4fd13e6c6920e7e5,dense_v1_train_x2.88_family3/variant_8,17,-0.26081251144409184,-60.97020272049574,199.8671401723125,70.63116379202027,-461.06864143090917,23.73739779069918,-0.6562997341156006,-0.2954921776963253,1.3244714736938477,0.05678493157029152,1.3680905103683472,-3.4260175515931066,30.15993995952566,13.70607401312018,3.0338950157165527,0.006225869990885258,0.4248676598072052,31.8860380458146,-50.053303049294676,1.2215859173679922,1,1,1,1,1,1,1
pi3_causal_upstream_000320,upstream,947631c422bf96ebaeab2a12a1812de70bd7c39b086f19fdb816ace1dc6a70fa,32cf273ede6773d3a5d5642320130b6fbeda887c94857729f0412539028fdacf,dense_v1_train_x2.88_family3,8c9fc9a6375a528752b193d9ba6bbe3dda0f15ac290a5ef439eb76e268eb9519,ac80f1a1fadc3362ec941e9e4133479ebcd06f78a565ea3e9c207352771589ff,dense_v1_train_x2.88_family3/variant_8,19,-0.15640748500823975,-44.61097416768267,372.2027440267874,40.91995018549153,-569.8040509042182,22.821591581735415,-0.5342101907730104,-0.19334885906607735,1.3045415878295898,0.05051978677511215,1.0294878482818604,-4.5063919016265706,-69.75172229486778,15.746342018209491,3.083162307739258,0.008247382938861847,0.4603304862976074,31.02904055027476,1.105564194414177,1.902400027988515,1,1,1,1,1,1,1
pi3_causal_upstream_000321,upstream,158f4f511b5f7b0eaa280c40b208275b8c376fd047b79f3447383b9dfa39e8ee,48413071f9aea797fbd85ac800d83d50097f39c0cad41067d5cc99a050971244,dense_v1_train_x2.88_family3,e5adc0cbc6982dc975e5569d40c72dde3de17d43439edb39dfc35edd081f4b85,248c6c27faf723c8bc640e962f10c5e122db04cd7d63491c6b33aa71f7ec3eec,dense_v1_train_x2.88_family3/variant_8,21,-0.0946933388710022,-24.621658872906018,365.94544380359866,18.524656359348285,-359.86941680098204,15.575113270265055,-0.428905143737793,-0.1246574858044215,1.425919532775879,0.05378289893269539,0.9818457365036011,-2.943791468594809,-155.96844886713004,15.419363787168056,3.1370320320129395,0.01030003372579813,0.4951174557209015,35.61799193660704,-71.0993186181113,2.508084463951433,1,1,1,1,1,1,1
pi3_causal_upstream_000322,upstream,855e5b24ad31e3235b4002bb58ce50a7c35542ab5eab0026e908101221fcbcf0,1f6329fa82c8e5f9f19d3e01e559a98013a6d0c389ded82ca87e209a87875b38,dense_v1_train_x2.88_family3,3610cfe6e0cc1265eb7c5678838e673070dbf198bc9e39e0960b67faa997399d,68d8bccb1837688f20ac9a31847c0c3dc8886ca93705f94ab42031c3e5729c76,dense_v1_train_x2.88_family3/variant_8,23,-0.16290965318679812,-7.021688464432867,310.2000079490825,1.795906888474704,-301.5570865733484,7.818124184117549,-0.4534797048568726,-0.09317842697916146,1.47993803024292,0.05637725815176964,0.9387620091438293,-1.6457461400673257,-135.8191176080256,15.999467121302871,3.1946544647216797,0.012505666352808475,0.5305968523025513,40.69677716945595,-62.904430331173316,3.074546467972679,1,1,1,1,1,1,1
pi3_causal_upstream_000323,upstream,692e51048c9e1ed66d399909ca0d1bd37def1582c43ca63128163a9e8f9e2791,441c1f1e964bb8243a5a8acc34b03409f766e5e2d076119e5ff3d1eed74aaee4,dense_v1_train_x2.88_family3,3c672dbb9cb26f32083d1ce03becc976c332f22c70ca8688b8e5cfd212ec17da,7d0a19b542b80a7664bf6889050b76340e8e655c343f1cf7784caa5d84135886,dense_v1_train_x2.88_family3/variant_8,25,-0.18558772563934328,1.5359710195617633,140.84399215775562,-5.1259792786927605,-40.0662311807533,3.41822985218948,-0.4926951885223389,-0.07899578913517101,1.59486985206604,0.06429604440927505,0.8857254385948181,-1.0570132888030221,-103.61543136957582,14.904948089828546,3.255967378616333,0.01489279419183731,0.5664561986923218,39.15067847345894,-16.473697400660612,3.7196694030428645,1,1,1,1,1,1,1
pi3_causal_upstream_000324,upstream,c10886035847deeea2c20f83ff82c3fb0956ab5c64178fc7cf26c0a9ab26dc7f,caaf786a57de5a9a3d64b24242340976c06484da6dcf57e8600ea333648a7495,dense_v1_train_x2.88_family3,74db8f743676fffbe7cc7f36bb24bb55afc5caccde23e797bbbc794d50b4e27b,58664ef527567116cc7eb52e778a6540cd292df7ed93e429016366e7dbe29651,dense_v1_train_x2.88_family3/variant_8,26,-0.2004178047180176,1.651027583843038,10.385395694331828,-2.0023911910470056,161.74117448946308,1.9502671246239238,-0.5228654384613037,-0.08423766951437898,1.673164963722229,0.07035455107688904,0.8878031969070435,-0.9247378176241454,-78.9196325007766,14.900875589535925,3.28913950920105,0.01628236472606659,0.5840176343917847,42.290267133009095,-72.24841598369589,3.989432606714561,1,1,1,1,1,1,1
pi3_causal_upstream_000325,upstream,76cf4aa32bbf211a7ad6a699e4b4983fd9bc8f6a037567c7330563f94aec4abf,abea33c399b4fd4f47adbb105c42009e444d1552a2a3d25f37caec989cabd10e,dense_v1_train_x2.88_family3,d7a839b9b962ae00e89df7a63443814652d9c22d958c88c020e16ff04fee3054,f582965bca65143012753ffadfd3ae574c52024b475812d8688af7ab146e21e0,dense_v1_train_x2.88_family3/variant_8,28,-0.29052420616149904,4.342928826202064,-57.97490522225669,-0.44279169234053856,96.52905546417422,-1.0978592436130585,-0.6224164485931397,-0.12273014682860191,1.6441205739974976,0.06906282901763916,0.778601884841919,-0.6949918650903372,2.6197382660654314,17.52813517453801,3.355302095413208,0.019075164571404457,0.6178483366966248,42.23263741188711,0.28787104913360184,4.5994297904085855,1,1,1,1,1,1,1
pi3_causal_upstream_000326,upstream,bd6362363c63245a00e4da484021658b8b404de3397fcd1244add466a8215230,28c5363012d76fc8b83058eeadc21f1da00a67b28d9243dfacca9d8c1a40f96c,dense_v1_train_x2.88_family3,7b932a395a5b5c026b5cde15a5acd3dde7728ac5d0d1bbd329f78ed50431d57e,00c2e95cd55916a0ebd8c44bff35571bffb19730ad13c449f199ac465fa07ca8,dense_v1_train_x2.88_family3/variant_8,29,-0.29072267532348633,4.775024095456819,-47.723160108282734,-0.30303953857845145,60.194457155322375,-1.6252002280111233,-0.6299759006500245,-0.14560707365084943,1.6432340145111084,0.0694284662604332,0.7138952612876892,-0.8072725978042363,8.825490624701283,17.658774495245552,3.3880650997161865,0.020447559654712677,0.632330596446991,40.61824365437914,26.12991319825928,4.955699883769924,1,1,1,1,1,1,1
pi3_causal_upstream_000327,upstream,910d352378627595f8fe4804584a3e72d7a11afe2d031d383af9b49eb2705e3c,d57e251bef657c6e4fa63fe7ad1030f73489aa364e5d45a3ba9ce6bb5358be80,dense_v1_train_x2.88_family3,f7e1f6ab332091c58bd03196149ab5c704903e57a0e3406e300b1cba038065fd,dafb365d642b1976988943fbd9d2aec7ae4da841a058b6b18046de961fadd13b,dense_v1_train_x2.88_family3/variant_8,31,-0.26580553293228154,1.6372928204740829,-13.11884935300198,4.337972243298751,69.02393148785707,-1.2000096674615883,-0.5907906913757325,-0.21496859386896364,1.6907325983047485,0.07517837733030319,0.595653772354126,-2.018221861995803,-23.2328594334944,16.123165262266387,3.4551584720611572,0.023370448499917984,0.6585805416107178,41.97373909139778,-34.39216422588651,5.63322281634041,1,1,1,1,1,1,1
pi3_causal_upstream_000328,upstream,6dd8a36c66c7618c50ccb2a3ba11a208c4fdb4b683724e7964f6eec5c9ba3daa,7040f7942fc9b988702365bfa6cb3bda5a7f3f0b71fe6f07ce5c05aad89c7f58,dense_v1_train_x2.88_family3,8485e0e5865a5d73222adb88da22d07952d0593359d9fd3cd76261d2e288a779,5b09c446ad774ee508c556dd1d447c36bc81b663cecb35f2c749cbb8310e965e,dense_v1_train_x2.88_family3/variant_8,32,-0.2796734404563904,-1.977060580736367,-50.70556562446338,9.386984254668754,114.01500226775636,-0.4373577387941559,-0.6054632568359376,-0.2633172298019345,1.7091957330703735,0.07804454863071442,0.5301593542098999,-2.569539577317011,-11.256082596515666,15.489967452618478,3.4897990226745605,0.0249661672860384,0.6709914207458496,41.41966731573717,14.039455546508503,5.968798921631631,1,1,1,1,1,1,1
pi3_causal_upstream_000329,upstream,9b7a0cf791e79338630ad589eb2629999c1a81cca09dd75583a898d1e7025dc3,3422693d115a5445d46aa623c2567e798575fe4e227a8414fcb9d0862f4d564e,dense_v1_train_x2.88_family3,bb712e160e76623ca435fa80624847866c7a7af4e7da133c77cd2a4e6de9277e,c0ce149a1e377494438ab5f5f91c5d1d2ac7d7b5eaa54e743e305c6b2be98709,dense_v1_train_x2.88_family3/variant_8,34,-0.30952968120574953,-3.7329071290684768,-157.9839420685524,10.625373537046581,141.04209496444267,0.1879533126568037,-0.6966484546661378,-0.3673742713733149,1.7120661735534668,0.07977300882339478,0.509324312210083,-2.9339549289729328,63.48901256185636,17.68651701610685,3.5572469234466553,0.028001490980386734,0.6902735233306885,39.3187591836492,-1.5338009403964035,6.666947541702142,1,1,1,1,1,1,1
pi3_causal_upstream_000330,upstream,fffe91d31a601547c8458b57f949712759e7231f66ee054219c938722f17a183,0d6062c058456a06d102e0c9f93569a338d8d67bfcff58f9e2e7d703b597fed6,dense_v1_train_x2.88_family3,598946953c5aa339edb9445b081a4964baa2d83d89cb6d611a3363ac8f69dabd,39862894d5a41741c144b374ebc49445bf7e74e64a358ef1f4b0f08d61655a36,dense_v1_train_x2.88_family3/variant_8,35,-0.2658900308609009,-3.6835099203304753,-90.92647668425538,11.636459246488263,144.50822472292737,-0.423200601944091,-0.6281628417968751,-0.4352848844153727,1.746572732925415,0.08500352501869202,0.36866265535354614,-3.399410122794499,7.45288471003812,15.513029586351026,3.591872215270996,0.02965535596013069,0.6977599859237671,40.27081242186811,-35.72067017039984,6.957619057296408,1,1,1,1,1,1,1
pi3_causal_upstream_000331,upstream,ee049fb650a8094a79848082e19b4f58811a60f27fd99ca49bafa323d0018e39,07ceb128bf69315e36e61906ab9056811330ca5f89588a1fde6cc9e20976e694,dense_v1_train_x2.88_family3,57acd0ba42bd96370e3908ae99f4d7bcb5280b436610ca2370bd2b4fc9d4bf15,37b9ba9e86feddcfc42a784a7d2a96f7780882d3df66867d907d280c76ce26d7,dense_v1_train_x2.88_family3/variant_8,36,-0.26035302162170415,-3.9160923757213957,-63.423961840201166,13.330243707813874,116.14859627011744,-1.08771905737234,-0.6141892910003662,-0.512282634046924,1.7522650957107544,0.08706668764352798,0.2732236385345459,-3.784057135102233,-3.981205422852774,14.724339105153192,3.626906633377075,0.031378500163555145,0.7031256556510925,40.38782722272877,-33.44786325237557,7.241516439270784,1,1,1,1,1,1,1
pi3_causal_upstream_000332,upstream,35a6092a1038f61c15e14a061bffe9efacb078ccd1308e337589e9e1db2d2483,cd989fac825e1cdba2b1fce9ed70277c7dcf7037d6cbe276d90dd1b189681c13,dense_v1_train_x2.88_family3,cdd8d647b5772ad0e134f7c105585416c53a5d0973ab0adcf17f945c163a9621,867ac76e35c6333d41aa7b8e62c0b539597a95f2aa26df97f2b5b2695e246327,dense_v1_train_x2.88_family3/variant_8,38,-0.2780302953720093,-8.338038806657691,-119.47678352812457,21.144471038155057,154.0418847287012,-1.043533026175274,-0.6489928245544434,-0.6913795708492816,1.7670503854751587,0.09208739548921585,0.12942562997341156,-4.5424249914797965,24.531881158908078,14.109870527983102,3.698413610458374,0.035114023834466934,0.7121924757957458,40.35495352225349,-9.511735952311744,7.784317325364745,1,1,1,1,1,1,1
pi3_causal_upstream_000333,upstream,5b418f221fe224569b875ba52e87d01469821c6255b47a6b20433f954ecf0363,a491c0603e1abd61a9935575f68dde787baf9073ca3e28a195ccb201fe112e3e,dense_v1_train_x2.88_family3,76d8f042df05cad74d2b1248cc5cb4ec5fa54fc2c1fcbe1d5f4e5991d0a16035,fa79c816433e459b47a3736c2084951f4949c2d59381aa87df6ebab5b04ffed4,dense_v1_train_x2.88_family3/variant_8,39,-0.27522871255874637,-10.257153770022962,-156.6798950314569,24.566921736897534,227.6139640527889,-1.0789855539110054,-0.6490667247772217,-0.7907564538918065,1.7944124937057495,0.09745041280984879,0.015640800818800926,-4.877112798546883,24.594218587915492,13.085186765677571,3.734189987182617,0.037021540105342865,0.712913453578949,39.18279402293634,3.702847893418074,8.051382265723076,1,1,1,1,1,1,1
pi3_causal_downstream_000334,downstream,b2b9cd3ea3838d0b84ee2c0e8168497694deba3ef869cc9a1ff7bf599afbf50a,97dfb29aa3791b1dea93a8892217115736755a5846b3498e1aa90622f4b8480f,dense_v1_train_x2.88_family3,cf0b085a9f12dfd67ef2727e198864414a1d8e1ed0697671600196d55ee2e979,b18be87a690bc0da28d0b1c3557dbbab0753fbe4ba95ae5bac1818e7d68800c2,dense_v1_train_x2.88_family3/variant_8,40,-0.2794757556915283,-13.426915644005296,-218.29295515663424,30.49243356832188,339.7936330188603,-1.1210568220185857,-0.6540407371520996,-0.89753478911249,1.8308539390563965,0.10504195839166641,-0.05645008757710457,-5.237288737162343,28.649269454753505,11.948901981202264,3.7708547115325928,0.03910055011510849,0.7122021913528442,38.754616294057406,-0.009109760636687874,8.28675688994697,1,1,1,1,1,1,1
pi3_causal_downstream_000335,downstream,9f3f521ae3a31c0dcf70d52579fa11ab812a3c4d57d1599b9ed698d8af67e37d,666173cc53722f5ec24b9055cfd316198056353dafbd3803d03f4b08df4633af,dense_v1_train_x2.88_family3,6085116980d72b821a786437d27b65d55cdd851a407e863eb7ae71726b1b4b6e,932b8eee0e4ac40d1e09abefc77eb9bbb869e19fb11df7887a1fd595b0cbb2a3,dense_v1_train_x2.88_family3/variant_8,41,-0.33889780998229985,-14.20522679898565,-165.17425979274324,29.850832918447562,-29.811450047693267,-0.459070605872559,-0.7825374698638917,-0.9974637620623784,1.6638904809951782,0.07813858240842819,-0.39368170499801636,-4.731499995631382,133.86206350514186,16.810789434315545,3.805067539215088,0.04076946899294853,0.7044532299041748,31.29921892817837,121.74443365332547,8.617884525409107,1,1,1,1,1,1,1
pi3_causal_downstream_000336,downstream,6f215a26a32df5fe7b1da03fa2ecb9bd39d01787eb35700d597f2c63306cfb2d,b9f5c642d727687319ce93ceab1386ca74a792376354e67e7a95dbb80909e16f,dense_v1_train_x2.88_family3,927c51817b6bbdc19ee2eeb5c138474b73e624b8713b32af37247e01944e3054,663ad597ea43db771400e1f4c34973c45fbd0359e723ee5d0fa56ab7b2d4d89e,dense_v1_train_x2.88_family3/variant_8,42,-0.17483001947402957,-15.514436605320048,-104.20910458204415,32.184657331422144,224.08316606324252,-0.5717234678676177,-0.5976029300689698,-1.1018470745910731,1.818078875541687,0.1041778028011322,-0.4836682975292206,-5.314171054007299,-17.521105202334773,10.96031832998119,3.840657949447632,0.042693767696619034,0.6949397921562195,30.329386707549922,29.596299088837867,8.875185854237072,1,1,1,1,1,1,1
pi3_causal_downstream_000337,downstream,59089857b582e85864b5ae70121b4ab38e53ae03e94d498b41cdeecea4411110,459ba54268af607582b1c220ef4b695f785a3a7618ead1396ac525433b743c8f,dense_v1_train_x2.88_family3,14f6954262e4ccac5421d174f1503414721b5a0a7b3924390cc0d43a64908e0a,661788c3f5502544a44d6d3d7b8b5eaa51d18150fbb9b7354ab06fe6ccdb309f,dense_v1_train_x2.88_family3/variant_8,43,-0.2583751058578491,-18.463958175741674,-220.63155728693326,36.60131719594085,243.71784256838646,-0.2105714498875299,-0.7015705299377442,-1.2106952955084187,1.7863913774490356,0.10172992944717407,-0.5695675611495972,-5.511184018634909,67.55295462744644,12.612563288322077,3.876746416091919,0.04474634677171707,0.6840232014656067,26.614091648143145,63.007559357451335,9.134328649295709,1,1,1,1,1,1,1
pi3_causal_downstream_000338,downstream,2572414262832363e94245b61987ed3033c570bb2387644249372eadce700a87,ef02e0e34d861481fc3d069bcf67029cfe717ae1808022381856db15a548935a,dense_v1_train_x2.88_family3,3ee99aeada9205167a621702e9629cf28e47538bcbaadc1a52ced5d72c931e70,32d703b077916bf56d215e09b055259e1818def0be9f2d900ce2964ae965dcd7,dense_v1_train_x2.88_family3/variant_8,45,-0.26903763294219973,-27.312142103960326,-303.56439720814507,50.71328032313092,361.9883600475734,0.7035339067937673,-0.7212508201599122,-1.4491773865076485,1.8141502141952515,0.11294874548912048,-0.7162232398986816,-6.477125592757391,83.75498296141708,10.209975945878393,3.9505093097686768,0.04931376501917839,0.6583841443061829,16.683891349725876,128.4741644010257,9.59086909607252,1,1,1,1,1,1,1
pi3_causal_downstream_000339,downstream,2ae6d0e3c2a92aeeb6da9773ab12525ef30714610f5152107166e4478ec2f9d4,74217b0aacc7b742dc0c217ed00f0186455b98dc09697377be58a56f52331dc9,dense_v1_train_x2.88_family3,1f8447b807d8e4ee0241cb3475db45052bf6ba1600b53556fd8313444b4381cc,862b910b06217d260b196c441fe456839cfd839e14076f4d1ad7d6ca0fb00487,dense_v1_train_x2.88_family3/variant_8,46,-0.18703201770782474,-34.74118689247416,-342.24241976084994,62.45068037404186,598.9044816744077,1.6144176285968412,-0.6387915229797364,-1.5867116619357833,1.9062840938568115,0.1380755603313446,-0.538006603717804,-7.513035624737483,16.251453290352153,6.597584516507028,3.9884676933288574,0.052004434168338776,0.6482084393501282,11.688455769092277,108.94445424304648,9.765787594774078,1,1,1,1,1,1,1
pi3_causal_downstream_000340,downstream,cbd2522b61c156661c138bb6bbfead18be40c6d7cc9b93876a4123ea51b9f5ba,abb340736c6f5a5fc29f48cc32b537d6aed893ac75f8c5e15cffe585469caabe,dense_v1_train_x2.88_family3,81715ddd85f335f65e4d97eae3abb31238767b458c19cc90f26add0fa57fb9d1,35f925afd52c8791f08131849a42a3b81e061f41c30bfecf37daa2ef9f81a0ee,dense_v1_train_x2.88_family3/variant_8,47,-0.3156031179428101,-44.043747447680616,-455.85685192435255,74.66035385511333,542.9791113163968,3.7070067007243916,-0.7672905921936036,-1.7452310744167479,1.831115484237671,0.13028277456760406,-0.5738794803619385,-8.843631607136837,121.41071061047866,7.8221153450589,4.025805473327637,0.054732173681259155,0.6389386057853699,1.9613938343276505,63.12649344146877,9.91918724812899,1,1,1,1,1,1,1
pi3_causal_downstream_000341,downstream,6af50af87e84e0bfe94a9fe9b5900afa927fcc90204974ca93d78f7a4a10e734,b1a2b9a96baed2b94463387927744a94c41d15ec9b7914cb6cff5618c6cfd78b,dense_v1_train_x2.88_family3,49884371b1db2ce261add09b26e1bb2a4246170ffe8d9642e817128516c1f2d2,ad0236f14c3e54e6ecfaf183a4543d6b0ee680eb3c8693d92b41f2af98ecf724,dense_v1_train_x2.88_family3/variant_8,49,-0.10576593041419984,-57.344629026026254,-258.7137414572029,104.21736911093987,563.9998107890548,1.3584333061233635,-0.5571847820281983,-2.164340273690004,1.8777410984039307,0.14014706015586853,-0.7964572310447693,-12.747319505551843,-50.52424800766164,3.4259336683323625,4.103405952453613,0.061057113111019135,0.6221619844436646,-18.599055902429942,-25.59381165030498,10.224431090130556,1,1,1,1,1,1,1
pi3_causal_downstream_000342,downstream,7499137e42915f65d4ca0ab9753a114667fe702a79d6ebd40ed5ea210d533487,fdefcd440e6d751f5be86dc6e5e9bf6768a800ebc7622fd26a61bfecedc172ed,dense_v1_train_x2.88_family3,6a2ba9f3a5578df321c80d93eca312c8c75eeb9b0b7d1c6f86ccb68df7416f2a,3c0ad163d43438a02f384ddc9ccdd2900fd354ba1a1999ddd14c10aab179b378,dense_v1_train_x2.88_family3/variant_8,50,-0.08761035799980164,-61.658166694456106,-208.851680289574,115.43070240721407,522.0596625679951,-0.3141508459362912,-0.527285499572754,-2.4447786922582915,1.8672223091125488,0.13582536578178406,-1.0159889459609985,-15.424436910174082,-75.00155595510132,2.42481320488973,4.1411943435668945,0.06389446556568146,0.6044760346412659,-25.245612021512315,99.62187440338272,10.36826645353351,1,1,1,1,1,1,1
pi3_causal_downstream_000343,downstream,12feba2525b4d55e3a9cadc86327aa37a3c87654defd7312d7a88813f48409f2,4fdab846064a404d4f8ea59080ebcddb0e438b68e5ed4e0a004ead0977629165,dense_v1_train_x2.88_family3,d0ad55149efe78df4ac4a3388bd2a3a888f7402f6b6c197207fe4a3e452f42c0,9c88076a5a6e2e965c3d3ad096337a6a3970549f3b858d4c4d8c315e34a4fe13,dense_v1_train_x2.88_family3/variant_8,51,-0.11593688249588013,-64.75892231348016,-159.7986823498898,124.54518004324589,391.03688138007084,-2.121575565684516,-0.5412935304641724,-2.784210083905636,1.8350831270217896,0.11901415884494781,-1.4479899406433105,-18.136423284282884,-63.52302007373386,2.575180673241207,4.178525447845459,0.06648659706115723,0.5794938802719116,-32.12362276099891,127.97041062898056,10.523466391643625,1,1,1,1,1,1,1
pi3_causal_downstream_000344,downstream,3bcd005bed901ab7ac0e4ca559138a5bd929f4dc398c90a38407ceb4b07636dd,4ee89eebf565f432636f2b67e1be4ed7344a07223d76d2f8e8910f0dc4c9e964,dense_v1_train_x2.88_family3,b6c1dc56a089153c89f4422f0fbb82e66a1dbc7bae2e04771e90e7a685d77b51,0fb75a242f0c87225157cea6970e114ad96d7d8585a25107fb6849665b2e9f00,dense_v1_train_x2.88_family3/variant_8,53,-0.1762348246574402,-68.67253874562742,-102.97361215364806,130.80862743668766,140.53390156943703,-3.0003567678106546,-0.6026799488067628,-3.553894316122453,1.779704213142395,0.08514039218425751,-2.3680083751678467,-20.18020883679475,-13.283758294096414,3.0715653115021184,4.250369548797607,0.07003064453601837,0.493428111076355,-34.715310720803565,14.708440132312694,10.714515143814753,1,1,1,1,1,1,1
pi3_causal_downstream_000345,downstream,d591e7f57f5cac7133512a4682c28362db1d904f355e539e708c4c1265478eac,4675b4cb154b075b692cd00ef2cef4c285786a1aa57580c5115beaf698f3e28d,dense_v1_train_x2.88_family3,0645940aba803dd749e799136085a9e0188f2b8c8f0ba09b600e5b666a094987,72ef2453562d10e1933787c9a81da88ff8a09ba0c17a3d7d70fe6c9faf0f8bdd,dense_v1_train_x2.88_family3/variant_8,54,-0.2620681643486023,-69.6266478707865,-73.3860591220424,130.21128641263502,-140.06622485658792,-2.760279916559684,-0.707101697921753,-3.951483785223818,1.7332206964492798,0.04192390292882919,-3.164978504180908,-18.984603005604235,72.17259405371959,4.011149399060932,4.285815238952637,0.07124745100736618,0.4362940192222595,-33.98081949821708,-10.458123548614125,10.763710862528841,1,1,1,1,1,1,1
pi3_causal_downstream_000346,downstream,809b301be9afdc39dc185e8b924e096b364f74c54f3de782222a73648205eac7,cdeb965c0d59101d64986836ae65bb1a3a6949e2b1f3bde1270c7a6648b9ed79,dense_v1_train_x2.88_family3,110f6a1118c5604740ce3ab27690ffb3097f483c7fac2647ec711aba0e51bb12,bcf8082a4999f082d2ca1317a43a9f3654684fea5485658402f0cc7dd4005414,dense_v1_train_x2.88_family3/variant_8,56,-0.2509240508079529,-70.72738066685825,-41.42530222180243,125.12231736773363,-173.21071501169362,-1.25945250361122,-0.702249984741211,-4.686732155933528,1.7460436820983887,0.04021770879626274,-3.6236164569854736,-17.324786782568392,68.22398656245434,3.281755845472798,4.35634708404541,0.07315061241388321,0.3021010160446167,-28.506217972776756,-50.68928586857666,10.757249980769643,1,1,1,1,1,1,1
pi3_causal_upstream_000347,upstream,71126c0bfaf9859cdca75fc95e5e83ff92c42779b909a3f538a41fd8436df1c3,44bfbaf92a5a86a18f3c1210740552aac964ec8e9283dea8bdf0e571cc701b90,dense_v1_train_x2.88_family3,842d192ac54b7429842938586de66d2fdc6754e6dbfe685a20c3c53df8aba965,f3a1b03f928f3929f0d67b65eec45f48ce3b6415efa5b72f34820d42af78eb06,dense_v1_train_x2.88_family3/variant_13,7,1.6569320487976076,-69.46647310456054,211.4813304407856,140.22745830213523,-253.60639920343417,0.07144296802806582,-0.06441175878047943,0.05316059026911169,1.5469889640808105,0.08549658209085464,-0.004950796719640493,16.099343269988676,14.454521019728299,46.885543274512806,2.7736380100250244,0.0008142643491737545,0.11853714287281036,6.043359061590098,65.61552365804813,1.1910123913073887,1,1,1,1,1,1,1
pi3_causal_upstream_000348,upstream,b1160c23f20e15d8326b04696b7ff5115e3addfe00dac3be949a4df4a3013140,dcf64e821d12c280a6e808eecb895aae11710a64a215587b4920bc4b7d6d956b,dense_v1_train_x2.88_family3,d80d5f035a8c73080041d194d172f9c6a7308dba4cac8ed55952ce2d684a491d,b014a9e9aca5fd88fc3b0d1800e5dad36c4a1ffefbaa7e66c965d200c2f21f03,dense_v1_train_x2.88_family3/variant_13,8,1.1639219665527345,-62.11596012357621,409.8971646974971,133.32799735356022,-436.47337611650335,-0.03297090598460511,-0.5123184680938722,0.3188148455410608,1.1539405584335327,0.05825864523649216,0.01745426468551159,12.387583687251027,4.885748718978719,27.208306153103205,2.7995831966400146,0.002143232384696603,0.11861488223075867,6.179581635057302,8.838945243592562,1.8809802003896572,1,1,1,1,1,1,1
pi3_causal_upstream_000349,upstream,8aa98db23f20bbf0dc9d4f4c05b401871139cbe2e1bff9e6307c08aceed71df8,a37042a5796b2508dbb58158ff2146accf29ce981760ac9ca42f2559e4b8345a,dense_v1_train_x2.88_family4,dd42119df73c241b0828bf3c7abe0dabf8428b9bca0618f4ced9d666e0376ddd,16ce3214355ea7da91501c547562865e048267b504d60cd91d74be9e7649673f,dense_v1_train_x2.88_family4/variant_4,7,1.806578998565674,-71.88412101412409,4.1090601608130655,140.58820157333864,-216.17779583484304,0.12138231956870331,0.902138137817383,0.024230624044886146,1.8385862112045288,0.08585547655820847,0.0715947076678276,14.122374896806104,25.47389743414165,46.980551205867684,2.777384042739868,0.0007562325918115675,0.11909501999616623,6.05498404355746,56.66692058110466,1.1155652826056746,1,1,1,1,1,1,1
pi3_causal_upstream_000350,upstream,4e8f456f3605bfdb01c85521f98c603d7c6b7d5f04d99be153d9f81fc920cb24,399e70d4496b53be171073a3cb3637ce3171cb4d37dc1ccbdd0bde517501bebf,dense_v1_train_x2.88_family4,cb683c1b7f2135516427345ac57f6ea51de142e452af4ecd174434625a72d6ca,197d4762e55e7628a1349332c6dff95895ccd77cca90cf4bd029e311ea9cfb2d,dense_v1_train_x2.88_family4/variant_4,9,1.6822425079345704,-66.65977078968388,369.3378621605606,124.92701493860628,-596.7599115580505,0.10643661887796915,0.10190173149108887,0.44798369624098416,1.527901291847229,0.05202680453658104,-0.10632715374231339,5.044469935571944,-21.20612715579276,17.239192559437083,2.850801467895508,0.004045205190777779,0.11848442256450653,-0.13128765507016368,56.31795938621954,2.619021035272302,1,1,1,1,1,1,1
pi3_causal_upstream_000351,upstream,340c5a9276188ff71a0c916f5f015beb525c8c20d59754e915e5c99c8d11356c,b36f1627e1e52f0f69bda4f9c019d897386f141541bc44d1875c65c8321914ec,dense_v1_train_x2.88_family4,bec6882edc4bab2748979721c5d3e70680d2806f7b8e27bd669524b98cd7ed27,71d3a57952ac2a8daf8342e75d228b88c839b9ab6e3122fdaea447a022754169,dense_v1_train_x2.88_family4/variant_4,11,0.9223637008666993,-45.25228453451726,560.5014425376876,90.59574526426502,-1151.9924915284769,0.43551327185104155,-0.19939353227615358,0.6195080802060018,1.0112110376358032,0.033156104385852814,0.1496337205171585,3.5740817520904087,49.01012142716946,-14.004141760952244,2.892051935195923,0.005217894446104765,0.1192065104842186,-3.187397208975895,28.842365732778934,2.5954639256287453,1,1,1,1,1,1,1
pi3_causal_upstream_000352,upstream,43c27280d681561be31bf053212dbeaefe5f9d27a18f903279f7e955588bf61c,0df70485e48c2b048fa77ee26699bfbf3c103e9af6b24547378d4437eaf2f9b0,dense_v1_train_x2.88_family4,f4d64f14480c709f33c53d0eca84d490f3a51aabec817f7e53fd93178f3c925d,3bab1dbb90a62e1464455e83295a6adfc83b4a6787539157380329cf0a61aecd,dense_v1_train_x2.88_family4/variant_4,13,-0.7128095054626465,-41.91678555900363,-409.70755864613756,37.86458800369139,-1241.104712874826,17.874706690997236,-1.1154993629455567,0.8063453304875826,1.2378606796264648,0.025795267894864082,2.6644937992095947,0.6202075368984858,798.8800715903617,14.415397696162467,2.937671422958374,0.00644143670797348,0.17010024189949036,-6.1984508864131085,-10.575479005159638,2.7754240540680817,1,1,1,1,1,1,1
pi3_causal_upstream_000353,upstream,08b520cd2aa2bfa1a335c3b6f1bf54b5bdb1292c11707942be8309adff280bc0,26ad8b7f3009fe56ba318f6e0b7ca08481d27ac7b1cdd2c83a810e1924ab6106,dense_v1_train_x2.88_family4,86e467ec337c376be80e98775a0ef18df2216aa6a82f4990f2d156d1d3debdb6,a012df7d4d59424a10e1b7db8c9ffeb77b9a833ff1f2be2c927da503ceb240de,dense_v1_train_x2.88_family4/variant_4,15,0.6260354900360108,-59.13962323047311,-189.7137771031434,41.38007270911861,936.9939824953499,28.39570513194801,0.8028040218353272,1.0716537276708884,2.1612155437469482,0.06213857978582382,2.8546390533447266,13.620599318299348,-303.54275916885445,-15.509122718145779,3.0102498531341553,0.008310063742101192,0.2916221618652344,12.935550981340933,228.2840602518805,2.7263098038233604,1,1,1,1,1,1,1
pi3_causal_upstream_000354,upstream,26c3dced37564cef7ff7650c3d86b397d6e1cf3e355b304991cc21183430b640,93389051b55f1476df9b2aeed58b7c90ec11c256ae4470c90c0b6bd903f92fa2,dense_v1_train_x2.88_family4,5e08605d77e6e9ce1e50604495f50bdead0be034a2f28fb885661467104092ee,187338fc10a2f0203d00656379a3e59bb72ade91a216b268af0d26c46fc7bbe6,dense_v1_train_x2.88_family4/variant_4,16,0.6635573768615723,-62.130324011400745,-90.75738169097338,60.618823638644436,860.8426734765036,21.406253651264116,0.8689733600616456,1.1237050757892608,2.142561435699463,0.050964850932359695,2.898388385772705,11.807322404991655,-357.6974712864313,-14.754818824324373,3.0535781383514404,0.009451150894165039,0.3502308428287506,31.535994265946034,227.77723289470887,2.1623656254559442,1,1,1,0,1,1,1
pi3_causal_upstream_000355,upstream,ccdb261d413b5d3a7e4b9f5e8878e3f82bc0fadc408da52fe5b6e29804113a04,b82bd99e9f14c1f2645fb5fb9ff30975da8097a5ccb71b41d971db28f455ad7d,dense_v1_train_x2.88_family4,6779211805d2b1fc08153b503d71c46420deb590725cbc846aa103da10a472f1,bbc8699ac9f09f3ae9fbac18ff55b9c98b07f02ea4ca3dd22e451be73d874410,dense_v1_train_x2.88_family4/variant_4,17,0.27215370893478397,-63.61466755201709,-48.87339128526956,67.80901158924105,-100.15514142283146,18.268472566473402,0.41012620925903326,1.2313284229123507,1.8562060594558716,0.05888332054018974,1.905746340751648,8.29620902063324,17.885886822884938,-4.097545742532893,3.0932650566101074,0.010515832342207432,0.39880040287971497,33.88359517047653,6.26723003758149,1.9037379373502028,1,1,1,0,1,1,1
pi3_causal_upstream_000356,upstream,c9c64337eae4029f8bde6216565e5db614a9abc7658e23e550512b87b387a3ed,db3c369f06d6a08ce5c6e47bb85660c7dc7da7df0f112ed924afe405dcf4c862,dense_v1_train_x2.88_family4,f4e5c54af9a4c3b65d6182653af1f8a9961ece2836fe6b264baa0c4415af16f3,bacec9c9f86f91cb97b3e1a806a28e4a677a535945386f2448d3004c593b0971,dense_v1_train_x2.88_family4/variant_4,18,0.10363448977470399,-64.69243042191007,-46.647343842303194,59.84466950754768,-488.90543256313293,21.32469565868951,0.20175069570541385,1.3979991181200706,1.7423421144485474,0.06221260502934456,1.4492231607437134,7.23874461917988,188.4353569358138,-0.46539489605779993,3.128549098968506,0.01175696961581707,0.43037617206573486,35.07082206710273,-15.883031178974372,1.9485545118617573,1,1,1,1,1,1,1
pi3_causal_upstream_000357,upstream,6d3396b122d3a8fcbf3e94c06475f55f1ec5105067c1fd6ca53062adf0aa05c9,41e63821817688e5db1cffcc2954daf5da4b34e26e9e9cd3ddc5e3769212f2cb,dense_v1_train_x2.88_family4,7802ea66d675a4f932af66bcc54a932b4d21100a7b9fb4a96d0dfb3f338d29ca,03322547bb6144c373cbb973ce6d71e2a549e49c948f5aa8a24f8d9dcc2a3363,dense_v1_train_x2.88_family4/variant_4,20,0.5515348863601686,-51.290666949523356,429.38235568246614,38.228742954385204,-351.97907298875657,17.387891144776013,0.7459290885925294,1.6471079450584054,1.8893215656280518,0.07556896656751633,0.7441779971122742,10.3479910171159,-256.9239040455794,-9.61416488419984,3.200941324234009,0.014733056537806988,0.46484002470970154,34.77064208326984,-11.494162500414802,1.5975714794720608,1,1,1,1,1,1,1
pi3_causal_upstream_000358,upstream,142828c662be9943770d7ba8b9274ae0ab423f098a534d881b9bfcc0e541b668,2f98195d98691b1af2f55b6c09e9e599a8e4217d90b75504cf8a00b90e0d153f,dense_v1_train_x2.88_family4,a655cd58b39a363b148d832096668e33e219d9508aaafe265715650fbc185002,ba855592de817d37ebe31aa52f56ce5e0435f98290a5bce3469fbcaefc56504f,dense_v1_train_x2.88_family4/variant_4,21,0.5102059030532837,-41.09945097197405,472.2136523449157,27.274774139011186,-523.7884654091954,12.609393787894923,0.7000921916961671,1.754652581070217,1.828957438468933,0.07388948649168015,0.593861997127533,9.153494237891866,-219.37369598900537,-9.171059776889848,3.2376790046691895,0.016282765194773674,0.4761676788330078,37.10190859040026,-42.70990371033092,1.2482351022695868,1,1,1,1,1,1,1
pi3_causal_upstream_000359,upstream,6abb76d0c327bcee3abb3d3b3b74620939247cc558586e56b1065aa436377b51,9d713502ec7948ae2a5c0437378f8abf87fd39411dd22dbe8c6bfbaddefe2834,dense_v1_train_x2.88_family4,29c7e35d93f68782f14cfa8bb9f0b6f87b353854c5d5605b548717dcf9dd6c71,0428153ec5dc0268e968d1c1c41ee1e7a382ca88eeb02d33a523658d847bf9da,dense_v1_train_x2.88_family4/variant_4,23,0.5024449110031128,-21.30735568193423,502.6561333247427,3.1129679972600313,-602.7490585544246,4.430891345104969,0.6931423664093018,1.9967721103944533,1.7501028776168823,0.061781734228134155,0.6013374924659729,7.819793934514742,-213.6788481835888,-9.977918561279916,3.3085927963256836,0.01902850531041622,0.4989452660083771,39.029900238365606,-12.541292825653933,0.5844799281170318,1,1,1,1,1,1,1
pi3_causal_upstream_000360,upstream,934f46325b5b36e760e435255a3cd7da6fecbbbb008bedf0acde2ad530cf14ff,a2540866edd1a03e7895a6cdcedbd320d1920fc16568c48dbfcb6cc022c37fd3,dense_v1_train_x2.88_family4,000916d7df44176df8eb7b0350e80bfb03fe9c62f8a7aad20cdcf953b98b7aa4,da32aba34c7bd3fe566d1e445acb1c28ab4814ef657a280c10ed6dfa2c35db8b,dense_v1_train_x2.88_family4/variant_4,24,0.5082116985321046,-15.220670169117799,423.2559765252882,-3.7299095297964877,-426.4342274706352,1.2966097404118948,0.7019427013397217,2.1318921264202113,1.7850292921066284,0.05559584125876427,0.6201816201210022,7.564057991611125,-220.8851485504375,-11.38405643589961,3.344305992126465,0.020138664171099663,0.512933611869812,38.73548151909762,3.9248384329535972,0.2706516287173642,1,1,1,1,1,1,1
pi3_causal_upstream_000361,upstream,4a42d5abe25ebda2638fa30bd931241ee2113fa926a06d8f9c6f3064af964c71,1ae38a86e5ef353dc3491e538e4b8b24ba6b779714229dfb90e78e1600c6e022,dense_v1_train_x2.88_family4,eb8b6e885d6c8571aa38d23cb3027d793fb8abfea7a078272c1f259e868f21f3,91b3445f37f8ea4ffc17cb9fc3f27fc3cf7d77df79c087736326ed006c70025c,dense_v1_train_x2.88_family4/variant_4,25,0.5093545484542847,-10.948960579165105,308.2989477370145,-6.81370237401681,-207.7147679814687,-1.874242960235343,0.6947693061828614,2.280464789019822,1.8301104307174683,0.04767913743853569,0.652768611907959,7.19603544629979,-215.05823220722957,-12.679175561976272,3.380866289138794,0.02113710157573223,0.5266514420509338,39.668430718208,-14.486838059786216,-0.08522980890407394,1,1,1,1,1,1,1
pi3_causal_upstream_000362,upstream,ad4acebe718151b8569369e7eb2030bfe0961ad2a532998f9855c31bc6ada01f,55b05c23254df55ae854845cf91c7f5fc3bc37664c4e453a9588610960371d80,dense_v1_train_x2.88_family4,83022a85fab8d1a615c81aa30b5aff26c0494c13e79e0e0a274af2ee986dfbe8,4b111459076d84963239eee9d8c9c520cf0907ffe4029605708fd3ccc97462a9,dense_v1_train_x2.88_family4/variant_4,27,0.4798524045944214,-4.927260047433117,259.07128819987474,-8.397193367511878,-157.4182111599786,-7.969095124220907,0.6687698459625244,2.6023542086057345,1.800144910812378,0.034421954303979874,0.5723872780799866,5.866186515840906,-193.75737203519603,-13.596493019397434,3.4541995525360107,0.02271249145269394,0.5524934530258179,38.45276632897245,18.819809323952047,-0.8377237126631872,1,1,1,1,1,1,1
pi3_causal_upstream_000363,upstream,bd29f0b0f065951efbfab678df2b7e309890c2d727ad47448af963134cc7ea6f,a4a3c11f225e4c939ff9d56d19c9a1effeb0b5e5511d518f4e85c49a882730ac,dense_v1_train_x2.88_family4,8048348696b6d41b8aea55e15cb61e62b2fe0774eb150ae7581ae4e8a5dc49d7,d5e77500276945815791401a6a246211f5d44f2bb5daddb2c587ba5a10adc221,dense_v1_train_x2.88_family4/variant_4,28,0.41055121898651126,-4.217144062447109,111.0792913398365,-7.275692527495064,-30.84266176329804,-9.895296613918003,0.5831146144866944,2.763450093301553,1.7703310251235962,0.023166349157691002,0.6123696565628052,5.267613069529907,-123.70938345488976,-12.714319446576926,3.490119695663452,0.023236451670527458,0.5653109550476074,38.49591946414859,9.510753258844908,-1.175394580980389,1,1,1,1,1,1,1
pi3_causal_upstream_000364,upstream,62fbdca7afa5602cb6cbc127fd01eab712d35c792ff8fed3e8379c07bab543f0,8c9996af62a4f5a877d233eec8d1a31fd1d4a28b13bae2806b27ae14195795a3,dense_v1_train_x2.88_family4,2f60ad347ed8742c4d6e9ef4863b308a2d542563a67971342430f885463c1002,3223fc6eac9ef022412244a34698ff790ac42ba49f735ebfc64742a2161a401a,dense_v1_train_x2.88_family4/variant_4,30,0.34745918750762944,-6.162928353200342,86.77937706552039,-6.132600178851369,-159.5455145581141,-10.559072647181466,0.49532655715942386,3.0429360535420638,1.6160597801208496,0.006359640974551439,0.5826292634010315,5.008694685359886,-51.91679039073843,-10.51506939704546,3.5577566623687744,0.023716263473033905,0.5909326672554016,37.241975279709706,48.78685961867467,-1.6081895153384491,1,1,1,1,1,1,1
pi3_causal_upstream_000365,upstream,8b7adebfb33aa7b0d045b81ba96679994e890de8c92c3a963e94d5b4ebb93df4,6891e04850dfe374649ee03ceb5c7d94486a40af44e5f23579f3d25c9b799eca,dense_v1_train_x2.88_family4,fcdea8b817d4f3790bcc513b8dfa2b4d3b49a866ab0db86deba96929f3d8040b,19090209dfc594313cf2a4da75d3d1459c934501db2b01b492d1ea335026ea80,dense_v1_train_x2.88_family4/variant_4,31,0.3701173162460327,-7.697723939894628,166.0373634774011,-5.416016431608182,-159.21867634595063,-10.488071236425643,0.5738354301452637,3.1620587229464427,1.551735281944275,-0.011780522763729095,0.7760600447654724,4.0809650314358645,-116.19027408443284,-13.532929571434003,3.5897481441497803,0.023600688204169273,0.6051836013793945,34.68772358674589,75.20526634709695,-1.7910480842694296,1,1,1,1,1,1,1
pi3_causal_upstream_000366,upstream,811903649bdd66caabe272f48ffc916e5ae767ab67735a5dd32446ac6baf7f13,714223471170c4026bbd145feff455adf47bc48c3f5c95e2bc01557c024f2d07,dense_v1_train_x2.88_family4,82b387c837cdc38de945d0cf327656be350c3161d305c5a7c88aa8c49ecfa65f,589fa3903acd1a5d73e9d59da95be02d60ec54d2dc1d134a8918e778b4ecedfe,dense_v1_train_x2.88_family4/variant_4,33,0.3139633941650391,-8.415709156578137,136.4439159925417,-4.310197279038894,-159.38325658419126,-12.098924696026616,0.543917088508606,3.406317348621807,1.3267360925674438,-0.05140521004796028,1.1905609369277954,2.4753341931896102,-91.68779688990168,-14.43045484818776,3.6482346057891846,0.022202186286449432,0.646219789981842,33.21342042420947,48.824832055365356,-2.396721513793696,1,1,1,1,1,1,1
pi3_causal_upstream_000367,upstream,afb6b970dfe25471c9837de21f9c177dc45c954ab7df9c1a39789d5820eda4ba,d94159a26bbda836691d91f28ae2fcead22ca91cc4cdd1f1d2392cbbb5d7240a,dense_v1_train_x2.88_family4,8d05757ebb6d1a3bedc55d75cdcd42d6b1dca5f1a82b7e26212288a2d02518e7,5c7db139d81a08be3506d9616f5d318a2bd2775944075741af262bd900508504,dense_v1_train_x2.88_family4/variant_4,35,0.16869868755340578,-13.225711931435061,-50.0087463102441,-2.9925447185601253,-88.63118478348342,-10.4657170627019,0.5517713069915772,3.5596049918356965,1.1131482124328613,-0.08152315765619278,1.4136844873428345,2.0049138787282677,31.484743941508842,-11.919636328156052,3.696709394454956,0.01931050233542919,0.701987087726593,32.23417278781015,36.86695008295182,-2.772353661802272,1,1,1,1,1,1,1
pi3_causal_upstream_000368,upstream,565a028bb2224354e7664f6195dedc8afb280880b4c92f1b2c9988d1b60d1370,ed21dd13c04ca945c6f39a3845247787789c6886eeb63ade956c96902c505fe6,dense_v1_train_x2.88_family4,445d6cb14c1d721e1d7af1ce1ac6ae62ad129148db9927142a9421334f060185,9476bc9b30bbca4130897c6db419ccd83de607d9e4ced04a389d72706e166ffd,dense_v1_train_x2.88_family4/variant_4,37,0.21537383794784548,-22.431032790975337,38.70477298858924,0.5621006630299543,-136.17035325590436,-6.178121720795262,0.7973292636871339,3.667242094129553,0.9473251700401306,-0.10456163436174393,1.5211683511734009,3.0589362917267646,-23.664450549411043,-13.227325563626476,3.7381768226623535,0.015398088842630386,0.7631580233573914,31.827400871790044,20.364084359440664,-2.9322482135204413,1,1,1,1,1,1,1
pi3_causal_upstream_000369,upstream,a35795da95480fe260338495db575c452652f93aef3a631cbb6390a51217b780,b30e017cd842e7a30110c8633937c0dd0750ed541c9ddb211e5fecac8bcb0d6c,dense_v1_train_x2.88_family4,6e808db31325d3a03fd08f4897be6f64033002067735182373731a04873bff49,b93b890108c3af04b8029e8a66a76e6b4500899ad5af9bf217b7c215bbbca046,dense_v1_train_x2.88_family4/variant_4,40,0.07445327281951905,-39.09275163910806,-275.46549073633287,15.596151281002788,183.90647706323176,-1.5994143040828943,0.9199890136718751,3.917372607091929,0.6467005014419556,-0.15092839300632477,1.8625357151031494,4.266594205151178,97.52276602614104,-12.124147559831867,3.7860684394836426,0.007132729049772024,0.8741871118545532,31.25005522653262,-5.643031429051896,-3.418408291580607,1,1,1,1,1,1,1
pi3_causal_upstream_000370,upstream,5e82fdf7c14a36ae0c49bb74a3fc3b89bbed0dc5a295a4096702b4f98285a876,65054c48a9087d32e9a521e02d3628c6e9d7fb6555fb94467a8af6b644161835,dense_v1_train_x2.88_family4,e0f239fa100ec3d858b5c17226da042cc0132583f5f55166db66b83c9b337b04,8ed0504057a9b2cc16384c135665a382a9dbf068110e73d1b81c4cdb8baf8aca,dense_v1_train_x2.88_family4/variant_4,44,0.4794351387023926,-63.40169542350692,-121.64073772134634,64.16266045931638,714.1662735034474,-6.927934687973937,1.3784774780273439,4.4877116275998405,0.5526314377784729,-0.19757169485092163,1.6755437850952148,6.400796521235206,-277.7534128629904,-17.027395223464158,3.8351027965545654,-0.007169362157583237,1.0223530530929565,23.087390064551467,120.6220013462606,-5.006145989252409,1,1,1,1,1,1,1
pi3_causal_downstream_000371,downstream,5a0c656f2c7bc3ad7f036fd19aec3262924eaff9dd6e9d28c6457e663cfd0092,14325f4343e1ad1a762b3bc53a9fc22ae919429f9e2b78b3d40a9eed58186a85,dense_v1_train_x2.88_family4,8261f12236ae23f97fd827fe2146acc912c20ade3bebbbc5efd6ecd027ba1850,8d328b8233e1d7d4eb46c4cbe0cd7462c085df2433a8648d065920dc8ba9d776,dense_v1_train_x2.88_family4/variant_4,48,-0.05850967943668366,-70.17009187209857,-26.473635638051004,75.78062099221131,-614.7128179046189,-12.686320625520692,1.4300494194030764,4.9354065631895265,0.9277889132499695,-0.12143344432115555,-0.4035342335700989,2.878857927372555,211.34475397814202,-4.610706819499237,3.8873183727264404,-0.020633915439248085,1.0859057903289795,-23.784270850473284,68.45684820182758,-6.145772454703976,1,1,1,1,1,1,1
pi3_causal_downstream_000372,downstream,3ad37f9111a4a2903f2677dfe46ba1e311de3144ba976ea374b8a3a7e3f17cab,43b884a9f809124ed63a7a2b6a415ee1360a4fd9513dc9c06f9f19bf8f75ec68,dense_v1_train_x2.88_family4,dc02f6eb5bbe74e5230237bdf89680de7e51edb6aa931092d37aada60ef3f8cd,a251b11147322129308403a4e43c9ed624ed18de3c6001ac91b07425de43dcaa,dense_v1_train_x2.88_family4/variant_4,51,-0.056849294304847725,-69.70934780125701,-26.192375278219046,18.652686547792882,-566.0383763694934,8.194675406101576,1.046101245880127,5.0830537675251195,0.4135960638523102,-0.12874087691307068,-0.3234620988368988,7.106549722888868,214.2549473193227,-5.212731218888385,3.928931713104248,-0.027219118550419807,1.0521050691604614,-19.306378340045416,-70.85611607233464,-4.51227272788595,1,1,1,1,1,1,1
pi3_causal_downstream_000373,downstream,ee56fec31a88409f00bcf391aad4752354395cbd5e1a7615291faf1f39cc2834,607eddd1e481739733ae2172d89dc7b86da6cacac15687523d9e6b5c420fec15,dense_v1_train_x2.88_family4,703b5eb3a66ba3c2797ecaca16daf217eb07f814f1a6b2a62727aa000cbe770e,c48f3adee8e4f5ab17c4fcbb30ed179b6a60beda9cfa198fbbed327cbbb327cb,dense_v1_train_x2.88_family4/variant_4,55,0.10444447994232178,-66.28582476281484,27.788672449521066,7.275297230296849,-355.12855517731947,5.524138948411876,1.2200094985961916,5.905772938444878,0.4409446120262146,-0.13005873560905457,-1.0933068990707397,9.717818981270307,71.89668856219691,-5.266388331234359,3.97845196723938,-0.03815058618783951,0.98749178647995,1.118018724200578,-115.17060880361998,-5.435294312819072,1,1,1,1,1,1,1
pi3_causal_downstream_000374,downstream,7d691702d7b58982b398b8cd53a1c5e56412a3f7e6d29b7b24896c6247f3d8c9,e7c5b56e4b3a181509c8de41b6961594a57a742736964b9aae9de2c4e1c823d2,dense_v1_train_x2.88_family4,22a48b9f88c6038369f2a3ddc8eefe74d5a84aadc1fb7f34793ec271cc534182,c62fd94f8395afe12a19f9bca177a10421a57cce1e23c581d140c82c6bfdeb09,dense_v1_train_x2.88_family4/variant_4,60,0.40628516674041754,-66.75320094734047,65.77056212201825,3.501037361228765,74.56400037649196,1.4546356953484907,1.498601589202881,7.164770533341459,0.5395167469978333,-0.1441754549741745,-2.0249252319335938,14.861890577300786,-156.13822004913987,-6.078494835341114,4.028166770935059,-0.05218132585287094,0.8345929980278015,18.872080761670155,-49.07716314896772,-6.556634511766179,1,1,1,1,1,1,1
pi3_causal_downstream_000375,downstream,8bad3835b2b17c63756641a403c3d801df875e2e23ada025dbe7112851b68c30,1a0354c5f711b77478fd0506fbe3b43a83eee26ed1d1e3522e7e6117136aa68a,dense_v1_train_x2.88_family4,8b3530653e85a681fcb7ac3b021778bb2e0a8982bdf57d1745381b9970ed284d,5c16940af6665c4ebdde3e108ad34660ab32cd52a5ebb3c927b957b0273abe32,dense_v1_train_x2.88_family4/variant_4,70,-0.17113200426101685,-68.52499982936598,-536.9269080136052,2.501644081872499,-148.6903222309695,-10.374782926933445,-0.5187575674057008,10.512290501727415,-0.32013052701950073,-0.23898866772651672,-1.5002927780151367,120.13458538671016,330.1399802497477,-52.439607220757054,4.075103759765625,-0.07983603328466415,0.2811279892921448,-27.863534737918993,-44.57157080636086,-9.267424204016175,1,1,1,1,1,1,1
pi3_causal_upstream_000376,upstream,1762665e23467ab554ac191bc63666f5d2e8c0d325c758e67b732ea7c25514df,ea7bb745ae188b7b760e039daff90f8e4c3a87805888ecceb3e908d16daf2a7c,dense_v1_train_x2.88_family4,10f64826c7607ef6dfe1dda6fb8907204962d4b9c076c2aeb2ce65aab43d6e01,edd8456ea36bdbeba6bb4b705f6ec782273efe54dbb6568aa9aaf6324b7c20d1,dense_v1_train_x2.88_family4/variant_9,7,1.8597117233276368,-71.8677217299269,-4.000861426623601,140.49277017025523,-220.76015608862625,0.2454471983844934,0.05643018007278443,0.1802676806449463,1.8214316368103027,0.16141341626644135,0.07578178495168686,29.782408083342375,40.359130182930954,97.6429022234524,2.7769980430603027,0.0014684986090287566,0.1188148483633995,15.723740922245918,-68.78199935726605,1.6200687861435001,1,1,1,1,1,1,1
pi3_causal_upstream_000377,upstream,8faf9cbb646c7a228dcdde21bdec1e2976ee1eba04bde22882b4d22683990a9e,4a1fd17e98e486beb6a785522f12ccd3ddc0d3eb2f74802133e4643143024d3b,dense_v1_train_x2.88_family4,25ee410f42c4ef0a6bf30fc0d7e5c73d77493f06641610bac8824876f1ccfa8b,0bc2b140fe84e946260ade5b0707ec5d9eb980a8956d270e0d012c729f32984d,dense_v1_train_x2.88_family4/variant_9,9,1.1766058349609376,-65.65248864183624,379.8645497093842,124.71362616855674,-578.6439549356155,0.07716795186508107,0.3078511714935303,1.5268012359276457,1.1518402099609375,0.10866629332304001,0.08886624872684479,19.77687250592716,31.998893261470723,54.256027728630244,2.848849058151245,0.009898761287331581,0.11857551336288452,7.739562263655541,67.1271947855337,5.527739962452841,1,1,1,1,1,1,1
pi3_causal_upstream_000378,upstream,eb36cbab78a3111c9d5dca6e638612498d81bda3100b61a05790736cca3472c8,20e0be64c89d53ca6b675da395c1776345504b69edbd75647b6a83f28d6b789e,dense_v1_train_x2.88_family4,e1485786870e8b594682ad8cbf167ce7c3e64a28c61ae829790dc7334e168978,096db7bda00688288a4b768a2ae7b4f15724e1a5838c118b6d09b242805a800b,dense_v1_train_x2.88_family4/variant_9,11,0.39122507572174076,-44.41855066329048,391.3845380088245,89.86545460801808,-1093.893918901108,2.4580362443577295,0.19509985923767093,2.2866397854721523,0.7349813580513,-0.009142029099166393,0.5639494061470032,9.835779763331011,181.98584152900253,35.45770105716518,2.878685235977173,0.012399452738463879,0.12407255917787552,5.921428232074323,-43.729135274131494,7.174269612903828,1,1,1,0,1,1,1
pi3_causal_upstream_000379,upstream,768baf72a780ae29371ef24937829e27532fd6d210596f3cb9d7936af8a6d81c,2b6141727169a78ccc30945360097cf7895f92912403da3d476b8ccf1e046489,dense_v1_train_x2.88_family4,4e59e596bdffa12cf8cd8886c1347b17bb6639a1f42fa99db404340019e62d40,1bdf070122a7dfdd9aa0c0406eaf2c68c471abca7c597f5bc7942ddcaef9aae9,dense_v1_train_x2.88_family4/variant_9,14,-0.05084157168865204,-56.791052439080474,-364.5126886817834,41.46832899847893,408.48214074676724,31.606334918964553,0.21841789960861208,3.585424659274721,1.7710803747177124,-0.022688107565045357,3.1519486904144287,-24.970206841346354,109.32256668530923,60.32143037199291,2.9469563961029053,0.009347112849354744,0.2553142309188843,-2.899237931195404,-121.33268252940043,12.864066338334986,1,1,1,0,1,1,1
pi3_causal_upstream_000380,upstream,e494314c8633ce52cdf97e45a5f1d85e10dc16880a215264fddc8fb800cac6b6,da4718c4973247d9e7296f15f3d464b62bd8930e48394876f85831eb5159c6b4,dense_v1_train_x2.88_family4,ad053d8f83cf96db2ed1d63603a1f815eada65638172e384e9e2f224b513934a,42fc3d7666434cf9cbc4fe293e24c960baaa6aba0e348270231d9a6d23910631,dense_v1_train_x2.88_family4/variant_9,15,0.4981358337402344,-61.88569395608757,-113.32968840719396,58.56517700051836,995.78224030435,28.050104670133987,0.784569025039673,3.668095277402441,2.016587972640991,0.03038206323981285,3.1852478981018066,-13.838122060344036,-354.084519781548,45.47010609733814,2.985814094543457,0.00958326831459999,0.31944403052330017,14.898467947853495,199.19466706738973,13.713444958757629,1,1,1,0,1,1,1
pi3_causal_upstream_000381,upstream,bb05aa311fdf163a4f15a7f1b730fffcfbddd0d5bf5f383c1a6f819d1af8d6e0,bae1ba017c2c648ca25e38ad0917575674142d154f23a9d1817291d27cb0f56b,dense_v1_train_x2.88_family4,97b2354a7b50092b3d54e2fa933b49daaad47ecbbe235ee2eb2eab9164177459,98fab9344bf76c3a993bc648be29102b8155fab3dab001e67a53baad1d3dcb4c,dense_v1_train_x2.88_family4/variant_9,17,0.07796913266181947,-60.86374056190275,158.05982547023126,66.22961913613481,-375.23947345253174,23.113404509215165,0.33377215862274173,3.9650940168695445,1.507071614265442,0.009051728062331676,1.4661873579025269,-12.408828136890705,14.903098816110765,55.19139481470681,3.054354190826416,0.010225648991763592,0.4110812246799469,29.11201477102187,-31.596803440126656,15.517123011741914,1,1,1,0,1,1,1
pi3_causal_upstream_000382,upstream,b6de155891137d42e4f9dd47f4defe39c3814608de0dc4d2837a18653d1fb18a,2678976bc2999b667d73f39afc9587e3972fe3ad996258fbac2a5d30ea4d851a,dense_v1_train_x2.88_family4,e1a6fe895324a555b00aa91477cc6f3f36f062f5b67e663d1cdabc768af51ee2,0b5ed2cc8f67e8d30d98b1ec0f607c7014aa7349600d8d1c03d3cdc4060f4129,dense_v1_train_x2.88_family4/variant_9,18,0.09785287380218506,-54.64054688833445,310.0606994107709,53.897036400948956,-624.9877720013925,22.91994168361068,0.35578704833984376,4.169624868571118,1.4271751642227173,-0.005247775930911303,1.0277882814407349,-16.254736903795635,-3.1191348043069067,61.25682477882616,3.0828895568847656,0.010334819555282593,0.43216490745544434,31.678680332802184,-47.123172385926715,16.75496663332892,1,1,1,0,1,1,1
pi3_causal_upstream_000383,upstream,1eb31c8e923b44553d538455a00efa3e2b91b00acca80872a9ae3f6f62d14312,505c6467fb4d846e6069a3ae9b3119d9bc6c12bf222a2c123371ab533cf64067,dense_v1_train_x2.88_family4,840fed451231e67430db153d2555cbf25d6b816ab5f05d7932a9c68a9fa87f18,867f908147f14b7492c6bcb67f631e31c00339b12113499541120f6f33d038a8,dense_v1_train_x2.88_family4/variant_9,20,0.3157303905487061,-35.0904622760611,504.7279755868177,30.453091678702606,-516.8312347206204,16.054114989942615,0.6116479778289795,4.3150656282641755,1.5179615020751953,-0.004705565981566906,0.7865261435508728,-13.420627601100653,-212.56137459386136,70.77230965121859,3.141779661178589,0.010361477732658386,0.46475186944007874,33.31266307284975,-24.769520515605745,18.965398910382927,1,1,1,0,1,1,1
pi3_causal_upstream_000384,upstream,83e9e3bcd92d6f6a09eba4d38cbc78f0615d236df9a42255ca1817a14248029d,edd533d2d8389b42f2db219880bd83aa6e444012e50315e8d2b02f3871dfa7b7,dense_v1_train_x2.88_family4,81b75a4dcd25634556915a75a97c0d8035677e3e1205c735bfa5ff7cc38acd5d,c1829320599c236bd35e47e199af309b67482bb36b1d2476fbb36d2a2578b924,dense_v1_train_x2.88_family4/variant_9,22,0.30144011020660405,-16.830311822510733,409.54527335145804,11.518258554032961,-392.6084259458207,8.15951148588729,0.5824170017242433,4.437722051725812,1.58108651638031,-0.024630114436149597,0.8109492063522339,-6.5064779038286975,-188.61156215602176,82.20257658572157,3.2032315731048584,0.009599598124623299,0.4964004456996918,37.18337567172558,-28.31817944983172,21.50002008020139,1,1,1,0,1,1,1
pi3_causal_upstream_000385,upstream,67a2174ff4bcbabcaa24d8647bcab99f8f1c2116b30bd4c55f2905871b9ff329,6de23f60588d135d38927335041557c99a2b9e2fdadc6d5297e6cd54ec43fc37,dense_v1_train_x2.88_family4,89c3ff600aa2642cd56702beb92f3bc2580719c09eb41486dc3ae1d6fbbe37d2,2bfb99a2e0b79a98e84137479e772731bda8d856b79df95e5a0591d6285af539,dense_v1_train_x2.88_family4/variant_9,23,0.36073055267333987,-11.608813202048989,424.89128773712935,8.40152285367202,-287.3845533285986,4.768473718088813,0.6501919841766358,4.507695486141389,1.6487834453582764,-0.006142971571534872,0.7332239747047424,-2.6818573424628163,-244.1265884090767,82.94350867669539,3.236243486404419,0.009406724944710732,0.5137103796005249,37.419437254724976,-2.5080697957776,22.909062037199913,1,1,1,0,0,1,1
pi3_causal_upstream_000386,upstream,a3ea4532e6917f79249a3b6f9e173c4bf0b02eafe02c3bcb109dfa889ea67e26,33e24dd4be0db4bd815b033d213e55e4fb235e9fe97fa7677d485c5c1a1c5321,dense_v1_train_x2.88_family4,6d4f26a6b1ed50376db002e68a0ae8c59d33cd95a325a36058f583768e8ddfc5,d2a2a3ad853ed07d3fe737a4d4ef88ebb4a5027e427baed46e9b168c0d25d0ba,dense_v1_train_x2.88_family4/variant_9,25,0.30203989028930667,-4.676722305374702,247.70795711923788,7.750070509693606,-107.57730308820922,-1.4532115429231318,0.5636525535583496,4.629717898813308,1.7039488554000854,-0.0054175229743123055,0.6934685707092285,4.210396689320783,-173.26799297807335,89.50317454425144,3.3045437335968018,0.009380021132528782,0.545964777469635,38.34836005731964,2.9517439432228194,25.916510399714273,1,1,0,0,0,0,1
pi3_causal_upstream_000387,upstream,3d7cd43a113e40b337e64c4a8283b2b4a6b1b250e29abee7602c48da211a083d,dde3e5a281a44abbbd4719ae9c97ce00754e70fffe7bdb53b7217cccdf0cdb31,dense_v1_train_x2.88_family4,bbdf491d2f58ab931059ef0814c4e54b770092c842c4c01d55d27ae9a96a5802,6f566aca267df2b28116a35328a633fe5dae4ebba941a6aaa838afb820960e73,dense_v1_train_x2.88_family4/variant_9,26,0.26511723279953003,-3.193158900427624,181.7866185712916,8.911107045947393,-57.360236008279735,-3.5759644334032714,0.523468656539917,4.6661144647421215,1.7162376642227173,-0.011135066859424114,0.6743239760398865,6.019282644765803,-140.42463220309517,91.32072886352685,3.3390438556671143,0.009251940064132214,0.5607842803001404,37.65538613960307,29.779296932175434,27.595754558578076,1,1,0,0,0,0,1
pi3_causal_upstream_000388,upstream,ecf95859b0745249e828f6d1d54bae995c22284b7f303fc11d89a7ef2e5a3ea8,94bc7eb472da663b15790530077ba1d79aa7340ebd219ef581d6f8f6ac504e3f,dense_v1_train_x2.88_family4,8e2b42585f6480224a169f008d46faf43f9cff2394d4ef75289247d61eb649b4,89d22fed46df775b7baabb861b7113e4f18ce41409fa9c16a61bc62c15deb263,dense_v1_train_x2.88_family4/variant_9,28,0.16939509868621827,-3.970188327721543,33.608905452626125,14.000253675767214,50.39186186607387,-5.94348020147326,0.4312781620025635,4.631396072557336,1.7316054105758667,-0.028055589646100998,0.6429290175437927,6.04415008287335,-64.89237737967304,92.0314510278017,3.4085612297058105,0.008571835234761238,0.5892415642738342,36.11268887781272,46.860729197258145,31.183825065940187,1,1,1,0,1,0,1
pi3_causal_upstream_000389,upstream,8847317f034391a52947421aa49dda51f44e48e4e3666823a642ce152a342423,5075caf1f198e08a6fc3a43f7fb82f802ff7ece3bb9e05d1f59a260b84eb0f56,dense_v1_train_x2.88_family4,38d1ceb37b67d1dc0bdc259d1bf55272d776837473be54a820a198565a32ddfa,d47c12713dc99c1212e3e51f5d8524616bb92533ca3b30424e649a44f224ffab,dense_v1_train_x2.88_family4/variant_9,29,0.17476578235626222,-5.7111736650801745,95.60322332217899,16.652904489008822,-40.43670747152396,-6.09500154276,0.4483767175674439,4.547161849829443,1.7160824537277222,-0.039349883794784546,0.488208144903183,4.318592008415663,-78.92315004819916,90.38390011696791,3.4431042671203613,0.007773953955620527,0.6022322773933411,35.66879146855901,35.70306535781413,33.05968169198173,1,1,1,0,1,0,1
pi3_causal_upstream_000390,upstream,ee02c639f0d6ca8bb91e9a4de5da7b85156aa627d832b7859a20c1b17cd9762d,438640b673ae06acdf795e5ef879f2b8ffcef65db377ee85bf19a22fe22c5202,dense_v1_train_x2.88_family4,6f29718fee8f20d49af952e1f87205ac2aebd6ecf44762147d6024097584e6c6,42ba735ba7e08afbba2292143726589c20240c15c5d5a553c98c8df001ef3d43,dense_v1_train_x2.88_family4/variant_9,30,0.08798618435859681,-8.439131582789404,-97.10262742991522,20.817849684497755,182.42428503220398,-6.0703785655995395,0.36950154781341554,4.41923499931967,1.7570551633834839,-0.04242713376879692,0.6568566560745239,1.4019376284452545,-14.317394726856538,87.30222804648487,3.4780917167663574,0.0069498238153755665,0.6153929233551025,34.3598232801665,61.31007293359558,34.90431081464306,0,1,1,0,1,0,1
pi3_causal_upstream_000391,upstream,8815665b731526c3d4c6dad25b645a73d23f2b4e9e33c34c6f47883d654609f8,49d793aa83706856aec68c802ac1b7adb1bbac0065d2a3b2fb7869a59b969405,dense_v1_train_x2.88_family4,905e20cbc59a3d06ed74d38843a3a3476c2b21f39ba025a21f92a95543ec0dcb,614f3ac95efb1ae01388d45b9e2ae44d83488e97854be982f7aa17156f1d45f2,dense_v1_train_x2.88_family4/variant_9,32,0.05187587857246399,-17.837184159008164,-136.1826885775454,32.22765678734196,246.36956789099554,-4.125709944980478,0.36518419265747076,4.020047185446904,1.7719889879226685,-0.04564720392227173,0.5119097828865051,-6.067801747308636,-10.780119156656037,76.81714317989577,3.5482687950134277,0.004567516036331654,0.6417999267578125,31.923744105127657,63.51409984667782,38.48953338061828,0,0,0,0,0,0,0
pi3_causal_upstream_000392,upstream,d372a758c2ad4d2b0803c9b38ad9776881cae5bfff1301801f101846b9bb9867,89ab196ddacd4e2bb84deb05ffb6d1953d92ecbafc9939faccb85fc0f3253cc7,dense_v1_train_x2.88_family4,f6dddbf61d3c3c369f32ffa0291a8466f3c8a209ed453ebe27575bcb1cb399e6,e62fdad3ab94706644bfe9c5ce9e3e4ff7400d656fdc333f6d74497592bfc182,dense_v1_train_x2.88_family4/variant_9,33,0.005085903182625771,-25.805841212709687,-275.4225425068318,42.26152569698168,428.2662481305727,-2.304220800043122,0.3211598873138428,3.7631635628306244,1.7956931591033936,-0.04861423373222351,0.6316943764686584,-10.549994715592675,25.24277749300676,68.72710512690665,3.584014892578125,0.003307014936581254,0.6572684049606323,31.575752797104677,36.18633880763297,40.12013110020675,0,0,0,0,0,0,0
pi3_causal_upstream_000393,upstream,96b173a0bee425a71c01bbf92394c7ba783cbb947b599129bbfa5cfc6a0900e2,5f534e9b58870eb60d98810bdbbe44a9f603a1f46e76d5c04b7a7864bd6e68b1,dense_v1_train_x2.88_family4,48ddee2af0482e6f13cc98a1f050030493129b9dbeae8d20f25f651735e7face,35e28c1d6544f1cdbd542a29e0ca78b34b90cf4779421b8ba81a981dcecb4b65,dense_v1_train_x2.88_family4/variant_9,35,-0.014545792490243913,-46.67322342906837,-372.7901676161652,66.30581672651547,607.1309254353112,3.403926366241349,1.043443307876587,3.153317749934562,1.8048523664474487,-0.07313258200883865,0.7667458057403564,-20.05824727142771,18.506961046756075,49.72267066704728,3.6550278663635254,-0.0007210116018541157,0.6932367086410522,26.347072232730667,88.84525657244996,42.97874130420883,1,0,0,0,0,0,1
pi3_causal_upstream_000394,upstream,e841bc4efa38f2de2877516f6b7ed8b152804b0b8f4bbbd1446afaf2edd190db,ea72f897dcc6d7f11b31ebc8fee947ece2eda36bc821a4ee0c1544195b7c1cd6,dense_v1_train_x2.88_family4,7a1963268cf31434fbe69184fae56bfbba38f505787ce746081ac12f49d48a4a,e6b9ce8affbcaabb303fae0a22176336ab75419a79427a3877d14b892abfa032,dense_v1_train_x2.88_family4/variant_9,36,0.17253510713577272,-54.019344598416374,-263.57068897599896,82.34299844486786,806.93958552795,1.9862029808257453,1.2565208816528322,2.7814938251414922,1.8582754135131836,-0.04286181554198265,0.9390376806259155,-20.8750320282291,-155.89757882430197,38.01989284503914,3.6918582916259766,-0.001915901550091803,0.7131442427635193,19.964619038285175,130.63347406561186,43.81680593351514,0,0,0,0,0,0,0
pi3_causal_upstream_000395,upstream,43d8c88efae131e2927e17847843b1cbda8a24f75be831152cb70fb967077a40,5ea1df7708e00e9c3822f15c68860a3215319ac5c209499e40675ca387c04bb3,dense_v1_train_x2.88_family4,2c46bf9983f22d5d2b6ec5cc96880e084278762fcb389940d830ef748e537f36,be9aae6faa1bc3f2f759a9a4ce363e4b331ba34c0538a5a6202eab3a56a18b13,dense_v1_train_x2.88_family4/variant_9,37,0.2327000188827515,-59.27894542916304,-189.3420372273763,99.17374569193818,787.3747545372586,-1.4904578242690194,1.3221760559082032,2.351460842540245,1.8463237285614014,-0.05881449207663536,0.8890644907951355,-22.67545623306612,-209.64109989346574,31.61845172470101,3.7288143634796143,-0.0031417387071996927,0.7333962917327881,17.962728158594874,62.925508294951975,44.371325720395774,0,0,0,0,0,0,0
pi3_causal_upstream_000396,upstream,d5e14f9a703b75c96a504c6c8d580268eaa9f248a78dca48f5f8b43819599165,3a44d131cab33bcf4624e26b6317063e137186bf831dd6a23149a175b5c23848,dense_v1_train_x2.88_family4,1d5d17cc80cd0c23c61b6b47089a25e29c6dff0dddd21b3a83f8219169d9f37c,a4bba24080f85314a42093cb59a2f6e816e8c37628768d93e09d14e5c69050f2,dense_v1_train_x2.88_family4/variant_14,7,1.8511471748352053,-71.77326021370563,34.0060741226732,140.56690504350655,-223.3747115217721,0.08148147162894705,0.015092201232910158,0.025662392382588706,1.8527486324310303,0.08942035585641861,0.025827709585428238,14.849722595294407,9.451987164999764,47.194981579765646,2.777367115020752,0.0007626765873283148,0.11898572742938995,6.059888973155175,53.336663775779016,1.1140890833023087,1,1,0,1,1,1,1
pi3_causal_upstream_000397,upstream,9e57f985f1e4ce0080e6a6869915d097c1edcd7e77d6f06e8bcf4a6db03a3950,97542d37c90d7cf221c8fc1586c315b2b674b5c563c0c9003a31f0b0cbaf3701,dense_v1_train_x2.88_family4,ae76d6505b679daaf1e1c1a6532ff82d59fff653d0c7baf7edbe046721406ee3,8392ac029266924fcf064e2e7e36f3080929eff7d88f9553c84086bce767558a,dense_v1_train_x2.88_family4/variant_14,9,0.916591672897339,-62.728737375153074,500.8315985521355,124.25639964513775,-607.1681909474228,-0.15230680039695957,0.28344273567199707,0.5664527407024295,0.874365508556366,0.026664339005947113,0.04942571744322777,6.317256477496779,16.49450898706164,11.16196941994206,2.843289375305176,0.004318110179156065,0.11772225797176361,-0.3969468223011783,74.49221508831512,2.6177236676430327,1,1,0,0,1,1,1
pi3_causal_upstream_000398,upstream,3b7ce920e4382e728f662a8a090e73d308f20c0f9d757a6a3f22ea07232e38b4,971fbbf52b3de2c2e066716cb21c511ad7ab7008a281951e525932c8e5f892dd,dense_v1_train_x2.98_family0,fe123340c10a1e2d481b86378dafb8cafb9bab6105564e6cfa40ccf4febc58f8,efeba1682c831905380f80024010ef794da94319dc68aac67fd3d79f4d211c07,dense_v1_train_x2.98_family0/variant_0,10,0.6356696224212647,-52.29415834238163,697.0472512922676,109.71823954392806,-913.834395623724,-0.04688048621845977,0.32869513988494875,0.6873314973242017,0.3852420151233673,-0.00124570622574538,0.05176248401403427,4.039575365726057,17.358087369866787,-5.510009226097666,2.8603556156158447,0.004868755117058754,0.1189476028084755,-8.51417316365304,97.17541675590005,2.768958932829743,1,1,1,1,1,1,1
pi3_causal_upstream_000399,upstream,eb6d3fe94a44bace31a207e538b2694dddb6b6d339265f2aab8fd0f7c85cee3c,97f70ce2c9ef10cecb1afca618024249171589e28d6f4939185eb7724b22915b,dense_v1_train_x2.98_family0,3c621be578209e8f9d8e3f6eed50c7fe64a5ab4884758f8d8864df83296fd597,ecd011cf1ce2aa96feff36b3485c529ecb2359f9cf97eb0e1d12e8b01cd1ff04,dense_v1_train_x2.98_family0/variant_0,12,-1.1556805229187013,-46.31877076209056,-232.49898364907372,68.42825702996191,-1302.8180401770192,14.62316495871312,-1.026488380432129,0.9950844990378008,0.7267146110534668,0.037506233900785446,1.8908700942993164,4.356089320072209,714.2474707923005,32.85145796423922,2.882981538772583,0.005575009621679783,0.15859068930149078,-7.461179121011454,28.379601633490353,3.2313561111004816,1,1,1,1,1,1,1
pi3_causal_upstream_000400,upstream,b08dc87206f80e693cac97b26c73f2704c7307d86aa53df93d8a89b94177b2cc,c4622959a2b0ff042482c36d725e89d31fdd4d1d599bc1eeab105101d3e7fe3a,dense_v1_train_x2.98_family0,8b21ac70c7932959c4b7fe01707a87145b23600f01d1f3b73293e5634c45794c,a5f4961aeabd09ce7fdd5418fc852fac58e46e0aa46f226b6f6cc525cccbe691,dense_v1_train_x2.98_family0/variant_0,14,-0.2994093227386475,-60.10688046978447,-273.46856198907454,49.75531555618536,464.1720061821961,33.491923572815935,-0.18407547473907473,1.7689433308062887,1.685968041419983,0.05672181025147438,3.2197470664978027,-2.9826454265752496,24.774941978259445,23.267973436017435,2.932324171066284,0.007380735594779253,0.27337270975112915,-3.963370518269401,-62.26547979469696,5.259103758645001,1,1,1,1,1,1,1
pi3_causal_upstream_000401,upstream,4187727a046596619bd75babac669141a99af25cda2a3d2d8ce5ef2865275486,4ac18b30e4be27f6673830ed5ff5df525760960d5879725b1deb77dd777d9f32,dense_v1_train_x2.98_family0,0b8091d982a8f9d02afd860ec46fb2872c8f48cb057fb921f5a0decd310b19bf,9cf1586a4c2216837da1c287b08b2b65238a62847c35f17154484c1a3a856e30,dense_v1_train_x2.98_family0/variant_0,16,-0.24507708787918092,-64.80737567545222,-59.32389490409089,78.13658546338048,141.4811122035344,25.112112356182458,-0.5435377740859986,2.0643935516259897,1.5577775239944458,0.06799657642841339,2.4865176677703857,3.284445872788725,-12.212848665261884,21.78156547072446,3.004699468612671,0.01009642705321312,0.39960119128227234,21.670340962732677,-73.59485800496968,5.627972001639191,1,1,1,1,1,1,1
pi3_causal_upstream_000402,upstream,26c3a35feaf7ea1629bc68c733f4588d9be34aac4b8e4ca098ef964734713107,29bfc832e0fc205dbbfdbe1072c4ddf6103d33d0743ac779e85d128079b339d2,dense_v1_train_x2.98_family0,caf75f2644d838a82322e1f7c07a2f8ad3d8b22fef7ebd2cf575244d70365092,61de7228a387c905094f7e87d094d581febbfad144d4a3dbbe4e8be00c0c63b0,dense_v1_train_x2.98_family0/variant_0,17,-0.35161345481872563,-61.30468391434044,170.42767247210188,73.3491146288218,-490.54915856803154,24.376401573059603,-0.648748893737793,2.3181032684625236,1.2790241241455078,0.0762937143445015,1.3880716562271118,2.1178534045319557,73.89130187532658,25.70899254537349,3.032792568206787,0.011674109846353531,0.43404924869537354,28.0661113185124,-126.32389790690061,6.062126616176242,1,1,1,1,1,1,1
pi3_causal_upstream_000403,upstream,30bb7b588308ba4bb8262622e55ca9fadf47ad87b60cd603547c091c8149009d,55af151df1582149b1f4b53d8ca246066059c0a7a3280120bf71880a966547ad,dense_v1_train_x2.98_family0,9f770473fe9089e92d1ab6941cf2017c5c0e112a007487ea8a3ab82324c00817,1220b7df446d151e175a4e56e1e6b323c9d87a57577338e983e195e55c5ef886,dense_v1_train_x2.98_family0/variant_0,19,-0.18924266576766968,-44.8196501072049,367.36729794349856,44.80972925743545,-516.9964706570213,23.121249414358154,-0.4596150922775269,2.790534282732918,1.3041924238204956,0.0654502809047699,1.0579723119735718,-0.6324684201497462,-80.92255132393699,27.99714519091549,3.081178665161133,0.014715461991727352,0.4701248109340668,28.17382852436538,-30.884653766315278,7.17055240853561,1,1,1,1,1,1,1
pi3_causal_upstream_000404,upstream,d56249ad7aab4b13b137ee03e602b5060053e2c0ed8bd9cd5ddfc6b5965fd5de,1001144ab0720d20c5aa62a23672b63c0b735dc3000fbaa1487d15d8d1d97092,dense_v1_train_x2.98_family0,c28c7c36c35119bfa0b54a9c1c29c4df7870c362090e023ea540b7921a3dbef7,bc5836efa42ee042704b69d73f13ba0760fb477a929ddd42a9e427b331600ca8,dense_v1_train_x2.98_family0/variant_0,21,-0.15155900955200197,-24.357441542600537,365.5471071712035,23.00563440773371,-375.7007024668044,15.471962521927571,-0.3837017393112183,3.0649118970710414,1.4073008298873901,0.05709489807486534,0.984927773475647,1.306916570320566,-142.96370038553405,31.5747453442021,3.1345319747924805,0.017395246773958206,0.5045497417449951,33.36858183158464,-84.90102040225352,7.9180378947069325,1,1,1,1,1,1,1
pi3_causal_upstream_000405,upstream,793092b7c436e981f188bd0cff995ee894b0a61416a178ff09c2ded5d57d622a,81ad0f70774724332420307db9e9eeaca6802c6d31fb41345b1815ec5d770ec9,dense_v1_train_x2.98_family0,32388c2a25278834cdc1d1f7ae8f02d81bc0e201c5763fdc393d9f3313e611ce,c7b9d684d3341e0e13936818b86e8258b41dda803e1824dc8a82fad93aec6552,dense_v1_train_x2.98_family0/variant_0,23,-0.20330817461013795,-7.143182588728585,334.5146890923842,6.536831691387057,-312.7366309237985,8.104467384169407,-0.3805243301391602,3.3465366035061908,1.4826529026031494,0.047075092792510986,0.9253993034362793,4.2225706477426845,-145.58505868709324,34.144385453365956,3.1918673515319824,0.019592082127928734,0.5400636196136475,39.144107831477385,-73.53109135887844,8.751161964795516,1,1,1,1,1,1,1
pi3_causal_upstream_000406,upstream,ec513137f75df310cd16e7aa77dcf98b765a50e95ec7c117e5a371bb01fa29eb,c8c7196807502d348059b91dd4075d7e9fb21c4891678b70924020bcca229c7f,dense_v1_train_x2.98_family0,d1e0d79c13a3d68e01197f61f9562f0d03d458c8513446a3095f055d1bb43563,62608df75e79ade87a1bdb3928f3d628f8d9226d08b648f2dcd19de7bd45dc7e,dense_v1_train_x2.98_family0/variant_0,25,-0.27683572530746464,-0.09017840064229656,-8.09886948758594,2.5015691632350405,162.9995958629029,3.8891159468198024,-0.48529755592346197,3.681631713544423,1.6466790437698364,0.05434062331914902,0.8601138591766357,6.501569132249574,-59.87494090594918,35.02255995042742,3.254316806793213,0.021560991182923317,0.5759502053260803,37.78096941277751,-3.2995591604312593,9.894519988045412,1,1,1,1,1,1,1
pi3_causal_upstream_000407,upstream,ede9e0532d824e366d1ff93784a849651550ebaaba813207426ae75a03697cd8,f020d7cc99b1abcc59568127a84bfd2a8cebde38baf369e851152e9ba51244d9,dense_v1_train_x2.98_family0,ec2273ae1fcdfd2f85dfa5094d3fcbc7800830729294e65a8f21d4dd36dacb9d,a777eb05f1d7226cc09113606bb6375ecb522a3c65e33e073a8ecfc4ea1ba477,dense_v1_train_x2.98_family0/variant_0,26,-0.2971491575241089,2.337978448650419,20.053298799374037,3.7271292159174694,144.96176294419456,1.363115222823239,-0.46594938278198245,3.8354809765186277,1.6721693277359009,0.05211512744426727,0.7957340478897095,7.302041689765681,-75.65811471925797,35.647518844389005,3.2873570919036865,0.022694356739521027,0.5913646817207336,41.11915606772954,-89.8703245328963,10.37314541253421,1,1,1,1,1,1,1
pi3_causal_upstream_000408,upstream,eacb349a363d692c151282349197bf840d7283e21a2ace776965b344b4fc2698,ddabd7b57bcc9a5e6259863149db482d5e3b13e2c660778ad84e45515937c20f,dense_v1_train_x2.98_family0,2e37091c63c91098b9d2c28b871f0188e4b60acb23f292e57e73db59f0cc7d63,4c97c2abbf4a6646735bddaf21b97b28b74cef0512d194502c730b84cb587319,dense_v1_train_x2.98_family0/variant_0,28,-0.36485244274139406,4.435115462542903,-94.84473081484909,8.945626822012638,219.62292959181912,-2.595481620405938,-0.5422087383270264,4.139923458196538,1.7084029912948608,0.04362013190984726,0.6868907809257507,9.238810130814496,-13.243025607207397,36.998823960351835,3.3553342819213867,0.024799292907118797,0.6195997595787048,40.56631031102495,7.155250252331529,11.486541236764264,1,1,1,1,1,1,1
pi3_causal_upstream_000409,upstream,9faca2f3343fa985cbdced8ceb9e82cd461ad2f19dcc91983c65549c1f008de7,250d59f0411755135f07856ba7cb083f40253e6b8545cc502370218dc14a9481,dense_v1_train_x2.98_family0,31e3a93ad5e8fe32d4f70738e68d21949cfed16006d366033c090ca59fef0f3a,5c426dac7d02f49ace0493c99838e9741048886779b329a4e378c754dafbee12,dense_v1_train_x2.98_family0/variant_0,29,-0.36262034893035894,1.503127628050934,-50.833580444982346,14.39183183597863,140.52346504038525,-2.5132581258132753,-0.5372698736190796,4.290064431747814,1.6897857189178467,0.038750119507312775,0.5294682383537292,8.929547702932782,-17.2995253279231,36.373598689012624,3.3898274898529053,0.025679470971226692,0.6324413418769836,40.307114877306724,9.952602465121263,12.237962724262514,1,1,1,1,1,1,1
pi3_causal_upstream_000410,upstream,b6054a0d9e8abc6852324a712789c323fe504cfd717a73a69d1ec320f6f101f6,a656798a9754bf4a06b63767947721f3c67879633283ad7224b615e28cea39df,dense_v1_train_x2.98_family0,876e9c15f5d95fa4825a5cdb0ff7a092afa232f5b3390eea63a6f8e5e27b5236,dae650b957bf391c084981f9c87e65836efaed12bff7ef39137a1f1b5937a8e7,dense_v1_train_x2.98_family0/variant_0,31,-0.39306460380554203,-4.3631555776554105,-210.17195585613746,21.874756571760113,294.4762841023095,-1.027166751035832,-0.6172684669494629,4.58059197568096,1.7502588033676147,0.028005162253975868,0.47236132621765137,7.334630229843104,48.18100476382161,35.50278713587643,3.457846164703369,0.02685534581542015,0.6520755290985107,39.102774941715055,-14.306316160022778,13.889801934536012,1,1,1,1,1,1,1
pi3_causal_upstream_000411,upstream,de153e331d3e2bbb54bbf34a9199ae3d50f5415ddcfcc09f11d96a4513253541,01109be6d7dcce9f1f05cefef560f28dc71412b6ccd63f9c8e1bc4f78e1f9e0e,dense_v1_train_x2.98_family0,dde97eddef36e2d609ee4fc2f685d473f946950248be13d5f856a6d89bc5a177,eb98d09d16f311d6c33ff01f905a8132b7c01d25dd4650dea98588632d18cf5f,dense_v1_train_x2.98_family0/variant_0,32,-0.31698445796966557,-2.135726942372821,11.928315791043845,19.9488515465862,-65.11715207506899,-2.1975632240282854,-0.5729184532165528,4.717313915292686,1.654109001159668,0.008206347934901714,0.22298875451087952,8.227958355351888,11.938608886123054,36.72189394045367,3.4911720752716064,0.02726573497056961,0.6563426852226257,34.81471729398393,51.34566021762571,14.52027728626801,1,1,1,1,1,1,1
pi3_causal_upstream_000412,upstream,c40ce672b6e3c225e4074b11fab156e2110145dd171a8ec7b1e15ca13b81f5fb,33a00342d3da50a9f90960a7b7308b1e261d906ab44db146b6d6d2175f8d262c,dense_v1_train_x2.98_family0,4928377674d3dd7c028bae73fa43c6887a5b25b528bbab04091ea3ad8bbfb4ff,4e18aa862f6efdba9feefda6a38b569a25b33e38d438eb9d013bc639a3a4d8d5,dense_v1_train_x2.98_family0/variant_0,33,-0.40453926563262943,-9.205845930332723,-368.995751645413,27.96808102844979,466.5242140493218,0.11359064596155619,-0.6866862106323243,4.844328292895213,1.822951078414917,0.017823508009314537,0.4427797198295593,6.070324648433309,105.0747354366949,34.31057761625071,3.52693510055542,0.027585431933403015,0.6652774214744568,36.66930148384457,-24.834304859883318,15.433395554527758,1,1,1,1,1,1,1
pi3_causal_upstream_000413,upstream,1df93df460719efcdc2c3a441aeff687aad815ce644a802bdc31541a2aa884fe,0bb6f0b47a988890884b28cf2de9d15a784d01e1340c4ef4ad6433f4349e32ac,dense_v1_train_x2.98_family0,b673ff35aefbff7367b5266070d454d0a267231fbb27db90b762d1956c14ebe7,51971372dc286b4a612d5081ae0979f941abe1e6a98cec0849fd70694efc6fbe,dense_v1_train_x2.98_family0/variant_0,35,-0.34722203254699713,-15.506443576443841,-262.3124588478559,40.23954723094237,376.42546750001276,-0.09361106710008626,-0.6235353660583497,5.058639950657235,1.8298498392105103,0.015378137119114399,0.14579391479492188,5.050337921842631,53.396957270677305,28.63000319865219,3.5998082160949707,0.028608212247490883,0.6725808382034302,32.736263408792375,35.47229375632691,16.63496441766833,1,1,1,1,1,1,1
pi3_causal_upstream_000414,upstream,cbbb1889d071c945aaac487b93c544735db0b98620a0edddb731bc39f5c500c5,ced9ac07fbb0f466347a5344fbc4c55cb825b999750a894700174a8af24b5998,dense_v1_train_x2.98_family0,8db6c6fcb7d779e02022050e53c1d9627b03763b69de2fe8e9934ce0ff1a0ca7,3559aafc986cafa98e63f5588a2e1b3fe90c654198467945534b470a770759fd,dense_v1_train_x2.98_family0/variant_0,36,-0.27460253000259405,-20.5191194083162,-254.87012080366992,50.69312443489021,532.1177991397559,-0.44107397594130177,-0.5394999980926514,5.148809195766669,1.9291586875915527,0.026751618832349777,0.1743983030319214,4.425292369855955,-15.410892645049948,23.02718536211239,3.638284206390381,0.02922014333307743,0.676551103591919,31.154162785680224,25.689979006271468,17.110410176527488,1,1,1,1,1,1,1
pi3_causal_upstream_000415,upstream,d0ee4d04e23728dfc463e52fcfb499167c1c4fe07eccc0c5831db2b413ed8512,54c427e0cde178a5280367cde92c2590e907413e2e57f09da8fb16c0d937869a,dense_v1_train_x2.98_family0,4f18b2544e67c5d473772cd5e99dc2425b45d2f2d0d2fdce0a0c7b80c5660f2f,2fd21ea5235b8ec1740fa379624baa935ed4e15953fd6cf6799c61dcdf582175,dense_v1_train_x2.98_family0/variant_0,37,-0.39147391319274905,-27.807882356561727,-378.3156813716788,61.6765945448368,493.9174800176017,0.765709032964984,-0.674311227798462,5.237459271151661,1.8748892545700073,-0.002283343579620123,0.12824350595474243,3.8898524964774994,94.91017085728697,22.485833106233642,3.6765029430389404,0.029408719390630722,0.6807594895362854,25.09252016145565,104.5154453965084,17.727936907082995,1,1,1,1,1,1,1
pi3_causal_upstream_000416,upstream,6ae780d847b83a09e803841042eb89be27b5fefcc89db85241322b07efac5680,3110f87637a8621cf3859460f0992fa1f77f99e68edb930e713ad7aec9d6554d,dense_v1_train_x2.98_family0,b81b2ddfee9f825056cb56b34b913938e49da4815ff9eb34c0afdd9450b5dbe6,8ca27a8b58eb5a9ec45d39a4739d84cf11113c5d7115bba85ccd4769d8f9480d,dense_v1_train_x2.98_family0/variant_0,39,-0.2822459125518799,-46.988177112076,-423.46145593627887,91.98161796761728,794.4817029724403,3.2301958405619,-0.5588591861724854,5.398838101703979,2.0412185192108154,-0.024766158312559128,0.5327630043029785,2.6096577606241387,0.4325143653933585,14.831914584580892,3.756706714630127,0.028825463727116585,0.7005099654197693,7.788166743562998,-45.58003799202949,18.78144969357819,1,1,1,1,1,1,1
pi3_causal_upstream_000417,upstream,8535272ee268720584bba808182bb18d1ebb793147c57a5253478fd055c870cd,e44377e09ffda232bc17d7ad61a8fefea0449a76022c0d4fc1f6ddc707783836,dense_v1_train_x2.98_family0,dd0b48575a9a65b46fb8170da0e1e7b5fc7281e1b1cb290331b81b42cc762d63,93bc690dc62b114fef86400a40855a8a22661ce127c0e91bf17c692ddd632623,dense_v1_train_x2.98_family0/variant_0,40,-0.23713349819183352,-54.01864450402645,-324.9242292334725,106.9891828195361,678.7976961696671,2.4063684148257876,-0.5172593688964844,5.470537825864006,2.000823974609375,-0.02756388857960701,0.25085484981536865,3.330087971587101,-33.63889339817707,13.041648578586972,3.797497272491455,0.028394633904099464,0.7086809277534485,-6.298838018626194,-83.83990953355703,19.02244362411943,1,1,1,1,1,1,1
pi3_causal_downstream_000418,downstream,729653f60d3e195777d644db94ef25a71fcc9d94ecfde4e9478c576a31814a40,44c46dcd638da262723c6d3bd41c418c74ed7eb55ec3acb69872e267ddd62097,dense_v1_train_x2.98_family0,a1927374973adfaf583e0c6f183015c33bc69d547b45050ce97fd034e2a9b263,db5d9ede8a47f036071435f05ba4471d47696b9ff4d0a7a7dd828b0e09250db4,dense_v1_train_x2.98_family0/variant_0,41,-0.25449614524841313,-59.22229584018695,-252.23801178435713,118.74352173958867,502.63990479527473,1.4020123357061642,-0.5291800689697266,5.556452789842824,1.919135570526123,-0.02386825531721115,-0.22627413272857666,4.507789529085485,-23.867880903650704,12.483346354509191,3.836919069290161,0.027994027361273766,0.7086011171340942,-21.107142346793644,-104.0181324928506,19.2190341863112,1,1,1,1,1,1,1
pi3_causal_downstream_000419,downstream,e055128bbb6c77acaf5b11b2f6de466c86c9de5638ef5895ad9a904307dc9412,f217186ca6965d534de08b2dc5b7ecf516ca64484bbc203b16f0cd702a8809d1,dense_v1_train_x2.98_family0,b5ee4ea21b45290c63b0ef4836802572362a68a3ed0763128e4d7f005c7ef587,3a856dce62741c400449f7032b2ed258ea85f8b463a2e5363398b2f6db0cd247,dense_v1_train_x2.98_family0/variant_0,43,-0.37361188888549807,-65.66299347277972,-153.26224595570093,125.74087295934832,26.647762773204015,2.530332354361023,-0.6548866844177247,5.812180820889499,1.689968466758728,0.0044113630428910255,-1.592246651649475,6.25483623244568,79.01645043226154,13.700859163688875,3.9077985286712646,0.028033042326569557,0.6643551588058472,-41.616407499684804,24.64580871426389,19.917126148258856,1,1,1,1,1,1,1
pi3_causal_downstream_000420,downstream,eef76c0fc29fe9286673b95cc122290fcdb6c25058d41ebaf78047206f30be4c,780ecc3e6de2dfe8318709ede1e69efe2e154b03055f5386eb8e0c5a4a82fa63,dense_v1_train_x2.98_family0,41b0c2d60f8c885eadc9cbeed91d23279634a487a4b41e90c6963938c9f988b1,d0854ca522f52fb45dda157a661e66f7dd75f464f3f700c38e779ba260820a98,dense_v1_train_x2.98_family0/variant_0,44,-0.4183267974853516,-67.58550047884155,-113.6395809200266,123.79754753669629,-164.75237266808992,4.209966222985359,-0.7122342586517335,5.964201696791272,1.6103501319885254,0.02057202160358429,-2.1840980052948,6.062205261057456,125.94259576629548,14.953809555603524,3.940838098526001,0.028482915833592415,0.6249136924743652,-42.540648207603425,20.103633878462446,20.3798745010954,1,1,1,1,1,1,1
pi3_causal_downstream_000421,downstream,f2ec157248cae8d24a1411cd6512d77b56fa3d33ddeb7e5feca3108e9854c84b,39804a8461ed58ed70758e29fce5e950610591397b3666fc13c94d4e1bcfefde,dense_v1_train_x2.98_family0,de6f6017c2844f7fd8fb9f2d4e24810e46fbc97fdc3a1dd9019fce551e91deb3,52ddb2fdba79538416a6d0f3f083f88f6604ea69e4e26db75352369a3b02f389,dense_v1_train_x2.98_family0/variant_0,46,-0.3389555883407593,-69.96987853695798,-63.12561234706584,117.23443242360938,-25.428225666709068,7.7330121419398425,-0.6087527179718019,6.261665485165637,1.6964393854141235,0.01802889071404934,-2.3244829177856445,3.5791557288700817,41.21862069751785,14.593660510857921,4.006277084350586,0.029693076387047768,0.5287986397743225,-41.889109632486736,-5.871713419539916,21.36783442155898,1,1,1,1,1,1,1
pi3_causal_downstream_000422,downstream,e12d830985a0a4c3b51d184b321eec5063858bb1f77b19a20622802d243c18de,f1f592dc02e5660ed666d23ed14e2f788481bc3c31bd97c32c27ccfad51937fb,dense_v1_train_x2.98_family0,b79957f0cdfb9c3fd2cacc44b4327a5efa04c384298f8852d135855775fb77c6,ecdf926ae86258c1ae860915c9a551bcb370cb3b38bb249c0217e232a03c697a,dense_v1_train_x2.98_family0/variant_0,47,-0.36307319641113284,-70.43439970241054,-45.23690294850639,115.39586844244701,-123.83385682232408,8.469952808337892,-0.6423573589324951,6.384279051898192,1.6600643396377563,0.026819422841072083,-2.7088687419891357,3.236828355216335,68.72719391936586,15.309052816977765,4.039949417114258,0.03031883016228676,0.47729501128196716,-41.65424674768668,-5.0854002710600685,21.749757271560277,1,1,1,1,1,1,1
pi3_causal_downstream_000423,downstream,49a085fc09838396eadafd0ede32df96fd6a2ec1970b3dd4cdbca80c4523a9e6,7f529693080eae8ce69fa33e1dca5e55ce8f9fb709c6ae9664a1456f18f1d84f,dense_v1_train_x2.98_family0,d68a919b916eda046f088507d58786bb03d92f4d00f79c582c501bb1a59ff513,6c8994b898e052a19cce01eed71fc0287237f48e0df6d38d666a96063666a922,dense_v1_train_x2.98_family0/variant_0,49,-0.3417178344726563,-70.81469780520769,-27.24386753301688,112.09504292225495,-98.02672470386126,9.447521164380042,-0.6158951377868653,6.602364124743006,1.6793010234832764,0.027231665328145027,-3.057803153991699,2.2504487206630595,47.06267740044792,15.277335126019517,4.107687950134277,0.0316070020198822,0.36307013034820557,-41.4389762605208,1.5513602895354484,22.46724943728604,1,1,1,1,1,1,1
pi3_causal_upstream_000424,upstream,c04998a8393170891071c6d7bf3fbf06c01a84daf91fa56bdce39c36cd12c953,c0d3ee267b958abb998d0c57d89ae0cf1a721e5635ab3057b5cf0a44cf0707fe,dense_v1_train_x2.98_family0,021b991c38e0e8a0654de7a4023d413f39d4b1bd1a6b0260d0cdce8494354d1c,97509ddc5fa97c0ca66c75c7050db0ae658ee8915a4f4172754edbe6d9b12e57,dense_v1_train_x2.98_family0/variant_5,10,0.6863591670989991,-51.797453325559964,795.3291382031422,109.75746532033143,-902.127123537242,-0.35894462930437765,0.5441956996917725,0.707180607073295,0.35863813757896423,0.0045378380455076694,0.12169920653104782,5.411816292155447,-45.25223672319307,-2.579857645275373,2.8602657318115234,0.004972659982740879,0.11916600167751312,-3.1544991759517056,74.92570670436832,2.825489859961748,1,1,1,1,1,1,1
pi3_causal_upstream_000425,upstream,37c1edf51eaf8235deb37d5a1d12167f83705ae22ddfec3d4b96121809a16a76,b8db3c65db8b205d77b55a5464e484b31b54def682e4776fff6bea964cded2f6,dense_v1_train_x2.98_family0,8d472c21939f30d318e4c5379cdc4b1bfe06bef4588d922110187d1778d2bb0c,a7a7daa3d69db566bd9a77504d97272516b651f3a35f6c0d19abcbc0d2d83374,dense_v1_train_x2.98_family0/variant_5,12,-1.1403845787048341,-38.7424551422402,-128.99243915524625,64.59823528306643,-1351.3913949124283,11.434320942201259,-0.5556468629837037,0.9269018455734943,0.5300703048706055,-0.017613418400287628,1.8455616235733032,2.594829846822864,666.3170827445996,29.721677456337208,2.8751118183135986,0.004457271657884121,0.14963625371456146,-4.024954065147175,20.86714145219044,3.3940668220777845,1,1,1,1,1,1,1
pi3_causal_upstream_000426,upstream,9d7b141cf5ac337e13c7d9bfcf35cd4c7be01be29d2ed518780be128615c21df,59b436c7ae5a5e493b63fff3ca0d43529214cb007458d4f9c78649b6d11cbfd3,dense_v1_train_x2.98_family0,94fbd59833e7f86bf211bbdf513e610a618ceb16ab733d9818dc75dcaed6218f,0a6a51187349685ef87e59ef9a5bea940c8b5e1c4566ab87640b2f04f7a2bcfb,dense_v1_train_x2.98_family0/variant_5,15,0.04197085797786713,-61.15969948882858,-126.11591864667372,65.0514388250643,1097.316116882851,30.18454735238494,0.6799064826965333,1.9328560125683794,1.909314751625061,0.05548432469367981,3.5602211952209473,-0.2026925870875926,-344.97987761792103,21.260287140816377,2.9548184871673584,0.005863285157829523,0.3409689664840698,21.07969010897207,172.603169685021,6.339450618194118,1,1,1,1,1,1,1
pi3_causal_upstream_000427,upstream,41a4218e82e7bff183513532100e18b2a4cecfa4218995daf3362741c22cc28a,f2328af666f3895a79a66c8e243d5f3482c5b52f44908dad6776c26b7f897f12,dense_v1_train_x2.98_family0,78eeae4fd875605980a4913e0536a69b566663183e7978827673abafaf3e6b8c,4c94149901d36b2a24e2ad9a83432e4171ace169def14d84d6ba8ab0f30de9f1,dense_v1_train_x2.98_family0/variant_5,16,-0.2808101320266724,-62.71605371386436,-60.01162665161947,77.57304021534108,289.1407315679923,26.57168806595244,0.3203527593612671,2.136953104929771,1.5206130743026733,0.04637430980801582,2.713526725769043,1.4912138571477276,-50.68309430209404,28.078207583532492,2.9885311126708984,0.00685634883120656,0.4031978249549866,31.308463589219983,-98.09217840667749,6.7191551109799645,1,1,1,1,1,1,1
pi3_causal_upstream_000428,upstream,fb3369ce9bb6aa3d51f974d76c6c8d8a88383b92ff8450246a038950f7fb77fb,5513645d068135095c34bf86caa4bd4914f1d9ac5b7f7e9ba3ff02b1e794be41,dense_v1_train_x2.98_family0,48f57254e371980142c17d7588f832b1f84d7f18bd72b0269d374c38234bae3f,4ca1f632414b08b3ad540365e581253e9ae5ad36f3ef943ccd549a8e042a62eb,dense_v1_train_x2.98_family0/variant_5,18,-0.38474572181701666,-54.3337074700608,282.85821428638786,65.2355192533853,-619.3900221652169,26.04890882707334,0.1903051233291626,2.791964954680559,1.0504437685012817,0.038971684873104095,1.1254260540008545,0.020080942922822604,55.77174574319904,35.309144442717404,3.0368125438690186,0.00875435397028923,0.46816539764404297,34.363617450250445,-22.959030319479417,8.058539408310196,1,1,1,1,1,1,1
pi3_causal_upstream_000429,upstream,f1c3c8c7fbca067bc7fded04eefca473870af3c9f58ffc2d581ea6f245cba2a2,b5c8806a4024c243ad14b9d56cb35452ab0b0f50417ae460182bcce06d6f0ae7,dense_v1_train_x2.98_family0,a1f101e5416bca184896f6921f9759ed3b3cba16b24a2c0c368b2570ab91efb7,50be73d0279fbc56c08312d9341202b22495dcad5faf3b09f83ab3bf94bdd37e,dense_v1_train_x2.98_family0/variant_5,20,-0.17484193563461306,-36.44178446749686,451.73611683581385,43.33070301908797,-473.20840109563636,21.536202612412307,0.4431907176971436,3.3437356542660774,1.1809862852096558,0.038889240473508835,0.9292922616004944,1.3699441685992686,-151.21933637495013,38.165891553642744,3.0814151763916016,0.010425453074276447,0.5063296556472778,33.862708451994635,2.4907057473601353,9.349737583095463,1,1,1,1,1,1,1
pi3_causal_upstream_000430,upstream,de46b1719dcf8a11d84b51ee84459855d7b6e43f3c484be544da3c620e351a77,711efaa338837215b5e09ccbf68a7a846646f02234d352564e008a1574f9217f,dense_v1_train_x2.98_family0,94e7b65a7638bb041c5e8ad80f777e424c8eba79c5a1f0914ae4d34be109227c,f9e17a2c8585643d5f28b54fa8a87903d9281f43ca7abebc018559099ce6f08e,dense_v1_train_x2.98_family0/variant_5,22,-0.15018240928649904,-18.091875082968766,454.1192244787446,24.45646562518738,-446.49681532728044,15.034290418067004,0.46617715835571294,3.8913662044250463,1.254117727279663,0.0298017468303442,0.8049451112747192,5.543847263906379,-170.04832376559938,45.89447941084937,3.129655122756958,0.011761103756725788,0.540503740310669,37.63705391187075,-23.26091102041564,10.677313994503178,1,1,1,1,1,1,1
pi3_causal_upstream_000431,upstream,e2c8a62290c110d7fd2b9143c47f4d708367cc792fa1479724d1e3506191d9d8,683a737c9f1d847211e61ca2f887e6ef3eff45b95cc5ddac4c53ff6c6db7b5b3,dense_v1_train_x2.98_family0,566c05b6592290d596906637864ef472c2a964cf95c829d85f0d3c3d639cb329,a1e3909a5494b0b0921bbafc76a4ac5cea9730408c39c841ba16f0c5f19defbf,dense_v1_train_x2.98_family0/variant_5,24,-0.1136566984653473,-7.72662759291483,354.0841646117112,18.105682310375947,-179.33251794212768,9.736317741742505,0.5018003368377686,4.5457402801022635,1.4354175329208374,0.04284309223294258,0.7288400530815125,10.332547105628855,-199.18334261374585,46.908991313933456,3.1852407455444336,0.013178019784390926,0.5756602883338928,38.72907480165615,10.257304887958348,12.228415137637748,1,1,1,1,1,1,1
pi3_causal_upstream_000432,upstream,cb36df89cf4ec46636659736b2a341f55391348bb2decd2d532b8e8c1a484583,9669b24f4c2564b729a16b253de94475c39a6433f9dbcad35f3fd7fbffb821d4,dense_v1_train_x2.98_family0,f6bf2346d62a00327a0f45f0b29ff46458547415016288d74d546e7c48c6a782,428c896e5c5d9f6b02c7911147d7dc3f9207fce095b3126b4bada9c5335f130b,dense_v1_train_x2.98_family0/variant_5,26,-0.1604458284378052,-2.226340714213853,246.52811024200986,18.82768453206507,-102.22455213756193,5.432588749782479,0.4352565574645996,5.273745554691081,1.5083751678466797,0.04085621237754822,0.6078346967697144,14.614330370833672,-144.67203997998095,49.30255597648355,3.2456536293029785,0.0148299066349864,0.6064460873603821,39.628310187023345,25.31826474371374,13.87268781317997,1,1,1,1,1,1,1
pi3_causal_upstream_000433,upstream,e3cf7c507e21cfd6a4053eb0db6b5e733840f48b7388dee93e1f60fe4e6b5205,17a5f7a521d9429b720328edcbcdf45db59ff8b8e0ea96f29430166fc131cac8,dense_v1_train_x2.98_family0,586827ea986cb632056cc5e91f89ba3d12a6d6e98f6b779ed30e28c0effa9b6b,4aa384548c2bf975ef9f15a68bdc73ac31ebac5e00a935d43bc3c11f3788e3c6,dense_v1_train_x2.98_family0/variant_5,27,-0.20444406509399415,-1.2660991463971583,150.28392830773853,20.604672650312487,-10.945898093096,4.122515864919451,0.38598824024200445,5.662126775100279,1.5608125925064087,0.040693655610084534,0.5734144449234009,15.727212365891578,-104.32601693006725,49.41106719182755,3.2769947052001953,0.015627771615982056,0.6200085878372192,39.32522395769861,40.7701299860473,14.781045285013398,1,1,1,1,1,1,1
pi3_causal_upstream_000434,upstream,0d69d68ea0bda48bf820c8e37be369cd07315acdeb3cac45a439fea77ef0a475,f2fede04f83c5b0549667ae82bcbd984f1f0a1f77db260a5a7bc059324d9f7ab,dense_v1_train_x2.98_family0,37729f7986008e7112789d4f66847c8bb0c4761877c7d6f8936baf72085a4296,091fd49d63bae25f4af62b76163785d2ac3591640e1af8c874cc42ad3cf4b59a,dense_v1_train_x2.98_family0/variant_5,29,-0.23835710763931275,-1.9416503187580822,77.25161151300028,27.40048206313798,109.9008105004425,2.2387418659785348,0.37494386196136475,6.4267934461588885,1.67100989818573,0.04711148142814636,0.45899519324302673,16.018364547189005,-95.30803620662938,45.17910930284433,3.342546224594116,0.01731126755475998,0.6434582471847534,37.83665252998603,61.401624789230425,16.58711061268824,1,1,1,1,1,1,1
pi3_causal_upstream_000435,upstream,2f7545f243a2ab3f52a90cee6859a9462fbee8916a08a5e7294416f3162abf09,ae8052e5b4196528f0143af3e51e7eb92ad58c2aea1dd3b49027a886d7196719,dense_v1_train_x2.98_family0,e7f2c4ec01c492d383e6e37da152412d29a303de891af1638f7d8fee1f3403d1,6f8f458a4121bf234a518e82df5b9406f2108eb065cb1a2cc727874463cae34d,dense_v1_train_x2.98_family0/variant_5,30,-0.2550456738471985,-3.8007953674369954,39.10007018680373,33.004122937472765,168.1481924592585,1.615719617123199,0.36636919975280763,6.783120897439834,1.7212920188903809,0.05012188106775284,0.39451834559440613,15.662170181972838,-88.34664593284987,42.08952445820783,3.3771955966949463,0.018227647989988327,0.6542330384254456,37.4821144856436,49.358177621989554,17.43459206722395,1,1,1,1,1,1,1
pi3_causal_upstream_000436,upstream,e146466c91acc362a4bf1300b44727415e8dfffbc476082dd5aea8ffcae8550b,7055aab427f1210fb81fe39842d663b12bf3740257ef318f9fd5fa323102a415,dense_v1_train_x2.98_family0,f365ad01317fed617181fb1eeb22c19199cfa7a825631056789a8fd851f31cb7,069401b3629d60ceb90d20b7a18c697e397adaf229cb71088450a3860842d965,dense_v1_train_x2.98_family0/variant_5,32,-0.3048164558410645,-10.854331723309164,-84.7058067655854,48.3007687158232,378.1883939663064,1.3858350606542735,0.3474944353103638,7.434377229733949,1.8774540424346924,0.05864790454506874,0.37721848487854004,13.338771198992635,-72.84493055485896,33.348531811276075,3.449939727783203,0.020065616816282272,0.6741217970848083,34.80670889718209,64.95318655385366,19.045452296637517,1,1,1,1,1,1,1
pi3_causal_upstream_000437,upstream,bef7b8aab45e3ce0da4162b8330c9c561f41090d58a09e16d117e51b2dbb4b1c,dba9573e51d3bae9ae9174d854bb7b1e150cb14af843cad38110effff0611fce,dense_v1_train_x2.98_family0,aa7e6be3687dcf524c6121b9bd737ecbe3704c62107aabe264c438e5f1c1ed1c,87278739746bd470317eecd0031366f427c2b97e0d59737eec4eea33dd416f7b,dense_v1_train_x2.98_family0/variant_5,33,-0.3737515449523926,-17.527088448047706,-215.1660535734674,59.75453150107102,509.687457905434,2.258007504989831,0.31147271633148194,7.723362373711493,1.9681471586227417,0.05057324096560478,0.48276287317276,11.873626466359553,-21.09332487410271,29.288011670460172,3.489091396331787,0.020900657400488853,0.6862788796424866,33.38463960632335,62.37816425562383,19.847458778580442,1,1,1,1,1,1,1
pi3_causal_upstream_000438,upstream,a3ea78d5a550a53f252db371a411c317299c4e7ef44f5c993c3ddcc3140d2d22,bd39cf32c70b4d32f774098cd1180347462a1b76193a38d9dca310410fffde4d,dense_v1_train_x2.98_family0,e407d9bbc851b5e574573f3ccc7140e81ed561b8f92f972831714c33038d8f2d,65977323eaabc9a57e26df7314f8dbea42fb296747d3218f2d683a22a772d326,dense_v1_train_x2.98_family0/variant_5,34,-0.475190715789795,-26.620440308976672,-354.62314849949524,72.85464991404788,593.2625268539238,4.345826114593305,0.7097653102874757,8.00761100298749,2.0328328609466553,0.030398158356547356,0.5972384810447693,10.393687543984225,53.8136636968452,26.145918039031912,3.529691457748413,0.021397558972239494,0.7006983160972595,30.510369645082335,81.80992267071588,20.752103340493314,1,1,1,1,1,1,1
pi3_causal_upstream_000439,upstream,32aa227f288408c3258f19a52c49309d4f8f0a5e288787fe38f16174ffd9a9f2,20bffbbd43d3e87d8d66ba16fdf3fc480b4aa448de295f499359b5ae2e3c7cba,dense_v1_train_x2.98_family0,367f988e6b9bcf34f3d85abc235aff816b642a8c7bb6d40fe516612cec062e7e,240a92101ca0e147601285e688b6e455cef24d9c5904f414ac154d184e7dc523,dense_v1_train_x2.98_family0/variant_5,36,-0.5049013090133667,-47.598075438917704,-346.05724433684213,100.69156398967675,655.5076253641374,9.771152931524949,0.754845781326294,8.623564306075808,2.1464591026306152,0.013731496408581734,0.6081819534301758,8.866310396502218,16.923718074505242,19.495461881933462,3.614008665084839,0.02135770209133625,0.7326786518096924,14.203603775284126,73.69811680484193,22.613969075405265,1,1,1,1,1,1,1
pi3_causal_upstream_000440,upstream,3b911e3f3eddacc0139aafbabee75ec1fb20e320d577aface5e1a55f934d2293,f774889ee3e457ec756e25389888244f8c7510d26c169f43e2b1643939bb165c,dense_v1_train_x2.98_family0,66038a62395fab556674175f30fd20512c717b9d6f912b98651dbbcead67bda4,dac9157b3da87046866ca394b908f421760f5546d086b79f8b68eccc80466ce9,dense_v1_train_x2.98_family0/variant_5,37,-0.46761787891387946,-54.26629008785819,-243.0067105927614,113.24133308009067,564.1080009855077,10.074044793389296,0.8052048110961915,8.899676188154865,2.1026344299316406,0.01740938052535057,0.30252930521965027,10.438956330255778,-24.310268841097844,17.224926001808218,3.656595468521118,0.02151723951101303,0.742987871170044,4.632279545105899,83.87245538495213,23.081817494332718,1,1,1,1,1,1,1
pi3_causal_downstream_000441,downstream,33811333ec2b0119c06cc71fc845ba983a3960bf9fdd20563fb1a688045e90db,a8f26248c57f71f114b9119dbe61e58c643225b9e16a7bd3731f95f32942b666,dense_v1_train_x2.98_family0,5c0d1b64f2575720f124f6cccf305e60418e6cf105e2bf80ffd10a1153137611,9f3431b23a40a04e1c4159995b1952fa6b8bdf4eaffd59e29e8691d5fdad032f,dense_v1_train_x2.98_family0/variant_5,38,-0.47361431121826175,-59.03367333606788,-166.99891750875548,123.10753450598493,416.5959410278788,10.013446685256195,0.8031067657470704,9.198560630282335,1.9919601678848267,0.020518576726317406,-0.15013214945793152,12.775604172678513,-22.59908788795621,16.064227559918347,3.6973917484283447,0.021736694499850273,0.7451567053794861,-2.30171270547859,132.4901517084531,23.448394621750744,1,1,1,1,1,1,1
pi3_causal_downstream_000442,downstream,740d67c22cf896b9510bf9a7ac757adb57de1ab0eaf3c2286d84932468e573dd,c86dc784351b8a0998ca3e2d16f661ba0fabe14eff6f656bf5aac79d86e856f2,dense_v1_train_x2.98_family0,0460ce6683661e66e6637de9a5aa7d5471bd4a76e954e06682349de2b21b90cc,bd725ecc9f2e660d7fe808bc0dd2998dbeb7de5af0b64e7f9378ed08211e653a,dense_v1_train_x2.98_family0/variant_5,39,-0.5911296844482422,-62.04011770303239,-91.40265698262115,127.23526370823375,-0.45271198182102673,10.79946523648522,0.6821412467956544,9.590574710875554,1.6175472736358643,0.022135522216558456,-1.170727014541626,15.555036957293897,76.42515862342873,18.166720295893768,3.733285665512085,0.02204584889113903,0.73224937915802,-23.869561130186526,-114.16310808971892,24.00171976293386,1,1,1,1,1,1,1
pi3_causal_downstream_000443,downstream,048df70c48fc13a66906c1f0e54a6dc286eb2385da2d2d8476b85cc8a644693f,5c1bf83e6ec46a0eb831ebef00b358c700dd55c8ef93f8ebb49020031199bbb2,dense_v1_train_x2.98_family0,49d1c30e3a4ecddb8cfec03b659403566d0242b9db4ae068bd58cae546ce6068,4989c96da110214e51a83e118aed54d69b0666258f84e92177cba9a548be7bd9,dense_v1_train_x2.98_family0/variant_5,41,-0.4532031297683716,-65.24875615999679,4.2084044085172545,127.97344323297204,123.59489582402202,13.162363731601477,0.8163442516326905,10.455130640766194,1.7560956478118896,0.04249218478798866,-1.3851406574249268,14.892930371983908,-33.408142287257355,16.537887518480392,3.7987101078033447,0.022932806983590126,0.678978681564331,-34.04348306875736,65.4471390044398,25.202085644486143,1,1,1,1,1,1,1
pi3_causal_downstream_000444,downstream,d276e2b763a151cace40ebc99155e0c119d676d96c30747f3c43f59be0136670,a09153b05731da622e06ecaeaac15648420151e515f6a9acf19a448774f2a763,dense_v1_train_x2.98_family0,a87cb6297971ef0c6f76b9d1b3e5492e8d8035605d81b14006e540836d29cda3,9774f502e2b7699f3fe6f046b8a22c6744687e87d702329972c75d66bde3a38f,dense_v1_train_x2.98_family0/variant_5,42,-0.5915022563934327,-65.85723039239654,-2.956570965975314,126.48652471103861,-251.5765762651331,14.356028299174927,0.640876750946045,10.91540402606332,1.4003351926803589,0.034852493554353714,-2.270495653152466,15.704869109569174,110.23009392032881,19.162123037227452,3.8298678398132324,0.02354203350841999,0.6424477100372314,-35.73391732229508,37.271608055423805,25.820917949598286,1,1,1,1,1,1,1
pi3_causal_downstream_000445,downstream,fee03e213f391d3a9376e6169421a76ad658daba3f69bb0c752efb20a2201316,ab841403d1825e6aa0b1524e66bef2f5e203f83c13261bc8a50593cc94ab72e5,dense_v1_train_x2.98_family0,4a74065cf9542fb911905d149794e4adaf2da93dae093f9e1ed2e17fc7154cee,cb6e14f35c00afdca182ab51c91d40a710466e3381861ef8e7347c6f22730762,dense_v1_train_x2.98_family0/variant_5,44,-0.5236515045166016,-57.565558324919486,127.16918845820305,120.07512175979602,-322.8533431978813,11.56635772410872,0.7234814453125,11.524850527138247,1.3453550338745117,0.05257459357380867,-2.856511116027832,14.733990162450418,42.64315227157239,18.200138703955346,3.890357494354248,0.02646244503557682,0.545066773891449,-35.03203342280623,6.215871283891226,25.948072820997954,1,1,1,1,1,1,1
pi3_causal_downstream_000446,downstream,4fbfdb315a31a16dce21f64c2d36dd13c2266374d3e7344ee14a42fdd96d2bf4,38ba8371121fda1f5b0a7e3766dea41bbaea44850d8a59116449c257ee3144eb,dense_v1_train_x2.98_family0,2e6a359a16490cd2c59893f6d5e50ee3b848b9346a5ec61fafb46ca5fedd5fca,fa65905b8b99cfd7e819a5471f3465453c930e7b02084a162f16792e84c56d5d,dense_v1_train_x2.98_family0/variant_5,46,-0.39077242851257327,-50.96061854845,119.15961686382586,118.46580624793596,39.10147720577275,8.053156705243117,0.8781937980651856,12.062246267828938,1.7148014307022095,0.06036318838596344,-2.5679945945739746,14.169089975634405,-83.9913826387804,15.148398229962602,3.9556944370269775,0.029043346643447876,0.44291186332702637,-36.21560616822647,50.80907714133493,25.86753342605499,1,1,1,1,1,1,1
pi3_causal_downstream_000447,downstream,e4c9b0e6caaf0d80cdb4791d7d570b1334f0ff930189f517ffe670c01b09b31d,ea4651d03b4fa83582e8dee796c55cc8eadfcc24d16987a74c1684bef8c10e71,dense_v1_train_x2.98_family0,630baeb5569235f857176e5b078f31ae99e928f79bad03e29fe0587720096122,2ef18cbbb831003826abb6118ea39bb52fda7690a63182aedc6df0b1593f7bb0,dense_v1_train_x2.98_family0/variant_5,47,-0.34874269485473636,-50.179764001777464,79.96167348131043,122.10101050913516,245.93448484086574,6.500358663169208,0.9296728801727295,12.346173644901006,1.9346373081207275,0.06021829694509506,-2.3455874919891357,14.707248264302526,-126.126013666267,13.495216681931778,3.9926700592041016,0.029984649270772934,0.39582642912864685,-35.895406899936276,5.219720636843424,25.83260249372146,1,1,1,1,1,1,1
pi3_causal_downstream_000448,downstream,5bc5c9f94134a32b31183e218faec636f8e9f75735713b63cddd85d098b74803,d93cc7f979ee90c02625f7a8349777b9cf7ead93e9744a34b24718f364ce088a,dense_v1_train_x2.98_family0,457b94cde79cce499e5320046cbfe4a07071c37ea2b6812cc5001462e2fbfebf,ad17a399d73a576bd4250f5bc81fb86e61a1c7fd2179f35c032ed5618be27f43,dense_v1_train_x2.98_family0/variant_5,48,-0.4260531091690064,-51.627443086929176,-36.658970822724925,127.12688226648399,221.1560748340552,6.01863276263493,0.8190505886077881,12.685794946867848,1.8904963731765747,0.0359528474509716,-2.510277271270752,16.513061488394687,-35.58960567041647,13.471205151904597,4.030833721160889,0.03052423894405365,0.34890982508659363,-39.54456523760982,57.94722246555063,26.030300576875607,1,1,1,1,1,1,1
pi3_causal_upstream_000449,upstream,e0da367c3bcafcd918ac2f2e7eccfbd95f6e64037186242fc8cd75f9f50509da,726c673b517a27db93aa22cf466911afe2c2f546f82d77a0e77563b0351719c5,dense_v1_train_x2.98_family0,675df1c2d5654068c39a227bffc94db713f71d0a620cb83c788285c7bb812043,93a2938aa0ec1b8a2deca81056df6e10daae97bd7aad9d4b60d2ba4ebc9d67f4,dense_v1_train_x2.98_family0/variant_10,10,0.2688941550254822,-52.04850375869295,721.1163461537723,109.73295860158943,-898.1470903456055,0.0010113093654369257,0.24782649993896486,0.6959697557282064,0.3023075759410858,0.0018107467330992222,0.09358362853527069,5.721730576216076,-1.5171765801217096,0.7704495005239638,2.8581552505493164,0.004791491664946079,0.1189563050866127,-3.1638465032742795,79.80081569616746,2.8427759448274244,1,1,1,1,1,1,1
pi3_causal_upstream_000450,upstream,a9df2a6bb6e5ef7c8f8b14feefc90f9a4e4d6e294aed8d46b6fdee9a16ae8c11,7b4452a814e8dd7c4333be01fc024775cffb948da166e1f4f6f4970590c9e5e0,dense_v1_train_x2.98_family0,44d755342bcbe4d666756fabc24b276742dd1a09805d70bdceb6cdf31f161ab7,eaf0fcbb4537c8c58d2299706dc7fe0f241fb8c6e07f1626af95b35b47cacc33,dense_v1_train_x2.98_family0/variant_10,12,-1.3054579162597657,-47.89349819599368,-245.410418086229,69.42080645976984,-1324.3949902556828,15.914008049682145,-1.161365432739258,0.9575732120055938,0.5804667472839355,-0.01875629834830761,1.8528834581375122,1.6892492157167236,744.7612043055491,11.47404161689359,2.876492500305176,0.004735245835036039,0.1620640605688095,-0.8722818047158888,49.433856117993294,3.2672725582128326,1,1,1,1,1,1,1
pi3_causal_upstream_000451,upstream,b22b181d8dbd2d385bd229751edce90ab22719bb9ea9035b13faad3d113e4e22,7882608e5c87e049dc8da97b276ae263f4c5ea0b80d85818530f569e483fc310,dense_v1_train_x2.98_family0,c733c06e82def2840211e98925d596c2345e449b9599ffbb915a0eb7aa30ed2e,919e106b08fea33268178d13381204f7576ce9ae592117d5fdaef49d5c54b259,dense_v1_train_x2.98_family0/variant_10,15,0.009797549843788148,-64.90683005995677,-83.74393854552918,65.78203683982387,1021.6227583874759,31.590443737717838,0.8256927299499512,1.1708729858846714,1.8312770128250122,0.000514425162691623,3.3518776893615723,7.226480160751476,-361.7265725570652,-14.971650009715598,2.954838991165161,0.0041814385913312435,0.34017854928970337,22.49276916333579,172.7219056935525,3.3167080894986505,1,1,1,1,1,1,1
pi3_causal_upstream_000452,upstream,ab2bd17db67ae9f4de68153a799040c5e8998962aa709c43f8942789109a98f3,2fe19da90f497e67226d69e47e145a9f01e751db95b322800330b83402659688,dense_v1_train_x2.98_family0,0a659936ac6cd8755924c243bd51ea912825151d5ab9858b0fb5bb1dcf5492ed,ac4a35b37f7c8bbe948e5155dcd0b6e6fe7d8e5f962de26724a84d069f6e4644,dense_v1_train_x2.98_family0/variant_10,16,-0.2967688083648682,-65.74097374253375,-30.19581552814115,77.19442233907976,279.0260956714172,27.618422854925935,0.48502738952636726,1.1043114707898587,1.5046356916427612,-0.0045110988430678844,2.5652570724487305,3.7399981460874194,-82.86496833142941,-6.724557733177565,2.987510919570923,0.004120049998164177,0.3984507620334625,32.41384091392734,-110.32807981416181,2.9496684111964933,1,1,1,1,1,1,1
pi3_causal_upstream_000453,upstream,17b1ee0b1c2ea1527c0602724c563de8e58099df1a3a2416845d13476d80d558,65ccb6d29d6d24b441e14959a456198b4514a5b67e27294974dc9e7c97191c7a,dense_v1_train_x2.98_family0,16328c029ad7002e91c3723fb65f1e741114a7210760e73fec0f22ffcf85454e,b1be34da0b21659f5bd0919b770993b545a675ee3f03bc03b426e7e3c13627f3,dense_v1_train_x2.98_family0/variant_10,18,-0.4686364603042603,-57.59304983632879,280.54168732748633,63.5547394722394,-723.6535155436218,27.45294389864177,0.27058656692504884,1.142400748905532,1.0304995775222778,0.0012125634821131825,0.9524205923080444,2.569956432299793,92.6432857132731,-1.8606421407676155,3.0358386039733887,0.00415355060249567,0.4582865238189697,35.47579081318196,-36.84119002449711,2.7355197650099066,1,1,1,1,1,1,1
pi3_causal_upstream_000454,upstream,32ec4b60c07c9051466de7bd9be7157d6f4df7a7260cbf5f182c3227baab32d4,fdf471c780cb864b06a067d148c6806a4c7dc86b763f183809d41dda14a307aa,dense_v1_train_x2.98_family0,f62af870494287130c97c8490b8aea17f17f9abc98a57d41e12df50949d2e87d,3a225e77f4ae36deefabfcd84922c76d48e18e58c96583f8b1c9260fab485eae,dense_v1_train_x2.98_family0/variant_10,20,-0.2291609025001526,-39.713632910135146,435.1562151162014,39.272877387899634,-474.46706835588634,23.631033858501784,0.563202543258667,1.1178812417893815,1.192771553993225,0.0029637953266501427,0.8520011901855469,3.5439966897872064,-146.83207364461916,-9.18319019285579,3.0801985263824463,0.004291194025427103,0.49121734499931335,34.92176001865637,-0.4406530693979576,2.359050288692965,1,1,1,1,1,1,1
pi3_causal_upstream_000455,upstream,b3a7fa6e4ce9ac966c92c10ebe9d9da86fa7f0216c02378e8e324bc972bb790e,281529646305bff9f5bb82c6058ef9889d832f424e07867b875d5a8501a736d0,dense_v1_train_x2.98_family0,f5959ffc67b0e45b718175b1b952baa9dd218bf89da9f66308252a43ddb876fe,36cc031bb9d54a681489dd94539cca27fffc2de70201dfd31df560ca41fc5b50,dense_v1_train_x2.98_family0/variant_10,22,-0.18962441682815553,-20.498680067224935,472.30523152130723,20.018905381808437,-461.50156614126126,16.32619450041269,0.6125509357452393,1.0213936815980298,1.2536603212356567,0.0018310117302462459,0.7025773525238037,2.298880097963739,-187.1876726197492,-12.78998598974962,3.1287553310394287,0.0044148084707558155,0.5209095478057861,38.84699118748725,-27.603657992831053,1.7007229436192746,1,1,1,1,1,1,1
pi3_causal_upstream_000456,upstream,a1233339c0723ecce7e22974bff45bd9c4500325e0f8761cb0e53045111005ff,bb4004dfca4809bd269f14f8d48f814f80e3eb65f6a89c65c78c7f111c6ef5a3,dense_v1_train_x2.98_family0,fe47aefaccd774fa3fb0d7748b4423938d92a0ac4ce61c80f45313271a9b0b27,7f922b5560b86ecb3e60debccfa4945e3851877873091ec83f02ad0cf64ad3e4,dense_v1_train_x2.98_family0/variant_10,24,-0.18178011178970338,-9.654847198443727,366.3527143234282,12.468582900618209,-240.12945242375852,10.940816341600112,0.6190492820739747,0.9177270600598344,1.3971871137619019,-0.00010143360850634053,0.6361024975776672,0.48262746333374207,-192.51388145528185,-16.8713629669698,3.18346905708313,0.0044152685441076756,0.5518852472305298,39.758930724710666,10.69194397579211,1.015146759567934,1,1,1,1,1,1,1
pi3_causal_upstream_000457,upstream,35e3ae01779d07bcd10fd209df0bae0e70bcb8d2b990b6688ae53be4a3a7da35,32dae11af04b6590d75e475dc0dabd5c72510fdf552b1bb531e8947826b71b83,dense_v1_train_x2.98_family0,1c61a535a237af5e5ba74f12a6df240de213027ab9afc3cd983a749af1a876de,a4a394a3260edd02f229c9630bd0352d65bc83d197a9927ec0e933a0cc356174,dense_v1_train_x2.98_family0/variant_10,26,-0.2661283373832703,-4.004413551878831,162.898440761295,11.175998628497268,-62.03280257043131,7.195080669097691,0.5065903663635254,0.787356822019059,1.4928209781646729,-0.00608026422560215,0.6178955435752869,-1.4837117481181148,-100.47545680433755,-16.92431742360491,3.2421202659606934,0.004256569780409336,0.5793633460998535,40.805810894271445,22.93300217609979,0.3082502934331605,1,1,1,1,1,1,1
pi3_causal_upstream_000458,upstream,d9d1cb311e403b7d1c408dbe43b91d7a358772181da4c9b386c310b26c19fdc4,5844eb39b25bb656ccbeae775e900a35324c37bcd4529d0233c3d96c39171a18,dense_v1_train_x2.98_family0,65e1e72f46578fac12456290ebc9cda987374d812bdd68816a1f0e921c741eec,01cba4883c1cc0e5b22a474e76a6a6dde6977e469a2af8bafa4e20b7f4b8de47,dense_v1_train_x2.98_family0/variant_10,28,-0.282915153503418,-2.160646247229378,154.64848748926838,12.948224397345891,-60.47741823225766,5.260413479929914,0.5001542377471925,0.6247252505453343,1.5426234006881714,-0.009990156628191471,0.45092129707336426,-3.218775311466345,-95.24687869280109,-18.299437701656284,3.3034017086029053,0.0038994206115603447,0.6024918556213379,40.45022441589141,40.72862634155572,-0.37133122845251443,1,1,1,1,1,1,1
pi3_causal_upstream_000459,upstream,686ea7d00758eb420ab5150dd2df724fa7837a518cc0507ee1aabfcd1c7b5db7,b60de4dfed466ea92d05c0562a0d6dbe54204936e00416f5f89c99a413e7489a,dense_v1_train_x2.98_family0,f182c9750a77917335090b253266847cfe766a550e6bf4767240722ceb4c081c,d53c417695e8f7af72e3844bbda5c6900b4b53d33a1c95368eb4b74ae130c1d2,dense_v1_train_x2.98_family0/variant_10,29,-0.31251312732696535,-2.927818644333911,61.53704694990427,15.929037625676285,67.32710076216163,4.800339694499593,0.4718134689331055,0.5233098217889715,1.6178489923477173,-0.013772917911410332,0.4645734131336212,-4.130823704829665,-72.02336125054397,-18.921850642604745,3.3355355262756348,0.003635853063315153,0.6130345463752747,40.3409208986037,44.117950622823635,-0.7187338658618293,1,1,1,1,1,1,1
pi3_causal_upstream_000460,upstream,318f82df6c73835bf65a089b85303f6b487a3c5289177bb4d15d3afd332f45e1,71a1a3293c1d53f618781d78671b25bb7ddb8e455c6bb94d3ce04c1ef893b62a,dense_v1_train_x2.98_family0,c1b7d6f33dead38cdfd1b1e2d474452ede9ac3b0ba6b5ea5cb0c21ad6df63b88,9e0cf63070d14baae008176aeffc1c4eed31fbdcd60027ede9eb91884ef450e8,dense_v1_train_x2.98_family0/variant_10,31,-0.2992957353591919,-5.03584767551845,114.4054363712818,22.457691019305898,26.18074175851522,4.078607835484313,0.5049722051620484,0.28613054892022977,1.6513453722000122,-0.017415199428796768,0.21046268939971924,-5.441477669286697,-99.09513021459134,-19.877431673529962,3.40151047706604,0.0029637760017067194,0.6296889185905457,40.09904682462062,38.74225365165969,-1.42451266965395,1,1,1,1,1,1,1
pi3_causal_upstream_000461,upstream,3c18e79faceb34dfeb2d0be63ff860a4ccc05970b07a036b8624ac5b31ca20ef,fbbbf9b5d0a0e7f27dbcdc20358bf736cbfdbd19999c9cf83c96dd22371719de,dense_v1_train_x2.98_family0,f915da6fa5d798b2bf095cfa7fd4161d494a166949ba6e97ef59bae7df2ce59a,8c15c262173c0ea51b00e6c63abeef1b713d33a3b57c04b273cd56400e73630b,dense_v1_train_x2.98_family0/variant_10,32,-0.3253608512878418,-7.177197784568895,19.6626819882883,27.72562126574539,159.17008638019516,3.7668700130449015,0.47793757438659673,0.14651427879397205,1.7281715869903564,-0.02219340391457081,0.2289772927761078,-6.212393010056397,-76.94284598138069,-19.80199223414717,3.436108350753784,0.002528222044929862,0.6367279887199402,40.24172606128761,36.99753646969329,-1.7933649264725595,1,1,1,1,1,1,1
pi3_causal_upstream_000462,upstream,e1519d591326910a8befebdfcd4273c2db2b8e1e515c1cdd9882bf96bb8f4dbc,84721bdff787a841fe71da6cdcc2bcdcb57ef6cce42d533e712e3d95c6cc85b7,dense_v1_train_x2.98_family0,a2e04a25a40b9625b40827930261a99693f7a59aaa49fa625f12956f17c510b3,6eae6869b0da7dcf9cd03fc98097d5bd59a3683428aa0ba8de05fe08f9b3776f,dense_v1_train_x2.98_family0/variant_10,34,-0.322037844657898,-11.643804261166965,2.3434919054145005,38.820879374290286,230.64874004443064,3.022385145638906,0.4969165468215943,-0.15795633434754427,1.8009967803955078,-0.02873176708817482,0.034323062747716904,-7.3977292249429745,-92.43600996253072,-19.3306391719773,3.5069146156311035,0.0014959730906412005,0.6455004811286926,39.95953679572853,38.89092296422877,-2.5048140299718455,1,1,1,1,1,1,1
pi3_causal_upstream_000463,upstream,0917b413529fa0f0bd923985439aa91fa67b95e294ff3a4f1cd647b45fff3d3f,70d05cf631c7651590bb19fb350e50c4a7d621ff161234bd260c2cf633f7963f,dense_v1_train_x2.98_family0,997294b63dee22a382d1c4a7656775fc3f78362e86e318584e84807d1fcc7302,ca5746f11d0917da32e7dfc3687337452dc85fa5509c13aa06cf77aad1997c9d,dense_v1_train_x2.98_family0/variant_10,35,-0.35145143508911136,-15.626424386951577,-81.05380023902795,47.045861474711344,335.9751201407163,2.960294064711175,0.46721182823181157,-0.3228930130677317,1.8605797290802002,-0.03324213624000549,0.040198925882577896,-7.776955841814068,-68.08303877874197,-17.607764934976604,3.544067621231079,0.0008579018758609891,0.6493759155273438,39.68702590822336,37.64958389390314,-2.8369449313965367,1,1,1,1,1,1,1
pi3_causal_upstream_000464,upstream,295a11953a88fc9273fcf202b08b8043f5e49ba1a65ad48d073999924b819813,7b9ed55b22f6f8d24c927b2356b2a160a00cb28b92f55c90415a0ffbca4f6029,dense_v1_train_x2.98_family0,e972bfd906437af401a338250f9deaa4ca48d775f2f5ba35d980c299adc1f12d,b1e0a7e1284cf89d9796c74b774f9a14d4fe28b73f38cb98d08613711295b0e7,dense_v1_train_x2.98_family0/variant_10,36,-0.38181437969207765,-21.159642595848947,-168.2763404684663,57.05293896733169,440.85177326129167,3.4055407982661996,0.4339233493804932,-0.49317130653446467,1.9221951961517334,-0.03735686466097832,0.08337366580963135,-7.992776159208131,-40.85448623739155,-15.326208544625544,3.5823471546173096,0.00014592299703508615,0.6538774967193604,39.543393860167164,31.93894469112552,-3.1350394921661917,1,1,1,1,1,1,1
pi3_causal_upstream_000465,upstream,b7bb219685b096d459aff09a641376545b9a3dc73002bf82fe26ea9312b03c64,94716e50e4befa3bbe1621913fca6d75bc98c459b237ff6c8576369928d59957,dense_v1_train_x2.98_family0,66c3024a5a881e3ccb80990dec9900e140cc193874441ca9bf109cc17875a75a,8945d83bec5a66832c5772aaa9cb7a03b1827bff6ef2112b34bedbc6110432cc,dense_v1_train_x2.98_family0/variant_10,38,-0.5162063074111939,-40.02286972480747,-451.7236039292544,83.8618481011711,686.880979165567,7.5642053681010895,0.8622825527191162,-0.8587519076874076,2.0574989318847656,-0.040967509150505066,0.45764508843421936,-8.881453779665783,76.14708113175,-9.701018423459368,3.6627750396728516,-0.0014062452828511596,0.6720173358917236,36.91411253917075,53.78276733613465,-3.602744184518682,1,1,1,1,1,1,1
pi3_causal_upstream_000466,upstream,fd3a401ecf5fad5c09de7f4811312e98068c348f2b20316ddae062ad81ea7c6c,dc327040aa5163308206cad62c52831f6b7fc64e84cc79cfe5bd3bdf9410d2df,dense_v1_train_x2.98_family0,f5eb3427c1b55a93f246b6cc2ca4a488465b9a4a9c6848e84c024ec34121f104,ae9858693c601451563f2ec85567f1aa62e079bad3b7f1463d12d818994e4c2f,dense_v1_train_x2.98_family0/variant_10,39,-0.4075258827209473,-48.913648420237614,-327.1489038084157,99.4929614129879,758.0062525025245,8.204893080600979,1.0158694458007813,-1.0835343117607832,2.1573164463043213,-0.04729919880628586,0.4825769066810608,-11.168174646803019,-49.573591543128,-10.301711362847186,3.705413341522217,-0.0022811151575297117,0.6838896870613098,33.4353742514782,77.9017294087696,-3.7931416374322207,1,1,1,1,1,1,1
pi3_causal_upstream_000467,upstream,5e2113eba9864931d463c8a2c90f81a3b27f156a0df64d71507a729131421f41,4043b03a23d2aaffafe924195dff20acd2c9e1e32d6c1f78f97b5f396c3133e8,dense_v1_train_x2.98_family0,9706205216ede656ed33ff0a807f02979d03c3dbb202d60e19cab791789b5d29,980dc705144709fba5c4ef09d7ebc3e3e3da020fed17b00820a760e20cff0c65,dense_v1_train_x2.98_family0/variant_10,40,-0.41209681510925295,-55.211741948244274,-232.16269245509898,113.08981899373228,587.4319495293207,7.621168184389849,1.023580436706543,-1.3519805397316516,2.064574956893921,-0.04732237383723259,0.06301842629909515,-13.75016117666532,-55.89750318619731,-8.718296782093457,3.747476577758789,-0.0031942357309162617,0.6902472972869873,29.841909276296942,82.29196327138953,-3.946980972233385,1,1,1,1,1,1,1
pi3_causal_downstream_000468,downstream,1d868133ce888cfa1c586c7ba9dfe23bd8ba6034036268aa685278bedd02a83e,6171cac36c223a4fa8cef91c6c82c894f74f58b2c8a443cbdda5e2864d9b401f,dense_v1_train_x2.98_family0,685fffcf43469069f76e3a344f3a2207479c508f87f765375cb9d0eaea0549d3,6f07498109de952a51e1f0d8753da1060ea5c492f938b1ed1d28f1c208a7c543,dense_v1_train_x2.98_family0/variant_10,41,-0.4302856826782227,-59.866915433674414,-164.63326782934323,123.19563028589975,421.4614672642724,7.1242633686430485,1.0079370212554932,-1.6690883154559035,1.961376667022705,-0.04841611906886101,-0.42351722717285156,-16.32382085215573,-43.10853745595496,-7.314553742551498,3.7874679565429688,-0.004112923052161932,0.6872406601905823,29.16889317133515,34.80530187821307,-4.082469915191555,1,1,1,1,1,1,1
pi3_causal_downstream_000469,downstream,9f4d409abc528d7d301a084b5679b1285b717df60145f72b78cb77a0a7b668ba,55e85018a85eee64f3809df375d4c31e57423a5d77daa0971eae635c390c8b9f,dense_v1_train_x2.98_family0,6ddaf3996e94083c1789fedac314e594595f58c233469d01544b9aa63ff02902,27bc0afc231b96a17f7c74ac731aeb41ef3752e7cf174046671ed43724ea6b86,dense_v1_train_x2.98_family0/variant_10,42,-0.4649079704284668,-63.082875853429066,-103.6803045063126,129.7127509051158,244.75747932233244,6.915776065666102,0.9814045715332033,-2.021867267496303,1.8456943035125732,-0.05058613419532776,-0.9819186925888062,-18.14037796381232,-21.379803498460554,-6.236077544777062,3.82517147064209,-0.005058889742940664,0.6733166575431824,17.046000658763273,-11.380533765835176,-4.169252630661781,1,1,1,1,1,1,1
pi3_causal_downstream_000470,downstream,fb72e81f9b4f810dd407d66eeddc4e6607059b307ce016ba3f3b2740d5916835,f7f9a7d81df00e270936bf8ab9ab3d15bbaaba5abddad51fa670f80b6105cb07,dense_v1_train_x2.98_family0,93c7c8a0e267e4bcb80c199d94953d47e82eaa167ebf3433c7829bb650d9ee3a,c24cfc58b6acc16971c6c72f83f16f3ea0555eddd63cc28f96972e896f667ce9,dense_v1_train_x2.98_family0/variant_10,44,-0.45866964340209965,-66.79253600677058,-27.0535152834905,137.38794375848585,132.08379643397237,6.555245621370338,0.9945509338378907,-2.8364410384384873,1.7847925424575806,-0.05738149210810661,-1.633640170097351,-21.390977687942694,-32.1617761977026,-5.93431167639626,3.8973183631896973,-0.007119235582649708,0.6221153140068054,9.321067806536252,64.4629224054193,-4.364778181831868,1,1,1,1,1,1,1
pi3_causal_downstream_000471,downstream,5afe615502ca9998a2b9891fe514bbfb35a1151ada9dc8a163986940d714a608,718a82dd5a444acee6785395078f1e2b1cc3390ba0243b07cebfe6888f4b5cb0,dense_v1_train_x2.98_family0,e835977b26e5a4cddc7738e0e73c8204df10c126ad987af940de0d5ac10a6dc0,fcc4e2efa35620bfc5817f94ad840040f761e554da50e429bfbd04f09730729d,dense_v1_train_x2.98_family0/variant_10,45,-0.4617536592483521,-67.68979746746764,-5.089138945857004,139.58970987895282,86.37106835693703,6.321467314367218,0.9920938014984132,-3.2849446870728447,1.7580071687698364,-0.06103590875864029,-1.9339522123336792,-22.455525849339004,-30.136956372968566,-5.556705948792574,3.932457685470581,-0.008254662156105042,0.5868674516677856,9.240622692265488,18.26102813285872,-4.460767948909124,1,1,1,1,1,1,1
pi3_causal_downstream_000472,downstream,13c03885b92827d7d38e2dfdeb02bb7c2d453ebbfb33719851426c4ba2cbbfec,ad6042c3aa3eb9db92592e1e3663ddb37f95664c5c1991908bf04e945e50fc18,dense_v1_train_x2.98_family0,9fe8bf73a86afbc66cd8314543b1711f5a1991a37eb006821a522fc57616b00e,8610b5b38663eec6608e68482c64ecd9781d5515d89aa9eb8b5bc0ff498ba1f4,dense_v1_train_x2.98_family0/variant_10,47,-0.4628363943099976,-68.4058266887276,23.656587294129064,141.89757615798675,32.372275797733224,5.895947737427853,0.9911696147918702,-4.227978274462978,1.7282387018203735,-0.06720278412103653,-2.45021915435791,-23.67663219179576,-29.377125148561326,-5.160585712783099,4.001532077789307,-0.0107179069891572,0.49978208541870117,10.679292757901955,-14.765106796761705,-4.642946121829554,1,1,1,1,1,1,1
pi3_causal_downstream_000473,downstream,3d8168f6f08e3fc9fcffef257a985bce0a62f327a9ec782553f87b48afb4e46b,43c3b108a8ef89e781e31643bde47250f450f7d15afbde499446cac79c4a3153,dense_v1_train_x2.98_family0,d1e897b1ec29d9d09a9f71da46948b7ff5ed0cf629e351adb8fe80f928e061b3,ac3ee77a0e3b4119dbdd771a70d9e9aabe4ad0c3f64cff660d2b218eaad733be,dense_v1_train_x2.98_family0/variant_10,48,-0.4131130933761597,-67.14472105094394,98.37468869112756,142.36962419190468,17.24225931437442,4.904661697172778,1.041848545074463,-4.708657685588193,1.7438242435455322,-0.07510986924171448,-2.7215425968170166,-24.05109731304171,-70.8530493173973,-5.04303132697801,4.036128997802734,-0.012136544100940228,0.44798633456230164,12.207520263935628,-23.44111190128809,-4.67288698915174,1,1,1,1,1,1,1
pi3_causal_downstream_000474,downstream,c599247dfcdc530e7c6ea5df41339e9e5ee89a5c81912c7f6c0cf13f22c5698c,164dd428a6939aa647272bb0b2187e32c750434da993e6dab1c007beb4ddd7c9,dense_v1_train_x2.98_family0,21f23c9e5295c543d69c3d766021ca997b0b48f230d2bfde97aae87a5e10652f,1a0ff0e79d873a8256c2eb49066ec8fa712cbce00fe5fe15ebe602f9d42dc431,dense_v1_train_x2.98_family0/variant_10,50,-0.39805871009826665,-61.79414893064189,163.51537076788725,141.82640558683522,-71.91834709205503,1.6618356367104121,1.0561162281036378,-5.661134027769393,1.69829261302948,-0.09165728092193604,-3.3261303901672363,-23.249035028996282,-82.54363525173699,-3.497284599166666,4.105236530303955,-0.015397251583635807,0.3281262516975403,16.3913150739865,-38.64582162586286,-4.563575498537159,1,1,1,1,1,1,1
pi3_causal_downstream_000475,downstream,fb2551621f926297c800b6c0fb7bb21eafbcbc3e6698dc1c3907258d6b5ca962,68d551aa0c5c57f66b01cffd1c736d28be5d002f27908418ccd3b4d25a698f64,dense_v1_train_x2.98_family0,0106684f5b939a1291eb2f484da2d84ea4a9e9e9c1c942639bd10d679124568c,0f5558d1e14d200e3b91f7a6df84e0ed73fcac4f115e919cc926f2da8a188571,dense_v1_train_x2.98_family0/variant_10,51,1.0769446086883545,-58.639673873795694,-89.87285853307839,141.01984220812676,393.6583899457918,-0.015650226931096394,1.2912358283996583,-6.149555119861817,1.7147177457809448,0.09346108883619308,-0.8347066044807434,-36.699258693544245,-35.62425522007594,66.60922055963661,4.138947010040283,-0.016816407442092896,0.2661142349243164,18.75591461181387,-140.3111281194679,-4.217536002046282,1,1,1,1,1,1,1
pi3_causal_upstream_000476,upstream,69ff5429fd76686cfd3f379a024867e29e9dd994178636a678a72369da3e0933,38f7f5c0c55b541f167371b4801508907633936c51a29b735cd016dcf3502571,dense_v1_train_x2.98_family0,8caff24ee8f5bd943ada5ebd2a789d96d292efa3cda4b8810cca1f38d4e293b7,4757bba8d2789733b52ea9a504e979c897587a23fab9f4b55ea2a0498de85cc1,dense_v1_train_x2.98_family0/variant_15,10,0.5365251302719116,-52.28975628546156,697.7958400253009,109.72890829941161,-911.8462095186034,-0.06414997576254446,0.3426581430435181,0.7055715751776304,0.3942851424217224,0.005239382386207581,0.056934941560029984,5.32668908320864,14.946280979590878,-1.274635602199205,2.8604257106781006,0.0049678729847073555,0.11897739768028259,-3.159966955825712,77.33263121693497,2.8348983556701155,1,1,1,1,1,1,1
pi3_causal_upstream_000477,upstream,000c472964b5ca7b529c0cffff263c1aca6558c47642a8244a136f04bf0c2139,e7fc2f8b451a602da803490dfc4b290a004878a4d354725bfa39de36100bf032,dense_v1_train_x2.98_family0,a3c0c639ce198ad3d9b5bfc201e4bb95bf05c3606a5ad589401c05cb0451274e,7049bd377070fed394bce5c305deb28ce2747343cc34b6fb3e68f47775371dd9,dense_v1_train_x2.98_family0/variant_15,12,-1.018235321044922,-48.87912864417237,-355.8159454153896,71.78407923335092,-921.0377863299864,15.4938272825669,-0.9832403278350831,0.9322813557957607,0.7239004969596863,-0.013488058000802994,1.9698410034179688,2.4225701280776155,687.7528391527409,5.370009984906269,2.8830528259277344,0.005035545211285353,0.16149114072322845,0.1713626160864499,32.69130027348618,3.1127856929041613,1,1,1,1,1,1,1
pi3_causal_upstream_000478,upstream,efd4bf0cd16eab6ddb7cc856aaec087e6f130a9cb3708d28a8ba23afba130b2d,2fc333bd07d4578d327dac3705c29c75cf37e27beacc5c459cb62a36a6831408,dense_v1_train_x2.98_family0,9b1233dc51846a28fecf39ad801b468133c51850d40278c92fc71bc2e0645a72,2fa80b04df63c7deccc89ad3927a65c9a6c521073db867dd34355884f5392642,dense_v1_train_x2.98_family0/variant_15,14,-0.053044213056564336,-61.17939092420572,-228.95643773415492,67.09645210407948,761.2164414124304,28.451978327277118,-0.01193002000451088,1.0882562602496921,1.6715978384017944,-0.0003557264863047749,3.1958696842193604,6.198313855742885,-107.27768317988827,-13.401736151630043,2.931682825088501,0.004768314305692911,0.2682034373283386,4.692977301825687,-84.18942397376492,3.1470738623961414,0,1,1,1,1,1,1
pi3_causal_upstream_000479,upstream,d333a1d550ce131ff35e3a5ce8095329d7c82e2079b34309ab3185f799ebaabf,6b361f1f7746d3c2b1b600df14f5acf29c8256aebda163fc26bd564330a4ede9,dense_v1_train_x2.98_family0,7d55b952fa79d0eb6175308c697c65cfe35ceb5678c40e6dc7282ec78a17a5c2,f676055fd733a713e9cba4ee61978e0c1115f4613460ef2b2c32f996f279faab,dense_v1_train_x2.98_family0/variant_15,16,-0.04777900993824005,-65.10338924389141,-80.4512477806386,100.6726033845408,549.4118381182282,19.04433725103229,-0.26639608383178714,0.9170033881816929,1.6139739751815796,-0.009494021534919739,2.808562755584717,2.1085489793351058,-117.33521869500208,-10.19154297285582,3.0018792152404785,0.004544822033494711,0.39616096019744873,25.592256074721508,-52.24359103686144,2.253712868169161,0,1,1,1,1,1,1
pi3_causal_upstream_000480,upstream,7a70ce04ff55997a4de7003232aa2859fa195e58af14baa39e018f082ffdc67e,a59b03cb5d90517309103c14c9e946a47952b84a442a09e5684241c32993536d,dense_v1_train_x2.98_family0,b663698d6d6c0eb0fac61ad060980a7397d01e415bbb0b27acba22687325e5cb,f7a0e004087d9ccc27944a91e40b6c20d1d550d457662c64688a418beb0331e4,dense_v1_train_x2.98_family0/variant_15,17,-0.2682884502410889,-65.82103038979548,-54.43003362792549,106.15671936349494,12.302165341490847,18.306678733218263,-0.5129517602920532,0.9014230449552434,1.2771332263946533,-0.0033350419253110886,1.7731105089187622,2.2792142757959795,84.5002658828922,-6.2120527812583655,3.030961036682129,0.004425182472914457,0.44140511751174927,23.243014217242916,23.887560386196803,2.072436075796201,0,1,1,1,1,1,1
pi3_causal_upstream_000481,upstream,d522864748a4a4e3e916983209458806f376313f2cc9c23e87b21fe2ce68c077,f419b85ddc8327e24dde8cc579491b854b7622dd1caeaafdcab8a12e64239789,dense_v1_train_x2.98_family0,f1e90651b3a180533103fccf11440f9a8edfe8f788a4c1aee9908c58e4806f5d,265750d474a7c2497d9e334dc9d87884c0e3850a56410f71ebadac462451f604,dense_v1_train_x2.98_family0/variant_15,20,-0.41976825237274173,-47.37648702676957,247.74459425394582,64.14644559022678,-935.7958033903896,23.807608453659185,-0.6798574829101564,0.9839891301870314,0.7553545236587524,0.004327994771301746,0.09861665219068527,2.1855275591586767,221.11062675531795,-3.685552573779132,3.083037853240967,0.004901908803731203,0.4571867883205414,18.622102668236856,32.6771276309584,1.860375568876865,1,0,1,1,1,1,1
pi3_causal_upstream_000482,upstream,2de1de44e5a9b661c2089462a6d4a0e22d8d5fc93633972916e035b5d9106a7b,6e9d19121c7745b87bfbd1d722856c4c3fddfc33e30c12a062c1af077d66ec6b,dense_v1_train_x2.98_family0,f7b31b8d9146f2d59ca06b092958ff52b7d35038a94e1d7c7b5316c8c9404d6c,027ca2fa19355254940dd0dbea60170df40a0bda98a1ca102f5e1ecfd6e70f4d,dense_v1_train_x2.98_family0/variant_15,23,0.003045435138046742,-27.272023280322962,315.642275358992,36.3064579294714,-110.46138461619296,20.831541826749813,-0.18737174510955812,0.7657488612765979,1.3269896507263184,0.005072377622127533,0.273530513048172,1.359476370087695,-181.9734105847131,-18.943654313982716,3.1488726139068604,0.00523989787325263,0.4736151397228241,29.70167183225824,-140.33186457378807,0.899514632909548,0,1,1,1,1,1,1
pi3_causal_upstream_000483,upstream,54c5f7f15311df84352ba5f39668db3af55ab89ad639463196c0b215f3c6b827,dce280c96e45a8db93bcc14c0ec49493926ab47e8e326a574bcf6882994fe456,dense_v1_train_x2.98_family0,205f41322f43e99241ee561bff68e6c005f0007f302c0407bd8d41ae824e4755,c76067669104220b83ff95bef7ab325cad5f023c912fef3b080db56e47a70a84,dense_v1_train_x2.98_family0/variant_15,25,-0.16799101114273074,-11.709135020578136,211.9653859472644,26.210490647445212,-160.4089187710954,13.42000544861924,-0.31093902587890626,0.4320002514243985,1.3304131031036377,0.0016420605825260282,0.07861684262752533,-2.972008047273189,-80.83748131782448,-20.473461301261956,3.200328826904297,0.005440515000373125,0.4757382273674011,37.61616377829427,-98.59715478258404,-0.1425601129678287,0,1,1,1,1,1,1
pi3_causal_upstream_000484,upstream,1bde8d2b62a3770d18affe3397b1a7ead0e364f25495528c28f184cfd8503105,57f1de52aebc2cea3795834e7ea60a453eb2c6edecceb9f252e037db7ffc5d94,dense_v1_train_x2.98_family0,bc9f6917548ccacf838c41b962c00c0f4bb23e32de2ee23a80c7c65e89d8f48e,e4be9f9adde4273e7bb653aa2448d90494ed7f5e3abdc618d0fa3f67ddc6d4ac,dense_v1_train_x2.98_family0/variant_15,26,-0.2250584721565247,-5.626892545816802,119.49276617078239,21.608140137508663,-68.82203109599149,10.858981264775583,-0.35588912010192875,0.24363523641996715,1.3861149549484253,-9.706559467304032e-06,0.01936056837439537,-4.932282370907192,-44.08349231846092,-21.918702008879976,3.2268869876861572,0.005485080182552338,0.47475874423980713,39.273570652100396,-69.30811516865379,-0.6479174133101169,0,0,1,1,1,1,1
pi3_causal_upstream_000485,upstream,24ae2070288afb4c0d20cf89ddca82071cf090fc61c2f9bd1803e38df93cd173,faa335ad5252c4bfd5caada1ad2640f1d61f62df87454d5a702480ef4ceebb90,dense_v1_train_x2.98_family0,a08beafe58c7f93fba68c12451bfba7098dd615f6c236497fec4f12bab807eaf,59fd2fcd70e33447895fb014a1f1303e56d862c47ec01a5841c1c9bdf932d1ed,dense_v1_train_x2.98_family0/variant_15,28,-0.1801905393600464,-0.11486443853044158,156.7539889235732,21.93526180252267,7.640248751802617,7.231521432346732,-0.28074724674224855,-0.20484931137674184,1.484663486480713,-0.004478650167584419,-0.2586682140827179,-8.702991181937104,-105.5624109434338,-26.47494532682435,3.285355567932129,0.005395571701228619,0.47007542848587036,40.71441271789292,-17.268948278556245,-1.7021957561291217,0,0,1,1,1,1,1
pi3_causal_upstream_000486,upstream,b62376f072dafab480bf9ffa0a664da0818f8a8105ae5f18a0b114a74675eca4,111a1211e9c7c34d0c4a1ca718fc5ac611fa94802978e3cb74b0f1ad41655d24,dense_v1_train_x2.98_family0,092d0f13a6bd159a196c8556d057c82b6177b9c552a7c0b55491fc9c23e6a38b,5a13b81faf081efdaa8eab41e0bcd65bfb7eb688e9a760edf7ab84bb32691215,dense_v1_train_x2.98_family0/variant_15,30,-0.1905004715919495,-3.4123078678250103,-120.49945409217223,27.66280230840149,406.0299935517059,8.503926005764104,-0.358576831817627,-0.6458525724358278,1.701177716255188,-0.013374458067119122,-0.30114293098449707,-8.549918104900657,-41.86424774390789,-24.780032176738395,3.3461644649505615,0.00516313873231411,0.4592689275741577,40.333745784880605,-48.98889661432364,-2.6173106083470903,0,0,1,1,1,1,1
pi3_causal_upstream_000487,upstream,ca9f66608618a7849f65ebf0555d4ff2ea7b48ef491cd983a5c87d6f954e5667,befe25420dbd142ea3d219935743cd000aaf0f716849ef52b810866f6594018d,dense_v1_train_x2.98_family0,b66901fed959ae0225cca02ba60a3fba2b24a4e037ea227a630678fdcc3fc9f1,8f467e20e6cebefb2d7e2ef27038b98c044e248832a63eb7e717d11ba948bcd6,dense_v1_train_x2.98_family0/variant_15,31,-0.23520528316497805,0.2739244698590969,55.47052074042313,26.29318545527385,-101.20358229061759,6.519980752867426,-0.4313049650192261,-0.8860238534066867,1.4551316499710083,-0.003917389083653688,-0.6317777633666992,-9.154876497425148,17.615433529867236,-20.999834952290865,3.3762571811676025,0.0050184703432023525,0.4469020962715149,38.68312470401489,0.20786701567283264,-3.0737122306234808,0,1,1,1,1,1,1
pi3_causal_upstream_000488,upstream,8bcfb573e9068f523f89facd70e87306ea215059b6809e182df32c1d48c52a42,02f7762b398e4fc09396dddbbfe1648c876c6dee688af15908b015f6904e2d45,dense_v1_train_x2.98_family0,9e67f2076b047a7af57d9c5fcb995c5b3112278cc7227f40174f614656ea388c,9f4937c49fb77310c886be4e697c44129c999f82df7711b669afcd77843bc80a,dense_v1_train_x2.98_family0/variant_15,33,-0.3229629993438721,-11.75923018927195,-313.1813308802797,48.956460045955254,423.1297546294264,8.04043284744077,-0.5387438392639161,-1.3910996567573357,1.7657756805419922,-0.0169134009629488,-0.4920336604118347,-9.129642363536536,105.54105294189917,-15.675497588590826,3.4496700763702393,0.004205713979899883,0.4327008128166199,40.342088860951776,-29.24382717671936,-3.9627584303624253,0,1,1,1,1,1,1
pi3_causal_upstream_000489,upstream,062756a13826122bfe7bed3c693b79e6fcd36f8ce9c1cccd0db05dc0280d3b31,5d0462ef21723d2b356390472d6aedb31a36f39e376d72b9980c8a8dde74caaa,dense_v1_train_x2.98_family0,4d3f7879db5002dda41b8f3dac4d4edd74000d30420d67707f4993ae4649e948,0973052329c1fad959a2296f04cff72db7754abbd476e69b31431db748eeff29,dense_v1_train_x2.98_family0/variant_15,34,-0.15949844360351564,-14.894470579641746,-166.05437064843443,59.18511912053457,539.2464948972548,6.980686699626201,-0.34367548942565923,-1.6413787099996069,1.9470959901809692,-0.029193228110671043,-0.5383690595626831,-10.943546800474223,-54.0875781882248,-17.891342436484486,3.4878344535827637,0.0036634430289268494,0.4220932126045227,37.496963316899205,29.400084829456326,-4.300411232220486,0,1,1,1,1,1,1
pi3_causal_upstream_000490,upstream,e4e14f06e6a1ea312500ead730279b8f25ff17333413f57f562c6e87656dfa21,1194d1dbfef67defd0ffce98918f66e034add9f422c98639b38c9d3101ff5815,dense_v1_train_x2.98_family0,4c906dcd4aa2d0c66de405fccf2f00d78089c8fe07db0a5c1ceae54b6ed3b379,204ea8e723b5e709cfd808079298677b2557b296cd14d095ab3137d2c67ddcde,dense_v1_train_x2.98_family0/variant_15,35,-0.26880545139312745,-22.334240472699793,-383.54826197406885,73.4345261443928,697.6982502824397,7.7920781387469065,-0.4799781084060669,-1.8924839182384245,2.0819649696350098,-0.02925822138786316,-0.31421977281570435,-10.736925894118523,57.50438032052368,-12.48177967986832,3.5292837619781494,0.0030619672033935785,0.41607341170310974,36.28399685238581,20.96967966710526,-4.6091704081357365,0,1,1,1,1,1,1
pi3_causal_upstream_000491,upstream,8ba09f30b3b2b51687390505a41a701a4a7d44a477480fc3af0aed78dbf54fad,4f9b63d2e220a3f8f3b17e7e6b03588b4c03014840d6d38993c9f6917752a645,dense_v1_train_x2.98_family0,4057e73fdd6a9696d7b8980d70f37a1deb239831487df1895264e8ec031ebd5a,180df47c68b6b022b06b0cefd723f1601bb9f9a6fc8c2fbe866c0c1816191636,dense_v1_train_x2.98_family0/variant_15,37,-0.2718848276138306,-38.33656773571761,-397.9714085198447,103.15825265748101,720.3861169692278,9.997966050356213,-0.49178001403808597,-2.4292098819069334,2.207399606704712,-0.02973605878651142,-0.32519176602363586,-13.360493761874215,67.14065025819862,-7.297350203579528,3.616611957550049,0.0018239993369206786,0.40544694662094116,30.715166037155996,70.50304310356918,-5.067499948231096,0,1,1,1,1,1,1
pi3_causal_upstream_000492,upstream,2f83b7ab2cc1e620c8837b6fa732d723841f7325d7ac48987117c60a68e595ce,c5cc39c21d7efed874fd07377befd90ed35e947535157d97c18446457cf1e547,dense_v1_train_x2.98_family0,7ea7d4deae23622fbfc27a9e5e56627641530809eb9c3cbe7e4e0e25524ac773,7c312faf5ad28ba73d79d5fcf8cbf4c5e232edfc31704ec947a78b38e5044f61,dense_v1_train_x2.98_family0/variant_15,38,-0.3456327104568482,-46.741002811296994,-414.3349844880645,115.98193965436913,553.632293968649,12.220237526800297,-0.5802604770660401,-2.7509730942418833,2.046077013015747,-0.023149145767092705,-0.6773398518562317,-15.258888492618606,139.58565274658582,-4.4646918891963505,3.659303903579712,0.0012993622804060578,0.39578819274902344,27.8824150883322,53.89501466495464,-5.272268950273139,0,0,1,1,1,1,1
pi3_causal_upstream_000493,upstream,6fc13d84636a00e86bfe5bc017cfd6a7fbf7ce1f9c0528c8169e9963779630c3,3c040f59b7eccbc9bace065dd6fa3d968a1f0cbe110c1b37d74c7ba4daae4ffc,dense_v1_train_x2.98_family0,679a94fb917a42e7ac10a9f65c771769aed5d215760e92aa0a51f8bdcd0de994,6a8c6fbcd9717c24a687e55db47f43b4c05eac9ab04da152d86bfca470c396cc,dense_v1_train_x2.98_family0/variant_15,39,-0.32101208686828614,-53.129029440105214,-308.1144779879108,125.251011792075,390.0077631174467,14.302625065537962,-0.5612460899353028,-3.120267488462735,1.8925000429153442,-0.024282826110720634,-1.1594725847244263,-17.659915136836943,124.01354543900878,-3.626190972815728,3.698793649673462,0.0007836903678253293,0.37673819065093994,22.980774226702156,83.37682953801934,-5.452108402033749,0,1,1,1,1,1,1
pi3_causal_upstream_000494,upstream,6e8784e7b1814a6ea7b980b9e6e6de8aa0850d6c0e2c206269cb117c8187f304,3e16499ab67d783f656245bd10a311a83b87c14d4ef16387e93db0f67bc4b24e,dense_v1_train_x2.98_family0,d2e6da4d07ddaa7245e15f6dbc7041357ec2a9cfef38020188da83b9acd33da5,b765896295af0bef5898082becd949a6b6f12308ddec90f21a5d18d827d95e42,dense_v1_train_x2.98_family0/variant_15,40,-0.307882080078125,-57.71628693952333,-230.4342994252489,131.6627562527761,265.5407067779274,16.184578610858715,-0.5517742776870728,-3.5422750524226903,1.7657617330551147,-0.026810256764292717,-1.5971075296401978,-19.90187692056944,116.24427356001097,-2.8527631896485217,3.7354700565338135,0.00022476942103821784,0.3484480381011963,20.19694792290316,55.90524862071611,-5.626375197280638,0,1,1,1,1,1,1
pi3_causal_upstream_000495,upstream,1157ea34162d87d2d997088ab6e40a0c559f47f70ba3234e2e2d999723eaaa6f,71378e7e49f63238fb38e1898c57a4e3cf123734480bae3d8ea4b8a24435eef9,dense_v1_train_x2.98_family0,2757f44b0f1a26ad687de3394e236371d35cf0dc17a4c035a21283b359c890ba,9aa66b882b44f220ec9dedfbc781394b91e712ccf21ba3f661552e92940b9489,dense_v1_train_x2.98_family0/variant_15,42,3.2162618637084965,-60.1269407353768,25.69649500673966,146.55553294550367,284.5433585584134,13.315024128275514,-0.1600600552558899,-1.5108332138912717,2.2932331562042236,0.5859202742576599,-0.216571643948555,119.30729921405987,-204.3709669110189,116.6581693633354,3.8186588287353516,0.009687100537121296,0.31039315462112427,21.786496867305207,-528.1596225534635,-3.32755041646189,0,0,1,1,1,1,1
pi3_causal_upstream_000496,upstream,ba3c02f73edc5ddbe930e20f5465b3acfd98b2af2ecc10e6997f7a183c50fdc0,d864b37a88be5a5e7ecdf617b8953cbb06e87e6a8d579092606ae11a1f014a79,dense_v1_train_x2.98_family0,b43d905699542f1dd69a94be4e91d899ff8b2eb0e1fb295dd8b013e3fa34a8f7,649e9f3432dc68dbfb9d93cc14e26ec5924be5d51fc13490e0c955e28330a9d9,dense_v1_train_x2.98_family0/variant_15,43,2.707806434631348,-60.63184880939165,-93.68282001438153,148.62585890558293,-15.743203546285871,9.553360421646522,-0.20835682153701784,0.4724765321442958,2.2248432636260986,0.079119473695755,-0.3562292754650116,-7.798372753730289,-164.8464926748527,5.188237306751073,3.8635127544403076,0.018320847302675247,0.3043130338191986,-2.2836581676247194,-288.6598589296667,-1.6114440446811722,0,0,1,1,1,1,1
pi3_causal_upstream_000497,upstream,3cefd44aad9d1a9cb4673ca68cae900a1b635484255268a8564938b194162160,fda84e5a3243d271e05eedcc22ceec9b05d99eec168f3688f85b8fe99ff14e6f,dense_v1_train_x2.98_family0,23bf9f791af954365f8ef2a1973c00432978e5c937e366a7c1cc53a59487f1d3,7b7f4dbf0eff63a3f3ff04a029d2799751e78e588add2e1599002ad42e8b300b,dense_v1_train_x2.98_family0/variant_15,44,2.6747837829589844,-62.63872914227065,-123.08454408923866,147.38693089203431,-82.23615379568135,6.156341487658828,-0.21134729385375978,0.10300367367867568,2.278477907180786,0.21787157654762268,-0.4202367663383484,27.63033329663454,-162.40945385823545,31.11930150015648,3.908524751663208,0.019095003604888916,0.29600653052330017,12.986051692516714,183.33140245587336,-1.791154030297326,0,0,0,1,0,1,1
pi3_causal_upstream_000498,upstream,e7d693637aa22be62f47548b9fe7ae4b679229c32f0f4e5606c8b458cc494791,be3610083ab279f38973375ae6a3a7e0300a0809f0c4649d0b7ba709fbf8ee9b,dense_v1_train_x2.98_family0,ab97ffb523840c6268a59546e94a298e2b7829b1340562a904f8c85d1848c52a,4123a29ba678b202b591d7ae3a4f259158978b66c427cbf286d63cfb0423907e,dense_v1_train_x2.98_family0/variant_15,45,2.9582920074462895,-63.32028639878954,-24.347551428682358,143.48164729067446,-266.9763578999507,1.9955222571528897,-0.13460535049438477,0.4124086281454791,2.41489315032959,-0.19455040991306305,-0.6225960850715637,-71.13214450726237,-225.24540471279022,-54.10348911389635,3.9549286365509033,0.022412866353988647,0.28352612257003784,-14.958273084226127,53.87307268224597,-1.2770686681102357,0,1,0,1,1,1,1
pi3_causal_upstream_000499,upstream,6dace7c36029b0ec6121b779444e6f4906034ea5bad82c26607fcdd565d445d3,764451a8f210cc597c67a45e8dec60e1d6ceb60c22f90813a36a4bef8394cc09,dense_v1_train_x2.98_family0,e89271c7874d3093215f37da8bfd5495186bbe03f19cfc49ad3344892e223e16,e7327dd66b992fefd3a9776050380422be2c730a4f1322b1fb76f650537c2171,dense_v1_train_x2.98_family0/variant_15,46,1.6943152809143067,-62.31652179836446,-32.96590802906654,136.65903963064042,-359.4643319416869,-1.2168717619920206,1.142256717681885,-1.0541664547079808,1.5324578285217285,-0.13369497656822205,0.1267721801996231,-53.39744221410837,38.1448784766612,-81.30767837047733,3.99690580368042,0.017939629033207893,0.27485647797584534,-14.023639389711692,33.62407188767814,-3.055041934917283,1,1,1,1,1,1,1
pi3_causal_upstream_000500,upstream,7f60ff3f1335d314e81caf433e232a4bb0db690a085a0ef5c938288e13c9da8a,6055c5a29a18b18cb8aacfcf1640b09f300db0fe13fc810f606fdb2839b3264f,dense_v1_train_x2.98_family0,611e0c24612c15d8066f676fd910b58e1933a05a52fea1efc0a773c5268e4754,7b8a56b4266d606d0fc974e337b772cf571ee4ab296e5235632bd38cc94bd6f0,dense_v1_train_x2.98_family0/variant_15,48,1.4379325103759768,-52.066972590208664,490.868483572108,113.38485584512016,-877.984535840268,-0.45756980744125364,1.0102622413635254,-3.0243295999903004,0.8751216530799866,-0.1509828120470047,-0.05288664624094963,-47.31752883385401,30.063388405418358,-76.50216900632063,4.045808792114258,0.012091128155589104,0.27945050597190857,9.838364989931861,16.814945604425496,-6.239402019523202,1,1,1,1,1,1,1
pi3_causal_upstream_000501,upstream,2d6aeec459b1c6031b920142a2abf8470cffc4570eaf5fc1f4cd7c7457dbe17c,86f11b7aaedc8e4a6b8a8e426adcc117c9a2fa0a8a85f58e30b30479297990c8,dense_v1_train_x2.98_family0,ac952e4e09314b48bfd52beb57410cc08e0d065d7e8d4e1abfc6fd7475f06035,bf95a3694fafefb7bea2b0c1a0a90e510d1743f2db6ba71077e4605361e7ff59,dense_v1_train_x2.98_family0/variant_15,50,0.6212636184692384,-35.78519496748895,140.3554970283163,71.70769722786267,-898.8680304728788,4.054684023287438,-0.29627877712249756,-4.098922389132335,1.1315503120422363,0.04483310505747795,1.0131043195724487,-11.041723939603987,248.08484695763917,36.17444061809881,4.086766242980957,0.009112861938774586,0.2908332347869873,20.805427277944794,-29.133266904624364,-7.052998462373951,1,1,1,1,1,1,1
pi3_causal_upstream_000502,upstream,8191324c36d778178527da7f3c382d6f43065caa72768b0c2d05d6f24f5350b0,f3cfce8716b6c711ec5db614a289a0b93e8261f235e317be6d9da6dcbfa9ce35,dense_v1_train_x2.98_family0,38f07eb7102a201a528a8320f433315f55e21959b7ecad1d5bfbe194f757aed2,e4287a5534d4ce8b5ab8b6940a97b1beb1ebba42247f19dd3f7d9fd467ba1ad5,dense_v1_train_x2.98_family0/variant_15,52,1.0993543338775635,-31.405868916973535,45.77563411929115,63.541065433521034,279.6559483959191,4.051266658682006,0.1823567271232605,-4.436129358131974,1.8025459051132202,0.07170528173446655,2.085435152053833,-11.295981146552297,-143.6529211143017,26.382664348495602,4.148345470428467,0.011423305608332157,0.3590124547481537,7.0546283323657235,103.34857587870341,-5.703581363843399,1,1,1,1,1,1,1
pi3_causal_upstream_000503,upstream,25c2c98bf1fd655370ecf7da770ff8d56588c20b8ef6dcc62dd66f739d2d8c86,74629146d1e4732607b266d26f3eebb00387c02c3201a2a1dc9e962a23177e85,dense_v1_train_x2.98_family0,99ca8341a6fa2203e234787d23d130900cb6d0c3ebbd34ea48582f4d61b203c8,0fd1d922f2a9e9cfb2bf7ce3df079bb59475925e4f4175e50e0120dc41c69038,dense_v1_train_x2.98_family0/variant_15,53,1.0310744667053224,-34.46262445736436,-175.45568890885008,74.45509984036528,592.115273639415,2.2325778405040344,0.11942790865898134,-4.634913452531713,1.9275981187820435,0.10814915597438812,2.484790563583374,-12.04051189344506,-92.14720907385508,24.82717072729524,4.186470031738281,0.01339549757540226,0.4080003798007965,13.05750400897151,-83.86853485636856,-5.068314648081628,1,1,1,1,1,1,1
pi3_causal_upstream_000504,upstream,784262168bfe29fe9ee4eaae070a6779f6f8f65b756bb38ce453a74247e0d78f,d51abfff425f0828ed152da9680a3e5eb9ee06476eb43b8a2a4b4ada534f00c8,dense_v1_train_x2.98_family0,7e7f4acedb4bb2204806c8f7b24a2fe9b6862b134a1e92789286c35e799bea94,2d854957a73ba906d6ffbab47d7f2b2543caa8479c9aaba02e2c1d454b146508,dense_v1_train_x2.98_family0/variant_15,54,0.9002870273590089,-43.839531621686405,-469.0526407970338,91.34993475241782,880.3500215951402,2.9353166824138865,-0.015477099269628525,-4.890680256034042,2.015409231185913,0.16559191048145294,3.086700916290283,-16.022389236157434,18.311566410074935,21.955914587025497,4.226377964019775,0.016447801142930984,0.4680754244327545,9.98746375064501,32.34637572040054,-4.625136436841312,1,1,1,1,1,1,1
pi3_causal_upstream_000505,upstream,96435200fb938975f2266cc2de6bbaa707bff0de49208fdee4af9a8cdcd25856,3eba98416629ead26bb60851f4f0e51d9f772173dabba408ea527a40cf1e6a2b,dense_v1_train_x2.98_family0,bb3d8d2fc731663dd6d19484f479856cf10fd6f0e732af54426685f8697476d0,d7e8fc46ee3e5af71991d9909d18a620efe0a946b42eae1fbb243e3bfc4d3692,dense_v1_train_x2.98_family0/variant_15,56,0.9299487876892091,-56.765080644761504,-263.65043826474806,118.93561397980612,503.52367663236106,2.2124262167169593,-0.0003509648097679019,-5.675798508264953,1.8463058471679688,0.12874756753444672,2.1887965202331543,-25.75600644497798,5.940554896184475,19.304139745544944,4.304317951202393,0.022368382662534714,0.5741114020347595,-10.339924563706116,0.07133185432939508,-3.690912831271078,1,1,1,1,1,1,1
pi3_causal_upstream_000506,upstream,1a3fe31a6ca8221dc55063428537c4ed4d0a6a2e7f26a19cc7205ec65c61b489,f1ce02540b43cc54c915aa16504a279a9a0f01069e5f80111dc38bb735ce23a8,dense_v1_train_x2.98_family0,480a48e788f77f353f650b0d1272b7701bd47eac6462383951d9c9f11e29a7d8,f98e86885bcce1eb7328e9ab00ec9377201267aa048f9e4f49ba1b61bc39739b,dense_v1_train_x2.98_family0/variant_15,57,0.9126985263824464,-60.85134376855918,-207.14376416685562,127.37203141617408,351.3683721146874,2.110256379165039,-0.01863778054714203,-6.227120513400386,1.7681972980499268,0.10274536907672882,1.7005994319915771,-30.6916360354653,20.927378598028078,19.2798242720997,4.3406982421875,0.02461657114326954,0.6124737858772278,-12.133387952005247,22.4818118323598,-3.292145122916797,1,1,1,1,1,1,1
pi3_causal_upstream_000507,upstream,4d814f9550412b5e3c2e9e148aa08f0bfd1bd1056e6629c22ef8ab0ee44a7d1e,46f51e555d6d6024c17ff3b47c5a528768bd11bc73396695eaeb8665e6c31e6d,dense_v1_train_x2.98_family0,2309ca5f11e6ef901ab824768e0ed55ebc10864f5c3bba0de8698e04bffc4a93,598e5ef123af271f755cee312a764572109a1fc1a659116d83bd2622fab77e95,dense_v1_train_x2.98_family0/variant_15,58,0.9049983501434327,-63.81986692525178,-158.11153000224826,133.13896503809096,236.37197411603776,2.199667725759788,-0.02758935391902924,-6.872950576789939,1.7118571996688843,0.07783662527799606,1.2596333026885986,-34.96392619149745,28.249660699625444,19.52016155351952,4.375769138336182,0.02633786015212536,0.6414555311203003,-11.62057734912069,-9.868229992077742,-2.9187594055365325,1,1,1,1,1,1,1
pi3_causal_upstream_000508,upstream,4fdfe5f1889117d83ad13cae23743fd0d48963b460adc306131ee80f68380a7f,0bcbe580339f2e5fd30298cbb985124c1c79c8b64d4898a4e04a2d4eb7f9ebeb,dense_v1_train_x2.98_family0,188a0a9b6db33008653b22256dbc18ee09d0e7edca1d8997ed1678034f81f82f,3ff1cb36fad919fd088d0115c5e090fa8498d8411f127b70c497ba5e567b2025,dense_v1_train_x2.98_family0/variant_15,60,0.8968294048309327,-67.42135054251864,-93.31352534633729,139.38798707200564,97.99935613585703,2.705531710537809,-0.03475444406270981,-8.371084972877993,1.6481988430023193,0.04146234318614006,0.5557916164398193,-40.449657510190306,34.12180143287531,20.110269407241113,4.443419933319092,0.028484757989645004,0.6760092377662659,-2.304326746940001,-105.58204090710842,-2.2298449462172187,1,1,1,1,1,1,1
pi3_causal_upstream_000509,upstream,1c6d67daf4b65784b780562e3e86997cf0d31a4ea0068bce152f05325f1900e5,2d74f9e0e1dc56e94e8272e41c6e2d66eaad082f7b53ae064b4af05c386da531,dense_v1_train_x2.98_family0,d6a9b0b1a8f3be8220e09cb574a7b1e113a2aa71bb7130f9281f2de20a4dcde7,059effb15689a591b959c03826a646585c7d185903f13df48bf5ba94e676bc7f,dense_v1_train_x2.98_family0/variant_15,61,0.8924788379669191,-68.38105359260796,-71.08447661704486,140.90687087925474,61.062150727102456,2.987142583202863,-0.03321524828672409,-9.181400992299901,1.6339699029922485,0.03011504001915455,0.273436039686203,-41.80291947535034,32.86841049375919,20.34226532013706,4.476563930511475,0.02909417264163494,0.683709442615509,4.392566799108309,-130.02681666353132,-1.894145954438656,1,1,1,1,1,1,1
pi3_causal_downstream_000510,downstream,6ddfef4d9f9ad7307f54515e3b813c6cbfcab07c7d69ca16d5eb07ec138db373,2f2a988886efde581cffbc490e80d87a82516e843a473a1fc3972b498779eafa,dense_v1_train_x2.98_family0,736e2f94acd17a325d4dc5a025c15c0f328f0bff8df82a3f343476c71e28262d,da50cc823956f9e3e5c2c8e7cb4376bd84720dbee85100a7e4f7702b8eac1ef7,dense_v1_train_x2.98_family0/variant_15,63,0.8479875659942627,-69.14981870444957,-40.51992308127681,141.1895177674882,-57.11795553804104,3.806055913100499,-0.06035656750202179,-10.832107911751347,1.5713506937026978,-0.010424105450510979,-0.37812116742134094,-41.21154462153772,55.08610061846189,20.772229143483948,4.541583061218262,0.029375271871685982,0.68109130859375,15.612538612368942,-109.52993805869998,-1.2597725260081933,1,1,1,1,1,1,1
pi3_causal_downstream_000511,downstream,757b4a8233f4f15295bc658e00becd54a6e13739a3d1534b0dc1bb9ecbf64623,8ce53de50afb541abea8e2e30a01c6afbca37ccc258a94c6a403d28b7c73f795,dense_v1_train_x2.98_family0,6e589f7d8f4540db89c8f916105f1aedb83e76a33ffa1446d7b118e1b736554e,d84d278392bbcfe65f06717421780f77840cc93447bef9d02865ab98365b5b58,dense_v1_train_x2.98_family0/variant_15,65,0.8373094844818116,-68.83362875720218,-14.79412314790321,137.62633102089762,-85.4718193111915,5.306281510818292,-0.05335451722145081,-12.366881797083094,1.5661998987197876,-0.018605152145028114,-0.8331431746482849,-37.32992762565196,49.33302545037098,20.436240185379972,4.604609966278076,0.02830270305275917,0.6544245481491089,23.79145108683826,-72.67480420301229,-0.7681635657686291,1,1,1,1,1,1,1
pi3_causal_downstream_000512,downstream,8ff01d18a2a1026449c0c8285ede8f8c1a1762136fe7d34d29b42c5d276bf77c,7905e4cff5997bf8d357a78dc4e481973761692bf3b9055e5b4fea2161183d9c,dense_v1_train_x2.98_family0,3293071abee105eb25f0d1a299c78c7ed786066acc89f7aafa4ee138dfe1bfc7,5ce47c5212de7e38066ec5f2d4b282632fe6a71fd7645b1c6602a0851bec7ada,dense_v1_train_x2.98_family0/variant_15,66,0.9094883728027344,-66.70306052864342,76.61796120331985,136.20480473007788,-48.726651501141006,4.693798974026408,0.0352141946554184,-13.052825653645327,1.6230612993240356,-0.012938400730490685,-1.0058586597442627,-35.70046305574036,-23.15552290906964,20.579452176802214,4.637083530426025,0.027721671387553215,0.6348714232444763,26.393526056823216,-52.49726084754113,-0.23045473059933638,1,1,1,1,1,1,1
pi3_causal_downstream_000513,downstream,1cae878f61daba87a1b0c6b4ded3bb47ef3f82a8f0c3fb769243050ae2539927,830f45c1fca1decc2db806400ce44cf370fc81ebea362d3ff283bf325f201b2c,dense_v1_train_x2.98_family0,27786494724594d025eaebe745a890eb6a04c40bdd083a80a05131ea58c40b96,660ec94976c715ba5491f37d9739178eb1143d61b85780d368a5247ad9910b41,dense_v1_train_x2.98_family0/variant_15,68,0.9086848831176758,-62.07411838472071,77.74313924643107,133.66260832099914,-22.748631464739052,3.126595262725635,0.04840122878551484,-14.320876070445774,1.64357328414917,0.0062390780076384544,-1.3312432765960693,-32.20859714446304,-33.94702030710927,22.4904434839234,4.702394485473633,0.026804449036717415,0.584880530834198,30.22460819058734,-31.33190479845147,1.0177903523876242,1,1,1,1,1,1,1
pi3_causal_downstream_000514,downstream,8dc372364939fd9098cab039206dfafd11a23b742d02c859b6127e5716e3142f,a2cd76c87ca82867a271601f387f86c932fd886e03cd073948daf453fb2780d7,dense_v1_train_x2.98_family0,6b346ae93bf7398f02f4b3ef2717057c1a2feafeaeafc1b1b271f6d6289cd6c7,489c8b6fc382c1d47d4f02252628cea390f674a8dc98e6cb1b25c6bac5a01940,dense_v1_train_x2.98_family0/variant_15,69,0.851041374206543,-60.187777230314104,39.53479123690753,132.05765046982955,-107.25211095163574,2.7262794819919858,-0.017264957278966906,-14.916463157927014,1.5716111660003662,-0.03100578859448433,-1.670414686203003,-30.005509382391672,19.793017365577775,23.780804529469503,4.734686851501465,0.026293082162737846,0.5538219213485718,30.79915345828506,-12.038749704639198,1.5936587234064354,1,1,1,1,1,1,1
pi3_causal_downstream_000515,downstream,36498d6fa77ab9d2fd52313e848a060038612be42bbfdb3a65b7b69da8ec45e8,aae0207498fa5edd901a84b992636006c8f2e2153bfa2868e6245865e419f982,dense_v1_train_x2.98_family0,e046b1d1f98b168978e2294431880f71ae1448813609c930d3579d943bdae7e0,9ba51afcbbefc30db7296b3ccfc9e1cd1934e5e9c376316584923bd8f43aae23,dense_v1_train_x2.98_family0/variant_15,71,0.8331060504913331,-56.256904325228795,4.934456078610549,130.11886029278642,-86.50612168739569,1.401266112727933,-0.03554562330245972,-16.031218328589947,1.5758365392684937,-0.012410225346684456,-1.9895480871200562,-27.366711900334142,34.7517702705931,25.480770311993975,4.800294399261475,0.02612348645925522,0.4829041659832001,31.949029465435043,-3.145400723647014,2.946741458737334,1,1,1,1,1,1,1
pi3_causal_downstream_000516,downstream,b15a8bd740125bcf1f396d327cf90e839e16a20e5efd4ef0106760d0228bc9ff,07da4a4a977f1323cf79ce68842310002549c18f43d04000a8205911d1a88e71,dense_v1_train_x2.98_family0,2e6186476c51a52cc0f80e90ff1ee39098e1ea3f1aee1ba806232bd956c4426c,183e6df44198fe44f739a466034335eb01967ff8c250fc363a9e569251d2f2af,dense_v1_train_x2.98_family0/variant_15,72,0.9335387229919434,-54.31730135567443,62.21491590427136,130.5434248515944,99.61581602558891,0.3112067679752518,0.0868491840362549,-16.570861581371762,1.7363574504852295,0.09785206615924835,-1.8317735195159912,-27.765763995044846,-65.43869689062568,25.31363387545647,4.834168434143066,0.0269854124635458,0.444622278213501,32.6699081210057,-5.853517368704179,3.7790123672526748,1,1,1,1,1,1,1
pi3_causal_downstream_000517,downstream,2054d8045c100a2f8bf8b221974011c556a3b9d7509d7993fb1ccf92222cf759,ca77112027f37a8a6657724699e7b0a78bce468462912b8a79d455dcd95bc108,dense_v1_train_x2.98_family0,10d4bb1958b26b21c36d6eddc4aeebc89d72f0386272a9ee50cdde5714fec46f,903b3b194c33fc47de7a587bba8c0939426b014f4c50d97409d97bddf8b87f05,dense_v1_train_x2.98_family0/variant_15,74,0.9344727897644044,-52.15695350233442,53.03258375393005,131.44748235051563,133.0501452581241,-0.738069752404107,0.09124460339546205,-17.659040785035,1.764861822128296,0.13189011812210083,-2.1368212699890137,-27.487153748610854,-69.04597933849787,26.7615144511887,4.901484966278076,0.029107648879289627,0.35769033432006836,33.28858324093087,-4.981199758856,5.201322457078492,1,1,1,1,1,1,1
pi3_causal_downstream_000518,downstream,ec53f401cc82014e01afdaa096384d425b3bd7914d34767038b378e90812fa31,401dfaf9e42018efa918ffd3d14e348e50ad367f5bb1f5e2270bb3e17b997327,dense_v1_train_x2.98_family0,2da1e063d5d25841c2dd867acc50c44d83677577392b39bc7e5225924fb728dc,c8f203f6a4e736a44cbc0e4b7fa659d9a2f6e7136d3e735cd993d4f34e58f13e,dense_v1_train_x2.98_family0/variant_15,75,0.7977790737152101,-51.64472346552931,-41.844699742503316,131.3372704180683,-91.3115149383365,-0.7072681012597041,-0.07390916824340821,-18.205246167590825,1.5576882362365723,-0.013848147355020046,-2.7385001182556152,-25.935981929607816,66.13601822374896,28.6257411606101,4.93455696105957,0.029880546033382416,0.3076823353767395,33.13072732392812,4.717427244620216,5.773878362646118,1,1,1,1,1,1,1
pi3_causal_upstream_000519,upstream,fd21bc3e7e360d2e223b98b1ea7972db5953c56eed837140e3cee7e69b147541,3fd570867d3b1b8e7c365ac1429cc94e119e71322876362dfc97633ecb1d131c,dense_v1_train_x2.98_family1,b7c290a5e017af8e96c4fb798b9621feaa540173e99902de54c8de4c59b3f862,da112f34fe0f90113f58f423d2b5fab0fbccef36a42b1ca563b7a29ed45e19df,dense_v1_train_x2.98_family1/variant_1,10,0.5385491085052491,-52.29256007811585,697.7365539833052,109.72560248785334,-911.9635248477875,-0.062081499927695426,0.3435561609268189,0.7285017495890047,0.3942544162273407,0.01601620949804783,0.056786783039569855,7.495505090458999,14.987091359881704,6.156155366864628,2.8604230880737305,0.005090294871479273,0.11896942555904388,2.249542439937563,-0.36112469457985635,2.9188880329738582,1,1,1,1,1,1,1
pi3_causal_upstream_000520,upstream,91e5c4aa9686e6e6ade884f6ce53e430384db61407fb472755de377940ff56af,ce3e39ed17ed1568cdf8fa1a82bcd73056355f29f6c6262a775b87a796b2f18f,dense_v1_train_x2.98_family1,f42bf62251ecd51789ee6bfa1eda68ceb53a4d0130df7d40acf7d08c9e2ca2d8,7c85c29d2620947f728392eb434142e2afd6bb8a23d075b51ba18950cf4357d4,dense_v1_train_x2.98_family1/variant_1,12,-1.1337904357910158,-46.506112605740256,-228.59652774603026,68.49858065765636,-1304.6524650635445,14.69798228747793,-1.011396713256836,0.8924326892520178,0.741701602935791,-0.0584806352853775,1.8805902004241943,-0.5602615812350755,711.3330017526994,-10.995194983430567,2.883434772491455,0.0046894061379134655,0.15877552330493927,5.487665542888439,24.224700231175923,3.1240575089952323,1,1,1,1,1,1,1
pi3_causal_upstream_000521,upstream,df889f2328d48a9edf7840bcc803534da00004416e5e6878c487aca05c60123c,ba67b272a0570a821a31a94ca30ad76641547a6caf23c8890255cf33be4f9756,dense_v1_train_x2.98_family1,522ed6aa0765bb9a4e96abb5e7d7e1cb32e15e0580f8f27c96dd096656dbc40d,377bc358e02aabf60a187958b7ad5125d45db6f29920f8e2097f81e0accff8bf,dense_v1_train_x2.98_family1/variant_1,14,-0.42856935501098636,-60.09173111020538,-276.8128138520096,46.766332567833985,330.42365166635665,34.75016450921251,-0.2468064332008362,0.9630652940097534,1.6413848400115967,-0.018614253029227257,3.138948440551758,9.721832571181336,85.4496553473348,-20.40413146609174,2.9319751262664795,0.003360758302733302,0.2718118131160736,8.315338672951153,-92.20956187078812,2.9754790660927317,1,1,1,1,1,1,1
pi3_causal_upstream_000522,upstream,f6620da6cdb7f238da976e9d1332bf98c91127a66ff07f5e65286a7170daf1d6,e03cefe924a91e2725ec72debcfadb2948e5fe8ef202ede2fe4830918a5cb196,dense_v1_train_x2.98_family1,81e44694a8f0ac2c293ede55ce12ad037a22745bc85c9f64e2163f9a7e7a5c0b,b40de12fbd3e50ae8f89f1f680473ae8b08d0e0ae1ee6d73d85d0e002cb06628,dense_v1_train_x2.98_family1/variant_1,16,-0.19694651365280152,-65.286971068403,-39.472021798435115,73.96981489983587,324.20298857787583,27.28538610116572,0.4728420972824097,0.6431799856493673,1.6590732336044312,-0.027199627831578255,2.6267645359039307,5.247255263821861,-107.34080778819752,-20.292071967473927,3.003830909729004,0.0025374675169587135,0.3953564167022705,39.49030621484324,-60.19012681538859,1.560244914782391,1,1,1,1,1,1,1
pi3_causal_upstream_000523,upstream,9a1e9fff47a86100f82295b232ec6d6a53ecf16acc76255075d8a6a2755ac832,d9199738052e08b901339b4b2071604dfb11639c9769a4d40a6f73a47add619d,dense_v1_train_x2.98_family1,31cb3f41bb20f758b497680f29a2c5402dfaf2d33eca91abef22c9326ae2d23b,09096e04272bde3f7543cf7230fe85a0e1feceefb2fe59c5d582e4550387aef1,dense_v1_train_x2.98_family1/variant_1,17,-0.30569067478179934,-63.27224284816767,128.16449728443564,73.12034427276139,-242.05113980711997,26.07087355989699,0.3398309755325318,0.5449487937157643,1.4115068912506104,-0.022958137094974518,1.6781086921691895,4.3842053669037435,1.5316280864666931,-17.776865050900486,3.03378963470459,0.0020479473751038313,0.4354255795478821,35.94728901687169,52.255250169774655,1.140440390927991,1,1,1,1,1,1,1
pi3_causal_upstream_000524,upstream,9321346d3883bfe45368d51c98699be9dc4c67dd843337ee89ae14f38801db73,6c61b790b415d48d9eee023cae5893f46097dea1e2252ef83dfc50ce62353dd3,dense_v1_train_x2.98_family1,3ade79019a31116c094337ccb2447bb5f2602d21517a92fac8380ec664ef0a2b,d6355761a5d59041546b1ec45642b80422236faf0a10999171edd323fe22997f,dense_v1_train_x2.98_family1/variant_1,19,-0.18956712245941165,-49.8636799224622,441.57235821872797,47.807611982275354,-579.174196181262,26.05159550035198,0.48158819198608405,0.3891013733481019,1.2909024953842163,-0.01478271558880806,0.8897066116333008,6.54765796810835,-114.462331847068,-22.551671007190688,3.0836594104766846,0.0013423424679785967,0.4760415554046631,35.87821872888994,27.495551466195383,0.3358219605427259,1,1,1,1,1,1,1
pi3_causal_upstream_000525,upstream,5ced4a62352bee2661cf51b131780eec13e6dfb72fb1bcfa9602202dcff38ce0,0d4a106d3ed6f093dbccccdb4a67090fb2e3b4daa87ef51ccb7cd218bf866ff1,dense_v1_train_x2.98_family1,b4e160c6af5690a0521ed9496a3db39d394985c8d13ce2d72cd7353a604244e9,0e1b6bb1bfe43cec8b3a64121ee36ee57ab7cdd4f04d53596c7bdae91f8bab08,dense_v1_train_x2.98_family1/variant_1,21,-0.09138362526893616,-30.257136966509524,517.3093479625213,26.054238117350124,-494.1575201857926,19.181441601300165,0.6080310726165772,0.17498624212834984,1.3737714290618896,-0.011663292534649372,0.7476488351821899,5.339284378924966,-217.98085649269967,-30.929722769553607,3.136615037918091,0.0008300364715978503,0.5083544254302979,38.21114155689408,-26.15951694566941,-0.8738886134083662,1,1,1,1,1,1,1
pi3_causal_upstream_000526,upstream,65c42ad09e966cba6f15035671004c79c2f57877aa78840999e1ac54c4f0d7b6,de266d6c9ed94f47c46cffd0d8ea021290042068328f8854b9e0b2ace70719c7,dense_v1_train_x2.98_family1,7625a6cc28b5a4ed4e733b2289db6367ff803d763b77fead6572e3f7f3ced5c3,d292d96946a7bd7f8f70b63df68bff4090ecfe74a513b69f0ff3776c6ff47e3a,dense_v1_train_x2.98_family1/variant_1,23,-0.1332794189453125,-14.123167198749824,376.73667823935523,10.6011460022869,-325.45056361091366,12.378833009268204,0.5553152465820314,-0.061144005079042635,1.472699522972107,-0.012554148212075233,0.761352002620697,1.688164923185984,-174.78042908674595,-36.17401373127568,3.19342041015625,0.00035576705704443157,0.539866030216217,40.01295229013262,6.155135107357357,-2.2794349505752702,1,1,1,1,1,1,1
pi3_causal_upstream_000527,upstream,5d64abc2a38feb479535023d2c38e9de2f25c2720b7a161639d0e618f29d188f,f8986a90675ccc77a03fa652071e155b2857db6bff7d66c68b61566ff50f12ca,dense_v1_train_x2.98_family1,2019696fedb2464cfdc7e9238a227c6b852b4eb2c3793899775993269b95e24d,12869d688f5aa532aec60cb2ad56192ca1547dc1cecf4acb3e71a5e87eb99684,dense_v1_train_x2.98_family1/variant_1,25,-0.15551121950149538,-6.316568762824724,260.56966777923543,6.906858470332967,-149.30163782206398,7.517101825818227,0.5277784013748169,-0.33019515399265076,1.5721756219863892,-0.017583979293704033,0.6632501482963562,-1.9460131020904279,-152.26689614833333,-40.15385567761539,3.2556591033935547,-0.0002985541068483144,0.5709935426712036,40.818924857477874,11.58545737018213,-3.8038477657782264,1,1,1,1,1,1,1
pi3_causal_upstream_000528,upstream,276554283ca7098ec2e34368d466219b32e679de98752a272f2cb3cfc406a318,13ccc5a5ff5a9458f37e632d25ed4530020e5603f016f185bc9a20a478ffbc3e,dense_v1_train_x2.98_family1,cc9415de922a7b003528e79fe368ff965c06e93e710680fc73d83fed236fda64,fa8ebe49c00398a19b3cf0dce55d238a062172221005eebe10a17d3f6963ddb5,dense_v1_train_x2.98_family1/variant_1,26,-0.183449342250824,-4.161730310823972,191.67924599908463,6.964121495673885,-82.68024586532641,5.726919496104467,0.4925324678421021,-0.4767466993694572,1.6032273769378662,-0.020197531208395958,0.5987674593925476,-3.5101383748543955,-123.43662668057448,-41.032241910541124,3.2877776622772217,-0.0007005844381637871,0.5845332741737366,41.08947889578583,17.479377869147875,-4.592477341569027,1,1,1,1,1,1,1
pi3_causal_upstream_000529,upstream,bba4649500624fca5dc47e8f7d1ebeb4056863c3299468b9b8aeb3e89b98b6dd,57a81811832852633919e1c300f53ad41b146407c23f8810742d38354549d185,dense_v1_train_x2.98_family1,d3f6dc667ea3fb091657e663fb54d3652c2b5951a33b5fcd8c5e06defb5ab44f,67b88b75a808c9d78ff0b764e71fa5689f0f445baa42cc9cf8dd0f4bcb1ddc21,dense_v1_train_x2.98_family1/variant_1,28,-0.23084423542022708,-2.6526725844695864,105.55750003742057,9.376249758614431,-13.443766574461364,3.46717207074156,0.44223392009735113,-0.7962400000030148,1.657092809677124,-0.024615803733468056,0.5145735144615173,-6.0209432345077625,-82.27789991188847,-42.29899269967379,3.3534858226776123,-0.0016424809582531452,0.6079599261283875,41.053265232806424,34.79407987740674,-6.199849136444525,1,1,1,1,1,1,1
pi3_causal_upstream_000530,upstream,ae0d28a4e6c3910f17d4f0a25da92414f1c388ef76a48cb3094736962d69fad2,c784ba254269f6929cf2898d2eb0fc6233cd36b504ad58bdeb34a14cb233c725,dense_v1_train_x2.98_family1,d4b87ce56ba68e289e834cf635b0bd100797dbe5f52b560814f6a662e74e913d,26f2e3cb4663625a56f9b09bee0a92c13f4f2894624ae835ffd530a56720f01b,dense_v1_train_x2.98_family1/variant_1,29,-0.2117771100997925,-2.908823034478459,184.75359810523176,11.159456764101144,-108.54414368598121,2.9069692260647177,0.4742391920089722,-0.9688766931844831,1.651082992553711,-0.024112116545438766,0.37785524129867554,-6.795177193440442,-108.4864285874946,-43.08834400167382,3.386969804763794,-0.0021645219530910254,0.6182537078857422,40.99935454968752,31.453239693962157,-7.013482313107113,1,1,1,1,1,1,1
pi3_causal_upstream_000531,upstream,552caafee2c648fa2aff0789dce7f7dc6f747c549d9f51e26b8edb57408cf3a3,65aa05856407eff8cf5b4867ae7751b1178ce81acca65c427f4df30c2f101062,dense_v1_train_x2.98_family1,b2a9f8531227e6a252f816e4299a7906091f815a53561ee96e4e2c0bb0a790a6,533118ee24b16cf4bc6f0e1b9642f76702ff93c8190851dad14e3245225c7a4b,dense_v1_train_x2.98_family1/variant_1,31,-0.28889639854431154,-5.330632236793853,-6.483064869127539,16.582592814145418,84.22595865563532,2.5354896774702684,0.381814079284668,-1.3436683056733947,1.7377032041549683,-0.03069942630827427,0.3996999263763428,-7.7844195310296,-32.83273300062963,-42.06774981513384,3.455747127532959,-0.003335584420710802,0.6373354196548462,41.4333515997393,25.101887765902323,-8.672302137091018,1,1,1,1,1,1,1
pi3_causal_upstream_000532,upstream,8426173f27ece056988175c7e6cc9c8453477b7200de647489482fd1e5125fb0,1ffd9430ddb9611b89dd8aa49800069c4ea3f8aca6e8b2624f93acf07fff934c,dense_v1_train_x2.98_family1,25e46b17d4c35a8e99a698b806464743cb7d2ed1fb5c9ca41cc3b3afb993604a,5c4fb042db40628215a3c8a32f9268f1240b8c40b810f0f5661cb4f95c184e6c,dense_v1_train_x2.98_family1/variant_1,32,-0.3097799873352051,-3.970397929151698,-38.324587583913406,16.214706872617484,83.77882715180961,1.4863524882629453,0.35052511215209964,-1.5333165150579746,1.7310233116149902,-0.02941693365573883,0.2556856572628021,-8.418073255804607,-7.218817542276367,-41.65563669118278,3.4898874759674072,-0.003880328731611371,0.6427450180053711,40.8185321216006,12.657573381178814,-9.484266581417813,1,1,1,1,1,1,1
pi3_causal_upstream_000533,upstream,e6b1a2c5340054bd2c5356d5d6c7631ad2852f4f6af957d060d3b8cabd3bf9c3,75eee3bb824acce95355e9349c8eeae9caf525544130aac5db74fc0c86ff38f0,dense_v1_train_x2.98_family1,54d9543d9e623b6935284b04981f80bedddbb5310dbb7b4a45f737d5d2bd4a06,cfa479d4c987d4bf1171f36252ba5842f20ed2cb184ac9d022e413ce83aa9425,dense_v1_train_x2.98_family1/variant_1,33,-0.4012737369537354,-9.870028893150394,-253.96069477606108,22.139860119110402,246.70973863241886,3.7509076433972743,0.2201636838912964,-1.7244009361628254,1.785240650177002,-0.0288831926882267,0.4565425515174866,-6.919281303772751,99.49885586624163,-37.595328286231144,3.525341749191284,-0.00447287131100893,0.651546835899353,41.65238552113785,31.61179229026025,-10.319842139138865,1,1,1,1,1,1,1
pi3_causal_upstream_000534,upstream,adf2922fc40c4abb685b7493c035686a16aae010c3a075e06ba6c63381fb229d,44502d3f0b85147fb1224b1d85eb4cfc267854dceebe812ee4ad2b496f7d4df8,dense_v1_train_x2.98_family1,980270f35807e93d60f6bba4b25f468d7fbb0320eec9b91c2bbc0339bdd2594d,ed5137611d78f7f69a07c953632e7c6aa2e3506bec0fbf1e6bfb02e62fc5a7d9,dense_v1_train_x2.98_family1/variant_1,35,-0.29975098609924317,-15.107097783598828,-198.27380730311026,29.946817566853753,403.1807664790568,4.508414221984191,0.9859166908264161,-2.1069655370961926,1.9124314785003662,-0.05013490095734596,0.26160338521003723,-6.632420615708209,-10.628953409945314,-39.86593588334267,3.5975992679595947,-0.005814637988805771,0.6620557308197021,39.567589805301935,38.989786537370115,-11.916713714380197,1,1,1,1,1,1,1
pi3_causal_upstream_000535,upstream,591d04585d5960fa11dfc2c1e3017b90a84c3cfcb7d16e2dc5d6dab7c11ee510,c93475cd2123ada4fb70762605bd5d44b7296c16a5447a5d8d62e40c6cf14dc7,dense_v1_train_x2.98_family1,22b9758256bb49ea41d3a326939f0f22871da3ae812923ffb2188595f13de887,13ef387a66b385f8f5cbf9eb8b2738f1592678fb2364265f05314d075a6a0af0,dense_v1_train_x2.98_family1/variant_1,36,-0.34117035865783696,-20.21438368830691,-142.92509615634515,36.410727597340816,182.08045330938555,5.830058585747272,0.9328445148468019,-2.29859623807326,1.8188862800598145,-0.034631308168172836,0.0077413287945091724,-5.6542444652349415,32.81066124432674,-34.856900542297936,3.634648323059082,-0.006564936134964228,0.6661041378974915,39.824305880351446,24.94523908483537,-12.684665299084637,1,1,1,1,1,1,1
pi3_causal_upstream_000536,upstream,33b56df3a3b6514df1eff83de1d250d9fa227d4283011d3797c4f99cde5e44f7,ae34714355937161dacd9fcc1bd7011fa3016840c9e002291ca84f7728c447e0,dense_v1_train_x2.98_family1,84b23ad4cbbb9d7461db182ec72c88246409ac66ed30c0839ebd562a0b1aeaec,f7b7780105af846b4e89982bbd8044e1f783c50400b66f7a74302b430c8a46a7,dense_v1_train_x2.98_family1/variant_1,38,-0.39955704212188725,-35.89033889957213,-466.128664134108,60.105377828167065,669.2280547273457,8.372015160195588,0.8651139926910402,-2.6898914234557627,2.0111684799194336,-0.05087219551205635,0.4438033103942871,-5.372130331756734,88.2960957028026,-27.845842840421366,3.713653564453125,-0.008622612804174423,0.6799553036689758,39.28465604912332,31.954432145068523,-14.103865055271452,1,1,1,1,1,1,1
pi3_causal_upstream_000537,upstream,f2e0bed779f02a64fababb01f1a758af8e1757d312878d4ca520a0d4ec2f743e,87a8c6f380fad41f3e245cad5b12a96ed8260267e0e797ea0cfecf39ef200332,dense_v1_train_x2.98_family1,a2b8017f726698499466e5758fc4b45081db5d5a2a8ecdf5ebaa492903fddb7e,0f2e01d92e65f0cfbcd41ef2c127f39ff6b5d50965f29dbe270658c3825b33ff,dense_v1_train_x2.98_family1/variant_1,39,-0.37057964324951176,-45.48441534364931,-379.5987733884007,73.16353838907254,572.4927958521288,10.404430336646893,0.9080915451049806,-2.8987523328468945,1.986670970916748,-0.047366268932819366,0.2522428631782532,-5.416824955251182,53.08067170078152,-24.622768778646144,3.753619432449341,-0.009522284381091595,0.6886125802993774,38.62904668126131,28.319437912186295,-14.716917210849912,1,1,1,1,1,1,1
pi3_causal_upstream_000538,upstream,e9b028ed2125b2c23a17bc640dc1c382a8c2cf04487e2e35d158656cade6362c,3f63e84c06654ab45daf3de7b435ca73c17d64e102edbaaed48465146238f6d0,dense_v1_train_x2.98_family1,d96f1112d6ab931aabc63b6a7775035b7cf3a406b5a9134e69b5d4132a829d18,b65c264cfe48641df2ae13b3e8da691f8b578ec3820d22901ec5bf1c108bfed5,dense_v1_train_x2.98_family1/variant_1,40,-0.21554558753967287,-52.95616759749595,-267.8726153228398,88.23897483077378,767.1224786669837,9.843015657825408,1.1155895519256593,-3.1089990252663693,2.1168453693389893,-0.0688689723610878,0.4043685793876648,-7.422303391803034,-116.7953332222476,-24.935839036990142,3.795217514038086,-0.010685209184885025,0.6979419589042664,35.698946753744615,61.639971070507194,-15.17827364955172,1,1,1,1,1,1,1
pi3_causal_upstream_000539,upstream,72a25209883d1f7564fea0f8dbec3e9eb271728f5a79107f2ce17a4e7e8a592a,8528043d24455b8ae2ca851e75b6ff6dd8183ad8862f4b53351973620315cac9,dense_v1_train_x2.98_family1,c852ac289c7c99fac3f79a2424e2100d9678324a02c194bb48988f67e3c94449,aab3283843bd53a5cb861df0d025012d432a5433bf74496e8474bd09ee16bbbf,dense_v1_train_x2.98_family1/variant_1,41,-0.18186637878417972,-58.29476298108839,-192.32420710203058,103.73666722734355,716.836822827409,7.3975584428064245,1.1631474494934082,-3.341972582524231,2.1092276573181152,-0.0696861669421196,0.26112058758735657,-10.889017985235427,-155.73515692583908,-22.37760875883479,3.8375473022460938,-0.011995319277048111,0.7063000202178955,34.41313973682762,39.52540314189335,-15.505147074165556,1,1,1,1,1,1,1
pi3_causal_downstream_000540,downstream,523781d895c91284c016e1a422dd033dcd26f063305a30e2b8fabd06f11a6c61,591b87df3e5b3bb6f13110955a011ef2ae45de9bbf36fa4a4d2d595743cf38be,dense_v1_train_x2.98_family1,1dcc2edbc66d632c8f3be1c9d18b30818edaa163debdac333f79c668feeab5f0,48c9c67d5573e4551c41913a2a0cc116a237af7cde5194f2a32828376775402b,dense_v1_train_x2.98_family1/variant_1,42,-0.21313348293304446,-62.16648303286679,-135.0541774021192,116.33234201916912,538.3814104577377,4.965714857548654,1.130491695404053,-3.6221468670350525,2.030029535293579,-0.06626208871603012,-0.17891670763492584,-14.25912382172622,-129.02036096857327,-19.66446296011438,3.8787009716033936,-0.01324423961341381,0.707826554775238,33.19175506416219,33.48411448139541,-15.766173760543976,1,1,1,1,1,1,1
pi3_causal_downstream_000541,downstream,ba55a1e96a579bec520ffbde1e81daa37bc95b887c708d6d191ce3fa118dd53d,cadf6586df5aa887b09ae06f8290932bfa56b5e2f4bfeb774e69d0329377a4bc,dense_v1_train_x2.98_family1,d0b531e94afed73e40d02f81f711136c008563290bf5fffd232d7fa765897905,23d377b2641a43d73406dddec322959b9f7414dc3ea71a6aacf2545dcca3d27a,dense_v1_train_x2.98_family1/variant_1,44,-0.32659746170043946,-66.64188935443678,-52.865291930588924,125.09977774347259,132.60091005603402,3.929766713599065,1.0161979579925537,-4.269397726727063,1.8423447608947754,-0.06543535739183426,-1.372705340385437,-15.879527291930154,-35.48660641773267,-17.391927542109617,3.953305721282959,-0.015564676374197006,0.6687020659446716,17.79212540105359,92.22745013622439,-16.341820034631972,1,1,1,1,1,1,1
pi3_causal_downstream_000542,downstream,c2bb8a192a78886090150a6df1f4e89179770f494d012af249a3870463d0aafa,813c8154d6e8cf5f6aa39f2f43028fa56e834361098845c1eda47a01969ef866,dense_v1_train_x2.98_family1,5e79f3f8a1798f52096774093d08ef734855737ecacf1b480948d255b01d2bc8,35d650aeb937c32ee38530769e7d43402bf0b6ff65672d8de7dcdfc0b8e8e938,dense_v1_train_x2.98_family1/variant_1,45,-0.31343214035034184,-67.88410268897617,-20.82011218466032,127.57466946847002,108.7228077742904,3.4043192560902074,1.0329335880279542,-4.613398858154349,1.8402880430221558,-0.07043609023094177,-1.6316895484924316,-16.67219635831952,-49.1753368730029,-17.34248721780248,3.9898953437805176,-0.01681019924581051,0.639140248298645,15.795136889640062,55.05735235224531,-16.635434799127673,1,1,1,1,1,1,1
pi3_causal_downstream_000543,downstream,7f7ba1267a64482660bcfa485ce0f163c5697b4412510e1748869a5bdb868175,5db302a707f8d5251826deb77871ebd372ac4d3aac95a74e2ce1ef8f737e7666,dense_v1_train_x2.98_family1,9528815afab2a4a4bdd7ccb2f5f98c3a83b1bb72000c131ccdd609e15831802b,15eb961881ebc88826669f4648744e7663d7145f37738cc66255657d0a1b39da,dense_v1_train_x2.98_family1/variant_1,46,-0.3006479358673096,-68.65401527259834,-1.3856736673709849,129.7903281937088,103.10537333292677,2.6380775759193953,1.0470670223236085,-4.969694228021369,1.8437654972076416,-0.07396586984395981,-1.845513105392456,-17.52593926871985,-60.755044931451174,-17.243449474837295,4.026495456695557,-0.018129486590623856,0.6049486994743347,15.864958498430518,14.272330846260086,-16.912581727252864,1,1,1,1,1,1,1
pi3_causal_downstream_000544,downstream,7dc604015b48abe0fa8c5a6c80314a0b0bd8c913a15b2528c6b1fdcef000177a,3728cb8462be704d2d5eaee22a25616dbed136e1fd45a54195e5929eefde8ab9,dense_v1_train_x2.98_family1,0dfce948079a42f0cba5e5af2c2b29ce47269fb9fa398b37b20b90aed908ad8c,1b7cee0d27a39e02880b0bdf657e8f3fbf7927254f344caae9484c152619baf8,dense_v1_train_x2.98_family1/variant_1,48,-0.313036904335022,-69.26286516540246,21.905082611674967,133.132899830108,32.54924258403367,0.8499681141703281,1.0349224185943604,-5.714902329360992,1.819960117340088,-0.08233128488063812,-2.3874340057373047,-18.675951879653237,-50.781264611034636,-16.781349611445496,4.099484443664551,-0.020973358303308487,0.5223129391670227,15.949768957354566,1.1241476450419006,-17.42232204617436,1,1,1,1,1,1,1
pi3_causal_downstream_000545,downstream,2d9cb9a7a1e7c0745c3f06bdd6231d5a91d253380ed1360c69f006c41b8e7495,01ea957ff86a05cfebc818950a25ff9c500ffcc02bfe66b667cd28eb953af1a6,dense_v1_train_x2.98_family1,b97646ca338004f187ce781aca9d1396bdd92f1b085e6725ff794df38097969b,e47f26307d6c82d73160b88df37ee58418b0f806579be91ad2eab5a101a6eaa8,dense_v1_train_x2.98_family1/variant_1,49,-0.3156647682189942,-69.30691305535987,28.273918116462745,133.60502982629595,14.347307540326609,0.21463411127785972,1.0319940471649172,-6.09104309448175,1.8145331144332886,-0.08489378541707993,-2.6212799549102783,-18.736798619874296,-48.3688042301457,-16.78545284758938,4.13552713394165,-0.02250700816512108,0.4725921154022217,16.423705538577995,-2.9626538897614454,-17.69083248126836,1,1,1,1,1,1,1
pi3_causal_downstream_000546,downstream,f0329312a7366a274e14ccbcbce3af5a671f6e133c498ff5bbf1a122c26cd162,7e0c910c14b549f66557be21736a9022944cc666dfb7aa0cc218476292cb19bd,dense_v1_train_x2.98_family1,970d1f4b592d98ce4be37ea9696fc9d7b3fda805a7523e268805c35b86b9ae57,bc8e32ca0ab4f1bced4dbb810e6505804b27960b525463cded66b42429c9553e,dense_v1_train_x2.98_family1/variant_1,51,-0.28232782363891606,-67.84188528971632,98.300383063147,132.7750935402477,-37.118184931192395,-1.4434824886472257,1.5296286010742188,-6.824441694657282,1.822069764137268,-0.10477077960968018,-3.1581602096557617,-18.159577625569227,-76.10353867579117,-17.08766310515306,4.207492351531982,-0.0260459054261446,0.35688474774360657,18.237513499093655,-14.820602083768058,-18.180152981846444,1,1,1,1,1,1,1
pi3_causal_downstream_000547,downstream,dd7f7c5c3be50cc531406fa19a6e917c5b1f416d89789e1a4d36c375b9a6d6a0,c49914ca92227ed0aa7cef5617880c713349bd8956308843cf4880ca84f40738,dense_v1_train_x2.98_family1,dd2a83b05e8ec4dec026d2db376386856aab659941d875287a4356a603d43dd9,609b58c45f7940c3fb152721bce749b8242ca406a807935a91d1d5cece9859d4,dense_v1_train_x2.98_family1/variant_1,52,-0.2981980133056641,-65.41447703982881,140.5477122119388,130.50432884878526,-154.07690993876503,-2.7165898087378726,1.5116885375976563,-7.168107196667334,1.7892783880233765,-0.1263190060853958,-3.619277238845825,-16.881584345062727,-61.432005470658645,-16.813419057146,4.24336576461792,-0.028373057022690773,0.2883092761039734,19.336559238440408,-16.117045412770057,-18.367159163406708,1,1,1,1,1,1,1
pi3_causal_upstream_000548,upstream,1423cc00e8b50abc19a03424a8db400f214bdd9858b86048aafd123f9f9b55dc,1116699d2ce529b08cd006ad9699e13a767bf403c0f2535224c365e1c552d04f,dense_v1_train_x2.98_family1,3d2e4ca14b4cc05f58f3f0c0df020d5244281fa685c294f523588757d99023c9,3048c4d5bb9206838b4fd646e01da7b829da39a8fe8558569401c39218ebd4c3,dense_v1_train_x2.98_family1/variant_6,10,0.6167098426818848,-52.78920703832957,687.6947552240391,109.80151321028886,-921.4184191120528,-0.015203004013521353,-0.2523762369155884,0.7226361407949419,0.49786239862442017,0.028386954218149185,-0.05506926402449608,8.329655603225147,6.691460770893799,7.435608600306218,2.8618412017822266,0.005138149950653315,0.11872556805610657,2.8148684463596445,-8.487338204177707,2.8947382568509785,1,1,1,1,1,1,1
pi3_causal_upstream_000549,upstream,c8930d1cb67d76e10ed32379dd2aeaf753bd1bf244c488a9dbef3fe89c30b94b,4bf4278c523f32718a2085b9b5a0f80103a66700b36bf076854f004f1c66992f,dense_v1_train_x2.98_family1,c100f6db3d96f976cacdc6accd3258aaefda867f8ae8b1c63af342ed9f9f3167,ceb86a3a4e65d14416590fda1734a6f23818dd8e2e3da0c655f71e4e7fcb8aaf,dense_v1_train_x2.98_family1/variant_6,12,-0.7231404495239259,-39.57417752275641,-127.26068567232454,66.16923343368273,-1308.3597824620006,9.625213268406528,-0.6993866348266602,0.9064259119299386,0.7784889340400696,0.0025821130257099867,1.6767657995224,2.8311385972928496,615.8742232710878,42.189347672927575,2.887007713317871,0.0047972677275538445,0.1455671787261963,-9.59715515184557,6.7619030731250795,3.6005792171869544,1,1,1,1,1,1,1
pi3_causal_upstream_000550,upstream,8a6e526bc9c09443f0be772c80e0cf90a4edbbdcc81c8a8659eed440df9753dc,e12ef4c7f5f2b5363e5e6ef4afd78e1c43c1f35bf5e8b5a5aa4f0e73e483794d,dense_v1_train_x2.98_family1,0519bc446d53e006e3c56f309fca6d14229e5d784c37419b98147fa1c27cc71d,c618d2216c6e3540c7868c4f8041cc9384ea4c758fcbba855edb32b9494316e7,dense_v1_train_x2.98_family1/variant_6,14,-0.49932327747344973,-55.89379780857258,-404.82156916299056,32.109566231687026,159.7886556321882,36.55302318200811,-0.26189569711685184,1.610644037915506,1.6311330795288086,0.007824303582310677,3.1405768394470215,-18.190438127786635,257.8086047883928,37.01135735747881,2.9315240383148193,0.004364025313407183,0.2550019919872284,-3.5764027357477435,-63.06085532354494,6.427161350567829,1,1,1,1,1,1,1
pi3_causal_upstream_000551,upstream,4ef60bb29b205a78c772cb03a8afd2f6eb52f7d8098db38ba349a134301fc8fe,4d0f944f672afe82e7af77906fd130f4cb1f27dd70ea44d1b8b2006de3eb7546,dense_v1_train_x2.98_family1,b9660a6225d9da5341a7f248e2edee2215c1febac64dd00adbebd323a5fe4e21,09ddf87069738fe9a6e0992fa9abf4a2a0ea4c0dff137ccba38e83b1fe0f2ec5,dense_v1_train_x2.98_family1/variant_6,16,-0.02891507059335709,-64.09209777500098,-74.86734273791056,57.759269319970215,436.92507018669465,31.761333092620525,0.2245905876159668,1.786742020272612,1.7372932434082031,0.035464588552713394,2.5711686611175537,-9.345310709221566,-140.41031612659484,26.864578590669606,3.003734588623047,0.005765682086348534,0.3705034852027893,31.91919519914043,72.20053635761411,7.431005719035408,1,1,1,1,1,1,1
pi3_causal_upstream_000552,upstream,45e38c07c225faa9438ddc109099c09c0d38335f4c57fe9a09c7b2eb388f13c7,f8d3a9202e50f23731e569dbb5b111f2173b2e39b66b98739021c62f23cabe22,dense_v1_train_x2.98_family1,58920c57750d142e0a3a7acef340d8c02917d43b8d68fd6ba14e09fcb95abe08,6f5abd4e179963a2291b27a77545c1c7fa5707ab6130c63d14c7dc8a83788a58,dense_v1_train_x2.98_family1/variant_6,17,-0.15469926834106446,-64.43435172412114,-1.2136785117343682,60.18595356980571,10.910767868873686,30.738267261127667,0.20025883913040163,1.920143457273493,1.5733383893966675,0.028160426765680313,2.0118844509124756,-10.236474518537102,-16.113411752131608,30.28367566652961,3.035970687866211,0.006362144369632006,0.4145621955394745,35.189237056743245,-35.59412384055243,8.062256331835533,1,1,1,1,1,1,1
pi3_causal_upstream_000553,upstream,96e7a884fc5eb776f07ec2ecee0b80b67f28b8499516cdf064e69fd24e601daa,1af28f93f8474b50083ec68dc1004bcfc1974e7158c79472c7ec9602a07312c3,dense_v1_train_x2.98_family1,6ad917ab75cb89863f7eee77a08f10072304ae69d85f6b472f013e573be29c94,a4fd14d46d156cc90454e6f65852849e825b71e93747895b06a604f2de370471,dense_v1_train_x2.98_family1/variant_6,19,0.0463844519853592,-52.56301507868084,433.58330451261753,46.35857710457339,-343.5254571360585,26.50589585644037,0.44837641716003424,2.1298106736248843,1.4696745872497559,0.032684147357940674,0.9451652765274048,-9.408205652419982,-219.18471831504945,32.00230152586656,3.0938775539398193,0.007481328211724758,0.4643917679786682,37.27485581037415,-10.26158229392607,9.325188776969933,1,1,1,1,1,1,1
pi3_causal_upstream_000554,upstream,6e87204621240aac401093de868399e5939be20ac2670ad748f0671a5a84332e,765f2c29eeec922d80d42eed7a37409e8156d173c147f791c63450cf20da7bdc,dense_v1_train_x2.98_family1,4117f5d558f9892dfb25f516184372fd055d9c0b56de1f4bccbebf95f27021f3,914c3560f46bd3b4ffa7f358c2b731be858f0fa573e722a02387d4814d98d2ca,dense_v1_train_x2.98_family1/variant_6,21,0.05024895131587983,-30.93210650557394,536.2027440370438,26.06437241053113,-543.1396480826488,16.88984211940819,0.4535673570632935,2.233538872558322,1.4308547973632812,0.018510041758418083,0.6552696824073792,-6.19128943306835,-223.4613319808262,40.05635472721346,3.1509130001068115,0.008525350131094456,0.4922751784324646,38.79587063664429,-14.614707738785317,10.460481613774684,1,1,1,1,1,1,1
pi3_causal_upstream_000555,upstream,21e2bec24fcc752e43b33b7cb5ca456e69eb551fe75bfeb6fb1e908b4449f198,753ae322fc029417e6b74a0af4ed060e70434e7802887cc6be6965cb7869a4a5,dense_v1_train_x2.98_family1,416f2b6f6a8822bb24ac9bead76f1e2f719382bcf82fedf5ef201ab86d224eb1,092a579427c0eb99c0163c8c463d3069dbdd3d1d994b74db26c6f2519fee5b4b,dense_v1_train_x2.98_family1/variant_6,22,0.02713190019130707,-21.053955663726754,509.6738521686073,15.256012982978032,-556.2894014803242,13.049748319756008,0.4226768636703492,2.312365720335129,1.4373658895492554,0.008326594717800617,0.6618489027023315,-4.392291457107392,-198.23820835715617,43.95183700711434,3.1794676780700684,0.008754615671932697,0.5058738589286804,39.47919691215821,-7.752366307028376,11.18050308271544,1,1,1,1,1,1,1
pi3_causal_upstream_000556,upstream,860f990761d9829d06eef50176d995cae52ce2dee73a6f3a9071eeef3e66673d,d664003faa293c3cb28699220963a7f182f141366a7c49866ab87176d608ed7a,dense_v1_train_x2.98_family1,e804793259e34d0297df226cd655ce72e4b22f23a175a48fa12a1fa98eacbf84,2eb284aebc6dec68cbb29bafcb3f7dea96187fde8666c3cc0cdefccabf4b780d,dense_v1_train_x2.98_family1/variant_6,24,0.023467044532299045,-9.356905809111309,318.89183347927394,5.753867470034631,-186.718424963391,6.934111095459766,0.41768509387969976,2.486123796503739,1.6025240421295166,0.02381996437907219,0.696843683719635,-0.7498135780506512,-194.17007938560488,44.62579226308701,3.2412960529327393,0.009431068785488605,0.5360667705535889,39.38761773576668,18.2495978112827,12.757480611470488,1,1,1,1,1,1,1
pi3_causal_upstream_000557,upstream,686b235462c77f1234fa8aff99d39877b3cf8fff348216f80cb473e9bd54a834,01eb38669aa325e6ebffb3278d82adf441b56d3117ca4ef156acb3dd0e1437ca,dense_v1_train_x2.98_family1,1648980b3ba76d9cfa1c8d28d12d580917e1062ad7a0bd5fa9b7c217bcf47727,4f4bdba6090dbc41b71437213eab706f4b12670d5e13f58e5b1cbe6f3fb4fff3,dense_v1_train_x2.98_family1/variant_6,26,-0.018110354840755464,-2.9698168372100846,181.30931129171276,5.298413380705257,-24.055396917124234,1.448471326035113,0.36165781021118165,2.6450454110793804,1.6752040386199951,0.029131030663847923,0.6470441818237305,2.404552089047122,-148.30815948652895,47.22764695947123,3.307328701019287,0.010552467778325081,0.5636334419250488,39.934425605244975,20.97371118626286,14.389065625937105,1,1,1,1,1,1,1
pi3_causal_upstream_000558,upstream,fe1230cd2fc0556385e470fa7c367d41f8fb5132b5ee86fbbae727a55144f1a4,6ce43ee3316fbd73893fc9a81c616a2f173183658b1d098eb4cf719a0acda6d3,dense_v1_train_x2.98_family1,7023c76d8844f7a20ede3f8f6325b21ffbb8a06b525c04f4b310f3053b0a4811,cb4beff674789c9799a1dbeb4fba7f75b0e7cec4cfca5f048371218052f6fa25,dense_v1_train_x2.98_family1/variant_6,27,-0.05258748531341553,-1.4555139524599519,126.19173374646086,6.364730561096599,-1.9443158000816798,-0.46386526239054426,0.3182238054275513,2.715761977867707,1.6830453872680664,0.02516634203493595,0.6155158281326294,3.338070541736142,-112.75135579960147,48.800881997040705,3.34092378616333,0.011083819903433323,0.5764719843864441,40.08460097452605,25.489036548436985,15.28478075005283,1,1,1,1,1,1,1
pi3_causal_upstream_000559,upstream,126380f5ac24cb81a08fc0decab55df6e976ccaed7a07674ecf331ede0ab1239,b4f9ac1e6cbd4a39849670ad15548ea9044b0b52473f2d8a8ce6476df164d46a,dense_v1_train_x2.98_family1,623e63abd52ac2ae7e982301799bb76ec78581c83da9c1e3a722f795e9dbc277,c2ac1d16509996f8398bd8fad2fb2ae2e1092a874facf1e55824644a236f099b,dense_v1_train_x2.98_family1/variant_6,29,-0.004367152117192746,-0.06964060877745001,272.2899445458972,9.304233097779463,-123.04818016209751,-3.3110543693888888,0.4048883724212647,2.8076623973843313,1.7239224910736084,0.018603457137942314,0.6814673542976379,2.882959455969148,-183.6237618731066,46.171033770343186,3.4089858531951904,0.01195165328681469,0.6015896797180176,39.31912801386438,55.383548526626775,17.164136118751056,1,1,1,1,1,1,1
pi3_causal_upstream_000560,upstream,48a156a30bd568a45a8a67b32427d17fd29a88dbabcba29c539cfbb1902c4c08,b238b763fbe6d81a8f4060812ec4adef5bc8c7d6a46260d6dbea52d428023424,dense_v1_train_x2.98_family1,b167083431eba61f11e73420ca3902a1c8e2a782c4f78acb30a401fc1bacca0f,c5dbc2b7874845a91b55bc9955f6562cbafee1286094e7d9f52f0afd93467d2b,dense_v1_train_x2.98_family1/variant_6,30,-0.09105618119239808,0.38872276761238045,177.43679893799063,10.608664333015792,-127.34721050873026,-4.504434357128783,0.3096335887908936,2.8105953790115366,1.7032606601715088,0.0018405893351882696,0.6965577006340027,2.97011395043898,-105.66956295113296,48.67165481794406,3.443643093109131,0.01216865237802267,0.6173608899116516,38.775448371025945,49.89972624580694,18.112736565890113,1,1,1,1,1,0,1
pi3_causal_upstream_000561,upstream,f5d5473535d561f0af6bc8e8d615828c26f21717bfa52a09a400e335f5f28089,63c5517ad8658871ae14ec36320859e022ea94af7fc8bc0e964a48f5d22eddb6,dense_v1_train_x2.98_family1,ba072d6a8ac821087bda40821f43a5a7a2a22f04edea75d645fec360492ad1af,6ab6160d2ae0d189eb54be199310399805cca37ca44f923e73dfd0c64b4e2f7f,dense_v1_train_x2.98_family1/variant_6,31,-0.2044765090942383,-0.9764500336039582,5.431481687436383,12.020795698632172,-24.85725258794727,-4.282964221789768,0.3755378341674805,2.783187853332026,1.7104982137680054,-0.011733957566320896,0.8005688190460205,1.3282934615971194,-8.630344436151203,50.02529585860304,3.4780070781707764,0.012060354463756084,0.6338028311729431,37.863624947018415,65.35704880928735,19.169504166400916,1,1,1,1,1,1,1
pi3_causal_upstream_000562,upstream,26052dfbd47fa2ee1819485b0f782172e11e84ee819f74fc387094a1dad108e8,b11aeafb4f9600ba43761c960e6a16f69809fb1176f2d428d4939a28b8abeef9,dense_v1_train_x2.98_family1,7f04a8c3b8cfb3d382071c68f90c430080caab9f96c4b7da8b3494bd5f686f1c,7b36c6c9b7f86b7f297daac9f6432920ad72ba266f96a8dc87557c2e0bacd0a9,dense_v1_train_x2.98_family1/variant_6,33,-0.1821829414367676,-4.854550549284216,91.76760765035327,14.398388817581843,-96.20074876133923,-2.7616162023701483,0.42665335655212405,2.649233811697738,1.721203327178955,-0.01543163601309061,0.5384258031845093,-2.3216026432284904,-50.43341673698423,46.8291020063064,3.5467751026153564,0.011398200877010822,0.6634707450866699,37.101505609239226,52.38323425444235,21.28661467330555,1,1,1,1,1,1,1
pi3_causal_upstream_000563,upstream,2ef442d1206c7f5fd77b4439748f8211d6797cb5970e7acf3a14a7b6ee48db80,8edd70570a1aaee96bcb3752b137b5afc6390f6330b8e9c56a7fc77e6bba7002,dense_v1_train_x2.98_family1,898a69fb446989ed22ec0ec228cff6befe1200e54dc0f4b6afc5e0afc8a789e1,4fbbe7802e8f0125dd4aa182612bfab8e6b37c86238bc2146bd9f74dfa4ae173,dense_v1_train_x2.98_family1/variant_6,34,-0.21403113365173343,-7.934674301259772,-84.55457271698297,18.80833119105184,205.44127121433826,-2.387913578399719,0.40244459152221684,2.5444730971158647,1.820655345916748,0.007216827943921089,0.7232515811920166,-4.500201615804424,-30.64170052244334,43.24105678623155,3.582625389099121,0.011389259248971939,0.6777648329734802,36.93445967270822,54.85351560175003,22.242588785995753,1,1,1,1,1,1,1
pi3_causal_upstream_000564,upstream,4042c7f952d7f961a6b03daa96def4b753ca88da08b679b1bf574ad2ea36f1e5,73f5a0ff54be8fea9fefe13883a7e3c42d6ffe2f8223c21fca7491529943fdea,dense_v1_train_x2.98_family1,41bc485f4c803541de97e24ea5eb7e8840a2ece9f56b6caa6cfc9410cfbca9f4,8ad9f2d73fb7a27cd5a2465113447766a60391e2104dc3975a94e2b8e5bb97cd,dense_v1_train_x2.98_family1/variant_6,36,-0.20797877550125124,-14.541438592011296,-23.742456432374468,27.287428771995927,123.78972013990746,-1.1960504522238489,0.42406094074249273,2.257954978656051,1.8109030723571777,0.0009482388850301504,0.44484373927116394,-7.527554045591992,-48.31977030209418,39.49210938478412,3.6544857025146484,0.011085154488682747,0.7038783431053162,36.79786613459172,39.02442925684042,24.05702657798395,1,1,1,1,1,1,1
pi3_causal_upstream_000565,upstream,d9b1a600e0d6dbdf8157a95037f856c56b15dfb2ec180b2a2290747298687a45,99c513a4a6b0ad2cb2572211316a5df66ff926a57c62c62602cd1062782e4872,dense_v1_train_x2.98_family1,0a8d64d3ad83c9bff66f231b439facdcaccadf71b152401f295e8eb9d695fb2c,3e8d19b0fd194a7606ccfb1c065cd06b20d03a29b4f0d2b596d23afb3cf2e383,dense_v1_train_x2.98_family1/variant_6,37,-0.2227830696105957,-20.198887696627445,-144.64368103454706,35.74183692663771,342.94035581099854,-0.43178527336758177,0.41489153861999517,2.078203796568217,1.873633623123169,0.01964179426431656,0.5332353711128235,-9.430551470063325,-40.78720204387775,35.07530608629285,3.6916863918304443,0.011274507269263268,0.7175350189208984,36.55930128726152,35.19761428376027,24.87087525963569,1,1,1,1,1,1,1
pi3_causal_upstream_000566,upstream,ecd12b03615976a660739de06b85ece6b26a2bd6d0b65b1dd5489c616c33c258,1f9693eafbb2ab9f69c040dd19eec5fdfe33dfae03a8572fceb28132145f224b,dense_v1_train_x2.98_family1,e53d10dd28e23adefed150be79f2d5b06aad8fc57ab6859eae446580b784c6c2,3806693d8b55195bf4f50047aa1c5c48cb76584c8865371f73eda94973c711e8,dense_v1_train_x2.98_family1/variant_6,38,-0.3122371864318848,-27.25556764706511,-259.2044495679333,44.610769262007565,341.7841413882988,1.2460431889293124,0.3047333097457886,1.8735023638194888,1.8353849649429321,-0.0036601019091904163,0.5132474303245544,-11.679089018419251,49.3844977559562,33.98633146087728,3.7286128997802734,0.011231192387640476,0.731141984462738,37.06452696507277,18.294811956040895,25.654553603107864,1,1,1,1,1,1,1
pi3_causal_upstream_000567,upstream,ebaf6128c37d3ff4d9e5c646247f37ee1b7aa1b67eac581ef11818d367bee0d5,446fe02b6dced1a847ef444995600650c7ee845bb1fb8204e314e4cfe97cb32a,dense_v1_train_x2.98_family1,f640cc593fd4ce53eacc68c669673b37d2c2ca72b2a9bea0730d17b90760939c,07106f8e1c31a9567cb01294d2f556e9a9832788ffdb0d9b28c290611d8016d3,dense_v1_train_x2.98_family1/variant_6,40,-0.33383791446685795,-45.846077275296075,-378.7204657026504,66.7160925295798,564.3641057586266,6.15483690541854,0.9134772491455079,1.3742691608161899,1.875916600227356,0.001078462810255587,0.6633349657058716,-17.315709461161443,43.97565387675018,24.025397018742243,3.8026561737060547,0.010819798335433006,0.7617518305778503,33.02373241057987,73.93379248215322,27.04622354587266,1,1,1,1,1,1,1
pi3_causal_upstream_000568,upstream,7cde45219d9e0ca7a69975fcdcb075258f1606882bace02aba00ea9c6531973b,8524a7dd004e1add12ffe1151430dcbafe4f314fb17b627b7d00387f3338388c,dense_v1_train_x2.98_family1,660c1df64e395fa8ae2a6f6f8958b17faa0cb96d53ad795858150a793e9894bd,98bccb6bec486555749d919230b6773b69bf556d71aa74d2deedb4df066d1d95,dense_v1_train_x2.98_family1/variant_6,41,-0.19070942163467408,-53.21452633304085,-268.53060842672215,80.87778626411672,693.9336685779822,5.633056568475878,1.0916623687744142,1.05165178721104,1.9343644380569458,0.02591629885137081,0.7021775245666504,-19.15345211207612,-101.8888688304233,17.118629475302605,3.840970277786255,0.01112870592623949,0.7779068350791931,30.388566881613496,66.12369656248626,27.462892916584313,1,1,1,1,1,1,1
pi3_causal_upstream_000569,upstream,ee727675ccf472bb615dfa7321e26bf2769ed23db866cb3d91f93fd18258f4b2,3b999b9f1104a2d5b515e1c57031591234c653ccaf4737a7ffc8a0d4e9212e11,dense_v1_train_x2.98_family1,39e86323f3dd00aecc0ec54c1dd8a01f75931c3c2daafa5bef62f90de1a9a4cf,0f08649cc3226c5cb169f47843a250e85b2b2d8b640c856660e0d8e442264e19,dense_v1_train_x2.98_family1/variant_6,42,-0.07971459150314332,-58.64532927042846,-190.69892260789103,97.19482132333205,801.6577729220224,2.608432933461565,1.2234437561035156,0.6585026958326283,1.9672584533691406,0.035797614604234695,0.8177151083946228,-22.28025124240543,-209.77486231817127,12.127782928017606,3.8800573348999023,0.011732208542525768,0.7956584692001343,28.21076277230222,54.371447680319704,27.721157568319,1,1,1,1,1,1,1
pi3_causal_downstream_000570,downstream,80beb7aa86bc68335842ead5b430fa5408cd45a95eed55122dd0da8580debca2,5990cb7d9dc164ce35adfbdec489a48dbe5d0f0ae8115d3f0d840d063dbcec25,dense_v1_train_x2.98_family1,b54b2cd5a2d45a268da916c7572448d5524a7998ee5f6bfed1758c5e0ce7df23,c087e035dcfc422cb2d312ebc394af232a56d8498ab1b0b3a40b39c6bc8f8e6d,dense_v1_train_x2.98_family1/variant_6,44,-0.2687501764297486,-65.15580411558209,-80.8544475077228,118.98169043594702,143.18827700544406,-2.6759757715375923,1.0161671829223633,-0.41102828546201664,1.835893988609314,-0.029914168640971184,-0.6697885990142822,-29.740836136959093,-40.12219775081238,13.059333645895427,3.955841064453125,0.0117176603525877,0.806847095489502,11.169624354454353,-88.09023380121842,28.23934071175867,1,1,1,1,1,1,1
pi3_causal_downstream_000571,downstream,57b704d5009681d6a469ea4be0f5c67c8c9f515ee44580d361bea2078f6677d7,cd3c06a02ae0c63bb0d85b65da54f7a6ac69e5ac7075aa5cc7e6339da0a19f4c,dense_v1_train_x2.98_family1,cd2715ae8d841d0363c69c10fbe1b4362ed3c35dbcc130b993759460be90058a,dbf5f03e75a21733442f2d36d963573b0799932ffb486d5e612f16a915264c13,dense_v1_train_x2.98_family1/variant_6,45,-0.4399375724792481,-66.94844873495447,-52.317534664816,117.46425462880197,-269.8615664091475,-1.638751553393578,0.843423776626587,-1.0126116391089328,1.7810313701629639,-0.06374048441648483,-1.6773537397384644,-28.69916057154586,101.27550418257783,14.003311039194442,3.991666078567505,0.01061996165663004,0.783122181892395,0.8522374406577228,83.6035371769504,28.532178789302183,1,1,1,1,1,1,1
pi3_causal_downstream_000572,downstream,d65c7c55d47f2aeb50a65883b55a84f3b6202485a9c143c0bc5673acb65982b8,6a3f9ee08c4c0771849890e57695e0c4653420c9d22d50747ef3b94fa4bf4e77,dense_v1_train_x2.98_family1,38d98a170f53976988978b43c2813390de919265f6662586be5d5ba9eaa46c07,a23d45a5a421250ce2a64272690a213f9b9b5b10b84541ca8610b4c5d1c33270,dense_v1_train_x2.98_family1/variant_6,46,-0.2774192333221436,-68.49802058214442,-33.87672058507691,115.80618522664635,40.76439262714449,-0.6657966992204504,1.0062810420989992,-1.594110538870496,1.8272932767868042,-0.02808806113898754,-1.2845152616500854,-29.352731127940626,-32.029014395710476,11.145075800803681,4.027491092681885,0.009592813439667225,0.7552666664123535,1.3058043167029119,12.826633369741325,28.768217569139054,1,1,1,1,1,1,1
pi3_causal_downstream_000573,downstream,5f00322fa8a8916f6f8f0325ee5df2c6ca5fe376d98f45746441a331e6fb40b7,edcc3d602933170b8348d1d2278a2d3a376dfd95cd2913ceae80f78912fccd51,dense_v1_train_x2.98_family1,471b4ebf319fc4c13c1557c6e65aa1fce7335d6ea2f6ddb1e21a13295ad6e343,5946cb3168ae6e21685718dfd79d0b19e6b0ce5eb3affa34203b995f140250f7,dense_v1_train_x2.98_family1/variant_6,48,-0.22337478876113895,-69.7178923679087,-1.979871417023239,109.24195679272474,106.65678483338826,1.3844368747206501,1.0629148483276367,-2.7107892631669084,1.8323473930358887,-0.010772505775094032,-1.5814628601074219,-27.803726186451776,-78.39304540633613,10.065193864720692,4.099580764770508,0.007615846116095781,0.6811113953590393,5.772764895920765,-73.43209459704828,29.17127981636395,1,1,1,1,1,1,1
pi3_causal_downstream_000574,downstream,f87d156c19aa3230ca32acbd6e6d86733a28378db633cae58eb6075fc81204ca,451537be5d7b0c85b499a32747cbc313bc579ced01bb2a650ceaf7182c620a39,dense_v1_train_x2.98_family1,96155673ed8ed23f2bb7ab27e72de7a5e67d4508047b93dade13523e717cd94a,a364933f3cd73510dda2c64d6a9fb28747535a48c028ca54582a34b18efc20ab,dense_v1_train_x2.98_family1/variant_6,49,-0.34910014629364017,-69.79335912804818,17.734910613923685,107.66594528325764,-180.795407858561,1.3905911703535658,0.9361009311676026,-3.2568250585441407,1.827905297279358,-0.039302267134189606,-2.2889139652252197,-27.143311780508657,25.418666816965636,11.541733060436648,4.135960102081299,0.006932868156582117,0.6410948634147644,4.639240361643789,7.199658861654482,29.394847914214857,1,1,1,1,1,1,1
pi3_causal_downstream_000575,downstream,cd57ed62ea7fa2ef874607fb3881a3b795ed02b2ceee6059286211bf7ddfdb21,aea85e436e4a4f34041f1bd1bca2a0c3a5c3fc879a52eb72d6d1e1947be3a955,dense_v1_train_x2.98_family1,59ac6e873d689651b7a717bc65a7a31b27f39e603e1fa4e1f388e44a9c49f699,f1ef1391a3d2a57f6dc3c8b2e7dde9701f41c5e94e74e322ca2aff422cd40524,dense_v1_train_x2.98_family1/variant_6,51,-0.30434291362762456,-69.84438064114816,24.963627661628337,108.3842967688354,-103.15112877017668,-0.21693220135868674,0.9812736606597902,-4.357048698373972,1.8399583101272583,-0.02959159016609192,-2.5426976680755615,-27.688249885701662,-11.541039796235891,10.086919842696856,4.208827495574951,0.006057542283087969,0.5562657117843628,7.376938982883102,40.542790554618016,29.89075923523722,1,1,1,1,1,1,1
pi3_causal_downstream_000576,downstream,ffda4e84daec1ad1239fcf5718fe7efdc014882e8580211ec935ccdf38a8ddad,7e905867b8f2a267f689649bbe436477e340c19a0501ad13534b103aa4c0bf28,dense_v1_train_x2.98_family1,1cad746792b9bd85ac583e9af473ced91968875383f888796151ee13d9704c50,015a6613af3dda2dd2847ced41bce6b86ffe6b05a7e577216a807ada4c6a6b96,dense_v1_train_x2.98_family1/variant_6,52,-0.13921661257743836,-69.9463690258348,26.4656187035127,110.52444092261051,233.4083823559259,-1.6864435633675712,1.150552101135254,-4.922673807794106,1.826429843902588,0.012838535942137241,-2.1392154693603516,-28.991782951062135,-150.10775040828722,7.49726557171757,4.245126247406006,0.005836992058902979,0.5113404989242554,12.986326607630808,-79.35595181514618,30.169829026740096,1,1,1,1,1,1,1
pi3_causal_downstream_000577,downstream,eca4fe18da872cfbf5a1e95afb75f8d8ba989574e318879184a1e938472b9047,903f6bfbb63c15f6510620e6eedbd4f394cf27c76b4b93dfe90ef445ac778bd8,dense_v1_train_x2.98_family1,9b9c29a35bf4be66cf9c3c59dce65f6a3ec58d2de207adaf6952e19afd8134e3,08509aa51371d16657aa20bd1c3cb222e586196aecbbe8615bbc83b7b0f32416,dense_v1_train_x2.98_family1/variant_6,53,-0.3155476760864258,-69.76390735234708,26.116245989730086,110.84196958693524,-130.6435281040701,-2.6339518744495636,0.9836325931549074,-5.514392266874623,1.852446436882019,-0.034287694841623306,-2.9756598472595215,-28.63441037821414,-2.102517708854573,9.38156193824141,4.281707286834717,0.0054214755073189735,0.4591999351978302,8.931619811572235,53.7725732787984,30.44389811425427,1,1,1,1,1,1,1
pi3_causal_downstream_000578,downstream,0ed0d62380ae86947d269a4a90166d7a52144b4fab86f7f412c31a91f4e0bdf1,facae69368ce5d6e5b97c08d0185731dc0ae5b7526ebf2b99e2e21de302c7850,dense_v1_train_x2.98_family1,cd7ae4894f41bf6d99b4fc729054f52d937252b35d6457a5d0a583270df4b724,46717ce5e461499b05eba0bab423ebc04795fc1034730331a3851027230a1485,dense_v1_train_x2.98_family1/variant_6,55,-0.3419311237335205,-69.52735741082203,35.172680678195135,112.48616687488655,-203.65980761463717,-4.85061158072394,1.1254594039916994,-6.731912244603307,1.8785837888717651,-0.04397701099514961,-3.4965884685516357,-29.281341990735655,19.985729445462393,9.112023890572488,4.354714393615723,0.004728283733129501,0.34545713663101196,10.40202037477164,51.37160469118801,31.001702029122892,1,1,1,1,1,1,1
pi3_causal_upstream_000579,upstream,5981bc64308cd9eec46c284f0f981e5bc43f6d6c8771eb4a00f9ca6aa6ad99d6,47039831d4afbd034c3cdaa755161cf6748a77fb962bbfc2d1591a5b4056f54a,dense_v1_train_x2.98_family1,96e01419a0c34a70be2ef31941aa51553983b8d0052d9627803aa6500835e15f,d1ca2c8bb39b1b1bf5cbd463563ee1628b76109a3feeaf9529faaac7e93886b1,dense_v1_train_x2.98_family1/variant_11,10,0.8122571754455568,-52.32583334465757,694.9819113702824,109.79278422852958,-908.9593344432492,-0.16813179736780745,0.4098041725158692,0.7226171428583885,0.4496714770793915,0.015245134010910988,0.06321768462657928,6.725640318161012,10.897626584910581,3.682666818854802,2.861365556716919,0.005110997706651688,0.11917433142662048,-3.1658042062451344,78.18541448575691,2.8810000114929255,1,1,1,1,1,1,1
pi3_causal_upstream_000580,upstream,3807fef2795fc7deedcf3a41c64520aa2667007bfb6baec078c243ef9e4ea610,bd8c7961ffb3439140487984c62d9c3efb34a9e12419056c91e2c4afc01bb4fb,dense_v1_train_x2.98_family1,67707898b750acb163580a243a4d8c5f70f404ed13a1c5abc3f3f2cd9a771d51,a8800d9caa0fed82184e002ee6d02722a9ab7aa9b07175c123ef454f37812745,dense_v1_train_x2.98_family1/variant_11,12,-1.0394808006286622,-44.825909975579215,-232.1589495114338,67.69482448669677,-1293.823391379786,13.561715619583163,-0.9430502891540529,0.967317067364568,0.7829577922821045,-0.00764143792912364,1.897434949874878,1.853246326556961,704.6203464779243,15.0040609648746,2.885633707046509,0.0053738984279334545,0.15563060343265533,-1.7851068652930329,8.66598180191939,3.285594873549846,1,1,1,1,1,1,1
pi3_causal_upstream_000581,upstream,5df85309ca96decbf86cd0aaa6308c5154db19812700a6a4bf28f3751120bc3f,d4c4119a338d47860bc660d516b8bedee7bb026db097d2a4af6bc8bd6819ed07,dense_v1_train_x2.98_family1,37dedd97008fa1c6e9e7f83e4e8dda3203b84548f85defe97954f975823c19f0,1d35e3bbcadc293a90497516bb2b8d0b57d403596bae8767c029292085f15363,dense_v1_train_x2.98_family1/variant_11,14,-0.2426078724861145,-59.29197743009942,-290.2985852360929,49.00807237041845,468.36071531335483,32.82821417488138,-0.12283507943153382,1.433830950049243,1.736951231956482,0.024024758487939835,3.237462043762207,0.9245223465001726,33.26687689974857,6.661663216865972,2.936844825744629,0.005772207397967577,0.2710625231266022,1.4292486734500796,-97.2403855152852,4.490732778337796,1,1,1,1,1,1,1
pi3_causal_upstream_000582,upstream,c0ba46f453cdb46efa0d0ce2833c40172950a57ca67cf096e287d87ef93ddddc,d3f3277f9805f68f6316a47bc8db86c6ad9feab8308c5a479812c950af3ed2b3,dense_v1_train_x2.98_family1,69840121199caf6c06bc613783de771756199a2fd65ee2ddbb28f5f069cd4615,af5bcbcc21299a975aed6760f68c757697d3f9106149e1c17c2be55d9d599d00,dense_v1_train_x2.98_family1/variant_11,15,0.19381369829177858,-63.39888821575805,-129.43518567762482,66.6841135838858,1023.2742434872716,28.49222192858195,-0.04369671106338501,1.4342176769852149,1.9968491792678833,0.029987454414367676,3.4805548191070557,4.378621687257258,-337.9383623949881,-1.8128653944101993,2.975287675857544,0.0063970694318413734,0.3387913703918457,21.585532211355922,150.1475704111484,4.286094769118069,1,1,1,1,1,1,1
pi3_causal_upstream_000583,upstream,a94f1819ed4761087f08cf480ffb7b42478d3d08eba4a09e76e3f021aaaa7a43,093232951346610bd8961b5ce76f0db05012b7ddeee6052215cf8300a02dc2e1,dense_v1_train_x2.98_family1,3c67113be28ca2c3dce7e7849df0ecfa7f1ec5fd106bb4fc738338bd6104ade3,015a9ff1b26fcf4495638a6250b716895cb4aa9b268a34b561637055f9e8ea79,dense_v1_train_x2.98_family1/variant_11,17,-0.30477429866790773,-62.00630143645166,119.00265911669896,74.2692094119142,-459.82210458662513,23.994347392834733,-0.5755888748168946,1.5802195244614516,1.3506418466567993,0.032957036048173904,1.466535210609436,1.9315079147274365,97.44175315239552,9.889395894541966,3.0411789417266846,0.007657152134925127,0.4349460303783417,29.360630241715747,-29.357430298089596,4.329087420334268,1,1,1,1,1,1,1
pi3_causal_upstream_000584,upstream,0c638cc952d25666f6d84048d265167a7b09ccd715a5feb4b55601776665c3f3,70c44174fa70bdeba51e941750ca4705cb2600b98076fd242d3d69505b2eeb2e,dense_v1_train_x2.98_family1,26f2e013c852d0e1af865f0f85285140c3cf3a2c6e1a6b8056f7a492e4eda3e7,97756a0918c93277fd45493df60e7b9888092aede213668d1373fa425e385039,dense_v1_train_x2.98_family1/variant_11,19,-0.1126884686946869,-45.886409542345,394.0791569194212,44.61589873407425,-569.1719578776685,23.39949986879291,-0.3538900089263916,1.795860260013825,1.3441294431686401,0.02994721755385399,1.0026860237121582,0.9477750851992464,-84.05626260570635,8.644802239076828,3.0916450023651123,0.00907586608082056,0.4702181816101074,29.210642702636854,-6.197730301455672,4.732325982909214,1,1,1,1,1,1,1
pi3_causal_upstream_000585,upstream,1bc582ea4a4463d82db5b816ccd0ea007269dfd49ac3eb707f6f7b8597ad73e7,5cdfeadaa19433aa09320a8b9703cb25336a61cae94631d748a403a62ff44282,dense_v1_train_x2.98_family1,0af085dad8f436a4364c8bc80be8a7d940da85dca33bf584c711c1a83f0056ef,b6053ed338d8853296065bd3f37fdd47d57429af262b7c6cffc05279edf3ef4d,dense_v1_train_x2.98_family1/variant_11,21,-0.07166152000427246,-25.413183882609406,375.74455228127584,21.73580149573808,-388.3693919808574,16.096431739230024,-0.27424848318099976,1.8647176191742587,1.4577337503433228,0.025637025013566017,0.9783586263656616,1.2840826075949787,-149.2108236268595,7.537152168923152,3.1468493938446045,0.010314218699932098,0.5043136477470398,34.1459461515913,-75.17797974136275,4.746885688148572,1,1,1,1,1,1,1
pi3_causal_upstream_000586,upstream,623f41cedcdd864f60ec8ac060f24676c3cb56704c3f1ec60f5adcbffb75f24a,d5bb563ca1282d1a71436ee6aac7350c4c8b473a7241e2f2c53e108b4703a31c,dense_v1_train_x2.98_family1,bf9a495348728c1d9561040936708399c794b7892f40bd0688dc182159e1bc1a,f3c202d00288fe0a2283e50001512d5bf1a05eca475bd3b49b3d05cfc8551720,dense_v1_train_x2.98_family1/variant_11,22,-0.11345570087432863,-15.77467705798129,334.589848494011,12.022280411003004,-339.51873156514563,12.152132009245213,-0.2891981077194214,1.8895283679324095,1.493958830833435,0.022059312090277672,0.969862699508667,1.273717048477544,-136.90238561038964,7.615313438690193,3.175841808319092,0.010838543064892292,0.5216917991638184,37.71045112469171,-92.30082685847783,4.714937977204163,1,1,1,1,1,1,1
pi3_causal_upstream_000587,upstream,0e84002ad0ff8c0bc42d25065f32680f3d4dd89ac22f4883aa7a49d485ceb47b,388828e138719a4e247d3d7e73f68a1611f35c0246952c3302bd805cf8e7ab29,dense_v1_train_x2.98_family1,281f872b4d11362aca5f09624fd5c3a2839c967fbda558104bbb52a9ab9ebf33,68f289bf28ca835c2f9ac27eaccaaa100723dfe73dbfa04f0f02210f4d5d88e3,dense_v1_train_x2.98_family1/variant_11,24,-0.20504396200180056,-1.3953968685413212,136.03247905731848,-2.9771522469352667,-196.93500826351772,6.38755635974372,-0.4146407318115235,1.9624386171697854,1.5423259735107422,0.013120651245117188,0.9300001859664917,1.7247711085992559,-34.200737929113146,9.031503644220853,3.236071825027466,0.011595127172768116,0.5574089884757996,36.3448367624177,37.766550883439606,4.810837773799014,1,1,1,1,1,1,1
pi3_causal_upstream_000588,upstream,4c1aac9520d09b62065ed8abc72e84537f91b78525790306bbe2b9c9987ca2aa,6787280e3cbe113c8231e9dcd0219e1a423fcdd394eca8fc631ef978ec03a435,dense_v1_train_x2.98_family1,770cf9e98e16eda624c2747e37a037da75390e5c8b87b6398418b96504c0aecf,811faf246f53d905d13ca7968a48bb435e4336b0b91a8eca01582f1e8f764986,dense_v1_train_x2.98_family1/variant_11,26,-0.12466134786605836,4.969117154214248,215.08655017152844,-4.974209060240493,-190.8431762031617,1.8799693051887116,-0.3331708097457886,2.038655881867965,1.6306220293045044,0.008260228671133518,0.8888874650001526,1.6078496892311562,-100.97860268954655,6.839560616440831,3.3018667697906494,0.012387426570057869,0.5900610089302063,40.869990766807476,-32.693943556694975,4.843886504427017,1,1,1,1,1,1,1
pi3_causal_upstream_000589,upstream,b27125707130cdd27a29f96fc406316ce38f56a56d770e5c81ba0a6a02ee3359,bbc347d630a13bb464fe912ff8912fd0cc7e324210ac64b6dc74bf39cb261ff6,dense_v1_train_x2.98_family1,0a040d33ee7b088b98c80e214219de64c813cedd12675ea98973ae1592e3d799,e10ae9dcecd409249525aed0f1e3b5fdcc37148dc0ceb3f94fd6c540bd40763d,dense_v1_train_x2.98_family1/variant_11,27,-0.19903916835784913,2.8027226624680694,-157.09446019332,-0.2666823882656207,328.20053437454425,1.6647701737857836,-0.4470152378082276,2.072780020273686,1.7844181060791016,0.013623686507344246,0.9153529405593872,1.3907779531150999,-7.805881692949073,6.483270628576286,3.3367702960968018,0.012666374444961548,0.6082856059074402,42.07744868375525,-19.902541156466224,4.964893223980299,1,1,1,1,1,1,1
pi3_causal_upstream_000590,upstream,7f65a2fd45b9a12a2a860b4bd181cfac55303dfaf8c859dedafbbd3f23b348b7,89efe00f5af419f71f903a3e5d13c7c975d8dbaa5cf865b863ecfb42640416c7,dense_v1_train_x2.98_family1,2163de39b7663aa4d5da38cc107bdfaa5e4f0a5febbb9704612f71f51e7b5b5b,2ebf09a66924bc4f4b0f0b67f434074ae231d37d331be29480725b0f523c2781,dense_v1_train_x2.98_family1/variant_11,29,-0.2730256414413452,1.8437918506417823,-179.46763274428886,4.4951745965752945,194.3509427948268,0.3548834806216882,-0.5337804746627808,2.093926305723406,1.792528748512268,-0.009330428205430508,1.1557422876358032,0.0920968366955305,63.19329952174066,8.575024172742332,3.407938003540039,0.01271075289696455,0.6503340601921082,41.55086500440937,-17.143235231787575,5.164710235577073,1,1,1,1,1,1,1
pi3_causal_upstream_000591,upstream,acf3b17a34955f71fcc71a7dc689bfb2142878994255d901a6cefc069f97e30b,302e2578cd0994b827890f1ce3e2855d1ab8b1a5e7bddec361660ab46e560996,dense_v1_train_x2.98_family1,24bb31f5bb2dfbbabbb879e2f5b50b846ed50b4ad7843979aa9c2dc4adf801cc,f0eb4dcaef4afa7a72819fcd276d4cae48ce320e91ee1d2d24d01ed4a7526956,dense_v1_train_x2.98_family1/variant_11,30,-0.23600081205368045,0.7865753637109524,-148.5894676576851,7.3970060786645995,238.66153548809606,-0.050755460698913096,-0.48126255035400395,2.086635841314679,1.836931824684143,-0.006875860039144754,1.0193243026733398,-0.36545156605820656,20.22646287785408,6.418720218277788,3.4443817138671875,0.012598629109561443,0.6713338494300842,41.56099759004308,-17.166871101410404,5.261078289882387,1,1,1,1,1,1,1
pi3_causal_upstream_000592,upstream,6b5d726dbd844824d4d2ff1ca8f32b9e6ea517875766a2bb02c5481c8fb07165,72b298def292e542f94d34d9bf09aea2ef1ede5aa9370f67fd28357b10a37e74,dense_v1_train_x2.98_family1,e69db7910d3e3701e5e9c37e3bbf6306ff178ab4ccc4292b8de4401137ab1fca,d83779c3eaa3300aa34c6a9ec0ee50bfb58ca0967738c33ddd91254dda322502,dense_v1_train_x2.98_family1/variant_11,31,-0.20982471227645877,0.6827844494136732,-2.2569248072132893,7.929888899972531,-35.06530668934795,-0.28460499669526257,-0.47032625198364264,2.079576358153249,1.765406847000122,-0.016735240817070007,0.9046450257301331,-0.38986314239950814,11.261973634674803,7.350636778163029,3.4802212715148926,0.012358245439827442,0.6901554465293884,39.39182854738999,25.49888226612556,5.400462486072936,1,1,1,1,1,1,1
pi3_causal_upstream_000593,upstream,4b09457e7b380aed8043842aca688a7505cf8d1089e4d3f0527984cd5ee1e75b,f8af91c70ef3da6487d0e7e51b1c366741075bdf258686e3bb0c4767d94f0a41,dense_v1_train_x2.98_family1,d2cc37beaae7f9c8a69660b933d4fa1991612a1e586be1d8614a8993b09fb13b,ddc7d6a79bd7fa80ab3761dc67a7a0fb27beeb716364eda76cc5b151b9622125,dense_v1_train_x2.98_family1/variant_11,33,-0.32711112499237066,-5.625433019768535,-319.15438595096924,14.301547834208463,285.82500257503125,2.0221274826055216,-0.6247971439361573,2.050964799348835,1.8505553007125854,-0.02333466149866581,0.897972583770752,-1.170757709711714,137.6454965317087,9.566707022299298,3.5534019470214844,0.011660019867122173,0.7259153723716736,40.65833686480712,-58.200479049785535,5.777328432579961,1,1,1,1,1,1,1
pi3_causal_upstream_000594,upstream,4292547dd570349870b5c99127477e47d7126ad1307762127b11d17a7fc80e6a,7842400b59c57f8705a18feb530925c8ffac7646c30cea9803bd5f1227a33dc2,dense_v1_train_x2.98_family1,e452736598ba99f41f7c757c8896f51c1752e60f0965970aa4e44901a85c4f5d,8e1788a6e0956b4083b6387a3a45349abfc83694b3ea09b66ab7695e3d45a241,dense_v1_train_x2.98_family1/variant_11,34,-0.21904696941375734,-5.082474815661188,-73.62282762962089,13.708349319887441,79.47997439009528,1.6828056866032097,-0.4820537900924683,2.0195716609458967,1.8515113592147827,-0.024344278499484062,0.7547795176506042,-1.9291470171521392,20.884030802460593,5.833429355468348,3.5898613929748535,0.01121483650058508,0.7402535676956177,39.92222005719817,-22.6769417992106,5.878461873931715,1,1,1,1,1,1,1
pi3_causal_upstream_000595,upstream,f6aab37106910c13d97d5c07c3c3acfd93728ca2c90f18ed331b477a9c8933e1,04d6cbc7a18fe6cb1c27b680d607bab25519df0576028ea08f15d25c67c9c862,dense_v1_train_x2.98_family1,3d79cedece232804207fa03739cc2f4d6a582b008ae11b6f551ad77de8203609,53b510e7b2fb753b25ca5a20fa576e39847a9fb3303517b495b923bb0bdcb0ce,dense_v1_train_x2.98_family1/variant_11,35,-0.18026033401489258,-7.200453724919142,-88.9255591065218,17.929279014682027,213.74074335784746,1.5475681295412194,-0.4306659317016602,1.978916106220324,1.9245308637619019,-0.01967829093337059,0.6536873579025269,-2.3393933650256695,-21.204035410359445,3.0889293599195833,3.628169059753418,0.01082523912191391,0.7545155882835388,39.42358551193597,-7.555122396629455,5.953677300984263,1,1,1,1,1,1,1
pi3_causal_upstream_000596,upstream,9d2e0758be6ad0fda2a56deb7109b9a21768f8ae726b92e0f915d9010350e0ae,b63f0229e70f763908302deeadf13337b6af8179668ecd71935851a25d0a7a1e,dense_v1_train_x2.98_family1,6a51fb2e9ce4291b4d3d15cf4326196b8e99cdaa9c8db6c45abd2d87b89dcd5d,024f2aa5e86dd87a548f49f14e6cd9fa8e1c374a2066e86bfaec945d76f48619,dense_v1_train_x2.98_family1/variant_11,37,-0.19357605934143068,-7.330322941797765,-14.05251401442792,20.644854653199673,-65.05368595730123,0.23367686222141848,-0.4924247884750367,1.891940097543648,1.816091537475586,-0.03220566362142563,0.2882370948791504,-1.9421523376620782,29.33065254144856,6.043070059210842,3.7036068439483643,0.00989940483123064,0.7719796299934387,36.44142588256543,52.11673051831221,6.074499558879046,1,1,1,1,1,1,1
pi3_causal_upstream_000597,upstream,789414a39cd48902900ce95150b391239d89e686ad320a8f90399d533bfb291f,048207bc44fe9b7be26ec1059738f7f2a3948f848d50d3a16962351e35fa6a41,dense_v1_train_x2.98_family1,f5121eb3f992d15902a590c1c73aa2c7a29bd98ce3cc238aec1505d571a287a9,3c2a2d4c84b97ab89f036846a89a388119eef27e3c264dcf5c9227cd3bd2c918,dense_v1_train_x2.98_family1/variant_11,38,-0.2899548673629761,-12.877906746066964,-342.9656001901709,25.281753967505438,309.6249879832375,2.658068151834224,-0.6314354801177979,1.8557459768584257,1.9106519222259521,-0.03505037724971771,0.45399704575538635,-2.2580374877177665,143.14665383264202,8.062712173667185,3.741415023803711,0.0092341098934412,0.7809298038482666,39.57050288098294,-49.88394509372963,6.283230592993502,1,1,1,1,1,1,1
pi3_causal_upstream_000598,upstream,3002c8b4206a9f29949df353d66cee3a46bb1784afbbc87378e2cef696f1aba0,42b113c3a1388843b4356aafc84013be11b54442bdfd0afa66d397445a60abd1,dense_v1_train_x2.98_family1,b5c5c5eb69f54638fccc82810adb314eefbcbae21c911959b5dd50a0d9197577,b20b2aaeb149cd44c4b0e2e48dcbea621271b64abb0c0530bffab9af38b42940,dense_v1_train_x2.98_family1/variant_11,39,-0.161474506855011,-13.431195611293955,-79.44182778358076,26.117419074720036,97.66330399850322,2.5662354149457913,-0.47492585659027103,1.810002572096769,1.8983927965164185,-0.03161295875906944,0.13555149734020233,-2.63314507363252,15.01461360714227,4.455369534752929,3.7791266441345215,0.008625449612736702,0.7839581370353699,38.08677747248649,-1.9427625723757365,6.378578998906477,1,1,1,1,1,1,1
pi3_causal_upstream_000599,upstream,54100e0c34e50855a5dec80e8d1d3e2c78b35d7946bb6e7e28f096008a2fc7fb,93c033b92966e7078dae9824855560a8fce24abb43c28d65d3e8847a0369c8ad,dense_v1_train_x2.98_family1,4ed3209f026fb98129c25f71c0b0fe9f1b29f302b55578559fc3be7f6eb558a6,fcf977af8052c6e3c336f52fec01a127e7a2631aac086898d8710aafef379014,dense_v1_train_x2.98_family1/variant_11,41,-0.11946028590202333,-17.33541284936964,-177.41115840784641,36.2608117752482,392.4963562019192,1.2064271219711982,-0.42541070461273195,1.6970676702347214,2.0274205207824707,-0.025613214820623398,0.013789673335850239,-3.0851247311084746,-25.545293401535794,1.2308664693372937,3.858360528945923,0.007604428566992283,0.7856630682945251,37.240312128646806,-10.08531560201555,6.419424472428236,1,1,1,1,1,1,1
pi3_causal_downstream_000600,downstream,219ca3703fd58130f5806282478c556dd7a58cddaafd0a4b6e71ba2625e21179,1a3df614aeafda426e72c9f1e1521b8490fa4229a3e4d23dc195f54093daae76,dense_v1_train_x2.98_family1,01bd360dd5f38e01fd48fadf65ac8b56feb0d1426c696c348f56506c5a5f2de0,2a0937904d184b4b99bc46c22b565d1a288a154057e3f5bbd7b500f773c9612d,dense_v1_train_x2.98_family1/variant_11,42,-0.2212255907058716,-20.279536862799663,-229.98561063829243,40.78358204361764,207.10091156000297,1.524792489083404,-0.5667368698120118,1.640702686965349,1.913737177848816,-0.03728276491165161,-0.2123602330684662,-2.9270922964043624,90.14766436414467,5.05941268192864,3.897447347640991,0.00698068318888545,0.7822427153587341,34.463922193306665,35.14991907278606,6.511793644588513,1,1,1,1,1,1,1
pi3_causal_downstream_000601,downstream,3b7cae644fbcdc706f207c9c427cce1d4f9242fcb45c602d30a9a156dd66fa0f,100824124650ad47523e85a6b46653b425f764b152b63f751fb70a96430dee10,dense_v1_train_x2.98_family1,a369b2c52d936fdea78cf399b44ca63fcfa28068021967964fa125ea886070d8,34846e3329d8ffb2f6929f3028676534410ad2bc8d1ad1c19406a121a93ea1e8,dense_v1_train_x2.98_family1/variant_11,43,-0.2541307830810547,-22.987377312082263,-206.8644777316938,41.26334819129768,22.162732715093483,3.261665150620433,-0.6344652557373047,1.5970438388491806,1.8286004066467285,-0.04400767758488655,-0.5091561079025269,-2.78008912310594,145.59835023521808,7.613184980990088,3.9345502853393555,0.0061860415153205395,0.7729067206382751,23.89517263202678,41.16384599546893,6.755989555435993,1,1,1,1,1,1,1
pi3_causal_downstream_000602,downstream,0e89b208fcf94a5c256936f3a64cc42dd9e93a31ac46f4a5c1ccbab95af54f34,daf4631696b3832ad4a21de4e1dd29b4b6ce20a0400b8c6e9fda59d930b944a0,dense_v1_train_x2.98_family1,2a8aa56af8a9e5a0664cc8714b5a3b8c0654d64cd30d3771828d70712beb37d6,02b2904e6926a6d600d8c92261952b48bb3defa80686fb5856da375d53fd199a,dense_v1_train_x2.98_family1/variant_11,45,-0.12900387048721315,-30.800843930104637,-263.7574536686638,53.92848259188769,381.7962638104472,3.912209407911372,-0.5102934551239015,1.4897605375653267,1.99822998046875,-0.03435904160141945,-0.5239487290382385,-3.153687450657532,43.96359176267593,2.028340146920942,4.01415491104126,0.004921153653413057,0.7537062764167786,10.329276298790067,138.67327607725554,6.968589601470781,1,1,1,1,1,1,1
pi3_causal_downstream_000603,downstream,eb44b881a1c6522662cd0f313273b99410b2d158b733c348ae1c64c62f9422b2,837d86214d48ea72cd486c15ca67eb46261f58d33f593bbe61cbd15675ac5b58,dense_v1_train_x2.98_family1,028c084b54f6b7481094657d2309a94a5870277c0d5032ad6a238abfa2593278,48f0d0a439ff28c6daa47e0a408770b791062f8978a01026b6a828cf3399459f,dense_v1_train_x2.98_family1/variant_11,46,-0.16531908750534058,-38.27399637273112,-363.04425265174405,64.2118788024755,494.8109234025527,5.420156001066074,-0.546606035232544,1.4303546318128322,2.0216763019561768,-0.039048802107572556,-0.44065991044044495,-3.594450656855856,73.64533993312524,1.9537546946278141,4.054807186126709,0.004178021103143692,0.7462226748466492,4.341266955799635,129.0975421061944,7.096582446710411,1,1,1,1,1,1,1
pi3_causal_downstream_000604,downstream,a117903fa98af8175e627336fe5c4e40172f3b3649c7c28d23c46b279a0c0fee,6d198f95863d6bed5b885cf17f1261d13e9b179acbf036c7d4ce1d290eb1c5e9,dense_v1_train_x2.98_family1,2af0b0eb58230cd1b1741dc42e0caa45fc2137d21296544b60e019f5bee5aa5f,e40679d8a8734fe7b996f791a13163fe89ac7bc17ffacaad1494f5788b84bfe6,dense_v1_train_x2.98_family1/variant_11,47,-0.18985661506652834,-46.89183729383297,-409.09049203576194,75.40183919140992,522.2647321676355,7.363700805554378,-0.5701291370391847,1.3655125313270402,2.0160226821899414,-0.04443659633398056,-0.4488946497440338,-4.243263986493707,92.92718252612468,2.6226880540132305,4.0954790115356445,0.0033296069595962763,0.7391318678855896,-8.164557124381245,-55.16842147343347,7.25835362206069,1,1,1,1,1,1,1
pi3_causal_downstream_000605,downstream,e21fba7ddab45af6b01306c13bc78f47cad7c2d911051511c83f9a09e57f4803,0a412f5eb42dde23f0cd215b29efa6b17fd6b64fc06b2d595e8c54242338dcf1,dense_v1_train_x2.98_family1,91757e50a413d065f247902f172078bee3521c8405a77f97d3e9cf087ec85c4e,b7c58724378a75815a165fdfef4249b4e73278f6bebbe7bb9dcdfb2e54120c2e,dense_v1_train_x2.98_family1/variant_11,48,-0.008971284478902818,-53.91696689294705,-304.9499693831739,89.05003247395611,696.3682212057415,6.9572731595064505,-0.37892716407775884,1.2750664227421462,2.1159982681274414,-0.041298702359199524,-0.34082144498825073,-4.973923472955821,-63.57126853003083,-1.0329226779918583,4.137593746185303,0.002523925853893161,0.7329403162002563,-19.61622816419575,25.714767470316737,7.296355976831897,1,1,1,1,1,1,1
pi3_causal_downstream_000606,downstream,42aff25dfe0a20734adac7fc0e4ca847cdb7d7527bcf35d68be1e947af457a56,5a555d52f295e4de6489c09273a144c51db5015147154af4aad653f6f258f2b5,dense_v1_train_x2.98_family1,d0c51791e1f5ceba21904ce4af2102b802857aa29e64760d5ac9f4c9a2533ef9,6a023ba46ede386da3542819a78c9ab347126916b93f5de6d2fd89fd02a27de9,dense_v1_train_x2.98_family1/variant_11,49,-0.030003238022327426,-58.80952701807557,-233.26259879828115,101.43205894854368,537.5275275284594,5.329226953965945,-0.38482376098632814,1.1630890024857938,2.0590600967407227,-0.04438573494553566,-0.717848539352417,-5.736212284803795,-58.7307339558103,-0.9715881128536727,4.179591655731201,0.0017017549835145473,0.7222073674201965,-27.82529933894526,136.72504657877943,7.272828322327877,1,1,1,1,1,1,1
pi3_causal_downstream_000607,downstream,cb5dfe57743016ba2146b249a69dd100c64607374f8dadf7436ec71932625ba5,03fe7c139191e01f25eeba1d5ef662e1193725a8d1f03b156fed15f86dcbca49,dense_v1_train_x2.98_family1,473dfc01e6546bcbfb27ea706df8ed6a64d5185a673d3c3cfb4d289a62187735,056717d4a2d54057df293e79e3ae11d2a2c691bf5e29f0e4ad418b89dde5acaa,dense_v1_train_x2.98_family1/variant_11,51,-0.1268854892253876,-65.3614337907345,-149.141784074729,116.20409838731295,190.9502325882125,3.4040538096681736,-0.4672703075408936,0.9067726571009637,1.9375332593917847,-0.04609575867652893,-1.7103487253189087,-6.663055294796186,8.737063580611713,0.5004557511713563,4.2600603103637695,-4.635391815099865e-05,0.6739186644554138,-37.682560047215965,97.31145363359919,7.265579589378121,1,1,1,1,1,1,1
pi3_causal_downstream_000608,downstream,19818d29a7d680e1d8c270328b2b951cdd9eef4cc8377be245a3de76280cddc8,6e49a060ee73659d741ab33154f1bfb963b1c5cf80e613701c786ec017fe66ec,dense_v1_train_x2.98_family1,f0b62d7aa42c52114cf1ef720cc13424be8349fe57197209f332318794836b8a,59773ea4b5c503fc471553c5d8ffda9c6442aeadad6363ac6b5b15900bf984ef,dense_v1_train_x2.98_family1/variant_11,52,-0.0967919933795929,-67.55302292933814,-116.86251496292384,120.57518722968933,221.17618291097173,2.75997154499764,-0.42226447105407716,0.7648232955016854,1.9562594890594482,-0.04538227617740631,-1.857415795326233,-7.410680971156611,-28.077348687244363,0.015030176446630196,4.299355983734131,-0.0009228097624145448,0.6383581757545471,-39.05615890062972,39.225298290141325,7.26394644304376,1,1,1,1,1,1,1
pi3_causal_downstream_000609,downstream,af41f6b1c64cf446546276fa70daadc68df4ecd50d2746dc1b8efee87c1ac469,415842430e91d8f76039579428f055ae158a0e1b7a614e6853b54a6ed9cbacb5,dense_v1_train_x2.98_family1,ef2114a1502559fe65bcdded4a4e5660a305755ce4bd72b50e8eb8253225f85d,13795a468d8f716a210db72aa2c954083950b6401feb35c77d0a6bbb6b86dbfd,dense_v1_train_x2.98_family1/variant_11,53,-0.17498608112335207,-68.9190812539082,-89.16171289707499,121.82242075326869,-35.49883928653617,2.71490488167715,-0.5191149187088013,0.6220399879831892,1.8795021772384644,-0.04511088877916336,-2.569159746170044,-6.8984308706708175,51.18512003627915,1.3096270882040033,4.337853908538818,-0.0017835774924606085,0.5923968553543091,-39.89933209328945,19.33445895527063,7.278514112976731,1,1,1,1,1,1,1
pi3_causal_downstream_000610,downstream,3f8e9e02215848540490cc1046299cc40c8aafb6d238dce2a4c17db0550a135a,4c713344e2c4eb65bb6a9bdb60cfdb89c51b06761b0c3796877b4564238389de,dense_v1_train_x2.98_family1,d25748fec79a66e7e3874ab3ab41f818edfe0e91b2c5c87ccdbbc30b7d54101d,3818568f7547bbd320a93641047bb9a900246ba6535d65c5a281446acb77dccd,dense_v1_train_x2.98_family1/variant_11,54,-0.12225495100021364,-70.07037111021639,-72.14304665537011,122.50369114184244,74.34878111574486,2.7342708958506523,-0.4521220970153809,0.4784376965027279,1.9197876453399658,-0.04376424103975296,-2.558431625366211,-7.405477220782707,-3.6121771321861544,0.37973210423052806,4.376221656799316,-0.00263591087423265,0.5413413047790527,-39.398522132776606,-6.175986394232937,7.2886629937296075,1,1,1,1,1,1,1
pi3_causal_downstream_000611,downstream,b7d271abb6a4d3ad41df4dd89a9ee09f3a220d657458f41bdfcb49b6ae38a086,7de96195a18cfab31c152fea9b3d47367937d89e8cfd05fae33ad03c77b23241,dense_v1_train_x2.98_family1,945a1d0ae88396289c441ab742eef24e80e20b09520b067c8a632f6c35b0995e,2cdfce1485ba7d8f13a4fbb44bb50770af702c65816cbb1d755670e895af4685,dense_v1_train_x2.98_family1/variant_11,56,-0.09795765757560732,-71.17260654790553,-43.704669536524506,120.94273336930607,82.31902448088111,3.0981099372332803,-0.4248751783370972,0.19919335340517808,1.9292868375778198,-0.04142291471362114,-2.9510152339935303,-7.320441365616048,-25.90161071015702,-0.09976757269038455,4.452558994293213,-0.004296435974538326,0.42109215259552,-38.34273198144354,-20.867762999404913,7.311882217706017,1,1,1,1,1,1,1
pi3_causal_downstream_000612,downstream,533b9436e334a5bc636dfd415c1625e823b496299d71862e59306db5d8efc09d,9814cf854bab95cf134229f38cff71e38ee08e634cc5014a58c7139bbf2b8725,dense_v1_train_x2.98_family1,6fe34b7faa861c5f4aa59a692b0745a390b96ad97020e4d3c1252c9c05db63f7,c39e29408b6cea7572c8a376b7d48c3338948dd8316642649d83a65951fa9a77,dense_v1_train_x2.98_family1/variant_11,57,-0.18922187089920045,-71.22696802350966,-31.396385199310973,119.30026411921476,-175.94921105751854,3.2885778540819426,-0.5403755187988282,0.062392970538700694,1.8703612089157104,-0.043868884444236755,-3.6468753814697266,-6.456454879007993,68.64743780042762,1.390572407109765,4.490744113922119,-0.005114374216645956,0.35317471623420715,-38.63740000261623,-1.4237740633869027,7.323506512208251,1,1,1,1,1,1,1
pi3_causal_upstream_000613,upstream,720f8a843c575b7bd05c2fb773b51ffea939a99c25a866483de5a919c1f00bd4,e06bcad7bc0b16173ab6c16f59b5c1fbba04761cd19cb78aab0e31ebbe8f86c9,dense_v1_train_x2.98_family2,58312d70d6d8891fc603d000a372e6d982531027fcd42e86456c6650bdc6c34b,3a6d032e91c7a59509d7e614fd5b8809f4148b460ce0f23e989f94d57cad8ffb,dense_v1_train_x2.98_family2/variant_2,10,0.37603597640991215,-52.16524193689222,711.6638561160948,109.74516414963625,-902.4567211458302,-0.05382053566344499,0.30110295295715334,0.70279538580904,0.35341984033584595,0.003845128696411848,0.08270855247974396,5.566832131123941,3.7332793743782426,-0.018571821296846883,2.859417200088501,0.0048962184228003025,0.1190110296010971,-3.15484943659008,75.77994480348347,2.8453515405934087,1,1,1,1,1,1,1
pi3_causal_upstream_000614,upstream,76d5aa4fb788ce55514086cf9adcc8f9a244a069f0683a617a1e881716697e6f,07647fbb7ef3d6e3813cd189699abcb039a69ee8d8e21064ef56999b8044b476,dense_v1_train_x2.98_family2,52e4204bb36accf7ab8c9ab4a8e94f43fa1677ec1b8e98a3466255751ca656f9,2d61210cf096fbf5a8998ea1d1765f481d8aa29db96bba838ec975f027a4ca2a,dense_v1_train_x2.98_family2/variant_2,12,-1.2437889480590822,-47.27593981199781,-229.86810406381153,69.00095473148914,-1305.499080671546,15.348220868501564,-1.0719211292266846,0.95202054768313,0.6668842434883118,-0.01347125880420208,1.883812665939331,1.8635080454546704,718.4838273231093,11.109355618991808,2.879966974258423,0.0049503943882882595,0.16058531403541565,-1.0324763678182802,35.91675124109257,3.2205694991303857,1,1,1,1,1,1,1
pi3_causal_upstream_000615,upstream,b50c7c4b9d501b29b470edf3cbb9b9003ead8f928d309d5cba710896994d4a3d,76ddd1325e091f1037c883e96498c594a6f94e254667b1cda0c246c1aa28ea30,dense_v1_train_x2.98_family2,8e3c67426ea2077867f64de78137c69408c9b24ecef9e0b2014c3c84714ec174,0fbaefcf8c315123ae97d361856023695d295108535920a15f338bde53fb4612,dense_v1_train_x2.98_family2/variant_2,14,-0.4621146154403687,-60.57516506946971,-263.5382045963064,48.95813685739649,370.6632467086232,34.6178023689506,-0.2690511512756348,1.4016693817106376,1.5918853282928467,0.016786085441708565,3.1561083793640137,2.77203291497991,61.34033067161873,2.5083649880157917,2.9265172481536865,0.005135607905685902,0.2741674780845642,2.7218824644425026,-38.73636261350055,4.207253814859785,1,1,1,1,1,1,1
pi3_causal_upstream_000616,upstream,55ee52d18c9efc97e232b75913535be2e7c09645651dc0e6394a5540d486ef55,6326fb06c5a0429a8f443b2731be2f9fafa6e79b885ef9b78dee648c9f565efa,dense_v1_train_x2.98_family2,2286718ff822a5864eb223681e9b400e811217331359850b939c96fa5f0755ff,8a5f3bd285d4e4a8a8b8a25030413712d9678cb5796229dbb4efa385e1c8824c,dense_v1_train_x2.98_family2/variant_2,16,-0.3065745067596436,-65.32791805247724,-27.891485579549975,75.60983211201514,185.69030390838566,27.237529256604468,0.12782191753387454,1.4092659045785485,1.5256174802780151,0.019395556300878525,2.485264301300049,3.5181956501974834,-51.36269470941573,2.4680436065808564,2.9956157207489014,0.005995371378958225,0.3979312479496002,32.1735070476021,-105.84173152954148,3.767300205425978,1,1,1,1,1,1,1
pi3_causal_upstream_000617,upstream,7765347bba83c0dbd5d8a3fe45413a87179af2fdce7d5ebec5958ad6b0b1689d,e358329a6d8c92a74ae35c935ea4e3f34ea738d94b50cb24e5a1d663f0953a48,dense_v1_train_x2.98_family2,f8f2643a73d4e13185cfcefd7994485980d7dcbc2843cd505205d60b33dd53d1,536ed59cb9371c3a6ff6376f02457eb8c93d77b0212db29b0d6e0bb3627fb633,dense_v1_train_x2.98_family2/variant_2,18,-0.4404930925369263,-56.131946014363415,276.63031119738685,60.26888572670801,-718.8151188186115,26.670774695648593,0.14040823698043825,1.6114378204186124,1.1195173263549805,0.023155998438596725,1.0264763832092285,1.8134028449205146,86.81383536988311,7.471372324574052,3.046400547027588,0.00703149801120162,0.456583172082901,35.424468771758484,-30.104417351762624,3.9324942430270156,1,1,1,1,1,1,1
pi3_causal_upstream_000618,upstream,fd7ec0d12a62008aa80c39ead0832becc09f8fea4e2bb9c4985786422c85d209,113b9ad2c2b0533acfb262ae7326c4402aea697463190fa8762ce325f53b4316,dense_v1_train_x2.98_family2,ce715a050023b68e50f92d5f4d855ae7bc2acb9feeecf118895d91184b7edca8,206adc078b9d3bf4eb9967affe937a79fa7a1e022ce0bc49d1c3c07b00387bbe,dense_v1_train_x2.98_family2/variant_2,20,-0.19327919006347657,-37.50476339293136,456.93544807732434,36.61143270610164,-498.6954978703491,21.70810755945563,0.66484525680542,1.7144005190775486,1.2686312198638916,0.02409101463854313,0.8753662109375,2.726721866912868,-160.39255363784406,2.1795643771264324,3.094640016555786,0.008085074834525585,0.4913947284221649,35.254417551992674,-4.005743304332867,3.915245747819007,1,1,1,1,1,1,1
pi3_causal_upstream_000619,upstream,57536e5712d34561c596ee979fbbc3623bbd039ce8c10329b8bbdd43bb293da7,f5a79506161ce740eb53ca60aca0f426cd0700d95c5c198a747a1b4075438d5b,dense_v1_train_x2.98_family2,75d0bde53ef325d9c8ca4d90170f87dce300115ccf8f704195483d5efb8ec4f4,fe11b6152780324314bf59aa13d0556c0cc424aff78f29c8b628ce670731c3b2,dense_v1_train_x2.98_family2/variant_2,22,-0.18053680896759036,-18.679209879887335,438.1646948795386,17.472549387525152,-445.52982446534673,14.445194602057958,0.6779073715209961,1.7678216512279483,1.3366032838821411,0.0188213512301445,0.7928556799888611,2.6398171012345646,-171.12529433354865,1.5631814259980363,3.146541118621826,0.00897800549864769,0.52364182472229,39.10041511135682,-24.160564754869505,3.7171159868471895,1,1,1,1,1,1,1
pi3_causal_upstream_000620,upstream,190b695528a2fd771e87023f9c9ab2503e4a90f9996163aa4885e48dbf7e97bc,8d98893d63579c4b63dcbed65d034cab0f03d203d0cb870b1d4d53d5fade2aa9,dense_v1_train_x2.98_family2,253f3fb4ce7cbeff83e2ba9a6589144f450fdda2a03f3f4025a6c509ae498eb6,3afea69dc0d2b4c252a1f804e0edeef6be0b204a7498f8048487efd9034c8d4d,dense_v1_train_x2.98_family2/variant_2,24,-0.16567481994628908,-8.68253391159927,332.6081374082235,10.889248504119914,-205.74703146272304,9.152715244929263,0.6934721469879152,1.838093703002623,1.4811913967132568,0.017990082502365112,0.7231814861297607,2.2812735778307385,-183.84568837961865,-1.4069402084037599,3.204519033432007,0.009699407033622265,0.5573610663414001,39.81762937043776,13.528218448453986,3.563776226648058,1,1,1,1,1,1,1
pi3_causal_upstream_000621,upstream,e5fb8e2db259d7ce8e983db011e1c64b28dda332e2eeedf5738050c0ed20fbe1,2a07a731b7bce30f5a2de08d5b71eb711414360d43e75c694053402d851dd9fc,dense_v1_train_x2.98_family2,400713d846f06b3b58f04a575c85322648ef755d50b1225fb84553d27708eae1,38faeb5b3888c04af6652b594ba58453aa7740b28f3b2bcfb7480897aaba70ab,dense_v1_train_x2.98_family2/variant_2,25,-0.16976298093795777,-5.377177841553374,315.07780120522546,10.113890552181944,-185.89527788537774,6.850528938886107,0.6862183761596681,1.8692085175602033,1.5091315507888794,0.015956738963723183,0.642084538936615,1.975707136063647,-177.9113604815231,-1.758651301481752,3.2350189685821533,0.01001301221549511,0.5727089047431946,40.43689871682072,9.931305081515518,3.477582721824098,1,1,1,1,1,1,1
pi3_causal_upstream_000622,upstream,fdb527cce26d4cb93e2abfa4e4346642a0f24debe92e41ac8100b330859717cf,913c0600ea6c0407eb17733e50183a08a7a9aa2c50fa26630a76e577d222970c,dense_v1_train_x2.98_family2,9f35a6ed73ee2fb1190a8d559932c15d6a7cffe518912788744fe364217f083c,dd84c9d446636de28615f855a59560f5221374b8dbbed589d9efc2ec9a295607,dense_v1_train_x2.98_family2/variant_2,27,-0.20822589397430422,-1.5883472579949482,259.50046996656164,10.683075828928494,-174.13296813456375,3.6561258194676207,0.6378800201416016,1.9275859234938606,1.5433199405670166,0.009554178453981876,0.49812087416648865,1.2563346439266847,-138.31768276868632,-1.5537919436016787,3.297614812850952,0.010454260744154453,0.5998032093048096,40.73983126688913,29.269358423836866,3.366437360098933,1,1,1,1,1,1,1
pi3_causal_upstream_000623,upstream,329caca0bd4bf48a49d9d33c80379b438d85fa667474d7f0d1b9806d345d87af,850742badd99b2c9c84046d3131ad14dd49bca18e2cb21509c101fd6a398252e,dense_v1_train_x2.98_family2,ac3d4b4b6c4aabf06ec6540ad999ed34e4c8bbd49934eb26fa777915772e270d,3b4b3f25a69eeb049c01603b78a7bdb2e6f479773ef8e7d86897aa9111286622,dense_v1_train_x2.98_family2/variant_2,28,-0.23288119792938233,-0.32195732162996205,207.68500201706578,11.322080153144562,-97.34627393798792,2.4083508342472717,0.6258493709564209,1.942032218952569,1.626809000968933,0.0028862617909908295,0.6420466899871826,-0.14782763849622393,-128.43071073752606,-3.3253757813900267,3.3297979831695557,0.010556643828749657,0.6123857498168945,40.2304528340625,64.6141632842109,3.3175224754385133,1,1,1,1,1,1,1
pi3_causal_upstream_000624,upstream,a1cac632abcd8532966fe590b3677ea1693d4e6f17eb1713d6ab2861ebf5b236,c432954f5de9e20fd638f4722feaef1af98ffd2ddeb861a3eba43ee7589f1068,dense_v1_train_x2.98_family2,49e7e0ecfa0ba8195ecedd5f45c0aaaa31002c19c0e5a8ef3cbbe52654b478e5,394dfd2af5ae7ff9627630c040aa25d01d95c6ba20496b95255691fecbbc10c2,dense_v1_train_x2.98_family2/variant_2,30,-0.338876748085022,-0.8043293732413427,72.02432430721694,14.048914504735324,-61.52734125109368,1.718353170561129,0.5108859920501709,1.926542613106926,1.6519774198532104,-0.00775895407423377,0.5839759111404419,-1.065654118433323,-34.32470586254888,-1.2656480337468201,3.3963112831115723,0.010393967851996422,0.6398595571517944,39.76575066859693,54.870266640689486,3.279761457192671,1,1,1,1,1,1,1
pi3_causal_upstream_000625,upstream,1ba836ffdae1faaad593a40a856647518b8d04341598a49802a6e521e0a6528b,f19dc11f87615b1e84dbd6a0f086a08f7307b1911617ac20354cc022831253ec,dense_v1_train_x2.98_family2,b48f70cc1cc35914adc742c5cd43434f828a2449711c96c6230fef6609470ec5,cec7be510cb617a4bf1b9de36583a37950d56ab735a207cf930a5c8921afec10,dense_v1_train_x2.98_family2/variant_2,31,-0.30064192771911624,-2.1619527343515546,130.6570655390051,16.143558499580752,-58.80888498029359,1.9636784530306,0.5708239459991455,1.902445980087046,1.6935843229293823,-0.007867667824029922,0.46515655517578125,-1.8176345739981608,-83.30195700433765,-3.4243834288341812,3.430316686630249,0.010200431570410728,0.6521404981613159,39.641728093647835,41.0913776883751,3.2793898483014385,1,1,1,1,1,1,1
pi3_causal_upstream_000626,upstream,00806ee1a2cab0f975f058d8f256e1e1b19b38f66d8d732d60712d2d6d1dfce0,16842784f8ad890107dd9ff284e5fbbf1db8bbfbe89e6cec5dabaf8dc11724f6,dense_v1_train_x2.98_family2,3ff8cc7e8ff1e52898af4a2f0099d3becdf36d39430d06008dd67e556acd14ca,5d8c31d0d22b86f5e537e4bd914986ab476ef0b183cb5d31d1339643b02f1546,dense_v1_train_x2.98_family2/variant_2,33,-0.3633644247055054,-5.322712632451223,9.147042270447145,22.717139170023415,53.057418321752216,1.8006861943036265,0.5081758832931519,1.7979285591813596,1.7716273069381714,-0.016733817756175995,0.4528907239437103,-3.1807290233552585,-32.062776020777854,-3.6530400195562254,3.5013716220855713,0.009625968523323536,0.6756176948547363,39.799276652137934,35.73957271892785,3.1687558023415705,1,1,1,1,1,1,1
pi3_causal_upstream_000627,upstream,774f3c48cfbb3d3e8683ed650ab3f9669b3ff6b80f615c95fc7c6fd5ca3cc658,ec8dacaa6343f771ed98f25f83f76b4dc5e37b89f0c520395019d6b1735a7a10,dense_v1_train_x2.98_family2,db91e4982d7176bf3c41a2bf97bae0aa605a2eae86d543f39f2114c82070c256,0186b2ad2026212f4d13d86e9068f2213975e21679e9a8f945fed5b4fbbd3dd4,dense_v1_train_x2.98_family2/variant_2,34,-0.3322652816772461,-7.744055674355764,48.00810535517191,27.046487018834558,83.27289454941925,1.953943541641635,0.5619174003601075,1.728885449455774,1.817428469657898,-0.01676911674439907,0.32914096117019653,-3.9248495320109984,-76.12810686623571,-5.7499665782449085,3.537853479385376,0.009246188215911388,0.685689389705658,39.13030401916479,46.55860943970097,3.1140882237338596,1,1,1,1,1,1,1
pi3_causal_upstream_000628,upstream,06096f071a2ab767d54b30db06d3c716300ed5843237c806c609e418477adb08,23aeaeba3960d5536c5273d9959f7197ef15d4821b943a5c650ac1370b89f701,dense_v1_train_x2.98_family2,4aee4828979bf941de73f6181cd5b13060fc60deea4d224158696d862077a359,63d75fb68605c5073364055c07832d6efa7dd4168c54e3c5114c30c504e8a2fc,dense_v1_train_x2.98_family2/variant_2,35,-0.35616385936737066,-11.449867016099976,-56.5558070636869,33.827464675877366,248.44097302096364,2.1384247803158036,0.5412392902374268,1.6440784125460262,1.898255467414856,-0.020396200940012932,0.36455342173576355,-4.594087261701303,-59.154875042889756,-6.281763826361631,3.5757312774658203,0.008812437765300274,0.695746660232544,38.98527519742333,42.20551473069299,3.0348819273032905,1,1,1,1,1,1,1
pi3_causal_upstream_000629,upstream,744f77ca39314a383156d390685b869d8f64d887d429d7833c17066366f64b9f,41dcf91112cb088b0af1a75944b54836bd0d78bb6c7aab5a981d7c846980e32d,dense_v1_train_x2.98_family2,d7a45de4a553b07490a1935eb5f4aa51b97b54291cd38b5821114d9c350149d4,670f706d91c51ea675e7cf8f506157a46781aa7be3dc96eb53741e0099f966d0,dense_v1_train_x2.98_family2/variant_2,37,-0.3729827690124512,-20.363252783909214,-136.48611290123404,49.36742911322034,383.6529824344235,2.8507555700122635,0.5310180616378785,1.4463666183892476,1.9797167778015137,-0.026788579300045967,0.2784729599952698,-5.437614770424232,-50.8167371984891,-6.00018031320457,3.6531906127929688,0.007748037576675415,0.7126144170761108,38.81403210964735,35.96961349017388,2.8855514559536224,1,1,1,1,1,1,1
pi3_causal_upstream_000630,upstream,392c6bb16fe4b0f8bde8c7a5b59eb5166f51788e4ccc59bb5e4db4727a141bab,5f86c211220a76247d64851de94fcb02ea63f127f0a6fc5c22ad9254d424b9e0,dense_v1_train_x2.98_family2,e38c82ebfa62da35735d42a4ae582940c05d3f878a987f1f95f83dd07654b57c,612b203ef49b23eb59337830791760ed713cc0f9290149a27f8b6ced264d8aa0,dense_v1_train_x2.98_family2/variant_2,38,-0.4644082593917847,-28.108803415919564,-303.0857102303539,60.377055432593494,489.8022637219123,4.474712765408658,0.42405179500579837,1.3363681888490904,2.0062522888183594,-0.03438517451286316,0.3928819000720978,-5.794271880956665,36.6888153343033,-3.701697860316573,3.6933131217956543,0.007050607353448868,0.723091185092926,38.1575416473824,39.82443906904026,2.8706298675405715,1,1,1,1,1,1,1
pi3_causal_upstream_000631,upstream,41dac844ec0d0baeee3555ddbd925225d203620654b45f2c36e0f57d2fe3e20c,26c915aabfb84d930a8d53c19a21db2061e4368277c193477ac35dc83a913025,dense_v1_train_x2.98_family2,8e7ba669fe7bafb3d10e97a208ea1a3065c2c2cf7a1bc64819c44f02d9dbf2af,01caa7ec9833857dab1808b35d3c87f32261bca27144bdb9847f22f7c8a7f0f2,dense_v1_train_x2.98_family2/variant_2,39,-0.5309221315383912,-37.79577384780351,-394.7467396088983,71.93735550851518,519.4017354336196,7.319703331781796,0.3561989736557007,1.2201423086870675,2.0099258422851562,-0.04012007266283035,0.4244674742221832,-6.454369963763847,92.17625786839514,-2.3306974669951854,3.733508348464966,0.006230778992176056,0.7345083355903625,36.69243874965799,50.5460328960194,2.9151037688547463,1,1,1,1,1,1,1
pi3_causal_upstream_000632,upstream,dad0fe676e02f52f70c369f5a9220c0c344b666ef695fd4f3d92d7450d00f554,6cb722635b5b189177e308ae10c4bf594c64722da338adf5518a8c65c6b26849,dense_v1_train_x2.98_family2,a9fe9ee7276a1835d32c007e9ec33436d6b0f4660af711cbe01ce3ed514d4c9e,38f3230f12d6d6eb5f1730aac8ece424c780c6e2715a6a5af396b645ea9f8710,dense_v1_train_x2.98_family2/variant_2,41,-0.34456719875335695,-53.99113933223881,-250.3785064431995,99.80309981263066,748.8170799177294,8.32068932175398,0.6129359912872315,0.8873482618934893,2.198888063430786,-0.046744368970394135,0.5729000568389893,-10.007060417147422,-118.0082518754368,-5.732229857630855,3.818208932876587,0.0044243354350328445,0.7596200704574585,30.33607004765278,76.74865687308805,2.825103520680071,1,1,1,1,1,1,1
pi3_causal_upstream_000633,upstream,0139b15247a3f0f03f6ae59baf04e18aa30c34f08b80b3994f0a18eefb447240,71440f7690e5ce640919a65ea9b9df77b84da0609acd5653fbe9fdd04449617e,dense_v1_train_x2.98_family2,56092a4a25b3cf4bf7e8a2b2dcc883ee9012c6724b616384a67f0bd4cb5b83c8,ca8a6dd3838733dbc31ba0fd46b5d122ac57e06cb476d880c868c6947efa8964,dense_v1_train_x2.98_family2/variant_2,42,-0.3595836973190308,-58.920333176980684,-177.47679652577023,113.27133810111454,584.3477639492231,6.488069535670991,0.6023079109191896,0.6485871848273299,2.1211636066436768,-0.04871390014886856,0.1730842888355255,-12.515735111553392,-109.28229588996282,-4.609146548160712,3.861220598220825,0.0034525415394455194,0.767972469329834,27.88931870203579,62.19682956334916,2.715627136554031,1,1,1,1,1,1,1
pi3_causal_downstream_000634,downstream,5acdda038f92d673a1b2360bb228555f85670a4fdc41628dd249f2940e543225,6b53760f2ef2494e7236c34d5f9a1610b98efc6fba5258d8ad87b13ac0d26e45,dense_v1_train_x2.98_family2,b8a6157371fb4bc053c365cada42dd052ffdd77d6092df3a8e575ce949132167,c50ec6aba578fe3a6b0bef4dd2a46496141698ee316e9fc4c7fd9d0b359092a6,dense_v1_train_x2.98_family2/variant_2,43,-0.39180870056152345,-62.60029566781098,-125.59414683559811,123.31380621891931,419.63485611415757,5.021534631618988,0.5729496288299561,0.3673422705144434,2.0363237857818604,-0.05016171559691429,-0.30457720160484314,-14.942034309474423,-85.21514080218242,-3.644012643907584,3.9024994373321533,0.0024522081948816776,0.7672287225723267,24.66317617777594,70.94745619210524,2.6403323143721416,1,1,1,1,1,1,1
pi3_causal_downstream_000635,downstream,cee035d3b13e530f13aff07c36ff22d0d29a084942f079c8ee83dadde60d9d03,b8fa43d4c1556c2191c285d21e5601001c56164ce419c1e135ba3ea12d0faf24,dense_v1_train_x2.98_family2,56b752e5c502d12e29aec98cf3888aa86e4f1fe55f56a148f310de2b035c26be,34c95257426296041fc7ebe94ff0518de4590cbebd28c48fe618a54ac30b8c0a,dense_v1_train_x2.98_family2/variant_2,44,-0.5262457895278931,-64.92085926851199,-63.77685039385904,127.46702568715062,-2.014937821665496,4.759790156118839,0.436113452911377,0.06796634867006013,1.8032220602035522,-0.05160669609904289,-1.370836615562439,-14.807728884729876,26.745460091544587,-1.1663534116358192,3.9406204223632812,0.001438204082660377,0.75081467628479,9.420580247648752,-144.62309484438865,2.6390694799339105,1,1,1,1,1,1,1
pi3_causal_downstream_000636,downstream,d94d54f9eb25f73737de7696b043eff495cbd998783a2eb6df107775cfd8de34,bb7d6784efc3764c73e657bc77a6cc4657e517b081d00f91b640396cde6174bd,dense_v1_train_x2.98_family2,0228014f115b5f9111325d2b4e1dfd3eb810a99b74f4dde6f7189c40bd4c8a5e,0a91694586028f6c6ae4286bd02e915d955626300b0f931d85bd759409e55fad,dense_v1_train_x2.98_family2/variant_2,45,-0.5023780870437623,-66.7225812092913,-47.404791330690095,127.79968322048693,23.2875470506314,5.5206529392324954,0.9861714363098145,-0.22941640939157312,1.827174186706543,-0.05048727989196777,-1.5223735570907593,-15.025441164524032,5.362653017396519,-2.5546837024288216,3.976694107055664,0.0004160621901974082,0.7226009368896484,1.4377000720526183,102.82280157677417,2.628222701734756,1,1,1,1,1,1,1
pi3_causal_downstream_000637,downstream,7f406f3d3db341cfd404ac22d2821c2a1e3d8413680ce65baa2d6b5c2da8904c,160fb953c08baa815a663a27a73845f6f878af99c230efc1b47f79f193d05ae1,dense_v1_train_x2.98_family2,27d108f8de08e00974e8728010c3bc0fce6cee4825287b8de2dd7b184a24b1cf,5bd644417132f472d4f5b7895fac06ed3eb221bfc2f37febc4ead97122e266cf,dense_v1_train_x2.98_family2/variant_2,47,-0.4918817853927613,-68.57722345575989,-0.7215258693553673,131.21745523964793,-45.43689430249895,4.807259745284128,0.9945667552947999,-0.8771035007300818,1.8077040910720825,-0.054570745676755905,-2.0798416137695312,-16.02675884967895,-1.5016356586041093,-2.6182806610078684,4.0510053634643555,-0.0015847875038161874,0.6590684056282043,-4.116925550529158,52.4285491444908,2.542428910917536,1,1,1,1,1,1,1
pi3_causal_downstream_000638,downstream,3a355b4962c97313cb8c5aa28f2e44e5433e2e90a4595dc93f867d9ef2e23a48,c8c0d44309b0be61970d0edd6fb3ec9dca155394444bf8722da69a4f444c22d6,dense_v1_train_x2.98_family2,4effc035134a9f8f8b14036e79c2a23570c0fbe61fb993103e3f48b67c972aa0,5d0f1b0e0fa6dd44ec67f45de441ab4ea6647df2b146bde30053dc86809bd78c,dense_v1_train_x2.98_family2/variant_2,48,-0.4019614362716675,-69.13043462758507,11.928368725009914,132.55365880735587,129.93861160058978,4.328362372248076,1.0844684791564942,-1.2127910464638074,1.9064710140228271,-0.04720519110560417,-1.918433666229248,-17.305824469885142,-75.10262909443917,-3.6483417031809027,4.088070869445801,-0.002583644585683942,0.6205532550811768,-4.0906066972229835,12.626547246874033,2.4928570341312684,1,1,1,1,1,1,1
pi3_causal_downstream_000639,downstream,14368d1fe70c302e8d2f3fdec0a48537af1bcfdcecfff0f7200a7db1a7e8ff7e,ff0848157a070a2e3a76e3e202f281765889354070bde9bdb666bde7e67d126b,dense_v1_train_x2.98_family2,549f0310228c81e47fe1f4164686411c452f5bf660aa0f8a24a9c2d61eab457f,a9c8cc8b515619d439984cdd4f1d8078ab2c75e7d88e0479e29b0adc0092cf5b,dense_v1_train_x2.98_family2/variant_2,49,-0.4191240453720093,-69.36057102147949,20.1094975958649,134.58293533052336,75.27856110708035,3.371677907640123,1.0666209411621095,-1.5671418058751072,1.8817415237426758,-0.05075490102171898,-2.2268600463867188,-17.943067459068992,-60.47547845853338,-3.334104763149303,4.125629901885986,-0.0035630101338028908,0.5794426202774048,-5.004733175641279,19.555009178664925,2.454437724957308,1,1,1,1,1,1,1
pi3_causal_downstream_000640,downstream,04a35befbf84cec539cbc9a997133747e991beff94dacff40b71a3eb09ed289e,b2ff45a51265d827bdaeeaa89e8a9fb963ea039768d5f67486524ce224737b4d,dense_v1_train_x2.98_family2,b2250974f2a9c3d87dcd25265a1498083c9d180be16f8534e1724f2f19ba8625,862c68e43ac217628a9c70f6482f70e8cede54786fe61a7ba8152a07794df6a7,dense_v1_train_x2.98_family2/variant_2,51,-0.4085523080825806,-69.62566432354602,28.073856753031194,138.59035758073156,83.29231960741876,1.3368072286321557,1.0768036174774172,-2.326439995210233,1.8910287618637085,-0.051627013832330704,-2.5935537815093994,-19.87948926801743,-68.80919034035186,-3.1263297682672806,4.200812816619873,-0.005542444065213203,0.4856283664703369,-5.255351172422442,15.321249827288115,2.4020157470055827,1,1,1,1,1,1,1
pi3_causal_downstream_000641,downstream,e170b326d45c964d169c8e6692e3e120c4a42de900d10bdad0c94862cdd65a38,721818350dc06f4c6b6d0621548983b37bdca8f22c0c701445377a432ec7668e,dense_v1_train_x2.98_family2,07e1d3f828d168b6b6aff3b5a6171632f499886ae1155f3b2d1c3b1f19eb0da3,510c875a80656ce94c13f2c7b4dfb82fb08c72e3bf9abda9fdcb491515fd64ce,dense_v1_train_x2.98_family2/variant_2,52,-0.4148439741134644,-69.63644919224546,30.596044122936387,140.1256611627454,65.19894359037988,0.40281703223802967,1.0709735107421876,-2.7305157919355962,1.8839147090911865,-0.05383455753326416,-2.824010133743286,-20.591013979519754,-64.04283162051767,-2.8602398989121585,4.238229274749756,-0.006585477851331234,0.43194782733917236,-4.355147607740394,-8.939907392356398,2.3855796639123996,1,1,1,1,1,1,1
pi3_causal_downstream_000642,downstream,818b9a2a7b815c420e7af427ae5aea3b08ea62f8dfc75599fc50c052cc7eb247,750ed4168433b3be1f223f93570b420aa8242e5ba6a15ece8db5168105995484,dense_v1_train_x2.98_family2,bcbc9cedc36666ec7f71c0d80c1a3e6de46cc3a9cb40800c91bbcb8ff6442e70,94064700999f10fd127d5e034af5b1fb08bcb41f888dc0ab4b1843d4c7d2cbf6,dense_v1_train_x2.98_family2/variant_2,53,-0.42992993354797365,-69.55627643176786,34.06868305170012,141.0045289240076,24.888688533602252,-0.35963321288007605,1.0563325881958008,-3.144174367524716,1.8666173219680786,-0.05865037068724632,-3.104907989501953,-20.854828328664205,-52.05345906093579,-2.645879107566363,4.275370121002197,-0.00770411966368556,0.37296855449676514,-3.6257073100451267,-11.00209347449228,2.371735398876606,1,1,1,1,1,1,1
pi3_causal_upstream_000643,upstream,78c6594b88d7e0de37021bffac6a71a7c7f55b0752440b8881b89d7a3fd251e2,0ea56c5f25300cba05d55a94aca8a0ea988d349dcb8fc7e1c5bd80283e517663,dense_v1_train_x2.98_family2,8caff24ee8f5bd943ada5ebd2a789d96d292efa3cda4b8810cca1f38d4e293b7,4757bba8d2789733b52ea9a504e979c897587a23fab9f4b55ea2a0498de85cc1,dense_v1_train_x2.98_family2/variant_7,10,0.5365403842926025,-52.289715304326535,697.7978617612953,109.72885365789826,-911.846919858277,-0.06415182517593482,0.3426757335662842,0.7055810953552357,0.39429041743278503,0.005241387523710728,0.05694153159856796,5.3269503379443925,14.945785790876052,-1.273675533733995,2.8604259490966797,0.004967933986335993,0.11897724866867065,-3.1593652588485166,77.3256302730357,2.8348776408829837,1,1,1,1,1,1,1
pi3_causal_upstream_000644,upstream,8bcf68455c2aaa62707cf8d5f764eca2f4abac60491ef71741b5dbe2a4465020,ee1e54354fa86be4b975cef749bf816ede554837f7216a9fd2e7da6134cb593e,dense_v1_train_x2.98_family2,caf73abbcf762c50a7edcb6ffd6ce9ae0a953045f94525aa670d7beaf639554b,b63a5c80923e7104697511858080f903f0baac50566e21d1962b471241de6ead,dense_v1_train_x2.98_family2/variant_7,12,-1.2229699134826661,-47.077256439231306,-309.3248967918638,68.98411831518506,-1189.388269007917,14.980806357167335,-1.0442963314056397,0.9318434754035357,0.7266903519630432,-0.014467555098235607,1.9503685235977173,1.90237822513439,737.7484578394002,7.648156403314199,2.8832948207855225,0.005085363518446684,0.15956585109233856,-0.422299070437664,35.85931276526735,3.119579061442009,1,1,1,1,1,1,1
pi3_causal_upstream_000645,upstream,c8c60e9627aef2a52ff0862d6a41a4032b7396b359e647f56320372d0268c4a3,c1ce1a6479424ace999c86f0f1d87c88784f79a44ae087dd92c590469fb336c2,dense_v1_train_x2.98_family2,6cd8030d6c77860eb953c7fe04be3f845e2102c82a9b5316cce81f57fd1285c7,d53308503ef180836c22dc907ef42d91728dd5f318a80618b14e6fde03167dd9,dense_v1_train_x2.98_family2/variant_7,14,-0.2647619676589966,-60.65291311279197,-275.25752513648433,55.62991003489455,683.3131069092059,31.767279434779432,-0.06923717796802521,1.2741015921642234,1.7370249032974243,0.017853818833827972,3.28708553314209,5.3918823850627655,-60.271399236322566,-4.505825849699106,2.933077812194824,0.005335463210940361,0.27217212319374084,3.437947544195592,-52.862252496408274,3.7481421833234685,1,1,1,1,1,1,1
pi3_causal_upstream_000646,upstream,8bfe480f264de0cdf57c06e1fb5edd40f4a3ab18d909d7981dcc44c0220317a6,2c55cea5bf285bf1f11fc1080f4d051d06e51d2e8908636ef70eeb2b96260866,dense_v1_train_x2.98_family2,c9a3aebdb1f13b8cb775e1c59819ae52c1d4e1b5a6f3919a1045cad07c2266d2,37f1106c412af8cd271a641de2bd8a5556324f37964a622b5e74fb1ea29818b0,dense_v1_train_x2.98_family2/variant_7,16,-0.19247967243194583,-65.17015434302829,-27.620463673283872,89.9082730639249,344.6124954028444,21.25961771599452,0.3993180513381958,1.2143023524182621,1.6244922876358032,0.015556691214442253,2.633296489715576,4.414009324233917,-110.38072691228427,-2.5756756485126213,3.006972312927246,0.005988428369164467,0.40440747141838074,30.42000965745765,-89.44380653998569,3.0378304826370934,1,1,1,1,1,1,1
pi3_causal_upstream_000647,upstream,3a0138a3345f92fcf1662c78775b6b59ad6076ba21e21477cd8b6fb724959d53,94f63a14fb0a7d784279f31b32026b07137f429b2d2ba35868064f5024447b99,dense_v1_train_x2.98_family2,d9d27a667a0e8460df54bd6d29c3e09a6b35d428439c0d0096b70b3bb90bbf9e,0b6746270f569e623220375c3480822e4abcc9b1d1b2a0ad30e54afbf3590369,dense_v1_train_x2.98_family2/variant_7,17,-0.41956571102142337,-65.11051313119573,36.338109026085235,90.42953944100194,-286.9138713325147,21.261912348686995,0.13728366613388063,1.2996763122643766,1.2967420816421509,0.023746058344841003,1.5297423601150513,4.31618948937511,104.09752661176283,1.7694540994277734,3.036073923110962,0.006374966818839312,0.4460284113883972,29.67139018857299,0.65966868802397,3.030312663618876,1,1,1,1,1,1,1
pi3_causal_upstream_000648,upstream,94f2ce54beafa14a0747a6dfade2842dbded81aafd462b0e39c9aee170ced4ce,c1c952e00aae0729188accbf1388a414051cab238441a1e6b8adbd2f89a3e25e,dense_v1_train_x2.98_family2,28f6c8163e3a7c742c845cf9768eb802e543d688cc45b09d6f96eadcbfbaa9a7,7c37a94020b28e3c4ff48b55059b612a4fb767a7f860b1dc6d4e9cdfde089742,dense_v1_train_x2.98_family2/variant_7,19,-0.29552281856536866,-52.418030653168984,391.45680141024326,62.1569617491638,-695.4441239317955,23.58134337561646,0.6002859687805177,1.5117279403845256,1.139613389968872,0.028273172676563263,0.5860605239868164,3.4031445287232036,-12.338959570549706,0.6953886563924326,3.080549955368042,0.0076172142289578915,0.47249481081962585,30.562992837542698,33.14968792906408,3.1809053651735613,1,1,1,1,1,1,1
pi3_causal_upstream_000649,upstream,d5a6353a5b2dbe89bba202cc8233572143f364dd9e3348c2e8b612668fc0e158,e92f1c09a1f916692e2981ea27b6f68aa4d25dcb97798858bbaa7f4d396eaf43,dense_v1_train_x2.98_family2,164b78ff632c40b491f4d41431d6a83c18c2c0b7dca8f6b79e45e16582a7b25e,65ceb3ed4837a4eea060e66d922c9dd38d6940827fdab75efdd0222d79363c57,dense_v1_train_x2.98_family2/variant_7,21,-0.1462989926338196,-34.81248382212534,488.3343194654932,37.72236980479338,-561.301776783873,19.92241785369096,0.7760071468353272,1.5830437307609886,1.2520530223846436,0.02486627921462059,0.5194151997566223,3.2887792009302754,-156.16791771165109,-3.098793006854728,3.1285057067871094,0.008666074834764004,0.4954048693180084,33.72383021560076,-40.62307942831151,2.997558965566155,1,1,1,1,1,1,1
pi3_causal_upstream_000650,upstream,93d9d5bbc22e5a822a2797e6c793f54f042f1b42ee4e6818d2b904d356433422,1926564281cc4254b23218cec3b4658265e27fc23c14b3fb0edd4ff318eb3cbc,dense_v1_train_x2.98_family2,73ac4843388ba92b11f2f8c2ed8b362ca8ea109dbf25cd9e49a66b9c1765b0f4,a391170b5efb31cb372292b9f2522e7146868e80a880020e62ca74adb4d8ecdf,dense_v1_train_x2.98_family2/variant_7,23,-0.12499007701873781,-17.826307082754916,415.2039484750302,19.309755868589985,-399.6584106033245,14.012145794453579,0.7896862983703614,1.597832424948736,1.3682968616485596,0.0200511422008276,0.5064313411712646,2.730700665547812,-167.43883633281766,-5.420894894222863,3.1809134483337402,0.009541727602481842,0.517164409160614,38.509402257570194,-30.925091901296337,2.616056378857129,1,1,1,1,1,1,1
pi3_causal_upstream_000651,upstream,32e40accfc8d1f7c935fe5090c6840e67cc7f9a161ace64356d9444031077d88,93420346f7638cbf3df18f5f6b5e65512ec6e410b81a3c1bed761a170b6ac5d9,dense_v1_train_x2.98_family2,df231c582d2714c5feca662dfb9deae8b2608c11297feeeda754861ca8de1da1,b86bf846bef5ccb2d2ec0a603f5ee5b951559c90b139cecaf9093353bf3ab736,dense_v1_train_x2.98_family2/variant_7,25,-0.09633602499961853,-8.50606231401365,341.4806351023401,13.864445609405266,-195.56260469320873,8.958009591151372,0.8191066646575929,1.6039984503694713,1.5048984289169312,0.017868634313344955,0.39755725860595703,1.6401438908440342,-191.5436121025465,-9.084314666883392,3.239987850189209,0.010251910425722599,0.539131760597229,39.69443666347282,6.906233508023911,2.1924393611283115,1,1,1,1,1,1,1
pi3_causal_upstream_000652,upstream,e00c4630af3224160eac6cad557d8575ac036d2fe98250e9f57ebbd8a4ef16a7,4bcd1b04fa96624ab0be7cad53a1746f4caeb862626fdf8e4bb898de7f9de565,dense_v1_train_x2.98_family2,38835e5d07da5a18aefc5492fef8157a5cebe0cf3b8e3223d3d098b9d482acb2,3987d9bf9d9cdb066e86a89b91aa13c4baef0562c35b42e509dab38c39f31e68,dense_v1_train_x2.98_family2/variant_7,27,-0.14019386291503907,-4.223395393084963,237.31817388213796,14.72307039751486,-105.91904244075684,5.402019299951043,0.7613156890869142,1.5949430081032923,1.5716592073440552,0.011463634669780731,0.2855494022369385,0.32711307391669026,-144.21503202261542,-9.445603499446742,3.3028345108032227,0.010748841799795628,0.5570216774940491,40.49178953208553,20.15024138181132,1.7791060136795291,1,1,1,1,1,1,1
pi3_causal_upstream_000653,upstream,00e9c2980bdd695b219b5844c12f9a704e2f27eeea7b6eacbb60b9ef60c04bba,d1b6377bb9db73293955ed5a90c60fa6739712f4d69cf0de2e2fd89641995195,dense_v1_train_x2.98_family2,e4d60c00a9cfe1c86d90ec6d72c48eec460098ac714c29b8b3e9c0b485d9ce00,e7f8df8a2afeab3af6c472800d25e41fc7f79a5fdd1a20da3b43af0be9da45c1,dense_v1_train_x2.98_family2/variant_7,28,-0.19567265272140505,-3.6563868122495315,103.50159260667921,16.618169561984722,31.17183248506305,4.292484225021201,0.6972931957244873,1.5813311144343962,1.6327165365219116,0.00665658712387085,0.3021577298641205,-0.41525202276150336,-91.78157538720595,-9.315257023099864,3.335301399230957,0.010893620550632477,0.564372181892395,40.22175458815449,37.227686523966035,1.5931029929389677,1,1,1,1,1,1,1
pi3_causal_upstream_000654,upstream,aebb203f111c2bd07b6a08c81bbb5bc514b63aad7a4a07bc53ba5c4eb9089138,169fcbc3edbe8ad9331e73d7831c727ac487117d93034451a08589cbd2f967cb,dense_v1_train_x2.98_family2,3c6cd265b8fafd48cb1fb89f4b002bd07ff143d3479e927e99878639c2276e53,de2afdd160d1b23d25ec67bf33a0a3caac8050342f2dc9f08df994f204f5b698,dense_v1_train_x2.98_family2/variant_7,30,-0.21336467981338503,-4.953761181412767,79.21317354073624,23.19639817615758,71.53289219643453,2.8810946278019856,0.6945912647247315,1.5219456891900394,1.6955066919326782,0.0004298363928683102,0.15028499066829681,-1.8901513327464208,-89.61099591048927,-10.505588240703837,3.402499198913574,0.010970618575811386,0.5759228467941284,39.70736962666624,44.457305156641134,1.2228880148397605,1,1,1,1,1,1,1
pi3_causal_upstream_000655,upstream,13c5c71cab24c47331150d83bb7558b001e7a8e6a102ae59480bd7d176203775,db629187966eff523cebb6dd5f18c0640a36bf0ebb1f84922cdb542725299570,dense_v1_train_x2.98_family2,ef9a58ff40d13a904172ad3cf9e8930342f3c1e05b9b06aff43382e996edd8c3,713c0aedee5702da58ccd3cffad550901c1ea781992974c1f0e45056aaabc2a0,dense_v1_train_x2.98_family2/variant_7,31,-0.2323183846473694,-6.830749672411515,34.47023670319434,27.992183058483477,122.07986424346481,2.5388810318856496,0.6760463809967041,1.473871221925911,1.729803442955017,-0.003178608138114214,0.08245594054460526,-2.3897978132228364,-74.40594979909787,-10.321457439737694,3.43733286857605,0.010889438912272453,0.580470085144043,39.81307363426136,33.724106838262145,1.0362135900116283,1,1,1,1,1,1,1
pi3_causal_upstream_000656,upstream,54877db9fd9d7d5f94e4c0e6d846f7b12f19ae4d6fa732b89f1d8dbbcec01536,91265f1099902e322043dd1ca2d300bb021c9e9f886858494c04a7cf223b8a51,dense_v1_train_x2.98_family2,7cd1f48b1733e755f98c73474578158d8f528f5a4bace44ca37dbf645c087e2c,d98ed5f3798ba90e185020c250bb88f95075c8b92444b8eb693c3f57364faee9,dense_v1_train_x2.98_family2/variant_7,33,-0.2408765244483948,-12.709775663231577,-49.53074235136992,41.46133829986342,312.8677159143494,1.9693252208620866,0.6878841018676759,1.3463348576313852,1.855979084968567,-0.0119734862819314,0.009898960590362549,-3.671214299163983,-84.0832623434954,-11.115911746821373,3.509896993637085,0.01048242300748825,0.5867835879325867,38.784074899947676,42.64967851732433,0.6588718925872632,1,1,1,1,1,1,1
pi3_causal_upstream_000657,upstream,c114384902d5d7db94f075df361a249ac9707904057e060f45c3d4c8d8753767,bd17cd79c6dad195467c76e6777939595d9b2d446b324b8c4117ead28b133a44,dense_v1_train_x2.98_family2,5cbd962c274ca1e7948c9fc2298b028762580778e30470230388d00e08245af0,58a7effe3a51b2f754f620eb47e539a6ffecdc6d6bed00f42faa3012b9d6cfa9,dense_v1_train_x2.98_family2/variant_7,34,-0.2715842366218567,-18.12545400047584,-148.75232668825487,51.71276239494639,446.2329787800212,2.2380608757565765,0.6564398574829102,1.268541710271099,1.9299484491348267,-0.019330201670527458,0.08064554631710052,-3.9821829936777315,-58.36177396703538,-9.868289756232981,3.54825758934021,0.010089200921356678,0.5911561250686646,38.55163673230297,35.248758740265316,0.49475560869701507,1,1,1,1,1,1,1
pi3_causal_upstream_000658,upstream,fef3d3d394befdf1521df5a6f28a4c7e1ab7951f8aee4ba1807a18ce856db3a4,52ac8bbf55caf7aceb9418e9464724cb20edb61785a8f2fcea1b2e887e518845,dense_v1_train_x2.98_family2,a4ca3f43bb592c72e7e5accc5555a2db7283c88f99be339b6e0674e2f8550a51,da95ca20461f5df003f54af832b2b7e7abf55d43ddfd8491cecf9f2d5ff05816,dense_v1_train_x2.98_family2/variant_7,35,-0.33464801311492925,-26.129467528415937,-299.05488775204924,64.67941208135204,598.5366896479809,3.450860332079408,0.5864177608489991,1.187034743861651,2.006054639816284,-0.02895367331802845,0.2643703818321228,-4.12989437221572,-1.012678744343881,-7.660488309860657,3.5880863666534424,0.009518618695437908,0.5985865592956543,37.802658678486885,39.014532312733074,0.3875369947880438,1,1,1,1,1,1,1
pi3_causal_upstream_000659,upstream,4ba3894da860eb27539af58865bd9197c1879c680ed8b8ca811733493eb74fc1,d3de1563d77738e03ef676e4ec2ebb2ac2442d9dfb7f1aacd5d561ec4da6eb23,dense_v1_train_x2.98_family2,0e920abe6e9f69e6a35509ba174bfa9e1a080da195561f935630311889725ea9,7b6c8b1c48fa26f567baf56ad89c68d1c9f77b7d092c924740ae23815dbb6c37,dense_v1_train_x2.98_family2/variant_7,36,-0.43580236434936526,-37.59953568275987,-481.2538721642911,80.11755205854845,725.8180844538689,6.312238778342866,0.4806402730941773,1.1046708994613832,2.0626907348632812,-0.03963487222790718,0.5360416173934937,-4.444284991503645,85.59877886748369,-5.124026698363783,3.629098892211914,0.008740872144699097,0.6110726594924927,35.650261165340766,60.78025515967769,0.36751383463916637,1,1,1,1,1,1,1
pi3_causal_upstream_000660,upstream,ab8a4c23bb95294b32f4ba5bc605180f86dfbffdf6743ed4d02e3732145a3dfa,2716d6812ad7f92a329777c1f2501fa99f3b10979744acf5db142781ce8ab4c8,dense_v1_train_x2.98_family2,48ae9da5a15b2bf4c0485949c165f39fa92cb5950fe21c1dad3c6ea03e68389d,ad6c7efddffa55cdc211719c762962c5c74deb0c8859a7b0dcf0c3ef3e3a14c8,dense_v1_train_x2.98_family2/variant_7,38,-0.33072248935699466,-54.00374103125748,-253.38717745183342,111.09332737858088,621.4679296352748,6.681648202763174,0.6490021705627442,0.8547125494965097,2.074216842651367,-0.043796125799417496,0.17847365140914917,-7.2147680938721965,-52.189041731055134,-5.337397966053573,3.714153528213501,0.00690883444622159,0.6337544918060303,25.56280942166229,121.24764667423378,0.20326302271894273,1,1,1,1,1,1,1
pi3_causal_downstream_000661,downstream,dc836bbe7c8ffb53c66de46ee66e04585c667b4569c190df99e3c322959cc700,305d537c1e6055842a586ff0c0fbd830e14f18456cc916b8b8fcf3afab5a03e3,dense_v1_train_x2.98_family2,7dbd625d0c042565b976dbefca6ebb0035098fec2f81793cfc53835610575124,1c7ad6e783420f41b3107bf7490e211f3dc1b8a74b97261bfe575786cb61972c,dense_v1_train_x2.98_family2/variant_7,39,-0.3506182718276978,-59.02490337317358,-179.88158318912664,121.79600158155908,447.15625643126685,6.252962716209398,0.6350532531738282,0.6906800247311397,1.971375823020935,-0.039352867752313614,-0.31675153970718384,-8.443540469898647,-40.76870247651077,-4.211153559658185,3.754333257675171,0.006074611097574234,0.6329789161682129,22.993210293633457,72.23449605816741,0.12276547159573718,1,1,1,1,1,1,1
pi3_causal_downstream_000662,downstream,62f4f10afdee6fb2f0f1b6179aeafc7576f42bef5ec4c770d4f1fb6101508f2c,450844eab0796ec41f59a691abcc9a71a7313f0b734c57cf00a7cd5c72b14e63,dense_v1_train_x2.98_family2,70e098416cfc492dec9f5350d71a769a7ca02c1de369825c4dc84d55cbd1a4cb,834e6b0c9e283b70412231b65469c5a6ae3313c7ecdcdf5c146c0bde89483f2c,dense_v1_train_x2.98_family2/variant_7,40,-0.36746865749359137,-62.592796120102314,-117.03281889968895,129.33291042499306,307.7600458115005,5.9439275658029045,0.6265062618255616,0.5144834761022459,1.8890233039855957,-0.03488847613334656,-0.794918954372406,-9.342668279786418,-33.79471050371257,-2.777081491993607,3.7926440238952637,0.005342264659702778,0.6222910284996033,6.094896253972429,-211.84371295738978,0.10152562933844124,1,1,1,1,1,1,1
pi3_causal_downstream_000663,downstream,68bd413a54f3838fedf6ae02787a646830d716a9953ae2792d1537c3fddfb9dc,8caffe93e6d1889b16b30dc145a1924a08dc1a3ec7f840b8a5bb0dcfd2c96aa1,dense_v1_train_x2.98_family2,54fb84eff1a6da7bbc1e2a85ea9379170c942429c857c1490c403b91fd39b119,7280a33118f6d4fa3f1cc25ad541e49261c1988bdbd55d9e2ca7cd896bfa99ea,dense_v1_train_x2.98_family2/variant_7,41,-0.3752711057662964,-65.07678565707421,-71.70723277499911,134.44413222621034,204.29300713183238,5.758650904306987,0.6186195659637451,0.31862484898661836,1.8280014991760254,-0.03215247392654419,-1.2157799005508423,-10.152037158696466,-27.33870300209521,-3.295991880693809,3.8295092582702637,0.004678952973335981,0.6025842428207397,-3.291082682227862,110.84636139857156,0.06821393425949039,1,1,1,1,1,1,1
pi3_causal_downstream_000664,downstream,3b7390ac09c6826f9511f1d8e955eb3e749c1a35110ad08984f32080b400b78c,4570b2242af04a5482f3f33f7e6d65ce9e8a750fcc7f3b7ab041408a78a4b7db,dense_v1_train_x2.98_family2,1a5d858b5a0ac99930cf85089e2fcf3d1d75a10d479e1384f1ce300e1bc5a063,1f2d73e61816bb080ae1705706b25b4d18e21819d30a76a24d93485d44df56d6,dense_v1_train_x2.98_family2/variant_7,43,-0.3763533735275269,-67.74602358471519,-14.729507850807599,139.93072756383322,81.7824038385499,5.535816368341191,0.6111008358001709,-0.11123469247154824,1.7585585117340088,-0.029940467327833176,-1.8880562782287598,-11.059827355999106,-21.205568787828113,-2.787235421968477,3.9005205631256104,0.0034613648895174265,0.5407026410102844,-11.415168801342665,67.8191817409152,-0.012500115140897156,1,1,1,1,1,1,1
pi3_causal_downstream_000665,downstream,fa40746e933726216b79325515c2c6823f1ccf05d610856064a98a05c52a257d,33ede97f732a9972f8c413cb76ab323220e25a17ca32aa4b6f148e3843c889c6,dense_v1_train_x2.98_family2,f49829b144099f1e66060f1bb656b6e536b7e6f8bd3784dd237247690bf1d350,df81521f762138cf641cd8604ce7f94aaec3bdff4214a0b837c787fe57b67d2c,dense_v1_train_x2.98_family2/variant_7,44,-0.3712656402587891,-68.36055619490875,7.252191554108342,141.2531204890394,49.20879455465221,5.456705531887711,0.6142284107208252,-0.3375272452308861,1.7431280612945557,-0.02992234379053116,-2.1637938022613525,-11.312083317520601,-23.737034969720767,-2.6639908482545325,3.935241937637329,0.0028706160373985767,0.5005722045898438,-12.87219500037354,38.27517799545753,-0.05596745311948885,1,1,1,1,1,1,1
pi3_causal_downstream_000666,downstream,48967d2197e5b4cc76bc5f57797b1f27753a56368e8583a9cb5c8b683925ae63,6454036c3828adfa26022a09a4610f66d8242ee59cef53ca6bb7f3cd8267bec2,dense_v1_train_x2.98_family2,0b32b304927a25a59016b5151fdbe6bd9e38eaab8237ca20e02c39222e48c7de,58dc1b301d71a25d880f4080b8f9b947511ac3d01ab376116ab90fa26a0b80da,dense_v1_train_x2.98_family2/variant_7,46,-0.3699398088455201,-68.73286297637698,28.319422544260664,142.54226405336593,16.429127001231695,5.2139135679314395,0.9884080028533937,-0.8031620356170198,1.7307450771331787,-0.03067978098988533,-2.633326768875122,-11.61394011279473,-26.221634101076088,-2.4311044494455465,4.004081726074219,0.0016780425794422626,0.4053053557872772,-10.879130432638187,-23.15416028633022,-0.15206976096206254,1,1,1,1,1,1,1
pi3_causal_downstream_000667,downstream,2211d268ac5af4f5e48a7d918f68398e898416d2cb51dc912df1a7cea3418708,5555bfbb140be6783de3c2b2e63e5694b040ffe975fd62ce2fd4f73138148138,dense_v1_train_x2.98_family2,808981d0c516657a0ea58d9384a911a22d72a05dc81ab6f49ce927689d6a680f,6723f864b712f85e25d9b956dda62c421240d760b934b01590c36cb8d6767e77,dense_v1_train_x2.98_family2/variant_7,47,-0.3232045269012451,-67.48043167883925,97.05316319994598,142.76319335225915,7.33964444246754,4.331667045171075,1.0370010375976564,-1.0412091531269192,1.749996542930603,-0.03240155056118965,-2.8889338970184326,-11.821366981472494,-65.99214028888264,-2.616074083019131,4.038756847381592,0.001047364086844027,0.35004642605781555,-9.513494726023021,-24.53059196070224,-0.19312020956242024,1,1,1,1,1,1,1
pi3_causal_upstream_000668,upstream,7ef9fecaafda85dae599a8424488acc29c1d4542f18c9269d003c7dd330b52fb,1c88072927e0b432e408edf2b082689b83200c6e2f8b10a1d05a1a77a14e1632,dense_v1_train_x2.98_family2,2045cccaf669ae21b8adab0b311fde76959e8a93a03783c504c6ac31bcff7db3,5b3ea9a06b766d36094218e8a36fb79021c64139bd9a976cb1c5d5fc5d3390c0,dense_v1_train_x2.98_family2/variant_12,10,0.9188166904449464,-54.24200876535879,533.8316302062955,110.26614365876814,-843.4796769081709,0.1380395872730206,-1.1541042518615723,0.6966992937963887,0.9362204670906067,0.021098200231790543,0.03346754610538483,3.583679875421569,9.049617305899728,-6.177182104224512,2.865471124649048,0.005158771760761738,0.11911561340093613,-3.105167921227877,51.59893046223896,2.7894491935498587,1,1,1,1,1,1,1
pi3_causal_upstream_000669,upstream,b240e2f206e91c668e4a089ec14519ae40d0e8c01ddd48dadd885a750779e0a6,c25075d8ed35a5c97b0507f3e0b0f0022287299204ff0a90dd0e45c8756a6db7,dense_v1_train_x2.98_family2,1ac4d344b47f7ec49ab6790e4035415412e99385248da5662faebab886cf1d8d,fa46f74170829bd1098f4a46112766724144a3e1b7893b4dcec323e30068d9d0,dense_v1_train_x2.98_family2/variant_12,11,0.6468054580688477,-48.59610268043997,169.6238275086831,92.64217239243838,-973.3784548455211,3.207346710790839,-1.4314509201049805,0.7644665711425616,1.163341999053955,0.027296708896756172,0.6646180748939514,3.518797560618091,236.05456156492892,1.4615807612685099,2.886592149734497,0.005605097860097885,0.12783600389957428,-0.3949035818831395,-28.78806231378275,2.769824764609436,1,1,1,1,1,1,1
pi3_causal_upstream_000670,upstream,7b19c4f2eb179ee47d42dfeb7b2365cb9d91fabb40c8b735ad7cb00233bcf1bf,ab5325a221c5e6b1d40159b73e094fa4e3cbdb1babe1a0ccf8b979d3ac0cd0a5,dense_v1_train_x2.98_family2,0fd798fe3a205fe107f4131d512fdd867afc877544a8f6d136c3f72271c36b03,35eaf7959251d8bc992fc4a357577df764f0f36d147fd6b8d7096d05039e0ad0,dense_v1_train_x2.98_family2/variant_12,13,-0.23664830684661867,-54.53649237142389,-273.40490462601,47.163463671840624,-1012.8334523974501,24.153908268112442,-1.8624251365661624,1.0480157007698998,1.4943008422851562,0.032029639929533005,2.354922294616699,-7.143031470793199,588.8259638181637,29.630989619632363,2.939810037612915,0.006826280150562525,0.18861143290996552,-4.3001697075636685,-66.50741659005757,3.835009096979501,1,1,1,1,1,1,1
pi3_causal_upstream_000671,upstream,15faad8a9bbf7a8fd3c0234a6cb03e7bca0357a4f31a5c96205f7bf86c853979,a111a555ff8f18b94c16e76bcc7be85321057fb0bc83d1f2faacf303e8ed6c3c,dense_v1_train_x2.98_family2,466f52c5cb1deae47e3724fd8de4f505a5825fcdd45d2b6b7bd05da23e1c11e4,91affc6246d5010e536f052aa5a7118235ad3d0ed2333e68f6d8995c7c8206eb,dense_v1_train_x2.98_family2/variant_12,15,0.9426416683197022,-64.9810332350998,-128.0212408967838,52.93194774669908,979.5365534012046,27.552217045383223,-0.6649828433990479,1.2485039493213936,2.220993995666504,0.06288917362689972,2.865105390548706,1.659810886950557,-391.3121106828657,3.7595990814580635,3.017106056213379,0.008741668425500393,0.2982271909713745,18.058933080601797,193.5773282486745,4.502948876395879,1,1,1,1,1,1,1
pi3_causal_upstream_000672,upstream,1453ff2c70ac192ebba3146fd4aa48966da7379d56be63d773bdaf68de4d520d,daa8e4ca89004c49a7eb44fbe1eadefd8d5850a18bef93c42a9ea5f620cce35d,dense_v1_train_x2.98_family2,6008c46c6671b1b1132fea3ba0efa8c38a6690c52cbf9c9b9d1455c749c43e56,dbf44cec2fe5203945e5ba2c5dd18ca2deb4abd8720507d300a4dc81f6b1b0c7,dense_v1_train_x2.98_family2/variant_12,16,0.6455177116394044,-65.63753052755392,-60.22963262954794,63.21478046668035,293.4612360293756,22.164474490315023,-0.9573469448089601,1.2700351437269382,2.021519660949707,0.059241630136966705,2.2813076972961426,-0.2280939805695907,-152.02482058376972,9.60877330362376,3.059074640274048,0.009992841631174088,0.34727659821510315,29.85860225862845,-42.94036453821091,4.481298157212817,1,1,1,1,1,1,1
pi3_causal_upstream_000673,upstream,eb9a0215ec2b2d1c4e4b38302fd7e426b199db00b819adde1bcd69e30f82e61e,74af1e7306685e10ef57658871fe9e9fbe7d3590fda162e0343220520450511d,dense_v1_train_x2.98_family2,be6f7666dd847280fae272c038116bb6fa5e6e153427ffe943c335e98f0ec131,c4b4150754b2de7a193353b90613b6589aff198edb359e53a958ff14df77a3d6,dense_v1_train_x2.98_family2/variant_12,17,0.36928031444549564,-64.8073142037497,19.891664080212976,59.930811853359884,-445.15416406099604,21.42571137876362,-1.2708700752258302,1.3329108355697894,1.8297545909881592,0.059758298099040985,1.4303581714630127,-3.3093043462729868,104.6034318933965,15.79728327658674,3.0974879264831543,0.0112568074837327,0.3812635540962219,32.045915698811676,-46.615706406067694,4.724431288449736,1,1,1,1,1,1,1
pi3_causal_upstream_000674,upstream,df323806e99af9a9bf70aa4e50536a8410f6691ef0f65e16e911d80bc7768161,5f6c6fa0c510f5f856e68186592c73e4febb8adf593a955281828648d345f102,dense_v1_train_x2.98_family2,9a8c2d81f8154cd7acc160034d5f847bb503bc80d57e65f39235826187d0bdef,b31bb5d05cee6f99eb6c37ef91ebdd1377a95568f6193af69de4a47aff7339f2,dense_v1_train_x2.98_family2/variant_12,18,0.5333646440505982,-57.42189212591744,369.3026457052,44.81237254064425,-737.8263766374517,20.512184119350295,-1.079153070449829,1.3694628056008458,1.8063946962356567,0.06381544470787048,0.8094760179519653,-4.315463781775796,-52.31848064601605,15.451144657376124,3.1339828968048096,0.012659668922424316,0.39689210057258606,30.99564775542257,9.03414692742965,5.027674056246567,1,1,1,1,1,1,1
pi3_causal_upstream_000675,upstream,b48135fbf79d1768442758782b0449038dc8cf436a3fa14ffd0b83a6ecb86d17,f933eec459cabeafc4bcc058e5b05fe5aacc4c0530e4ace365c0fc9e052c6da2,dense_v1_train_x2.98_family2,1b2be13ec8b06943f4e321a448be40c4efb7bb4846716343d95931f7db8c56ab,631e35a22a66da70a38cb5c360cc04c5cfe50349456c5159e31a93167bd5ea0c,dense_v1_train_x2.98_family2/variant_12,20,0.6673616027832032,-35.25132347629866,392.5948475297508,17.932026458275665,-460.42223232785915,11.135752441319266,-0.9113566398620606,1.333766832585659,1.8605093955993652,0.05508044362068176,0.843471348285675,-3.1458182189600308,-189.62129634178143,14.296586555550094,3.2083637714385986,0.015306376852095127,0.4223479926586151,32.99464946509396,-24.847102926840627,5.339690817155909,1,1,1,1,1,1,1
pi3_causal_upstream_000676,upstream,8f2b2def8c627850e6cf8a38e48afe92d9e10a040ea2e0f252c6c08862ed38d9,6300271c0966c0436044543744a4582fd789134ef49abc2fe7af4eb001518951,dense_v1_train_x2.98_family2,d646ff29c847ca1d7082405a8f602526c2d99c2823be381a7cbc62f05551bb3f,cf4351ada541c312ecbe5ab01f4d02c8a577348f25a51db19a1c2d8b90ad64bb,dense_v1_train_x2.98_family2/variant_12,21,0.6464144611358643,-24.137637517373065,342.75930115647986,5.848015651327733,-360.199369579407,5.828296929063135,-0.9105339908599854,1.3057645681869683,1.8646032810211182,0.04948441684246063,0.8844696879386902,-2.583405715105783,-190.24688702824125,14.275758747449787,3.245331048965454,0.016412092372775078,0.43654903769493103,35.77763394807775,-50.56263367079711,5.467959874400679,1,1,1,1,1,1,1
pi3_causal_upstream_000677,upstream,23635a71058a037106bdc848ae8ea6ce56f9f948a4edd881a4f71e01a66aa3b2,6bf898bed12787e594c9b63cb8399dc9f73767557cf2e1d323565da88ee8a2c2,dense_v1_train_x2.98_family2,a9346a5d49c8bf29c0d87e8882b547b95d7fcb25ab45bc7d0e3a330b1037689a,0c6cc5c9092346b5f1c77eeab90213a455e6a660d31fc258186765e0b2758831,dense_v1_train_x2.98_family2/variant_12,22,0.6462398910522461,-14.147423761813478,381.62015421288766,-4.41381167563481,-387.4896909365164,0.6830674687569456,-0.8848678493499756,1.2733410420395022,1.8391621112823486,0.042104847729206085,0.9044585227966309,-2.0424871762393306,-211.232465668187,13.73205093008103,3.28216814994812,0.017360573634505272,0.45272544026374817,37.52999411172539,-35.47931860588827,5.6024569149148595,1,1,1,1,1,1,1
pi3_causal_upstream_000678,upstream,71c0945a65b466dfecfd1b8764818ea3212b330ca87d5f0350e9e17cdaccff74,0dbadca7ad873f65d25f57d352828958b9a085abcc64a0d89cfb91cabfe1b19c,dense_v1_train_x2.98_family2,bf944a3d4b035f97f9cc51e39b6e3abb802196b4aadc751e45ce7a4a7057b7a1,f89c45397c2b8cc53583306f828bd0fd569e7c620251dc4e4d44fa443720a1a1,dense_v1_train_x2.98_family2/variant_12,24,0.530178623199463,-2.51810761253658,159.1324793586251,-17.051929262962844,-216.61495526248052,-5.989896668383463,-1.0222427558898928,1.1673835823344036,1.8016357421875,0.02956325188279152,0.8665515184402466,-2.006789619429082,-98.82615736507623,14.70437275466195,3.3552815914154053,0.01882665418088436,0.4874410033226013,34.185042154400456,85.23317250159124,6.051983260905369,1,1,1,1,1,1,1
pi3_causal_upstream_000679,upstream,b2e836a52caa2ad2a0120421b8bec3fa5623f1717ccc85537d61b00b3ff68bdd,e7e1de0454126038aecabcc85bea6f7353ed2e23b0f20aa123caefed2f0c1b7e,dense_v1_train_x2.98_family2,d7455fdfdadae354fc3df931ad1be812cb9f299151d7019c62b608c90128efa7,ce1bc1780613d305703c33d04d0a294865a58eef8241e60bd49f56a7727c52ef,dense_v1_train_x2.98_family2/variant_12,25,0.510133171081543,-5.174647364736863,-41.72249741296803,-14.512121712546309,58.08715938126585,-5.98021888924674,-1.0880764389038087,1.0981540451315512,1.8525190353393555,0.03218147158622742,0.7931281924247742,-2.4156607514019126,-44.90215196218948,15.603655951353339,3.392639398574829,0.019540926441550255,0.5044490098953247,39.564324974878666,-79.72054731304146,6.338840250481138,1,1,1,1,1,1,1
pi3_causal_upstream_000680,upstream,483a20b0945abc6145844cfe4a3d78b8362834176338949c572a44e902660209,5eed52e665dffbc8b0754ee1a2bf8dcb9a833a3ea56b423fa3913966e43a2571,dense_v1_train_x2.98_family2,11304fa5e0e606920aaf4072506e4c6c8d5a4c48ef91f9b1596ea222b74b7368,ccb6e5f348e901c9b24ac202884a6c647c90d50a8759b8a477d01313ce90b98b,dense_v1_train_x2.98_family2/variant_12,26,0.5486311483383179,-2.188608187917764,-48.709316481027514,-16.104698138297966,138.532724444515,-8.87962979750727,-1.0578429031372072,1.0213153504593697,1.827573537826538,0.023639492690563202,0.9658772945404053,-2.656510510452899,-69.62303470071556,13.444421418848039,3.429218292236328,0.020095858722925186,0.5210462212562561,38.06179605559716,21.4037996605621,6.555743996546097,1,1,1,1,1,1,1
pi3_causal_upstream_000681,upstream,60667fa5332b7f4b575e185f0759f417bd15a7229b5fe247c898b5a2cbf21c41,c355a83a2592e3766b37b8e88e815d1e645b302697f1240ac736efd933b7df7d,dense_v1_train_x2.98_family2,fdc6ce451baa0829d88fab29a2323622419b9656411257eebf51cdf91950d80b,578d5c0700aa91921cbd30e846b0fb6927d2245f962bd6018fc99a9b6443f886,dense_v1_train_x2.98_family2/variant_12,28,0.3902251529693604,-13.721328386857756,-342.1675882083033,-6.18613392090546,338.0945824816846,-5.642165135626444,-1.252090072631836,0.7498859075545269,1.6453638076782227,-0.011904625222086906,1.345230221748352,-6.1708039882001895,89.40098125388971,15.170162627752848,3.4981319904327393,0.02024051547050476,0.5657444596290588,39.026205106024626,-2.673644039985876,7.26972529748288,1,1,1,1,1,1,1
pi3_causal_upstream_000682,upstream,54efb750e3df1068d245ee24ea7816044b17ebb610d4a4bfc082a6d08f3b1751,3a12ba10f4c7ac1c74fa7bc05cc76e0465622eb408deb21559771e3077243ae7,dense_v1_train_x2.98_family2,2c0954bc34744881fadfd9a02f3f0aa570cc2da43b5e1d0779e8960206146484,7c38479c4fa8a06b753d592d78628625b975c1dad7ef4a2c5387aadda89961e6,dense_v1_train_x2.98_family2/variant_12,29,0.3154570531845093,-20.376793633938764,-370.59092866569114,-2.677861041468124,165.7529680607401,-2.7048701025561397,-1.3657336616516114,0.5632580329917581,1.492736577987671,-0.03653808683156967,1.3718159198760986,-8.289582883364682,182.45715190249007,16.84101985158202,3.529020071029663,0.019666800275444984,0.5927226543426514,34.2690568962862,84.67475672561852,7.6761200390701205,1,1,1,1,1,1,1
pi3_causal_upstream_000683,upstream,5db1ab8d8db249860abe6c33e70bed93013b630889e7e231c80d60100e4804a3,254a54c3aea1d961f271d0dc706f03a8831513a1a454d12c2ee97fca41c39815,dense_v1_train_x2.98_family2,1acbd0643f120ead8f0d48bff5ca39462867b7aa97554820176dbac3046d65bf,cfbc8520ddf08392f49b7a46cf8419e116409480a069b4e5c3a99a171d9421ca,dense_v1_train_x2.98_family2/variant_12,31,0.572700891494751,-31.63097487654423,-40.32910467133958,10.487656432811614,142.39254630675924,-1.0844447875746177,-1.0427347469329835,0.1988805605970977,1.60102379322052,-0.016984933987259865,0.8674800992012024,-8.311805757602965,-81.87369614699628,10.06092158139485,3.592963933944702,0.018851473927497864,0.6394301652908325,26.17190520127652,135.947169994585,8.253047732202658,1,1,1,1,1,1,1
pi3_causal_upstream_000684,upstream,12a6d59a89f4d7ac3471d8f9806501e086e088de7028f84ec6a0f914b03e9366,c757d14d45a8e600d1453a121a593f466ba392b2ed4fba28f38963874738b05f,dense_v1_train_x2.98_family2,b455aa90ef0fe32c99965f9d5f29674c648f7571d273edd6b5d8d1f18c446a01,ae20dc1640671ff79a51efe8391132a9f5382ff588de4620daa897ec80051972,dense_v1_train_x2.98_family2/variant_12,33,0.47276732921600345,-47.59529555192551,-384.6423216753215,33.069521998775635,567.1846460367617,0.26394274984823596,-1.1615623664855959,-0.16846517676603767,1.4424442052841187,-0.04002600908279419,1.1301316022872925,-9.936879369651894,15.369807349645027,9.407754006161115,3.653578996658325,0.017645221203565598,0.6862918734550476,31.230787262884014,-15.63734073679255,8.653268130975901,1,1,1,1,1,1,1
pi3_causal_upstream_000685,upstream,2fe3bada887d2feac5cc7ff1a128abd12290af73ab09df34f24bebc437942206,59794050c3cb6044c20afcd3e898c862cde004f5e6be3ce0da07b2be7681645b,dense_v1_train_x2.98_family2,343363d2fb1faf84534ca7b5a549a234b1d3bf817aa04c804a8d295b58669f54,92e6afa1be95738c59d39fe80e1495307ce0aaa354891e0e158ec0013b40afee,dense_v1_train_x2.98_family2/variant_12,34,0.6767572116851808,-54.370344604768746,-273.4716765553361,48.845319207780804,749.1350935254852,-2.1611655249489488,-0.9449763679504395,-0.35423834053986686,1.4406521320343018,-0.03710713982582092,1.126168966293335,-8.27383075959134,-161.9229941251688,3.958054496661015,3.683020830154419,0.016968032345175743,0.7100740075111389,25.87022599092081,89.76332278935888,8.801153214376471,1,1,1,1,1,1,1
pi3_causal_upstream_000686,upstream,c1317f5a887213d17a8f805d3166a1609fb12703034ad894f56684f78a131edc,0fea66686dac984a35dc23113e8af8d1cf026ac0a817772502d35e6842d773ee,dense_v1_train_x2.98_family2,4a2563ba5498f884dbc94e3cd96afbc8237b1563d63f815b68f078b0b1121f24,772df812f144ca612e69e415d3edc4f24a624eaf762f3edd30cda676290016a2,dense_v1_train_x2.98_family2/variant_12,36,0.9611312770843506,-63.029108604282726,-173.53916514850118,88.97759831780813,951.1058090187565,-15.255875781476453,-0.714475030899048,-0.7292986139411782,1.1457539796829224,-0.07890696078538895,1.5039277076721191,-9.420893582576927,-350.5626283586793,-1.270522547658388,3.7353227138519287,0.014765756204724312,0.7675045132637024,6.638510583126921,-7.502471029638766,9.0053802509464,1,1,1,1,1,1,1
pi3_causal_upstream_000687,upstream,23f8e5e48fe3dfacdb67dabd1f949fbab5f6b4aa171fec916e800da2ae3b775f,c475826b178717ed5b5d5675f8bd4385a945eba4e9570196d45f229e587df539,dense_v1_train_x2.98_family2,a0b270a44fd12cd3df1b582ec750f1e9e0675c4cbe99be381a443d6f1c84a74c,0a04f3dbbf62b2f431104ad3b45e53b4481366a2f9a602ee5600eadb826b2766,dense_v1_train_x2.98_family2/variant_12,38,0.834408884048462,-67.9818768469449,-119.03552598698506,117.83949156142413,514.9715654549227,-27.618063189099857,-0.8445793437957765,-1.347309136659538,1.1699434518814087,-0.08358719944953918,0.7239452004432678,-14.753048097782047,-244.01069375923993,-0.15979762505795062,3.7814133167266846,0.011504980735480785,0.8128852844238281,-27.79533188396183,-65.38748413222892,9.332063009217586,1,1,1,1,1,1,1
pi3_causal_downstream_000688,downstream,8503c67c521993038a5d5173352bfa6c79a1b90350762f0dde6a54d7f34829d7,ef7ccc5ce8b29fa4b8a915fd684b5ad93375628fec8e4603c0f25f4ba59f5cbf,dense_v1_train_x2.98_family2,45d08fe847375ab6441b2740de9164c22bd52b5aae4954b0ef6498cd807213ec,b8ed4403cf1afbdd11354b1563c4c2523a400de1831741eca84534284ec91ee0,dense_v1_train_x2.98_family2/variant_12,39,0.670048246383667,-69.36505162557502,-83.88268700832882,123.47019023015592,57.495596697251045,-31.524157094837,-1.0190540313720704,-1.7207373266883876,1.506268858909607,-0.04614058881998062,-0.27458247542381287,-15.217502668890207,-101.1863838742875,1.1386076891233465,3.8086109161376953,0.010269518941640854,0.8170956373214722,-31.82834002280092,44.83017884381047,9.469849368485175,1,1,1,1,1,1,1
pi3_causal_downstream_000689,downstream,010c8a24523b752cbdd9bd32dc3ae2c5665a647c2169de0296a7d774a0cbe0a4,cbe2e29a32fb3b279e1a2915fa2b7612d46676c6e26405ee230edb10953e5ba7,dense_v1_train_x2.98_family2,4ed2caca3ced03ea6803c3bfd2f7e8b562c5562659dd00841da6bcd7547cf912,26745aabb243612a88616d311621ce93291bb3f3445bcd28311aa9ee2fa78717,dense_v1_train_x2.98_family2/variant_12,40,0.49459793567657473,-70.26027085971025,-61.55824102689882,120.15049972747629,-393.32029558187617,-32.33470581817111,-1.2245660781860352,-2.0478607296148676,1.8945599794387817,-0.002688732696697116,-1.2472429275512695,-13.253808768359555,67.05006145923674,3.309867836879513,3.8430614471435547,0.00984129123389721,0.8016390204429626,-30.964413300348102,-11.083757777529891,9.542506848266193,1,1,1,1,1,1,1
pi3_causal_downstream_000690,downstream,e05e5662ecabec47b13c8fb3a1639ebf29f88946ad65973dd0b828ccab067774,89ca43ec30fd396bee0e6c5dd5a5903f8cfd01a3d380225ef93c1f4ee53756a6,dense_v1_train_x2.98_family2,30157ae4a349e3c73c6f5b4f0c9e175853081b2db3da6b5f4fe9a3fb96fc516a,e4ea00454017315674839d880b2ad78ff371159e48fe97987f51a78e5d585162,dense_v1_train_x2.98_family2/variant_12,41,0.2480927610397339,-70.70229338203679,-33.24081631297039,107.1734954742889,-929.0780664548719,-29.24524413565154,-1.5034962272644044,-2.262809890340667,2.2882142066955566,0.03909173235297203,-2.180522918701172,-10.868401059225743,295.3578429581047,7.611170075184934,3.885469675064087,0.010281995870172977,0.7670838832855225,-25.72542768806383,-91.33645878918539,9.497622510687643,1,1,1,1,1,1,1
pi3_causal_downstream_000691,downstream,da0690443dc08a72cb3aeb008efe157f7542049db2c699f150a7caf4eb3e140b,4a1d3755c7c05e41816e1db4013758bca8d3e5f23255d07aafeeb2f20c1cd1a4,dense_v1_train_x2.98_family2,bc8571890a29eefd865c665534a6e6f2fcc62463731d3e6ba95e9f066816699c,fb2a775730ab3c351e1ecaeb3ba87c2132e1b5f92d96ab276964a60d83a6fddc,dense_v1_train_x2.98_family2/variant_12,42,-0.1744249200820923,-70.21881844163744,45.03676133035209,80.94039860823824,-1793.7032986937286,-20.52586283255705,-1.2490761184692385,-2.404970731642672,2.4950222969055176,0.049102090299129486,-2.9864721298217773,-13.250073508657204,651.9154376343309,16.738556768748072,3.934540033340454,0.011339301243424416,0.7147549390792847,-18.53638720924778,-138.48160730876663,9.317870035184676,1,1,1,1,1,1,1
pi3_causal_downstream_000692,downstream,a493a05c15832434e8117a6bb0ae161700c7a0cb9d2a41090a3c4fe2a345b411,cdeba1cf71f2f164222cef0cc4a923d483bde189f3f181d5228de6554b247593,dense_v1_train_x2.98_family2,57b1862f2b9d102782f9f89f345a3bd59442166afa0df58e302a8893944fb828,6654d7a9929105adea65eda9d6431627c17a6642f3bca0c1409551d9e88dcbf9,dense_v1_train_x2.98_family2/variant_12,44,0.5202434825897218,-70.3778320757045,-55.928812773352654,37.653535158337995,-154.03222684121482,-4.279966138719239,-0.5115978574752809,-2.9608195801142068,1.3764601945877075,-0.050853997468948364,-1.4403947591781616,-15.409331946824599,48.278341789683466,5.479205072940909,4.002754211425781,0.01013654563575983,0.6351702213287354,-3.2453784713967218,-78.7826052456478,9.017390611602497,1,1,1,1,1,1,1
pi3_causal_downstream_000693,downstream,cf329566202eddd36e5753cc824c7ded8c78c77f91511f35ff5adc73fd47c038,8a40b0de80323b60c2cb0ee445ff91a219702273d3302efdcd06f072b6b71548,dense_v1_train_x2.98_family2,087e3b8ffed853419e552f98ab7444a0f876bdf46cdb00dab0ef05a2fe03a496,08900025c5e1e0cc5c8a1b29e9504d0726f1470bc20b4cce20929d64afd36bdf,dense_v1_train_x2.98_family2/variant_12,45,0.47195919990539553,-70.12904243518679,-11.9853026206102,30.89393940849191,-323.0498887214376,-2.8341078127660913,-0.5596252918243408,-3.2516168032937807,1.3612951040267944,-0.0566856749355793,-1.691162109375,-16.531504706701014,87.59306433153318,5.257545370693308,4.030953884124756,0.009126703254878521,0.6023339629173279,7.2268865570070915,-42.09868715697941,9.014433935716475,1,1,1,1,1,1,1
pi3_causal_downstream_000694,downstream,487f9c21ae0c03525fc644e54a870ba2b81f4a34feea3998aebe16bc67adb173,8695778a1cef3dff1fb20986eb5905c73f9fb954251f60a408dd093b028a8de1,dense_v1_train_x2.98_family2,d71e96333b00d7a7967d2234c7a828439c95e649b5efcb5dbb43c579c014b1bf,05dbe3d5d0815bdce7c7f79dcf52480c062c1eca538d65be0db5185db95b49b3,dense_v1_train_x2.98_family2/variant_12,47,0.5990261268615723,-70.26306440708078,-21.319318758265506,36.61969381990277,-90.82048580871512,-7.971770928866061,-0.44190777778625495,-3.8505572360696405,1.395084261894226,-0.04715467616915703,-2.0226833820343018,-14.578425773914208,-8.7816980130641,3.0671865199139052,4.089239597320557,0.007718572858721018,0.5306286215782166,-2.7679683120935175,132.0696852631471,9.427507004325511,1,1,1,1,1,1,1
pi3_causal_downstream_000695,downstream,41fa6bf57de78a4ce962169e048f8670715a99b195b8538fbbda043cde3e502d,f9a004fbd23ad68397edda881cfb4e01f82480f874f0cecc9c5d5ac4f064dd60,dense_v1_train_x2.98_family2,a032d3d0daf8d6abe5523d4ed8fd193281005debf9a14ffd96fd7c670642bc73,c44e7c2ff43f91270d4160b4e1b1efafabf7c0b33ee667f18d1338a78288dc7c,dense_v1_train_x2.98_family2/variant_12,49,0.47210639953613287,-70.38826177456711,-25.60262600942888,38.22103167081226,-344.78543579262913,-11.303763999258273,-0.5843029594421387,-4.522696123087888,1.364280104637146,-0.05881696939468384,-2.4770493507385254,-17.32422670705645,107.77789208375415,5.6676521265756765,4.146261692047119,0.0060741230845451355,0.4431922137737274,-17.57091435685709,-26.124370499747815,9.808564156413366,1,1,1,1,1,1,1
pi3_causal_downstream_000696,downstream,c97df1eb1abbdd102a0caaf759cab4896ea1bc30b938d28c73155c2164949f00,7a7922a5664a1b622d4d2bfcbc0d6ebc876585b82ddcbe022b6eacebaa02a86f,dense_v1_train_x2.98_family2,d8e470521ad25ceaadf13bcace53253f37c8cf47f2d666ea2297115efcdb3a51,5b0d9da1c62e4997d59e3841bc7cbb5eaa13b19fe9ac9a60cb7eaeb4c297d1ce,dense_v1_train_x2.98_family2/variant_12,51,0.36893654823303224,-70.43140124936491,11.865638560125223,38.12775519241198,-629.6706043378666,-13.952974911164585,-0.700879192352295,-5.218991142561646,1.3864854574203491,-0.0667913407087326,-2.9782698154449463,-18.80678073811025,203.16896290012338,6.5838485791993095,4.202656269073486,0.0043086218647658825,0.3401501178741455,-22.978930075626252,100.13067568522447,10.150746443187717,1,1,1,1,1,1,1
pi3_causal_downstream_000697,downstream,2c17aad0adf4cb933d2acf8c989a11565b4f771b3967249def33df327a439014,ae046b324411acb10741e7450d44bda6e29dc253c4b78c2cae02e9cb786c6005,dense_v1_train_x2.98_family2,1ce82891ac98241d3ec56205b913282fe677a2e4a046db6feabda0ed9e89390f,dc2b9b4557a5977b498a7ddb2c8b83832bd73cab98588af80e3b9a8b9bd2d610,dense_v1_train_x2.98_family2/variant_12,52,0.3432955074310303,-73.97020422061856,-669.4939949728692,39.44806149482671,396.6547666139197,-13.200445647983647,0.05723717868328095,-5.504172657205172,0.9518588185310364,0.0865398645401001,-0.954158365726471,-15.10340094371056,219.73096952411038,1.919600120239754,4.227328300476074,0.0036421646364033222,0.29033270478248596,-14.546901035800014,-120.05226794683315,10.102050585462395,1,1,1,1,1,1,1
pi3_causal_upstream_000698,upstream,411b6edaf667d33e5ad4fbdaefd8db5ef2bbbe64e1cb436d89f14ff75d7c0171,b6e4f791c46c022e718de9a76016177446938a65db357912ba58e36bcc41cb70,dense_v1_train_x2.98_family3,fb2e8ca2587ae3c8e42b8155cf52c677c98965eddd1b6a3d2c2c9cb6be7c9b6d,8376d401d59fc6b49a7fafae23c6a3d8129dad53c1870fdb7daa74152a0bee02,dense_v1_train_x2.98_family3/variant_3,10,0.806404504776001,-52.2966479463341,696.511381970745,109.79385656822927,-907.7178246181943,-0.17014275985225555,0.4269301319122315,0.7139055938913155,0.4494825005531311,0.011759951710700989,0.06715134531259537,6.024628975338631,9.037186361610305,0.9846315330125757,2.8612117767333984,0.005055756773799658,0.11917663365602493,-3.165503037591419,79.93051415831683,2.850695531034547,1,1,1,1,1,1,1
pi3_causal_upstream_000699,upstream,6202171e8a373724a8a94dc0bb44858642f5eaeb4243b7736d36b4c018abfa8f,80bf875131021a92da0dca3368ed433214ed7a3a072a428c3982c6ca3b0fe5cd,dense_v1_train_x2.98_family3,3f822e509aa2b63dbe9cdb50619bc49793a77bcd88f636b7ffb564046a037ab3,4dffdcd0c243d1666eee89f8fed2c069af87ae9b4ddeb62267d7b3c9cc48891f,dense_v1_train_x2.98_family3/variant_3,12,-1.0478022861480714,-45.00676996970657,-232.57813188117584,67.78154739858843,-1294.3859804013416,13.684571568257423,-0.930803213119507,0.9505132733856637,0.7802764177322388,-0.005741553381085396,1.8972954750061035,2.078423149340295,705.508434994566,13.20142719384108,2.8854000568389893,0.0053397188894450665,0.15596243739128113,-1.6609718056660476,14.779870250652687,3.188471792735467,1,1,1,1,1,1,1
pi3_causal_upstream_000700,upstream,14de668e3be5affdb548b82acc9e11415b055d7c29b8b4727b140bbac16764e9,59c41ad45c0fe18868a084e13aad740babae1adc263c1faf5fd1c02ea9974b3f,dense_v1_train_x2.98_family3,c782fbe3bd5848955f6a004e6ebedb2921aa66e3a69196ddb5dec9e0f702ea54,53835d72ab0a7138a7153181c698b52609b9ec27c81707934d62304f53081fd5,dense_v1_train_x2.98_family3/variant_3,14,-0.2649403595924378,-59.347479547294945,-287.3239285695256,48.46388046339227,434.69960330980774,33.13160905513278,-0.12458674669265749,1.4130499562264152,1.7204782962799072,0.025105778127908707,3.2135815620422363,1.732271616803282,45.57690635029504,5.240893369496817,2.936265468597412,0.005816719960421324,0.2709701359272003,1.5252162463833436,-99.22403637479698,4.317315770310156,1,1,1,1,1,1,1
pi3_causal_upstream_000701,upstream,e54f604e8909defb413d26c8e85932a45610e89b7ff7afc4e6ecfad5d24c9220,073cb028f638c3f47f204660a5592535b120a7565b39cb99b45f8ca9cfcf3632,dense_v1_train_x2.98_family3,a5803d263166a906a710f7a2d14f0dd854ee217e135e0fffa37926273c6bd418,780d414e3689e609d21a09745b2c5919816ae1fa85407cef1fe239bfc63c444a,dense_v1_train_x2.98_family3/variant_3,16,-0.11425137162208558,-64.73244167006801,-43.17352329081305,76.49291409999526,218.3134867052793,25.341034825022305,0.44580906867980963,1.454242236418149,1.6508443355560303,0.029045019298791885,2.545278787612915,3.4076155278652114,-62.62339536758397,4.590135143492804,3.0101675987243652,0.007038692943751812,0.3970324397087097,31.3547654416035,-114.24824639772312,3.968220793746679,1,1,1,1,1,1,1
pi3_causal_upstream_000702,upstream,d70459aa03ff3081db4e552146a3c6454e58af2a35990ae051d2c3d84cfe4dd1,0f392c5d391ee4f3b36b33da05f69233e1e6608bb2b151b5dfa622b816ed03ff,dense_v1_train_x2.98_family3,932e8f541ce4223bf1f15fd0362cc8cba894e289fe5a1b73e215f2a24e426221,210913e699d02324b89d198dee595b52b09a19f23371df839c2c077b129eee9d,dense_v1_train_x2.98_family3/variant_3,17,-0.19345062255859377,-62.563125778347775,138.30492397531674,73.95863388016456,-303.28599869757534,24.643521842603537,0.35010227203369143,1.564463517200366,1.4275630712509155,0.03545517101883888,1.6066893339157104,2.967591903087953,15.702101175408027,7.018812101018646,3.040219306945801,0.007724694442003965,0.4353228211402893,32.21259622022208,-33.22474146275876,4.066727384894222,1,1,1,1,1,1,1
pi3_causal_upstream_000703,upstream,1685a68488bfb57c321ae2873a01cc455d831cc7ceaf340278ee8c519fd6c637,6bc5ca253d5e8ffc9839cd96ee4383cc0d1276fcdf140ad25473d758f2ba7f61,dense_v1_train_x2.98_family3,c4d9cf7b8062a3510309a85bae5552791bc79bb67c52faaae619559e23ee7942,77da22987eb745adc8c4af8c5400be1b5ceee6a43e8c886f71782db65c08193e,dense_v1_train_x2.98_family3/variant_3,19,-0.03662653505802155,-48.067265038667976,450.5485108636887,48.631165456544224,-553.4148753869893,23.595483232376772,0.5350704908370972,1.7812029822266093,1.3535575866699219,0.03719077631831169,0.8953473567962646,2.2765197661684096,-135.68565571164356,5.887783147109664,3.0920982360839844,0.009250526316463947,0.47452735900878906,34.117884319386306,2.222019552346762,4.358166674075568,1,1,1,1,1,1,1
pi3_causal_upstream_000704,upstream,958e67640fed004e0d93c44ce5ab36658abd8f2133f68584e7830dfa6bce60d1,8e7e61650a715abc7a182c82e0756936980b263aa0433f4806ca3a6dd6106898,dense_v1_train_x2.98_family3,e437390b2313df88730a93df1b9501200ca8c6527cbb7dfc06265595ff13a29f,09c65082c959bf8fc60b98dff4d3c815863eb4774eaafcdd76084cabab1a83fa,dense_v1_train_x2.98_family3/variant_3,21,0.024250734448432926,-27.60617150244562,522.9267687435065,25.082845198496326,-559.3417310581327,16.64675594581908,0.6120449829101563,1.8725465069779137,1.3950835466384888,0.030977249145507812,0.7653879523277283,2.357539470103101,-198.70305737168889,5.495182166070038,3.146367311477661,0.010625866241753101,0.5060526132583618,37.36041075991773,-36.26716043608173,4.341337477816612,1,1,1,1,1,1,1
pi3_causal_upstream_000705,upstream,320b651f4c99f801b8eb3c3891af0a6c3913e38f54f06ad27a4bdecd1c3eb4dc,b7c34c001e5533eff2529f8d7b81c64a039a5eef65e00df10ec15b8110629003,dense_v1_train_x2.98_family3,8b3b74b7bb50415334def35287e53127b87299808cefcd48b13b7c8a9684d630,5bae1d94a532c7d53659a7e0233fc5e2f320172ec1e88bc5048cf8aac38d977a,dense_v1_train_x2.98_family3/variant_3,23,0.014665743708610537,-12.60646990580878,380.69419912748737,9.931470713602891,-319.7905497702642,10.528297452105724,0.5927496147155762,1.9743568142138423,1.522020936012268,0.025930222123861313,0.7910201549530029,2.5777460496047815,-182.93773767287053,4.423028162146096,3.204967737197876,0.011691015213727951,0.5397570133209229,39.26003321716543,2.5315613776542127,4.351981488895103,1,1,1,1,1,1,1
pi3_causal_upstream_000706,upstream,da56c2e357daab49a6b29b9abf2009df158895575df964ce4df29c5d63b58c46,704726a8949db5336a91c791809adfb7d025a83f05e6c31afd402cb9ff34e40a,dense_v1_train_x2.98_family3,2ecd2a1f84c0d5e0c5aa0afec4b4dbb5cf852b88248346f53307875af11c3e85,06db320638bd127ef8d7b25ad8dc9f08a7114f754a04f1c70e0139ecbe5c771d,dense_v1_train_x2.98_family3/variant_3,24,0.012582104355096818,-8.394462999391166,303.2973094908409,7.859263890180953,-176.30823312105107,7.889176452251595,0.5872885417938233,2.025198139350364,1.5960566997528076,0.02523968555033207,0.7786321640014648,2.5026449180293175,-178.47470082388742,3.3754370125814006,3.236726760864258,0.01219670195132494,0.556723952293396,39.762813687253825,7.982587224513765,4.348577819968585,1,1,1,1,1,1,1
pi3_causal_upstream_000707,upstream,fb0707e488b4c668d661077dbfe60e9e16626e5163e0cc3ce5af738dc5c66c37,4cf3abb3d57a4313e90f29c64655329ffbac4a1a3e1a61937d822315b48f9bc2,dense_v1_train_x2.98_family3,f25187fbd3de6f7fc1793c0c6416f7ad439229fd3141ed260b48af8734e72bb6,75413891dfc7513bf6abff7a37f3241302abb1141f2f9c83b8db5f7767ff1db0,dense_v1_train_x2.98_family3/variant_3,26,-0.027206221818923952,-2.850922453667203,207.20891051115922,7.578030851105678,-93.22333269834726,3.3721419766282703,0.5337146520614624,2.1202302670419506,1.6566531658172607,0.017651543021202087,0.723443865776062,2.0545497172003966,-134.59740167118542,3.5371724770327173,3.3026516437530518,0.01305929385125637,0.5882437825202942,40.52127887382706,20.02234608960283,4.35069038029359,1,1,1,1,1,1,1
pi3_causal_upstream_000708,upstream,f4c3bc820415afb33d4bc45c19a8611fd9b7046be83ac0b4a1088ad8295683bc,938c20bec58e5e93ff8b4fc0b0ba7ef11e50bc6dfc47fdbf26d54b5b8cdb7735,dense_v1_train_x2.98_family3,416e41394d1f3114a8412093d5c7ae3f8c6c5d1ab964ec7ae6b5e018fc5047c8,e2a715cbf1754bb893aef929ba5d53405ad3c52ec11858b76177f68498cc3504,dense_v1_train_x2.98_family3/variant_3,27,-0.06135367810726167,-1.5799186978374469,145.5949488010114,8.17033631819272,-56.70538820651018,2.023909794371766,0.4910646438598633,2.1638337724325627,1.6758193969726562,0.012905915267765522,0.690237283706665,1.7569609363838796,-99.71515429687759,4.0906971972294865,3.3361611366271973,0.013349839486181736,0.602999746799469,40.710273623255894,24.35080601382187,4.401259692813589,1,1,1,1,1,1,1
pi3_causal_upstream_000709,upstream,da3458a84030d12ecc54bca365c336f79179f71a9d38f783276e5353e98cdc57,2c307e07915c080b0a4afc338ab99d157e979825a175974e76a8ad9cbb40fbe3,dense_v1_train_x2.98_family3,d75f4e91359b38ef4ace06f597c9dacd1b826614cb034bf1d3ddcef632aeefcd,d6c14ccb1074623bc2d5ed805f528f11e6636945a62c6aba81a2a226759f2c08,dense_v1_train_x2.98_family3/variant_3,29,-0.10995025515556336,-1.3398854665573945,52.3971849158221,10.87847388070422,43.927347363845264,0.5549326966448234,0.44932136535644535,2.227130894465644,1.73575758934021,0.005749795585870743,0.6094675064086914,0.7113580655587456,-65.53858157704794,3.438104211659679,3.404365062713623,0.01367852184921503,0.6296986937522888,39.881187695759316,42.91027072472783,4.563996245962793,1,1,1,1,1,1,1
pi3_causal_upstream_000710,upstream,b891398756ddb3157d497f54630dfbb1274f58a56601401eee30558da7494c12,308f31e7e7b2fe90cc626698740d7a4b95b65d39c520c0212cacc3f1c915dea2,dense_v1_train_x2.98_family3,c4c1d655bc5790dcfb6dd42a74dfc6c63838d4f41d5df4b06b8cfd2d0a8740cf,c75b2a41cf8e9b2966a7c7c32663bcde9115499f022ea0c344912aea6ed68a8f,dense_v1_train_x2.98_family3/variant_3,30,-0.13932393312454225,-2.4858996420619737,32.06411132276059,13.230839695954447,30.473179265051613,0.4298130619894233,0.4232043790817261,2.24308744751646,1.7370597124099731,0.0012177004246041179,0.5303177237510681,0.2579913460727497,-44.14692770037742,3.7522613238553544,3.439107894897461,0.013719013892114162,0.64166659116745,39.38034016920603,44.811351427363334,4.668440432401928,1,1,1,1,1,1,1
pi3_causal_upstream_000711,upstream,7389cf7ce8af95a93fc725cdb76ee3b8e8967dce50fbe3b1377ecc207f085a61,c7b772ac28041123590a674877646841c369ca144125ed08e7e679083f6e517d,dense_v1_train_x2.98_family3,6448421d326bb66f5ce4902b9bb6e5b693e4c7ddb8bd90e74d63bba95b917454,ee89fbab18b9d7963fec5e2c949e958d36a127d064db0b0c8c2f0e29a6fc2e2a,dense_v1_train_x2.98_family3/variant_3,32,-0.16409020423889162,-5.998095397960424,-64.04033860147062,20.463514838283125,207.8464403682882,0.1108610857986303,0.4177892351150513,2.233422635374946,1.842579960823059,-0.005860252305865288,0.545695960521698,-1.4226947867763349,-39.70875273997317,1.0346586132580993,3.510632276535034,0.01361672580242157,0.6629852056503296,38.674563061890275,52.34775142170414,4.812611231137408,1,1,1,1,1,1,1
pi3_causal_upstream_000712,upstream,92f30533c8a9a231d6933773c36ab1a695bf9c435023411750b6dc54f208fd27,7402899aafa47e8bfe9706e6335e15cca7c5af61ddad796787c93dd205cd78b4,dense_v1_train_x2.98_family3,c45d6094edb29081f06d86e8f201fdf994f7a59d65a65c82fae31b1466630983,3b0229d9b4847a3f4e674ddde49c9583275ba7f4963beb2196ef7e25386291f2,dense_v1_train_x2.98_family3/variant_3,33,-0.18187220335006715,-8.484727364367469,-32.54629194231222,24.635104100287187,100.77143622183088,0.28677068382122667,0.3971556520462037,2.2064133906997334,1.806442141532898,-0.01058379840105772,0.38827940821647644,-1.656223223367302,-22.82343398898174,2.0506345247020983,3.547071695327759,0.013411778025329113,0.6731497049331665,39.077171977611265,27.818897744145666,4.874970059806268,1,1,1,1,1,1,1
pi3_causal_upstream_000713,upstream,72449973421407a12e592a82c11e051374392ea1023c44029b50aba9264478a5,428d49551f217a070f3e6ba0bf0b37b4215019a6b5c8187fe72625fd8ff5bf10,dense_v1_train_x2.98_family3,6f1fbca72a9acfc40db3dae050807c5ebce48046575ee28f6ba9b117d9c935df,edffe3355fa6705a2e2b0beaa4619882fe3c225a5d5df757724181fcb034a3a0,dense_v1_train_x2.98_family3/variant_3,34,-0.1458390021324158,-11.526344644236609,6.241219396561613,29.872187504887606,141.8470737392637,0.46434600656222175,0.45636111259460455,2.169082169057935,1.8526839017868042,-0.009475859813392162,0.2669471502304077,-2.3614401484494127,-71.27797587623131,-0.39990114592147324,3.584146499633789,0.013154774904251099,0.6820598244667053,38.251521635267196,42.468009145780336,4.929310108339911,1,1,1,1,1,1,1
pi3_causal_upstream_000714,upstream,c6c0ae689759a45812125edd3b412692951ce75205f389f903769a461855c891,eef8b2f33e1817807a972e62c385705d135d1f004cc9a1cf4f02de3303491cbe,dense_v1_train_x2.98_family3,fdfce57417d3bf5f411820115f379e327babedf791cce62e21824429b4822545,49096db4d5224c55a683b12a03e993b1dc704b0f3a8739a7ab1158dc9457b874,dense_v1_train_x2.98_family3/variant_3,36,-0.24179947614669803,-23.33851050712345,-222.79894023511838,47.92033400924266,372.7083965914218,2.290873230836247,0.3488470363616944,2.057897464906,1.92207932472229,-0.02229824848473072,0.3424316644668579,-3.3661165791286836,16.743783571010425,0.4342128947017232,3.6612331867218018,0.012334047816693783,0.7023767232894897,38.00469908923044,24.690213481605436,5.049899612717751,1,1,1,1,1,1,1
pi3_causal_upstream_000715,upstream,27727ff944f232f0964dbd39c6de801a6366334476f3b46a7e96a11b98f86235,e1a507ba9c49d8482e973570011d06c0a6bef49f1ee0e3103f3b5cce2f348e80,dense_v1_train_x2.98_family3,35d7a6ef839a67f5701bc1195af17e824e21bebbeea7b28c2d161cb4dae41f18,ce9f4ebc47bd80bd6fcc59913894c62a61abf13a58aab7dcec2864259c1c96e5,dense_v1_train_x2.98_family3/variant_3,37,-0.28674020767211916,-31.991718147747623,-338.61758372681084,58.93759306501331,501.6233540807234,4.5081366430192125,0.5788569068908692,1.991806477798193,1.9629565477371216,-0.030660944059491158,0.45808619260787964,-4.018201996265794,53.609106361392485,0.5164154486624432,3.70027494430542,0.011682126671075821,0.7140951156616211,37.016674659747665,38.59436298065599,5.1748690958915775,1,1,1,1,1,1,1
pi3_causal_upstream_000716,upstream,f08d1643ca0d632fff74195c83bb96b059a338c124bf368af090cf7b5c16cc41,544abfb543d341b55045f022a5bb205e81bbd4af318ba2706e0a39db16f37a61,dense_v1_train_x2.98_family3,787a8b76574fee0500ae08e53f37e8838323d0b235a772d75b55ada740a0cb42,b43c7c3c6d3a929d2f5e898c29df529e8dbeca0d829c14aed927451398bbff09,dense_v1_train_x2.98_family3/variant_3,38,-0.32986986637115484,-42.43780604927054,-427.8928280282698,71.87933988170509,603.7356110781411,7.2546021190464485,0.5507405424118043,1.9153422231231234,1.9931409358978271,-0.0405021607875824,0.5991042256355286,-4.962480344775111,76.61495592008505,0.21333590278453687,3.739924669265747,0.010840313509106636,0.7285160422325134,34.138559302003934,70.48077668687493,5.320682383242992,1,1,1,1,1,1,1
pi3_causal_upstream_000717,upstream,88fc4187fdfa4a284b5e054b2f75aa7e449718a13cae9bf4d38dbb0725ebf4af,28b48f8ad3167515cab1b004dd63e0454433fef18b81301e2fedb69c2f8a654f,dense_v1_train_x2.98_family3,fe6a938f3f9f96017ff72fccd79627ebe99ffa27217f52de9b426fc0542f2be3,e7455f52decc6b36b2eaf5324b9ba0fc6cb0e9f0a9062ddcab7a8df73f0ca474,dense_v1_train_x2.98_family3/variant_3,39,-0.19475852966308596,-50.72759639963126,-305.05395218309815,86.41717213383461,708.9797556968199,7.53564630135721,0.7263125514984131,1.803899096057278,2.077990770339966,-0.04234279692173004,0.6264062523841858,-6.100821016190593,-67.05935734669713,-2.670599483163343,3.781006097793579,0.009959460236132145,0.7432517409324646,30.839161291348407,76.98098575770604,5.3244808907496335,1,1,1,1,1,1,1
pi3_causal_upstream_000718,upstream,90cfd249e2762d1917325bdffe8cd08f31009e6928ba55f49fb0e3784c2bebf2,4d633e231be1f84f22f52f99481849f75fd5016aa1feef23ab8c3e41314d0a85,dense_v1_train_x2.98_family3,65f502b3135f2dd1abbe8fe4f65b553f2ea5f8986f0d3c00baf97314f5a4c8fb,b0e05f4517a652b46a245c5d6b5e524400e8606af9c0bfccafc6df9e65e8e766,dense_v1_train_x2.98_family3/variant_3,41,-0.142921679019928,-61.12609495811211,-155.432921055066,114.8527317996476,561.1574139055756,3.336998720912191,0.8001031589508057,1.4650161864536153,2.03987717628479,-0.04714760184288025,0.16544018685817719,-9.870914256421557,-127.43287474130055,-2.6903562322244277,3.864253044128418,0.008032629266381264,0.7658537030220032,24.10733196802572,70.23374240497391,5.119606748241401,1,1,1,1,1,1,1
pi3_causal_downstream_000719,downstream,be8631112f92e237dabb6bcfb030cb6273df7cfd8736b7c57e79cea9498aeef4,7522588e278949abc2a9b557e85f1abad62d775a8e1597f423f8794213105d94,dense_v1_train_x2.98_family3,0f51874db3b66c45e085b412454633267177881a759548f32fb379f6753b6870,126412c3ad7de839269264afe76ab6a1441fce987e35dc094f42c608963bcbb8,dense_v1_train_x2.98_family3/variant_3,42,-0.17848684549331667,-64.39229824940138,-108.83028080088054,124.44701656449446,399.4877651571009,1.5137606911206332,0.7683191204071046,1.2481200168025086,1.9760454893112183,-0.04549107328057289,-0.3144094944000244,-11.662127951162816,-101.40863822987971,-2.0602595419031156,3.904078960418701,0.007074401713907719,0.7648748159408569,17.680503034542653,122.16809662716302,5.060763155580879,1,1,1,1,1,1,1
pi3_causal_downstream_000720,downstream,398e2bff942a08fca1cc83f6e933288fab804722d4f31526ea34d36dc4f7378b,d6a18e638de17b3114b9a3089d857b1a137ca09feae9c0eb98d77b079deba6b1,dense_v1_train_x2.98_family3,1b170954bd24807a8ba8ca55f3e4c8f85bad412071f7bbf71d3c45783320089e,8b273225b3be8c46ccd759d669e9ffbce346022c5264f68f266e2b71b06abc4e,dense_v1_train_x2.98_family3/variant_3,43,-0.3171944427490235,-66.43267382997011,-54.591024601757276,128.22643343982932,-13.396365061621475,0.9584053692124734,0.6283730602264405,1.019208149372634,1.8132151365280151,-0.0366380475461483,-1.3750321865081787,-11.1899194077994,13.139462010143433,0.7084834096918164,3.9416496753692627,0.006239690817892551,0.7481682896614075,0.5606507419352076,-208.06257487438407,5.088845716814409,1,1,1,1,1,1,1
pi3_causal_downstream_000721,downstream,3e17b4e7d2e33d09452e81ed3e301d3eb2ce253c644490d97a7954c98b088dd0,254926981600d280cb944f097662bc4bd34c86234f00b1f0aa3d00cdbd3d9eb0,dense_v1_train_x2.98_family3,0599ecf9ffea693ceffafad5a6ff7d5d263e25e5a9544f44d51cb01b2d595a86,2f667b1e315fad47a9b049869531ac7d4749ac22731d0a01fc9b89919e51d341,dense_v1_train_x2.98_family3/variant_3,44,-0.28078516483306887,-68.11387708284457,-41.72214907332036,128.60852788237818,34.92098820728016,1.4007462504400077,0.6612702083587647,0.7946353404218988,1.8380649089813232,-0.036557409912347794,-1.475120186805725,-11.540927098114587,-13.786494367955202,-0.8886975240557797,3.9778530597686768,0.005476697348058224,0.7204948663711548,-9.927146350084627,98.55569553432207,5.126705454101531,1,1,1,1,1,1,1
pi3_causal_downstream_000722,downstream,e38b573bd1baddecbd5213a65ab84a6a51bc498036fcf7245f650329c820a06e,d5966c31f7a3f1be5fa0eb14d7aefcc06b436d7ba989623fe42f8b5231adaa4c,dense_v1_train_x2.98_family3,5ae5bf5e8f203eb6a15b08269c80d1150bd42746cf02213ebf7c08514814b41a,34132aec4c9cb1fac5a7c8e76978fd7a8714ed213481c4090c567e8ae7ae77ce,dense_v1_train_x2.98_family3/variant_3,46,-0.3273112964630127,-69.67852998772192,2.502016327182265,130.15463682365893,-175.75541127000858,0.7450624215963774,0.6016783905029297,0.31436655249155,1.7822233438491821,-0.035707663744688034,-2.3247640132904053,-11.224355514047312,34.97432515450879,-0.3234824815272847,4.0513129234313965,0.0039762514643371105,0.6540565490722656,-17.5146079848868,71.30234599118992,5.108836701756417,1,1,1,1,1,1,1
pi3_causal_downstream_000723,downstream,aefc262c20711ffa8c0f7b9dd16c1e5ae74848a894f96375fc6439d6cfbb0207,e02843fae305d7ecf2c233d32a75c41cef3d4fa74034222ece8ad2e700e130be,dense_v1_train_x2.98_family3,3c30c128e6bb30f6dee5d7efa9d04a32a63b95b2c9392e02d6f84fa72bf44808,b0b7d525fff5d508376c0cff2bd66b6019582d04add4000328282a23747e6d8d,dense_v1_train_x2.98_family3/variant_3,47,-0.18839540004730226,-70.23221927278901,10.201110360335715,130.18615131648937,120.85176890993984,0.5248173044078873,1.423379306793213,0.07930566394437377,1.8900260925292969,-0.03336324915289879,-1.9084385633468628,-12.427845091087313,-82.96315230074833,-2.146107122363948,4.0879082679748535,0.0032634532544761896,0.6133958101272583,-17.86626881204137,21.87669805303169,5.0896766383665355,1,1,1,1,1,1,1
pi3_causal_downstream_000724,downstream,f02b8b4b2f5b9e6fc25f78ab404a33b95ba1dfea786c3df13b6ebeb67ce31eb7,d20ff8c6ef65b1234862e3944c178e71bb43e1b48d45472df2b25baf0eee4de8,dense_v1_train_x2.98_family3,d60c459e8944de292f878868941835794301f20e94b663b8d0293346a0ecac00,256d2552fe8aca8cde335ce42fc2266fa53feee8f84bdf35c4c9a82b69ff4d38,dense_v1_train_x2.98_family3/variant_3,49,-0.19731699943542483,-70.52778887893213,23.200380176443698,130.61186334707793,76.12568214908036,-0.6040292152335722,1.4134192657470706,-0.40054599410749675,1.8788232803344727,-0.03266354277729988,-2.3927085399627686,-12.397254381342119,-74.81166303579663,-2.0936134900544037,4.161588191986084,0.0018525084014981985,0.5207436084747314,-17.921801665088157,-20.00859350370901,5.037075763046262,1,1,1,1,1,1,1
pi3_causal_downstream_000725,downstream,268e239553ced032fdd20f9c83e0bb65e69cf16a260d224be9e1cf4632a7a7af,378ab4f2e943cd6c4585b3089c01c81f180c329c8b559e24d046957b6042b341,dense_v1_train_x2.98_family3,a495d9b31541a270a80ee6816a77d3386207ba481a21e925878c48a5dcf52624,111ee7693c372557f296a4221caa5e4295f055c83adfe7536261ddc09ce3d565,dense_v1_train_x2.98_family3/variant_3,50,-0.2717781662940979,-70.36290128217885,32.489399881620606,129.88536344582036,-105.2558993742403,-1.0223039390487234,1.3367826652526857,-0.6381132586003413,1.8345392942428589,-0.036911528557538986,-2.967517375946045,-11.494760141967177,-12.093491109515911,-1.2485550584620402,4.198320388793945,0.0011272728443145752,0.4664933979511261,-17.211834236716598,-13.713419881572529,5.010178615145552,1,1,1,1,1,1,1
pi3_causal_downstream_000726,downstream,28843711c6a711a5a97e27dbbdbe80c2ee695f10d70bd7f65d7cd28c663e21c7,53a7956ea6cad694df8fc801ebe7e05c80c79d5c25ee1eecc11dc9c73dbb2b59,dense_v1_train_x2.98_family3,8d4c6b5d10bdc9911a3951e850fbb966ca5c865ed8ca8a5b5041d574f3d0d65d,d3ec918bac58c3d021274c40e025c1a54e799c0b62b0a7d38e261b5d7ec4557b,dense_v1_train_x2.98_family3/variant_3,51,-0.20692749977111818,-70.33850384646357,32.813270376589685,129.7086254708571,49.51027568952198,-1.544053218331886,1.4084170150756836,-0.8719555683743994,1.8735706806182861,-0.03208952397108078,-2.838731527328491,-12.045572209846394,-70.72853496882799,-2.1485459267844655,4.235124588012695,0.00042363483225926757,0.40964388847351074,-13.85177816981583,-54.47516068777176,4.97447593916771,1,1,1,1,1,1,1
pi3_causal_upstream_000727,upstream,80b4d5f769f4a56a5bb41437e3b7c45b5144043404c079c44de6a2b715ef5bb4,5d299d7155f93ae6f1e97d29fdd919c569cbc4b865ffd270bfbdb95146026444,dense_v1_train_x2.98_family3,cf51e361e7f29b98eae4180b7d88601453d721d0f03e64ba2bb2a5704384a134,ee650f75d5c484ce4fda3eac9f4e31454ef3130d36ab4111ab9c7d4d43325af0,dense_v1_train_x2.98_family3/variant_8,10,0.6195786666870118,-52.287594530589246,697.1913409629981,109.72289090275284,-913.6439699496641,-0.05157005118075622,0.3274303579330445,0.6745955616285043,0.38429152965545654,-0.005106049589812756,0.05210690200328827,3.221819227958644,17.2472060788808,-8.157589477654184,2.8603439331054688,0.0048014139756560326,0.11895955353975296,-12.630524124518272,-61.74500571956365,2.7229174829821474,1,1,1,1,1,1,1
pi3_causal_upstream_000728,upstream,41b9e5f2fc1e86e6360b4a98635f4b3d3cff5074a4a94662d8f961055af25a85,85f4fad6ee33a89521254bbc0faf63c583de06c8046f751326f36fa0611d15ba,dense_v1_train_x2.98_family3,cc091a7f2aa535affe009018fb0ac48a0ff790951514cd4eaeae1c0d9a50d44e,4a946df1ba0d34b09d60307257bd7cd380eff2f067b208c01f0cc0cf95854877,dense_v1_train_x2.98_family3/variant_8,12,-1.1516374397277833,-45.80672855548763,-235.79815626348665,68.23529052553071,-1299.841389095214,14.321227977078859,-1.0279832077026367,1.0078788199841326,0.7273614406585693,0.06273510307073593,1.8942793607711792,5.817962392092855,714.5129739057172,44.1450869643961,2.8828213214874268,0.005763550754636526,0.15778568387031555,-10.85654214327931,34.916633961684276,3.2149194574262276,1,1,1,1,1,1,1
pi3_causal_upstream_000729,upstream,ab4e685fb3beba70689821f790978327123b558aa2f15e6ab796832b561a69a0,fb292224ff1ee9f4f8c5ed3d72f703008abaca07c7cdd161397a40497e8a00d0,dense_v1_train_x2.98_family3,e59700d0a146e42f7930d7ed8a8e0b6352809bb17d3abd2d0908c56275553151,dff91578fc16aa90873028deb708284728911b4e766036c00e935e3bec245d1d,dense_v1_train_x2.98_family3/variant_8,14,-0.2806153345108032,-59.87720852875362,-285.00617217657344,49.34810309296378,477.5716352204672,33.45748413061949,-0.18903324842453004,1.97995898282181,1.695662498474121,0.07750305533409119,3.2361812591552734,-6.612738998727994,27.827061527751123,35.79616425129599,2.932157278060913,0.008424216881394386,0.272714763879776,-9.394201203300518,-113.25086119398284,5.87382551007795,1,1,1,1,1,1,1
pi3_causal_upstream_000730,upstream,00496bf3dde9f80528d95ea73134287776ec20c92a987c4a94badca52654cc10,3c550d4a96d1d33b28512bb37fc384d0e37ac0e7a063528f8c568edd6d453fdf,dense_v1_train_x2.98_family3,f691f2bd52f3a416782489d2ae195756f048bba1a3c057ad45bde3472ba3d7f3,f7e76f134062ecc00d90a69a2fd6999acc4d42af2921766b7140f0d2dc0971f3,dense_v1_train_x2.98_family3/variant_8,16,-0.20976861953735354,-64.7587515587509,-61.04704917884756,78.57231738148145,161.22281777297246,24.813501174800837,-0.5756689167022706,2.4368262680347628,1.5709798336029053,0.09505585581064224,2.5113837718963623,3.438100369678271,-20.210326555939922,32.346676248724016,3.005068778991699,0.012151137925684452,0.3998415768146515,14.87414564421908,-60.119393376343936,6.7084216185710845,1,1,1,1,1,1,1
pi3_causal_upstream_000731,upstream,bd7bdaba6a3c57e57c1ddd959d4a8ed88380b2b12d137a25708c22780f00ef8a,8db875326b8b7098f9dc027c6f1a3e81d44532cdebdd8ebf3bfadd470550c413,dense_v1_train_x2.98_family3,bafa5c81297d38b19e4ba2def8d615e8a862e29fd684f290387dc468141b0c70,c89bb8a20696737c76be1c7f5897affe4adabb46c5f4e34c4d5cb3122f6402e5,dense_v1_train_x2.98_family3/variant_8,17,-0.3368701267242432,-61.5748042356361,154.21778942058572,74.1507944222737,-488.52239555447863,24.14355722194471,-0.704136610031128,2.785000858628236,1.282192349433899,0.10357213020324707,1.400439977645874,2.0963069324649157,84.95096957565383,36.6628264645114,3.0333847999572754,0.014291888102889061,0.4349830746650696,25.089953717875016,-60.52348102802023,7.3616102153603356,1,1,1,1,1,1,1
pi3_causal_upstream_000732,upstream,fe6d241da66a415fff84da837f59c5fe7f59b4d5f98f6ef688c33ad35437cd44,3ed9c4a979739b13e525bf3c06b1964b8e6137697cc558059c5de4a2d870eef6,dense_v1_train_x2.98_family3,078f65a8667cf543264124af773efee99b724490f1adcddbfea42b310c779b07,c254ce0859735260b97c9009440fafcdccd333ac3578fdbfeca85cb8e3eab80a,dense_v1_train_x2.98_family3/variant_8,19,-0.14425889253616334,-44.79837065284572,385.64614091725997,46.803092645947,-518.0168462775079,22.095313487859308,-0.48322307586669927,3.4067582328213066,1.3106986284255981,0.09232223033905029,1.018936276435852,-1.3869274339705053,-95.8542942458795,41.45339820495328,3.0825512409210205,0.01849827915430069,0.4708963930606842,26.530249368533944,-42.585983588219385,8.912795947664605,1,1,1,1,1,1,1
pi3_causal_upstream_000733,upstream,e3a46280b93beffacc70f24dafa50a043bcf03ac0d9922ff2e3cb3afdb9928b4,1e92a4fdc12ead571841e6050ac5cb667b4ee1d5bfbda4e25a07d98f496435cc,dense_v1_train_x2.98_family3,3609afced08a0d2791c4daaa268f30848fc11659ab6d13db1b79116905ea32c4,39243e61259f14f84d731895d4f5d3b1f244d7ebab2819ed437417d1a80615c8,dense_v1_train_x2.98_family3/variant_8,21,-0.13405892610549927,-24.413985263644488,356.05385456455946,24.214907447453417,-388.5262950864709,14.761792234150178,-0.4405378198623658,3.828906826431361,1.4039580821990967,0.07670149207115173,0.9799324870109558,1.178820748026914,-130.79683853018022,49.30329022181933,3.1357269287109375,0.022115793079137802,0.5044894814491272,31.964684259012714,-85.30378299723084,10.24798452178587,1,1,1,1,1,1,1
pi3_causal_upstream_000734,upstream,f88a931bf8a29317e4001dfd79b8d344e83b859fcad670150a5368c87ef89ae9,0727fb6dcc7f976e10b883d7af23979a48b8485ec80fde4fd32d51426df8a044,dense_v1_train_x2.98_family3,ed9852c45b96b2320db4c4650ed9fb91e4d67c528a7124f24086e47a82e827b7,c63a64f4f7c0f87ff5ee8120db7c8d4def35e251598df20a5c3b4fc93c0aac72,dense_v1_train_x2.98_family3/variant_8,23,-0.1689983105659485,-7.421285693616702,332.843259840212,8.026784524859272,-301.2197845113765,7.36465599808012,-0.41740671634674076,4.257670430437224,1.4899935722351074,0.06746914237737656,0.8972189426422119,6.229374567880341,-149.73851038175633,54.12529449282162,3.1933088302612305,0.02514750137925148,0.5394434928894043,38.22338125588674,-78.67276214341567,11.730423232353239,1,1,1,1,1,1,1
pi3_causal_upstream_000735,upstream,9aa5bddb808e1d2bf576c50cdb7565e7c976c163309317298fae88539509a2c4,b297b85961f019432e63d9d9c8c48b19f73a753c645c4ef3854575d108864cd6,dense_v1_train_x2.98_family3,4d3e67f66d2c646b37ea7105254562cef0e67f1f70169aeda14b17e0f2f04e04,06be35cebeff02ead585fc3f8738822d9fee621322162cd9c43921ed2217d437,dense_v1_train_x2.98_family3/variant_8,25,-0.1838849496841431,-0.21219148591280274,163.5943687358276,3.516294296287281,-30.688750280540972,3.0888560756388435,-0.45100017547607424,4.759386770346273,1.6123074293136597,0.07097962498664856,0.816301167011261,9.885845049947205,-122.28433278645831,55.457382871554614,3.2556257247924805,0.027896558865904808,0.5742264986038208,36.80398939918264,6.5040045215755065,13.649884443694093,1,1,1,1,1,1,1
pi3_causal_upstream_000736,upstream,52c046337ba5b3b91775bd90fa2163b11484eb1447be3a4df25a1dee18fbfa76,6d9b9e727a50de2701062a87dfcbc98fd6ac11df678f6df120b2524a664da334,dense_v1_train_x2.98_family3,c6bc7f94cb87bf4328a5cac6a9899bed94117bfb2b5c4fb4617ec1537935e448,8b5a193fd53f3e13efb4a0751c2b1d393ceaf8a47bf6c8f4fa88ade86cf81faf,dense_v1_train_x2.98_family3/variant_8,26,-0.23870109081268312,3.887581885465293,80.70971579921023,2.0966061801279268,35.01227368553738,0.20075595958948717,-0.5004397916793824,5.00132126750268,1.6399719715118408,0.06625117361545563,0.7738938331604004,12.436394780380876,-81.81311236905827,58.54774635775649,3.288003921508789,0.02931228093802929,0.5893445611000061,38.5439083732571,-53.97045410433743,14.510311562588365,1,1,1,1,1,1,1
pi3_causal_upstream_000737,upstream,6e2f20062246b5f51e6668fae93d089006aa04c8dc62b266815ea76beb9c8915,e3b8233fade1fab9da8ce896542ec98bf04fb11f29a01a5f8fd406a5a8acfbc9,dense_v1_train_x2.98_family3,7acd9f5fdf8fffdc192f83fc873d367939cd57754b5385bb88b774932f2839b2,b44726977ce551ea0838921740d51876db70459372e88642a5db27a8e8bef3e6,dense_v1_train_x2.98_family3/variant_8,28,-0.275645661354065,3.342347520817039,-41.80740690963504,9.16042431857849,168.04304852717533,-2.5273308621073958,-0.5554415512084961,5.489225658430789,1.704534888267517,0.06198735907673836,0.6853358745574951,14.536695025632723,-36.81888262666785,59.55234424126031,3.356273889541626,0.03212231397628784,0.6200472712516785,41.05040338354419,-29.197125758269397,16.565415621635797,1,1,1,1,1,1,1
pi3_causal_upstream_000738,upstream,9dc377c5ac8ac843756b764321b28b2356b5a90dc68ffd6fc08e95aa907da6d1,4a3ada739a3aaa2eda1470cf6101368042d55fe86f0f9f40186ad82c0cbba093,dense_v1_train_x2.98_family3,daa50ed4476dded07be63a816487e30c98c00d8e5f4cf6d70d37956a11057a08,f9d01e345d97346ec68f68122f704f7065d90098f6f6956d924d3fe0c8fc114c,dense_v1_train_x2.98_family3/variant_8,29,-0.27614553928375246,3.5527237505557787,31.04961991024401,10.338434728693407,-11.948211278322447,-3.3668288264765565,-0.5712210178375244,5.734632243299512,1.6495287418365479,0.04177120327949524,0.5361838340759277,15.337616668086758,-23.93075791760255,60.596748467246954,3.389826774597168,0.033159419894218445,0.632282018661499,37.43907746368335,64.59010735795412,17.730020967916484,1,1,1,1,1,1,1
pi3_causal_upstream_000739,upstream,b0cc2559826c4dfda254891f3a08b98410bac694573ded88f39aa91186a5e8f7,4abdedff704afaa2ecfd83c08a40aa1eb044b3a5b7ef0cee927fdf716f7bb2a7,dense_v1_train_x2.98_family3,3ca2b775d86bb8e080d788ba339ee3bb0bd65b2e0b7d3335985f5cc4cef4208f,9649b5a563a314e738666d8416611f585154d7c8c161e97ddbe4c691aef248a2,dense_v1_train_x2.98_family3/variant_8,31,-0.3998859214782715,-4.389138471031785,-304.0787377734037,20.478992046942373,348.7487213604207,-1.4739163467867362,-0.7229837036132813,6.159668388205343,1.7642545700073242,0.029785247519612312,0.6394339799880981,11.424045485942743,100.30823328288812,58.44504080320701,3.459075927734375,0.03482506424188614,0.6566373109817505,37.968758633817835,-42.72971808911313,20.344561243916473,1,1,1,1,1,1,1
pi3_causal_upstream_000740,upstream,68a8a5b7e0ae40876913479147c1974ff3a955588e96992f3af74514f9eba1dd,fc78715498ff53d2757be8003a18cafd0a880150494b6860363cefd84b48d6a8,dense_v1_train_x2.98_family3,56c47847fb4d05ce74e238911f6cc895aaff6e51de95a58ae659745d56130767,94b83dd215e1d0b3dd4743a0f22885f673cb01390cbc369d9019445dea3f77ed,dense_v1_train_x2.98_family3/variant_8,32,-0.31760009288787844,-5.23344803641468,-105.18107465188282,22.275864553410987,132.68417006201648,-1.7601985797321842,-0.6314484977722169,6.34406477395519,1.7354379892349243,0.022775890305638313,0.42307090759277344,10.71643618038213,25.406830099134,55.767500780629874,3.4936752319335938,0.03543000668287277,0.6653376817703247,36.21680145133123,-1.4526633089768237,21.43748331367241,1,1,1,1,1,1,1
pi3_causal_upstream_000741,upstream,ad990b9096abeca87df0dfbfb8290e64ac37c36c05d0e11a97e550e8400a7575,e576a5533d07d91510712848a718d7d631ba8952b75d00f5e927a204c09fa249,dense_v1_train_x2.98_family3,bd1f2233d0132a568c6f9dca53d5d4021b2075b5c401fe2d5d23810ff552f025,6fccd8e4172b4c9df57b516f0f1d7ae6d2f5e8c33358a29c743cb2ac6556ca39,dense_v1_train_x2.98_family3/variant_8,33,-0.3160739898681641,-8.674448675169268,-200.7226213658566,28.10922347255352,340.6366149662233,-1.5877533089610036,-0.6229109859466553,6.5127068067719724,1.8208587169647217,0.0383228100836277,0.41142717003822327,9.373026763099832,18.402348161880866,50.92703450830105,3.5297443866729736,0.036185815930366516,0.6740952134132385,33.193742649210655,45.50399749599974,22.544056476114097,1,1,1,1,1,1,1
pi3_causal_upstream_000742,upstream,3a886206a677869aa47d6f6f40d875dbcf4b37dd841e07a5bedb31c383c45db0,859e26e65dd385ffb74b4307bb23c8cc2926c5dbe4eb00ab4ab370631d9421b7,dense_v1_train_x2.98_family3,c2f51093e4f2d7645e891e3304ea5d07e985b839c56275a0608651f36a702570,9bd92b4be95d2f1190a4aaabb8eb1135f672f8a8511102c0da623d09665e3d33,dense_v1_train_x2.98_family3/variant_8,35,-0.3838902616500855,-16.713399474487623,-281.03988132554707,41.56733600559285,305.64421713117065,-1.0572423362456667,-0.7164531803131104,6.804788394153483,1.789876103401184,0.011152880266308784,0.17185115814208984,7.793230475058916,94.97104833335929,46.545601344426686,3.602853775024414,0.037655655294656754,0.6852434277534485,28.940696551165022,50.835677313057545,24.56117450176905,1,1,1,1,1,1,1
pi3_causal_upstream_000743,upstream,1f2d7fb77b517faaf33a2f541a3e0cbacd40bd42b117c2f233d5cb2f0d3da162,dc4ebd525d23e19718a5e996bd0bb4e16cbce005f93d58fe7747656ef9de9e4d,dense_v1_train_x2.98_family3,69e5799c767fee4c9b30af5d846e8298d27147d407868b19367435a9a6ae1ee7,9b8361d190bfa740ff6d57c173f2d92224fd9cc9b88dd0a3c146f2ddf0e04372,dense_v1_train_x2.98_family3/variant_8,36,-0.2999115037918091,-21.956406360645737,-264.4119497156911,50.37254267600649,455.7185815747948,-0.6639988824709433,-0.6256426239013673,6.933411141499086,1.8814010620117188,0.031843919306993484,0.16485901176929474,6.555139586570453,20.636726728087357,39.236598838123115,3.6403331756591797,0.03834466636180878,0.6892699599266052,24.16819407617241,86.32213005153389,25.48703172725484,1,1,1,1,1,1,1
pi3_causal_upstream_000744,upstream,055a597753ff74a3da95f28a8d822c52039fd1ea0f92a04a759120f68d6ac44f,5b74f1d2f02bd2316b91211d25c44f55a19d398c763e0e15734ae723c68e9454,dense_v1_train_x2.98_family3,6d4357d5a64d338fd2f3063c12af14a8363646f0651a3a48123252776b7205c4,a39a7c1bf4a267fe71a4b9e8b5abcd9baca78a4e70ab40c86a56daf454c2d1c0,dense_v1_train_x2.98_family3/variant_8,37,-0.38958228111267096,-30.230359209868492,-410.1617935467001,62.09193151807611,555.5988420344792,0.926008525810021,-0.7141221523284913,7.052563916871597,1.900636076927185,0.0019304364686831832,0.2785850465297699,4.990846120398174,93.04565898746772,35.09038372888565,3.6786410808563232,0.03861188888549805,0.6959294080734253,17.156060619501567,136.3064789260627,26.4903230289895,1,1,1,1,1,1,1
pi3_causal_upstream_000745,upstream,5a5c24f0754627274ab7ec3580f87062475fda1c7a9c24dacc8d667d0c366aca,ba83eab9e84715724c485183f0352e4dae2b336b1b7d9ccdbf48098fc2fa5a10,dense_v1_train_x2.98_family3,a9296765e85fcca3c0773e3083faaec34d06f8b1b49f10a3f9b42ce498963ad8,72d0adca7351f7db8d62416f0ecc54b76402c22e39e4c3cf0949d8ed43568c4e,dense_v1_train_x2.98_family3/variant_8,39,-0.23299498558044435,-49.81415763588502,-380.1065842928128,92.35781112672325,799.7092019140879,3.473607218575474,-0.5525467252731324,7.27650152138403,2.044224500656128,-0.01782773807644844,0.5769153833389282,3.5821345451218534,-39.1791125509737,24.15533795260715,3.758450746536255,0.03795554116368294,0.7186506390571594,-4.491618629338657,-140.16329550507214,28.11195537293473,1,1,1,1,1,1,1
pi3_causal_upstream_000746,upstream,2ddfd04db43e22a2d206477719a338bad7ad79e4833d0eb3ca34c709908e5088,2ade8667749e0334356c7cbd8cd9f8297d19763ad4d5a0b9ae806b726761ad60,dense_v1_train_x2.98_family3,9bf5c6a1df51b212fb6dda4b540c2f87454db3f8e54e3252e1834bf382949a38,df94424602055d7a439a979f1d173c72170ec4ce0b5129ba5bbafea60bc6ff82,dense_v1_train_x2.98_family3/variant_8,40,-0.21477127075195315,-56.13471224097727,-294.83557937340885,107.36134616703175,674.9307709106861,2.000002554133749,-0.5282909297943116,7.3771335150911215,1.9972870349884033,-0.02460373565554619,0.2850576639175415,5.06323801475067,-59.010095523052996,21.35655182697854,3.7991888523101807,0.037659548223018646,0.727583110332489,-20.15273098576379,-128.21797766563685,28.421342737923005,1,1,1,1,1,1,1
pi3_causal_downstream_000747,downstream,16ac68c1b71f7313184b56712d67a90ccf32d63e4afca421ca76b7fd7db835ea,2f80a67009e6e0ed611c548e60a93bd42b15bbd726b9a560493e5b377c090f24,dense_v1_train_x2.98_family3,afa8c40e5b182f4cc2c87c58fb2bfa40fee0f73e975691c06c49fc7594229400,df15fc7a06ff93b2da3433d5536cc1b259d6f2ef36cb0939ac13a69e03b12d65,dense_v1_train_x2.98_family3/variant_8,41,-0.2532010388374329,-60.811858444967335,-228.88618240835217,119.02920123181363,497.8300855817518,0.533973570628098,-0.5475869655609131,7.501882893093524,1.9179816246032715,-0.021629132330417633,-0.1920274794101715,6.879829277353111,-43.20951497264443,19.49272468362358,3.8385422229766846,0.03735734894871712,0.7281838059425354,-30.410710354902676,88.68256146642025,28.668211778496765,1,1,1,1,1,1,1
pi3_causal_downstream_000748,downstream,cd8f853381a6f05aece4bbb0bd371112cd8e6a499f9786e0bfe5092f12692354,9413e8b8c8c4f86266e7ba9c350c89314f918d034ef1ee900a4adfa0d98f3e6d,dense_v1_train_x2.98_family3,05efd135ec020ba1b1c985403a66fc69b7ef16291f9c45cf81ec55e91f232f0f,b23e4ad3835c37bfafdb48a3ee2bc3261b8f9298f8086eccdaeab334e844059b,dense_v1_train_x2.98_family3/variant_8,42,-0.3855497455596924,-63.986851390080254,-162.6592338761828,124.51462177689925,61.11620484419394,0.24550155800677229,-0.6858767795562745,7.664678141951351,1.7114416360855103,0.0067218756303191185,-1.2727943658828735,8.971636182372047,69.98517133050964,21.11507390396732,3.8750627040863037,0.03742014616727829,0.7129836678504944,-41.367785198801755,19.15681939533694,29.068989621805663,1,1,1,1,1,1,1
pi3_causal_downstream_000749,downstream,aecefb4315e01c6648962f47669b2003750bde76cfc2f2722b31463cac78c187,c7a68fa38779432d04ed51cb742bbdfaf77f2d4d66aed2bcf485b33939fc6eb3,dense_v1_train_x2.98_family3,3aa02ad51436b3ab774da79115fb5f4cc87f2b585977f2d07d08353f7bed67fb,79ab2f60080397cc933e65cb9d142c8ba82c362a64f8656ee4a581de8836fd44,dense_v1_train_x2.98_family3/variant_8,44,-0.3912221717834473,-68.349477628075,-110.26799464003321,118.78685245968323,-31.08396551648542,4.520195119674008,-0.6887992763519287,8.048928530956376,1.6862926483154297,0.018781034275889397,-1.8613346815109253,6.081221788367241,72.37304644548112,22.793444335883507,3.9404754638671875,0.03866759315133095,0.6371440291404724,-43.38554602302858,9.993487123719314,30.58632424197513,1,1,1,1,1,1,1
pi3_causal_downstream_000750,downstream,f325e853cf19c4b70f0e049106e730181f158a57a55b4b46c028bba7ffe259dc,38ed5cea03cd1c76292d87e3ebf60566458845f0dd9a2be868d040176bf6469d,dense_v1_train_x2.98_family3,cb5651daf4cb195824f5290673228af7e5803bce64014c11b18dd22d1181aad8,acbb405c47ea42c3295aad44fd937aa3dad6f966c03ebadabe317837684b669c,dense_v1_train_x2.98_family3/variant_8,46,-0.34590204238891603,-70.35442501741888,-58.462457785590544,111.91670668302591,0.3822807252862948,7.815686920395724,-0.6326919174194336,8.39565686307344,1.7160998582839966,0.0249762162566185,-2.2236404418945312,2.986351871417039,26.44102831495336,23.368611150795697,4.00637149810791,0.04041533172130585,0.5430222749710083,-42.50708807311656,-11.863516932614289,32.03581830775375,1,1,1,1,1,1,1
pi3_causal_downstream_000751,downstream,b9a58a7dd9305bf90186175b5ab50f3559970a177022f1cc5bb3aeff7d7ac41b,b1a9a584e2871d8a32361fafc3b99438495c7061203a4808ade06f9c31a64cde,dense_v1_train_x2.98_family3,2e4a443fd0954b36b11a8fa2402e3b3de59cf7c1f7077881040386d7d28956bb,05f34537bfdbfded74a9f59c6eb6fcfa01b80f40ba03150b756315aae4decd58,dense_v1_train_x2.98_family3/variant_8,47,-0.4276824188232422,-70.66403066230637,-39.614762506804624,108.55832315869816,-253.98214157005492,8.995380274655494,-0.7445422077178956,8.547680265087843,1.6210931539535522,0.04520806297659874,-2.8630125522613525,2.088264171273814,117.98198296788894,25.47866661372961,4.0396342277526855,0.04141949862241745,0.4900706708431244,-42.79920160353967,2.3618597781965454,32.71199535715731,1,1,1,1,1,1,1
pi3_causal_downstream_000752,downstream,e09c718595416a235124c5105a1f7365bb16c96bb7e5e9feff666b963aee338d,b0ade37a545bf5ab31beb62930d13e69eea8bdbf5fde75097dd661cf7dd5d138,dense_v1_train_x2.98_family3,5ff79f1b6215e353e31fd199e566031a1db2f4e131a231f8ac1788fb288e9962,142fa5c150636937ef64f917350502b436d01ea27e68e8de5827b30ec4112c33,dense_v1_train_x2.98_family3/variant_8,49,-0.40603639602661135,-70.98582819486236,-24.258752139283022,104.7239915624364,-222.41877190591546,10.030979781993757,-0.7176602840423585,8.782950417280345,1.6431643962860107,0.045084863901138306,-3.194117546081543,0.421808790921304,95.97561889610643,25.64302145572763,4.107479095458984,0.04321550205349922,0.3775136172771454,-42.57604224788243,7.499600642640068,33.86728226400507,1,1,1,1,1,1,1
pi3_causal_downstream_000753,downstream,fc5df887df9389a67720f701c2e374a2ece56bbb019f28e1d833774ecd2eb8c6,94f3c824eb49a131bea51e4a8d0511e194607f7c9bb085f979126c8a8371e43a,dense_v1_train_x2.98_family3,c4faef7b44b3439727343c9775b9da26ebbc0367b6c684ce9e0881726a83ebf2,9ccd170ee20fafbdfe1b54f28b5bd9fae16b0e60016ff157963718f83f903a0b,dense_v1_train_x2.98_family3/variant_8,50,-0.28419128417968753,-71.11016495851327,-21.408661047703855,104.28429130442765,92.31694610491907,9.935315298948487,-0.5561332225799561,8.866136307961298,1.7607505321502686,0.023106848821043968,-2.880389928817749,-0.18082396221143818,-36.2461439440056,23.379947557270626,4.141991138458252,0.043980784714221954,0.31785884499549866,-41.7871451534622,-11.105198595108208,34.34480914605996,1,1,1,1,1,1,1
pi3_causal_downstream_000754,downstream,8bbf21664f552d3a74bf021cfdce383949fb5a4596d4d8a9c2721dc1640e1c6c,b99e71a431f9832ed1cc5cd50b0e04b5f990cfe3a2aa32615fc50e4c99702298,dense_v1_train_x2.98_family3,7d2645a394363bb7c1a10a2d6c67b9615bdb8bab96d046340214dfad6a6e3e58,a45c55ef560b7c79be3860ffb4f182b718d470ea7a63d4371506342befca0e20,dense_v1_train_x2.98_family3/variant_8,51,3.514033699035645,-69.68989542250083,23.945724569621337,111.41031645796117,609.2152259624323,4.9284061575399045,-0.1601723074913025,7.968081615234319,2.299351453781128,-0.8840355277061462,-0.5404180884361267,-86.50528157412778,-360.3314107964417,-168.47746221876648,4.183553695678711,0.03763274848461151,0.2822266221046448,-53.91794702509295,430.13769264239954,32.49563887006332,1,1,1,1,1,1,1
pi3_causal_upstream_000755,upstream,f4ccac744f7e5f2f7ef8750ff51d4c1e51e6cbada410ad6923f08abd739661cb,1899d0ddbe6afcb2f7ccd0f9f324620a704f01cbfa4adc31c66ac99da1799a1c,dense_v1_train_x2.98_family3,cdb5d4de80f49ca676d3c2a3d9cf3ae128c62b419bdf011c9b07fa3d666afd98,fb8fd285ab73a08d3c2d60c7a6726125ff1c5139d4667c183bde292463f6ff79,dense_v1_train_x2.98_family3/variant_13,10,0.7002920627593995,-51.767475625292775,813.7050791461444,109.76370128304366,-898.3966381371212,-0.37747000421069155,0.5608692455291748,0.7070565257027103,0.35156920552253723,0.003606920363381505,0.14348122477531433,5.332067857180025,-56.66983707188026,-2.814717968754493,2.8602542877197266,0.004971162881702185,0.11920124292373657,-3.154374951886176,75.04662837343423,2.8248854839815367,0,1,1,1,1,1,1
pi3_causal_upstream_000756,upstream,e7c2e49667f0b7d35b5f73ee824b53ca9152c57c112a5dd9db992c70f8117ced,35f1fcbc5b1bced2b8562b0a985837c6b8b3517cefe300c177454a20eabd9a31,dense_v1_train_x2.98_family4,7ad783a4ed87a1d04d6ade285806151d7412dc8b12b669ccbd0bb66ce00f5205,b23a3d9805db24528a7878e223fbf78ef4de1cb4d96ffba6180358a73f318fe0,dense_v1_train_x2.98_family4/variant_4,10,0.6128520107269287,-53.25752578896066,620.8125046825204,109.92190895478866,-916.8906047489813,0.15145424156672993,0.8240534400939942,0.7067389083153449,0.6070976257324219,0.01608802191913128,-0.0929480493068695,5.360657748385229,31.29586189020131,0.944824870364624,2.862520456314087,0.005070035345852375,0.11902514845132828,-3.160187442869857,76.04103561469638,2.8558299718967888,1,1,1,1,1,1,1
pi3_causal_upstream_000757,upstream,581136095240749c8ef7d0d4a4bb418ddb73a0cf48488a770b3ab7a74d6e8ef1,d29ed5dc09f23f3d9dda1acc34b7c68ddb40007199d03f8adb896d8df6016294,dense_v1_train_x2.98_family4,8fd6942e38e4b23cabb9a7f8b6d27f1b967f19b0cbbe31d2a44ebda1659778f9,eaef3928aa28906f4f6f647d11eb2c4b943bd458f2a81dabe36a50029ac84d6a,dense_v1_train_x2.98_family4/variant_4,11,0.17695218086242678,-47.593027929121064,84.80261103669199,91.97228109902188,-950.4314234608662,4.207936077262877,0.6466674041748047,0.7818785823010025,0.8958863019943237,0.002461615251377225,0.9447246193885803,2.6492466042705907,325.5530984107339,4.837370062200695,2.8778555393218994,0.005185884423553944,0.13008619844913483,-3.665184095900508,12.428107199596713,2.9597611269542963,1,1,1,1,1,1,1
pi3_causal_upstream_000758,upstream,9cb4ab3a7d77a32e73eea3330eb46fdd4e6c64da11d56b321b0977f93a64acaf,d05d8e1ddf240b8ddfcd6eb69c786f0835086f8427d81fff7c686c18fb0b33e1,dense_v1_train_x2.98_family4,736cb5c77895a75014f87e1ddb7b21a3e97e076184918863d29f9e22ec788baf,d22b7d5cf07721956b8c9286a1b00d2d322a682b546e090756ce8b000b06a730,dense_v1_train_x2.98_family4/variant_4,14,0.16411810874938967,-61.793001458861326,-195.2368046697991,50.71087951163766,320.71920961057583,30.84684274946732,1.1591962242126466,1.068194907601318,1.8156013488769531,0.012470956891775131,2.8733904361724854,0.7425989772964137,-12.515391040773952,1.341250117009222,2.955392837524414,0.004973092582076788,0.26138389110565186,7.362753533750632,-28.834005581234837,3.9379037581715077,1,1,1,1,1,1,1
pi3_causal_upstream_000759,upstream,5267cb66036a2d84bba04275ea56b55a4509b4a9fd3c162ea430d3847698f8b3,e520cdf54c824d219513fc0fc57a47f824d4f53c11ab8eea12a83a931a99e699,dense_v1_train_x2.98_family4,a8708c69080be8796dcf282aacba4966e2e2b56a0506c7068fc0a4847fff4b64,420ecf1e25afb05a920d5c48ab26eb6deb05ecdab00f3770dc3261c1cf4753b4,dense_v1_train_x2.98_family4/variant_4,15,0.47928413391113284,-65.08188097819504,-77.73895234046985,63.93312512206894,723.1997724166796,27.119867310833293,1.493898277282715,1.0469478944056267,1.9794743061065674,0.016978755593299866,2.939161777496338,3.4805747548056414,-286.46021016784243,-4.921689174391325,2.994209051132202,0.005306605249643326,0.32141709327697754,24.358831486096634,215.1857518390337,3.720739150863302,1,1,1,1,1,1,1
pi3_causal_upstream_000760,upstream,3e85375bb5cd1566a80231ded0c89a69157b806609ae9184c25e52bb27111932,6c2a6419723b50320f3ac4a2f72788b6c164afe0ea65ae368e64b70ad580bbd5,dense_v1_train_x2.98_family4,41a13744de39456dea519ba36c97388054b3f70330702385e4658f95eb5a1d85,7a2faf29d8391cd18f782a820e47d65ae6962eaa3b1173a89553aacb9ab05096,dense_v1_train_x2.98_family4/variant_4,16,0.2128467106819153,-65.83199967360252,-25.7210392915221,69.86403792557947,51.99442232084479,24.425615213104038,1.192760410308838,1.0552386736104493,1.7410401105880737,0.01482717040926218,2.156867742538452,1.2065869611068967,-39.983913740876304,2.0842484469286697,3.0307071208953857,0.005613870453089476,0.3709128797054291,32.391916006691595,-88.78262373776094,3.619849717302294,1,1,1,1,1,1,1
pi3_causal_upstream_000761,upstream,06abc32bf33349d9dc64073b03d3c73618958d87377e4ccfb3bc75e82c85c5a6,127fbcad0f666902cccd41b924de06b0d4fa7433c32a9723bca7ef5c8e35a663,dense_v1_train_x2.98_family4,7533a99e0cb32ddc7916f9b727391211141b4caf534b9312cc5bff3985f2dfa1,07dd6421fecc2a6eb24942988444f4b869ab7450c6f1b316f8a52d969964cfeb,dense_v1_train_x2.98_family4/variant_4,18,0.2074630093574524,-57.477196167627035,342.1237657145885,49.918461454700285,-658.2200300873329,24.810063377592193,1.1815118217468263,1.1525465526188212,1.5321180820465088,0.017779361456632614,0.9209355711936951,-0.07916978988667561,-30.787887061249123,4.577288411437657,3.0936355590820312,0.006349389906972647,0.4214741289615631,35.29700036637312,-25.631638945475803,3.8038907244731024,1,1,1,1,1,1,1
pi3_causal_upstream_000762,upstream,8e8768e563777eb2b1b296c751b41a62d270ef6c230a055c02ccdcb32e2ba447,79b35764b1fb792d5eb2f7cdd4f751ffb2d795fc4879f8266e02b92ebfb6662b,dense_v1_train_x2.98_family4,e4ed129a8415daa2b628108f00ac0d6c8d3a4c2c615d83e7ce2eea6669c2be58,08f943a5e930d4b10ab58363db8988552cbfc80b09340a68d4cd2281c5d833d5,dense_v1_train_x2.98_family4/variant_4,20,0.3691182613372803,-37.496662788575726,496.5485235274039,24.4637278238224,-583.4488017714227,17.96832727793337,1.3805357360839845,1.1643093188472262,1.5790224075317383,0.016097236424684525,0.7388783097267151,0.8795197241628396,-193.71585814542067,1.620563979649429,3.155961275100708,0.0071156262420117855,0.4507737159729004,36.913607105172176,-27.46489245455849,3.734645781945212,1,1,1,1,1,1,1
pi3_causal_upstream_000763,upstream,5c6c3f04a701ef6778728a509e84569aa6221148e0817855c965b005d68311ce,34bf71cad6efc7ade1111d16d1994168d9278abc9bc3477506cef908df924da0,dense_v1_train_x2.98_family4,aaf0b48e679e0c1e24ce01637c4c0233f4f8c29d3dcf72bff3f242e4be273641,41b6f08bef1a2ec87eb787840e97b32da7251a4d86cd4dd101cceac9695a8ddf,dense_v1_train_x2.98_family4/variant_4,21,0.3965070724487305,-26.996220241637847,560.4251629850369,12.00453814086025,-636.1513063884281,13.947279883037723,1.4200736236572267,1.1675841961047995,1.5715248584747314,0.012690236791968346,0.6900221705436707,0.972816586408923,-226.11992847374032,1.1267651015978966,3.187248706817627,0.007396178785711527,0.4650402069091797,38.81919573265988,-37.649686346740694,3.667467206052764,1,1,1,1,1,1,1
pi3_causal_upstream_000764,upstream,9ca07396436c0b0ee8d9119d4e8f6502da12164a1762a9ee5e840a9599648fd0,2ab8b9a8edf805a0dedb5c7be2fbcb45986674ef878f2ffbb817300aa58f75f4,dense_v1_train_x2.98_family4,9aeee74e3f6723e2ee7a7c8b06deba47700d5023966f65a68f5f8389781f1c05,aaf04e66f52fdf256101204238db09aa2d8338a3e80f2a0d1f6dd9aa0570e561,dense_v1_train_x2.98_family4/variant_4,23,0.3885346269607544,-13.40657704820429,381.8704943063469,-1.7471888566722955,-314.6019282653723,7.340550745071592,1.4032167625427248,1.186600619950156,1.6794755458831787,0.010289125144481659,0.7729780673980713,1.050016720493696,-212.3086302738142,-1.0542605091240955,3.2529683113098145,0.007814903743565083,0.49798962473869324,39.36969531938457,4.340699623211701,3.5534978013514693,1,1,0,1,1,1,1
pi3_causal_upstream_000765,upstream,141b2fb3ddc05ec586a4253f68327877c78f26234605147ca91a1abb3f50e441,fab939849f33166a8a04a75b7313b17db8c4ab02d1661c2b7b3943199206a0d0,dense_v1_train_x2.98_family4,f462df120be9361bee55e6c374affd6444c21a67b5c3d022ac3094b88160dee2,8af920805133daa1e2cc8400f098ce6bf9cc0dbf96092f9eec922bace780ec2c,dense_v1_train_x2.98_family4/variant_4,24,0.39987550735473637,-9.323635103890531,352.4676774012226,-3.7013217730253993,-228.65315001424966,4.25328828096324,1.415935745239258,1.1965232940770698,1.7191518545150757,0.010115991346538067,0.7206467390060425,0.9099334893198485,-222.70772988894203,-2.149772799514129,3.2875008583068848,0.008023053407669067,0.5141557455062866,39.7248719864144,-0.37056481642560735,3.470370299492935,1,1,1,1,1,1,1
pi3_causal_upstream_000766,upstream,512e72435925b44f42c1e77113fbd769f8676a7022d9a413ee16f054d9d71531,47cb8173bd7da147a18c8a9e51a0525e153400f7a90d5fda84142476a8f36b26,dense_v1_train_x2.98_family4,e71768078c380926178f6243618315d657dab8cc705151fd861e24b6eebf40e3,a0d9a272c75b66a52146a4a4217b2870e379ae3febe49de5f1a16d972d6cffd8,dense_v1_train_x2.98_family4/variant_4,26,0.31365878105163575,-3.854002967958218,125.73396080790826,-4.152890338490684,-19.528825648481682,-1.1012557193666186,1.292777786254883,1.2151401649493714,1.748748779296875,0.00383623200468719,0.6812089085578918,0.2989222418498296,-121.90768883486713,-0.9780973898544006,3.357579231262207,0.00830130372196436,0.5441949367523193,40.58213585933187,7.1756678221948125,3.306358518210148,1,1,1,1,1,1,1
pi3_causal_upstream_000767,upstream,6837211b4b47ba3512610f28e628c48b10d0668b46b2ec9023acbb5427a98541,0498a8177348a9d5225545a7382aa82d503afb12e26ccf0b3baaff8548986fb7,dense_v1_train_x2.98_family4,38b2314da8d84140ca80a21f79a14e824b39deec917484477dc3f94f808a63e3,9fd01af82e573594e6ba899a3cda6c1a49e3059c050ddf1b0f74f5a57a95a551,dense_v1_train_x2.98_family4/variant_4,27,0.32845644950866704,-4.7247325588243685,124.70476058301406,-0.859550865711514,14.79424438376098,-2.2602444424452863,1.3084348869323732,1.2157483845634818,1.7589807510375977,-0.0029672395903617144,0.8406969904899597,-0.4148453063407702,-134.75334855031517,-2.3469281308972514,3.393022298812866,0.00831542443484068,0.5599048733711243,41.080408404568054,8.28291405741381,3.270984582605102,1,1,1,1,1,1,1
pi3_causal_upstream_000768,upstream,ab3335e10feee4936c75b2f05489ed081f3bc9dc57849e5b2d6bf167753663a4,b9cf436abaa69bc4fdfdd84b4b845b6c1f4264e141ed63299c3429c1587fcf5e,dense_v1_train_x2.98_family4,b55e50b466060a1264317f559357e3f15377d43d62e38abfbc15386fbaf90f8c,a5fbf6ebfa7c63c31124e84665cb619615c4cf7fcdca93ecf65ea905a2e65dad,dense_v1_train_x2.98_family4/variant_4,28,0.3064951992034912,-2.4012020947026422,158.2051309146341,-1.9478070939646142,-118.17818698198673,-4.249293722246815,1.2763664627075197,1.2088111138353261,1.700277328491211,-0.009026981890201569,0.7359217405319214,-0.5854135927710888,-108.49062915383415,-0.9123747483395992,3.427325487136841,0.008170935325324535,0.5756269693374634,40.236794664706856,22.69612438549458,3.220078306494915,1,1,1,1,1,0,1
pi3_causal_upstream_000769,upstream,381a0d71d4cd4e0643e18793e065a8625c5cb0bc20707ab07c21ecb5e00d8322,9cafd2fab2c99d43fc2db8e886dd13badccb3765b436d42cda3d43b01b6557ac,dense_v1_train_x2.98_family4,32fb62561b125e3c0d2383badd308afa54b4fbd5a4627c91b6a37bf5ef409c51,1861c756f5f4c52ca74515f2a5b600c8bb75b078a31d520d1ec1e04a1284479e,dense_v1_train_x2.98_family4/variant_4,30,0.2603263521194458,-3.5420502993171645,128.67852366099245,0.6707396242557673,-96.12976260529528,-5.468373253098838,1.25827205657959,1.1367160076642115,1.6602874994277954,-0.028076689690351486,1.1545367240905762,-2.8935517987113686,-93.70727892179934,-2.4779911367767453,3.495234966278076,0.007405348587781191,0.6155551671981812,39.11486096145139,20.196466394566674,3.190277606376814,1,1,1,1,1,1,1
pi3_causal_upstream_000770,upstream,68607b9d80649ea97f446a77842d73ffda456441ccb2e9c158471679aeb8615d,3efa1bf6be5b5f84d7f267a76025d5579e81264b549b812e66458db9c21f513a,dense_v1_train_x2.98_family4,0ca538e7559394a944ab742f15cb203feaa825a1216520b5ca692b2df3ee8792,4320733f63755dd1c31d314ea431292fc51ae01f38d63fa64d3b17b7da3ce012,dense_v1_train_x2.98_family4/variant_4,31,0.1461726212501526,-5.585325295188574,0.24834455764375293,1.5703326340590398,-95.44591040521526,-4.724592853175762,1.1314554023742678,1.069249812698992,1.5981196165084839,-0.03674701228737831,1.1663683652877808,-3.4807608774605243,10.103855296743903,0.315554552891604,3.5278189182281494,0.006717054173350334,0.6400173306465149,37.91872408305291,42.25327824355889,3.231905293142998,1,1,1,1,1,1,1
pi3_causal_upstream_000771,upstream,bdd02aad21d4a95068fdb62a56b449ccef79c2de9478095ce84a3dde507936c6,7641f45bcb96d68d4e4fb5577d06d8fd2defec3eadc1cde66d5423166b025d9b,dense_v1_train_x2.98_family4,188c04a75db2b5512c4a0fe2ed76f91160bc132be7a470e1dda93154d6844d6b,13c2888a3242fbdd467cbb3ae7b1988949ed9f7e7c0366468b910e499eb7472f,dense_v1_train_x2.98_family4/variant_4,33,0.21326576232910158,-10.869458884773449,96.70978226961276,4.343457738975917,-99.35287423311094,-2.671733905600648,1.2266356849670412,0.9078282591336114,1.5985512733459473,-0.04297539219260216,1.182656168937683,-4.3838279989521,-67.7891152481888,-3.058564473303822,3.5922751426696777,0.005114383064210415,0.6876997947692871,38.03335514789323,23.201592535021373,3.2873849661508228,1,1,1,1,1,1,1
pi3_causal_upstream_000772,upstream,b62087f6196642799f1bc7e10969468cdb2fc9701ed9fce3a9313a5a35bae6df,637e77235a2b17a51ca279416398c3178a23d5e8a8571e1db80057ae8f45a508,dense_v1_train_x2.98_family4,8316de6d80de36a9b67a60c67023ad3a0f4921b59170f53a295820de510a2933,a1d9564e69360526f96723f11345017c45f40ebab5e402e9d5095326cb229489,dense_v1_train_x2.98_family4/variant_4,35,0.1441496276855469,-16.628324345733237,-22.442046471011984,9.500617258116609,-23.82744106112235,-1.2540564179200564,1.1470078277587892,0.7129605417696372,1.5546072721481323,-0.051989760249853134,1.1836063861846924,-5.139412980129706,-2.6740613218554814,-2.255385453329098,3.65582537651062,0.0031476838048547506,0.74037766456604,37.86079041851286,19.704185632779883,3.2441624592241483,1,1,1,1,1,1,1
pi3_causal_upstream_000773,upstream,d11e1c627d45f947338a60e4e4402eb51ff0002d5e2e9816d3064fd37a4a7ff0,4a22dcdc7a2ec34f5a76f7511a67bd72a6bf236bfa958cf07cbee07c420d76e2,dense_v1_train_x2.98_family4,02bbf20ab5322ca93cbe9f8e2cff4e81bb57cb35a368797fc4092be0ff9f6bb9,1c56d4b60fae4f1425bc0b393c629c44fec499246780a778b5c75318b0cdf7d3,dense_v1_train_x2.98_family4/variant_4,36,0.12307608127593996,-21.12174529123913,-168.92358285459503,13.797735151781751,182.5045260945733,0.04196588397638195,1.1058056831359864,0.6082958095605457,1.5610475540161133,-0.055806972086429596,1.328460693359375,-5.33909911004373,31.04386889096286,-2.608399298269564,3.6871302127838135,0.002056273864582181,0.7671927213668823,39.15393647369304,-6.08817705537643,3.2154983934719836,1,1,1,1,1,1,1
pi3_causal_upstream_000774,upstream,de97752a6ac6b50fe083ee8f58cb993577e9269c236ddf61a15537aeefe72cb7,293dd42e512b5173540fc6deb53b1f48a44aa3e3128fffad63e579d6ac97c656,dense_v1_train_x2.98_family4,1feb17ca5bd3605de82ce63f3e4ec8a26fc259274e9a82d02d5b8f446f17181a,846acde006819bcd1de085893f01c852a41aeb24605b7a40ab9ace84279dbbb7,dense_v1_train_x2.98_family4/variant_4,38,0.10242872953414918,-32.69168617917428,-219.5599552476716,25.13599260797549,247.53078201216775,3.525950641838439,1.0919512939453127,0.3768433903848197,1.5344129800796509,-0.05975355952978134,1.2030562162399292,-5.758351489224745,42.44700972917713,-3.181277786366387,3.7485406398773193,-0.0003235632902942598,0.8207011818885803,38.1397763253512,16.637808063395802,3.175224555836328,1,1,1,1,1,1,1
pi3_causal_upstream_000775,upstream,0d0f17c730ec10bb1342dfddc7ed7456352da01f1b59805f7f3f809c4e8a7193,3a63176c96225cdec8731d7e6080aaea5f82a3ed2afcf68a9648ac30ff295842,dense_v1_train_x2.98_family4,564954bc9f97ad9216c0f0f6a4fc1d40f53fab9fbe098b95514023f8dc53855d,e7ea43d1f4cfbe25d12562042fa4f5ef66ebd806666ad0e66d2c0328c4863f18,dense_v1_train_x2.98_family4/variant_4,39,0.03702410340309143,-41.67828559847054,-363.63752288305136,34.1308002071068,360.8998737806835,6.431274488188676,1.0096023464202881,0.2482607246806041,1.4910515546798706,-0.06448642909526825,1.2964450120925903,-6.421366062807522,109.79916362521436,-2.281457992938329,3.778447151184082,-0.0016158833168447018,0.8494430780410767,38.263525692733495,8.449867786391017,3.1549760897221737,1,1,1,1,1,1,1
pi3_causal_upstream_000776,upstream,11609b789026c755980ecd3191a8b9ec57de08fa63cf8050eacdfddda4e40e2d,a90ecc8566b1d6a1646f6e536d648e8d42171609f35504ce2f70bb9b3d258730,dense_v1_train_x2.98_family4,6106da70a55f66058d404f3676dabab4e85447d8ed115a6c4b6e754d1f5ee0f1,0157d536fe43e165afd55f7ee3e43296fbb70f40b7e7dda184d5f8a2ac71a428,dense_v1_train_x2.98_family4/variant_4,41,0.2108625864982605,-55.97731394664891,-224.6153744033699,52.07098532634605,510.2592267012341,9.012712616250251,1.235910930633545,-0.03244426578412408,1.5435377359390259,-0.061886705458164215,1.0227323770523071,-5.864811513383618,-75.45414478007388,-6.725662943162638,3.8381690979003906,-0.004205189645290375,0.8984608054161072,36.33677713919708,29.405207471333835,3.0266655497440524,1,1,1,1,1,1,1
pi3_causal_upstream_000777,upstream,8a6362c35277ef955a34ef1e757d1eafe90fc53c1f77c41e113f4fe17b1d4bee,43c4eff4a8ac85afc372c460b07fd7220d60da4c4bef8244a06538b9c51517fd,dense_v1_train_x2.98_family4,999be180c946f669f47b22e645cd2327eb941e46e86056a9acf6e924c23560a2,599fcd64e7715297896ce41f46927e925b26cabe498523c7827314c7498db4de,dense_v1_train_x2.98_family4/variant_4,43,0.4492293071746827,-63.79309258370533,-105.05771460528322,81.94826132216532,824.622344232466,0.8154068456249683,1.5296040344238282,-0.32533097095233676,1.519832730293274,-0.06826015561819077,1.2215230464935303,-8.054529607041509,-315.8454598264215,-11.611914107932176,3.8995983600616455,-0.006780289113521576,0.9457918405532837,33.79054408831886,28.46797062097198,2.681031500479937,1,1,1,1,1,1,1
pi3_causal_upstream_000778,upstream,72e291c6969b0630d720be958aee657663a6e3cb7902e9b0343f0a2fcd8ffcf4,7cb1e55b951e25de2c05d24fd27b1576e6b3b45bfddf7e265845b29aff900e74,dense_v1_train_x2.98_family4,1878728896d8fee3ae2c931fdf1c61cb11877c0a31eb0cb7ada73b40a53bacee,73090c9eab2929f6bf16193dfeb59fcbd85ab67ddffc1909dff23b071fbcac7f,dense_v1_train_x2.98_family4/variant_4,44,0.466840991973877,-66.28234819652731,-81.10546378990993,98.97553360222442,793.2220521649499,-5.45507622221901,1.5412941551208497,-0.5214441643823051,1.4527355432510376,-0.07508324831724167,1.2222411632537842,-11.746991344052933,-325.42876164708304,-11.599247522116386,3.928852081298828,-0.008225916884839535,0.9720776081085205,28.282995437869694,97.17858596367493,2.5194717086664737,1,1,1,1,1,1,1
pi3_causal_downstream_000779,downstream,97e066d3d38f9c2aad68ed06dc5af2e87a009576cac9aa9e519bd6cf0b121509,254a2cd8ad893826b3e278df8ef1a52ddf7b4f6b9f47aeb19dd3461a25a9e3d7,dense_v1_train_x2.98_family4,bfd136ad5e2b1f1a84255f3e312292593bab8656fccec19590b007b7ebdc3950,d282270f65a0f52fae8c2cafd2f333076d8029077543eecb3a10066a82a5bcf3,dense_v1_train_x2.98_family4/variant_4,46,0.036029633879661564,-69.1312474200963,-25.509059247988876,108.68475679042426,-269.68712337774537,-9.939968420882636,1.069681091308594,-1.0483721553226841,1.6391794681549072,-0.0833243578672409,-0.9293019771575928,-13.285167874386374,60.575827597819206,-4.187772968355585,3.9893081188201904,-0.011403967626392841,0.9787629246711731,2.6451608704864533,-42.5202908287822,2.3620567964341364,1,1,1,1,1,1,1
pi3_causal_downstream_000780,downstream,6a25c64e48425dffa21d79a6badea0f7bb91012ddc71b9224f53bcb5c9fee38e,25a6b526a59e8063fb5c3a8e6891f7b4705459710611420c48ddeed988884edb,dense_v1_train_x2.98_family4,90ebcc0ad9b440e8b2be4d83ad0312997b31a4d112cc4ca600ae5aa0295d3b29,d89245d72e97fb46dcafb9cfd822617cdc61325da9f584d61f1670ccd0acaf0d,dense_v1_train_x2.98_family4/variant_4,48,-0.4620228576660157,-69.18573866929466,39.25239706567336,74.67768887522682,-1275.3306268812198,2.0842838724885917,1.2527876853942872,-1.4702846367308355,1.6599743366241455,-0.0925854817032814,-2.2831828594207764,-10.845997184974456,471.9043267377842,4.912703206764528,4.057797431945801,-0.014982183463871479,0.9036019444465637,9.70416799444039,-114.62952121757158,2.068854960653439,1,1,1,1,1,1,1
pi3_causal_downstream_000781,downstream,aee15b13bc53668ad484696581eb257fe938eff59ced7ecba12396266784e557,157433a4ba68a6c21d4797524f297a46dfaa852614327386d25a9c6007ba0b61,dense_v1_train_x2.98_family4,0ce4d489105d0913935bbf114febbb42dbf88dd653eac2272d4843dd9910dcff,d3ea98c614f3cc918a84658f0f8dcd7cae32a11db8a82a857827bb7276be4518,dense_v1_train_x2.98_family4/variant_4,49,0.05670213639736176,-66.3860987700198,138.32717673163265,56.27475160953004,-456.48880834711883,6.928565797862997,1.7769643020629884,-1.659183547812817,1.586546540260315,-0.0738336592912674,-1.5582284927368164,-7.714654271299797,42.86308777794138,-2.517872397897038,4.0902533531188965,-0.016672154888510704,0.8645973801612854,14.28157038465982,-96.84421405285696,1.937398096975801,1,1,1,1,1,1,1
pi3_causal_downstream_000782,downstream,3c76c2987fe84041a514aa508eac9b490d33bdfe3ee0bbabd2888c36604f824b,ec39229310bcad68eaf5df19444d19e77d499427e6b4ec059cb9a4fb28d89283,dense_v1_train_x2.98_family4,67fad6f902301acf81ad7a4217f9a5f931a1345bf596cf3f561d8eafd2db9d47,b5c309d6f6874a561292d83c5a590ada217a8125ed205ff27647e362f299ec61,dense_v1_train_x2.98_family4/variant_4,51,0.3801391744613648,-56.20281947228605,327.40091046803246,40.60702848376198,-167.72167446634788,3.724349601698978,2.1190551757812504,-1.880908595871384,1.6994819641113281,-0.06755343824625015,-1.9056456089019775,-4.2616517095130275,-237.1236227738193,-7.251961888997501,4.155492305755615,-0.019557569175958633,0.7930883765220642,30.03851285646117,-148.05993675171234,1.7889625743853699,1,1,1,1,1,1,1
pi3_causal_downstream_000783,downstream,de797c779772f91e8a2e159ef3bdc236e3e3628144476ee62847b03fc0fdd577,eedf6af1fb1c70167b8914fdecf1a20bb693e418c910ba65ec828688d84ac243,dense_v1_train_x2.98_family4,42abde3a7d835f3045049d160c21ab4189af7023555147d541772b453a8932b5,c3a99b25d6e5a6c08d496e2bc3e2a9c62bf21140fb9d5ac5252a970a73b28a10,dense_v1_train_x2.98_family4/variant_4,52,0.09356220483779908,-52.97884724063498,99.94572782287888,33.665756532182726,-367.0522349774642,3.278113560658745,1.7847069358825685,-1.999182330313425,1.4840164184570312,-0.06872771680355072,-1.8822542428970337,-6.411187373396911,36.56733358972545,-2.3344692255209134,4.1862640380859375,-0.020944392308592796,0.7556431293487549,30.89355008770922,-42.681609651694146,1.7254424272545688,1,1,1,1,1,1,1
pi3_causal_downstream_000784,downstream,c6a663067c56ea10f013b019b6823b9799ebf1e55b2b710f442d88f982189c2c,b9b702af5fa8db646439cfa1992af043566c7ecb171e6d696ca5857433979946,dense_v1_train_x2.98_family4,0200d4b1a2b7120636aa0a79756da29dd8090b023ee1007cf5aa216fff55a6b0,4c3bac4f49850f75a3c82c39805f91846940742c2ca0c48fbc96a897cccb0444,dense_v1_train_x2.98_family4/variant_4,54,0.029573586583137516,-49.829242108666996,-18.906255613182314,26.78233969796807,-279.69927911601366,2.1379785247552627,1.7093188285827638,-2.213327598183303,1.4045041799545288,-0.06392877548933029,-2.0709822177886963,-6.469360094557909,98.2611367961761,-1.970840412836601,4.246699333190918,-0.02349145896732807,0.6764100193977356,30.726613434204936,31.818296229626416,1.5867491782795176,1,1,1,1,1,1,1
pi3_causal_downstream_000785,downstream,1bd023294929ddfd2ee9d72ad204da3bea32d091ce5516050d95f0942908d092,70e7cad5477bab18e5009bc0615536bd1666ac385ec92b71ec6b2ff3874718c0,dense_v1_train_x2.98_family4,fca2ac41094d21ad4a95bdce8a5f02d76df24ebb4c07af1bd43a68356f02ab4a,0df66fb0856d1763710e9795c4024dbc523946d7baa32d1d1e574b802cdfd247,dense_v1_train_x2.98_family4/variant_4,55,0.39540884971618656,-50.21436574011275,94.86047440088596,31.105169838763725,314.45532508502714,-0.10835452842544543,2.133864860534668,-2.2834560363899206,1.6634397506713867,-0.05302015691995621,-2.2401888370513916,-2.387838402704689,-249.25401141900528,-10.338943577786573,4.277885437011719,-0.024557147175073624,0.6350544095039368,32.718597124504136,-26.597460137514165,1.51561281187135,1,1,1,1,1,1,1
pi3_causal_downstream_000786,downstream,3607c58f7bdb935c01adfac8b4c2d279a57b53c4ec5cc478a416aa0fe32daf91,1a03a85bf7bb712bb54c09b323e91b4285836612b5abbe10484399ff4698e052,dense_v1_train_x2.98_family4,7474ed807098d4d70f2aae150e33d4ff75ad7c41af9e25840c36815ac7f686af,b47bc82557ab7c552ecc08b782c2c9e750dc5eb2ed6f05966034fe36bd0b3ee7,dense_v1_train_x2.98_family4/variant_4,57,0.3835965967178345,-58.84500985081379,-127.63757551072584,43.63202022941766,702.056074897448,0.16986429741682735,2.1185467529296877,-2.481259234484747,1.5096491575241089,-0.038041867315769196,-2.1237878799438477,-2.4563405043248623,-236.69796538474412,-11.259299615614744,4.33441686630249,-0.026423361152410507,0.5523548722267151,30.635013767245898,-12.205099815648504,1.280284099675398,1,1,1,1,1,1,1
pi3_causal_downstream_000787,downstream,b4c01c5cc077494201aaa083f3464a7907fca26fce3afa48140be5aff15be0f5,517ebda604f977562cd2efbb5cfd8a57e327ac5c242ed77f99839a0dd0ab6692,dense_v1_train_x2.98_family4,b14b792c45253947e15fb171b6200547b65131cd6205791356e0a18be5068a46,35d7ada03e5e0a04396c6471c7b11c1d6bcc6878bbcc299f9ffc6eed38dd1436,dense_v1_train_x2.98_family4/variant_4,59,0.5992691230773927,-64.86539813245149,-93.78885870124599,61.33480504858019,1024.7877041243196,-4.15971530595565,2.331277389526367,-2.682446160605896,1.358881950378418,-0.023290690034627914,-2.048309564590454,-2.907556888161068,-410.8003342718262,-14.73897107790265,4.390572547912598,-0.028146350756287575,0.45844537019729614,21.471227288048468,-38.456406819800065,1.1839605513486728,1,1,1,1,1,1,1
pi3_causal_downstream_000788,downstream,98dc10016c657110e852ff81c1324b5818b33a8abb2a6778026bba24eb733621,11f4b61dc276967811f210a898a242d47b3de58093c54671502ea253668574ec,dense_v1_train_x2.98_family4,5e6bb0d61df65643255fa458df613d0f33912a8b9bbbe7bf3e05a0e0a7d052ac,efbd04296561aea3fb6f85fd4e48dea577fb8227953285355e3fa0e30f6029d0,dense_v1_train_x2.98_family4/variant_4,61,0.29033204555511477,-67.78173181369601,-46.3591679159366,75.96006372208589,253.32056944704746,-9.95941475538095,1.9763414955139162,-2.95400271655772,1.4137922525405884,-0.05181262642145157,-3.0369489192962646,-7.076145989572202,-120.27016464173491,-8.27592421257195,4.44636869430542,-0.03004330024123192,0.34848010540008545,4.264465747451073,-51.59457621664308,1.1703129595292798,1,1,1,1,1,1,1
pi3_causal_downstream_000789,downstream,9aa85fc489696e0074023f9349dfa152fa7c7af32178d79761a354df09bcbb0a,fe4e82565c08b37347871442b0c47bdf4646ed74d90375d5b95e4f39b0704740,dense_v1_train_x2.98_family4,7ab9d9bbe9cd909fc582205dd492ec8f6c294488f95950f64cfa2c606f6f9de4,89c58ae7bd74142529405199591f818aaa670c1e36a02ec08dc9d6f8b90760ed,dense_v1_train_x2.98_family4/variant_4,62,-0.6711393260955811,-70.87572554544175,-783.4187089699873,73.57929200385122,-370.1943405617235,-7.5964945512586874,0.187473783493042,-3.13727009858106,1.3503671884536743,-0.01076800748705864,-2.1368248462677,-19.11080782599315,677.3341778758302,14.850726633102399,4.475892543792725,-0.031229879707098007,0.28300952911376953,-7.795268432752519,4.6709755549617835,1.0343846687158755,1,1,1,1,1,1,1
pi3_causal_upstream_000790,upstream,0b516dd880c0f6da4d3319d87b97e8bb1adace256aaa35688e13c8aa83e0d155,091536e8ecd6bbcae413af2ab5858b8aa1d2f9a98b69c90c8e16795558e29f83,dense_v1_train_x2.98_family4,06c1fe2c5dcc00e6e338ee0858b0ffb3de5bc4750198f452464df7e859bf89aa,286e1451cc3a4d4eb23fccffb2c7a9501c176f8e411d8bba157536e60a69b1ec,dense_v1_train_x2.98_family4/variant_9,10,0.5378655481338501,-52.29177802145588,697.7630551172848,109.72565029917752,-912.0139043231055,-0.0623017181002528,0.34256808757781987,0.7415162671179456,0.39296117424964905,0.024154096841812134,0.0567081980407238,9.113095376498533,15.05637509127502,11.832098916205876,2.8604094982147217,0.0051591782830655575,0.11896967142820358,6.575777003147647,-63.15912808532309,2.9669562303450925,1,1,1,1,1,1,1
pi3_causal_upstream_000791,upstream,de70ecd595ef916fdcd69deff466a091130ca9115c0be3b7fed10569d3989807,518fad38f901733b8449c51f19a6535cbb0ce63f0999917961ec4909ab0c8184,dense_v1_train_x2.98_family4,f98dcdbc41bf96d4dd37e3b5a97d7e8028d934a3537e63a331d64900053bd10f,6e8b97f43218a86eeff9e8111ff4d3688fc3f5b6c699b4a8c3cd6c86ae0b1e16,dense_v1_train_x2.98_family4/variant_9,12,-1.1164836311340334,-46.33311757444217,-228.24878915500656,68.42182982195294,-1304.781856167181,14.579154802942861,-1.0100386714935303,0.8516469758157142,0.7577857375144958,-0.09703772515058517,1.8735135793685913,-2.704256094072227,709.4124618411186,-27.840853387232674,2.88360857963562,0.0043345000594854355,0.1584063321352005,10.88826581065308,22.24894677789197,3.095800975642874,1,1,1,1,1,1,1
pi3_causal_upstream_000792,upstream,2cc077d0991c8e0dd7dc0614d746f64f8561ad5a3f49efe315e5f6fc21895efb,ceb90587a169ac82784508655628bdb680530694b25a5d5f25de08e373d45f2d,dense_v1_train_x2.98_family4,2b14999480f7896f4fb6566927624307394752a14fe1c920637d11160e7947aa,38f638255d8802b0a28cfab611ef1204e0cba0656c7f1ec8bc30dc7a8b0b720b,dense_v1_train_x2.98_family4/variant_9,14,-0.46738499641418463,-59.97136268646225,-282.79002167771444,45.180314831232835,289.1256778310616,35.276402388418504,-0.2742177414894104,0.6280152749759731,1.640425205230713,-0.04816097021102905,3.11643648147583,15.53963658826281,107.1662964549037,-38.076057490584155,2.9321365356445312,0.0017092862399294972,0.2706730365753174,13.327660188760317,-117.31623076910945,2.063176031909921,1,1,1,1,1,1,1
pi3_causal_upstream_000793,upstream,3a99ca3753e65b5d26870b5ac98f180b215ddfd933db0181120fb44256bc603d,85f2298cfd8afcfeef69f0cbbd82da291fd596f49c08a6abab2f3bcb7347d881,dense_v1_train_x2.98_family4,16925950d8b4683d639cd658f035009cfeb78eb406bb9f1710b5f1994a3c997b,1a938de10d0b47004f469fd8251c08dbd5f05240de15a5dbcf3f04daea4bc041,dense_v1_train_x2.98_family4/variant_9,16,-0.1741482949256897,-65.41402624734359,-40.67766288506367,73.30973858825666,451.1857948340076,27.53360064991242,0.7575098609924317,0.0540864338369243,1.7327637672424316,-0.06691046059131622,2.74157452583313,6.856662556348898,-162.934476839356,-37.99296140914178,3.0049192905426025,-0.0005106279859319329,0.3942360579967499,45.02875634864484,-41.374407067202085,-0.11824599515048992,1,1,1,1,1,1,1
pi3_causal_upstream_000794,upstream,013ebc4d8d705936632f5014fc91b6f3d2e69d0d663e2e1f9b6b3396466bbf65,e1f115eaae1f6827988c018dc1dffca174a5db98cab05c2973775e81031df8f0,dense_v1_train_x2.98_family4,6cace87e9600014f8d0d276515d87efe37912284a4038ec7bb4eee83675931f4,b262ebf8d329c84452fe36d74737ffffea70d1df33ac0cdd526275ce43a5875e,dense_v1_train_x2.98_family4/variant_9,17,-0.33008789539337163,-64.33683711334088,76.56991765269798,74.60227675660072,-181.5395569686339,26.10106902534416,0.5404210138320923,-0.18679725573480577,1.4536540508270264,-0.06438492983579636,1.7857660055160522,4.675941956262029,14.751531795786304,-33.03061382616866,3.036139965057373,-0.0018317368812859058,0.43738916516304016,37.83054292577346,-164.17295406041939,-0.8799750342461032,1,1,1,1,1,1,1
pi3_causal_upstream_000795,upstream,1699f2aa992d47d9d5e23f0b0fea8ebf0cacc938ca48b1e0e14118eabe91590d,08e162a75aef5bd1a93a147fc7830d3a2ec2da40309bb76cbf55cff585a0d387,dense_v1_train_x2.98_family4,80332fac33632f25b5bc5cd494186a19461778ad426440b302306bbffd7ef09c,52e0151ee38ca939fdaeeeedc0aaba99600eaa6e11461c326439719740dcb162,dense_v1_train_x2.98_family4/variant_9,19,-0.22947167396545412,-51.532059495169946,411.4980517559214,49.46601264860571,-597.6058168263783,26.428923984057842,0.6602986907958985,-0.616132148627431,1.2987885475158691,-0.05081140995025635,0.8841989040374756,9.521100141663831,-83.39372059583677,-40.79857430884582,3.086852550506592,-0.004099768586456776,0.4777471125125885,37.41834442445777,10.292456456521819,-2.4544965434416786,1,1,1,1,1,1,1
pi3_causal_upstream_000796,upstream,8c717210169b472db81232c71a5c589e6c2a10341c47124cbcbd30eb75d8635e,848b6e5cf9892f9ded591002533bf4001faea9ea660b32dc0bd99d8227ca6b4b,dense_v1_train_x2.98_family4,a4d4bd98de9625abc37dcccfff75c39e39fc2c18f781a3943c87e656be7dd20c,b3c8215b0e4c6fc35b4f68c97e9825042185241b10c1760c2a9ece287c5d16d9,dense_v1_train_x2.98_family4/variant_9,21,-0.11170323252677919,-31.75308499852572,513.0125032764229,27.272733619996643,-513.1196006426087,19.516731632544566,0.81273175239563,-1.0197119326675783,1.3812534809112549,-0.04321892186999321,0.7225744128227234,7.767357718482908,-208.1939057517451,-54.05962222395194,3.1403486728668213,-0.005969759542495012,0.5085927248001099,38.53724552372175,-20.25065199279968,-4.4330654686982855,1,1,1,1,1,1,1
pi3_causal_upstream_000797,upstream,af622bf96f9ebaa80a46e047d03430d98f4b5fc787e273c12f962fb225617eae,0fea151fc2f06d60fc690c40d594e7e6d846df7dc7252365d7826859f2602908,dense_v1_train_x2.98_family4,e6e78fcb2163132bb46c165d8f288a85d6969dd24de6f30fb2afc172aa88f7f4,6be4f8769560e1d8534da5b0e8aaaaaed048d47418b198982fc53676fd968d8a,dense_v1_train_x2.98_family4/variant_9,23,-0.1641992020606995,-15.533547474617745,360.83834743664005,10.377087622980156,-346.3452051122499,13.114346581976044,0.7480027675628663,-1.4522695914816588,1.474796175956726,-0.037558965384960175,0.7621522545814514,2.4004151288442097,-155.28252028954233,-62.18739707210538,3.197145462036133,-0.007524595595896244,0.5392348766326904,40.16613294264849,6.909731845539427,-6.72763942379858,1,1,1,1,1,1,1
pi3_causal_upstream_000798,upstream,abba592f6bdea8dfcf5004f670aabf2aa32fb43bb09cda409bf4f49a20d6b58e,d9e99ac6024d2a8d29a4066caad40774dd3c38c1a22f9289811a2398195a6715,dense_v1_train_x2.98_family4,1a8c7bc76f3247441e2ca182e75fa3015ba2aa04f1c679fc71b79d415bd44286,08064d76e80cf0745122abf73a68a68f65e6983483772cee43d9063ba02578b1,dense_v1_train_x2.98_family4/variant_9,24,-0.14144754648208618,-11.153990051444195,353.4866596631185,7.372965520333446,-266.3784431400078,10.697474707872107,0.780870475769043,-1.6873701575376987,1.534139633178711,-0.04089096561074257,0.6889154314994812,-0.1427941892843212,-182.2149124133864,-66.27026559188556,3.2279245853424072,-0.008354201912879944,0.5551794171333313,40.337990747449766,14.753632078956082,-7.96312144665604,1,1,1,1,1,1,1
pi3_causal_upstream_000799,upstream,e5aa17e959f34e16b055fadc48d95800a297eb60b22c02b75edad56dcc45c655,9fd9a2d1162acba1724480752fd0fc61a18c9a93d36dbb25683b822bb92fc7fe,dense_v1_train_x2.98_family4,c7279bc3cd5dcfa9dfbcaace1b4224c85fb323ce0b5185d65c19f59bfbbf15c4,286f8140dabc663330e7cd42fc7279c5e376c2a57f1331266a3cd6bb6bd2f5ea,dense_v1_train_x2.98_family4/variant_9,26,-0.20046420097351075,-5.6443423984857155,190.5434538420032,5.82772230552998,-98.05444161151317,6.653681188112759,0.7032072162628175,-2.191099011523288,1.6174005270004272,-0.0451648123562336,0.6431155204772949,-5.1369617959913185,-118.60519674851759,-69.94149227076741,3.292093515396118,-0.010162941180169582,0.5844060778617859,41.41166233402992,12.69530249238032,-10.566754995729962,1,1,1,1,1,1,1
pi3_causal_upstream_000800,upstream,2e65f8609d5964a8403d0083469923a9c26a102ca38b314403d7b97466b156b2,f85a313964f6163129500c8771d362fb5eccacec8f34d37a7f217e538a20208d,dense_v1_train_x2.98_family4,af1185e6c87ecb11ec3550a3720e8cf2a76c6ab106dd890f59a116884655534f,4862ad45802b254b315c1a0b5dbb58d7496dc6dbb06e2ef813800d3308fcbfa1,dense_v1_train_x2.98_family4/variant_9,28,-0.25387368440628055,-3.6826817598936112,97.45004500204791,6.801907064207021,-33.51860352160939,4.417293743585439,0.6435419654846192,-2.725268027661525,1.6580733060836792,-0.04532095789909363,0.5164862275123596,-8.183969375776067,-69.77995829689661,-71.64199080804714,3.3579587936401367,-0.012018534354865551,0.6085644364356995,41.32614836562136,31.55186762557714,-13.29149615178367,1,1,1,1,1,1,1
pi3_causal_upstream_000801,upstream,aff1fa808401cbab305e23169fb60bf303517a9ec2bbf433b16d603277785e6a,da20e4058abbb79b5de5e502af3c861ffd77cd5448d9868a0c885a7c757d5b0f,dense_v1_train_x2.98_family4,025961c14cc19606fc83e353a0e81f8a48cf54c6f1506f5ac5e6f4484f9aa1f7,d42c92ce771ff4ec94c6a5f887c4179f01060c1b4f7d330116852b258107d7e6,dense_v1_train_x2.98_family4/variant_9,29,-0.23337838888168339,-3.9621107752543567,156.59278279878257,8.223099529531071,-87.52556840215512,3.9218881998734534,0.6759686756134033,-2.999416819683766,1.6655704975128174,-0.04506360739469528,0.3871484398841858,-8.875041085808787,-96.31328295810435,-72.77162896468639,3.39151668548584,-0.012950358912348747,0.6187588572502136,41.36384076455607,26.63872643293209,-14.688103912043664,1,1,1,1,1,1,1
pi3_causal_upstream_000802,upstream,9aea3b6c0a3f5389db994d870f434087c29a2e88492f5dc22484518ffa370a06,cf4b93188a209a3abc26ee34f27327c1020a6ab1bb7861de40b9a2cbe72a1e90,dense_v1_train_x2.98_family4,52e793bdb93be8d2f3f95f93b2bf9a4480f8da48477ed7a91ddb23268995116f,c909b4ec06794c5414cce59c87127dc74d0c45ebdc1cffc1f1c9693c33808dfa,dense_v1_train_x2.98_family4/variant_9,30,-0.24867283105850221,-5.034039809822511,116.92886342052135,10.76547266975459,-43.882650605916695,3.5960563506380683,0.6590903854370118,-3.2797773846240768,1.7044254541397095,-0.045629315078258514,0.40325650572776794,-9.45735227859281,-82.53700996824207,-73.07459566570064,3.425877571105957,-0.013931291177868843,0.6286411881446838,41.654697540171895,28.37225234994342,-16.109757558607786,1,1,1,1,1,1,1
pi3_causal_upstream_000803,upstream,a3b1c1c402e9a9b972d0d0ca0526451c9ec4ffe7ffe89458ec90cd397296a1ab,c32994234fdb19ea9e49b2aa1549d4c8c08c3da107a11ca772abc9263640b1f0,dense_v1_train_x2.98_family4,5ca370e3215c49665a04b6e3f15f3b36a85d2418463ad8738318ee2e6bd22b8b,8bd417303f49814f60c1933bb5de11faae2707e625af2c32286bb6b41021c310,dense_v1_train_x2.98_family4/variant_9,32,-0.27772226095199587,-6.959602044877452,79.71838214307458,14.357960927884537,-18.593806902052787,3.30400480651264,0.6364857292175293,-3.840782403751412,1.7446755170822144,-0.04321867600083351,0.28994908928871155,-9.826154319243171,-64.04664969626371,-72.88526282190789,3.495227098464966,-0.01566818170249462,0.6452310681343079,41.3236109503447,35.04681053707555,-18.95435875546126,1,1,1,1,1,1,1
pi3_causal_upstream_000804,upstream,4045df68e220440faafaad7571f882ac46addd35f39fb602db414a78196857a9,b0905d937b89aea76896cbde2fbb6659972558a35e035d4e32e2ab95fd74d7be,dense_v1_train_x2.98_family4,a225240c3b232210e6b21a4356f1f315ec22971a4e7777ac77f792bbc6a0bbdc,41414437d45e9e50bfdf877a3ee839da885a50089e17cd63a8e44473832c8eb7,dense_v1_train_x2.98_family4/variant_9,33,-0.3061710929870606,-9.016956195062374,36.29703568351137,17.10423997426868,-8.176593625246099,3.625587081909768,0.5996002388000489,-4.120491474731128,1.7516008615493774,-0.03835200518369675,0.21731813251972198,-9.157138143814068,-33.84963205482864,-70.97260494862921,3.5306296348571777,-0.0165006872266531,0.6523270010948181,41.66684844670535,25.46738143367346,-20.395423050885924,1,1,1,1,1,1,1
pi3_causal_upstream_000805,upstream,78cd3a7535a3ca2df5c910f5c50bb0c753ade1f94ef915d60c799c0b1c0d4ca1,2719133f2fafe14e59320abe03b64932fce6acc7654fad46a2dd8a2606fa1739,dense_v1_train_x2.98_family4,5a97e9734aa58952f3df54c21c5468b4fa38f0e92eed1d51a65371c3d93b77a8,1fbf585224ec128eded6364cb3572954ef951c665766b19c98c13c092fbc8285,dense_v1_train_x2.98_family4/variant_9,35,-0.3114775896072388,-12.410525438899453,-17.527059419743733,22.878978794859577,120.42717703037516,3.5085536559561303,0.611873483657837,-4.6635906904981335,1.825136661529541,-0.052359264343976974,0.06065941974520683,-9.005886165965075,-43.81689978987157,-70.64063043420991,3.602579355239868,-0.01829615607857704,0.6599535346031189,40.83814159470771,39.29465203097364,-23.203893218547876,1,1,1,1,1,1,1
pi3_causal_downstream_000806,downstream,a83ec1be405c9c3a320976bcc8ef9fcc1922da0b1a93943eda814c998fa2b672,ade4c233bab4f13c0b3e9e63d3dc8ae053ebf932dd546017886253dc7be79f3d,dense_v1_train_x2.98_family4,567ed406fa7899e409839078282dc4dc9907ee91bccae5aed03165b0e15ad99f,63b08ef6965f11187f0c95049f73973f8163b6d478642d65a3c0e9282d20c62f,dense_v1_train_x2.98_family4/variant_9,36,-0.3146212530136109,-15.385740473431376,-6.894073209980349,27.578847330670982,98.49065164285604,3.714477100481474,0.6125717639923096,-4.92785214030682,1.826263666152954,-0.05136243626475334,-0.07823046296834946,-8.439380884694108,-44.39397905775136,-68.22476520401973,3.639474868774414,-0.019300661981105804,0.6620734333992004,40.78787140241641,30.68247333669373,-24.590465976000242,1,1,1,1,1,1,1
pi3_causal_downstream_000807,downstream,58c76e96010220474fd87416656f99dc8a10b0a7d1f08e6c9b7d76f530795333,32fda985724d38f32eeb4519f37cecdf68d6a5909d8e6fe5120f3f717b3240ae,dense_v1_train_x2.98_family4,7239fcc73eb96fb3e7d4082c24cf599fc4cee5432468fba96c184ee823dd464c,2b8bd3be4834f6f5fb8408430a4bdf6cb2deb14b0e97d48ee3b820adff1f6124,dense_v1_train_x2.98_family4/variant_9,37,-0.324419641494751,-16.027750934655895,67.50719919019653,28.894046359133835,-44.15585475762262,3.3891653746784236,0.6161997509002686,-5.178414506347452,1.7820683717727661,-0.038348015397787094,-0.3373568654060364,-8.478425661084486,-47.3183279659869,-67.45565858271961,3.67549467086792,-0.020096221938729286,0.6588169932365417,38.57113009219419,67.4141583533226,-25.88704788556329,1,1,1,1,1,1,1
pi3_causal_downstream_000808,downstream,27105eeaa3b451385a3ef682a55491229983f40c96fac65a814983df0e679aca,421c7d9595825536402097bee59b4e5015089903d72237b3da22b3e1a6c79ed9,dense_v1_train_x2.98_family4,562dd8746483420f8fa4baa6dc8d991550cc8a4e728c441496ede6df048ca052,8d8b8317e1b25dc19f08d7d0b679ae26cc59be09370c8cbc70fd1190f977745e,dense_v1_train_x2.98_family4/variant_9,39,-0.35839007854461674,-18.99981212933856,10.38633399156906,33.998806801396306,10.930537851426289,3.0423997908958014,0.5887441158294678,-5.663899886601465,1.8054925203323364,-0.03939139097929001,-0.5925567746162415,-8.170679535198515,-24.85696230490754,-64.64264517304986,3.7486681938171387,-0.02184768207371235,0.6453442573547363,37.84157026618845,40.37558410864152,-28.48973167042449,1,1,1,1,1,1,1
pi3_causal_downstream_000809,downstream,d72d2442f88cfc2b86db1752663dfdd97dc28c61f3d5635a40df4b0cde6d4aaf,0d4227202163fa32f73dfc5faa3614a9b3480e3322d70a2d40a0e849bbec5e5e,dense_v1_train_x2.98_family4,27795650a1f5e2552e5e174c9e4055610ea1606e36a636a50413f648a9dd9dd4,b3ea7cbe5d2c4539fd0b88ec231c61ac29e36fb198923f8e7ed9dc9eabf6d501,dense_v1_train_x2.98_family4/variant_9,40,-0.2963382911682129,-20.442735695280653,45.992482380155295,37.20902644715356,104.04036475859898,2.543934343424712,0.6701878356933595,-5.89208080967987,1.8640046119689941,-0.06798916310071945,-0.7298157215118408,-8.38121499372228,-91.54150789825835,-65.400222435031,3.7857446670532227,-0.022875091060996056,0.6343287229537964,37.96487567127468,23.760496669519764,-29.734039148655658,1,1,1,1,1,1,1
pi3_causal_downstream_000810,downstream,d8c92c4b68ca96520ce27bf17b44c63b0d7cff50c1b9221f6aa9d7610253484e,5f0474efe2f9722e163197ea32a2e9b71897d7bdde02716a8155911e0e2fca79,dense_v1_train_x2.98_family4,1383d6299d582b85cd4e3d88b49e797aed3784eeb64af9df23c24c927cd6788d,5f3640d01d7e6776e576c39be0f7b1aeb30714e74d495637b34dea0467fea06c,dense_v1_train_x2.98_family4/variant_9,42,-0.3429123878479004,-26.157742804032498,-64.4571372351923,46.07077000842198,215.866803661554,2.7769128671237877,0.6189252471923828,-6.325118725642433,1.894711971282959,-0.06774241477251053,-0.9060019850730896,-7.4196720614252865,-49.58025439266335,-59.409586457417866,3.8605685234069824,-0.02480928599834442,0.6063387989997864,37.54065603701978,22.45034515085355,-32.19476348128647,1,1,1,1,1,1,1
pi3_causal_downstream_000811,downstream,7d57c69b60186282a775019b3b090d83cf10da8be185b887fe4bfe33b4058cf0,c5948b51522d287f364de36e3d34dc4cd3baf8d7b906f82737ee27360a37b7a5,dense_v1_train_x2.98_family4,eaef96c0712864516cb0c886f2509c7099e62bb9d70bd9b7c68202ad7ce967d3,0cdd198f0447ce75940ac12faf2390202eb0dbaebff84e2b6905dfd468637f15,dense_v1_train_x2.98_family4/variant_9,43,-0.41159954071044924,-30.509136795937145,-152.73458652156077,51.72127622574681,230.14734951783834,3.55991092020964,0.6857094192504883,-6.532332356589967,1.882435917854309,-0.04873690754175186,-0.991458535194397,-6.466008179222725,13.750757110670403,-54.4833739902487,3.898289680480957,-0.025644665583968163,0.5896926522254944,36.36945276418643,41.21842945222109,-33.39345318831464,1,1,1,1,1,1,1
pi3_causal_downstream_000812,downstream,6dc0c917c4c0b177441d98674bbe32abf60a13f0d66e236ab02236c533baa0aa,02af2d47803d25ed60a9a75051ba6965e668743f5a532ef24ded30fb1f55db27,dense_v1_train_x2.98_family4,696d6f9188e79e5476c0ee7792e21587db4aa954699b890d9650f17897ffbce2,19e235f22f539b5b464ff4da218dee03686621a3dd28923b8d8513f0f03e1cd6,dense_v1_train_x2.98_family4/variant_9,44,-0.38241008758544925,-35.863735312754926,-185.4246641911855,59.61815994410255,378.00214836801854,4.201340428598102,0.7291610145568849,-6.735384681752124,1.944385290145874,-0.06476711481809616,-0.9699252843856812,-6.042410945955936,-21.83448748396101,-51.40347435385529,3.9368646144866943,-0.026585320010781288,0.5729612112045288,35.420718997904146,37.87152064569895,-34.51560886876962,1,1,1,1,1,1,1
pi3_causal_downstream_000813,downstream,70de8da168522d0e6f2095b8a76d65fbce4f708c2ddd9335c496ab44af841a9e,19fd0a203b0cb9c79b9f4ddc694272bcc96d562973a0869b6ba14db8650a3ad2,dense_v1_train_x2.98_family4,465f8733a18307127961c265f37d8d212d1d276798075f8684aa74d28e45e8ee,7a9ce2f3981cba02d6f361768dafacefc27359a8e84ed827cd883d11ff1db367,dense_v1_train_x2.98_family4/variant_9,45,-0.4475363111495972,-42.53939145279614,-270.9109020317149,68.60094470274734,404.5397828785925,5.39075463502558,0.6639092540740967,-6.945823793369111,1.9380264282226562,-0.04017740115523338,-0.994931161403656,-5.613629172222284,31.540348511541918,-45.89634746758737,3.9756686687469482,-0.027238627895712852,0.5560295581817627,33.161063609126735,59.375387700243614,-35.60293911036416,1,1,1,1,1,1,1
pi3_causal_downstream_000814,downstream,3860fe46560bca4ce42eb2fc1202d428371dd6d70999a4acf99514d33da6f247,0fff77209c1e4e7dad2a431735a6fd9566601398749fd4680965a6bbca1536f4,dense_v1_train_x2.98_family4,1480842e85bd2fe368b8439881723d0d98e79e4a10c05ca8d87b309f50d2c230,67e2a10322cbb926d7bc326059bc3487ff229056f243624b202ea2fecab36710,dense_v1_train_x2.98_family4/variant_9,47,-0.3488979053497315,-55.600383127112586,-211.91879039674657,91.60356699705709,543.0264308669666,5.250660694932739,0.7995085525512696,-7.381079356217479,2.004302501678467,-0.04912863299250603,-1.0433671474456787,-8.409139368370232,-79.46100012458098,-39.55716352153391,4.055464267730713,-0.02855176106095314,0.522849440574646,27.69175548029317,79.793404940918,-37.263157593729005,1,1,1,1,1,1,1
pi3_causal_downstream_000815,downstream,147a774eccfc275913ad85fe96eef710a19e9d6243f5487f56f94377d0b793cc,dd00421eadf2abd9cad1b70238adfbec205f9db5ba57d4090634e9b11bfc04ad,dense_v1_train_x2.98_family4,2563933b2220ff3a6f9ae3ddb0752f67b741e35b68bdcef99586caf2cd614a86,91f8c55bef79bc8c947a401cdf3e3bb3679a5045be15e779a0371a246e8542e8,dense_v1_train_x2.98_family4/variant_9,48,-0.2579361939430237,-59.96596683701794,-147.13473298712077,104.3932464820677,634.7182780590462,2.886191595507399,0.9073381900787354,-7.622566925252446,2.0509912967681885,-0.05763959139585495,-1.0155951976776123,-12.443816634687742,-167.69367069075085,-37.27891635783572,4.096197605133057,-0.029407337307929993,0.5044026374816895,25.686027741836615,54.71429927099225,-37.71496512725055,1,1,1,1,1,1,1
pi3_causal_downstream_000816,downstream,d6dc36fd9ad96c2d7f5530b59b35bf782f94378594dcf89758f0a1f9ed2745be,dc451d65a375b800525267e024f97f0cac061f42d70a0e020d48abe4025a5c73,dense_v1_train_x2.98_family4,e5f51a82e2949aae2ad01c5cc4dc44d5c2c7cfd708e16538932d3f1ce0539b98,69de48f4ffd75cc28579d16f407988b9410609f42a88ca17f7eded64e05ba336,dense_v1_train_x2.98_family4/variant_9,49,-0.3062282037734986,-63.05306207770196,-104.09289574350555,115.14473604704398,446.6954372283444,0.32426419790341876,0.8585345363616944,-7.920565740208628,1.979641318321228,-0.055520348250865936,-1.4915703535079956,-16.202149569828414,-127.73949559352077,-33.76950027548605,4.136266708374023,-0.030274368822574615,0.479789137840271,22.516920712240957,68.13645768824063,-38.059167300024434,1,1,1,1,1,1,1
pi3_causal_downstream_000817,downstream,5392f2b8c50b204670f09c6f9848636550678cd96903409faaa0384b63c8396c,23d6599774fbec228e72897c4edf21ed2c9e63e0184f8b7b446a63ff99b7450e,dense_v1_train_x2.98_family4,e3a68ebe8f59fae7f3cd0b89bd07dca9dfc79478f5875a1818c74e66977437b8,cca7cd9715f826d70391a764e3ada683bcd198dadfe0f5c44ab33ea1bf67a739,dense_v1_train_x2.98_family4/variant_9,50,-0.31629495620727544,-65.37715688620386,-67.69610173207157,123.32773980482614,358.67926999848567,-1.8432773291024407,0.8514163494110109,-8.274281180950755,1.9493149518966675,-0.06205252930521965,-1.8335732221603394,-19.56072092435835,-121.91126785399221,-31.795667812906164,4.175374984741211,-0.031174983829259872,0.4472433626651764,20.029060165556952,58.96757759546966,-38.395478455540406,1,1,1,1,1,1,1
pi3_causal_downstream_000818,downstream,dbae6d04a5f3e42d3b15e1ac14ee9a44757f7d3cea809e598951b85883c79e30,4b89f528d5db86e897f8d707f0e93e89d0fa06e5ee69818848ec10c7d2005e6e,dense_v1_train_x2.98_family4,c25531619071a7ad35fa4e24e5f993cb6135828cf9b8342b2774ba3a4d0221be,2a5cbf7e9c5619b6c54e5efcbe1d09dcaca5d18d0d901bb25d2e983efc0d0f9f,dense_v1_train_x2.98_family4/variant_9,52,-0.4994885349273682,-67.60114844223006,-71.17298903849905,126.78321446820563,-79.93098544136956,-3.1991127196565086,-0.14788130521774293,-9.01481525538503,1.7743803262710571,-0.08038149029016495,-3.093667507171631,-18.819005069177276,44.158607323858135,-29.124278375676624,4.249187469482422,-0.03433021157979965,0.34422096610069275,15.939480984917234,27.531864166917757,-39.38845481883325,1,1,1,1,1,1,1
pi3_causal_upstream_000819,upstream,90f90f75a23f5616e785a8e5bc2e7c76b2ac5e4a19eeca0dfd628d49dfc5a14e,7559593c75e1d979a35bdbc473ff7a34e6cebf3db96b68f46860de1eb1cbfa1f,dense_v1_train_x2.98_family4,8caff24ee8f5bd943ada5ebd2a789d96d292efa3cda4b8810cca1f38d4e293b7,4757bba8d2789733b52ea9a504e979c897587a23fab9f4b55ea2a0498de85cc1,dense_v1_train_x2.98_family4/variant_14,10,0.5365427541732789,-52.28832194573585,697.8039269692782,109.72855312957478,-911.8550614437678,-0.0644012290552237,0.34264953136444093,0.7056152832694286,0.39427322149276733,0.00524767953902483,0.05698182433843613,5.328420109276415,14.953128244233815,-1.2687872527223814,2.8604252338409424,0.004968048073351383,0.11897719651460648,-3.1559774850201903,77.28158921326747,2.834885519195256,1,1,1,1,1,1,1
pi3_causal_upstream_000820,upstream,59768d5997088f9c7c594cb5f85146e34965d55b0357cd4c976944a3d3073749,caf7ee055111482cac24c9f5a1b02a0c24bef0d892cdbcfa8618e2f6105611f2,dense_v1_train_x2.98_family4,a8431a4a85ba6de83a2b27792fd28b7c4f3c6a0ad156f3d6feca2b28fc134465,bc8115107d1878cde4372c35eec35445fe54238609508a7202184a43c0dd4b5f,dense_v1_train_x2.98_family4/variant_14,12,-1.151974563598633,-46.70612103520574,-229.37682221719086,68.58304960712192,-1305.239642766112,14.82969799467776,-1.0144988536834718,0.9584650927092296,0.7301613092422485,-0.0015595938311889768,1.8849223852157593,2.375046952493136,713.3351760852403,14.559683734831694,2.883277177810669,0.00523737445473671,0.15916098654270172,-2.1578230312246354,18.696782249074484,3.195596497001456,1,1,1,1,1,1,1
pi3_causal_upstream_000821,upstream,47266218da4f2988f0b06cd092ee6b2cd4d6577815e316b35ca5f724164185ce,ed852d9505c5dd6f633508a536914ea256fefa0ca812cae2fffe546386d2df64,dense_v1_train_x2.98_family4,8c6c3c5e5010313a3e837ee1483994e28de7354ddac1197eb9eb2baf6c9fec81,1e9cb96deab9f3231e4640c762aa42218bd5c412e5ffc22695ba899e50cf7812,dense_v1_train_x2.98_family4/variant_14,15,-0.2912526607513428,-65.28785216280595,-124.36820984185086,37.30107690659783,782.3212888156629,43.0005026021561,0.8471518325805665,2.1166048712531436,1.794969916343689,0.06377656012773514,2.764758586883545,-1.7016854960914358,-242.40516217218004,13.382884829520808,2.9596149921417236,0.007135413587093353,0.32977035641670227,20.13711546577385,73.22054997807464,5.919250737076495,1,1,1,1,1,1,1
pi3_causal_upstream_000822,upstream,fdd56fb5a867ce99f7c10029f81ee490b5873f7317aa8343e95922728e184567,079714aef1f233d80f3a66e5e2944248e739ed7a44e8dbdff7862754835c79e6,dense_v1_train_x2.98_family4,2ac7d250c3415661a03e3f87a303ff2b7c0941546830fae2a0b2961035494638,e63a8511ed1c78f41991202c6d4413e5aefde6d719883a6e97e2088e969bc13b,dense_v1_train_x2.98_family4/variant_14,16,-0.4524661302566529,-66.3556907678349,-42.11986415850103,45.885685542292975,306.93020514810064,40.06292806920199,0.6767218971252442,2.2355255403937973,1.6376020908355713,0.055378060787916183,2.454927921295166,-3.0639391918503875,-102.91920286671973,17.296704459795883,2.993070602416992,0.008299225009977818,0.3811022639274597,34.129669810799165,75.03888293891544,6.137108182880941,1,1,1,1,1,1,1
pi3_causal_upstream_000823,upstream,a6d99e5336bdfe6539159ebdf24a1048f90f4324cdd84f9d4c606e8e1dda73d4,20bab0479a27f05f1ba7944b9f39a1126b10a944f35030ee8b24935894a53d54,dense_v1_train_x2.98_family4,59d688eb05b19c589afa862020adabda99794ad8fda3fc67b10a98465dae4868,a2323e429868a1741ba4bcbaa51fdab3c16bf86c7c016b7738eb51238dcec0c3,dense_v1_train_x2.98_family4/variant_14,17,-0.26644631862640383,-65.45829953354361,103.78865179711651,55.264751046392746,463.7142742247786,35.16010107787659,0.905654172897339,2.3004759077132784,1.7076579332351685,0.0659094750881195,2.2221431732177734,0.36329517395161304,-290.32462191720896,14.526553902262547,3.026982545852661,0.00954987108707428,0.4280032813549042,36.812066097876176,-25.98072649886057,6.2604592279669005,1,1,1,1,1,1,1
pi3_causal_upstream_000824,upstream,5141e048be0ab79be50d397ca0b2ca4c4bb0a81f5a1cc022abac453724157d69,10aa0c50fa279d43fb67c7cbdb533dcc60962c3b6303af983779aea60dc849a1,dense_v1_train_x2.98_family4,0f11efccd9cfe55f51f2aff5f3820fdd03a19d060261e2b39cf5bd1a4df230d7,d17ce96ebdb244fb846a2e117d50738583833eb248f831a332a1542794b080b4,dense_v1_train_x2.98_family4/variant_14,19,-0.2585991597175598,-51.56676368634278,527.1000689678978,46.68929486418541,-304.6074217359194,27.367334806075313,0.9216906547546387,2.534876045378779,1.4355651140213013,0.07462844997644424,0.9594642519950867,0.5821472148830888,-303.4720530505665,17.964217139833938,3.084808349609375,0.012241586111485958,0.48263370990753174,39.41189905826607,-11.87325592859708,6.731002410801705,1,1,1,1,1,1,1
pi3_causal_upstream_000825,upstream,9f717f8437ae1482788644a8b224728467a4e9c167eb77ce01f648ee0a21dbcb,b4870ae8e340f35e4aa304ad3be83ca646b3825659ad495443c7a40d44cc0a52,dense_v1_train_x2.98_family4,4934f9a95e09479f7dd9755018a9586450d3e1add98debb9732917b928f44b71,d6152598c521fedeb7f1e02795b6c10ada429afbf3a25de082e3a34a34b1e51c,dense_v1_train_x2.98_family4/variant_14,21,-0.30977381229400636,-30.152167204250183,549.4429291393301,25.068974791839324,-488.68205805651684,18.801824678038468,0.8557518959045411,2.753796364616881,1.3995424509048462,0.060339946299791336,0.7626489400863647,1.1724954592469532,-249.5128482677921,23.061372166455598,3.138719081878662,0.014746579341590405,0.5147814750671387,39.66527858590604,1.5144924224996004,7.271118013908395,1,1,1,1,1,1,1
pi3_causal_upstream_000826,upstream,3f928e27177c4b8da28a7d36efc8ab00cfbe8963964194fbe9ff83a641134049,a5215060def0492c0df662761c607884ee641857ebf6e4042a5e1e4227fca0a3,dense_v1_train_x2.98_family4,fce6950f82863561195f100471a077271c5969ff1fef983bbf5198968bdb38b3,c98cd8a6c27f7449ec77dffff72022a9fac030eecedb0b75b0ca6a796647f8b9,dense_v1_train_x2.98_family4/variant_14,23,-0.32232356548309327,-12.923486305945751,488.5187345730835,8.70331561592268,-404.8544633540334,11.315142544559396,0.8399152183532715,3.012196209699,1.479661464691162,0.050595350563526154,0.7465190291404724,3.4065662400539685,-236.44483857410344,25.235491388709647,3.1960220336914062,0.016782840713858604,0.547505259513855,40.15484605504504,18.987413628447698,7.95204788491023,1,1,1,1,1,1,1
pi3_causal_upstream_000827,upstream,6a7aa7dc618cacfcf8aa9d6efe3acfa39905bf6026ab0c5e0328355c74b3d304,26e4c313ff683a333e0fb2c1bf5031b0cce291e8b8c039cf6e94911a765e9385,dense_v1_train_x2.98_family4,66c0fa73fcb68128265977b9dcedd91e08300b735b41addb10df66f346fb1a73,15305cc87d374e70629186f70805e7dcf2013ba20bc32f7e0d98778cd754919b,dense_v1_train_x2.98_family4/variant_14,24,-0.3903482532501221,-7.916626380151659,277.8982948356647,5.689670948912505,-163.40701664689416,8.381546132336117,0.750665512084961,3.155545731083292,1.5693905353546143,0.04786223918199539,0.8316847681999207,4.268605695861747,-163.39619762724885,26.51270602765077,3.227011203765869,0.017751473933458328,0.5647032260894775,40.51210592977173,25.047594592189892,8.337880988074394,1,1,1,1,1,1,1
pi3_causal_upstream_000828,upstream,657504b85940fdea4ca72564f474027b3fdfac8b20a172387ba4b45e2f03835c,42a79985022826e8b8acd3a7d100946f87797c42d2824eb449e462e34efca817,dense_v1_train_x2.98_family4,fecd37161a238db02875df0cfcc9eb6806e8c526380969990ff6ef02dc21b368,fd3b573f702b868d8a5efecb8abb49233de1aa6697a3d47cb9f9d8e2b45cb62d,dense_v1_train_x2.98_family4/variant_14,26,-0.4340217828750611,-0.9493040870779772,193.43606627626028,3.243202842702661,-86.92753069880715,3.523366335139414,0.7049637985229493,3.449013543128627,1.6377789974212646,0.03826213628053665,0.8062997460365295,5.525244389928203,-126.03457109365887,27.688905583861985,3.2912421226501465,0.019529931247234344,0.596590518951416,40.52005968506021,50.18956190814185,9.187036811830126,1,1,1,1,1,1,1
pi3_causal_upstream_000829,upstream,f351411a63b0410b34323ae85bec1992577800dfaf5d439765571d23b162edb0,0620f8ca830e846704f15719544761d13a22a77d8a360bb2d99d19d9c759c279,dense_v1_train_x2.98_family4,1a9d60f7887d6e33ab240f294733fc4b6847f48f39412ffdf17e9e8775a9c540,e8a8daa8984608ec581dd52fad3f0ed58a3923fac7b0a44c9b99facdb2d4930e,dense_v1_train_x2.98_family4/variant_14,28,-0.48737841129302983,3.030602532615436,107.77946985745243,2.661382356321822,-56.753786926968885,0.3089434489488769,0.6354277610778809,3.725628727322164,1.65736722946167,0.026608096435666084,0.6624036431312561,6.713659739469986,-69.14893761004664,30.38058922066292,3.357525110244751,0.020842967554926872,0.6267492175102234,40.54529723404341,10.065733449665125,10.166980212786433,1,1,1,1,1,1,1
pi3_causal_upstream_000830,upstream,9a956cf0ca7cd9d0734f8bb7603a96ba93344f53dcf50dfe954b1329c2f05a25,6594ca5a43e5fb3720820fa7cda04d702eb57faf0b8c50ce542cf807b9285c35,dense_v1_train_x2.98_family4,cf24f05de37d7ffa995f24abb8186c17d05e26ab829ccf97343e7930056ae75f,7e733745ebd27555d117dd0dc4139eeecb6a192f0a6d7e516b8eec4dac01b258,dense_v1_train_x2.98_family4/variant_14,29,-0.4502838373184205,0.42422998626036773,116.17591702679748,7.306890270302743,24.325804106365037,0.4233920796613581,0.6844273471832276,3.8552199536143266,1.7620000839233398,0.020621176809072495,0.8651824593544006,4.959553181828937,-109.21669875317401,26.75289816755073,3.392371892929077,0.021368181332945824,0.6428683996200562,41.31817411976537,58.43127114184026,10.786653576371396,1,1,1,1,1,1,1
pi3_causal_upstream_000831,upstream,67e18aba5f246cd72862f41f6d2900e061a6b2c0e7c86ff1a56bfde7f443c8b7,41e91b96eb93b75fc827062e02aff0392decd62c0ab41d849f89515c6feb4b85,dense_v1_train_x2.98_family4,956fb0a82d0e5f658047c3ec73abc31505832fc5bebf3e8908b1d23efbfc57c6,db6b98d4932b9023a70a76c206ff56637fa82903e7e1b1391611a8bfd5dda41f,dense_v1_train_x2.98_family4/variant_14,30,-0.49481613159179694,3.1145643405351104,126.94022685684588,5.6576207131190435,-107.45405915482552,-1.2305469335179517,0.6308866691589357,3.9640553774017033,1.7223206758499146,0.0013079973869025707,0.8348129391670227,5.4791329290678,-65.40644473736488,29.270488820144504,3.4267561435699463,0.02152615785598755,0.659399151802063,40.166614470984975,69.9669825367499,11.271007464378995,1,1,1,1,1,1,1
pi3_causal_upstream_000832,upstream,bec49b59e0341d7bb8230438b0e3cfaee32b264ff756387030acbf0d253ca4e6,51ba5ce245184d38d34036b754932d6bd70f85199b1a15d72ed451c7e4745c36,dense_v1_train_x2.98_family4,1729a25270b0605a22a2190948e6a14e1f374a51e374299452c5fd26e7916742,5082aff9aad0e1701d9fb0ff28662aba6099180a4623cee676238590c232683f,dense_v1_train_x2.98_family4/variant_14,32,-0.48349187374114994,3.1520484187001405,279.9764755132894,5.54828731375371,-238.48064475811745,-1.547613322544414,0.7199851036071778,4.090981556896009,1.8313195705413818,-0.03327188640832901,1.2462000846862793,1.2804692240806304,-138.35431990339427,24.653460233681596,3.4981021881103516,0.020798351615667343,0.7026156783103943,39.11215279144548,88.11325153872136,12.462648013511664,1,1,0,1,1,0,1
pi3_causal_upstream_000833,upstream,fbe5e6f0571257cae35cbd4347fba1beaa934451b53af4212d59200fd5ef2615,1344a8ba0cc7d3aad78f132a2b3a5fa0b21cdd8c5f6ebeca34f2f75686e66d32,dense_v1_train_x2.98_family4,e0899607d9c61e4f6791753444ee56ebb4b01e836987ed95e152862d8f47164f,90089c2d0e1e745221c664c7bc7ea0eb2a497b828ec84e8d27379636fedc84cf,dense_v1_train_x2.98_family4/variant_14,33,-0.5003406906127931,5.321023868178937,331.4564855518893,3.650126516988392,-318.39566121720753,-2.7242356047449188,0.7325358581542969,4.097478642305376,1.8733621835708618,-0.056861549615859985,1.4995945692062378,-0.2378792937726918,-148.6349976986924,23.581427892502244,3.5354323387145996,0.019903790205717087,0.7306584715843201,38.58633067819205,106.64724988930692,12.925839277539058,1,1,0,1,0,1,1
pi3_causal_upstream_000834,upstream,925035ed237b89ee9d2b84ef2a34932070d94d90fbff18bc8359b890de359c9a,0ee31aa0538bdda87f673ed9b6fc84577f67a449ff8093cb13df8739ca7b316a,dense_v1_train_x2.98_family4,7c835b7eda5817bbaf144e23648280961da56fb9ffcb4ba2ec820ed0417ef1c1,f68925dff9e80e4613d80a0fb93e6970294177821e7bb2cf9778d8c518f10641,dense_v1_train_x2.98_family4/variant_14,35,-0.5832252979278565,9.635855857456507,299.40489396587736,-2.997151040825064,-407.03053430284274,-3.938039817897777,0.6574852085113526,4.006475376612206,1.9419305324554443,-0.11273644119501114,2.059723138809204,-2.7040970787306127,-87.188860566641,24.95620666109512,3.6123383045196533,0.01658380776643753,0.8025181889533997,39.90209490480872,88.04763391136504,13.92262985664198,1,1,1,1,1,1,1
pi3_causal_upstream_000835,upstream,b1617572e425a268f37a27560a29115184cb53ee8a7bf946164220bf2fe4e1d3,041cb4b97c486730200034de5f7eaadf4085d1dfd8b92d76ce9952b8cdbaed05,dense_v1_train_x2.98_family4,872cb40578b36fa9ed3107b5eecd9c3e7b88ddcfa0553aab66dfe1223a61d2ff,d9ccaec35f65f0f726f9a5984f1b13cb6ad8c0dd86df796f2c41cb492d766433,dense_v1_train_x2.98_family4/variant_14,36,-0.7271082973480225,9.961454390285601,33.240925595997105,-6.732802198392593,-223.69582603541107,-2.8950926590277155,0.4835750532150269,3.9124915506043876,1.9731800556182861,-0.1317593902349472,2.1982626914978027,-3.8512909559709,55.16498247318637,28.327758790142664,3.6515636444091797,0.014118269085884094,0.8454927206039429,40.34564055932018,71.81805942447173,14.57660148309034,1,1,1,1,1,1,1
pi3_causal_upstream_000836,upstream,05aa0c7257f552734e2e045be15acaf59da42919a8b97f0f65eb432c2b7d68c2,6df34bb3832e763180c83697ca9d80264a418b76b967c09adbc6a39a7131656d,dense_v1_train_x2.98_family4,1f2a82f7b8e041d5ea3c354cf6c1d6bdf8931f49b5ac3568e5eceda6e855dc22,e0c9717030cac6e57c2df0a5df10eccb268da64c98bfeb960a9e344ef705254d,dense_v1_train_x2.98_family4/variant_14,37,-0.7409337806701661,11.054323077301722,68.84047943693969,-13.539957836089945,-336.22578808325574,-1.2390816734208965,0.46376525402069096,3.802279730794596,1.9462188482284546,-0.15241222083568573,2.141468048095703,-4.978200878923542,71.318499388577,28.744687197458582,3.6901328563690186,0.011074846610426903,0.8892479538917542,40.35958097541617,13.74561910086726,15.292956879669665,1,1,1,1,1,1,1
pi3_causal_upstream_000837,upstream,0801b83f2ca506333410af0e72f0f26bb40cd700629992e578e1ed36e1e80909,fb59c61c8ea9c3446e0d4087f8e1590e5b5c534e7e4ca75e9ddf16c5d0331cf8,dense_v1_train_x2.98_family4,2cb6896ba5389e23725e7494a8d2e7a35a9b2d0d87d7157661b6bd5b2e1ad16e,cdafb0b7bbc3165f9c1767ff84bc14ba6d0301e340d31db012cc99beb88685db,dense_v1_train_x2.98_family4/variant_14,38,-0.7594472885131837,9.319652249830767,-6.974645963411228,-17.46066485836933,-241.0614453963851,1.5492350781098325,0.4348916959762574,3.6883979315638338,1.9825702905654907,-0.15165989100933075,2.0447280406951904,-7.045828914280632,94.92523142440685,27.200166275159845,3.7293601036071777,0.008016552776098251,0.9309949278831482,41.17802205309129,24.44786300192775,16.06075333928197,1,1,0,1,1,1,1
pi3_causal_upstream_000838,upstream,46409bcfdeaf7c5df7fb6ed55e248c6d006a09fef8e901f70e4edec48d94db98,33667805fa03247db4229852015e2162e830845a7b7cc5d97f7a6e4cfeab6ef6,dense_v1_train_x2.98_family4,b91ebcf6c648e6d48594b3b2a8c78b054e9efbbd49c77a47cfe220c2aca2e266,3247c9adee53c1055f6c6599ccc54e99d1be94b6fb04a04ae5edcf29707fa13f,dense_v1_train_x2.98_family4/variant_14,40,-0.7039729213714601,9.349877544455365,108.71671524555074,-27.345755172413252,-313.5451067554746,5.14168822680502,0.5134441614151002,3.427194403703435,2.0147202014923096,-0.1561596840620041,1.8206843137741089,-9.74211225660075,30.66382350516501,22.19024813216488,3.8089733123779297,0.0017693310510367155,1.0079056024551392,41.69105463712388,30.214817114412128,17.30447556824011,1,1,1,1,1,1,1
pi3_causal_upstream_000839,upstream,14c34e2b4e6d4ea1eaccb2f9da6fa36d0c3e6b45af5394b01e846f4d88ef91ea,326df3e205fce83e1a13cf62db3fd8959c59088128424d23fa4fa3dc4f156772,dense_v1_train_x2.98_family4,4543f69a7b70ccced7d51cb382b133ecccfdd5947779b1e4e1cdd41488b718cc,7272041d9de9ea3ec65633e8236f8e2377ed3a6da9121cd8c5548b73d1f495d1,dense_v1_train_x2.98_family4/variant_14,41,-0.7122998142242433,9.758975139887864,67.39849672955577,-32.2738152057529,-258.85886931668733,6.630254733468762,0.4984511947631836,3.277770646388846,2.0422544479370117,-0.15339404344558716,1.69841730594635,-10.853183397754956,42.94563744425016,20.536633720895402,3.8493638038635254,-0.0013801705790683627,1.042966365814209,42.56044551091271,28.581565204605752,17.836994741362346,1,1,1,1,1,1,1
pi3_causal_upstream_000840,upstream,89feaf173f554d360056cca86908ca9c8c89f8baf5f3f61d0b038788b08f3b45,8dd8fafd9359414489ed0110d0fcdd016d19c87459829db7b1869836d72992f8,dense_v1_train_x2.98_family4,d1ed26be55afc041ace69117eec52d813a8281f10f1de422fa6ac70973ea4732,7adb5c8e2d3fdfea7ee6d74dec388f71378c026754fb31c3a79bffcd237c9201,dense_v1_train_x2.98_family4/variant_14,42,-0.6893637084960939,11.425910127586157,139.67389879066238,-38.42988519525291,-339.4478342015609,7.59918871496228,0.5310886573791505,3.110647120456682,2.039748430252075,-0.16136017441749573,1.6063823699951172,-11.591592587604095,16.26421379126903,18.41948681405572,3.8899126052856445,-0.004639762919396162,1.0763120651245117,42.551470642343304,23.472194384653523,18.29788080993886,1,1,1,1,1,1,1
pi3_causal_upstream_000841,upstream,0e76bbcc115c5163507318a9a6247adcaa40043970bfc905d4a94489fa10144e,dceb063d8915e74de2914e680944d8f7dd3333b3d2ea90a8705aaac33555e0ed,dense_v1_train_x2.98_family4,f73f21d410fb541e6f960b5d86b0e054db32592900d4fe07d64e66d80f7c6eb7,403ac30004d5950bff909aba8f50db429753de393c4dd5a31f6ec03be933d81d,dense_v1_train_x2.98_family4/variant_14,43,-0.6992310905456544,12.227774336145654,123.63538518542185,-43.96238623428743,-317.27534626878537,9.019956535282706,0.5255477094650269,2.9345294743486923,2.0583488941192627,-0.15978683531284332,1.4769260883331299,-12.590267843323863,20.82494795859269,16.504218100966813,3.9307074546813965,-0.007915268652141094,1.1069921255111694,42.417742368583625,40.74026839899601,18.751328414161005,1,1,1,1,1,1,1
pi3_causal_upstream_000842,upstream,093926ce42011d718c71f1d44fa505a833a8817dc56cea3fc6e095d0adaf1f31,44275a7c079b434905be64a8db7f874bd38b5e55b9785807980cc83318231512,dense_v1_train_x2.98_family4,dd6fbd8205505df1cbd39a60e9c9e087f22d9331d615597b3a98e01b00092297,d2c6bb3372ee4df216e528247efa06ea59c3d0d6533d2b8f5554cf7363014f64,dense_v1_train_x2.98_family4/variant_14,45,-0.697811098098755,15.781570426401125,152.97907997309056,-56.69296409240992,-325.7209024982628,10.959678127749692,0.5499795103073121,2.5214969271043692,2.0861976146698,-0.15806329250335693,1.2152440547943115,-14.242227641266902,0.7752282317045927,12.438542021101199,4.012983322143555,-0.014563615433871746,1.1618444919586182,41.06949376227438,38.066058093639256,19.475937861105383,1,0,1,1,1,1,1
pi3_causal_upstream_000843,upstream,1046eff97394430628c38f2c6f85dbb0d9d6e9357715cdcc1bba62122ee320e1,b0c240eb3d5eaf8588b1e793086e25279b613eb83bd5230308fe85f95c487353,dense_v1_train_x2.98_family4,a9ba756c1e01f078cac79109b5dea02254488a60a61a396e525b1a5d9878313d,7e2004e3e36d2beeeb8b6fff5fd602215f09915a725ee2c89fb865215639e1c4,dense_v1_train_x2.98_family4/variant_14,46,-0.6956095790863038,17.126088041876258,139.55921991449787,-62.07156389397113,-281.7006338258541,11.900988065853983,0.5570788717269898,2.286794245946811,2.107954978942871,-0.15035788714885712,1.0133264064788818,-14.983032519967423,-5.046855806026394,10.733339191030618,4.05471658706665,-0.01772826910018921,1.18411386013031,41.225775320673435,31.948015182343298,19.77053192181905,1,1,1,1,1,1,1
pi3_causal_upstream_000844,upstream,6e9365d3301d4e5db62df3ca361ac6b35fbc726a5a3c56b7f1ff46f77e1fde50,010b0fbcb5d246c28b8d915ea56dc5a9691777eb316560ecf5183de4e283e778,dense_v1_train_x2.98_family4,4ef134a701e59d5f42f9504fbd65b45b4813fa9dcc38e23e456e498d8db5a758,d02db2381188ad2f4d79deefb18a0d075bd8ac54588291cc1738c2a5aa830762,dense_v1_train_x2.98_family4/variant_14,47,-0.6951279926300049,18.199802317138722,126.14375849773069,-66.65665622342235,-242.57925003374535,12.76303790390554,0.5615665245056153,2.033821252743841,2.1266348361968994,-0.1432809829711914,0.804449737071991,-15.668334427698776,-8.731704443434191,9.30763453198613,4.096851348876953,-0.020747577771544456,1.2022939920425415,41.35050140510704,30.163512148461574,20.02594612477603,1,1,1,1,1,1,1
pi3_causal_upstream_000845,upstream,db04cda235c9fe38ce128fe5f69dede0223071c8f9b2088fb16e3e7ebb857eaa,819a75f76250e9774bb8352f07a9c4fc178a01e44bd90c19867dc49380650130,dense_v1_train_x2.98_family4,120d4802369556719482c47b2499ec11156c45f79014990a6a5bba68f688dc55,05641ad9a505a333ce8501ab4626b5168338713694b539991354fa2d978aed03,dense_v1_train_x2.98_family4/variant_14,48,-0.6944625568389893,18.967561683625053,112.93603045438027,-70.43765087245548,-202.62131833247176,13.575065251655168,0.5663010787963868,1.763877368808545,2.1445000171661377,-0.13589338958263397,0.5824218392372131,-16.285553009783442,-12.593950169060147,8.09328239284487,4.139357089996338,-0.023619769141077995,1.2161375284194946,41.45063197833943,29.427187020082936,20.248803264236876,1,1,1,1,1,1,1
pi3_causal_upstream_000846,upstream,0bf7cfc5f07a75affc7c29edd7df6b755a333be7444cbd8fc5b867f84b6ae62a,f2450bb8bc8c15106546950eb4ca1d927e9c2fec70607a885d8c3cbd123dc3a9,dense_v1_train_x2.98_family4,430d201a7e83759dc89a3bc7a85455cd420a49f82502e00e0417ef29dc6ca32c,604ff7029de51d5e39e49be0d878b9232805450c426b1900adf62ae0677f6eb6,dense_v1_train_x2.98_family4/variant_14,49,-0.6937892436981202,19.49820249533793,102.93252173560126,-73.46690807124783,-166.8963280674219,14.308234197447478,0.5718502044677735,1.4781771085510043,2.1609597206115723,-0.12889723479747772,0.3572944700717926,-16.823626774860582,-17.122725881257317,7.068805243761731,4.1822123527526855,-0.026346294209361076,1.2254953384399414,41.442640657010514,30.472158151770696,20.442756871554263,1,1,1,1,1,1,1
pi3_causal_upstream_000847,upstream,5b74d1c404f9ac7f603ccff34793ead8060577df34f06c544436eed9a8d40cb0,6e983ccb21a512d91e9dcfba5d05e7609c59618487ba8a313ec326f661ed19bf,dense_v1_train_x2.98_family4,4735a69e043e1e6650e83b82c061773fcc03e55fe7316c927cc59cad8eb2d59d,0fb6b71ec3c2892343060ca60577c57093c2d4cc40f92a1f0f69ac4d480f8fa9,dense_v1_train_x2.98_family4/variant_14,50,-0.6932869625091553,19.854255134128817,95.71950046260929,-75.83928548699255,-136.42267410422295,14.953696294939236,0.5774188899993897,1.1783886164252555,2.1759591102600098,-0.12254060804843903,0.13433195650577545,-17.281003562441317,-21.681750793741184,6.229133376825275,4.225388050079346,-0.028937745839357376,1.230364203453064,41.3986610689448,30.848108839161124,20.611754622363662,1,1,1,1,1,1,1
pi3_causal_downstream_000848,downstream,949873220a11b37cd560591e96e82cda408b65c688e9f9d689af82cb0307c8fd,4fd12220fbd80078e8e46f83f7490b55938a7607e9ffa6a3da7f03a31d9f9c57,dense_v1_train_x2.98_family4,cdd77d86cd5580b53a9f078043b232c2e5e130a3e818d5ede7d6166c115a1968,322f5926e7e81372f1317de6696bd2a6e7ff512d65a821e6ded7c3f7f10b564d,dense_v1_train_x2.98_family4/variant_14,51,-0.693313798904419,20.08399025440949,90.58787688634116,-77.65966750458435,-111.2918468268073,15.516070029008855,0.5824053859710694,0.866465265330076,2.1895694732666016,-0.11687252670526505,-0.08345773816108704,-17.662172514357632,-25.758041841350643,5.5528554296479795,4.26885461807251,-0.03140784800052643,1.2308223247528076,41.330881686716175,31.023347587601556,20.760147412981297,1,1,1,1,1,1,1
pi3_causal_downstream_000849,downstream,9d092b401c2737de556fc1deec75d639143b857ce0a9fb4c994eed5645c94916,04c5f55a5fb780486d2ce7e61dcb91ddd0b40d14f0552e1cca58e50168636353,dense_v1_train_x2.98_family4,765baeb7f938ce0af8769d328214fbe77058d84c56cebdc1a122c992a948dd00,258212044d262cffd27dc54e38f5687a588a48862cc79d6dadda98d1225c0277,dense_v1_train_x2.98_family4/variant_14,52,-0.6939082717895508,20.22566716081577,87.0953825976602,-79.02952341433294,-91.04554054186704,16.00516671732059,0.5866470718383789,0.5443680490274418,2.2019875049591064,-0.11180232465267181,-0.29506781697273254,-17.974896140601253,-29.23903921411118,5.015292221211296,4.312586307525635,-0.03376977890729904,1.2269854545593262,41.24872475628468,31.09497578142748,20.89192207346983,1,1,1,1,1,1,1
pi3_causal_downstream_000850,downstream,5877f41f055785fa0c5b3821a4b94c92de23e7055a8ae959e66795d075dbd455,a7a5604f1fd2783ba12dccd32eafb6bf701aeb32060dfd37da308704af9e6144,dense_v1_train_x2.98_family4,ccce9df7476423b10f4dacc7d9423766d4843c1e93d125ad3ffbe268b91893b3,fc76de41f7fd023a802e11f35e718514da0a62a0637aba3d5fbb5ab878bd2fda,dense_v1_train_x2.98_family4/variant_14,53,-0.6950944805145264,20.30690201570932,84.75418499547659,-80.03801450566365,-74.96353229199185,16.433471323761324,0.5900962829589844,0.21392572536219373,2.21341609954834,-0.10720020532608032,-0.5005393028259277,-18.228589856943035,-32.05537551081214,4.594668254667577,4.356560230255127,-0.0360344760119915,1.2189780473709106,41.159573712143086,31.096205215478083,21.010534988491155,1,1,1,1,1,1,1
pi3_causal_downstream_000851,downstream,1b4b35aabcc234f1c2ac8d93c3f830ce3b299b761ba09a43302f6c079e368e5e,37293bdbb9861f95d328cca65ca8d91563dc5d99251553bffb68d666be0766b7,dense_v1_train_x2.98_family4,85618076bd61173863aad3469805104123d1acdcbcdfaa5d833e3d3f6028437e,f360922d862e5477716ea2e0a3ccb4e6c80601baecfaa1fe712c78937cd94bc0,dense_v1_train_x2.98_family4/variant_14,54,-0.6968186187744141,20.34662639592211,83.20844488441101,-80.75874289707258,-62.224908471027085,16.81375931533989,0.5928162384033203,-0.12324197610022335,2.224073886871338,-0.10291947424411774,-0.7006260752677917,-18.432341230073686,-34.26080602776882,4.270489974299024,4.400758266448975,-0.03821008652448654,1.2069149017333984,41.065300026123985,31.104039442456088,21.11886280230744,1,1,1,1,1,1,1
pi3_causal_downstream_000852,downstream,30cfdd806ab1eb0807639301e9213cb4c446e2aec3d09eb934c34304373be3b7,0a2da82d7403a14f4ef708d14aa7bfd171d580be821e84bc90cd8c347ba961b7,dense_v1_train_x2.98_family4,72e1478255c3db5cee841c57d786f61feb9300e2529bb36e9f4b5125bf0ff0a9,8bf748b0d856213c7aa067fa31420ab7c8923b0b8afb2b314a136f0408db9312,dense_v1_train_x2.98_family4/variant_14,55,-0.6989886951446533,20.357733991059845,82.2050081330661,-81.24930074364123,-52.05052890978186,17.157163136856656,0.5948939228057862,-0.46574348227942475,2.234153985977173,-0.098829485476017,-0.8963391184806824,-18.593873496397194,-35.95973703663404,4.025795032188732,4.445165634155273,-0.04030193015933037,1.1908928155899048,40.96722533983178,31.13425278424964,21.219221337279297,1,1,1,1,1,1,1
pi3_causal_downstream_000853,downstream,41f248100d287b3a8999bda02afb1e7861aaf14f691930149bbc61effe076792,92cd2a9e8abc1ff6c23eb5e767a17f6162fe20b166d2b9ee887dc87ec5357adb,dense_v1_train_x2.98_family4,bb8ed0b00eb3d23a9800e42c75389a50d1d7a6215f738c8f28096e67b5c10f18,6db87c4e34639947daf0315d8fee12c9cf7315a78dff5ee4f2091a033d3c3440,dense_v1_train_x2.98_family4/variant_14,56,-0.7014843463897705,20.348837669665905,81.57340004994751,-81.55247918051975,-43.740459727775374,17.47249852654171,0.5964956283569337,-0.8123942809386898,2.2438313961029053,-0.09482230246067047,-1.088756799697876,-18.719335533713867,-37.283950207254016,3.8471983919975927,4.489773273468018,-0.04231294244527817,1.1709870100021362,40.8664322382499,31.176152579713083,21.313449617080536,1,1,1,1,1,1,1
pi3_causal_downstream_000854,downstream,5946ea6c9a05cd8fb9efdbb6b8f965f21c465865efcdd6306f3f9f208d00077c,4d344cdf1bb18e3bdc34d4661f36b7ae23a25a1d4848fbf25737933a65ba09a5,dense_v1_train_x2.98_family4,202888ed3e40c1c22ecfaf984d949b6148e006fa90dca395972eb490a801d68e,336b32b8066bfc659d09b21ebcd793e0bf4746e32605f1595cfa9ea3023db0e5,dense_v1_train_x2.98_family4/variant_14,57,-0.7041912841796876,20.325165941549933,81.18222828599171,-81.69760704000419,-36.67235116330898,17.766157750833848,0.5977996635437012,-1.1621608519891207,2.253256320953369,-0.090814508497715,-1.2789274454116821,-18.812864729113436,-38.36202385075425,3.724573017620592,4.534573554992676,-0.04424414038658142,1.1472506523132324,40.76342274028235,31.23366277252459,21.4030544514948,1,1,1,1,1,1,1
pi3_causal_downstream_000855,downstream,6ad2cc16b07e3878c62955d13218a58cd22b94186fbab6e549528753677ac7a8,733184c4d7fbb7a76a100e4db506973b4f56f823c0b078525e2c75cb861a1a5d,dense_v1_train_x2.98_family4,ae686e7eedc5a76fcb2385b29743bf110646778b8d7525f11ca8af5d41e5a48d,38be062538dae49e10490e047d87c3369e816ce6c92eda82a3f3ec6ff9ccbd8b,dense_v1_train_x2.98_family4/variant_14,58,-0.7069928169250489,20.289280127650684,80.93551502298168,-81.70196470069466,-30.293705799325775,18.04216249748854,0.5989777278900147,-1.5141108480467969,2.262563943862915,-0.08674439042806625,-1.467835783958435,-18.87674578087327,-39.32340712737939,3.650588835417837,4.579563140869141,-0.046095117926597595,1.119716763496399,40.65859641199558,31.305014343689127,21.48930558940243,1,1,1,1,1,1,1
pi3_causal_downstream_000856,downstream,ff6286356b0ca39de6c05ac2ce15a0760696936a6dbd3c86c06db9aad669d387,9eaad349e0655590067ea82869b0fbde4e1c3827af22f92b3ec4646c9100c29a,dense_v1_train_x2.98_family4,3e46a5b65e39d9b89a30a1730ff9817d8f971bd779d53e4abdcf37da6d00c42b,004c4c01deb582111c7eacc2f74384d9ed8ad35cf9d0844f3414e493f0d70eba,dense_v1_train_x2.98_family4/variant_14,60,-0.7124253845214844,20.1791723555882,80.54654257993862,-81.30181123798029,-17.559646252273865,18.546087679541596,0.6014769172668457,-2.2209539055214074,2.2812931537628174,-0.07827362418174744,-1.845616102218628,-18.915208283636908,-41.39310471005499,3.634365428591764,4.670106410980225,-0.04955032095313072,1.0532869100570679,40.44350009465354,31.490351526817424,21.6563862121636,1,1,1,1,1,1,1
pi3_causal_downstream_000857,downstream,8a7f381f7ce814d5f669c1cbc67ee0f4e00b8269787bcfc369993d4f4b56c0b5,4fecf5e38f6bea8839d4c455c3a5ad1648d10f76f45df0b08b46526234180834,dense_v1_train_x2.98_family4,cad5130a44036d2d45d0e4381766303b0154e0ea14266842fca672788bb88e42,7d96fcf4a32094c10706f2b9d4756d125249814ad07a48293ef00722dbd44cc7,dense_v1_train_x2.98_family4/variant_14,61,-0.7147943305969239,20.09819363278853,80.26299410673471,-80.87568256585236,-10.135464558449076,18.77061921224851,0.6031710147857666,-2.5738890120674482,2.2909553050994873,-0.07384058088064194,-2.0364696979522705,-18.884598790871493,-42.79064337650964,3.6906308194270365,4.715664386749268,-0.05115039274096489,1.0143557786941528,40.33242414327621,31.614128214956395,21.739664346190192,1,1,1,1,1,1,1
pi3_causal_downstream_000858,downstream,a1842ce18483ab43e2fde34ae515995874e9a2b375e4fbcd6efc5a509f90894b,1462a6b96ad1235ef0c4b59c6b6ccd9280c510a7e4a50c9f12f2a6b0eec49c27,dense_v1_train_x2.98_family4,9e0f4491262f633d9c6b677ec03a7d49d5e045c65cabb3fcdb0fcbd072362c3b,cdff13f60dc5cb55c4572fd144a67ee4c82091528ab20a6d6476f5d664784cbd,dense_v1_train_x2.98_family4/variant_14,62,-0.7167028522491455,19.990956247724746,79.82734415090378,-80.26257063500617,-1.1525311364681232,18.96994532914308,0.6054838180541993,-2.9249373070110716,2.301004409790039,-0.06927875429391861,-2.2301928997039795,-18.81337187065931,-44.6820320407129,3.792537241843627,4.761420726776123,-0.05266266316175461,0.9715520143508911,40.217700870882084,31.769446716682484,21.824739383181473,1,1,1,1,1,1,1
pi3_causal_downstream_000859,downstream,58b5e3d96e309adf2da4b79a643a5be9c5bb4d84e5aef8e6194cf3942f88c4c0,86dd7cfa2ca8fca5d409fe81565eb00257535861a2f72b43fc5798a90d7e6aee,dense_v1_train_x2.98_family4,f6422ac1b521e51f67c7a18e83f851a529716af5885b544b2e42ef5d81f783ef,2aff68291f3683fe5fde5182ed6319bfad39e674a4f737a93a9d84e4b1079508,dense_v1_train_x2.98_family4/variant_14,63,-0.7179046154022217,19.846449935454785,79.16397568814463,-79.41391280044292,10.247323420260022,19.13417707131112,0.6087056541442871,-3.2725786696180332,2.3116300106048584,-0.06461039930582047,-2.428300142288208,-18.692356286492316,-47.33977817507533,3.9447830122168575,4.807384967803955,-0.05408559367060661,0.9247925877571106,40.09759199432741,31.969728353714768,21.913585213230395,1,1,1,1,1,1,1
pi3_causal_downstream_000860,downstream,e3aebbce9e2f28da7e4a34d6e91ce4b8121e3b64209b828c4d0a64cd89b4a7a3,ef38bfec3ae344405c72ebd49e96bf6acd3cfbe6d2cc4d9f8699f246de3b7c34,dense_v1_train_x2.98_family4,c871bf5c6a57e78f4524f3ca2b9d0c5d4323ae1676431e199c1de92c32cdfcb9,54cdc11bd005c64c87679a3c19f9cd501a228433a909b521b776ca4e791769dd,dense_v1_train_x2.98_family4/variant_14,64,-0.7180480766296388,19.648898666543214,78.18427384416552,-78.2569607173128,25.231818454483474,19.247910210973753,0.6133986854553223,-3.6148500403334665,2.3230977058410645,-0.059871528297662735,-2.632741928100586,-18.50860199970417,-51.15258101507321,4.154238873964938,4.853572845458984,-0.05541858822107315,0.8739556670188904,39.969327871903744,32.239227127795964,22.00888007991528,1,1,1,1,1,1,1
pi3_causal_downstream_000861,downstream,8e2afc0f648e24a65b42e3b0df4430ceba70eeb4d268c6f50b7693a44335e890,68b787a3ed2d6dd1b907a0643ad145deeb30af6d7a2e5fc1fe2004f23680b90f,dense_v1_train_x2.98_family4,101a20ef168a563412cc7e1ea1c3eba98c06f89d9d205f382d6ed7aba6030e3f,521de2a6eeeaaaee7618efe48531c37eb910349d5f4ab31a2951b558efb894ab,dense_v1_train_x2.98_family4/variant_14,65,-0.7166242122650147,19.37583794880986,76.77603227128147,-76.68473996283507,45.44056211408325,19.287749125069922,0.6201628589630127,-3.9491702285815156,2.335800886154175,-0.055104609578847885,-2.84605073928833,-18.244470046763315,-56.685273299404486,4.42919881117438,4.900004863739014,-0.056662384420633316,0.8188676834106445,39.82844497498847,32.61395521132496,22.11433215477777,1,1,1,1,1,1,1
pi3_causal_downstream_000862,downstream,b79accc941fc0b9f3a26d8cbc8561fc412c23e5ca1d1eba536cbe5b6321f41df,69943f246526de779944c82f27b091ba79063d0fd231d26d923609d0bbf9d6c8,dense_v1_train_x2.98_family4,7be31adab28552f7effb9f42374ccf5bca2448ac2cbcdf40d97a27a739889e34,614dc4891039c6002e7d83f7c1da08a0487af687f5806cec385b6fa97ff4bc73,dense_v1_train_x2.98_family4/variant_14,66,-0.7128808689117432,18.994800478035067,74.79525692141026,-74.5405318465038,73.22636246905833,19.21862450333996,0.630055274963379,-4.272118173341378,2.350367307662964,-0.05032363906502724,-3.0714240074157715,-17.87671900147149,-64.77836103185801,4.778353385790377,4.946713924407959,-0.057819120585918427,0.7592877149581909,39.66774086910183,33.1556267785474,22.23517885208931,1,1,1,1,1,1,1
pi3_causal_downstream_000863,downstream,9f5a446b27b34fab574a1373b1b90642b7d68f2303c86cdb3c7974643f4c484a,f1ccf4db704c53be260121ec82a9eee246d2f822de3cf9aa9bafa7bb1707648b,dense_v1_train_x2.98_family4,207d255e4a859a58a2f69378de6b3263580484b2f8b27dfdf07a6a6734d6fb11,6abc2005f5c46e8b5d2ed6fb07ae7220e64d0ae3843e8b97daf91a1c49398402,dense_v1_train_x2.98_family4/variant_14,67,-0.7057078742980958,18.457696599820064,72.03771830817935,-71.59342816304836,112.0051303120209,18.988161682636665,0.6445980644226075,-4.579201790063132,2.3678548336029053,-0.04541663080453873,-3.312570333480835,-17.376243720227976,-76.68372226464874,5.206662595810829,4.99375057220459,-0.05889119952917099,0.6948899626731873,39.47527979866921,33.98353108331757,22.378833198778704,1,1,1,1,1,1,1
pi3_causal_downstream_000864,downstream,c1a1c45af77d738945cd86ad0fa7aac0f6940f03532bb7bade697403773ff00a,04b52ec0d68569e464928c119f4520c5f7402b7d7ce9201b0d6f5cd269e405c5,dense_v1_train_x2.98_family4,4a1bf9d23a0dd32107dca21cac91f567091b845e854464c65609fd5f71d135ac,581c7c45fcb88a47abc45c1838fee0c55913a19fd5585a15f6d98e827731c10e,dense_v1_train_x2.98_family4/variant_14,68,-0.6934708786010743,17.690784176790817,68.21826286392988,-67.4995288877586,166.74243024504315,18.518384582261106,0.6661140441894532,-4.86471653142896,2.3901495933532715,-0.03987535089254379,-3.572798728942871,-16.709245011924963,-94.2743895285855,5.705405570326099,5.041197299957275,-0.05987648665904999,0.6252533197402954,39.23000087538488,35.3342214822551,22.555713598262596,1,1,1,1,1,1,1
pi3_causal_downstream_000865,downstream,a36f1440b57c993737b7f0b99fd5f976b57f3d76a9db173b7e45a5bec1610bcf,7983631be1a5f21744a94aa46fc1ed5e2af9ae4d5e547f0db6d72550b1d63951,dense_v1_train_x2.98_family4,2aeabf0c476099e2363b20219e62db829c9df0a3acb92f1023ccae87ca6dfb19,5f488f5f1d4725d4a64cafd81cd7ee8af610567c5d4820741866f8bc36c8d403,dense_v1_train_x2.98_family4/variant_14,69,-0.6738427925109864,16.57590435140068,62.962562071199294,-61.73936398330922,244.49099266167522,17.69408760134652,0.6979149723052979,-5.121942555321154,2.4208173751831055,-0.032074932008981705,-3.8518426418304443,-15.843878827104566,-120.30559966314894,6.2279402281546385,5.089197635650635,-0.06075318530201912,0.5498866438865662,38.89298226626353,37.699638935235576,22.78008492407959,1,1,1,1,1,1,1
pi3_causal_downstream_000866,downstream,a09b751a8425206661a23e15f08e251e2b30be6a38b5189d0018246be7310d96,da78ebfd0917c743681393059ce3c1973ac98137b9cfc018deeb6e0e6d5bd85a,dense_v1_train_x2.98_family4,a0560b4c694175f5c8d6129af2774a96e12aba7d1317eddbd7f9e831444f8b59,fe19ffdc0a5f464a0e72d6b69af6b44826db2a5fff3afb570c738fc127caab64,dense_v1_train_x2.98_family4/variant_14,70,-0.6438958454132081,14.911771448809388,55.960754153006214,-53.5142145432535,354.37876433099217,16.349753238211193,0.744672784805298,-5.344364900989063,2.4668681621551514,-0.01739552617073059,-4.136094093322754,-14.773362787920957,-158.57745818666984,6.627730410182526,5.138020992279053,-0.06143568828701973,0.4683763384819031,38.384447361799396,42.28061607571187,23.07022034485756,1,1,1,1,1,1,1
pi3_causal_downstream_000867,downstream,92c5fff430fdd023be60fb3b4890b03d40fc526f80fae039e3c6e7beb13204ba,869ba921ad42890b1ca4bf3b5e210e21248e8da3a39d3b570ee95e4c2739f193,dense_v1_train_x2.98_family4,b9bcc83c50f84930eb34df30193651a259681932ee643c54d1424f7fcfb4aaae,26f131487fb5593404c02a56cb7646a123d8fdf4b0ee222ae378ab0253c0ec45,dense_v1_train_x2.98_family4/variant_14,71,-0.6060085964202881,12.434833228381883,31.55577449378239,-41.740973074672915,523.2596994844097,14.24208729955285,0.8048251628875733,-5.52866489184297,2.5409905910491943,0.01332972664386034,-4.396223545074463,-13.560594398893492,-207.82045832868548,6.546833222766072,5.18813419342041,-0.061685703694820404,0.3809089958667755,37.51355043129858,51.882062293903495,23.447785845092735,1,1,1,1,1,1,1
