candidate_id,phase,state_sha256,snapshot_context_sha256,parent_group_id,root_cell,full_cell,trajectory_id,trajectory_step,frontwheel_tangent_mps,hip_deg,hip_rate_degps,knee_deg,knee_rate_degps,pitch_deg,rearwheel_tangent_mps,roll_deg,root_vx_mps,root_vy_mps,root_vz_mps,root_wx_degps,root_wy_degps,root_wz_degps,root_x_m,root_y_m,root_z_m,steering_deg,steering_rate_degps,yaw_deg,pi_0,pi_1,pi_2,pi_3,pi_4,pi_5,union
pi2_causal_upstream_000000,upstream,8b7d46a3024da69ca7ec38f3781a56bdcc97a8944c168c7eab81961ab64d33d6,fbdfddccfc627a3ba80b185f13fc80a3ecdf8a91a1c914dbefdb331e0e4503ab,dense_v1_train_x2.88_family0,2b05564003bc4ce889a228318fce9236289e02350331dbabb898f6d17e0f4e8d,28c261f4eec0b4674e86a250a20a3e88098699e1ef74adceabb972983100838d,dense_v1_train_x2.88_family0/variant_0,7,1.6961923599243165,-70.3061560705544,87.40035054410127,139.39110163826717,-257.91297007891063,0.032486369416137896,-0.0021862277016043664,-0.7664747022775983,1.7355996370315552,-0.015240440145134926,0.06456959247589111,-7.115852440538426,22.928671836166004,-5.963316928480365,2.7751946449279785,-0.0027512286324054003,0.11863642185926437,-2.4749572521247902,91.64617371709961,-1.0189350081190098,1,1,1,1,1,1,1
pi2_causal_upstream_000001,upstream,f5d487ab7ad4d1642e7b2801fdce02fb959402f4c6f874affb140be724f24aa0,697737826c3523ee9af5a2e5b49fed1c188bd34575aa228b75f51d40bfa9a8e1,dense_v1_train_x2.88_family0,1ebcb71a7ae9e311dcf8068f4877d4ac969c30b19b0e13cce6c0e2cfb461a3b8,b17ec0624ebd4f598377f766ba4d0bf93e3b0d42fce52d7b679856a96488660e,dense_v1_train_x2.88_family0/variant_0,9,1.2379996299743654,-58.80415848938794,490.01820698271143,121.25257807081452,-678.3237903242949,-0.3510832091696733,0.7129448223114014,-0.8655946608250776,0.9523044228553772,0.005105350166559219,0.022344285622239113,-3.9797732175611866,35.91375278804693,3.5252932839621844,2.8380534648895264,-0.0024414286017417908,0.11729706823825836,-4.906910352574711,109.5937320255479,-0.4478775920531891,1,1,1,1,1,1,1
pi2_causal_upstream_000002,upstream,637cd4557ac1d25b72140ee2fb33792e295e7bf50bb714d166d05d5a9908502d,72b0280c6b92e35c76c4ec226d23293c5accf411ec4e9c91e13e73f444fdcf57,dense_v1_train_x2.88_family0,8feae57c10e0eb67d29c00a71d76bd425f4443a44120fd305da16cd73b44f76f,61ec9c6c13b12d705eb40db9c9008171ab9dd28aae88c26a99ef46fa74134c8f,dense_v1_train_x2.88_family0/variant_0,13,-1.0936166858673098,-43.38123275856772,-593.0122687227345,36.13671406821824,-449.22318095713945,28.469618825963217,-0.3598036289215088,-1.0359009066876634,1.3723089694976807,0.10383149236440659,3.4349868297576904,-11.819333292647123,680.3953593788032,41.491637019021596,2.8922715187072754,0.0004094800679013133,0.20982126891613007,-12.748424288650094,31.302087607629776,-0.05514732422982143,1,1,1,1,1,1,1
pi2_causal_upstream_000003,upstream,1e3177d0575c8fda0dd846c5dc737e863b90a10c01c7b6ce8929877f3d284c3c,e6eb6909d9240574e94b4113b4ded90c50c720025c11fb64c3462835a9d13392,dense_v1_train_x2.88_family0,b0cb35c29f17591f31e141186f7d9a615159d98a7318a37e815ab5ed7e1814a5,d26088a52b7ad6251939d269a21e4fb4467022ddde0e7d2d531a498455cf3cd2,dense_v1_train_x2.88_family0/variant_0,14,-0.33502806186676026,-53.52487646854789,-398.60964871664737,39.83902152291824,699.1926956728386,35.383619451354996,0.42477210521698,-0.9589422558627493,1.922165036201477,0.11295890063047409,3.3640077114105225,-9.108066649722112,38.20386057523885,21.844961579053223,2.9261364936828613,0.0025848119985312223,0.27844393253326416,-1.414979341056865,-36.311611307200174,0.4567296433266904,1,1,1,1,1,1,1
pi2_causal_upstream_000004,upstream,f3a86e9184751cf4b19b14babf253ffd3164e145fc740a7d9e7ba332ffec84aa,965ea77cafa05739aa04604f7ea78b9d665ab3fb483ec040f4ed5aa29613c09d,dense_v1_train_x2.88_family0,4d46e47c346a9c4f2f05ebcc4ccaee8a06aa25f0d9811554b7bf089ae7b0b498,4e211af9a2c48854203d20709304d2a5ac9b9f43cbaafd0353a50ade586f6858,dense_v1_train_x2.88_family0/variant_0,16,-0.1590884876251221,-61.93281543117149,-103.77537390937,79.0608944731908,463.46040975370755,25.92421755848723,0.5968437671661377,-0.7289192591353548,1.8574384450912476,0.12103074789047241,2.925600051879883,-2.4307200378613216,-102.66502420694688,16.475802806472267,3.0095059871673584,0.0075895776972174644,0.4150807857513428,32.3268413793743,64.86220843410909,1.120872893090346,1,1,1,1,1,1,1
pi2_causal_upstream_000005,upstream,8c5007d44318540d78bf283d49694c38d271919e9627c0619b13823369c8a07a,e804d845c4b72ddcbf78a4bc1e70673e4c33bc93bff7a0b2487497aa361c2fe1,dense_v1_train_x2.88_family0,ad441aea1ed86c8cbb42350ebcd9817f069f73e5ea404a04989582e1ec9cd4cc,e612c5110b1b3af31fd96a3c729f092c8f41b90cd2dd55de289076cbd263837d,dense_v1_train_x2.88_family0/variant_0,17,-0.33870765209198,-63.78324345092217,-68.6392210828561,82.05404729203048,-36.601235233670806,26.351688913737163,0.373545298576355,-0.5995359537476284,1.5781949758529663,0.1102418527007103,2.140773057937622,-2.8374893925604923,80.10152843475561,20.66189426763156,3.0430521965026855,0.009880784898996353,0.46457478404045105,35.73417345438896,-36.63977799115719,1.527870412032768,1,1,1,1,1,1,1
pi2_causal_upstream_000006,upstream,a7fd09ed5c0eb58075f887b4ee6e708f2b485a316bd41b9089be93b74d71f641,2351bdb9a300d6e774b68b5741de7272586ed8183b5424f52e7c2d08dd9739ed,dense_v1_train_x2.88_family0,3578be3a78502065ed643fc0783198a7481b1b2ec242fb9e62f1a948b4d1f906,baaae2a2a313d43115551e9b00de17e621420672d2fe004c75aa1ed11b63d8a1,dense_v1_train_x2.88_family0/variant_0,19,-0.19154840946197513,-54.16125202370715,426.59249661408273,62.022782682918894,-624.5539730268267,27.628840940096392,0.5559545135498047,-0.28332063312690325,1.2917780876159668,0.08852025121450424,0.7747476696968079,-4.298095464490101,-69.23392565388912,23.42055986207552,3.096501588821411,0.013671765103936195,0.5114371180534363,35.06365036847422,16.706681983438916,2.527971422929356,1,1,1,1,1,1,1
pi2_causal_upstream_000007,upstream,2de219838ca1ee389e9e8fb9ad390ce4d854e60f4feb5ff9af6d46159df644a5,7eb2901fc456c8fa157e7d981248e758ac63c873f7df634b7646f264ea318be8,dense_v1_train_x2.88_family0,f38fa4138622442a1716323a69717a979c8425757c72ce11c91214bb12c73ab1,7f483c3bd85bebfc0ae64b21981f0b2ebd5d229e32272c83ae5648d38728e4cf,dense_v1_train_x2.88_family0/variant_0,21,-0.09527360916137696,-33.274601843699855,508.29486429593845,34.91468394267624,-581.1105274902039,22.428837833681744,0.6729054546356201,0.04732412258179465,1.3756859302520752,0.08679521828889847,0.696440577507019,-3.336117534520341,-164.92693864289708,28.008630154004866,3.1481542587280273,0.017075838521122932,0.537041425704956,34.03944642695788,4.253978418867342,3.6875702435510975,1,1,1,1,1,1,1
pi2_causal_upstream_000008,upstream,2c654ff1abafba9830234a616407ec338e987316a1a3cddcc48376a9390b79e7,b6cc0a9ae646086a2cd81ae91fcbf713b1efee04973f4c4a631b055b0eb93c74,dense_v1_train_x2.88_family0,9765e5fa590231b65e32cc7f687d8d865718c92de300c2c2c2ada2f9d3ff13b1,77c7174442e7a00f77ca68969aa546f32855b3225ab76566cb0dd33103aff644,dense_v1_train_x2.88_family0/variant_0,22,-0.06323149144649506,-23.411182012345094,524.175491248325,24.019594773042318,-544.1309544180277,19.05538914765141,0.7107768821716309,0.21172210614440262,1.4313113689422607,0.08805078268051147,0.662324845790863,-1.8424815215381978,-195.92332064365544,29.91215094172135,3.1762545108795166,0.01882532797753811,0.5510998964309692,35.28364393145116,-12.801141396211545,4.296770608629385,1,1,1,1,1,1,1
pi2_causal_upstream_000009,upstream,585836b8e35f7921769ffbbcfc25f78f05f5db5024940682450dcad2fbdb03e2,0def8f6c03a56c635ac208764672ca678f7e3896e83864520185a8211c1062e7,dense_v1_train_x2.88_family0,815a160d51b134e8638409952f5f232d31bf408f074885b77d37b45dffa33f9c,9bbad792f57da3dcb840d9364d475892536a347ce98a8fe050ad507e70f1db53,dense_v1_train_x2.88_family0/variant_0,24,-0.047332174777984626,-11.987721361350031,272.95266414068516,18.40999114356211,-30.314828159334038,12.364976881703006,0.7187747955322267,0.5341029236755369,1.7126792669296265,0.11073748022317886,0.7382524013519287,1.6527307555456041,-202.4669287364728,28.793290823592393,3.24108624458313,0.022901656106114388,0.5830373764038086,36.81581245663593,5.1407393174891585,5.480378787181019,1,1,1,1,1,1,1
pi2_causal_upstream_000010,upstream,c1bab47bfc90f9e7edcd1985727e6a8733b0e95592e4fb34dd870417064454db,0e28c2ecf14770ebdf4c6deac373693de06e05ae966696e4e5f17c823162ff34,dense_v1_train_x2.88_family0,426fc6a9f398461e6907230b29624a8802b53af6e22ce44bc5e9daa797a641b7,ede31a81c66ad3bd71eee9367b6515d79ee10f64311fd629d6231c9abd4fae7f,dense_v1_train_x2.88_family0/variant_0,25,-0.03233528196811676,-9.704545362392032,255.06513636485212,21.68451189771316,33.454126535844466,9.322419813458554,0.732568302154541,0.6889211047389225,1.7715497016906738,0.1183888390660286,0.6592435836791992,3.1106993072385296,-213.77687505855684,27.939030526362437,3.276834011077881,0.025254253298044205,0.5991737246513367,37.56290879333568,5.078016409680462,6.038978072583927,1,1,1,1,1,1,1
pi2_causal_upstream_000011,upstream,df5472f65a5554c0a7743baebd1ea9b5f0c7815faf9206aeed2050256b7ab9c4,faf19c2b10b005beb94f245486e10f55fb584f2e2aa04e65f18cdca0287e2c87,dense_v1_train_x2.88_family0,f3acf9965918c27be83b4dcb3009d853c475bb54cf5e4105eabab13fb9bf2715,da969dbe67250dd1a83c727d3887614e27e553078e74b308ce7fae1bcc543c8b,dense_v1_train_x2.88_family0/variant_0,27,-0.0696717381477356,-8.720347546391753,106.9568623643836,32.14669514001521,229.77715326482365,4.5380805841661305,0.6832209777832032,0.9917518754256742,1.9007188081741333,0.13431160151958466,0.6168265342712402,4.7495970087241535,-173.38765789233196,25.58232497966831,3.351297378540039,0.030342184007167816,0.6291309595108032,38.25375852222037,21.622587695150532,7.127048137463292,1,1,1,1,1,1,1
pi2_causal_upstream_000012,upstream,a20c01411460f082d9ae9df68a7e5cb98af36d5449284ca5290b804f0d21a64f,b1ed76bd34dbded378d8a5736dc78ad6f1525e110332f0e2892434a89ca10de4,dense_v1_train_x2.88_family0,923cec42b5e575490e3fbad240b81dd217105e60291365ed4b614300b776b268,c0715d09051501e61b8131ba07bc74662117f04ba2ba64ee3804ffc597d91b8c,dense_v1_train_x2.88_family0/variant_0,28,-0.12722769498825073,-10.33787379940782,33.14873170258027,39.44083856977942,242.32571341175446,3.0083196938461088,0.6169088459014893,1.1305825890753136,1.9081523418426514,0.13565988838672638,0.5571119785308838,5.049256617519654,-119.16922010979889,24.86857874913844,3.389986753463745,0.03306582197546959,0.643552839756012,37.848325323277585,34.67902192574329,7.641796652988991,1,1,1,1,1,1,1
pi2_causal_upstream_000013,upstream,a45d125eca7e60e88a690aa3c6c214889e1713177cc9db4c0d8c7432b94e5845,9588fba077b0d8ed0c39b99dbb25fc0ab94816e43af5ee74a08cdb4429198136,dense_v1_train_x2.88_family0,85abe19b8e57187691f1fc5deb56295f39d1c833b3f2cbc2492ff509488dd5f7,9829d67496123a2ac7a1ec3fdf7268d13a5d7eb5de926834d50cf06026b6c036,dense_v1_train_x2.88_family0/variant_0,29,-0.14182711124420166,-13.395394320985687,-31.875949856410493,47.894748120611794,348.60580648222736,2.164709962312545,0.6047220516204834,1.2553900091625365,1.9798637628555298,0.14347296953201294,0.5597134828567505,4.558222365256389,-109.20758728082123,22.05524602812499,3.4294867515563965,0.03587542846798897,0.6577160954475403,37.697576218106235,30.894707804773535,8.128395559164272,1,1,1,1,1,1,1
pi2_causal_upstream_000014,upstream,e8e4833df8a72dfa9853f4c9915fa785c2b2fc1f256b6652fc7f53a9c2165be3,e6d9260fc5d3e77d615321791ceded40e7f9e38fffde7779c226e9130968c2bb,dense_v1_train_x2.88_family0,afb12c38caae7675a8a80fcd13330be3320637b0f8fb8b2ccbb1200767303247,21dfdc414bd5a6a63819109de50773f35bfbe50f4d3a59842587b5d69efa2a39,dense_v1_train_x2.88_family0/variant_0,31,-0.27863521575927735,-27.96722725480354,-356.6497202677514,73.00459988708634,664.611447905064,3.896250733752011,0.4450849866867066,1.4557982197412365,2.158759355545044,0.1540142446756363,0.9303836822509766,2.4204610937279623,21.45031495635718,17.961438960389035,3.5132663249969482,0.04182426258921623,0.6940532922744751,37.22862225988233,28.19692480904378,9.048102183203493,1,1,1,1,1,1,1
pi2_causal_upstream_000015,upstream,baab0f77062f9b5033bd691fd2c7bfab27c341c775795ebe5547e06cd1d76c4c,2f831a335849756362bee4f4d2143f01f4838caac622889021cfca1ca7958e01,dense_v1_train_x2.88_family0,8204d581ccdc7e1cc00c449b2bd44df89f34a0831115a7ae302d87e2c723178e,82c38e529e6c9e3ccf12637ab4dbbc4d991b6eedf0aac0f5287929ccaebb3635,dense_v1_train_x2.88_family0/variant_0,32,-0.31994320392608644,-39.63889356514228,-472.93535745337596,89.61437002393924,798.4843031090945,6.487948160951027,0.4052751970291138,1.53127541167824,2.2600972652435303,0.15748299658298492,1.2114768028259277,0.7654882218655957,54.05122109127283,15.512968114648496,3.557918071746826,0.04490041732788086,0.7197643518447876,36.24831594416167,35.63367746603597,9.487523539016056,1,1,1,1,1,1,1
pi2_causal_upstream_000016,upstream,12d97f15b37d8ba0291bec180f7da5e1c6f7cff9ca88391dfab637c56d2786e1,ae30c67a8f6bdcb4b535786259e96ed4a817769f9675b1f87bce57bbb13a1b3a,dense_v1_train_x2.88_family0,2088d078953100562f3fcd2674fcafa6e8e837b9d6f9c0c9cdf9578330244d5e,05b5a65a0d6f59d67ad2f9d8688de12783cc0861d14e60533f6619879bbf2933,dense_v1_train_x2.88_family0/variant_0,33,-0.26720938682556156,-48.769025994751765,-345.03736048997587,105.0793116634388,696.8018562557673,7.473397064094802,0.4795774650573731,1.5789740036208009,2.2328131198883057,0.15500019490718842,0.9636617302894592,-0.0915503748711832,-6.743265194427407,13.009097604549984,3.6029398441314697,0.04799878969788551,0.7430737018585205,34.80183897230388,39.14501966173158,9.815428264767982,1,1,1,1,1,1,1
pi2_causal_upstream_000017,upstream,e1efb8c2f15728ad721173784fe155778abf5994cf9dc126642fb8f41bb69739,248a8f471b4d9e1515587fdc26abb7f265f30467bfa09c0ff81baaa03dddd301,dense_v1_train_x2.88_family0,0fd70b3cb87ae73baaac92144757aa10fe47e143fbc25e56131160f387fd377b,9996cbbc3acddcbe9c9006cc3947aa0d38c64eaf0d0b07324c7788a205db31c9,dense_v1_train_x2.88_family0/variant_0,34,-0.26304009914398196,-55.436086341722515,-247.56681809022874,117.32480948670698,519.8116560668471,7.781929854531771,0.48778502941131596,1.6121962222008135,2.1238067150115967,0.14568515121936798,0.4937335252761841,-0.31992200529857756,-13.445665367050628,12.218043877899325,3.646301031112671,0.050952788442373276,0.7584167718887329,34.38828126334336,21.542350047875807,10.088094833923256,1,1,1,1,1,1,1
pi2_causal_upstream_000018,upstream,a7095e1baaf437709b5c4bcd44b9395722e91876e61b666db5a130e527e3e3c1,440b95a7390cd108f8233cfe00e0825949ee3ba5d6343ea0af71392715ade1d8,dense_v1_train_x2.88_family0,08ec7420ef98521f89aa6b9738360123eb1a1ced41cc63683ffdeb856940f157,80ffb9d65ec48dbfb9cfa406e0b081858217e67810f95700218ffcfc4e3412b7,dense_v1_train_x2.88_family0/variant_0,35,-0.26424368143081667,-60.35558814803215,-174.93291989015566,126.19568159580113,366.12496849574325,8.042738908575934,0.4829115200042725,1.6413371029644412,2.020540714263916,0.1375284343957901,0.006514458917081356,-0.33117284764589594,-9.47044916632631,11.923669554860945,3.68747615814209,0.053725432604551315,0.7639756798744202,35.586398896601146,-8.555051845835568,10.341713492556574,1,1,1,1,1,1,1
pi2_causal_downstream_000019,downstream,7f7dbb2216474e34f4a367f35adbcfd4dcd12ced2d73396959cc957cb7c5dccb,d047507b6adb030763ce4054d8e379f4540fbdd95607ead1965aeeb2c83db0e5,dense_v1_train_x2.88_family0,3b30ae62d31123efa28f01e0bfdf9d7f16915c18e8ca52f6b960ae601bd20444,3f83ddb87ebb809fb1efeb6971142f2132286f4e89dacf5969d234c1f23d4ac4,dense_v1_train_x2.88_family0/variant_0,36,-0.26649561882019046,-63.911937875263554,-117.31848473153556,132.32577637588759,247.3922384550432,8.32678229789249,0.47934127807617194,1.6722230402630374,1.939823865890503,0.13174454867839813,-0.44043058156967163,-0.2516557319677546,-6.556764744706093,11.678040584381653,3.726797342300415,0.056358277797698975,0.7600879073143005,35.76987485318061,1.3245012125038813,10.592663764647464,1,1,1,1,1,1,1
pi2_causal_downstream_000020,downstream,70f3d7a31b1895949a1bf14dddd44af0090ea1f8737ff5f54220b7d89ebbb687,a91c999b68de18b05eb029918f0bb54e88112b7bf26877867d7fc48b0eb5d2a7,dense_v1_train_x2.88_family0,0b244fd4835044c8da392289b3f086403a014a5144131b6a4eb027a4a9db5c52,39330153917c4e8d67d7c1cd0e6a4bd5daa8c0dcec8417df6bba593f7e5e4ba6,dense_v1_train_x2.88_family0/variant_0,38,-0.28790505409240724,-68.04017251151096,-37.617338570831514,139.04058999044048,101.98736698844407,8.851984047437796,0.4802486085891724,1.7484957050908503,1.8438904285430908,0.12617127597332,-1.165960431098938,0.01915524218192762,-7.293464679715437,11.329511398961536,3.801722764968872,0.061387885361909866,0.728211522102356,27.840416255125792,52.71917369367485,11.107583650545775,1,1,1,1,1,1,1
pi2_causal_downstream_000021,downstream,4699bc16cd1b59d301b59b98b222ed4b462f72d2ff4b0eccd84c698aab764819,4da783398a27636d1fadedc6d2f812a681addd5366541350b1a529d00a0f8526,dense_v1_train_x2.88_family0,1b7773884317de90c8993114ef88b56526ea26b24b30211fdca005c5ec0b7b92,6d8c539a59a9e6a83804df59812c45ad55cc778e279d59cbacfd49b119fcfd9a,dense_v1_train_x2.88_family0/variant_0,39,-0.29382865428924565,-69.11333183390336,-13.263447019052089,140.6962415056299,62.65850253991783,9.071242075440516,0.48213726997375494,1.7914178249309087,1.8192938566207886,0.1250954121351242,-1.4561630487442017,0.14999511632000548,-8.838328819019969,11.236269925280753,3.8380799293518066,0.06384088844060898,0.7024105191230774,24.510308006414594,68.3405232500731,11.359526308416136,1,1,1,1,1,1,1
pi2_causal_downstream_000022,downstream,742ace82d4328a75f8f88dd6848f1b089579f3e26d2782415034db7bb5a2a4a8,7d1762d4314f26d0ed2eafc9dbc0bc2af28c9e90302d197d1f52fe2458f51a48,dense_v1_train_x2.88_family0,83f7c8d861308f57761e3e1034452cdeabb0bd6e067c9ccc2f3be4ee66e2f300,c8dbc900fa273496502e7e4b60ed3fd9d5e183b475ed7b5d8f78faad19262e90,dense_v1_train_x2.88_family0/variant_0,41,-0.29909683227539063,-69.99385250094473,19.19992642673618,142.3251596604079,21.774040309806395,9.304141650546173,0.4892189073562623,1.8845724956816179,1.79671049118042,0.12486400455236435,-1.949596881866455,0.3693704938162071,-14.636279183731508,11.153254952334771,3.909818410873413,0.06871794909238815,0.634891927242279,18.34174730846993,68.92903283952892,11.852538990670867,1,1,1,1,1,1,1
pi2_causal_downstream_000023,downstream,41fcf5b5f52fc1e8c8b99ef924071f0f85f29f748b387bf5285b4b4a2df731c9,8e52fe841055fc4813050f1c7706ac165a896f54f83c04fb7642cab87e4a88df,dense_v1_train_x2.88_family0,551baaf1119a5831fc34bdfaea7d6a1c57683a5b273f79ba5ab37f56bfe2af81,650dd7b1487c51b27aec8b803276d45a434392ab494476d00428cc79ad9f0b9a,dense_v1_train_x2.88_family0/variant_0,42,-0.30351302146911624,-70.0846257150142,27.848414406643876,142.691476365974,12.166203595872574,9.360946528552885,0.49156902790069584,1.9357846228900755,1.792067289352417,0.125166654586792,-2.168755531311035,0.4858150272420224,-16.562293491932138,11.075883423190513,3.9454426765441895,0.07115600258111954,0.5941669940948486,13.606754524851732,92.96055483040936,12.10106301444951,1,1,1,1,1,1,1
pi2_causal_downstream_000024,downstream,c9d3307c22029b65878e6504ef6d1df0871e042dcbc25a8c2938e56b9f77d5f1,3ff97684931cd8ba3a31bdc76611bf754e83745a129ecddf2f59699ab36814a6,dense_v1_train_x2.88_family0,5988ef067ef2a1c5d879b74e974763889fbb9ccd758647bddef784c004944ef5,e5859026059c780fa9421211194d0dde0723cebec0f37e4edc55c4443572b35a,dense_v1_train_x2.88_family0/variant_0,43,-0.30728977680206304,-70.04451201401871,33.262433861693474,142.90796604190675,6.399358766414918,9.389903519136412,0.4931218004226685,1.9896492875264071,1.7896348237991333,0.12558478116989136,-2.3776423931121826,0.6081783464704769,-17.832358630359547,11.054171959366336,3.9809961318969727,0.07359965145587921,0.5491764545440674,8.660773782677255,100.70973912305816,12.349174648848852,1,1,1,1,1,1,1
pi2_causal_downstream_000025,downstream,e15ff3fb4c88349cf256cbce0644395fc990b3d04498e02c3d630cec08556324,4a5082b8c64f38e679948769b5b37704201f59ea2f288d32131e73ddaaff9a14,dense_v1_train_x2.88_family0,d09c555840865b3f2d9cecd5b7a4d4ad02be9fc01eb01d8c9819e8d684bb6d6c,b1ec307d070198cc43ae6ec625d9fcddb55e4632d9bf839da03c74bab44b88e7,dense_v1_train_x2.88_family0/variant_0,45,-0.31095137596130373,-69.7785239571709,38.16390738368886,143.11027624512252,0.9136618121113235,9.415546056334025,0.4943555068969727,2.107672616048384,1.7880208492279053,0.1267009675502777,-2.778576135635376,0.8954400413444931,-18.846976401375773,11.003179474570313,4.052011489868164,0.07851245999336243,0.44699910283088684,-3.8529639254307297,130.78428464248574,12.852207646144265,1,1,1,1,1,1,1
pi2_causal_downstream_000026,downstream,b06955498f9f9e4c5cc8c7d7c5b9f34af48097fb19e85ad588667978d65981c8,76054686dab3633439a88d12cfd815bd8ee39adc60a3ea7e5afa6dc675fcf3b5,dense_v1_train_x2.88_family0,a077d849b7b1cdfe05bb1367016bc8aaed1100d1f5237a22f096193f04ef551b,0a81dcb857707bb7732893cb2613b96681932353d2ae72fa5766ab8c2abf54f2,dense_v1_train_x2.88_family0/variant_0,46,-0.30821139335632325,-69.59738734038217,39.231947479298334,143.1539211539189,-0.29682881554964713,9.419265477830576,0.49463638782501224,2.1716050526722044,1.788131833076477,0.12733449041843414,-2.974846363067627,1.0456738941203316,-19.057617727831673,11.018099169038559,4.087510108947754,0.08098488301038742,0.389964759349823,-10.442307391817314,132.80257822146783,13.104883921047053,1,1,1,1,1,1,1
pi2_causal_downstream_000027,downstream,31b335ace66ebda6db9481a82e2520b6cf20675b460d9455a52d6d4819880307,5d1c5c5d097700b303005b3fd2e54eca13bc71f6766550cec67c125fce186e88,dense_v1_train_x2.88_family0,647b552da39f09e0ed8a0a26e7aa2e3c5788c066e2f8875b40536aa4bb64cb39,90e8ce2bf47ede9e45d46f7d78273cec1803c1ae55623c1ad54ca251d6a36260,dense_v1_train_x2.88_family0/variant_0,48,5.055248947143555,-64.5093676917754,552.1276852567653,145.00360468305007,176.90218637127538,4.042767800475817,1.4265163612365723,1.1224209177981728,3.1420915126800537,-0.41033878922462463,-1.6522622108459473,-181.35393974774962,-698.8454488554352,-152.93133695079217,4.16791296005249,0.08317197859287262,0.27508336305618286,-26.931019255820907,394.6615534895699,12.47356137532725,1,1,1,1,1,1,1
pi2_causal_upstream_000028,upstream,5d77fda98b5bf83ff2c7386b30c042400daa372671c899615f4cd220d6766a84,6dcbdf3f5f20a0c8fa3707c3280c4b42eb51d147dcca916c8147f45ae0e586b2,dense_v1_train_x2.88_family0,250d73c2a35ae86b7bfce27a1cd2b6f78571ceef1bd24189881e08bbfb517f9d,1f7f83eaa1d0a266d8338c56659d8e373b6d98ef55e259ebb5b63e677c05dc6f,dense_v1_train_x2.88_family0/variant_5,7,1.3111286735534669,-68.4949743177746,235.69433738810244,139.29709091453114,-263.9030459810118,-0.011987523321370515,0.8736432933807374,-0.7060303675919419,1.378947377204895,0.0165718924254179,0.09015960246324539,-1.437168491236121,14.422014441920917,14.92446023273998,2.7707114219665527,-0.0023989039473235607,0.11873114109039307,2.888228733470401,53.337889794735034,-0.8126680928655742,1,1,1,1,1,1,1
pi2_causal_upstream_000029,upstream,8d4f654ac4da2724c2054089361254e402639477cb944cfa75861beb742c6d9f,00651bee8cace07ae3ed445749c4769ea6770ce5f61d64921188730c49c85961,dense_v1_train_x2.88_family0,91147b4a767e6d4b719a195bba8ba5d0de8667d2066ccf8dace11e1e2991dbe3,f03766251ac531de5f0f5f4ee81a2865362fa46c8822aa8a57bc8ecdb3242772,dense_v1_train_x2.88_family0/variant_5,8,0.8798511791229249,-60.42638305877933,421.73063135908427,131.6942161040932,-463.1416858062781,-0.06325048410017241,-0.32093000888824463,-0.6974443417214049,0.927627444267273,0.03520093113183975,0.08972523361444473,2.6611381770589944,22.09371706862509,23.32143503419842,2.792387008666992,-0.0018893490778282285,0.11867415904998779,10.353446630715448,-84.52281233734242,-0.4221532708083014,1,1,1,1,1,1,1
pi2_causal_upstream_000030,upstream,d3b6d3a91580a3a6401c484c6c6f4c35ff2ab31ca62942ee3c6747e4b0f6f219,8f7416888c3adcee47568c8b1bfb042bf312711e186411f92919d339d6c81cf8,dense_v1_train_x2.88_family0,dafc83841378b54e16b505df13323fcd5a49dc6c87504abc4d159f74d9968802,a6e1e9ed374c36f15c13ae99763b671c9f29de93dedf8b924213a6d14cb6637c,dense_v1_train_x2.88_family0/variant_10,7,1.694349060058594,-70.22396157408245,126.21603555952777,139.4224112254225,-289.7457770454287,0.14379043245612758,-0.3261657762527466,-0.6724951668020215,1.668331265449524,0.02615477330982685,-0.10100316256284714,1.8115693660151895,17.64385565455095,23.025296814806882,2.773902654647827,-0.002289357129484415,0.11877793073654175,2.851811232032951,66.43248941486253,-0.799306973013946,1,1,1,1,1,1,1
pi2_causal_upstream_000031,upstream,d4ae6d882e8ca82e6155de67ffed4eee168c15bc57029b783a4ccf62fbe0c044,d5cd174f2135870b69efe98fc7c68820441cd82e038a849b7b50ced330e5182a,dense_v1_train_x2.88_family0,9358931e94ac8e77931fab231d154b5902079d8cc9c39a0c12de47c24cdf12ab,1980121b008bb041f7c2650ad86660c24c4cea86193cdc0dbbf7a3d7c4ec34f3,dense_v1_train_x2.88_family0/variant_10,8,1.5929392623901368,-65.91701503820167,295.1925250594337,132.4253332132297,-436.869281201554,0.13675655215821805,0.39528932094573976,-0.5721245871955913,1.526962399482727,0.08738803118467331,-0.05075884982943535,12.73569025471625,-28.90108145397895,46.06092087563882,2.8049888610839844,-0.0013747850898653269,0.118714340031147,11.124014912497946,-111.95003800617557,-0.16468591196892599,1,1,1,1,1,1,1
pi2_causal_upstream_000032,upstream,40ed5bb2dd8b867c7a57802291c01e654ae9cb2a9a01e30cca7dd80d5e79ab91,4b5aebf01aae6445742feeaee94185518bcdf290eb94615b0b50f5ae24340fcb,dense_v1_train_x2.88_family0,2a4a9105124af1e7b18379ac4ac1072cbf9cf196829325c1b78141145ad8aa91,a7966f4185cf1f4a8f78647d37d93865d5a1731bccf430a484e10f6b84beebdb,dense_v1_train_x2.88_family0/variant_10,10,0.36188107967376715,-44.38540034015383,604.6256666892639,105.04281796270342,-944.6127579861757,0.3077683185111942,-0.5655094718933106,-0.5567883658693847,0.4067671597003937,0.00042614489211700857,0.08582024276256561,-3.778575908293298,24.25737244107068,-3.8591939117274277,2.8319432735443115,-0.00045017656520940363,0.11916228383779526,-3.877540226724905,10.877019904184653,0.2723939473733352,1,1,1,1,1,1,1
pi2_causal_upstream_000033,upstream,d84aee0785e286bd392410c5138e36258eba7bac44830d582c88008408bdccb2,7c539540ed54e1f05370e821f880a4d53b4e9ffbc79074b0bcb019237272fc53,dense_v1_train_x2.88_family0,bac022b09024503f520b4e9b09db79e825f52a9e0edd039ae8a44e417a24e7bd,6056f643cb85a1c73770232f5a4ddcf95037a16aefce13b6baf4d9ec81218580,dense_v1_train_x2.88_family0/variant_10,14,-0.3016614103317261,-55.584683937305314,-350.75723410851134,42.690471822142236,528.2254655770623,35.32770600186907,-0.5959321308135986,-0.29164828882308447,1.7835382223129272,0.08432728052139282,3.085496187210083,-10.043579731092187,49.2428703684214,22.179041499284182,2.904898166656494,0.0032901118975132704,0.26886090636253357,-3.6140422007163915,-109.6836309754036,1.9087446825381091,1,1,1,1,1,1,1
pi2_causal_upstream_000034,upstream,2d7e9ff9de5c048cef60453dda40ace5e0fee02076bca81d8bb533256a819b28,47aab1696923190ca14ed997b1997b2d73ab1fd145d41dc34b81dd05ef5131cf,dense_v1_train_x2.88_family0,5f6f7b895027eca696f857d65bb56e975005bbb41c12cfa5386ad275fa44ec8e,7adfe8d73260d916956c0179b99450a99b699f11de057a8678d58629b3840970,dense_v1_train_x2.88_family0/variant_10,15,0.2617628335952759,-61.01944838441153,-176.52121207975043,63.25042039376948,1278.4289099717641,30.666517345314915,-0.02406999558210373,-0.2312083761611614,2.1646084785461426,0.10513094812631607,3.472724437713623,-3.6633010981237,-418.84381092524336,9.050118471030078,2.945296049118042,0.005244695581495762,0.3342263400554657,15.355354669361281,172.02924254944315,2.180719537687951,1,1,1,1,1,1,1
pi2_causal_upstream_000035,upstream,da410a0146d02d75411a5eb2e1e845e7b8f8f4add273d6568f9ecd01cf0d114d,0f27f1e0005b0332c4324951b3030db5ea2607fee62a59c0c30d625f33f48239,dense_v1_train_x2.88_family0,124ddc8ffd39a1adc9e60864eaed2b32c7575b8958860a9e79df161ec117a8d4,2ffc368cc7ba0ce4a567da17b38ef1230667e1be74d6adee342ad766f98e20b3,dense_v1_train_x2.88_family0/variant_10,16,-0.08175292253494264,-63.005530791267844,-125.2865697568941,79.45983216223291,526.6678545972193,25.03957634409781,-0.6737764358520508,-0.1794238735059435,1.8249876499176025,0.09509718418121338,2.817990779876709,-3.662112645208118,-140.06457195080878,14.70291963191603,2.9845733642578125,0.007226764224469662,0.39554500579833984,28.64310179393298,19.25956080837956,2.4222770098301605,1,1,1,1,1,1,1
pi2_causal_upstream_000036,upstream,703edc063822d146051b1688961fb55fa77a7d71e7dcea0301359e10ad1d9984,c0f2c15ca127bed85edae884d6f4758f8c0cf90609c11500232758b178915dd6,dense_v1_train_x2.88_family0,742aa6317550143f58c6cc729324ed5c492a9d216253e59401dd7f200f21d57e,0a6d963cb2ffa7ff9f3397204d271c73056d61cad19b8e8bfc95236ca1597493,dense_v1_train_x2.88_family0/variant_10,18,-0.3604416608810425,-61.04256174456286,169.31564937333212,73.34559708139923,-640.3464632181633,25.39211839991541,-0.9932307434082032,-0.0019686738529507155,1.250593900680542,0.06771325320005417,0.8764420747756958,-5.654471142138021,121.39080743923724,22.858349916018845,3.0442185401916504,0.010463625192642212,0.46283140778541565,27.61330221993911,44.6748330213277,3.254508405447869,1,1,1,1,1,1,1
pi2_causal_upstream_000037,upstream,8ba17b1fcf55f35f921b0014769e78866e2f3ee4dfe8e84cb46294311f0ae6de,a8c25ef1a1a9ba135ef5b911052d39b50558f2bdbcf6864a8ec6afcb52143112,dense_v1_train_x2.88_family0,0e4d7eb1e6ec565318f96d221f01c81333c67d5ac535a490ccad0a186fdf1c1c,c397d10f3d034b3718e64f7c2b05c523c7ba7be3bd5a88737ed168f2a9f0131b,dense_v1_train_x2.88_family0/variant_10,20,-0.15043668746948244,-43.14018513747422,396.7729288865609,42.69818310571518,-652.8855430625262,23.32187364633052,-0.7691597938537599,0.1849212842538227,1.291657567024231,0.0598183274269104,0.631618082523346,-6.972243017483853,-62.016116418288966,26.5040897440128,3.0934627056121826,0.012929621152579784,0.48204371333122253,24.10051202413946,31.61174447893606,4.318013169101992,1,1,1,1,1,1,1
pi2_causal_upstream_000038,upstream,bc1c3ccd7cbebd13d6e0fdc59a185d18f7ebb9b671d65484534a61b646af9d2d,717a706d52a433e02c84798e096ccd03a1ee32575148ebfd4cb20378be372847,dense_v1_train_x2.88_family0,182da08f1f139832c38c377a8de333e0598473adbedde8b33d23ee74e9660bc0,de83318ca1082e2ed9a7ecaec32df219f1547c986f321edf4375f585d7ef9047,dense_v1_train_x2.88_family0/variant_10,22,-0.0715556013584137,-23.646888425507647,329.2203362591405,19.905454232147232,-318.6051841001868,16.388471233406143,-0.663015308380127,0.32275213160566735,1.4777309894561768,0.06832589954137802,0.6793842315673828,-4.793266676956277,-148.91737137935905,28.273626125875726,3.1481781005859375,0.01544137392193079,0.5038577914237976,27.977277878167214,-67.14185237149255,5.385879482111532,1,1,1,1,1,1,1
pi2_causal_upstream_000039,upstream,e656745abed3f3ccfa15931c62cf2a13b04178faa798c2b417d2f277a7819fe3,62e319dd787d07db864cfcc298f39bef4d0433cb53d6b6d84723832b7cba3752,dense_v1_train_x2.88_family0,a4d5176cbaf0fd714e44b1851e47da686612bb520eaf65b082e5fc634e0df972,5afa72c6e25de5a571b646315756dbf9f45939bff862f000cdf590560e8474be,dense_v1_train_x2.88_family0/variant_10,23,-0.0761450755596161,-16.376978506918647,204.33066879491582,15.716277233030388,-23.450592203856065,11.950027396835015,-0.6403617191314698,0.3692617569004512,1.6076107025146484,0.08101598918437958,0.6506521105766296,-2.979770984151732,-167.4538627489917,27.442363075581202,3.1791486740112305,0.01697419583797455,0.5155591368675232,32.27469288506125,-103.93378648679011,5.8571835988677785,1,1,1,1,1,1,1
pi2_causal_upstream_000040,upstream,16136562d9326d84abcebae851d17b648b627d35ae67f88fa478448acca129e2,43666822d0e41005654cbb5a2d2e62ed5a9dfb8ae8139d45f741a47e0925f74b,dense_v1_train_x2.88_family0,b2e6466c9a4bfe8d0b3ad99bb29bfd19de062c0b4ed02c35f5f0b7ee99cec211,21f8ca9156a47f83c1f5781b0cd4718fc8a86a15a0c8cc90e2b0dde1d888e3ad,dense_v1_train_x2.88_family0/variant_10,25,-0.09993987917900087,-9.092673964653843,176.56118234677334,21.02301661433389,-26.292270209925068,3.4298393057648497,-0.6695120525360108,0.45874023966053556,1.618825912475586,0.08674013614654541,0.37107622623443604,0.738626848768081,-143.57635469370587,27.510007561573715,3.2469687461853027,0.02069353684782982,0.5367249250411987,27.68620936668712,109.88845468823395,6.841951491268218,1,1,1,1,1,1,1
pi2_causal_upstream_000041,upstream,1ca98622efa0bf5c8f61a57fdc80700f3c788436a6fd086406213728f8b7d41b,5585376bfaa117145ced6646d144ce142a2a92496a6ddc23346562a7fe83940d,dense_v1_train_x2.88_family0,5d283ef6fea36f6ca066b97e19aed740b4486e9b08d179736c29d17f375bc39d,96240947182efcdf05584ba37eff158fa80523a9e68976ba78baa3995624ae50,dense_v1_train_x2.88_family0/variant_10,26,-0.14978999376296998,-10.07350791248789,-48.01584395950153,26.590602627587472,289.1205961703191,1.7304808420167321,-0.735608892440796,0.5026584370223706,1.7234504222869873,0.09887062758207321,0.4457313120365143,1.4542733126302425,-89.50087277050115,28.13485034231941,3.281304121017456,0.022645682096481323,0.5468226075172424,32.45587048298501,-65.18606185360524,7.356799668458828,1,1,1,1,1,1,1
pi2_causal_upstream_000042,upstream,42323bc2b089fe5a15d108f4ed2302ad657dad3c8c1869fb5a0f4c868aecb2ea,28163ad8edea4a724618f6ac15cb411cdd1fae5a5bb6d020b15739fe7b5078e2,dense_v1_train_x2.88_family0,49b11be6e249ed2b6e12b028b9b4f4d06611fdd4ebc76d58ee0043d132d1617c,8b4979226ccc5d51006fb634bd3b78a76e0b33b91215c3de1ac4da826bac932d,dense_v1_train_x2.88_family0/variant_10,28,-0.18959674596786502,-20.125203615861345,-359.1823817327488,51.03467487452586,816.9940611183157,-0.5319774388919463,-0.7805429649353028,0.5582315538761503,1.9389923810958862,0.1261323243379593,0.863309383392334,0.62158984979262,-52.74057950653366,20.540731834397413,3.355231523513794,0.02723400667309761,0.5727895498275757,36.247202623326956,-29.575125502410827,8.29484454694763,1,1,1,1,1,1,1
pi2_causal_upstream_000043,upstream,68c6c6685b85951e3a55f635d3bd4803fb04e2670de28d75836f94c52532bda7,1d6159f795fb0f0a8a854bd64daff02c1bba318a3ff0ba475fbb283758cd5e3b,dense_v1_train_x2.88_family0,aa5d3cb4acb2850e929599c975c0d71efd0a90cd07da7154aa6a4a1546b2da21,fb06447f9d7ddad70673954328a729b7e48591cf3affb97cb860279dfc139652,dense_v1_train_x2.88_family0/variant_10,29,-0.29784847259521485,-32.15233687626964,-577.5888819541453,71.40353524374366,965.3747845345869,0.5728813475925688,-0.9114861488342286,0.5583060618464267,1.9617748260498047,0.12477440387010574,1.3092024326324463,-0.9067980056039896,54.442789006200485,17.749966058401686,3.394883871078491,0.02979729324579239,0.5982787609100342,32.15192706491944,58.99376454074749,8.728785708646074,1,1,1,1,1,1,1
pi2_causal_upstream_000044,upstream,4cc9f02ee79cb23b9a8716dfc39468d9bdb9e0aa7e94076e368592a892c2c057,281187075fe70569aa9be51dd859a3fc4335f27ab4bf31d262608bd54e31f386,dense_v1_train_x2.88_family0,d2c06ef9970da2903b211148a1d591609e13cef397a647d334e485686b9165ee,8841dfcc01003c939c6c5ad740d68c3b92e75348c65e728621b532931d111abd,dense_v1_train_x2.88_family0/variant_10,30,-0.2350293278694153,-43.17299736624696,-498.7040219464333,91.21242255385796,920.1565280025146,0.9454624453154973,-0.8474942970275879,0.5307257579012042,1.960206389427185,0.12298184633255005,1.3462015390396118,-2.353729505206703,2.0379728480847756,13.881965898399994,3.4346635341644287,0.032342590391635895,0.6264914274215698,27.43845279228137,84.81414722620013,9.067568904645515,1,1,1,1,1,1,1
pi2_causal_upstream_000045,upstream,5cb0c589ef8efd272cd46cebee7db231977cd7a03aa28d88dd60371d49b6d392,5c6a53cb90d2779880fd1379b57c215fcaebfcb443f3342f28543341c85dcc6a,dense_v1_train_x2.88_family0,72239a77ca37a3e09e220d29efe7bf44d9da83b9b284bd0b01e9a88cbf6d267f,7fbb18c25a72a2a0899a35fe91d953470dd252788ee8576fa47a6dbcf1b53d62,dense_v1_train_x2.88_family0/variant_10,32,-0.2042043733596802,-57.48293352652984,-292.6089377039847,119.13691331502473,500.9984737339373,-0.15774978914981025,-0.8350584983825684,0.40563404457131386,1.7801798582077026,0.10165545344352722,0.38443395495414734,-4.097696006694633,-8.153102043369486,11.90254719485268,3.5098304748535156,0.03690331429243088,0.6612734198570251,19.664457837472504,67.1131177656543,9.591206590763475,1,1,1,1,1,1,1
pi2_causal_downstream_000046,downstream,b05c4a5f54ab3fac9a75110d9d19483ff994ffbb9ea2dd08cc0f27cbe644f1ec,bb425e08b0490480e7133d82906048b950b5b32fde5927d4dee35df2fcdba963,dense_v1_train_x2.88_family0,0bc8c82af00bd096fc15f08cdc0965c4aa0911a4a14412bc9e90c7f9f524ed09,291770bc2dbeb853dcdcea1103ba9b3b61eb519d7aafb24937a1d77fe85ced2f,dense_v1_train_x2.88_family0/variant_10,33,-0.19540824413299562,-61.98892543520314,-223.16178720458612,127.50818440708912,347.8809048452356,-0.7469481852446869,-0.836114263534546,0.3144192450611409,1.7182613611221313,0.09450658410787582,-0.11612415313720703,-4.84758332944398,-7.257341516742533,11.407356772479464,3.5450780391693115,0.03891533613204956,0.663402259349823,14.343166738142289,94.79921443422012,9.83600084216345,1,1,1,1,1,1,1
pi2_causal_downstream_000047,downstream,b1fb93b0ed8784419b944b668cf396b4f84573a254e5151e271e2e58045ff372,08a1c798d0547bd0c61c2167ade19727a8ae48b0ba52ee2b9ab6879da1daea00,dense_v1_train_x2.88_family0,b33d114526442832f2975d6be7949a77625b2636cbec02b4ea7e91b26044316b,a6ba9180a52529ef25b405cfecd6e05b78f3d717b4afd931c3f9a62f5c580f2d,dense_v1_train_x2.88_family0/variant_10,34,-0.17955442667007449,-65.22792408302826,-168.28687262016643,133.21697945879083,233.64973392043748,-1.3463427052186794,-0.8349945449829103,0.2090119011069911,1.677535057067871,0.09014640003442764,-0.5620934963226318,-5.387688648912377,-8.165962435802975,11.918723644128209,3.5793373584747314,0.040824439376592636,0.656017541885376,-4.305792233911058,-190.28610597445547,10.112379315701718,1,1,1,1,1,1,1
pi2_causal_downstream_000048,downstream,e148fa22baf18e598610b8a64785157e5db2537f1cca1d7f8ecd3d2674409a08,08b16b015c41df5403b0fafd2ec590e4a91eb4fa057121b87cb297242161d5e2,dense_v1_train_x2.88_family0,e438aac00f636f9eaab7d704c5c27719fb979ed93cb9f39e95dcd0d6a9693db6,746d7e952df7d70e1d5cdbbb77d616a1540474bee4b51ba50c2d110debd5e5df,dense_v1_train_x2.88_family0/variant_10,36,-0.19099192142486573,-69.20058750055028,-99.53595745381313,139.40481665812058,96.81961854165574,-2.540988136675821,-0.8326687908172609,-0.04278682268462251,1.6383461952209473,0.08513505011796951,-1.2707266807556152,-6.327454803701255,-10.087228054983154,10.603697931715546,3.6462063789367676,0.044445086270570755,0.6176839470863342,-25.694480100934506,122.02205352232981,10.60732420282484,1,1,1,1,1,1,1
pi2_causal_downstream_000049,downstream,82af615803c6437782522177bcaa37ea800e6ba05a37a9ac202df69a84cfdfd3,c1e746009fe58e23ee584c85cdb0949e4fe21a17c8880c6d85e156a4ca2527f4,dense_v1_train_x2.88_family0,f179eac73c1df030c82bc081d767ccfc5dc3ce2bf763dd0aa24332cba7a20a99,7cbb5f82eb5de780d4712d0883365c02b8ef48d2452f3fb980dd2c7b111728bc,dense_v1_train_x2.88_family0/variant_10,37,-0.26036909341812137,-70.23015655565966,-78.36454985711883,138.80856846433514,-106.26089340871599,-2.487926440494098,-0.9053840065002442,-0.17138065998237967,1.5744167566299438,0.07599803060293198,-1.9182629585266113,-5.523277295447239,49.42480611734303,11.517236586978397,3.67857027053833,0.04610402509570122,0.5842227339744568,-26.75481574316021,39.55495395533741,10.832298899324218,1,1,1,1,1,1,1
pi2_causal_downstream_000050,downstream,4dedf78b283ffae22944b946f25b966455c78ac72e170f1b587181dc7540e27d,78183e7507050cfbcb66dab9b9d515e0cbadf6d2ca6183cf5b3792c54149ad29,dense_v1_train_x2.88_family0,7f748003753ef1a7b788cead0e56a9937b61f4874cc7f8d92069c3c20d01ee19,a1ea1221e797264921997bbe9303631a8fbcddc385de198c5179342f6befacfe,dense_v1_train_x2.88_family0/variant_10,39,-0.2943012619018555,-71.56052714181641,-49.62335630142071,133.07661907134707,-197.98871520715394,-1.0723197424692605,-0.9323304176330567,-0.4063899347446418,1.5673396587371826,0.07463432848453522,-2.5030887126922607,-5.240783659583274,71.47536151305552,11.839248416719586,3.7422428131103516,0.049268972128629684,0.4956909120082855,-32.59564688925474,40.73941121025517,11.299872114760172,1,1,1,1,1,1,1
pi2_causal_downstream_000051,downstream,315e84e3ff54b69c6fd06fa64249f7fa91dbee3f8d60b267ba53891016367ada,0681506d1b008d13b42cb8964e409dfd51402defe6afde4f98e94466fa6d6762,dense_v1_train_x2.88_family0,6b8ac7bb0f1e2ea45be296e13d16744c49cd7d4635e902e3b80a3e3f9d731594,091d76e52bccfe832ec7807afe7bb79a617a4bea0401aa5de700c179db7111f9,dense_v1_train_x2.88_family0/variant_10,41,-0.31738606929779056,-71.90282207207159,-29.730406438096484,123.88179108991923,-263.53651070939225,1.3088905104433028,-0.9584874916076661,-0.6177085028120738,1.5673493146896362,0.07377495616674423,-3.003420829772949,-5.269554977688307,92.90139173181872,12.668749278208248,3.805683135986328,0.05237283557653427,0.38465434312820435,-32.8627824178831,10.877393003268065,11.760191943257249,1,1,1,1,1,1,1
pi2_causal_downstream_000052,downstream,704e9692a2c809a2c75a0292ae3925865e3961eccd836e7eee501b98d8a4de73,d79ba06c938c76fa52e6cd94025a523ac6c43b930e28d234c5aaf3efb91125df,dense_v1_train_x2.88_family0,4602136e7e3a7fc34ca3429aa3131595c631eb2704a3af4635d90cf52a4da4dc,647aa67086fd9303c53f0127b53f0442d12ab3669b1315b41f457d009f6be46a,dense_v1_train_x2.88_family0/variant_10,42,-0.304973201751709,-71.8276353496881,-21.75482698767115,118.69166694340994,-238.5226367611347,2.6956488049904475,-0.945094861984253,-0.718551745483099,1.5771654844284058,0.07562814652919769,-3.133183002471924,-5.618706990983365,81.94561803895652,12.87949988769087,3.83743953704834,0.05391949042677879,0.3225105404853821,-32.00761882813541,-12.436431492647666,11.99309334497737,1,1,1,1,1,1,1
pi2_causal_upstream_000053,upstream,ab1973f24c5c4eef894ff41fcd5cf2a58c4a9cad5a1ea50af03e21ae38090f1a,18b1065ef23b23733be77f829526a7397fa7a41c710605860fd14fbe1609a6ac,dense_v1_train_x2.88_family0,3ef89bf2ddc9bf768de89ee3de533d1f069cdbdc907a7db7d09aff3907f9be4d,8341fe94122b085a89a30b133182b44b8eea38119ce046ebffcd04b179b62ada,dense_v1_train_x2.88_family0/variant_15,7,1.8624881553649903,-70.0806846958631,103.98571641504972,142.37391355070346,-3.9751508870403804,-1.051964021459998,-0.22076349735260012,-0.6856504271189916,1.8375804424285889,0.029079759493470192,0.16010916233062744,2.714156026387337,-68.45350823932345,27.05243782114893,2.776326894760132,-0.002355138771235943,0.12129632383584976,2.851752108207948,66.41307118705218,-0.7385257642645907,0,0,1,1,1,1,1
pi2_causal_upstream_000054,upstream,81ff76cb4c362b978e49cd6035a8d1d765db367335215b235e20f0aa7e5e5822,a671be8673e9db82e16cfaac39a25d1108275fca946b51b0a7fdae3cc9645cdc,dense_v1_train_x2.88_family0,07fec3b8e7766d40b693b18fb9887ed0f1fadf1d5456b350e64d270e2400330d,5a3ed55dbd3dd78cc069688ac4e7eb1a3d19218d2f0f7f9a6cfc524490318814,dense_v1_train_x2.88_family0/variant_15,9,1.5237395477294924,-67.56266032625703,169.12175396317377,137.93834772256216,-274.3795452998142,0.24992580579102927,0.6040952014923097,-0.5387998974458905,1.109710693359375,0.03940083831548691,-0.1578470915555954,5.119511089548759,132.78111776709565,24.548980537495204,2.8409628868103027,-0.0009539694292470813,0.11810994148254395,1.366423206082127,94.01310747207584,0.35334068330739044,0,1,1,1,1,1,1
pi2_causal_upstream_000055,upstream,bff7ea4d49a25b62ffb284b04065dbd46cd44186276918702097345c4691df37,cd63b9dd68c920da6948bc1f6348363109d7ac45c1539f694194c2cd896b946e,dense_v1_train_x2.88_family0,17a041f28c28bed8380266ae4a9aced182d4c6dd649c37b64a3b6c1d0750afda,1be0de32db0d4dbba944ccee456e8497af5f43d03cdd22160a3e82596c70048c,dense_v1_train_x2.88_family0/variant_15,12,0.5290200853347778,-39.50548631027359,353.9666580372303,106.36247881224158,-792.4074564837774,1.8525754819727325,1.3963473129272461,-0.719251384775128,0.7388512492179871,-0.03551209345459938,0.3446884751319885,-12.058061210743762,109.59142342160843,-18.948481550178624,2.8871707916259766,-0.000730207422748208,0.12304054200649261,-13.787532556709044,-52.44071029630801,0.2524140520484832,0,1,1,0,1,1,1
pi2_causal_upstream_000056,upstream,3aed38a406e962d0973678202b26febbba5c94320f4b436145a5a2a4fd47fedb,5e5fc937e6aff38750a2b774beec531d539b50ce20b433cc9457c0eb1a0553b7,dense_v1_train_x2.88_family0,f9ac7898e4f12b1c945e71adc7a56262449a90e14b8e1e48f8c90386c4ffdbb7,bcd816836af659df6897abe3332f459dc154ddab1bb954eb803b6ec12e59a363,dense_v1_train_x2.88_family0/variant_15,15,-0.5303590679168702,-49.37592928364242,-378.1763728333672,55.79883085835272,-357.8667780155776,29.940466842335066,0.9894996166229248,-1.2553451080291174,1.6189388036727905,0.04762040078639984,2.5298075675964355,-0.3765750093692483,442.59475557520886,-8.462385815592357,2.9489855766296387,3.21217485179659e-05,0.2096070498228073,-1.7808995754860109,-17.47856507663664,-0.8130055335617021,0,1,1,1,1,1,1
pi2_causal_upstream_000057,upstream,03ad6603edd5bebf89291a5c19e6924aadb9461ed8f14f326f0290d30e50dead,2e1721a01aa08771707c37d4715aa95e9bf215959ec5e3d6c7d8b699706563eb,dense_v1_train_x2.88_family0,ce1142aeec063229f1b4cee3796a82787544eda593b62b23cce431937a63f4af,ea2d630a47f99b693fc28c1418063321fca72384e3ab3489c94592baa1b18f35,dense_v1_train_x2.88_family0/variant_15,16,0.04552877485752106,-56.67003514736619,-268.5034515945822,58.54710431997451,559.2001548970168,34.44592595021376,1.5687595367431642,-1.4835973379695035,2.1525485515594482,0.05368376150727272,2.830604314804077,3.3760899359773715,-31.546154172336426,-18.775986830237244,2.9872233867645264,0.0010911800200119615,0.2646247446537018,5.9484949910946145,-132.79528357943425,-1.3179380748124514,0,1,1,1,1,1,1
pi2_causal_upstream_000058,upstream,6082e8f707b5673da3f2160eef776baad462b351fe3b7705aa9f39b245702dd3,0a39d64ae70e52ac41985234000578682ac4cd1e49ced4c84fbe505afca67c87,dense_v1_train_x2.88_family0,512a46f5c6ff4db3313e1389aa571b8cb610396ac622a5921e90f23b01fe7a5d,2797d812427e9e257d4ab7806946503e45058ec3950bc69e514508a0d4dd7a30,dense_v1_train_x2.88_family0/variant_15,17,0.4254739570617676,-61.03901687638362,-116.58583766002496,76.75040540151558,1047.9770159792133,30.009160579817017,1.9714719581604006,-1.6512109770447663,2.4951939582824707,0.052213095128536224,3.1640186309814453,2.061241381596305,-361.16985749819577,-24.54365640503718,3.034660577774048,0.0021917184349149466,0.32600483298301697,21.97346817319243,197.75103828441584,-1.7907288344083907,0,1,1,1,1,1,1
pi2_causal_upstream_000059,upstream,5454159255b7e7808ba8bc748f08019162372812fd99fa5e0ee14ea48e6d5e72,bd0091745a71fcd7bcf8bcc639720aa083719dc356a6d896149067350214e6fc,dense_v1_train_x2.88_family0,ed09f9ca7c199a9d504355961d2257f669fb7d0ed9285548b99fb3e352d0c8b3,aa19249cdf4e28fbb61e223ffcbc34fb9c86b9ea9c7eea0fb18f29a462b27286,dense_v1_train_x2.88_family0/variant_15,18,0.1398741126060486,-62.891036330210916,-67.78042724756455,89.82436418997129,349.00225798241155,25.734430613686214,1.6600612258911134,-1.8038364315996673,2.075392007827759,0.04165439307689667,2.2907700538635254,-1.218704890633263,-106.28066680636317,-16.215162787744582,3.079900026321411,0.0031250303145498037,0.3804750442504883,34.18137434281616,-24.884836306910366,-2.139021781881777,0,1,1,0,1,1,1
pi2_causal_upstream_000060,upstream,e03e90acf27e8440ed4d88ff846985ddb2673cacbf2fe4196e86f216410673ea,90f7b39024e99b0af2a567b5124db94b5134887bddb0af56c9059c914d050234,dense_v1_train_x2.88_family0,1964f17525c59c56d05fbceb24e23b9b11f4de7da675fb35eb565f2179754862,bb605872f240f1c999f420c8e6a44358cbf52a4882492d3b4eea834acc526cdc,dense_v1_train_x2.88_family0/variant_15,20,-0.006228991970419884,-58.352512230520844,348.8133076292123,78.37792336751372,-802.2090511503126,26.448810204981278,1.4700289726257325,-2.10554471638294,1.3387961387634277,0.016872912645339966,0.16054102778434753,0.0978021323958605,49.245404368603474,-11.947175650889543,3.1460368633270264,0.004237704444676638,0.42555421590805054,37.01149054616762,2.322729837884954,-2.756781197881809,1,1,1,0,1,1,1
pi2_causal_upstream_000061,upstream,152a57e9ff8fbaceb43987d38b6aadd88aa0295e2d9e04e5585b0fa67d34b34f,6a3f6aa078cd74eeaee974cd86b45a2c3cd29b000dd8d6fc676a88674209a263,dense_v1_train_x2.88_family0,5960f641d996b13c9b6a30f80d303803b1253ec368d046e89686968c4a6b2e18,b234ceef42189c3242765df312b12e0783bc2bc6f1b9764b6b8279a6aa7603d9,dense_v1_train_x2.88_family0/variant_15,22,0.0346645200252533,-39.689252549892785,390.05806063049465,40.63932844834697,-786.0709533869732,26.828473069420564,1.5297137832641603,-2.345816084864306,1.439452052116394,0.037873025983572006,0.32870250940322876,2.0845575129886127,0.41649946609995625,-17.191724452252785,3.1979711055755615,0.00516817020252347,0.4268321990966797,32.787964525714784,51.04233151658545,-3.3813182446337633,1,1,1,1,1,1,1
pi2_causal_upstream_000062,upstream,c405365a9ed46716dcafc31f9090c97dedc569005634548d7b832172b38b613d,caef780cdd464e6a926708d1c67e53054fab77884e1e41fdf23efdc3615860a0,dense_v1_train_x2.88_family0,0048763647328ae824b091b537a9b81961e8733707023e6eeec85befa7338687,661bdbce616abfbdf6e605bec65c5eb1e0b5d5e7db117b1386cb9dfb92e574f8,dense_v1_train_x2.88_family0/variant_15,23,0.16769606113433838,-30.71824645247167,462.5674581423767,26.514669707037147,-622.420877628275,25.187638457584317,1.688240375518799,-2.4576465636758527,1.5679101943969727,0.042685747146606445,0.319004088640213,2.8766603140071036,-129.35027276586322,-22.86852348278758,3.227994203567505,0.005968020297586918,0.4330739974975586,32.34203513518299,23.149696757707616,-3.751631198985373,0,1,1,1,1,1,1
pi2_causal_upstream_000063,upstream,48aef0f9e7426e396d42b506959bce5465fad340a01ff806379503e17f7764c5,1d700a1284077655c54060d5f4733318c1d712f194b32f69e0c9006aa70b9225,dense_v1_train_x2.88_family0,e359407d3119529a4eacf67cd9658fb324c6857b65f823b965597efd2bd1bd73,8dc7a2dfb07d11e864161384d8ef0cf2a5f96c8be9a33077b23df89c8bc54b0d,dense_v1_train_x2.88_family0/variant_15,25,0.31565689086914067,-17.27541305260566,365.9797859947455,17.127908287290065,-103.19630364134716,17.71635177374261,1.853240146636963,-2.6896881617760284,1.8772387504577637,0.04010568931698799,0.24905793368816376,0.8185720252081118,-264.4477125861853,-32.87646670188523,3.2987847328186035,0.007704653311520815,0.44755879044532776,36.094288348188705,-28.397585521574996,-4.634173209259186,1,1,1,0,1,1,1
pi2_causal_upstream_000064,upstream,837d54a856d64d3100bce1099da8bfafc33067da637be039f6627f94f055d4a5,cfe34d5acedc49a775fc4491908a2f81a6e6009bafc2ecf85c03d5a6670dee08,dense_v1_train_x2.88_family0,d4386d0adb0f4b6cf4870562e7d4e064464875151d97ba7fbca85529fa140249,10b08d12bc522ae3ab9f9da560d54bbf6414a3f77d262b38608b05d4501858d1,dense_v1_train_x2.88_family0/variant_15,26,0.2927388429641724,-13.907524466274182,239.475830640945,19.95421836772654,76.21881860860265,13.633591408025351,1.8166617393493654,-2.83313572550312,1.983851432800293,0.038984812796115875,0.2707004249095917,-1.5116592813762204,-234.540827720314,-34.549634237201154,3.3383662700653076,0.008519911207258701,0.4547123908996582,37.36581685464579,-22.140618270108273,-5.136744969643968,0,1,1,1,1,1,1
pi2_causal_upstream_000065,upstream,c2539d477e1f0e9773ce7cbc9e928867412bc9f21989f3addca641de06f51939,e8fb7593f90231745ec52139065c5d0fe2ec22d01c6ee8d067b056d431be5b63,dense_v1_train_x2.88_family0,98f3b9b8ffac1cb40b7327bf5158911cd9e27017f73e2e7a972ec32ec7e7a988,040af3b1afdffba740013b7ba431ddbcefbd14256c7c201192525e2013ba647b,dense_v1_train_x2.88_family0/variant_15,27,0.28093149662017824,-12.69039585523531,162.73586859867035,25.745163519670584,191.55168538614546,10.088055078651248,1.7977375411987306,-2.995689815144254,2.06502366065979,0.03676586598157883,0.26467761397361755,-3.7722771932180765,-219.1050509885704,-35.16637299849663,3.3798067569732666,0.009307745844125748,0.46229153871536255,38.042934488204175,-8.060290017832768,-5.662536266623559,0,1,1,1,1,1,1
pi2_causal_upstream_000066,upstream,43ba44e5e589eee73ffcfd708f5853ae68798e6b5de2d1d0e48a0d5ac917bb1e,b1fb81e44e5c3a4f33b74ce8e341c3a6d1e9aaf98358a803c3d2b745e94412ae,dense_v1_train_x2.88_family0,c9f0622f1d4bd22e42674d8a950ada123ca6fb4aecf105b035e55d72c15a31fc,a81fa580a382dc6847c8aee8e8c0680c23e5ad472d484a7a55c988895a5cc771,dense_v1_train_x2.88_family0/variant_15,29,0.2167790770530701,-15.922796540322185,-17.15446064768849,42.76665916723915,386.5642003039797,5.348562652228941,1.7171693420410157,-3.345356181976774,2.1944785118103027,0.0366683192551136,0.3071150481700897,-6.524777261275631,-153.20454451759267,-30.616760086689037,3.466439962387085,0.010917678475379944,0.47917115688323975,38.435332271115996,10.265169850787618,-6.697069005450356,0,1,1,1,1,1,1
pi2_causal_upstream_000067,upstream,4115d5c87ed531fbb9af7675121b553307054a4b9d05db4c89a91de54591128a,a966ee11f0a35b34851c277f8badfdeb69ab4f8470eb1b1d79590fe5961235f7,dense_v1_train_x2.88_family0,07dc35a204ee1f5c36acbab2444316200f5715a131cd595dc1213eae2dbb43cf,cc4ede7111f0628e26ec82ff136e3201dd66588015abac874b2244f0bdd23b11,dense_v1_train_x2.88_family0/variant_15,30,0.14558767795562746,-21.747559666394256,-191.95607356614522,55.01390210384027,548.8882084956983,4.82437042703002,1.627171154022217,-3.5168962127962655,2.2778444290161133,0.043963342905044556,0.4763026237487793,-6.46651275944766,-79.6226433814785,-25.499674568069278,3.5118699073791504,0.011869916692376137,0.4909490644931793,38.51256463515591,12.279846844604185,-7.193470386052638,1,1,1,1,1,1,1
pi2_causal_upstream_000068,upstream,c0e0f70b7e05299e9ce31dacaa24d03136c23a370576a82be3b5bc98a3c1bc9d,d1b4c045670740352a48ce5476ed9249e2d10f520592fce2e1f59227198caf77,dense_v1_train_x2.88_family0,3f1ffc9861e1f2e779e441e3d66dfd2ee3a1a3ced0600658cd0ebc00edb37853,ff53361c813f4c5ffc53beaf55d597a1b179afcea9f40f77679d02fb5dbcb23d,dense_v1_train_x2.88_family0/variant_15,31,0.035670747160911564,-32.31074603859516,-440.28232672980937,70.83705301436115,744.8749679363648,6.553104539640444,1.4890235328674317,-3.684861994786347,2.372835636138916,0.06338821351528168,0.83586186170578,-5.663523704109227,33.45983315889602,-19.396953478628955,3.5590367317199707,0.013163872994482517,0.5090096592903137,38.29673748757268,16.277083575212625,-7.709978226459235,1,1,1,1,1,1,1
pi2_causal_upstream_000069,upstream,f97458d43dfe8f0be8163e7339e5540231e305f5a97ae359e533247cfb813d08,e78c4a0f13e08e692aae1ba28b1f0b36d369aa1f43e3ccd312503da2b0fb5979,dense_v1_train_x2.88_family0,9cf3d3e24bb7870de0f402131fa37b8200aebe875adbb8ce22d39684f36012a5,5f6b38d15e174e59d4f03fad2fae658feb8acb4f6133ea39df317e28c63dad0a,dense_v1_train_x2.88_family0/variant_15,32,0.10623154520988465,-43.32331275440601,-425.4666901935679,89.22755592067392,900.8387859352375,7.465557128441092,1.5870906639099123,-3.854442379110693,2.5168204307556152,0.07150252908468246,1.1222386360168457,-6.404585141790447,-46.807190759449,-17.55607577088524,3.608604669570923,0.014671692624688148,0.5324105620384216,37.165709387437346,29.027235047949084,-8.121388985844717,1,1,1,1,1,1,1
pi2_causal_upstream_000070,upstream,86524b4bf75e7665b019e164fdd761f60880d2c21925700a4fe545608b2a37cb,659451d2c67738b4b6cb223ea41f559345fa7d93f5de0c1c71339a484412ba71,dense_v1_train_x2.88_family0,e9cf586842f90712531f9b3d75fec55eed14f1a728936677a07537904ab22415,f06c999ca0a27716cdc75107a43f1d8cff3290738e94f72d8212de8721987adc,dense_v1_train_x2.88_family0/variant_15,33,0.12088354945182801,-51.45850860309267,-309.96346483774664,105.54537645164379,709.6437047256585,6.822806538528831,1.6114605140686036,-4.026214011516451,2.4224302768707275,0.07071257382631302,0.756754457950592,-7.564303878421245,-66.74785290922036,-14.857413388299841,3.6578874588012695,0.01618598960340023,0.5523304343223572,35.928369392870756,30.21175035947479,-8.387221036338378,1,1,1,1,1,1,1
pi2_causal_upstream_000071,upstream,ad0b41521b7cae8cc938d20273a984e2904d9e6bca6c267672398c82e4441869,6fd8d2799ac5a665d59068d710f5bf1b2c8655d4f25da792bad8c101adc7a68c,dense_v1_train_x2.88_family0,8608101cc6e5cce5b32edb7bb22a3ca4ebae9d3138c668e9d32173b6170b05ee,c244ed05ffa5389193539baa6bd72167035e4e0195ff8a98228dabff7823a880,dense_v1_train_x2.88_family0/variant_15,34,0.11821343660354615,-57.49468828209143,-223.3804078995399,117.83018884377458,516.6272579512471,6.020270020600698,1.6069252967834473,-4.212973502937377,2.3082118034362793,0.06494308263063431,0.2629929780960083,-8.717970640560589,-63.053485549430505,-12.9495665295178,3.7049317359924316,0.017629610374569893,0.5632014870643616,37.118273723651605,-10.044124438678496,-8.60430881939675,1,1,1,1,1,1,1
pi2_causal_downstream_000072,downstream,1b6b042aaf9fcc47a5339e86c403fbc39a5fdc034499a32dc90da83e12243d39,ef33dbab60b8a18ac0fc81088dbf108e57f9b19ae77f04e735da46e781a58eac,dense_v1_train_x2.88_family0,adfc422582e6b8a216ef10db8315cf50ed7d359a83e01a30d004e18841c6428c,94c908c003ef4c25d0a01f6aa7f9578caa4c72c4220f48628487221e2725216d,dense_v1_train_x2.88_family0/variant_15,35,0.11464534759521486,-61.931285468797405,-155.3605620309989,126.59030260528779,360.30980007790777,5.262804189603046,1.6011502647399904,-4.416241143525411,2.2140986919403076,0.056423481553792953,-0.2293187379837036,-9.768084050919724,-58.3335038140607,-11.957011977068008,3.7498559951782227,0.01892707683146,0.5640307068824768,37.86561936225606,-11.303918680141498,-8.794015006942017,1,1,1,1,1,1,1
pi2_causal_downstream_000073,downstream,551d6d8333030e0e82bc5508d9284cc86d4249d732dc034ad7cf213e3b65b5ea,3552c41823574208228d1739135164df9ffe537d3b98cb219b1a54c459b91638,dense_v1_train_x2.88_family0,69e8df8178da08a25d50df1c4450ca088a1094076ec71f507bc4ed67e476e973,870ac8f8a154e876b66e59f09a00fbef46453cbcc9c2f0b765ca46e2386fefa0,dense_v1_train_x2.88_family0/variant_15,36,0.10490774154663086,-65.09562331880511,-101.18448508169824,132.60051390506217,242.19976472345942,4.53232248828541,1.5986215019226075,-4.63336415796335,2.1458942890167236,0.04717282950878143,-0.6746599674224854,-10.664125469076295,-56.263150533224774,-11.644612784809965,3.793146848678589,0.020047418773174286,0.5553926825523376,34.29595759633229,57.42211069197088,-8.956302167744694,1,1,1,1,1,1,1
pi2_causal_downstream_000074,downstream,58c2ca87b3d0fd6e95e54331b199db59d14f7b02bd83e222ee187b56d50f571b,9df271b086e45c4d3988ff2f9dedb1bb0fdac391240d7cf8db4adce6aa021ca1,dense_v1_train_x2.88_family0,e159a297b777cec7afa24d3f2aee9b869a05fb0db663adf34b3333e63a14de0c,acd9b988bd6eab4d58bb5f6ad50995ee1d98e42220c34d7d7b262cf0c8f62aad,dense_v1_train_x2.88_family0/variant_15,37,0.10173374533653261,-67.29861887332268,-60.942574605303044,136.58789638024558,157.4738772017142,3.8119101064113226,1.59743616104126,-4.863898052571053,2.100101947784424,0.0388282835483551,-1.0594687461853027,-11.263187700799772,-55.29256016159845,-11.313266647794306,3.8352909088134766,0.020992446690797806,0.5384311676025391,34.00459880181248,18.529915605009194,-9.119313712477508,1,1,1,1,1,1,1
pi2_causal_downstream_000075,downstream,c134433f51d1c4b89a4f0234baa516aceec994001ff19ae37a001ae371a08e05,8a5c7314383d2cd6cc5c1374c784c82c5a5233dee7a68751ddf32b316dae9c61,dense_v1_train_x2.88_family0,3f3ca1a8b8547239c49edc33f2d25e0ef696cf48190292573f44acb57fd3289b,c82a18fe3d920bbdd3fa7062466234007edba7966f9302f506d117136bd1522b,dense_v1_train_x2.88_family0/variant_15,38,0.09939945459365845,-68.80839803840814,-32.19914416265174,139.1552825269833,99.2978980404815,3.0941514942460007,1.5971412277221682,-5.101601879670328,2.0713207721710205,0.031954023987054825,-1.3885575532913208,-11.639858973147636,-55.05701425788139,-11.260713464772936,3.8766841888427734,0.021789422258734703,0.5143368244171143,33.17985345953344,19.162799225955283,-9.275633925033425,1,1,1,1,1,1,1
pi2_causal_downstream_000076,downstream,701a1c11d56ca216c2fc7b0a34a4d17f652bc0d660b61a199838cd903465a4a0,5d625b93ca085e06d60039bda9bdd4c4d819b0852ae76c30383371121931c882,dense_v1_train_x2.88_family0,ed42ce8a293039252d73fd3a253ac1f3de425ff8d0e8249d064726a629b9386a,17bb40daa4eb69373583aa3d0c83f9ac3303b7996a2d17337a6c94b09a1b7cda,dense_v1_train_x2.88_family0/variant_15,40,0.09983593821525574,-70.36142596131813,6.4838977253194585,141.74826822273027,36.25635849190935,1.5355562025625038,1.602147083282471,-5.584187266690666,2.0470340251922607,0.022184401750564575,-1.928528904914856,-11.917889507275822,-59.13525190940431,-11.414679589043363,3.9583377838134766,0.023042786866426468,0.44843360781669617,31.398321557940672,20.687121571331,-9.569586499592383,1,1,1,1,1,1,1
pi2_causal_downstream_000077,downstream,249a22e872d4900cd074974b220184807603f790de5475f802f2a85c151deffd,d266ffd3e1aae003090774722093617b895e286d70c79eaf90d3fe4e6e9e9e83,dense_v1_train_x2.88_family0,f271918d83dec5bfe92b43dfcdc91174b82c31f475385a2060f9d84a133ee2e1,0d230c2cb783ffa241aa50e658b9bb26926f27283a1c49e1ddbf711695dccca6,dense_v1_train_x2.88_family0/variant_15,41,0.09989558577537537,-70.67356560638771,17.946979449916117,142.34121060495744,20.98019132823791,0.6896602411788596,1.6048148345947266,-5.8240629751508335,2.0433366298675537,0.019217301160097122,-2.1595256328582764,-11.914395011741714,-61.32365134966556,-11.547264659890713,3.9989166259765625,0.023556644096970558,0.4079538583755493,30.103843615872343,26.913390537573104,-9.706957248708063,1,1,1,1,1,1,1
pi2_causal_downstream_000078,downstream,a1cba21a9c4d9d19a40161da3ad29e96c7e8176f110b9d9fbc89a7ae7c6a54aa,d34a7b56eb49a4edf8c309cec715da5810942e076294f708c44c7a1ab6903f3e,dense_v1_train_x2.88_family0,7102c09d4e9aa20f03a3b7976a5c3433f15d4ff7b110b67e1d131e05360c9383,d4f473380658f994be65b9cdd9c7b4dc6d2a9dba85fa3e32f5e1f6f8436cae72,dense_v1_train_x2.88_family0/variant_15,42,0.0998464858531952,-70.78795078441792,26.26148483978853,142.69274678115966,11.687504665250353,-0.20187842161049468,1.6074111557006838,-6.061162942446017,2.042278289794922,0.01716361939907074,-2.375633716583252,-11.8601889229412,-63.45253252149933,-11.675093357754793,4.039443492889404,0.02402445860207081,0.3630070388317108,28.70077591128457,29.880042222433122,-9.838222375654746,1,1,1,1,1,1,1
pi2_causal_downstream_000079,downstream,22c9786abd95f0df5f6f9de94f4da0e6d201b2864e9d6d502fb9df1120e31cf7,be76d3c429df8efea68ed92e9727057bd2ee254d1446e14ae7873757c4a12410,dense_v1_train_x2.88_family0,bb0978547ec834e901860704c224af3182ea46105365e617157234c802ef477c,02f59f5dfeea8843c960801fbe477ee5a611182b8aaf4a3f987bfced5750e944,dense_v1_train_x2.88_family0/variant_15,43,0.09928512454032899,-70.76432516007884,32.07451370086652,142.89911411674242,6.134273148311199,-1.1322817350040921,1.609574489593506,-6.2947712279675025,2.0424818992614746,0.015835212543606758,-2.5819790363311768,-11.7762672423829,-65.22197498826117,-11.800954107364264,4.079956531524658,0.02446299046278,0.313838928937912,27.071908982925343,34.078706354307116,-9.96344677518077,1,1,1,1,1,1,1
pi2_causal_upstream_000080,upstream,ee78d12fef7884b1766bd54ba2d87ee0792c0625c243294c26d464878d1e0486,a57b1f774e4afcd10222306ba2463556ba0d6e487fda7af1762cff4f855a7b7b,dense_v1_train_x2.88_family1,c75661bd0c2d00b977ba71e08603e0ed68e31e37ff156d9ddccfc1c74c6ba569,01e41942334852959e3e030731ceaec6d28238f2d1701a7d8147d528d29d95c9,dense_v1_train_x2.88_family1/variant_1,7,1.7120088768005373,-70.30371086283152,87.50398500437788,139.39586911030784,-257.5184583524507,0.0329644729111578,-0.002956628762185574,-0.6047479994151768,1.736946702003479,0.05941435694694519,0.06499283015727997,8.586025899947929,22.563722875981174,47.13380016027526,2.7752110958099365,-0.002004638547077775,0.11864345520734787,8.230301110237201,-1.597481355349371,-0.5081590153467813,1,1,1,1,1,1,1
pi2_causal_upstream_000081,upstream,248827caff611d13e04be5ae116a9c3ca67d4502e9d1606eb8d31c9ae84521e0,159b8e1eb1f568fa68c86e87ed53af10a28f0596d4ccc626c354bb0805ebe04d,dense_v1_train_x2.88_family1,612c3788710a578d35e003c87de0cb8669b4c147a2951d67f68ee0229f9bfe9b,fb90509f63011553469d2f823028bb1b1209c0cf206718e398d6c170b2cc9d96,dense_v1_train_x2.88_family1/variant_1,9,1.2003581809997559,-58.30203030236528,514.2144526458051,121.19210357590323,-677.0981811796279,-0.3415847858175778,0.5494077014923097,0.16488364842750652,0.8832083940505981,0.08701995760202408,0.04506489634513855,15.905458105114109,29.2378507611956,47.08415834538761,2.8366944789886475,0.002758209127932787,0.11749821156263351,5.672983942996518,124.61447914256483,2.4378578583452115,1,1,1,1,1,1,1
pi2_causal_upstream_000082,upstream,cf4b211eaf5dfd92dd9cbdaea440ff56680b9af105996ad7762f869acb0bab1f,7aa1d6f11994674020c613822a985dfa8d25bc292609ddc150b8ef58fe8aa977,dense_v1_train_x2.88_family1,9055c2ab72bd8964ae1419b764413add9c984fb86a601505d1dd2c724822fec4,2c25fafda00d52d4a1090a1eb265f6820fe09cd0fbbda0bd0e0d3699f3b19c4c,dense_v1_train_x2.88_family1/variant_1,13,-1.0957443714141846,-37.525954054831324,-556.9025339017378,31.72262235482746,-716.8989502280995,26.281918711683815,1.2085610389709474,0.790643760218087,1.2043097019195557,0.00803588517010212,3.29246187210083,-7.103600361827892,763.8269397132093,37.28888843402394,2.885937452316284,0.003529078559949994,0.2009436935186386,-8.036094926471645,9.357533332741305,4.2907926866951644,1,1,1,1,1,1,1
pi2_causal_upstream_000083,upstream,0992fc2f08ef45783670ad7c311d3caba9872087f1a5b4b44b11049b1a0276ca,8974a0108306269d2967266c0432db274238ddccb596bf65e37afd1a802dcd69,dense_v1_train_x2.88_family1,6c1b03f549649b5451aa2ff4e40a15eab80ca9a542ad5184d2bf765e6b9911f0,386bdac457db9dc01767787d1c9b6f9c385d304e7323cfd9a1b438525ceeba61,dense_v1_train_x2.88_family1/variant_1,15,0.3085491180419922,-57.399168086548805,-219.92838931188044,55.5111637810793,1413.65987999036,32.97959170107665,1.3151624107360842,1.1029667902412628,2.268264055252075,0.08150947093963623,3.5473504066467285,2.1316736519872417,-409.2140091767124,1.6529405704191704,2.9599695205688477,0.005637624301016331,0.3378748893737793,13.802012557749471,223.49000511496192,5.07470261147653,1,1,1,1,1,1,1
pi2_causal_upstream_000084,upstream,d66f6fcf4e335dfb8e5b3c9a756497cf39cc8d3bc35b71775d879569cfc10cc8,4a2d2d47638624d802f972f386ac27a962928770f17c4f919d2a62eb1449bcef,dense_v1_train_x2.88_family1,16db790c68fff8402850f779fcfe98bc9161b8d4e85d2c0f947656d260ae6d4a,41594d4439389d3f2a3c53c5c64f575ab3e4129f2f42bf99c6c187e7a6b97530,dense_v1_train_x2.88_family1/variant_1,16,0.08240372180938721,-60.673820321841376,-134.44202852794598,76.45440549345473,840.1109183264939,27.065176186318727,1.0960220813751222,1.1095020785994973,2.0464377403259277,0.0672929510474205,3.2783892154693604,1.8740346476261296,-229.82321606058622,6.247509573900372,3.0024304389953613,0.007083026692271233,0.40588435530662537,31.113929556374266,179.38408587036128,4.981556089923315,1,1,1,1,1,1,1
pi2_causal_upstream_000085,upstream,112842b6a62f1716e112504622b97fea0f7108f4fa1b095ceca8a046eba8133f,d748e5da302ab24cdf9c378c3a6859e8aaa1779406a4925679f9db6c2d8ac166,dense_v1_train_x2.88_family1,b7955938c96371d9dd6f4af5e45adc844d1b9bb9e107e304494f1b567ed98b2b,ffdfcca168ecdf35df0f88cf734dc3bd64b7f84e76db9528c51031d3afe234c4,dense_v1_train_x2.88_family1/variant_1,17,-0.18884347438812257,-63.1175117427102,-86.54484202980049,85.52417271117965,100.44837510427845,25.550535712028573,0.7616104888916017,1.2236969236311461,1.6186394691467285,0.053360000252723694,2.273670196533203,1.8944246832893217,43.89540256909711,13.061358796984337,3.0388922691345215,0.00826667807996273,0.4619269371032715,37.49771463770791,-64.50221648371439,5.146537288787878,1,1,1,1,1,1,1
pi2_causal_upstream_000086,upstream,69195bf14eadb026f7b9eb4e065d60b4bffb4ce0974a4843d3592480b42e9b1a,b4eb7abfc4934a59626418f886a9738f9b6245eda55badf257e1697a3024a5d5,dense_v1_train_x2.88_family1,5b7b80138aeecd49b73091dd942f51e46282f589a65dfc83f832fda70a2156c1,0594a964d9c0b0574fe7f24b3c02c09bfa4875b84464ec7e75d166862ca21b53,dense_v1_train_x2.88_family1/variant_1,19,-0.16953847646713258,-58.873956192516296,338.85860744224226,69.87222049220514,-640.2470703053614,29.535360535851417,0.7934606170654298,1.645235504539707,1.2062408924102783,0.04291822388768196,0.7238072156906128,0.10613023407768861,17.86399777414234,15.81712839122021,3.0921366214752197,0.010104365646839142,0.5155249238014221,35.444013358068474,10.001972779989408,5.960979170570168,1,1,1,1,1,1,1
pi2_causal_upstream_000087,upstream,a303fdf7637bcece81fed32e00aa37a5b096cf3a6c0b943a15e924ff91c01029,12b017bdda31c1d6dd98aa0131308c303e7d59e1ea5256ce54fb5e9e09f2f051,dense_v1_train_x2.88_family1,4924db83232d13acbd827a6718d603277dd4b63574fad03f3c8bbc9fcc24c2d5,21d5beb2af640d419afc53a9c1bf1496bf5e4a305effde0d700cee5caa6f5e92,dense_v1_train_x2.88_family1/variant_1,21,-0.01817045718431473,-37.91466353559134,509.98689339864734,39.83389205085156,-641.8809608378551,25.84378734230041,0.9791975116729738,1.928613596291546,1.2736639976501465,0.03698422759771347,0.5622783303260803,-0.18446101126404352,-134.16973620649426,17.04042551685325,3.139068841934204,0.01165101584047079,0.5339674353599548,32.49839524075751,27.274835610713716,6.585031218317147,1,1,1,1,1,1,1
pi2_causal_upstream_000088,upstream,26aff52ed5c762d110b9db6083bce863bd742946cee4f6bdc94774b593d3bec0,9a346db71b2c281f50613be037aa87afc09e4a12815a5fb11033205544c5d3d7,dense_v1_train_x2.88_family1,2bebe025f6ae90de2e1b06e217e73e3660d7c4824ee3bace7870147456fe11c6,b2b258c9f86448accc91543264e7c759ba9689a225b1617051ba5d3290572731,dense_v1_train_x2.88_family1/variant_1,23,0.05891882181167603,-18.27375106773516,476.5383642028277,18.2162306296399,-419.2179686879767,19.27332224421652,1.0652933406829834,2.1468111632724702,1.4685688018798828,0.04165061190724373,0.5833559036254883,1.5637285881835779,-204.6113622490467,17.48038019940857,3.1935102939605713,0.013151297345757484,0.5573297739028931,35.053347028111254,-19.79261609196404,7.085705524626984,1,1,1,1,1,1,1
pi2_causal_upstream_000089,upstream,277855e500e9831282851153d61561f9fd02fbe374839682f3b4dc4be79435c6,95335461e6f7188187c70d49f07cd6586c2b3ef3090e8cfd7e8f5c05a0e3d6b0,dense_v1_train_x2.88_family1,0dca38a898b37205d4883e3b1abe79324c0e57e7a7ca51f2d6a1530b198d7149,1d9a68d6377805f5c32ab66138d6319fc653a41dc6bd0efc6b24939369f7926e,dense_v1_train_x2.88_family1/variant_1,24,0.0829562544822693,-12.784346814816129,346.04448554347255,16.331042069655727,-108.73150943529299,15.817348033855104,1.09050106048584,2.252191544708621,1.6416422128677368,0.0548916794359684,0.6035214066505432,2.5809259295502454,-225.22203180545043,15.242222831043774,3.2257537841796875,0.014170680195093155,0.571161150932312,35.4760093792354,1.499554051732842,7.293062371560382,1,1,1,1,1,1,1
pi2_causal_upstream_000090,upstream,5711ce2614f203b1ecf0547c5820f9b20ecfa3d2742f7b50411ee3ec62f5e319,df47654da6d40260210fb26a4660e18e52f68a38f406c9689338a5fbe4e34e74,dense_v1_train_x2.88_family1,a2a8d70b9cac6298f6d19e4cc765c6bc7f76d86ec3dfa8483b867c17a90a693a,e25a13aed5b3eb925471b1f598d4d7e612e1e0533f9abd42489a6dc232cc83b7,dense_v1_train_x2.88_family1/variant_1,26,0.07210150837898255,-7.4182565047198015,211.98935991125114,23.246164641997584,106.93926096689248,9.121293661390812,1.064327096939087,2.4631311666345193,1.8019778728485107,0.06490091979503632,0.5360289812088013,4.1408871347980325,-203.83217426853162,14.261791864370757,3.2968597412109375,0.01667204685509205,0.5978758335113525,37.287618018838316,1.431211392341106,7.62923376503981,1,1,1,1,1,1,1
pi2_causal_upstream_000091,upstream,db230a4157f1c183ddc08ffa0efb57986d3f51a21cd03904376c0729a1251803,63d2ee69ae066fb1641f37c6a1e55ff605a87e2ab08a9c0ab76fa6e391baa1d9,dense_v1_train_x2.88_family1,d6be5309e067a4f1fa7fa5624bede0d7658cabb8d0446f5771e39081bf4ff8b0,e17205021920f09e2fb21525a38164826a7fd9e47cea85bc9184de5f694b2ca9,dense_v1_train_x2.88_family1/variant_1,27,0.04754331111907959,-6.9430670106704975,125.23748801751837,29.50966838450001,217.41293992359147,6.4241940760058585,1.0329801177978517,2.576738635092828,1.8823235034942627,0.06844761967658997,0.5393272042274475,4.454721520555425,-178.21601423926236,13.33556527895096,3.334611415863037,0.018020957708358765,0.6108461022377014,37.50185714743952,16.13288974409719,7.808810340724184,1,1,1,1,1,1,1
pi2_causal_upstream_000092,upstream,a8bfc2b6bdf878a9bc11dddf64f5ebf87f020377d0f96e6a7b97c05d0d9d498f,1bb26eac03c02a32daa0ef232db6ee196135242b75107efc66f04a04d60671bb,dense_v1_train_x2.88_family1,5d247015d087053e117d049b3a2db9a20c5c44ffc792935ef6bf3db5b725ec8c,f9827580ea2b78192ff0de0cb1bfd136571f880209ff77fdb0c3e118fec59e7b,dense_v1_train_x2.88_family1/variant_1,29,-0.022436277866363527,-10.2916752536355,-3.1783694064404306,45.69875692508807,325.37116949200146,3.023169559049532,0.9588407707214356,2.799685041707278,1.9763731956481934,0.06877677887678146,0.4788261651992798,4.367493174665191,-117.4974766689249,11.531773790853123,3.413417339324951,0.02073800005018711,0.636448085308075,36.73088588449599,34.547820821976515,8.212932410978247,1,1,1,1,1,1,1
pi2_causal_upstream_000093,upstream,3d7f87a17dcfb134d2780449b3f31bbd29ebf9474dab67538516aa0b08e990a8,8565836fb7b78b3b3bcc8aa2e457e748df4c1ec0f25d144d431f5149e37ee9f2,dense_v1_train_x2.88_family1,d10d7dba06091f3e5dc39a9067c70c1c86cba5c9564ba6610bb1b1be37c15c8d,809afd6bea08cb6be303ff8b278098d3a64e79140d226c0f5b3d6ed978b6b261,dense_v1_train_x2.88_family1/variant_1,30,-0.0422445833683014,-14.730206237650231,-97.52876976242148,56.40187850545691,479.2323547360208,2.5037948006703576,0.9398361968994141,2.8999238856802623,2.0919198989868164,0.07157399505376816,0.5705395340919495,3.7878538665071138,-101.99564517771812,9.679533209651446,3.4548609256744385,0.022078603506088257,0.6503214240074158,36.5924686858711,27.146803714721827,8.436948898254297,1,1,1,1,1,1,1
pi2_causal_upstream_000094,upstream,3cb34187213d231661af5a16cc079804cd9eb705e3ce883ef8a63a7be8b452d7,53f019517d618e12692b23f1da3c260a1f146d478b9ecb165414978107c952ac,dense_v1_train_x2.88_family1,e52f709f9483507b36c043ba1473bf4a4410433be31fe27de7d87b5a74157ff3,024c341d34e82dafbc6d5984b8788987eeb629727c27ba1993e984fe81af960e,dense_v1_train_x2.88_family1/variant_1,31,-0.1352979063987732,-22.33177477440942,-279.0739069956073,69.908331702347,620.68923342838,3.3826426989626444,0.8320061588287354,2.9956862318289876,2.183497428894043,0.06563610583543777,0.7584138512611389,3.4141720825816004,-13.772431008454147,9.563180083366634,3.498276948928833,0.02334265224635601,0.6675817370414734,36.02893026802086,30.934001883068618,8.71958491969862,1,1,1,1,1,1,1
pi2_causal_upstream_000095,upstream,ea2ecb22b0e56bdf5ebf7b63ad02458e45f3d3c9f8ec7449c16cdaf30f8b2706,d3447e2f38a5f72e5fd770413b9eccb5d2b007497f5741d8a6d448375c56ac5d,dense_v1_train_x2.88_family1,c0db66203c5b23ad0bd90668ec793ddabb1abff90c92bd0db9f027e3adfefeb6,217d7c17b7c1320fca1a65d40e9b80935189727679deada88808e8e02268bee9,dense_v1_train_x2.88_family1/variant_1,32,-0.25736001253128055,-34.568878295187666,-512.5060310890881,86.3110583148893,781.4634170559093,6.676750924939434,0.6920820617675781,3.102498853200377,2.2954657077789307,0.05358126759529114,1.102038860321045,2.7583381722506224,100.76140267394014,9.764573333686336,3.543679714202881,0.024375099688768387,0.6909542679786682,35.10780754145835,35.304909725432,9.13830981960051,1,1,1,1,1,1,1
pi2_causal_upstream_000096,upstream,9708d6ad0b25a5c207b90912c5462e9a3c6371b65c647ddc0a782c0dbf397bb6,c655e874b1f18cf542d711fc06546abacc9f28b273cc19e30ef27c8ac20ae1b0,dense_v1_train_x2.88_family1,47a7854cdb37c7068b92a74e31facd1bbb0d0232c8ee543d6c88873ee827b137,ea5ea0d9d5abf7ea9101e483747bd803d88f4948fa678bb7743e5751f5216bab,dense_v1_train_x2.88_family1/variant_1,33,-0.19781123638153078,-44.98499191153798,-396.98403637342767,102.21725066533918,730.4415214653205,8.665886910209451,0.7790327835083009,3.1950957867909624,2.3145086765289307,0.0530836395919323,0.9685890674591064,2.257810810814687,29.603641542195632,7.5870560923202035,3.590083122253418,0.025375252589583397,0.7137219309806824,33.01500342882059,50.15372390556679,9.443581282530507,1,1,1,1,1,1,1
pi2_causal_upstream_000097,upstream,1e1a0ad463b2ea4401ba2034f27878f9d556229e06a5b8be2186517e1b192bf8,c968d79b873941ebe3dcfbda647654bdb6f03b1063b2c7ad97d9aa1d7f0b2b55,dense_v1_train_x2.88_family1,bf18d829478b87d7adbe0ae7457600603ed728360fc2031bb684b78f5d279cbb,e184a717ac0f461f15266d6ecc89be1adcebadd8fce03a4e044cbfa5d0580c0f,dense_v1_train_x2.88_family1/variant_1,34,-0.18719001531600954,-52.59099153352121,-285.0611688597704,115.17394193593495,553.2298045812386,9.611564890227623,0.8000837993621827,3.280153356023776,2.197273015975952,0.05037262290716171,0.5188169479370117,2.617365202215675,12.36680369047491,7.0036588994581495,3.635061264038086,0.026342356577515602,0.7294553518295288,31.282331285455516,44.73876359195902,9.66152424831254,1,1,1,1,1,1,1
pi2_causal_upstream_000098,upstream,4c12acac0f79b20708b298122f19efa18ad269cd36d76b20d7103519e582b178,58493be8b6e69ea88117cd6256c12d3991653bce23add6934a6606182542ec54,dense_v1_train_x2.88_family1,d69ebcb9c9affcce3b767291201da2d65d332831f2d26b8faff1f0230b126a07,05c6cb1b98405d028e6b53c06d406e4a8aaf8b05cf98b719922f2daf0d29ce96,dense_v1_train_x2.88_family1/variant_1,35,-0.18275466680526736,-58.20876406924876,-203.38676397237674,124.66720820295734,393.36753317017593,10.370287855304461,0.7999732494354249,3.3726490429847806,2.0749869346618652,0.049231503158807755,0.03271183371543884,3.2970213182677766,12.44893500769702,6.954035013817069,3.6775522232055664,0.027268048375844955,0.7355836629867554,32.97582887883598,-12.541303070937687,9.850132742267991,1,1,1,1,1,1,1
pi2_causal_downstream_000099,downstream,fae4dc7ca3e617444c7ec0647aee04df088a9ec09247f3aff84379c42b731323,3d5ee1efb3c85c0bbd56ce93f2d7fb7687ac75c22e24344e011c61f37b6531cb,dense_v1_train_x2.88_family1,6052723908114bac502f6f0365dff7b9a1f24b458a6df34f6271e566c3b38502,e686a1d210f63b9f1a7b50153cbffa73ebb54ff26b280b7334a054bf1f190866,dense_v1_train_x2.88_family1/variant_1,36,-0.18093346357345583,-62.2762441728289,-137.97755300839802,131.28077109325397,267.8449393963229,11.077443349005804,0.7995023441314698,3.4815812188579898,1.9749900102615356,0.04986235499382019,-0.42138367891311646,4.032800244956227,12.853030343336131,6.799644990931277,3.7177987098693848,0.02819189429283142,0.7321797609329224,33.496811803062464,-5.607312527900491,10.036486844232178,1,1,1,1,1,1,1
pi2_causal_downstream_000100,downstream,74dad8b2197c9733904ee75056056b6ba00e005cf6104085b04efc0e3f8e5838,d5ca2f056ece430ae455f6a1a40c992c4fa34a49fe746988b48dbeb1e6faeb74,dense_v1_train_x2.88_family1,72aa60067e68fe0fee77ffcab2f15af09c97a2318871ea6a0902d9fabc1e8392,1162ec5b1603e3df198ddffdb745586045711f6b9b4c2a870b4b919bc708f217,dense_v1_train_x2.88_family1/variant_1,37,-0.2004795050621033,-65.09788411142038,-85.23549476590905,135.71360484572725,175.8280161808858,11.720540159052895,0.8018189525604249,3.612572139370709,1.9012343883514404,0.051696740090847015,-0.8214288353919983,4.70833626283493,10.967915207885536,6.347547085805317,3.756307363510132,0.02914721705019474,0.7201711535453796,25.69132455353796,128.26828883906316,10.241880042454463,1,1,1,1,1,1,1
pi2_causal_downstream_000101,downstream,1eff153b276e83eb8856f44b47de1582452f75ecc548e08edf36f219c24461fd,14c0a4be7e7a73366c54b9ee616b29e60275f57f6ac7cb6441d0f27ba1c1ef27,dense_v1_train_x2.88_family1,a0b4aa535869dc01c2cc63109f41fded07a564bb0a89b9ddf67fc0d84388d507,6ecb2d5df3d2ca52a15a4729ece779c378bf9036e4987ace3bdbd26e04cd820f,dense_v1_train_x2.88_family1/variant_1,38,-0.20437916040420534,-66.98295485064136,-46.25374394609745,138.5922153921858,111.84640354589897,12.304847536308465,0.8045160770416261,3.753064833193228,1.8501769304275513,0.05361461639404297,-1.164932131767273,5.293233535993448,8.754986850767473,6.461353405303361,3.793572425842285,0.030137233436107635,0.7007244229316711,23.682808390352744,61.971727018873054,10.426712045806855,1,1,1,1,1,1,1
pi2_causal_downstream_000102,downstream,8b3d9373b6c972833be5c1d09e6f8a784176f30fbc8c11daaaf6fd1f3c1de77e,e6862c708830021768afa6ebe45522054b19042a27c52500e83beb309b4f8348,dense_v1_train_x2.88_family1,07e1598c3fbccfbdd9b6e6cd2893b06b5490f952989e2b9accf8571faeacee4e,4b93dc8a2bc8176e587f6b86c32a90ada5a9d9f8bc6f2d046363568b78968ce3,dense_v1_train_x2.88_family1/variant_1,39,-0.21194183349609377,-68.19179588089608,-18.19674922257973,140.41161386253714,69.11438368303554,12.832947010069374,0.8074612045288087,3.9071418109502853,1.816399097442627,0.055431559681892395,-1.4616557359695435,5.749602016897959,6.328905792013059,6.323168859997072,3.829995632171631,0.03116454742848873,0.6748904585838318,18.84654439191077,93.41636750467016,10.61607468048684,1,1,1,1,1,1,1
pi2_causal_downstream_000103,downstream,03b3dd82877348d761e95b752ea448f9078a043706e15cdebe5262770094e155,a12f25884b66b80b75ff11aaada0bc6ad68cf3d73fae0820e123d4b6a42dca50,dense_v1_train_x2.88_family1,ba38a335c05c444b34d12cc1d40a7f8cf5a805b5c83ace7089012360c5af7f64,529a3f06acaef5fca2bb110febff42835fe5e17606adc47197e3f4be88b47783,dense_v1_train_x2.88_family1/variant_1,41,-0.21753538608551026,-69.11317473955245,20.287546967148796,142.21205172775248,24.297501509991797,13.604501228182077,0.817087860107422,4.236805591442219,1.783401608467102,0.05871381238102913,-1.9638547897338867,6.359741107907905,-1.5658046455261443,6.1477499653172805,3.9014618396759033,0.03332807868719101,0.6069648861885071,9.22892855463278,100.54240631858202,10.973903778997714,1,1,1,1,1,1,1
pi2_causal_downstream_000104,downstream,88f6eb71092deac9d49faf2f54d8c227e748a00a6819f9e512b9d1b0bbde2e87,0e8b446aabf14273f4174d3ff60cb68021d9e4716bd103b056aae89e26c8595d,dense_v1_train_x2.88_family1,ae84f8bb5ae60fd96302b9f29e0bd43f515d76877454276a5b885ab2faf4760b,1362786e0cb057401751952be7403a547f90fc23c00894edaec5408365189d8c,dense_v1_train_x2.88_family1/variant_1,42,-0.22030240535736087,-69.16156662982199,30.522209778008552,142.61990964385063,13.676419039291277,13.909535898922945,0.8201525497436524,4.411645484933596,1.7761000394821167,0.05993738770484924,-2.1850786209106445,6.590747924034669,-4.070307375009706,5.996776744563788,3.936835289001465,0.0344490110874176,0.5659464001655579,2.3754369136060616,132.00706608883644,11.152325493583726,1,1,1,1,1,1,1
pi2_causal_downstream_000105,downstream,1e2a1e8b8bc2fbb77971a5ee7f807fd56955f358d2859e2a094d3d95493e81a1,4caf35cb9bb263aca2228983f4c518cb166d657b93f02d4fb5465d3d126abb9c,dense_v1_train_x2.88_family1,c78c168380ebf5777916cdd1336eb1e767b2d49af25db60b018805f2af10eb3a,2009388fca6f117d337226b6818a6d8d39d6b5a46871253c8bd16ae3bd8b8c62,dense_v1_train_x2.88_family1/variant_1,44,-0.1552738642692566,-66.92874363919897,122.70690293002866,142.91960468425245,2.092667295410945,13.25204906604434,0.8854641914367677,4.741174968185635,1.7890889644622803,0.06905341893434525,-2.6555891036987305,6.77741614027747,-57.55895353199208,5.113114190504219,4.00768518447876,0.036917176097631454,0.4696981906890869,-11.326453181760662,139.90272378823616,11.386746540723871,1,1,1,1,1,1,1
pi2_causal_downstream_000106,downstream,6aef107ada26989cdbf77b6599977147d833d89e5828439ab683f77d65dc2475,600be9861981a82dbae30df03c946180f8d7bdc2c2b2e6774302d5e94ecf848b,dense_v1_train_x2.88_family1,fc061938e099cca3e2c7879a72e748802ced59d07a6742f3cc0b097c07b27466,933fa14a6d320c73289d7232f793ebfeca5f260e8e817fb0d76444b9e37c1f34,dense_v1_train_x2.88_family1/variant_1,45,-0.13511677742004397,-64.49582342665127,144.49343053318512,142.9708174426492,1.1965022935190788,12.138845483945031,0.9016938018798829,4.887329413307313,1.7959569692611694,0.0714883953332901,-2.8600962162017822,6.8906495776588805,-70.84156776940252,4.723873662536239,4.0433807373046875,0.0382809154689312,0.4147563874721527,-17.712447829290802,131.2504450533391,11.418372443412963,1,1,1,1,1,1,1
pi2_causal_downstream_000107,downstream,b7bf7599b56b276455c96a06eeefc3eb2f71d7b042693830c8af3d989240533a,c8e188db62ec07c00da1e08d75f56cb764e933d9f518d7b0d92b342cc53dcbcd,dense_v1_train_x2.88_family1,0fd3affd21b3e71101e5c6608ca5bb5c28cd7e99e518357a15f684b5ba599f72,c440fa85ea43414cbed91262516defb30ba22e00cc07b2f8311fca7297b0dc9c,dense_v1_train_x2.88_family1/variant_1,46,-0.13346731543540954,-62.1460061257351,138.72343698652008,143.03731616440845,0.802809069181633,11.07316126365884,0.8971300792694092,5.0344538836728905,1.7965220212936401,0.07129590958356857,-3.0451250076293945,7.05662573581113,-67.10326863287113,4.559187556363477,4.0791192054748535,0.03964326158165932,0.35612359642982483,-22.688016950949777,106.9941278764952,11.442186846958952,1,1,1,1,1,1,1
pi2_causal_upstream_000108,upstream,f3bf6d6fb74250c3c708ee8c6e3d99bacc67f766fd00190279a2965853c8fa80,7402458be3ec99c1a67fe37851514ba28a4847e1d9bf868ce5abc42daac9ab89,dense_v1_train_x2.88_family1,c5834027590132a3def99b3f39fc8ce4cb9873e339570e488cc3f9aadd341648,4c1b59f12ed218a14785e3c56a0188d79956a680ca84a6bd5613b7728b96dc94,dense_v1_train_x2.88_family1/variant_6,7,1.7061411857604982,-70.30824610844041,87.41518571497855,139.38981756270323,-258.00974019907136,0.033389702340507296,0.0021553592756390575,-0.6853451929776626,1.7390995025634766,0.02320372499525547,0.06361968070268631,0.9762487564668544,22.625375578524295,20.407594372000936,2.7752292156219482,-0.00237704673781991,0.11862627416849136,2.8494172507288615,70.89015773515798,-0.7764543495928046,1,1,1,1,1,1,1
pi2_causal_upstream_000109,upstream,c21872a0cc8a0c35b9e7a18c063bc83372c55deb556b8be795c185acbdc0e56b,4736574bbf9f820d78d889d1194d686372b2faee20e546ae3528b3d6a81ab2e2,dense_v1_train_x2.88_family1,1e9df7ab643a0209c3ef1f8eefc5755075dfec8c68b51552cd77f36b5bcb7d42,c0a255f44b99bd159e583565fecfec797a5eb69a52771b76c3fb331f9f839398,dense_v1_train_x2.88_family1/variant_6,9,1.3148977851867678,-57.57582409924201,532.8664425143027,121.0369763194739,-686.8072677640444,-0.4362663293183675,0.6044305229187013,-0.36668454489029967,0.847413957118988,0.06178314983844757,0.038599222898483276,9.304678767622807,29.132102357370876,36.01292713479552,2.83571457862854,5.355753455660306e-05,0.11738526076078415,0.08464696127079115,37.865100267879136,0.964283644466736,1,1,0,1,1,1,1
pi2_causal_upstream_000110,upstream,8f7471845324d0c2bccab3d86aa5861949b85db797187674e07296495326626b,e44e4de129344a2e95803b98ad453efb92574ce780c54a91d8f4399be55293f8,dense_v1_train_x2.88_family1,09c65ae51c7e1fc92b18c6f4c24b01577c0cfb42af02af72cebcb6c58374f4d6,0b67505d7a5e344f0b43921407e908d38d8d480657ed1cd82a4a86daebd01521,dense_v1_train_x2.88_family1/variant_11,7,1.6218902587890627,-70.49277732924665,87.64514452395453,139.38058314694536,-249.63685718236283,0.12667091566933222,1.0987710094451906,-0.6789092230792976,1.7250568866729736,0.020751580595970154,0.11393042653799057,0.24826019413533268,25.304510450272627,20.414235023421483,2.7754595279693604,-0.0023521012626588345,0.1186881810426712,2.8845032921649825,51.89291887958923,-0.7507382092717879,1,1,1,1,1,1,1
pi2_causal_upstream_000111,upstream,c9dd8e9c6a5d19cb03efa273de522eafbb7aab78c0339fb3a4a7a67c9066ae8d,62ac9b254e76955d9e00b37fc1e72b804e954be914effc9a6525242968c6c311,dense_v1_train_x2.88_family1,1004accdeb24a23e175a539b07fcaacfd979490f2eaf7a5b8fc5858487a9f0b2,451a9ccc67a92f5e27519094a4715b2c9fe550076d835c22d844cf1a25fa7924,dense_v1_train_x2.88_family1/variant_11,9,0.7165967750549317,-56.117981692605326,573.9510685606832,120.83054068199944,-677.4536242240354,-0.44448351336122977,0.7529982089996339,-0.40833722636097247,0.7487331628799438,0.021652057766914368,0.10271205008029938,0.7047559940348407,5.374675430996211,7.974986931514833,2.8303983211517334,-0.00017663843755144626,0.11746758222579956,0.32577088838392987,-57.69950516473261,0.5707808771980435,1,1,1,1,1,1,1
pi2_causal_upstream_000112,upstream,a26c2a2ae4ad89ec24104b3c5dbe2886ba6cd8fd0bf5c9e2aaf0d06ed823a6c5,389218765d49884c6fdc0fb55c7c80fbea749ed6cb59bb885f448132353e0c31,dense_v1_train_x2.88_family1,8e1d89b16bcd7687ebff4ad90074c98e327f0331a295d736306090c4b12064d9,dec188de49294ff6b8b2761a6288b4591276a5d2fdc822a233095fa837ceb3d7,dense_v1_train_x2.88_family1/variant_11,13,-0.8523827266693116,-43.03547150730875,-589.5086548860847,37.27824016910789,-436.5191657046991,27.97868446406411,-1.1319994735717775,-0.17245364857750647,1.5189776420593262,0.04357397183775902,3.3284220695495605,-10.906966868600573,656.7219783570523,34.60501341099162,2.8943848609924316,0.0016542954836040735,0.20817126333713531,-11.582270233160674,-13.693944450927884,2.0405666306491077,1,1,1,1,1,1,1
pi2_causal_upstream_000113,upstream,8c47122ebca677e4ab002981b2cb52530b711137b549ba9e69897db698eae030,e39c77a193a5888f4bf2b7739d88ca088f600a5e2eea79dca9a97ff9f88d293d,dense_v1_train_x2.88_family1,6f3f52dea3be3ab541d0bb6c71f24544649d60ed0226023624b3d6562c64e30d,1baad2af0f0b2be20b3f0584ab4cc5093c24e3b7ea571bc704af8ab7f5eedf85,dense_v1_train_x2.88_family1/variant_11,14,-0.09702302336692811,-53.1347497235351,-404.0432281259326,41.05706964817412,713.4175754873872,34.50979195783104,-0.3557212591171265,-0.09895260333993249,2.0771541595458984,0.0675491914153099,3.307943344116211,-7.968195162158902,21.32259041887794,15.35826091485312,2.931171417236328,0.0027936792466789484,0.27505141496658325,-1.186843765702446,-65.69011615397385,2.5181771321301487,1,1,1,1,1,1,1
pi2_causal_upstream_000114,upstream,d6327154ae1252d41e244194e1a1f3938ea65a928c89f974ed518f8ddb2076b1,e7de63f73efe40c0f3f30867f5235cc38cd7df940907630b268172a9b22123e1,dense_v1_train_x2.88_family1,cb53e73b78128c031c0fb417f0eb38265b3d26e43d425ca71a3c2254cbcf0236,72dd2c13ff794cba58a02672569306f66d0876149ee149c329041b417c3ea6d7,dense_v1_train_x2.88_family1/variant_11,15,0.4323802566528321,-59.15457451456627,-168.13001049568794,64.03861739379978,1293.8366146260191,29.468471438304032,0.868006649017334,-0.10784793072577516,2.411513090133667,0.08587770164012909,3.6313793659210205,-3.030128901685178,-422.70139248543984,3.194636569165874,2.977154016494751,0.004410859663039446,0.3448452949523926,17.728787349332766,189.32576771677333,2.6163528610835036,1,1,1,1,1,1,1
pi2_causal_upstream_000115,upstream,b5e69cb84c1c82ddc330af416bc237eb4764348ddd2c62d4cae0f8e770e76d3e,cfd6bd16d14a28bdb544ed416ff4e2bdcaba9c226e608ac8c713ccc265450b3f,dense_v1_train_x2.88_family1,9adb9110303a23c1782a0a78e457bd3e40c6a2fbe2112f0c0056df48d3a48015,66dd930c59fdbe8b18be002030a0955a4086cb223fbfb15a43f3b1bbab3a6308,dense_v1_train_x2.88_family1/variant_11,17,-0.08472639679908753,-63.829920963710045,-77.04880270597509,83.21171654502345,11.684290207472216,24.734139775652014,0.2956298637390137,-0.08285068252989931,1.7688333988189697,0.06016033515334129,2.121562957763672,-4.374815137455445,45.7914050260847,13.819859842050715,3.057586669921875,0.007217552047222853,0.45785921812057495,34.90679165909029,-30.163129657868055,3.002996524616262,1,1,1,1,1,1,1
pi2_causal_upstream_000116,upstream,27045fbac24cbd3d5164a757865230d8fe310cae93f7115188915da3c44434e8,4b4323822010201201f3a9f8dc68146008962ba9dcbb74fbf0f490b641072604,dense_v1_train_x2.88_family1,9ee3376238eaf71d44f6312072d5cc813c8a85f7d5ea4bab1103a63fb73e9b31,a735efd6f64c0d0f585ea844232929de07cb405050c39006293f6fc1d1a80ab8,dense_v1_train_x2.88_family1/variant_11,18,-0.20947804212570192,-63.96848501140209,21.020219651868768,77.25790211722585,-464.0826673078524,27.19168003889394,0.14186946868896486,-0.030150087791733372,1.5278737545013428,0.04678810387849808,1.3169922828674316,-5.863221359967475,171.65733874913596,17.520770523065444,3.0896852016448975,0.00825154222548008,0.4898994565010071,35.40642341197131,-9.32784676928749,3.3511416115805828,1,1,1,1,1,1,1
pi2_causal_upstream_000117,upstream,aaec12cd8767fdec3487f3de8ee7ed4d46e20cdc9f1025a09416560738c04dd3,632f6c9a98d3a0dab86575bed34e4ddba8bad01d5daf482ba0a019a00c4eacb2,dense_v1_train_x2.88_family1,d2804e079d64f3e631685bec3b9e9642676582d5ba3ddfe9363aee48f1455da2,3f7acae1e0d9247e60e9bfb46e6227c10cee2a0e8f23eb07d1a67dc7533bf423,dense_v1_train_x2.88_family1/variant_11,20,0.08471540689468385,-46.42022297692734,480.86285749468624,51.37895397473494,-650.9792645859324,23.793725222081388,0.5460558891296388,0.0733530824106696,1.486903429031372,0.039292532950639725,0.5549059510231018,-5.148100980753963,-123.00150264930964,17.520463164552794,3.1483731269836426,0.00988042913377285,0.5148739814758301,33.53303229623104,31.44002669301277,4.069043272764296,1,1,1,1,1,1,1
pi2_causal_upstream_000118,upstream,6d9cbae0aca00ee8fc61b25e9e47cb55bb9bd798e4c31df7ef011c3d63a1ef2a,e7a39b950f320e63c6d3a791a980c4c8690e6cecb02c084a6b51da852c3efd36,dense_v1_train_x2.88_family1,cbfec5e31622d587317042179bf91d765993690109e9d324ef0c7429c1d65118,374b85019eafe18b4ba83984f58fa5d10ac5b350386d10b6a449febc74e2633c,dense_v1_train_x2.88_family1/variant_11,21,0.12720997095108033,-35.55465217733892,509.24169243944226,37.547926773391254,-615.4776351671202,20.62435232248223,0.5975704860687256,0.12339281131496091,1.5326309204101562,0.03966987505555153,0.5518608093261719,-4.583038150058338,-165.14708930022493,19.194545945217502,3.178010940551758,0.010633734986186028,0.524459958076477,34.259026763490034,-2.084174595508269,4.456810263570382,1,1,1,1,1,1,1
pi2_causal_upstream_000119,upstream,ed99d30015c8f46a4595b80651a624dd77997ff8ad7a4afa7de3340ab101aef8,38c92d0c3c4031f5b92d4b04c13f620ef5e88fdd0a751b33ff9ab3515d87c905,dense_v1_train_x2.88_family1,e8421386e26c73236d1fb989c5b0d489e671ad851fe7b00b56e14279e6da89cb,83a3f021d271272a9c33a8cee2ced690222ee432e74482453140292735e84701,dense_v1_train_x2.88_family1/variant_11,23,0.16743916273117068,-17.75979470061733,431.87097608769534,17.31411802708483,-384.53082566731024,14.234369130188497,0.6411451148986818,0.22558871610616849,1.6879498958587646,0.04855925962328911,0.5919188261032104,-2.711203677118599,-200.83153556236164,20.280166947750594,3.2419278621673584,0.012331907637417316,0.548599362373352,36.12008938777843,-10.910847269822789,5.2934383126661,1,1,1,1,1,1,1
pi2_causal_upstream_000120,upstream,9420a6f20487df1ca995f441861771347138f9cd54555fde4b50298335edba70,2ed9b7f7f967981889b812429a9777c58d95c32785eb9de15d6a9f3dc6c01b7a,dense_v1_train_x2.88_family1,d8dc6a1a24fe8b7e8621be0f549c5cea2106cc712ae6061f9694d38c6bdbf5e8,2b657a37d9103ab7384d4259540a150af687de056cca223fe96c48a901f93f3b,dense_v1_train_x2.88_family1/variant_11,24,0.16939611673355104,-13.247429371674762,279.33648678805923,15.76319721753379,-80.06899624373884,11.07844081115041,0.6413890457153321,0.2674342272294394,1.8329367637634277,0.06230924278497696,0.6440995931625366,-1.84133191532352,-201.04642697402858,18.603159138573826,3.277972936630249,0.013505447655916214,0.5628315806388855,36.30649208041725,6.395339200088365,5.68628944681442,1,1,1,1,1,1,1
pi2_causal_upstream_000121,upstream,8b41797a89029e2c8906eecaba24768eaf70691f577abb307aeca6bb6688bae7,18ca6c74ff7ce4d2585053fce4653b3c0efea4f8a248841bf66759d320770341,dense_v1_train_x2.88_family1,dc4d1ab265f490ce1fb5d76b6bf6b10121686f362c0cdf76db52bb8cedb28545,ac86bb9a1809aba81b61225fa8d5a658e40dc9b63f056b16bf17d8712465105b,dense_v1_train_x2.88_family1/variant_11,26,0.1620303273200989,-9.634015121475189,177.792761076775,22.695412338273606,83.9989436581916,5.075163078684975,0.6223620414733887,0.32392594191789065,1.9377086162567139,0.07500089704990387,0.5410436391830444,-0.5230428665914711,-185.45929325027748,17.652070664575184,3.355262279510498,0.01641770638525486,0.5905358791351318,37.765352185240275,1.0596661769653375,6.397468243883126,1,1,1,1,1,1,1
pi2_causal_upstream_000122,upstream,c8fd418acc6133208910e895d42d9b7dade4fc7c7755dd156e9a12a2fb212dcf,bb2119f2b0a5151de23627a4b678de9d1a3bd931c0de2045cb1f1483f9fe4135,dense_v1_train_x2.88_family1,3805059cf28407127f06a6440e6ce495e70654dcf62f002ad6c65ff480b463ef,af34b16d915565968678699c6c8eeedb58aa816a2d34cf08a5351d69cb43001e,dense_v1_train_x2.88_family1/variant_11,27,0.14717120885849,-9.869552487455787,96.4431248542263,28.696725609106753,205.31253580886184,2.691200465279743,0.6022585105895997,0.3407034388265682,2.0026891231536865,0.08298687636852264,0.5439781546592712,-0.40707898104806906,-169.0072526719277,16.366473675975165,3.3953707218170166,0.018058128654956818,0.6038233637809753,38.06416613123916,10.859631096331448,6.743739203699956,1,1,1,1,1,1,1
pi2_causal_upstream_000123,upstream,75c3955b140c0a89568237747547ff9956ce9402ab2e4b4d58d6549659b22a88,baac0a838933c3cc0f3455287502e3bdf161685ff19b826dbbcc7e8bbfaa6449,dense_v1_train_x2.88_family1,72cb3d88c03d5f48ffc53e3781b8eafe535da7b80865b88e4843a6dc2b4a3f0e,e6c509444cd4e1bea7a28fe48b7b95d20677ac181d827ce63b8273d88dc89f21,dense_v1_train_x2.88_family1/variant_11,28,0.10367839097976686,-11.67990010338319,28.276569937408002,35.918639788398075,238.56697834922642,1.0732294595665404,0.5520786237716675,0.3468173911005696,2.0170419216156006,0.0852491483092308,0.4996948838233948,-0.5491880303214866,-127.97329296881031,15.954760118090553,3.4360837936401367,0.019780391827225685,0.617009162902832,37.762302505775864,24.678841216637363,7.089820278457295,1,1,1,1,1,1,1
pi2_causal_upstream_000124,upstream,7e342d686cd90d0e2aa5be3e15f66134016d92b03b8df671f2e1e4c4f0708fc9,62c5b07a09312fdc38074e4709ef23ed446f68c8f6bb5044aa2dfb051fc6baed,dense_v1_train_x2.88_family1,11191f1db91d8b4b5af41ddcfcf4f2b128de08df3495e9c0ba306385d3bdfa37,60bc95beff904c12bb866caee47460284602fb372d6e10852eeb09eb98f7e3f6,dense_v1_train_x2.88_family1/variant_11,29,0.06586964845657349,-15.083893923441002,-54.22704040579271,44.06492786429683,317.5146487765459,0.3465817565202874,0.510655312538147,0.33932457157481277,2.0507168769836426,0.08935151994228363,0.49045413732528687,-1.1265728958057841,-94.07680581627538,14.887746258403869,3.4771554470062256,0.02155246026813984,0.6299713850021362,37.47806418346578,26.88832545086645,7.430139638576497,1,1,1,1,1,1,1
pi2_causal_upstream_000125,upstream,aa1808af7d1a2c0bcdad1452834f2e376ccee48ae443db822b389815f0eebb21,aade2b3c77021ca42c4a9df3a22f0b2b8bd1f5d41966bca38740cb68a3f4d8a4,dense_v1_train_x2.88_family1,237c0ada3f51fc3f11d358fb745378885011a2322d8141f502005b45670fd681,67bd82dd73bed18325c054a3a22aeef43242a0c3805bab6e3832297eb9b008a3,dense_v1_train_x2.88_family1/variant_11,31,-0.0961650598049164,-31.36730225382506,-424.0281157505798,68.53738296233121,642.4685756725296,3.0373427684303205,0.546359601020813,0.2719161949423167,2.155731201171875,0.09930907934904099,0.8883329033851624,-3.6785482147852844,63.608165211927236,13.31794509843962,3.5620694160461426,0.02538461610674858,0.6644048690795898,37.03989388783112,24.27298113087145,8.081611495170232,1,1,1,1,1,1,1
pi2_causal_upstream_000126,upstream,c81731d20792f0e6a3397e664076cf6e0e812a6cd84520cf9f52c31b22328de1,6b20c9358090a799b0b376e75983492f47df16dec30b6330d2cfe078e7599813,dense_v1_train_x2.88_family1,986a948a83de08ebf855246d6a8bd5075de7384ccbecf5a2231fa1cb5359bf4a,72f291eb8bc3b889f86b635d9a6b4b8bc92d08e877811cc87c4d751a550e48a0,dense_v1_train_x2.88_family1/variant_11,32,-0.0441692727804184,-42.56354983189048,-437.46285196118475,85.04720694105931,809.365887287192,4.909289728466272,0.623303918838501,0.1959946464183141,2.262824773788452,0.11129400134086609,1.157932996749878,-5.841745964556485,0.5995711341774972,9.620537450695462,3.6066172122955322,0.027520140632987022,0.6888375878334045,35.75175094621798,35.54843329009963,8.34462139237477,1,1,1,1,1,1,1
pi2_causal_upstream_000127,upstream,fa596b1343d3df58200cc11f4f5b7414db06ae860b4a5d2c6d48510ca2899294,88141e8032db55e8a50cf7416b85869cb1be6e8edd073ca5d88c02f9b679a01d,dense_v1_train_x2.88_family1,82719f41174e87bbc0ad7f625ffa02f26d249829216e38247dd2f73ee045b98e,95497ca788fff82ae48416eb55c49a0fac61518e699f6db6556d861b4c2338c3,dense_v1_train_x2.88_family1/variant_11,33,0.022476505339145664,-51.05976215934732,-319.36702340021003,101.37474000102894,751.3509708167774,4.613791752239986,0.712953634262085,0.0759656957122562,2.263181447982788,0.11046792566776276,1.0077849626541138,-7.794145720407698,-72.7910745132534,7.422463047474883,3.6519558429718018,0.02974366769194603,0.7123566269874573,34.25844961250517,37.08634258928179,8.527641820554962,1,1,1,1,1,1,1
pi2_causal_upstream_000128,upstream,f1919704d7bcc2e538134c66847c5bb1c1f8b0b6344b2a479d51dc870f56d1a0,630a565a85740e3f6c1ecaef18f65e6d496659b86f3dca5efda59d6171e9fbf4,dense_v1_train_x2.88_family1,b776e2a64551598e5415f6350d463abecf31cee5c7fd87bc8ed784ac1f0dbff9,f31b1d16dc50281eaeb150edca3634952f43afcf3487730530475a0a274f9398,dense_v1_train_x2.88_family1/variant_11,34,0.02259924054145813,-57.2519399438946,-230.1599990281812,114.62950755719324,566.3302166923497,3.648711478360488,0.7131227970123292,-0.0865295576389206,2.177330493927002,0.09809830784797668,0.5496063828468323,-9.63009715421254,-72.9330468253413,7.2484878840309035,3.6960971355438232,0.03179294615983963,0.7287213206291199,35.38871273145347,-6.789216145842314,8.678311577058249,1,1,1,1,1,1,1
pi2_causal_upstream_000129,upstream,f99f94e5fb85f39554f9649326be4571ca33e81d5d4ff0f39f4d005a10de7739,0c8ec94a45a28a35a64dc49cc66f87a84dcf4d781d5cb16979145b5c387defc3,dense_v1_train_x2.88_family1,d0a2d49e3bab72690be25fbcee447cfd19f1997956a22de6f3f360a2ed6d4b7c,f907d8a81202dac7f70082c8ff3e87c4a6b5711bd349d88d6d553c1288057326,dense_v1_train_x2.88_family1/variant_11,35,0.01495350480079651,-61.82499406493367,-161.9890966959562,124.30929263007033,401.8725666869459,2.752109791627159,0.702737045288086,-0.2884543936684013,2.100247859954834,0.08606792986392975,0.05197739601135254,-11.457998356306877,-64.4188745154619,7.190876945929138,3.738551616668701,0.03359145298600197,0.7352612018585205,36.43091763652737,-14.453646755514537,8.82778950827159,1,1,1,1,1,1,1
pi2_causal_downstream_000130,downstream,9b2ce7b7d3157bcaeffc809c5075699b09a41a5352172e2e3d25f65d194cea29,382b68dffaa08e5b18e6d9e973bde4732a3d9450d5bc263a472f6d3570b3ff59,dense_v1_train_x2.88_family1,b7aef2c12b9d659f3abc669f53b0e72ac8f9a7a7d2c481be876c1b78e865a896,f37b1859ae68740f98e26abe9c1722880bcc8cdecc84929e0a5be3225b28f89c,dense_v1_train_x2.88_family1/variant_11,36,0.007791635692119599,-65.14617354885237,-108.78349400506596,131.04917303887717,273.67726524935347,1.9773050503303637,0.6943580150604248,-0.5274230652528378,2.043806552886963,0.07610531896352768,-0.41011476516723633,-13.120293938011438,-57.56603643816139,7.076770951881259,3.779655933380127,0.03516877815127373,0.7320929169654846,36.69961386338109,-3.7485700334957857,8.980012558081528,1,1,1,1,1,1,1
pi2_causal_downstream_000131,downstream,8d33fe046e92b57d4008d0af0ec13d5b768a9a4b0adb55cf49bfb36285d523b0,84a8dda857b4d299b68a84a59ba602dc36a2d5e4a7f9a11ed6a3deb8bee6c5c2,dense_v1_train_x2.88_family1,f85353029df3a5476f63f4c9a310bbfd3c27a850218db0359f31f12e90bcb39e,cf9165c552390667a6848e487f6ceeca3da585de47c87f4b5f12306dd9b097e2,dense_v1_train_x2.88_family1/variant_11,38,-0.010837548822164537,-69.12511391022164,-37.51817788446127,138.50881878241995,114.48748743378115,0.6379988434895384,0.6871011066436769,-1.0951719439669636,1.9839839935302734,0.06279908865690231,-1.1606190204620361,-15.562989005035083,-51.633433162831274,6.675629673058179,3.8593788146972656,0.03784075006842613,0.7008323669433594,31.37649227335331,32.62365749504096,9.30041938264421,1,1,1,1,1,1,1
pi2_causal_downstream_000132,downstream,13624e1235cd131adcdef7d688ebbbdcc869937ed14090c91655d38f21e0dfa2,00bac77f452c0d7a3b30f3fb2100c6f5c278f66adcbe59d6a782fce9a9e264b9,dense_v1_train_x2.88_family1,a9d535771d77cea5b1e7e493291575bc00f395750129960a7f837ac0fdd35bd5,1eab0cfb9cbb58ad3a0395d9ac15d00e320c8167d3d697c92360c21ac49a99f4,dense_v1_train_x2.88_family1/variant_11,39,-0.014687994718551638,-70.23492402770033,-16.10162967581334,140.3654008026128,70.7877253881753,0.012177014819868404,0.686178321838379,-1.412019106436784,1.9712799787521362,0.05882209911942482,-1.4584516286849976,-16.315353125132205,-50.886558807279556,6.472445632515463,3.89858078956604,0.03901340067386627,0.6750187277793884,30.075262689290426,30.35903314364236,9.45536451121015,1,1,1,1,1,1,1
pi2_causal_downstream_000133,downstream,0a1e84e8f9d06a6efd67b3f6d59387c2e0cfd60f906b2c7dde0f5bfc19e724da,d875cef1979a0b50722d8f9d4194b576fafbbf7b1f22524cc298b5e2c7b8355e,dense_v1_train_x2.88_family1,8979e5b3a02a317015542d56245dc67eb854e47d000c56a0e886e740fc2f4b86,c0c473dd3cca738f04f5f16ccf81773ab59aafa1980e44d387f8dcd273b58736,dense_v1_train_x2.88_family1/variant_11,40,-0.01471173107624054,-70.93559215351692,1.273003080265866,141.508856431943,42.533418452366966,-0.6389041316071631,0.6881390476226807,-1.743329160432961,1.9659110307693481,0.05625852569937706,-1.721742033958435,-16.836329219169514,-52.49846979102422,6.266953841806928,3.937605619430542,0.040121518075466156,0.6435894966125488,29.467106060687076,18.784874613894722,9.60794357500982,1,1,1,1,1,1,1
pi2_causal_downstream_000134,downstream,0b6894adb28112a44b583a5ba440c81a8dd9e9b360d0493d6d60d3d5b7917fe9,f6718e5a8a1e13a150feac040ee0481d558b0b2a6cec3cc4e946fa53cc8059f0,dense_v1_train_x2.88_family1,5611e31e2ea34c89fc46b194b4503524e370fdd300297b56953cdd17eb4010ac,0d80f9a02a27a2f7e743277c4f802d6995e7c84522152becc654237dd7d06e13,dense_v1_train_x2.88_family1/variant_11,41,-0.015686925500631332,-71.36963018470372,12.035382421378381,142.2011644062155,24.899333383423716,-1.3083280620715338,0.6891977500915528,-2.085005445675857,1.9634472131729126,0.05458555743098259,-1.9581701755523682,-17.194246499603814,-53.371658249991576,6.028911503948229,3.9765419960021973,0.04118775203824043,0.6071854829788208,28.446851676058298,22.99719741656145,9.761522821087581,1,1,1,1,1,1,1
pi2_causal_downstream_000135,downstream,95f7eb4d3f8db029d1b2ef3464df988ae8ad591bb5920d66c0e4dbc32898600e,cd42f52a94894fded03a51d372148e09c7bb2f4a2bb8effe67f995a3ab435be2,dense_v1_train_x2.88_family1,7c988da2379ce7b70c1643d3fea38d334d3bb5710b6b96448e82194868f403ed,6cbe7466376f95b93f540991b81301d60137b0976b641bdc940d25bb0a7cdcb8,dense_v1_train_x2.88_family1/variant_11,43,-0.017493346184492112,-71.72315394595441,25.533391796907047,142.8554555475677,7.588618498092845,-2.7234503228395375,0.6923340034484864,-2.790017253323284,1.963771939277649,0.05314335227012634,-2.3869266510009766,-17.61720425640956,-55.944539283916605,5.564759595597666,4.054349899291992,0.04325678572058678,0.5209736824035645,25.496807596165166,32.78020201572306,10.073388927772154,1,1,1,1,1,1,1
pi2_causal_downstream_000136,downstream,a28c79bf1f5684550a6c1f7798411cf039feaa33ed3a3a7464e6b03676ea0480,7a2e87a08fcdda9fbca1b123e51aee0274f50c55d523700d22c8ec78f704a625,dense_v1_train_x2.88_family1,605857343388a1d730c794360dae387ed36f0f2ade10f24cb03aa00b97950025,ed752796088e9d3ad120bbbdbebd6b0b67c17b2cfde0e61d0f90e3ff960a3d7d,dense_v1_train_x2.88_family1/variant_11,44,-0.019003637135028843,-71.74478515505584,29.260820687374352,142.99677216149524,3.747688085319208,-3.463439890266975,0.693536901473999,-3.150602767189721,1.9646549224853516,0.052975624799728394,-2.5887808799743652,-17.74516102032058,-56.92524175060913,5.339403480348619,4.093260765075684,0.04427915811538696,0.47162172198295593,23.504475566218296,41.17477429814095,10.23280704673468,1,1,1,1,1,1,1
pi2_causal_downstream_000137,downstream,9736fb760d3ec6958627ee6f729fac0cab25ac4761def6e95bee9b721984932f,6221374bc1283a1a585fa25e008be692d0a95845f36496903c67859748317f75,dense_v1_train_x2.88_family1,6dcfd155e1345d2ee62067e23d4510442d6833f64e65cd60fec5aa1ebc415edc,688ab4278f840e60043580d7d712979ecb90d457b191c7cb55d77a20b9ae321a,dense_v1_train_x2.88_family1/variant_11,45,-0.02058503389358521,-71.69842183096979,32.21016125778297,143.07842024283357,1.488095769069911,-4.223876664790779,0.69478666305542,-3.515604692856068,1.9657583236694336,0.05304121598601341,-2.7866086959838867,-17.841642564988888,-57.9424686538883,5.125516960263315,4.132187366485596,0.045301731675863266,0.41826966404914856,21.146163217521927,48.64565228777382,10.395293905458447,1,1,1,1,1,1,1
pi2_causal_downstream_000138,downstream,ce15a5bea8180e8bef262f26230b931af9da9606ecdc15e7b0ea4d194bc7502d,5d109821456a68521f66acad4a930c223f141a47697836bc2fabe0ef0c677a9b,dense_v1_train_x2.88_family1,dd1387c702f53fb41c46ad68e56ab855a4cd35b0bc24cebb8d9710c58db7c518,b9deec687156a7686923c64cfa386a677b958043272e77a7efc7090d381daf80,dense_v1_train_x2.88_family1/variant_11,47,-0.023325611054897312,-71.44984392631635,36.81947343803105,143.15188575754624,-0.5987818204415376,-5.80520917558711,0.6972833824157716,-4.257633158470143,1.9680758714675903,0.053608693182468414,-3.1758980751037598,-17.974552923595457,-59.975344686748365,4.729812512019565,4.210094451904297,0.047361742705106735,0.2997954785823822,15.39750376672943,62.547272909284175,10.731466820562323,1,1,1,1,1,1,1
pi2_causal_upstream_000139,upstream,d0aa24b1329fd8caffd65747a05cf750531e54d9a7b4d2169d9007aeb63215ea,dfdd71d250c6699541a0863dcbbe79125b139886dd8e71db58aa6d96ae332383,dense_v1_train_x2.88_family2,8a213cf4b4ff7a7a2083fba352a7c001b73a7f7af6863a60ca4b04afa25ad86e,cd9b5b155bf5eb0f914ea0c113648d4b3893a0df5b5b3a2d56a42bc9afffc4c5,dense_v1_train_x2.88_family2/variant_2,7,1.7262026596069338,-70.20629187469963,122.28918222076902,139.43415915079495,-282.2527316768446,0.07139446080948873,-0.22888654708862308,-0.6742474851211384,1.7044517993927002,0.025328941643238068,-0.06827600300312042,1.6444601435126591,11.845136893557784,21.354856232517083,2.7743215560913086,-0.002303481101989746,0.1188088208436966,2.858443132273622,65.24185766893508,-0.7982920656273436,1,1,1,1,1,1,1
pi2_causal_upstream_000140,upstream,b8a5a99e8c6cab2a9777fb352d8caeb4ec362cc97b0f787fd73e5d51fe449755,84f344661dded2e1b8eee5615ee1794ccadf01cdc591226db3600f41e8e0fb8c,dense_v1_train_x2.88_family2,7991c564643a9ffb968aec94b70253b2a9141a196f1ff96f169176f7c37669cb,17fdb77ba2334d5a9425f416008448aa9f0a59ae5a34d0d8ba5bc5f569597af2,dense_v1_train_x2.88_family2/variant_2,8,1.6738447189331056,-66.14890679071277,268.0146559368194,132.40071721146094,-439.44398931108196,0.12084261106329874,-0.28626723289489747,-0.5981334513048285,1.6317169666290283,0.07063986361026764,-0.030248630791902542,9.81174603518903,-15.957078967313771,50.67042430118367,2.807037115097046,-0.0015306196874007583,0.11890644580125809,10.046147882220112,-83.86530417689113,-0.1212434613460493,1,1,1,1,1,1,1
pi2_causal_upstream_000141,upstream,730386575ba9edcb1ed3a4e158d4b05dc516eff254d64a2a2c0db20006b89b6a,64d0b744bba06c8241e7df4c3442206ec2f30c474a56840470ffb018390143db,dense_v1_train_x2.88_family2,03d00494be800b292e61535b11b6a0673808d9207da74644cf7c6623fa9b4ce6,8c4c3385ac2bdf11f71cb90c19d5281d10139012f462c6fc08d32477143e622b,dense_v1_train_x2.88_family2/variant_2,9,0.7700275039672853,-57.08623272444092,541.5056482671283,121.05440696223577,-673.93837174504,-0.10875582410878487,0.184121470451355,-0.4108928816946464,0.7093574404716492,0.026580670848488808,0.09099652618169785,2.168349419952683,27.170929650417605,14.41580921505996,2.8304085731506348,-0.00017852737801149487,0.11781376600265503,1.0375093634629335,125.44248931526714,0.7157837178430555,1,1,1,1,1,1,1
pi2_causal_upstream_000142,upstream,a01ac7ffd65a7611d02b044f5492ff7c8df71cac17a2bb52b8b65ad0189b65f4,3e6a3aa2cac02322b92776b846db2089d01af74006d1f3f4949820220421a6c2,dense_v1_train_x2.88_family2,ffe63cce213e5d8dde979b125836306ccc359e6859f28024ec3323f96c465c2c,75980b8186118285f0bb64b982a0cdf90c0dcaedd5705efe75dd53cde97b6a78,dense_v1_train_x2.88_family2/variant_2,13,-1.1324703788757324,-46.40609131553459,-534.6232764518567,39.26121483989184,-466.9370306827574,30.456424809437035,-0.1199389433860779,-0.46868456332635494,1.3760385513305664,0.04594908282160759,3.3358232975006104,-4.777910704154795,635.3876365977073,10.617983272364627,2.883233070373535,0.0012355659855529666,0.21557871997356415,-9.743959822771238,152.3541859659261,1.041196856254227,1,1,1,1,1,1,1
pi2_causal_upstream_000143,upstream,7a73ddd0800b83eb34f678252a59b125c2d4dd2ba6344f267ca299c7a09fb6a9,7635e5fb0483cc7d0460e10523e96a600435d8b887dadb01d7fde2cd5c698c09,dense_v1_train_x2.88_family2,f9682a448fd5f0323836df3f88cd18664faad6ef94483109ebe34f86f3676046,5c8ac1df224e9f2ccc2d9fc6ead46c755a39d98405df2c7eec3a7ba54b3fd9ff,dense_v1_train_x2.88_family2/variant_2,15,0.1418017601966858,-61.10807691908162,-136.93675512229314,64.12740302282077,1282.6608951815042,31.959016986899393,1.1877707099914552,-0.6242847827162683,2.2528886795043945,0.06616710871458054,3.621807813644409,1.9369180648803213,-434.8003895812004,-13.087365596022806,2.95928692817688,0.0036694977898150682,0.3525598347187042,21.18350727680897,89.40690985808928,0.68702770623641,1,1,1,1,1,1,1
pi2_causal_upstream_000144,upstream,9854f5aa4b22b2735a227487e2c75bf1237085d3838af220f63c460444d658fd,d8f7c63e506b094e5c9a6e16064bf290308842686eca87cc0aa97b08551ba7db,dense_v1_train_x2.88_family2,92041a5c3c8b35c7847f23017a6ca32d6ef308fd6d50e4fa2085497eb4a8d4e3,b9070feecfe35e8a6a7325530418848ab2cd5c753a7d402c7c87f061dac65391,dense_v1_train_x2.88_family2/variant_2,16,-0.121602441072464,-63.11181536494241,-82.47429517128302,81.77580587581167,659.2217729517637,26.14284396704858,0.9121167373657227,-0.700404078080531,1.978131890296936,0.05670800432562828,3.12431263923645,-1.328656849005305,-209.16936604824963,-6.490760784774852,3.0007808208465576,0.00487543223425746,0.41933339834213257,32.60467298424291,-33.708568157900366,0.5065238193535927,1,1,1,1,1,1,1
pi2_causal_upstream_000145,upstream,262f2f1a066fd8f903b187c9539da4a9e6ad45fb22106842f193c9a058ac0d91,ac2e85ca631d253d52c50adc23201983761a2881145fc200d623628c8f639c3f,dense_v1_train_x2.88_family2,e81176af45798bf7fbd4e8a33347461249bd76137acdaee221fd38d211e3ac96,3cf27aa10a91c4f1b6b1efcce22cb4a15e437c272f66afa20436bb06a7432ba0,dense_v1_train_x2.88_family2/variant_2,17,-0.3730598735809327,-64.6864335158188,-46.70376803503667,87.87082080432093,-28.91458132287348,24.894903028088866,0.5934062385559082,-0.7678823125143839,1.5820783376693726,0.045303016901016235,2.096940279006958,-2.2124007250046804,51.69768816744817,-0.41537806109603126,3.03621244430542,0.00589543953537941,0.47200390696525574,38.32063290438397,-94.41685361429363,0.4244139190496141,1,1,1,1,1,1,1
pi2_causal_upstream_000146,upstream,672dd1c89351845d8791ddc8598c372ee11b66a14defa07f917917824ed6d143,82af27f409fef4231d494cf762759ec75ffa547cf2b6e7ae028c3f8becce3b72,dense_v1_train_x2.88_family2,ca1b2285bf1b5233e4dd9e019199b4289421ce7e852c1343ee879b96faf159ac,de23339160cfb87bbebdcc776ffcca642a89fb5c76276822061cb0805e787292,dense_v1_train_x2.88_family2/variant_2,19,-0.33943066596984867,-53.72938257758182,433.5249473763489,63.37475715742039,-851.3018281117229,26.71920071721558,0.6396135711669922,-0.8351898447721541,1.161685824394226,0.028044909238815308,0.5456005334854126,-1.7372124048941398,13.848071084643806,1.3986799483762757,3.0868735313415527,0.0071757473051548,0.5105652809143066,35.926180317241766,27.735176700394234,0.4465646707351346,1,1,1,1,1,1,1
pi2_causal_upstream_000147,upstream,5587af3ebd7c3fd8aebaf37eabb21c76b8555312cd1d41c6a08e783ce234a73a,b1ce9a732fee94efabd2e6b0de3d4ad37e7163d4a2141117cf854cfdd9a7b211,dense_v1_train_x2.88_family2,0e1cfde421dc0e7cca89a32a773e6159796bbef785957363fcbfddbbb3940572,3e1f93f400912de08d17ca720d8df0e37f3df8a486c03171be9bbd392f0c5d65,dense_v1_train_x2.88_family2/variant_2,21,-0.18652095794677737,-34.26980138690573,492.33484322463966,31.202711770300677,-622.445903441394,24.528857930137175,0.8288730430603028,-0.8687563794364505,1.350588083267212,0.03718741610646248,0.7138606309890747,-0.8676335408205778,-141.057053078725,-2.5551788911436475,3.135652780532837,0.00842760968953371,0.5346585512161255,32.92795266784878,25.317926649349825,0.5115677894697265,1,1,1,1,1,1,1
pi2_causal_upstream_000148,upstream,51bfefa5255684fb72c325b54c474ac59842eb4a79c1fc6dfd06c53ade1a525b,c376d3f5fad18189884c20582ea34213efcb4fee3c55c9e09bbf88b7e557e8a3,dense_v1_train_x2.88_family2,7265aa1414446e11d2d4a9ccec405a399571b159019f7f9a001235138ab07aa1,9cd13e87b5e8aa0a843cf736ab04ebfc2f1c8dade43cb98d13d0e8154b733cb7,dense_v1_train_x2.88_family2/variant_2,23,-0.07065825939178468,-16.978695974681965,446.7028684741614,15.56640409962009,-271.5274495477136,16.980120475935735,0.9627508068084718,-0.935829242783844,1.5835356712341309,0.04660596325993538,0.668975293636322,-0.7390417827601593,-250.7341407329037,-8.690707086714836,3.194978713989258,0.010146322660148144,0.5640932321548462,36.037191381821984,-14.944730526649284,0.3807047284910781,1,1,1,1,1,1,1
pi2_causal_upstream_000149,upstream,6bcbbd095c3aae49ed17b331a552984c1a2ea13e0f1220003334b5f5464bf8f8,43f519e2da7e54575c926817f39269914a597435f03085a3f189d3f7a81aadf5,dense_v1_train_x2.88_family2,4a525aa1c3f269536383e89f996a304a47b9ff6ae187508b418992fe2a55f2a6,d9c2ad2534a33befe08fccea8368d5a76b048e1c48097bd662beb1424acf72b9,dense_v1_train_x2.88_family2/variant_2,24,-0.09893712759017945,-12.22010830257596,293.24898107072823,15.350423272780532,-52.23539139476284,13.246542445100173,0.9195012855529786,-0.9910658400209247,1.6984241008758545,0.05100923031568527,0.7066388726234436,-1.4477036311440423,-215.29965207363284,-9.977483990493974,3.228670358657837,0.011160765774548054,0.5796232223510742,37.29558884959972,-9.174654163940566,0.2509757742559458,1,1,1,1,1,1,1
pi2_causal_upstream_000150,upstream,eaafd69daca7bd7cd552fcb1b1d354300c302d5d467bf2bd880fe9812f3d366f,766b953c45dcc6b422509d71ce7bbee5101aefa8b2066f3a9d5f2e0c97f994f8,dense_v1_train_x2.88_family2,c978a85bb0ce6fbfdf3fab416a1e882235dda99d9f0e54a0aa3ea3884be8d6f0,168b6380b73ad85f3a228dfdef92e07f1431ebff66a6b484b676024c27249129,dense_v1_train_x2.88_family2/variant_2,26,-0.15595500469207765,-8.110315177087589,145.90214338912193,21.626851440739916,80.70551523287067,7.434922919190721,0.8400105476379396,-1.1352360255670308,1.7918033599853516,0.055090777575969696,0.6357553601264954,-3.0697218007564495,-150.20345501893746,-10.32047645381815,3.3001346588134766,0.01334470883011818,0.6095464825630188,38.65896974001514,12.450770621036462,-0.0525943784765411,1,1,1,1,1,1,1
pi2_causal_upstream_000151,upstream,87ec8f856b4ee49b676fd9dad843221c4c27e65703e0db4b341b05931c2398fc,567b5d1d3555f38428297085c5a7d9fedbb1a4276dc0a10fd1ca292e8f43bfbf,dense_v1_train_x2.88_family2,3568fdabfb113c233a33800fd2e9d4774e4a9872a51ea3a70da65f41f6b7143e,11c5ae5895e11e735b51b7ee56d69c1a44f7a5cbb146117401653a5db9a26c10,dense_v1_train_x2.88_family2/variant_2,27,-0.13666895747184754,-8.336402122577827,107.82028706793243,27.658960326993355,212.66314441249455,5.1959191144812,0.8675665855407716,-1.2250791723703789,1.8862793445587158,0.05712009221315384,0.6119217276573181,-4.188819694845889,-172.7539256203815,-12.27894611340739,3.3377773761749268,0.014506458304822445,0.6241446137428284,38.80315161829952,22.489613615939245,-0.2190240384277722,1,1,1,1,1,1,1
pi2_causal_upstream_000152,upstream,24b02a8d8c4b28d3d78064c000099257c5c2b33315e9a9586e2d8fc2795bddfb,c74b555c2dc8313d5d1370231b5d14b59c200b91e9e30af5477145f484579245,dense_v1_train_x2.88_family2,5914b258bc3fa785a8d8027eb165624185f096be36af3735b4a85a59115120e0,708e890078ec057a814771f2af814eaf783b2474874a4d4dfcdda714a4a5d18d,dense_v1_train_x2.88_family2/variant_2,28,-0.20303495407104494,-9.470925572020917,59.588810621239006,33.46121627220294,149.10346671348523,3.772358833945803,0.7894325542449951,-1.3201333326619356,1.8521875143051147,0.0575348436832428,0.4956820607185364,-4.557771572771169,-108.81397030914256,-9.858905076313382,3.3755218982696533,0.01569279283285141,0.6374368667602539,38.46823670744253,34.29266544515235,-0.3704557169697304,1,1,1,1,1,1,1
pi2_causal_upstream_000153,upstream,3b03b2b146e0b220289842e06bf27fc014196bfb424c31a05a0797a1a82f402b,e759a796184d849638ca1b52fdd2e2b4a0cf977565f30b3b3c3587ca61f9392f,dense_v1_train_x2.88_family2,f5f55f6be1f93fa79eec30f053e795e3521c73e05f43facbb27821af5cf61242,19b9047c5d8b5d29bbba78016955ffca0d522a39636eaf94ac1a5e306d52febb,dense_v1_train_x2.88_family2/variant_2,30,-0.2378070950508118,-15.761486255146702,-84.75812601462769,49.37220683054476,365.4021432362592,2.3951850562744355,0.7543754100799561,-1.536783019008425,1.9854896068572998,0.06268852204084396,0.4934576451778412,-5.708216620056382,-80.19687787556899,-8.938894816811944,3.4538257122039795,0.018215710297226906,0.6629258394241333,38.53020359868747,29.010398631645003,-0.6700576685411668,1,1,1,1,1,1,1
pi2_causal_upstream_000154,upstream,c36866bbaa3781aab352bf4a3283f939b672b17ba869eb6757b8da7060fd56d2,c91dfab8812be2678a4f7b12435c5d918bb2f620ccc4d4a1edae15ea1f1ba132,dense_v1_train_x2.88_family2,bdde5e6b4d5b1b6d3c890fd40ffa548200c368722014052c0be453c82ab49c04,f0861c522816c137f679386d3e877851ea3a1cfb0b93be6d04f6f7bb8d6d097f,dense_v1_train_x2.88_family2/variant_2,31,-0.2775410151481629,-22.109320635783984,-211.6306247156637,60.67796624666758,517.0437355660778,2.897630453728081,0.7056266975402833,-1.6563775780223473,2.0710177421569824,0.06865553557872772,0.6229516267776489,-6.053507442036268,-40.303699782721715,-7.3242474885310385,3.494913101196289,0.01961972378194332,0.677758514881134,38.764615691002305,21.20535534441655,-0.812794648101845,1,1,1,1,1,1,1
pi2_causal_upstream_000155,upstream,540976d57ba9aefd55fe4f5c988715195b6b4ec50191761bb906723501a55beb,455c029fc386ff3ebba5bba50836781c0ffb70747a1e4b890c176ff6b49219d4,dense_v1_train_x2.88_family2,e3edad20b67affdc06cd7645f0c9fc9a952d96da620dea4bc5746d108d0ec640,85de36b0acc1583f4fdeb613a8b8f9b2d1e34e35c57dda83cb02142ad599689e,dense_v1_train_x2.88_family2/variant_2,32,-0.3783074569702149,-32.440792840392206,-427.2064213374402,75.07633286613462,676.3295390111913,5.249736141092034,0.5805075454711914,-1.7852897816488644,2.143432378768921,0.08003518730401993,0.9014852643013,-6.3828775199476775,62.057261477849124,-4.458925075102744,3.5374951362609863,0.02123154141008854,0.6975494027137756,38.61228881213268,23.694412881752598,-0.9594540370397217,1,1,1,1,1,1,1
pi2_causal_upstream_000156,upstream,6af39241464bf9c9e04ed7297d789bf072a425885d88e2a75cfc6fadf7d97078,19aeddfeb98a48b37102f3ad6fc4b63ab886ae1747d95047d356615e6ba7dfaf,dense_v1_train_x2.88_family2,7aa46ffc8cf07f0320ea8ae58ecef727aed9625a8f1c75e304de69b8a71f6049,fb6e1ba84a7b03c15cfead385f93ea622232f0b354198ef2569af35a1c0b38b8,dense_v1_train_x2.88_family2/variant_2,33,-0.31771277904510503,-43.35080085072073,-422.16852844715214,91.92211335956813,828.9873815272379,6.963862860394518,0.6648865127563477,-1.9411811657530678,2.2798445224761963,0.08925773948431015,1.152374029159546,-8.029455982598392,-6.9695378356857045,-4.989396839633662,3.5822763442993164,0.023032860830426216,0.7218424081802368,38.09934502055931,24.863164116673914,-1.0899087697204721,1,1,1,1,1,1,1
pi2_causal_upstream_000157,upstream,ec7db50d7c0ee825d725176884f3e8131c108d27cb3f7941ff580914bcda656c,e7af35371d10583237c9800b21c769c667eec559b955672c900882d07b7fd2ff,dense_v1_train_x2.88_family2,a497edf3bc0f0219dff92ac917fc7a1b62bd299f0552efdbe0c0e10203ca32b9,7d2ed258e0db0db1919de92f680f570b76d9f3ff8476adf56987c08382c2323f,dense_v1_train_x2.88_family2/variant_2,34,-0.2912106370925904,-51.449393715645286,-306.0315981401371,107.26019106542387,674.93197302398,7.0036625569526585,0.7039733886718751,-2.1293686806720205,2.209287166595459,0.0840739756822586,0.8115609884262085,-9.928861581339946,-38.96204572405611,-4.253592086292413,3.627100944519043,0.024811137467622757,0.7427035570144653,37.44246865260626,23.84476583595209,-1.1724503922158662,1,1,1,1,1,1,1
pi2_causal_downstream_000158,downstream,2ee92bbbbe809f2da1caecf047c1b04bab632f147e482a11bfce2644ff25deb1,91380e2cb62f78b8f7082ca58933946fa86937b13362e5753227e17aa205f24a,dense_v1_train_x2.88_family2,59803a3376e0213d5feab161834b961bfb280f61e86abd7760736e27cb5c04a8,9c6dd25859a5c366097f942073cc254004e426798c3cf9795e619565df72e91e,dense_v1_train_x2.88_family2/variant_2,36,-0.2994372272491455,-61.85115368945482,-154.3637505631489,127.38483119067868,344.7224341277249,6.579168861222831,0.6931243419647217,-2.6165301597499453,2.007927894592285,0.0639193058013916,-0.16013139486312866,-13.794141618504678,-30.078927085780137,-2.787597848881311,3.7107455730438232,0.027846673503518105,0.7569308280944824,39.01672480345665,-4.304956389511378,-1.2833864647666524,1,1,1,1,1,1,1
pi2_causal_downstream_000159,downstream,2fb5da98763685035fdd631ada12732115264bed1e1e6946d33e8e0edc7a26e4,79e1c8824e3ea390aea29d1885e4ba4257c78ea2cc78eff73afcbe5a115ec5e2,dense_v1_train_x2.88_family2,b102cb49324cd4cef2ece666110e6b396e36010818f0b6c20d8dc65601f16693,1063e02d3d42826ba1f595d3d4f05476aed639d084e085ccadf18689ba055df8,dense_v1_train_x2.88_family2/variant_2,37,-0.31092787742614747,-64.98713259402862,-99.6242034978897,133.1317796790841,231.1746919312783,6.426646548329754,0.6902763462066651,-2.9111554701543505,1.9390888214111328,0.05393257364630699,-0.6003506779670715,-15.423011108184843,-27.73791560625141,-2.6970604897816184,3.7499148845672607,0.02905704639852047,0.7497328519821167,35.71082103761668,58.35859109888216,-1.3147471273414328,1,1,1,1,1,1,1
pi2_causal_downstream_000160,downstream,7d1853f284440067b65364affe72368a2b5b8a87fc6ba2e20a6503d93bed6181,965bcd08bcb442e1f6fc82c21f450a1bb6f346958c564bbbbba157b25b3622f3,dense_v1_train_x2.88_family2,9e0593506ba8eec64b4d7d3665b02f4d63f52d21aea0bca93a54f178be6a0169,a2566c55692ca9524022634938b2ca5dd45d77b8107f901fe80125cf8b01ae97,dense_v1_train_x2.88_family2/variant_2,38,-0.31585599422454835,-67.16305327867626,-59.59886465969726,136.9361267448895,149.91923718719488,6.297377950750986,0.6882915210723878,-3.2355597350440473,1.8914003372192383,0.04540710151195526,-0.9799615740776062,-16.671762641307225,-26.12367723554706,-2.4979109566042643,3.787914276123047,0.030082475394010544,0.7343239188194275,35.22858919164627,25.349979019577404,-1.3514451491330242,1,1,1,1,1,1,1
pi2_causal_downstream_000161,downstream,cd3ecdde1f5d68f18ebe010322966f89fee2d90a7f2c6034b70bc70bfceaa5c3,abc639c574566e02005495e60402737282cbd2789f6695a25a22c8ee6e1983b9,dense_v1_train_x2.88_family2,03fefa0bbc14073d9f990af1b3993a87397bf67af1172ad829b6278c7b7b46ac,f64dfa72e053fa95d1092daa2dcd2ad89b3084c13e2108312b0643b68ac647b0,dense_v1_train_x2.88_family2/variant_2,39,-0.3187150049209595,-68.63196059176838,-30.124573240003333,139.3792307694897,94.26639820725659,6.171060522066498,0.6881851768493653,-3.580987679762195,1.8605414628982544,0.03859077766537666,-1.305768370628357,-17.564114903538346,-26.012968406837615,-2.486497497057761,3.8251283168792725,0.03095669113099575,0.7118638157844543,34.50444229055776,22.378602551359027,-1.3861373061805238,1,1,1,1,1,1,1
pi2_causal_downstream_000162,downstream,67f0b7cc7e02a57253fd5bb61a97da2787e86ef041278bd812942592cb09ca31,63b448df2dbbd60480b4027234502d28794a83cd3e02a8ac4c28d63e6dadf365,dense_v1_train_x2.88_family2,ddd8a107cb9f7ad307f8388f21ffeb6e6197bd09d657d7788a5a65f725f33808,29ed3909ba757d97d37102e35c7dcccf92babf9386743c47580f7b6624e7da1c,dense_v1_train_x2.88_family2/variant_2,41,-0.3187154388427735,-70.07846488438284,8.954605959450266,141.84024355009367,34.25179017806441,5.794023023511357,0.6931449699401856,-4.309961505780304,1.8319344520568848,0.029539896175265312,-1.8425158262252808,-18.538839247159817,-30.064798839481966,-2.6033199854046014,3.898303985595703,0.03237954527139664,0.6493813395500183,33.21160700898483,20.788491823897747,-1.4479164935810793,1,1,1,1,1,1,1
pi2_causal_downstream_000163,downstream,1e5f3e0203418ad2c824441c9cb664fb7d0424154007d6a642738aad0c632666,69050f55de3b110c78d05059c79604f16a0022111e25a3f073081470ad308d01,dense_v1_train_x2.88_family2,c8ab75a9489eb6e761265a69a604e3cc77a49515ac15053884de6792270037ac,bc2fcfea670b9861d6fe4aae7fb987747b497de3487b04991c3ccefe4f36113c,dense_v1_train_x2.88_family2/variant_2,42,-0.31919795989990235,-70.34429584687975,20.16249474118232,142.40245008105578,19.75286951363644,5.546459441540525,0.6955528354644777,-4.68430218688716,1.8264414072036743,0.02693137340247631,-2.0733020305633545,-18.762789197213486,-32.04793060461683,-2.6836233732500876,3.934587001800537,0.03298782929778099,0.6106511950492859,32.12681587443589,26.769924121604276,-1.4731595465965899,1,1,1,1,1,1,1
pi2_causal_downstream_000164,downstream,750df3f636ae055109cd6533160ec26c54d2551a56504a1e806eb62d697bdba8,c3faf00de4dab56ec6b76e1679ca2d390cfeae89d28a4300975d7437c2aba9df,dense_v1_train_x2.88_family2,d93fbc013d1b4bb2a5f8e8e37d8dcb0681ccdda0e96e7e9ceccd16d3ff395989,6f13444de04fde9b4db36725e48d65e2cd6fd8876102c9be79dbbf3642b972b9,dense_v1_train_x2.88_family2/variant_2,44,-0.3217233848571778,-70.39543347319562,32.54871665946758,142.93266400594553,5.673633664741315,4.9566566864297705,0.6989832210540772,-5.440050465977831,1.8227726221084595,0.024189751595258713,-2.4965555667877197,-18.94774901239014,-34.83203865371909,-2.7983635076737206,4.0069475173950195,0.03410244733095169,0.5200507640838623,29.53097174452128,33.86206641421265,-1.5124289720227253,1,1,1,1,1,1,1
pi2_causal_downstream_000165,downstream,37c17294a81edd0c72d98cd1207b90e1db6b068148157e6407608d433852b02f,9d791a8e80e59abc899f2973418c14ffa60cc07df8b5b3aa2a22c268f9699d5d,dense_v1_train_x2.88_family2,5450e3ce6a0491781238380eb3e6743b5d965c0e1d55285cb7d060cbd254d3e9,0c50a726f1684cb7336ca338f581549b3483f04a6974f38f85d3ad1054dd3293,dense_v1_train_x2.88_family2/variant_2,45,-0.32392784118652346,-70.28699738993251,35.77788324998245,143.04746582551508,2.540949259224984,4.630994467146991,0.7000596141815186,-5.818817261577349,1.8226450681686401,0.02362087182700634,-2.6978306770324707,-18.967220174166552,-35.71604271723716,-2.8444677114581296,4.043093681335449,0.034635912626981735,0.4685628414154053,27.826931754156895,38.929407665107206,-1.5262374766924764,1,1,1,1,1,1,1
pi2_causal_downstream_000166,downstream,3864ba39447628d17317f4b87c7bac9dfc2d4302ac34f0f2a727b3a4416b1b9c,7b5d3520d9791cf0cbaa7a8e476bcf5275d2f671be326dc3d183dd422c25f111,dense_v1_train_x2.88_family2,3ebb3e88e0fa0e4f840757ddc6c4103161b91c1f627a6181595b0308b6d19143,5c458db0b07d829ed364fab206bd6e74eeb019d0c72c0118687ad0deb4ecc9c6,dense_v1_train_x2.88_family2/variant_2,46,-0.3264943885803223,-70.12923368048355,37.92291098901413,143.11425141521948,0.6906632860646945,4.291972406961145,0.700855360031128,-6.197261693399525,1.823007345199585,0.023379450663924217,-2.89560604095459,-18.96064099444854,-36.36665921681589,-2.8801123343023103,4.079239368438721,0.03516499325633049,0.4130881726741791,25.916956437674745,43.09560790785613,-1.5364795738327013,1,1,1,1,1,1,1
pi2_causal_downstream_000167,downstream,bfd602616b60666c09dde1ba2afaf39bac6ad4201713458c8dc1f46d6100957e,78d2d95f715c915d01cbd680f3bfb29753a15af086a622b0477ba6a4e4b458f0,dense_v1_train_x2.88_family2,c06fdc054a473b1661d8f0539078eef560f77ef62959fd9feb92d29dadbe9553,8cfb56e82ce46843fbe07a43f283b7dd318186dc93e84b73f8c89fa2d26c9108,dense_v1_train_x2.88_family2/variant_2,48,-0.33175866127014164,-69.71537202810497,40.908704279023105,143.1749444761842,-1.061485888770617,3.5805123312635097,0.7023109340667725,-6.951750933888,1.8245625495910645,0.023473838344216347,-3.286007881164551,-18.900999782615987,-37.52991556454993,-2.9310461221601534,4.1515607833862305,0.03622911497950554,0.2903658151626587,21.47654459031732,50.63136586441495,-1.5458209526346045,1,1,1,1,1,1,1
pi2_causal_upstream_000168,upstream,bba75ff5667fb5b5675edd8b10046164441bc50e576b80d5022337041c81c8d2,89a5f6a0ec05f991016043b6320683118e40a8ee10c669c95dd9fc76dbe1034f,dense_v1_train_x2.88_family2,76b73da61c0c1b7a77db69536f7e585839689d3592be3d77ec2dcccedfebb98d,12ebf8d0800899a7e4157bb9f63188183294ab9e98f37d3452928922ca051323,dense_v1_train_x2.88_family2/variant_7,7,1.7205877113342287,-70.55085442775926,36.38297653874305,140.3799627659233,-155.9872728684826,0.10687424555170061,-0.21257258892059328,-0.6587059303436935,1.6329526901245117,0.036075469106435776,0.09936489909887314,3.522776572696446,56.88546272888298,31.212465280435453,2.7746834754943848,-0.0022429642267525196,0.11914093047380447,2.8405181545705696,68.6704008964172,-0.6942837703858822,1,1,1,0,1,1,1
pi2_causal_upstream_000169,upstream,004ce017363ae65c6fd8823d5bc639c4305f0a13cb27c4617d4f92224a708e38,b7c7b22382752f9506185945bf5c9432dc3088933b18dd21514dd5bda6b175c1,dense_v1_train_x2.88_family2,d4bb739955b9a389ae69fbdbea559d5afaff5c0c6543f27901a50c7621525657,fc4427a719dce6fcc039b885f8d2231ceb3abfd349131c2bc2a2affa1c8558e3,dense_v1_train_x2.88_family2/variant_7,8,1.6776102256774903,-68.02839043519269,68.45556412626362,135.53328785163893,-291.70101431799327,0.16247249327924088,-0.031653459370136264,-0.5718746638519075,1.7395424842834473,0.05347590520977974,0.1235184520483017,6.485372192406535,40.08701544639764,40.67883426250633,2.809253454208374,-0.0014653372345492244,0.11899209022521973,7.419485084996757,-46.30920166706337,-0.013369637553584553,1,1,1,1,1,1,1
pi2_causal_upstream_000170,upstream,dc5a7324c9bc94c0b23cb8f4de84f3da89e6b8e6971cf3f36e226b1e93641898,2bf93c132904bb06a718024cae7bfe85beea02e7c3874a56ae849e62954933ff,dense_v1_train_x2.88_family2,ec98d178808089be06b243ccd1daa41f90f17e96ba04b6a8664ce28da5225404,4141feef8e5da24629be47833b633d4a3db45d3d693968897035da0f7f3bd972,dense_v1_train_x2.88_family2/variant_7,9,1.1988573455810547,-62.448815732398444,365.82504122890964,127.29243239158676,-499.05105019778324,0.17397127466412243,0.7109400367736817,-0.41760184336818795,1.2064253091812134,0.035124484449625015,0.0884079560637474,2.9021569832919383,20.385893153460515,16.788756951600373,2.839266777038574,-0.0002719174954108894,0.11893299967050552,2.1769522566557256,73.86773089250086,0.7207551314979443,1,1,1,1,1,1,1
pi2_causal_upstream_000171,upstream,7392dfadb964d7570477fbf29f715a0da2e311e40e734f3990b35528f51f964b,c376d13cc9efdd010ff1a147101177c252202081d187d7ab670fad09aec9d314,dense_v1_train_x2.88_family2,20418eedc38600d8585d3f63e0a859d0b8368d2e7897a9d462b0c77cef7b70a2,61e52d9b89e34b33bcfa92641658dc4cf311b71e9dd4cbc394dd5cc0cd0a3760,dense_v1_train_x2.88_family2/variant_7,12,-0.023774225711822514,-33.25981789924136,192.6540369370505,73.95502071009362,-1229.2861906671428,4.958471136190023,-0.6676486587524415,-0.5478336087095416,0.7443059086799622,0.0186983160674572,0.9600633382797241,-1.0616202513981958,342.7665684777567,0.6259937209816915,2.882018804550171,9.47911903494969e-05,0.13269959390163422,-6.393365702305055,8.76202109183894,0.5022581837242795,1,1,1,1,1,1,1
pi2_causal_upstream_000172,upstream,24a635bed5a62a562bc8005669a709d15b0eae6643d15a935157be6f24f9a5a8,33ce0f16f08508fc6b69d093fd0cb0fadeb0d1bdfed0e4f77bc5fba4e4e90cf4,dense_v1_train_x2.88_family2,41061f4ee8d7f3f1bcec6f998a7c0cec80aa2797e70efc54c413d44953e3f61c,25b44a92f37a481a6db387f96f64668a25f96a5ecd774572576614e820509817,dense_v1_train_x2.88_family2/variant_7,15,0.04409853518009186,-55.27130802799596,-335.79422941073767,41.9130562757168,932.080399047956,35.09539966123762,-0.08440184831619263,-0.3276877737493832,2.0883865356445312,0.08625288307666779,3.0604116916656494,-1.5590096745190396,-134.56027276285724,4.21696391620775,2.961066246032715,0.0038061379455029964,0.28568321466445923,1.7466985771559356,-11.79371666816499,1.564536173247912,1,1,1,1,1,1,1
pi2_causal_upstream_000173,upstream,b7934691376cc8647afb456660563e607f605a0e1310d42f9f574183b6af59e5,fa5f5e1c31836181fbe485462a196c539ac330b2fbf3932b73ddb5831543cc0c,dense_v1_train_x2.88_family2,e8b3ed9f604f353d07631c215a5bb35b878288ed92fca2899d1305a857faa6a4,d9302801c676b88a15783e48ce083c46dc573eabcf70f5c5bffa02eab76a13aa,dense_v1_train_x2.88_family2/variant_7,16,0.41580274105072024,-60.18828266431268,-125.36697474380348,67.0811388199603,1275.0252901045635,28.09338520002982,0.8560983657836915,-0.3252350299875445,2.3255462646484375,0.094175785779953,3.4112250804901123,0.9474083894181813,-455.33589973597736,-3.3253979795048294,3.006387233734131,0.0056832171976566315,0.3515564799308777,22.582140481078117,166.02138083474327,1.4814697174346567,1,1,1,1,1,1,1
pi2_causal_upstream_000174,upstream,7cb7a4fc0063951959784be3af57c7442c5f4ffd707c744622fd6b802078abdb,170fc41dbfc74e03e3661493580fb142ddfb803ea2d0831892b252efdae07313,dense_v1_train_x2.88_family2,34af8d0c50ad434dfdc0d3a8baf7b0a53dd5c6175ceb21a0ba5c75773caef978,0d0d3c9343205047a4ef35b05079d0e628cdacdc4d0b737844394064c7fde42b,dense_v1_train_x2.88_family2/variant_7,17,0.034961858689785005,-62.42642637229914,-90.20898580251304,83.067592723347,398.39884175810414,22.82870584645737,0.4373682880401612,-0.3075142589538726,1.9080504179000854,0.08259738981723785,2.549189329147339,-0.48975316490706367,-112.59654273187397,5.367408109719317,3.0484557151794434,0.007443742826581001,0.4120136499404907,33.7497644438793,-60.782932593832335,1.5007567159523385,1,1,1,1,1,1,1
pi2_causal_upstream_000175,upstream,ed2e094e05ab41cf344f04ccf6e04a819f484e815ad04e47b8adde1333df23b2,d5bea4de0b0e95ffe2039ccf0eeb0b6ade975a087f3911e197490b426117a254,dense_v1_train_x2.88_family2,924398135833a9477fafdb9dba489b13a21a4b0d1c2500c19be8082f45af15c2,4546f73d3c83928eb20befbcd8a9406a05f10653ae8657d1c4a6bda763bfbdcf,dense_v1_train_x2.88_family2/variant_7,18,-0.1283684837818146,-64.22124982201674,-65.963952098178,85.43730636531542,-42.01524615098395,22.916827253022067,0.23599910974502566,-0.2583356741557824,1.6747806072235107,0.07596728205680847,1.798888087272644,-0.8259437736741124,52.23168601713811,8.76307123342383,3.083519220352173,0.009011338464915752,0.45436930656433105,34.9111629801591,-26.925201642195347,1.6589757661530666,1,1,1,1,1,1,1
pi2_causal_upstream_000176,upstream,d3c3cec3a2f3221088ab604563d59b2b343673db2edda6e282c1f05c9cef7cf7,ca18a2b63941ab2090d6cacbe43ebcf6c0d527c83ce4bd80455f7ed9a15d5fec,dense_v1_train_x2.88_family2,beca2dfcc871f160ed7ab5589aa40a2a72197c264af676e47aff7a4d78cf1c14,e5fc26ed286f3b5624b4460088958a1705c7ec3d14cc10382b2f54ce7359bae6,dense_v1_train_x2.88_family2/variant_7,20,0.03326739817857743,-54.64689896426256,444.8340194342192,64.83404073397196,-617.5343417299945,23.449372003394828,0.6949868679046631,-0.13212260889065658,1.4437975883483887,0.06429660320281982,0.3854427635669708,-1.3481120025258517,-109.09056564977139,9.20399238774671,3.142059803009033,0.011692064814269543,0.485933780670166,34.323356900187804,16.523803668411826,2.0922046975079525,1,1,1,1,1,1,1
pi2_causal_upstream_000177,upstream,b0eb6c1f07113a5ec8fb795713161fc1a07bb131707f91e4cf3ec6d184bc3b08,b2b9caa854341c925ab95ed72eeb96f7d44fa86be3fbb54212cbad402efb931e,dense_v1_train_x2.88_family2,1854505ca723424c384b42793305a878aae40129a566a37e6a449ffab4f0fef3,84c5d499d66424aa0cabd24d0ef39c0c904594b0bdb522791f3ce5ed009b13c9,dense_v1_train_x2.88_family2/variant_7,22,0.07926565766334534,-34.20246596697316,491.1259543830608,36.024511135627854,-617.7886433331723,18.49642066867529,0.7510886192321778,-0.02693535131091525,1.4807161092758179,0.06255049258470535,0.3418274521827698,-1.5130348174420374,-154.9650394365418,11.048753058033576,3.198505401611328,0.014144334942102432,0.49605631828308105,32.488214843799604,5.03556507644154,2.5701005000284898,1,1,1,1,1,1,1
pi2_causal_upstream_000178,upstream,5c555f9c40aede9a7eb2c43b01b13898fa5bb5be153efc59e697d0a0577bb707,3a3039dd87a02a55876b0e4a6ef0cad23f79740a1df4499ad61d48711411b26c,dense_v1_train_x2.88_family2,719d0ea3d8aad79c26d1c9d599b92aaf231c0475aafb9ee744d99c59c7ef1aa1,4cbfac47608f4b8f51b11875d37601eaddc0a2f55f3c9b49e976259c91598a21,dense_v1_train_x2.88_family2/variant_7,23,0.09337075352668762,-24.722503200906672,498.9536243794622,23.773620878009943,-606.0734482272532,15.61700014136146,0.7677779865264893,0.016338499232321512,1.5095118284225464,0.06238136440515518,0.3316536247730255,-1.240382203511591,-168.60774124699532,11.81504734894294,3.228231906890869,0.015385658480226994,0.5031432509422302,33.6379986433958,-12.99620903758617,2.8119675362769527,1,1,1,1,1,1,1
pi2_causal_upstream_000179,upstream,7fb244610c6e7c2d042c275cca9249869bd169819a81495c7d1b35d94b952a0b,7eb9df702349362150c99cbdf05fcd767ea7a850e30925ced309fce4ee411230,dense_v1_train_x2.88_family2,1f4a1276b9450be2dde637967c983c56489a8d4d9165b44d0fa1deef889c80aa,c74d1fd651fdd971f3ea09a0cafa11e1456c2e8998378fb96bf1237c5bcf723f,dense_v1_train_x2.88_family2/variant_7,25,0.13240381479263308,-14.426356734685752,246.9498607628798,17.019636128567022,-32.182283840685564,9.582592805774285,0.804802532196045,0.0783279310620112,1.7776950597763062,0.07688286155462265,0.42489922046661377,-0.30640759557163466,-198.88553270555494,7.774274138791192,3.295661211013794,0.01823890395462513,0.5225610136985779,35.2599465901258,0.3930682086675366,3.208166860550686,1,1,1,1,1,1,1
pi2_causal_upstream_000180,upstream,0aafb2c03c4958af5d5e96e8c8698c86f98bc853d2cbab7f04e0f8c341675102,eb8d8e33fb1393220c10afc88709b07655d4a4a7b01a31add39137f9116a80c6,dense_v1_train_x2.88_family2,a57518e059b1eb52871cceae78e12faee903af3e62ec56918096bc7f400543c1,8b29bd50548214ffbabab58df149dcc047ef685d4aae0d3e40bbacc5c64469e9,dense_v1_train_x2.88_family2/variant_7,26,0.15109987020492555,-12.696911855703503,201.39904232011963,20.812254052020222,93.85103391326061,6.419621286129365,0.8221008586883546,0.09443461910327397,1.851001501083374,0.08175564557313919,0.38020575046539307,-0.12783916993146094,-213.08438949936593,6.2758377834829995,3.3327033519744873,0.019862910732626915,0.5326730012893677,36.19070671360719,-4.464122849061124,3.3494484899669454,1,1,1,1,1,1,1
pi2_causal_upstream_000181,upstream,b7354ed5a7d5f68b9e1f1ed58622a98c267445f1bdbcfb856a8824d764f68ca2,f341b6b32e465eff7ce437af4cecadbe9cb321b5bdf7a5e8f6fe44b6c19cfb52,dense_v1_train_x2.88_family2,9f4944fb0e3ff0949d690260bf8be60de2a6ba3a27791347ee951e41336a2faf,fc4fc6c64d4afa99241bbcf92b0f8a9ffe76d180c1d7b2d0ffa16928b297234d,dense_v1_train_x2.88_family2/variant_7,28,0.1193511462211609,-12.918980942414482,75.56450697668294,33.16968672295387,251.66004117679066,1.1221246649075245,0.7763859939575196,0.10794786044538318,1.9334068298339844,0.08726032823324203,0.33444035053253174,-0.2919844505199627,-175.65560854585635,5.26696206712464,3.409337282180786,0.023282475769519806,0.5516436100006104,37.294752151426394,8.849931602872529,3.6130324480021536,1,1,1,1,1,1,1
pi2_causal_upstream_000182,upstream,d0b5bd44563296db6f3db5c9304e649a51419e5006fcce7bc29e51f9df52b471,193fc87846a23a3547216042073e1d41abb57d479ee83385686c30a8acb7994a,dense_v1_train_x2.88_family2,67ed10bbbd198f1f1efff08c4719016bfb510be2c5e96dc3245fe6df38dcf917,59ac3f9c69d92a43fe15ab7fc32fd665e616dfe5f5182b5f4b09af3e627e2dc6,dense_v1_train_x2.88_family2/variant_7,29,0.07100075721740723,-15.622843660279198,-23.497650499690163,41.803445399916434,334.1432907260756,-0.4471029101190622,0.7204274368286133,0.10272224037534236,1.959778070449829,0.08879885077476501,0.35009804368019104,-0.6203256778267858,-129.79225430705475,5.288125835154748,3.448648452758789,0.025055084377527237,0.5616767406463623,36.99893665847314,23.37069435849255,3.74934828027006,1,1,1,1,1,1,1
pi2_causal_upstream_000183,upstream,259eaab6b5e3d1c9ec24b7cf68f5139163d3aa49fcd3a6692a68f36ef891d036,ec4ebf467cd446b293d46a471642d3ceb0a4ef5a70cc97c51fb339cf5402b125,dense_v1_train_x2.88_family2,3251f9889c63bf1abe694dbc9898c25eb5fa8a19f256cbd888c2b26db6916488,921b15a26671e97d2ab68678e72223bb9adae03aee6986b8dfc6c1e2ee11eb38,dense_v1_train_x2.88_family2/variant_7,30,0.01581184282898903,-20.837604299124724,-156.71334929801162,52.401996784092375,464.26757418906294,-0.8215861508640526,0.655562801361084,0.0875434937576163,1.9986305236816406,0.09075677394866943,0.45013630390167236,-1.1140025729686103,-76.67340867900202,5.307885999310418,3.4884583950042725,0.026854118332266808,0.5732912421226501,36.906343198989866,22.049662348478506,3.891592826375099,1,1,1,1,1,1,1
pi2_causal_upstream_000184,upstream,1006ec28bbb0fd316a490e8bbea92725ddf2a8462a2d698cde590dc40601e860,e6d71a28ec80913dd1dcc3b81d4de70f69bbde60c4ebeaa979ce36442c659c8d,dense_v1_train_x2.88_family2,5f490f127a77d64152955480b0098c923ce4afc2e47508aca521a926d52cd2f1,703cc653332b9e9ee6c7ab6eeebae99e3c27ad6893a0510c37e9188fa227e13c,dense_v1_train_x2.88_family2/variant_7,31,-0.0788361668586731,-30.03716047900551,-370.86962770458433,66.32082265212199,650.4906601734663,0.5776248997700729,0.5438403511047364,0.06161728486573464,2.038334608078003,0.09228043258190155,0.7324674725532532,-1.84268941542106,14.759646060520279,5.835375532494979,3.5289785861968994,0.028683504089713097,0.5896921157836914,36.41630444679813,25.988772461702844,4.047738220833496,1,1,1,1,1,1,1
pi2_causal_upstream_000185,upstream,7058be1659dde7b061a3edb6ecfcf1cb3563a7719e9fa09a65c41a5543e4046f,9e0aa4baa48f824f0984fd3950eaab82869220738324b607b548216fc3d6ce92,dense_v1_train_x2.88_family2,3a7597a8b9efbbfb8c0e8e5ebb7d06cb9cc2d42b72f84fac9abeba79a993f92c,bdf3b4e735b775d543b20a4c6ff4470a1f8990bae1f8093973caa723e71f7537,dense_v1_train_x2.88_family2/variant_7,33,-0.002741147987544537,-50.15089279215582,-329.9501556323347,100.43007019730283,769.5768115225795,1.7862962367103858,0.6573703193664552,-0.055416479365591985,2.1107354164123535,0.09468083083629608,0.9355047345161438,-4.333599641569473,-78.12376519830838,2.6335886090417477,3.6130666732788086,0.03248002380132675,0.6346983313560486,33.12063230433484,45.31676152028218,4.261332018438727,1,1,1,1,1,1,1
pi2_causal_upstream_000186,upstream,adb6ae3c8bb96d0edc6580708c4fd8ff498e0e50d3ae1ea5222d19526f929479,627e9d6b5a3ca2f6da3657ff012880fe80a9e89d49a8dd91a3d71beadad3a2a0,dense_v1_train_x2.88_family2,e789aedb65dba8b1ad4896adf8f110a8404f3f2e9c88b08a80ffcba77f6c27ec,bb8381bcce2fa076beef806a1d325fbcccff56e32fe98f1165990aac8c7c994e,dense_v1_train_x2.88_family2/variant_7,34,-0.003738033287227154,-56.54079772298579,-238.42526558432698,113.97906864253292,578.0791802535255,0.71563010853026,0.6586301612854004,-0.1490939954648966,2.0320370197296143,0.08908385038375854,0.47085028886795044,-5.2660481024363275,-79.15493251768353,2.8717634952590276,3.654186487197876,0.03429904207587242,0.6495423913002014,32.969125048165616,16.056277219724453,4.327817428657371,1,1,1,1,1,1,1
pi2_causal_upstream_000187,upstream,1a9b1581e59aa5a572143fc5c6ffe3fca9bdb5b7e8e2130b3b541fc52b146da6,2ba457dcd80596d867f0c8f20f9ae77e02c81d5534d5bfcf8017699cf268340e,dense_v1_train_x2.88_family2,13ce19541e4d80e16b2f027b75217bb149aef4122587a0b7fc68d8e3abc50283,5db57d7dabfd4660217a2efe2a7a1e0a771b0319007b6f2e0847c7b303ea938f,dense_v1_train_x2.88_family2/variant_7,35,-0.01068640634417534,-61.281345157946504,-169.0257488242001,123.86091803181567,410.2537552136851,-0.3078967625160319,0.6497478485107423,-0.26199967195320467,1.965724229812622,0.08404020220041275,-0.03211339935660362,-6.111854759907925,-71.89336226007113,3.0935324805333484,3.693809747695923,0.036008913069963455,0.6544494032859802,33.76984178494455,-5.703011162135186,4.395125525960878,1,1,1,1,1,1,1
pi2_causal_downstream_000188,downstream,d271f970838fae95d5033530eb774ed0d57a30cba7385cae23f399524cb20dc6,b31b206563b5f7638b1fde880c64b23134868c86540c5fa27e04a6563ade3e35,dense_v1_train_x2.88_family2,0497db9f837efa4b724b1708734743eaa4a874f87e093b85fb9ed85af1ced72d,1841cdaf9794728f34ebad8301d7df4215b484f57ad32c548346ebb5a2049ef3,dense_v1_train_x2.88_family2/variant_7,36,-0.016919709891080856,-64.73451121738653,-114.20395262095559,130.74490177173143,279.6417962439588,-1.2442376571404654,0.6433434295654298,-0.39186484279678924,1.9200451374053955,0.08003973215818405,-0.4995972514152527,-6.851758053638005,-66.65482573272479,3.1057318387212263,3.732304096221924,0.03762862831354141,0.6495329141616821,33.52133218218281,6.5207914190081055,4.468519963232435,1,1,1,1,1,1,1
pi2_causal_downstream_000189,downstream,3688a0b30e6f0bf090826759571b077b5af644db0ee5d2d745fd9390cdc6405f,a4211ffde8412e2faffb9fdeed6425858ff6f1af1e0070047b98738dd8f17b4d,dense_v1_train_x2.88_family2,83f482effea87c22b98c86cf3a816b82eb2ed5dfdf4edb9ae85d05c3ea006192,d404eea9205a60b8d7750fd0f8d065a0929f4496a0212afdb2543e0ca21b1dbf,dense_v1_train_x2.88_family2/variant_7,38,-0.035838449597358706,-68.8975320070768,-40.86277467194935,138.37541152755128,117.26027785942871,-2.9871701914096835,0.6385996627807617,-0.6922289213959557,1.8764193058013916,0.07496432214975357,-1.2573953866958618,-7.9198083945312385,-62.762041377546055,2.8743292985094255,3.8073670864105225,0.04068328067660332,0.614500880241394,25.824641308400146,48.662413571997035,4.63935586237844,1,1,1,1,1,1,1
pi2_causal_downstream_000190,downstream,38a6bd3251bd9d98bb307ca9dadab544a2f6b1122382d56142dd0f32a60fdb33,baf9bf1bb0ab8d4357811e4f6724b0588e4ad3745ec7019249489e20ef151ae4,dense_v1_train_x2.88_family2,0a35fcc5746f2ac6ec50d2f2a5040dcaffab11efc3cfbd355c12d138f572c4e2,456bca9291abbb25bd92e87a7db3b5b306f11183fcea94da71024003d2d33379,dense_v1_train_x2.88_family2/variant_7,39,-0.04013745486736298,-70.07759745035825,-19.047249500671594,140.2780836642634,72.58750755523035,-3.837516037800251,0.6381935787200929,-0.8571805104522356,1.8687814474105835,0.07349027693271637,-1.5568996667861938,-8.23946039391419,-62.4311050518806,2.7430626676153005,3.8444387912750244,0.042148396372795105,0.5867164731025696,23.378851311908836,51.8701265383289,4.720982476401424,1,1,1,1,1,1,1
pi2_causal_downstream_000191,downstream,03c0f3b6f5690b3d2a9e35a657033f5185602985371178508b6bbe86d31e98c6,6a77325c14d0caa2d4315bdbe134e26f4f033d9921026a27ed0114849e66bc64,dense_v1_train_x2.88_family2,50911496f6888e980e93f1a8aa83e1a1b241c1b1d3bdd6e3f466fece1d3dfed9,c1bae128ec912fa4aa6f36aabb5272ce7409cfdc697291f57a72fdc348ee54bb,dense_v1_train_x2.88_family2/variant_7,40,-0.04011750280857086,-70.82933490059902,-0.7769205711540219,141.4505675975661,43.653296268682254,-4.728026677850493,0.6409693431854249,-1.0287546612158298,1.867305040359497,0.07258530706167221,-1.8212553262710571,-8.464685028021714,-64.68863966692072,2.618178848500553,3.8814244270324707,0.04358982294797897,0.5532828569412231,21.79645869820967,38.62980141716459,4.800306502349205,1,1,1,1,1,1,1
pi2_causal_downstream_000192,downstream,edc7b02139ab038383d148228744f08e898c166da0d9ef736623390ad6c681f0,3ddb10174524a69f7a1cebdbd91cc6c359429bf7b7bef4205b3ea278183c6dbb,dense_v1_train_x2.88_family2,ccf3e97d2d32dadc99a371f6f44184cd6ef34b1a6cbc0fc64cc1b2ea252ed4d7,014a590f261d157727f47cac289055b75aa511f69400dfafb3fd68a6ca426ef8,dense_v1_train_x2.88_family2/variant_7,42,-0.041874631643295294,-71.57364110502283,19.006947969473934,142.58396918843803,14.494646673554833,-6.598233109371779,0.6445978641510011,-1.3861385508063886,1.868579387664795,0.07174807041883469,-2.2775230407714844,-8.737200184395114,-67.62790229320899,2.2693689849942293,3.9553465843200684,0.04643608629703522,0.4718780219554901,17.16684378065372,53.75341118308193,4.964039731152055,1,1,1,1,1,1,1
pi2_causal_downstream_000193,downstream,b8aa9729ba02cb7f474141423ce7207947b4dd21c3c1a56624869ded9ec1abe3,d0b83d7ea5927224fa24ffef3cf86c47f47903f916b48f8e332b21563bc0496e,dense_v1_train_x2.88_family2,0a74d7c43d607f21f52ae8e45c5606c4dd214c739d3181847edb41bc78732015,d5942da5fd87cbacc0f99e4cc3a41281d32478341562ff8bdbcf8b7920c00e09,dense_v1_train_x2.88_family2/variant_7,43,-0.04227177023887635,-71.69713092521665,25.112532615723786,142.8326290553615,7.839733818022948,-7.585430090988889,0.6465752792358399,-1.570295930455146,1.8701649904251099,0.07167273759841919,-2.4858522415161133,-8.818548591183612,-69.23362512556562,2.115931560054243,3.9923346042633057,0.04785243794322014,0.4246143102645874,14.570801575253181,54.92538285219691,5.047990784803843,1,1,1,1,1,1,1
pi2_causal_downstream_000194,downstream,f4ab7af5183a600f4708700601ae6a0c1ef19ae54b1c29a5be4e0179efc07fcf,9771f5a0cb7aaefdc0b88332dd7681c0512b0db4555da28355b720863d03d436,dense_v1_train_x2.88_family2,cf296c1025f173ad00bd40ced5c447e5cb3568287a053ca77a3c7157723076fb,02c7efc8ae2ecca42f0f047f44acb9fabcd7b6de243e6220ddf8b7878ae73c2b,dense_v1_train_x2.88_family2/variant_7,44,-0.042850296497344974,-71.72004620988206,29.317036559338142,142.97777057522427,3.9054394150502914,-8.600720443499835,0.6481243801116944,-1.7575806605545965,1.8715237379074097,0.07173499464988708,-2.686936855316162,-8.878296524721945,-70.52008442554836,1.9472779677473497,4.02934455871582,0.049269407987594604,0.37325605750083923,11.348402848432144,65.05701908961619,5.134963692369478,1,1,1,1,1,1,1
pi2_causal_downstream_000195,downstream,368748017def32f5e94f4305b104e1a5929c3bde8b6c4d75fa5b7f01dcd9449e,a098ff4785e060376b36323307d1fd43f5e44e957571b5dbcdffbbeee9de0435,dense_v1_train_x2.88_family2,182b74c936c042c0b99cbfecf2765333b5e6e2db6166f7fcfeade0c9d84c1493,fd73a0cfc12513dbb698513dbac06b10c204db8fe4a922432a3ede2427c7f0e8,dense_v1_train_x2.88_family2/variant_7,46,-0.5698481559753419,-78.60818953500235,-395.51893347570325,144.4756037394514,161.60032232839907,-5.334746885331515,0.25736518621444704,-2.0963173514627846,1.0183967351913452,0.09307022392749786,-0.451948344707489,-10.51693233114158,360.86572283483343,2.507212393593352,4.095491409301758,0.05230066180229187,0.2796564996242523,4.072003823244807,69.7186436887174,5.143280905087899,1,1,1,1,1,1,1
pi2_causal_upstream_000196,upstream,e25bae42dff0b48e763950c9210d82e5fbbadd8b8da68467b5bb93fc840cb70f,05133b7bfde2662a2dbd64aa7cc1bbdaf955dda759cbf335998dae05c7705e38,dense_v1_train_x2.88_family2,7b77432b776d229ea9a9ba3007c489252609d3198bfea713b206a00f78e1b02a,6b6008efbf2e2f30ad41f685afe6d6a963dac1d9522ae9c1d7ecf02bae8c77f5,dense_v1_train_x2.88_family2/variant_12,7,1.8825369453430179,-71.35168044756492,-3.519433195097725,139.52542413848465,-248.50935687493381,0.004669040558930219,-0.053797042369842535,-0.6721274802406324,1.9183564186096191,0.025415031239390373,0.059829067438840866,1.748836212922738,20.43647924200092,22.722473547765198,2.7771568298339844,-0.002339998260140419,0.11872227489948273,2.857087553166786,66.42587096155678,-0.7442866654734609,1,1,1,1,1,1,1
pi2_causal_upstream_000197,upstream,03118071c192d87b7316176a4273fef9fb846fc56a49c9dbb48417b088c04f8c,9b74a160049849118ccbe3fdeaa648b237fe4c3643af83ea04a407483f36e9d4,dense_v1_train_x2.88_family2,724067efd787572eacf03a20222bb1a5d97ee6ef386653aa9ca307da29bac83f,a27c2a3e4060bb8f34eaae168451c7da043a8c978032fb60d7c67afa9bf6c701,dense_v1_train_x2.88_family2/variant_12,9,1.996825408935547,-67.95334714678175,243.47711938127853,122.83304286362045,-609.2686653624985,0.19259005614887673,0.6984586429595948,-0.2957831796863242,1.957651972770691,0.05273839458823204,-0.049638256430625916,0.5237715623985468,-17.50198067265874,30.52906387284066,2.8572170734405518,0.0009710426675155759,0.11928022652864456,1.203667695566951,45.57407523688407,1.162107685364181,1,1,1,1,1,1,1
pi2_causal_upstream_000198,upstream,0faa0a7e867a3b8861b9d3777c54f38d074313c9b03cf18d0db14fa61fc3a576,6be2a4233f1fb0aa14de255bfd0101b5e9c061819ecc62e8976165a42c9be95e,dense_v1_train_x2.88_family2,b02b9f823ecfe21d839002195c2bae5f72c102a1b1ece86268ebe90b1c4df9bb,c3c75bbe09fc067dc2483aa6500487f6d27fae068542a93458f327b0e12e43a7,dense_v1_train_x2.88_family2/variant_12,10,1.5817488861083986,-61.29618032882377,432.3882946154321,108.30919200872194,-851.5430703932078,0.22938913548290268,1.4627512359619141,-0.28814431080612524,1.5525397062301636,0.05158897861838341,-0.0012799041578546166,1.2271148812139585,-1.7715854386139347,18.0788396669378,2.8916642665863037,0.0019198562949895859,0.1189277172088623,2.625912116744888,-12.762537167022632,1.5783268041871883,0,1,1,1,1,1,1
pi2_causal_upstream_000199,upstream,4af208f698149248d5969afbf156bcccc2ebd31a2876a08bfd59816f81673796,8968ffe1c48856bf5ff0aedc412b90580f6aa658e092efa5e46763ace263dac9,dense_v1_train_x2.88_family2,f76a6e559a27a3d4bd85e1f328214c220d9d544ecd4367d87203329ba1514d4a,7d43be1cf9b52cf2775d8c362866d43d66bf53c2602e9d3e97519dc4be016845,dense_v1_train_x2.88_family2/variant_12,12,0.2091521167755127,-33.67346781575567,651.1312226345867,54.96500819466674,-1863.5068484640185,1.632058199609312,-0.7421903514862062,-0.3229652713798031,0.72276771068573,0.007117788307368755,0.7127729058265686,-1.3913239413618779,247.32970124300257,0.30056314143707225,2.9317643642425537,0.0025591826997697353,0.1232358068227768,-5.50711578721052,26.58782615568986,1.5412517662248864,1,1,1,1,1,1,1
pi2_causal_upstream_000200,upstream,f3bb11d17654d1724eafccde078ff39114be69008bdf4818a3f89ca29e127bf2,29e2ff08c37e618c4aee522fa16ae167d2977f9b44cb85d24b7bcc4b9be7d348,dense_v1_train_x2.88_family2,d581c7380ee54e7d90cb0a5bfc1656a029b02724c100d8a9f4ae50e04444093c,a2532a575b9a1d6b3a7da042d49cc4ccc28808c52b2ab0aae51a28180f06bec1,dense_v1_train_x2.88_family2/variant_12,15,0.061988196969032294,-54.6864081935165,-311.2996410846979,26.223666082354168,807.0887568594231,31.177861814955865,-0.34395650386810306,-0.35894982437119416,1.5843428373336792,0.06909932941198349,2.687887191772461,2.568570330785104,-78.59138043945495,-3.781785670316381,2.994943618774414,0.0051893144845962524,0.28739622235298157,2.9155586682171495,-49.061757657294756,2.0782236801906064,1,1,1,1,1,1,1
pi2_causal_upstream_000201,upstream,6b02e25334580f2a64476804a7dc82aaa2e5efae8f82ecf8218f77ce50d851b3,91b4905d56a8602f217e89be2b844dce6107ede861b78495cacf6c92730c212f,dense_v1_train_x2.88_family2,dd798a6b3a302f56d5cd52ae8e59ebf333a061e424bbcc0b6039a1f0794ead3b,aedc68349d4876817ab8d2b7840217646bac797da99296487eb75781ea3a1c87,dense_v1_train_x2.88_family2/variant_12,16,0.5713482570648194,-59.8900151334474,-137.71941283890655,53.25777509086537,1471.4447010480153,24.002803195577815,-0.6097907924652101,-0.336540093490724,1.8089721202850342,0.07653229683637619,3.1533098220825195,5.688279724755938,-510.54101298563216,-14.084854106374284,3.030303716659546,0.0067597245797514915,0.3457604944705963,20.145352673912882,227.71898504146702,1.8072305474710422,1,1,1,1,1,1,1
pi2_causal_upstream_000202,upstream,78fbfc1a12bf947e1e427025eeef8286f32035c0ca1a8fe8db1a7737fa363250,0edfe62846a080bd54a4f902e4c3e04ffee444a41808ac20012000033d0296ed,dense_v1_train_x2.88_family2,2756c0bfb602162ea67ebeca8d2690bb773c9a68cf4844f812545a76f91c0661,b85ac6e31c424df8d2119e21069f530b0c9aee92b9ebac970ca6b515397d28f9,dense_v1_train_x2.88_family2/variant_12,18,-0.16062490463256837,-63.344246702397946,-111.62513273754723,72.27990315576966,-65.27522314303059,19.021574154713036,-1.3887078857421877,-0.3367722656628596,1.2782167196273804,0.05425727739930153,1.7639271020889282,-0.6430943268684349,127.05467350657861,2.141466222266336,3.0892834663391113,0.009224885143339634,0.44135648012161255,26.13178125499728,1.6688555515155348,1.6605189532810616,1,1,1,1,1,1,1
pi2_causal_upstream_000203,upstream,64b8f783475ddb07484e5e1cad776f6164dcc652a82135de31100b647527fe64,ab210a1b34f0d737637ccb7d64607870010b04bc922063a36975752a2743b36b,dense_v1_train_x2.88_family2,81688071802efb2f688756c95c0338795a76a9a0bef6e4edb5faf683653cfa78,94bf4347a6d00922cfdb50b76c310fec6c80688ca44734dbf7a82adb97e976e4,dense_v1_train_x2.88_family2/variant_12,20,0.09987637639045717,-54.40710809797634,342.59122386138415,56.05426627293286,-396.9049154620823,19.13051739947858,-1.1125121116638184,-0.32555167361403525,1.2631323337554932,0.05038516968488693,0.6542127728462219,0.24661708007269503,-99.02051722809811,-0.2486804375322736,3.1389451026916504,0.011233018711209297,0.477677583694458,22.420066922262883,-3.8919502183263393,1.7349110119202218,1,1,1,1,1,1,1
pi2_causal_upstream_000204,upstream,c0f11fe00d85ba7e74f894471d283fab3b5f80ede6d445685ba3d5ef920a80b1,f5ee9bbddec6472f4fcc44036241d021b015ed18a544302d259bdfee87eaff8b,dense_v1_train_x2.88_family2,332f3c79567a1bd14443ca3d5a38e339ad9c6f1038fd4986b4e328a5b2d279e4,40f7b1572391f589a84473af100424a53aaf08428f74ebb86c0d9b786e650292,dense_v1_train_x2.88_family2/variant_12,22,0.07821802854537964,-35.428474677706696,374.188717150617,33.17291740243129,-524.6665545288922,13.63963025808902,-1.1368192100524903,-0.3107029529981256,1.2093794345855713,0.049001313745975494,0.4225364923477173,-0.15358694204978593,-79.13279587458354,0.7440512462686877,3.1879119873046875,0.013178077526390553,0.49140456318855286,22.12424459912046,-29.859889749287,1.7527080126928813,1,1,1,1,1,1,1
pi2_causal_upstream_000205,upstream,ba16efb6c843192854a5fdbb5ee7ca0c62f3bb0b9e156d841a06636b4be28997,b7ea982befe592e774418ce8513b7a6c0177e0fd633f5870d1ad6c87c37e6f7b,dense_v1_train_x2.88_family2,9449e3aa02667e7ecefae04c0658fcfc36cbcbc62fee919e009271f72ffb6f93,7e414b4867f1321cfbf76f10f0352db6193648a182b27b475e61a0a85c533947,dense_v1_train_x2.88_family2/variant_12,24,0.09631999492645264,-19.36356068377676,225.51646760019133,15.368034915555409,-156.8765498380399,8.163982110895574,-1.0965454578399658,-0.31356453287009634,1.340677261352539,0.05575138330459595,0.4328133165836334,-0.19557488964220465,-112.09456480901305,-2.5096851355163086,3.238220453262329,0.015252151526510715,0.5053634643554688,26.20780809064869,-78.62537429095411,1.6903271621951896,1,1,1,1,1,1,1
pi2_causal_upstream_000206,upstream,03de5ea248a5d1115591453f1dc8a87782461c98cda67c44de4a7f286b6a9843,a4ba79d5cf4df1739206010b13598d7896019be5145764d622141672888bb9c3,dense_v1_train_x2.88_family2,d819084036f662982f4cf309a473ebb80ed456c930e292a5d4456eeb6a7a46aa,a94003baff40e194389d366beb3770f6688af149f1e2a20992a14413f810aeeb,dense_v1_train_x2.88_family2/variant_12,26,0.24672258615493778,-12.8952315208967,190.477078063649,22.081509813030983,265.9445895239286,0.473303221024866,-0.9231157207489015,-0.34225169529005317,1.5504341125488281,0.06253647804260254,0.22979991137981415,-0.8949900492720656,-254.0870259549496,-10.435587339447668,3.2977051734924316,0.017707768827676773,0.5189855098724365,28.731559573873817,-31.41386023830245,1.4047703447129987,1,1,1,1,1,1,1
pi2_causal_upstream_000207,upstream,e0766ec6ed9233069e7893834ade58802711bd29dfeb20f4149e976dadbe0d3d,b83601d2e45d5e8271df26bdc9932a41a69ba4df777dbdfbdcc6a0fb54808946,dense_v1_train_x2.88_family2,a5c9aaa354ef2f35b60e75878ae37b969032d000c570e63ce2ad214e2d8b678c,0d400579bda05f88a7388095ee4596b438ec26783184736f607da4fa7b457637,dense_v1_train_x2.88_family2/variant_12,27,-0.07790613889694215,-13.005558712786272,-147.15441759230873,26.214592176041805,209.03825373694207,-0.9727183079473218,-1.2842372703552247,-0.3601947978823999,1.3977497816085815,0.05874991789460182,0.24479857087135315,-0.928507334994052,41.54034309799296,-2.1414709180213904,3.3267574310302734,0.018887920305132866,0.5239417552947998,20.03737762841874,143.86872777131742,1.3873245654007027,1,1,1,1,1,1,1
pi2_causal_upstream_000208,upstream,f67615c4c8f0b50126cf5f1344c2a81bd9fb5aa96ef90a713d46e4968b1eb467,cd5bc911dc7cc0e77d27cecb73630c3b043653437ac537ce91238f220b6ddd13,dense_v1_train_x2.88_family2,75f780cc51b1e351ffe0be458d7b1a8bd28320a0c4b1e3380f9756b4a231d516,9ff000453e6608a66db031c0479733b8a92c75bc55c81730744be6d663543d09,dense_v1_train_x2.88_family2/variant_12,29,-0.12015581250190736,-28.570570307589325,-456.40263868054996,55.6864093597089,707.8638667109799,-0.07967255264699567,-1.3388751029968262,-0.4067418076587412,1.5279462337493896,0.06415518373250961,0.6693105101585388,-1.3176744384284536,86.26510480215346,-1.7485235183247982,3.3898186683654785,0.021483538672327995,0.5483494400978088,27.65034233580809,39.843748013823884,1.1688122347913368,1,1,1,1,1,1,1
pi2_causal_upstream_000209,upstream,160edd9df248dbffe6fd66f1a9451433bd79579327f362a857cbf23df2f81f93,dc61e0c4148aa940373331804d359f631307bb3247bbc876b5f865a8360d7338,dense_v1_train_x2.88_family2,196d227e3bd94dc056ea90a856ae018da016a6b2dc2710a9f318eaf18a128524,60bec467d6180f91897d74f5a1b1232c166893604a06b818e39bd8b351263b35,dense_v1_train_x2.88_family2/variant_12,31,0.01728440344333649,-49.082466790858234,-398.3631062083666,93.87503519800403,881.1930855047732,1.040278502293091,-1.192634906768799,-0.48655976499217934,1.595491886138916,0.06721045821905136,1.0289983749389648,-2.587526667052828,-33.39051698410414,-3.1200534647502733,3.4543683528900146,0.024203147739171982,0.5920873880386353,22.43530336675389,40.497694230623004,1.0747892868663902,1,1,1,1,1,1,1
pi2_causal_upstream_000210,upstream,54c4cb97b43eb829138d9f9788bcf1b481bbfe5b0bfe4085eba449875896c49b,7e5839150671b9437e2ea221620c6738814c9eb4aab73d2c7c5855d91e113f25,dense_v1_train_x2.88_family2,0453087b04404e94fd662485292f5b93971b68ae5fabda18568fd18970dfb563,f4c6195e95491e397e70cebbb236a1f7255a62a7290a3b8cc1761a44501152ba,dense_v1_train_x2.88_family2/variant_12,32,0.006873778402805329,-55.58063705022208,-306.829500838978,109.26843743613686,663.9945452192285,0.12223767884025147,-1.2117782020568848,-0.5435102768524557,1.5159823894500732,0.06392474472522736,0.574089765548706,-3.0585847504279204,-17.721214377090515,-1.973743456677268,3.4857239723205566,0.02551601454615593,0.6079472303390503,19.028053254009272,60.306916220006634,1.0432014767472217,1,1,1,1,1,1,1
pi2_causal_downstream_000211,downstream,b2d5995a87d9639f2bbdf3755b6e09e2be0be426cb1122ffe3de633390f38ef6,bccf5e6500b7cb0ceb6e7acc1727a2a25fcb1903e77c0d724de94fb8f931a18b,dense_v1_train_x2.88_family2,013d83a9cd169deaa56f7570fc455dda0f2ef53727a8ff9fad239a2093c55261,75b69b38ad0a241a3840c54ef0534aa2f44e73d1dfdb3f989375be0fdb79a603,dense_v1_train_x2.88_family2/variant_12,34,-0.023225241601467134,-64.046540413237,-183.8410711717397,128.50735912039195,329.1316257622004,-0.571175035850082,-1.2590150642395022,-0.6772021144437721,1.4022977352142334,0.05773933231830597,-0.4358583986759186,-3.574714398362281,20.95250515643726,-0.7935558704035582,3.5444462299346924,0.027948008850216866,0.6094865798950195,8.263187617317167,123.4672805695695,1.0335939247431984,1,1,1,1,1,1,1
pi2_causal_downstream_000212,downstream,0b34a636da708ccb8327a403d473b1aa80ea05e02fc4a6c651c78923c252beae,7f9e5ff2eec71c1bc3ee10eeef3354cd32c17a0ada9ee3f880eda4c8e145d9aa,dense_v1_train_x2.88_family2,a0c5c6df8c2e5c1deba24dd1d0d88f571ec0fad696a1c30852eab7ea97400e8c,fd157745ea66bd5789d8748c149a716762113e8cce0620feb83463f4a8b0ca0f,dense_v1_train_x2.88_family2/variant_12,36,-0.04018867015838624,-68.4475318237997,-108.11656018356007,137.44497583805546,142.93161215681334,-0.20519701534681922,-1.2805978012084962,-0.8209479407012734,1.3472768068313599,0.05339851975440979,-1.2444216012954712,-3.679195375209143,38.6453571729993,0.012039673334311989,3.599991798400879,0.030173005536198616,0.5740594863891602,-22.176808027425587,8.022375637750027,1.0989646293516235,1,1,1,1,1,1,1
pi2_causal_downstream_000213,downstream,51a29240a9b732087e78e86fd935096de3846fb7776ca918da8e903d36a1d52d,f0b90883b46edcaf77f262e10c391e5a2053a650bb7db787cd5c9f57f57941cc,dense_v1_train_x2.88_family2,63d298493bcd3517876e5f38a786f1ca5130b6b26717a754ee3f8539b15d8f78,eb84106114094a944c4d35e023b5358caf4b98bc3315a98c97b752000adf2799,dense_v1_train_x2.88_family2/variant_12,37,-0.051591067314147955,-69.70482621602648,-82.7575089652176,139.70593237786974,90.46345816042022,0.17172063346980185,-1.2839611625671388,-0.8953027659072824,1.3337465524673462,0.051846347749233246,-1.564645528793335,-3.703384917041566,41.39949776711813,-0.12648535173277037,3.6271493434906006,0.031222574412822723,0.5453954339027405,-27.933764450512356,90.56378680913853,1.1062414391631625,1,1,1,1,1,1,1
pi2_causal_downstream_000214,downstream,a30053d418b759b114318a673b1cc8cad5be11f59bef049451f82f4249473b37,01cf441fc51d41cbcf4193fe2e9efa353ef5c5f381b2ab759f2edbf8637b2cfd,dense_v1_train_x2.88_family2,97b4ba91a567ade8b6a9245aedd1aff2f0bb874e70b9e9392cb8b45a9f8ca764,204e2eab93ffabaa413430f2ebd1b0b7580212079087681c4549c28751721e34,dense_v1_train_x2.88_family2/variant_12,39,-0.13814442515373232,-70.85797388378889,-52.107847857296605,134.04059098966766,-168.97243236753897,3.7270491587368397,-1.3753126525878907,-0.9950331924719854,1.2282531261444092,0.04577356576919556,-2.514310359954834,-2.0989079538782214,116.1680076677386,0.9438744068529344,3.677269220352173,0.033058181405067444,0.4538373351097107,-31.138931463831096,48.76719891914879,1.0883957980937669,1,1,1,1,1,1,1
pi2_causal_downstream_000215,downstream,ff6ff235b412e68a3eae745ff30a1144cd9970797e333b57dfce3645c0961794,0f8779410592559be122028c190468e6513d3997cf06d812fcc3c4116cc276cf,dense_v1_train_x2.88_family2,ec64ac743d2d786db99070e262d5ffd526870354d6cf174015790fb49ee94105,590e9ade1aa0c1517685646eb1b916acb894d297c2a8923a197ca6ce22b4ecc2,dense_v1_train_x2.88_family2/variant_12,41,-0.12647655963897705,-70.90485630225186,-22.38670998590383,125.7777969620014,-189.31535850847823,7.5635266814435065,-1.3623476028442385,-1.074699351297498,1.234483242034912,0.04571625217795372,-2.9373421669006348,-1.7978370572454672,105.57701388787929,1.0452685650817737,3.7267279624938965,0.03483731299638748,0.3414837419986725,-29.48846064712712,-29.64429141304096,1.0494778027537066,1,1,1,1,1,1,1
pi2_causal_upstream_000216,upstream,8f7471845324d0c2bccab3d86aa5861949b85db797187674e07296495326626b,46f7d9f30f393b8c1752f104b5487f9440c649d087edcd339e4104c88516385d,dense_v1_train_x2.88_family3,09c65ae51c7e1fc92b18c6f4c24b01577c0cfb42af02af72cebcb6c58374f4d6,0b67505d7a5e344f0b43921407e908d38d8d480657ed1cd82a4a86daebd01521,dense_v1_train_x2.88_family3/variant_3,7,1.6218902587890627,-70.49277732924665,87.64514452395453,139.38058314694536,-249.63685718236283,0.12667091566933222,1.0987710094451906,-0.6789092230792976,1.7250568866729736,0.020751580595970154,0.11393042653799057,0.24826019413533268,25.304510450272627,20.414235023421483,2.7754595279693604,-0.0023521012626588345,0.1186881810426712,2.8845032921649825,51.89291887958923,-0.7507382092717879,1,1,1,1,1,1,1
pi2_causal_upstream_000217,upstream,7e5f13250cc4b8c62267d5e6e3ac316ed311d83e115b9f323ccc417d8efc01fd,4b9be4e97c32376b9a449031f63419a4f44f67d6e0e4af1dc87c8c7bed71c48e,dense_v1_train_x2.88_family3,7c217974d5949349d58c8cea3b5a80d2767feb350a54c86377a5446f91af2eeb,d3ff736f667e4dcfc585ca700c408c922c9d0dbf7313f6913a06734ab6b0daf7,dense_v1_train_x2.88_family3/variant_3,9,0.6975092220306397,-56.266234363635036,561.5224738563344,120.9469407658348,-672.6181234992331,-0.4161179289162118,0.6553953075408936,-0.40777663614489307,0.7373638153076172,0.026918547227978706,0.09831107407808304,1.801753530404235,8.127058532064229,12.053790634965212,2.8299896717071533,-0.00016872624109964818,0.11769413203001022,3.1174970530099846,57.23101907446685,0.5836538039662508,1,1,1,1,1,1,1
pi2_causal_upstream_000218,upstream,68c4ba6a7936ba640fef962d5ba6f52663f7d9a01fe4ae7326fa4e77fa55f8d8,a568d5abd49b300eec1b3517dc414ccae6df8d30169bec21b6e3b5754a59b0a2,dense_v1_train_x2.88_family3,2526730d94f24eaf4e210ab5c65218cbbe19e17b282f9f0cbb83977a5e3cbfbc,f0aa493713c7f2f18a60ff4767506dd8cf259c792eab0b498e18edb89b8326aa,dense_v1_train_x2.88_family3/variant_3,13,-1.1337266159057617,-46.7965083435871,-527.3081438507729,39.61371407276703,-441.2101396266639,30.912073209821767,-0.032173472940921787,-0.12408483182105864,1.4239182472229004,0.0398276261985302,3.3421223163604736,-11.843723898173238,620.1911760341027,33.37192179408878,2.884993553161621,0.0014691645046696067,0.21761654317378998,-9.951224474456215,72.13643503225354,2.237407243620359,1,1,1,1,1,1,1
pi2_causal_upstream_000219,upstream,20be57ba456d0a630708fafa319d5bdca7c058fdbead4e608d773164931d8303,e0e9900a174f0eceff6e1facb1774038cb20775cbb0271fdf9bf67a8425de6bd,dense_v1_train_x2.88_family3,dec7f74d438c9bd338c830c5f0a22338bf84f3cc3cb01905529db767024b2a6e,cc23baec45a9d52154ad0f291182cd03016a220ddeb8dd7f62043ea1b0bf749a,dense_v1_train_x2.88_family3/variant_3,15,0.11454427719116211,-61.1785303203703,-126.92619764829067,66.85805118128934,1263.4198697989848,31.205264740497697,0.8787544918060304,-0.030685647938552184,2.29384708404541,0.0828169733285904,3.673973321914673,-3.39885581025467,-431.4026163559292,5.059500193727381,2.96372652053833,0.004104290157556534,0.3565075695514679,19.84407985981279,184.89212800197797,2.866146611138886,1,1,1,1,1,1,1
pi2_causal_upstream_000220,upstream,08476907026674264b2016e0e9d4c726c7718772663a35557fb57bc6ed6546fe,634cec4007e976b148be5ed7d18e715210d3800317c8cae01dcd27c4e9de4903,dense_v1_train_x2.88_family3,9de82b6615bd42c5e8a14b36202d32bc4c8f66981e3c379a54d4fa9f606fc30f,6c3ff75a40af94e6b62b71d0d3ad6aba23363754b7cedc083d623571d92776ff,dense_v1_train_x2.88_family3/variant_3,16,-0.26514385223388676,-63.099090722518675,-72.59786895220125,82.5111303814769,378.75759461097863,26.227685657885516,0.4696415567398072,-0.01947516534698256,1.849310278892517,0.06499727815389633,2.801882743835449,-3.9384620990268338,-96.53925293660505,12.548755661095818,3.0049283504486084,0.005574247799813747,0.4219176769256592,32.47318842762558,-2.468023329456758,3.025201226455251,1,1,1,1,1,1,1
pi2_causal_upstream_000221,upstream,e0356aa284d809e1b71a367d1c09994de4ed44fdefa17260729e3b02eb3b2286,d752b625a19f46ccf86e0f3d64f4843003084d01ded0b79a8eb14cfa76706360,dense_v1_train_x2.88_family3,c6012b0e07e3ecfde2ecdb339d364601b1518bbcbaa9ef09db097a607abfe31e,ff72c54ee47279414814c13b63b9f5afe63c5baca32b62f7e965080bd07912d3,dense_v1_train_x2.88_family3/variant_3,17,-0.4776286888122559,-64.41554821333611,-42.81861300116085,83.52193007674708,-186.59380133179494,26.961209049589957,0.20778342723846438,0.045428782100755835,1.5197465419769287,0.05011516809463501,1.9189631938934326,-4.619298343701467,117.7824185007195,17.29272758215164,3.0379793643951416,0.00670232716947794,0.4682798683643341,35.03908559312427,-34.96984113531868,3.3548921788359873,1,1,1,1,1,1,1
pi2_causal_upstream_000222,upstream,e37fd3e9f436445dc851094fbb740d613710fd36382c5a4a18a7c59e881c44ff,d21d7895920fc16e6abe64561421443b6ed8f4894822948ffbd27186e8518acc,dense_v1_train_x2.88_family3,cf2242c27b22250eac5cc1bb2907c0bf993434a201ed024578841405ad51314a,164500eeab372fcc08ad12af72e830edfdd46ecf30f0c75eaf15848b405a53bb,dense_v1_train_x2.88_family3/variant_3,19,-0.31208835124969486,-51.55097911917088,454.7513175052943,56.542495024994544,-743.4410107012557,28.360625972046094,0.4112752008438111,0.24408817779985345,1.2547286748886108,0.02966158464550972,0.718441367149353,-6.0435281087720565,-48.76431657931904,20.626529255656525,3.0885276794433594,0.008070513606071472,0.5054116249084473,34.26799821696485,26.236793705938933,4.229687905267793,1,1,1,1,1,1,1
pi2_causal_upstream_000223,upstream,2efb662ab35a2a90680ba2940920f7d9c5398f0a7f4e25d322a2f49f0963ab7a,8541301e1272a55dd62086fad7b321f5379ab7f71288024d1315784718f6c478,dense_v1_train_x2.88_family3,62869e95dd04c7a7effd53d9d71636cf81fb6d45619b2582409ec63f98368908,419a4f37a2b50ddb2dcc7cf4d1418604d82fefc27461917a18978b9a6a62c544,dense_v1_train_x2.88_family3/variant_3,21,-0.15740116596221926,-30.72798630222811,531.4680022628776,29.69114651074725,-550.3617808279935,22.855688809162483,0.5978088760375977,0.43023102767093135,1.4251377582550049,0.03504824638366699,0.7309765219688416,-4.352814244365188,-201.4475639839834,22.05828033966377,3.141486167907715,0.009295362047851086,0.5336095690727234,33.85582703640584,-5.8655722257024285,5.1513448889806694,1,1,1,1,1,1,1
pi2_causal_upstream_000224,upstream,3b780793f6a565a49fd1f2729930d5bc8985965d2d1e6e8e4325517aac369920,8cce3899193031a10459bb3ab8cfad40c050a19c5e33f61367085b77429da1d2,dense_v1_train_x2.88_family3,3b9eff2ff6b43caa8ef32ab6e7f2e1b58c3cd15c0f4f575286825e1c0cb4110e,e1620dcdc96de2eb804c9733c2a40737a6292fe8185f7c8e50b2248ec8e5f679,dense_v1_train_x2.88_family3/variant_3,23,-0.10688865303993227,-14.640363636855177,411.9050217474274,17.351004463697485,-211.03873418256876,14.999597289791192,0.651218776702881,0.6005935885648865,1.6470478773117065,0.053082484751939774,0.7235093712806702,-1.1846249147175438,-245.09751345997236,21.302354275914485,3.2037532329559326,0.011086119338870049,0.5654711723327637,36.41252052199794,-1.6387965293085434,6.006857413075588,1,1,1,1,1,1,1
pi2_causal_upstream_000225,upstream,232308b87fd649161a32885768edb275608173cd108217b0c9acae65ae171937,4753505ac46754974c30e861068b72c1caad28ccaea4cbd66932e1aad67f6aed,dense_v1_train_x2.88_family3,5ee0bda3ea156ff0bb911847ca95488253938da2edac23120e6f4c4f873abd0b,c26e8c4f95098e79a09fb37679435b960d13e75a840ed48a892eee787fcf6e47,dense_v1_train_x2.88_family3/variant_3,24,-0.14054101705551147,-10.583335430252445,268.37064539636043,18.032594163614935,-23.60890232843862,11.505758802441404,0.6021129131317139,0.6840468910019629,1.7472264766693115,0.06275250017642975,0.7501269578933716,0.019820538625662562,-204.8811274005055,21.59327935342201,3.2385599613189697,0.012310933321714401,0.5821166038513184,37.41762383950034,1.5645251589955307,6.415384546708483,1,1,1,1,1,1,1
pi2_causal_upstream_000226,upstream,e88c51704fff926c00dc50c43f89114d7fea86c35e6e11711275bbf4489fe5de,0e1d9a7130e02bfabf65cb15e6ee06a77fd91053787a8a31cb9e5b3ef14f579d,dense_v1_train_x2.88_family3,445df13336c20834a7529142bf8d04cd917b98640e324691c186fab6992e9cac,7a6a7aeb99e9f3e56dde174963aefc202641bdf25950eedffef7baf6a24b00f7,dense_v1_train_x2.88_family3/variant_3,25,-0.12627409338951112,-8.43651305901635,238.91725777062135,21.636157573484056,62.38050701050915,8.373898411262685,0.6153923225402833,0.7643756526981657,1.817054271697998,0.07134123146533966,0.6870840191841125,0.9404961312564226,-215.79193112787235,20.276789419206025,3.275094747543335,0.01372268982231617,0.5985376834869385,38.14234106138454,7.439758794000648,6.812843585930717,1,1,1,1,1,1,1
pi2_causal_upstream_000227,upstream,e38fd7635f0c0bebec360e60efcd6685c1eaf3f76c7538eee6dcd23b0e62a8d2,d547c62f116e01214543c1fc629062b4dd8026173ed7aa05d6203d3b129f5d2f,dense_v1_train_x2.88_family3,6e75f6358b8d720a7f1700b8d3878a737e5f77e059b8600d6a7fd09ae0cd2937,2f02fdae50d763f1c544ae5197b2a44264d373ac3e56e2755bc8078b1dbc08dc,dense_v1_train_x2.88_family3/variant_3,27,-0.17962133407592776,-7.841273171907139,95.79309575091618,32.436213198553716,219.01960532205356,3.6347525716597064,0.551611523628235,0.9122014169068132,1.9240883588790894,0.08397988975048065,0.6316637396812439,1.6356592313236862,-163.62287794542323,18.55951764487203,3.3509557247161865,0.016881689429283142,0.6292677521705627,38.380263870932765,28.65485996458916,7.6008495022797735,1,1,1,1,1,1,1
pi2_causal_upstream_000228,upstream,1d541ac544476d35312fccf408ac27e13079ad64d3f46f4dadc6970f006f92ad,4ce485531449b585d47cb1f776bb9baf44269582bf6bb933663033ee9c36849f,dense_v1_train_x2.88_family3,dcae2a7bfc3d02f936689a474c0e26d2e02da76c5db6a0a3d35295e07aed9916,1a5a63aa4a09faa3bb33beadcabbb49eb9f41225f849ab86d5cf78a1d985eadd,dense_v1_train_x2.88_family3/variant_3,28,-0.2222429704666138,-9.54378832253932,34.360475563232235,39.72645317520726,247.56900375076313,2.107693940670591,0.5054034900665284,0.9695129412384105,1.9453554153442383,0.08632452040910721,0.574375331401825,1.5238023972251509,-125.81655145535206,17.745191756171845,3.3902692794799805,0.018620336428284645,0.6439937353134155,37.988190522006526,38.1436490426106,7.975681034111817,1,1,1,1,1,1,1
pi2_causal_upstream_000229,upstream,63e51ba996258f82b0663e28f5bb625f25b877a05748292edfca19400d470c2f,271b56e560706519ce74df0a85d05eca91ead6cc2c1c67b75373c4b05ed47b7d,dense_v1_train_x2.88_family3,5430de2770b52af9d2d3083e5d8887e716649123540a5a03ef2eb5a0996f80ee,a32a8493e43769c547ba3ea4a1fb88cebfc8ee81555de83fa09fba56e99213a3,dense_v1_train_x2.88_family3/variant_3,29,-0.24863813400268556,-12.641506214930006,-35.946776752683945,48.04665835794204,336.1649993996426,1.2803184941706554,0.4797107124328614,1.0118774052858952,2.002563238143921,0.09232881665229797,0.5655139684677124,0.9091428949234196,-104.80214258691969,16.032818935020043,3.430304765701294,0.020430903881788254,0.6583384275436401,37.74240616472361,35.69342796089524,8.336056644237894,1,1,1,1,1,1,1
pi2_causal_upstream_000230,upstream,24aa98cc6e801465b3f5c0cc1ee0e47baa185fd4dcd546f2a0d7bdc7b1d1a0db,4115658d524a23b6b868aefa159a10e82017c6d0c2277b273016e6eb7013ff19,dense_v1_train_x2.88_family3,b1b8a7b88e759835c0c46118b98b5dbfc631ef6909e426371f90b3299ddecd6c,5d645c282b5cf82db62a4635a1a994131546d7e3759243b7d3ed19e4cbc2857a,dense_v1_train_x2.88_family3/variant_3,31,-0.3764388227462769,-26.93007498216815,-347.08496924087564,72.60955540587115,645.3349055388605,2.855622729549197,0.5083855676651001,1.0408389867874694,2.17523455619812,0.1053946390748024,0.909385085105896,-1.4166105823297344,17.180536602392305,13.655738080258125,3.51493501663208,0.02442627027630806,0.6943600177764893,37.439043312737496,29.456922248634587,9.029287428891012,1,1,1,1,1,1,1
pi2_causal_upstream_000231,upstream,8371104e8eee9b6384e379f161227534af3a69aa8e40dc0b9a993b7721b3445b,63b1cdfebd1b2ed82e4ca7e04f05afb6d7fa1ecf6c8ebb36f4c5b95080c79c4c,dense_v1_train_x2.88_family3,bb5f878ba79b8da0dc86d465747f4a6e9dbd8207e0b95cfdd7a258e10bf9d20e,0d52b3467d2cb14f3caf93a486c8fd8c3e6030fb9df4311cc24b5ec30c046a8e,dense_v1_train_x2.88_family3/variant_3,32,-0.42991437911987307,-38.80024878790226,-484.9371472968689,88.99078058290625,788.0035690730067,5.601367945861037,0.45352403163909916,1.0223859617332571,2.272169351577759,0.11085733771324158,1.2077672481536865,-3.5185514603645585,62.094287933339764,12.186309111468153,3.5598196983337402,0.026573117822408676,0.7199259400367737,36.504072377632795,36.98787516711231,9.376151539472792,1,1,1,1,1,1,1
pi2_causal_upstream_000232,upstream,7c8088b469df2766d7b471a1bb29a1c08b92cd7e555d75562632844341d6487c,8e045b90aa7388f817999525e82fdeb08da6116275fa9e610289fd710dc36b3e,dense_v1_train_x2.88_family3,45e1cc1df536b2e3e254241a396e933af708878c2fe5a5bede5afb16f2d39aac,500260183693be44269336dbf2f09d51a9448faab4ab493ed1c3233d3c21aefb,dense_v1_train_x2.88_family3/variant_3,33,-0.36861845016479494,-48.183723179111276,-354.49684464136334,104.47381539351717,702.5753878404224,6.660700947288056,0.5395682239532471,0.9621085453145464,2.2589569091796875,0.10867740958929062,0.9890312552452087,-5.408584332017562,-8.314209130417163,10.004866218876556,3.6052443981170654,0.028758425265550613,0.7435541152954102,35.1033781637816,39.81606867221241,9.631807299239417,1,1,1,1,1,1,1
pi2_causal_upstream_000233,upstream,dd1b3404e3d2d2730187ebe167453064c75bb1055484cb8a387555649d455c9d,46bd36fe9d083741bc104d937d400ceea58c280ba467797c62a01d57fd725f6c,dense_v1_train_x2.88_family3,931ffc01aef635c93df964c45b1d395d07e12b0647fb258b06c7c54e16e5cbac,f966ba77f78b2c42124804ff15174bcf491dd5fe2ecb2328e9e3ee10e75ac83e,dense_v1_train_x2.88_family3/variant_3,34,-0.3611707162857056,-55.024960180106525,-254.64177391933805,116.8576518682348,526.7921093986001,6.9077230363657005,0.5522713518142701,0.8650690556535899,2.154836654663086,0.09619435667991638,0.524009108543396,-6.9099764516890785,-18.71183598600519,9.504586451798032,3.649171829223633,0.030763037502765656,0.75947505235672,34.86618276937998,19.843487340902293,9.841502497145093,1,1,1,1,1,1,1
pi2_causal_upstream_000234,upstream,db6690f7822affe8d6b5440a0620c474e901d2209548c12fee3d34466855d9e5,20cc0d0c2477d52c00bbb8a361474c5affb1a0495e2c46f7794af686a8606a6e,dense_v1_train_x2.88_family3,f51d495cb4d1619f886ae3c1b7de97e14f9705e3db70db0ec5c12ca6a9c5aa73,70c4e5d3a65ce94efed638f2eaaa4081e11bd2c0dbe07dd6985f062e25e0d57f,dense_v1_train_x2.88_family3/variant_3,35,-0.36106954574584965,-60.08052276977739,-180.6444879986604,125.86061983587699,372.03373782596464,7.052994482182782,0.5497677898406983,0.7376510973047923,2.0551257133483887,0.08401775360107422,0.035791944712400436,-8.260992565272655,-16.659907140455378,9.380998447634884,3.690992593765259,0.03251325711607933,0.7656380534172058,36.24443981180768,-10.795730407777747,10.035898001619156,1,1,1,1,1,1,1
pi2_causal_downstream_000235,downstream,69092cb96970b7995a083fb1b63a117fde45fabde83a6a8d8a8ae3935b07820a,719eeadcd670017e32c961129fff70ff38a782d0170d1eea48e10e2747d302e6,dense_v1_train_x2.88_family3,aa5591c35cb9775a134704a0b580bafc012283ec409ddbb88e0fcf0873142a88,278799a959f954ef8deda5ccb7248ed8509ab04dc56f1afd9bac09b0648b9507,dense_v1_train_x2.88_family3/variant_3,36,-0.3622598934173584,-63.746169184107345,-121.94895683783234,132.0957902461549,251.88822413658244,7.1883441820069685,0.5478360033035279,0.585398926542603,1.9777785539627075,0.0742029920220375,-0.4141162633895874,-9.419365327750137,-15.071707158414407,9.210878925977376,3.731027841567993,0.034043096005916595,0.7623081803321838,36.66666161573036,-1.9660507426811298,10.228480612816044,1,1,1,1,1,1,1
pi2_causal_downstream_000236,downstream,903de0fdd538826a0b67e3d3f43d1e6e2346e01673c7df4799a38cb709346d03,29fac70eff6ae6121c370b01deb8e9e25eda9122caaddc0e82da32cd7d44d947,dense_v1_train_x2.88_family3,f0f86c7b001e0911400fa3572792359a4d7e361f6678b20eb186a35a627be73e,0687811acf704a9df1682289138b0f011179cfc2810c0af14ec94254e0e49247,dense_v1_train_x2.88_family3/variant_3,38,-0.37793304920196535,-68.04994651221325,-41.22038288632371,138.94228990790563,104.18377824060174,7.3654544686159324,0.5502167654037476,0.22864000470982593,1.8877776861190796,0.0619487464427948,-1.14535653591156,-10.948275852700812,-17.030450025570445,8.871678925189848,3.8075664043426514,0.03664759173989296,0.7313641309738159,30.457633754500666,39.83127267330486,10.62315505580021,1,1,1,1,1,1,1
pi2_causal_downstream_000237,downstream,a2b6deab52dfcec8f21feb2ee8d71ba79893e97e80519664b6f91535903ba3fa,fa771f0ae64a3ec68e0086ca81968e2563b05e8178d4e43c57b4a3b03cc100b7,dense_v1_train_x2.88_family3,a343bf7fc2b7ba0bfe89caeba6ee1cebf11fadca5569d90a5f38098e18e1a5e3,d18bf9b425e29aaf081248eafce7b86df6173d76dcf56aa7b4c41045407ed2ef,dense_v1_train_x2.88_family3/variant_3,39,-0.3809553146362305,-69.19681040593926,-16.564706256256446,140.63411410493947,64.10395498340013,7.3971842180494765,0.5524393796920777,0.03120950312228305,1.8655588626861572,0.05847010761499405,-1.4375805854797363,-11.379306039331867,-18.859965713629844,8.75793920003621,3.844809055328369,0.037802040576934814,0.7059508562088013,28.412166267905683,46.21411518853304,10.81326964690807,1,1,1,1,1,1,1
pi2_causal_downstream_000238,downstream,07b22453f382fc1b56e78f363e00585d3cb2d95e68dc07212ce4aaf3e40e33e7,0200aaafd7f8ac44bed10c89cbf571362907249c779fbfa6f948531ae72c1537,dense_v1_train_x2.88_family3,ce71fc6f03ff20338fd38834318fb777db6033b483e302336466030eacaf62d3,508513fc42b3e2ad0856b2422f63a987a37efc41ce04f1af6eeb3d1108c5ef52,dense_v1_train_x2.88_family3/variant_3,40,-0.3802183485031128,-69.86120339707391,4.0319417755549205,141.67233017953808,38.32527060283041,7.349046462547761,0.5573489046096802,-0.17386525718193369,1.8535324335098267,0.05637737736105919,-1.6983985900878906,-11.658461847125812,-22.866262690172306,8.681575123794529,3.881718158721924,0.038902219384908676,0.6749981045722961,26.887702196104687,38.90195713483293,10.999671821349699,1,1,1,1,1,1,1
pi2_causal_downstream_000239,downstream,320aca2bfccf7240d6c18c77344f48025d24acebb880b4910af9c130e1f5426e,0638501e62dd26765ebd6d3dc2c020007107d15cf72e5d4fc7c97fa648479357,dense_v1_train_x2.88_family3,7ccd649ec93189af64716f21d018b821666b01051ed7da1fc2103998e57a7846,5d81a7d0a5a51e505aa4b77e2044053a6c9f98eb1691f50b480636a52e13ed88,dense_v1_train_x2.88_family3/variant_3,42,-0.38363691806793215,-70.37822139648719,24.90946596905743,142.6762860252599,12.533731806242729,7.118079576054926,0.5622080612182617,-0.5955271424634839,1.8429399728775024,0.05433221906423569,-2.152909755706787,-11.906055350765127,-26.841649645625875,8.543180123284438,3.955037832260132,0.041013453155756,0.5987136363983154,22.560379498382453,54.55694878798808,11.373486165746192,1,1,1,1,1,1,1
pi2_causal_downstream_000240,downstream,66b389df208b6565465bcac18ba16f1106da83e9baeab631fb10645e3ff30262,69a5a186ce4ddf29aad4e93a3adb0a9b3a27930bb3ae6912144821a18c9317ff,dense_v1_train_x2.88_family3,7d8ce033bff17581042742cdafa88aba5fa45298afcb025dfcc657f4938dedab,b84b2857942c7633c79a808fa030ecde0719f36d2249c3ff6e048fde156dbbb7,dense_v1_train_x2.88_family3/variant_3,43,-0.38597475528717046,-70.39269456733845,30.64259527722461,142.89785736193514,6.640606170541646,6.949994748717789,0.5639818000793457,-0.8090350683374756,1.841424822807312,0.054050151258707047,-2.362229824066162,-11.937468244531663,-28.296348457697068,8.513823116458077,3.991593360900879,0.04205029457807541,0.5540235042572021,19.943969668876935,57.27186019060894,11.561690020205948,1,1,1,1,1,1,1
pi2_causal_downstream_000241,downstream,ba48f0db15ae5dde8032522f30806913cf40b29363a5aae58eb8e73061c6e6e0,891cd29385286b8e98ae017e83a17b2bdacc7e5ac4e24f61b4471b4c8aa185e6,dense_v1_train_x2.88_family3,e142b11cffa37397dc1bd9ad6ffda44c517af7e63d3d60376e7d98844140993e,193b41c97a6959a4ea6773553bf33dd29b2b5b2ad46930326e09c3e91e9c30c9,dense_v1_train_x2.88_family3/variant_3,44,-0.3891962575912476,-70.32656467579439,33.942269910541526,143.02834129583906,3.1379195320717344,6.765297440066931,0.564935359954834,-1.0228526471024948,1.8408613204956055,0.054052453488111496,-2.564798593521118,-11.928154427824705,-29.060825918287208,8.479896713076979,4.028125286102295,0.0430850125849247,0.5052257776260376,16.680341358904762,67.82604608103107,11.752253898396095,1,1,1,1,1,1,1
pi2_causal_downstream_000242,downstream,e5e0a3a0198cdd45051f6903a4408f765a0d9dc2a0acdc8b2d37510fad383f0e,63899ee1cc2485ec19d03df2a5a3e8eaa05785993b8437879183b197d09d36d5,dense_v1_train_x2.88_family3,002dee872d203b73fce5b34ba12f68a51c5d04acc1dd39f214eef52ba0b3ffbf,1232dc115e0e06c74371c3bc105715ced9eb7d5016639498243d9db861297957,dense_v1_train_x2.88_family3/variant_3,46,-0.39463046073913577,-70.05212767494328,37.785477337629715,143.1489351158248,-0.18549211636466423,6.362274927528862,0.5662835884094238,-1.4491611374117799,1.8414864540100098,0.054688889533281326,-2.9601612091064453,-11.828743585776108,-30.160291714267913,8.447239017334208,4.101182460784912,0.045168206095695496,0.3956582546234131,8.70961817297931,85.35438786879146,12.14005982752556,1,1,1,1,1,1,1
pi2_causal_downstream_000243,downstream,e88b9bc06127f109bec3bdf5ac567a82a816db1bab6f930a289ea54f67c84942,55406d807801d5d8e12235475f3229bf0d0d5e024638168f4d37aaf756cc38c2,dense_v1_train_x2.88_family3,5c6fb03a257e6fc90c7eddfaf3cd8781e11cb4ba4454c2169451d7c80a4062f0,db2f334c056a292c25e087957adf1cfd2bdc138288617f656bfb07e320e9d4de,dense_v1_train_x2.88_family3/variant_3,47,-0.395827751159668,-69.87321086963479,38.968220215065806,143.17464394786072,-0.9232844814348137,6.149826576304711,0.5668042278289795,-1.6609121667839488,1.84221613407135,0.05521487072110176,-3.155334949493408,-11.751867245346675,-30.5789584047276,8.445017498306662,4.137723445892334,0.046223293989896774,0.3349846601486206,4.177623734135769,92.3789573923936,12.337140663180023,1,1,1,1,1,1,1
pi2_causal_upstream_000244,upstream,3789c438758a1e5c7e0e4b394b48dd091f71de3f4f421025fef8662fe5e19dd2,cb67158ef4a92a0509177cc9c0789579926ac59e7e0166fd9b4a139aee2bb73c,dense_v1_train_x2.88_family3,8dbd9ddf97c594974573b51fd621ccce1514a7cf4157e8af4f532ccb1ea4f7ce,27e460865d85024c67bf2947f70fc499e79053c4809229eb7d49456026cea360,dense_v1_train_x2.88_family3/variant_8,7,1.682901134490967,-70.33911856348887,88.22752743372484,139.37737295803547,-256.81623294350334,0.10284561073724927,-0.02473418384790421,-0.8226620684177669,1.7229880094528198,-0.054056569933891296,0.0734943076968193,-15.330361299640913,24.48313580634899,-27.029187857214207,2.7749743461608887,-0.0030033632647246122,0.11866208910942078,-6.529937469193576,-89.93219921658745,-1.21019683397655,1,1,1,1,1,1,1
pi2_causal_upstream_000245,upstream,73f3c8e4f66059292a536aedc328f99cbaec9d3daa3fbbe7194d159848f6368f,1f426d4b151189ed6762ff17f6620b062fd8d83005ef8c9e36216f82c15259d8,dense_v1_train_x2.88_family3,e6261768a9977c79fbb61219f2d2b0fd463e70acf89786d8b72ef2fab253f98f,f2e4a70cba8cbeae7de54ab647b072bd82770e80933d7d0e3bad41acedffa723,dense_v1_train_x2.88_family3/variant_8,8,1.6292910957336428,-66.60163904965789,186.21009496460198,132.39593607904195,-423.356926721221,0.08875972386722059,-0.31917082309722905,-1.117260052024417,1.6726884841918945,-0.03708584979176521,0.07192276418209076,-10.738476347060114,24.087092409967678,-5.911184655866596,2.8091156482696533,-0.0041049569845199585,0.11892286688089371,0.5333162181551108,-95.5375578834985,-1.6119325662923778,1,1,1,1,1,1,1
pi2_causal_upstream_000246,upstream,dc8eb807062be15c1c67e6c6740aca200f13f2fa5ab59b49cb09b052bd0d9236,6d1cbb9c36def9a7440d2b2eada5dea29cefd49bd82a5a7f2602c78ef882193b,dense_v1_train_x2.88_family3,7e6cd71f0e5ed85b4863ca735c0f3bce5e4175ba61834ee2d12237f893ef9c86,074c3593a4160e65c8e311a5a93cede75f8cc17b361a8c78ea54994102fa2a34,dense_v1_train_x2.88_family3/variant_8,9,1.1807559967041017,-58.25409603477013,494.58437968816173,121.11866538194725,-682.017119495331,-0.17548704717044444,0.48692509651184085,-1.301939071166311,0.8896756172180176,-0.019074873998761177,0.02517402358353138,-10.548679904177446,40.912088637756845,-9.624481884941144,2.8359568119049072,-0.004597634542733431,0.11769363284111023,-4.704098984228583,67.45619816766404,-1.70332822230603,1,1,1,1,1,1,1
pi2_causal_upstream_000247,upstream,2a2c83bf489c8f5d6da4fe9e5e8ed148c5b59818876bb6a469355f22eeaa8f3e,c3e508d2f6bd3b2c14d8fcc4d0ab742a5ca596fe45d1952b14c90c7359fc84d8,dense_v1_train_x2.88_family3,f03c57ce6ecbe8001867c250120da135a7eb1300f51cfc41e4495e21b67e5106,027831affab5ea915a798a401086d2ea149061bcb2a4d32327842b6d635fd25f,dense_v1_train_x2.88_family3/variant_8,13,-1.0528415203094483,-43.94024959118742,-537.8049424917887,35.73965468119789,-522.1534820464344,28.72223539011173,1.2396907234191896,-1.9488231249907466,1.424857258796692,0.11881010979413986,3.2273261547088623,-12.482490873315646,656.0225123445297,35.40481831751636,2.8946826457977295,-0.0019366625929251313,0.20560796558856964,-10.247869835393622,12.119240922686858,-2.2435957274590277,1,1,1,1,1,1,1
pi2_causal_upstream_000248,upstream,0b591d8831048d5be9952f580d3c2c3d6b719db5b6627f348dd7877e73663cee,5c8644d8bd8efd6a557ad17339a942736e9e9f7deb1e2917739e87529eeb5465,dense_v1_train_x2.88_family3,519ac04734c7c234e7ceb28d8ef05da47d693fbb325368cd8cd785640959a447,8849768532a946a3c0e0ab5cd4b8dfa2eda936a5fdc1c101d95cd588c3287833,dense_v1_train_x2.88_family3/variant_8,14,-0.27557987213134766,-54.03250637294699,-399.84383657891203,38.56916299771322,786.9754889991364,35.78338599921854,2.052495574951172,-2.023164357072432,2.0289549827575684,0.11456965655088425,3.2247815132141113,-8.52143450851441,-9.241337300807402,15.170466571170914,2.9295670986175537,0.0004122337559238076,0.27120113372802734,4.105901625208758,100.12076508073879,-2.013764240015341,1,1,1,1,1,1,1
pi2_causal_upstream_000249,upstream,aa668291b1fd43336bd7b8f1d7ff326c727062977962972f19222a3fffdab8c2,cd2fd26f698e357a5f83aa679d732f2783c1eee6961ce8406d17be7b004edf5c,dense_v1_train_x2.88_family3,5960a34033bdcf181d075d51c96f0746d5bc16c68f48606c36fbb32d1cdd50d6,2391e5f8cbb5b577e44f9f36c53c6eb1cfec6578b4f21a0406ab167ea4e51ba8,dense_v1_train_x2.88_family3/variant_8,16,-0.15485741615295412,-62.22298235768114,-102.05370178566324,79.08389855031541,431.4775845122593,25.08536457088882,2.121430530548096,-1.8162904637173032,1.9162653684616089,0.12037297338247299,2.7474029064178467,-4.220842609882671,-104.88120202656258,12.238879369962449,3.016253709793091,0.0053636166267097,0.4022881090641022,34.66979775526919,15.349560961397819,-1.3284559928859456,1,1,1,1,1,1,1
pi2_causal_upstream_000250,upstream,63bb73258c0f7113abd2f99071d64bfdedb1ee420028da4fc8a1cff673353982,c7f51bdd64d5d1a377d58fd652c1ffe51a3b38eb71bd378e476febc32a5caee4,dense_v1_train_x2.88_family3,fbb983d44d41a5b95965e73069d81c18d304333e49b60bf3717a7177516b504f,390a1c2fec3828f18296a16d6d199a3809842c5aacbead26d34e60590b23cbbd,dense_v1_train_x2.88_family3/variant_8,17,-0.3684559297561646,-64.14051015583803,-71.05706706790559,80.81746886355634,-161.65130286036404,25.8105371393057,1.8461415863037112,-1.779753971003017,1.5994764566421509,0.10628398507833481,1.8582669496536255,-5.168410548250995,120.42116646390555,17.338223472213098,3.0507755279541016,0.007624506019055843,0.4475399851799011,38.3429710380645,-50.62024631644617,-1.0339809497129517,1,1,1,1,1,1,1
pi2_causal_upstream_000251,upstream,9593acaeba69b5235888f7f9af7fcbf86afb98d7bdee4c1445e1a4000abc57a3,05d1f694be33858f878376e79e36048f99b144359908e4c555d258aea9e99f31,dense_v1_train_x2.88_family3,906c594363a0d1937ede950ed9b1707f61a13f48432d6140928240069d8f93fa,72fc7fcde3c281a2aaaaabc19250b8cde25560e16ee7373b566601ac41ac3bb1,dense_v1_train_x2.88_family3/variant_8,18,-0.3843668079376221,-62.273512097160896,128.27358906585908,71.80370919702554,-555.8425978255785,28.12015326982513,1.8327200508117678,-1.7417524833664026,1.4150810241699219,0.08980029076337814,1.0957027673721313,-6.578130857090362,131.41509359347143,19.572402255386365,3.0799367427825928,0.009499700739979744,0.4734020233154297,36.84826268538266,20.46705970646236,-0.6948087712272508,1,1,1,1,1,1,1
pi2_causal_upstream_000252,upstream,f535e9a06775963511308b71b2e8dfe86886f88ed7eb1b1d2d4492e994f3eb61,42b43a0ee7b99394111ae2d6217df96e12fc9cb197484300d2e4d380a10ff83e,dense_v1_train_x2.88_family3,fc0abe20ad126b3ed5a797bc6aaf7b823858721a33a2a0885ca7dbeca7e9e76d,726c651ca383d7d8a807d2c4e634199e98cc78154203c88ec210b8b11e5f9eb4,dense_v1_train_x2.88_family3/variant_8,20,-0.15706107139587402,-45.66941784750828,441.5152031957533,44.53016961470683,-618.9114171496957,26.215139837353952,2.117642059326172,-1.5673861412337924,1.4268323183059692,0.08114537596702576,0.6353058218955994,-6.678135071823104,-101.78211980388518,20.79311244687126,3.1349294185638428,0.01267209555953741,0.4989711344242096,35.40416944954521,28.04842454365665,0.2567491725223811,1,1,1,1,1,1,1
pi2_causal_upstream_000253,upstream,5b47f038a6c77f53c6678fae088e5ab5f3dd57da6e8289d100f2a30c2c2f95f5,f19f756f99801a78fb0d2e66b6886e06073bb3d59d4304289d652bb8e15450e8,dense_v1_train_x2.88_family3,d500114f81f2444dbbac699771e1ee7582cccfeb041c5bedf3f872964e361190,75d0353d6b4002ebee4b903b548115c44e2035e4d6341dca8580c19d0716cb09,dense_v1_train_x2.88_family3/variant_8,22,-0.059997142553329476,-26.20263422235241,503.55230878536173,21.647432508256454,-520.5366943076223,19.805156324763402,2.2364162063598636,-1.357182858344988,1.52983820438385,0.08624808490276337,0.5363827347755432,-4.5919071506956,-199.02956773477217,22.46394064239646,3.1938319206237793,0.015993446111679077,0.5219682455062866,36.9179511054843,-9.750258110959637,1.370832945189517,1,1,1,1,1,1,1
pi2_causal_upstream_000254,upstream,e72ba8df8e05db61b8a0b68abb82ab1e3a667e9054761d5dd9a8560e40ef6c07,e1032567d9f62053fb7f1fa9fc3e59111de5232c7c9e5020afbe2dfbd81c34f7,dense_v1_train_x2.88_family3,7f5c63caf2d0ac49b5f658d023ad8a59c531161f134442fa3c9d70208468e0d9,97e22a5c17983fff6aadeab21c5ddd7b0cdbe6a1a755c53d24265a10ab8c0f10,dense_v1_train_x2.88_family3/variant_8,23,-0.030114580690860752,-19.45467540730473,416.2348152660819,16.73448768355004,-282.3846089693392,16.29420481734469,2.269460487365723,-1.2641148868997107,1.6566821336746216,0.09551862627267838,0.5415506362915039,-3.096302549128612,-226.08420658438115,21.207139731337215,3.2266786098480225,0.017888877540826797,0.5349220633506775,37.568253416361216,-2.039720309295241,1.9143250689075602,1,1,1,1,1,1,1
pi2_causal_upstream_000255,upstream,a4232cb7f4da430961fc85e47ca84470b42c14ed0dfe4dcfda1d81b799d24d03,3de830a8e8f8b1e04bb884dd3893fa06ab66a296b66b4a6aa8cf2423565823c9,dense_v1_train_x2.88_family3,317c312d11518d2f1a8eb0b780771caaf7776918d75947309ac65ff91cdbd5aa,d47e36350607259aa836f1098b1d565f46b789b7b5cda6e48e930612206ace71,dense_v1_train_x2.88_family3/variant_8,25,-0.06429159998893738,-13.935801449438035,176.3799091262012,20.80507040056066,102.83686493627523,10.07824032157648,2.223153820037842,-1.11935552032488,1.8508738279342651,0.11645027250051498,0.5694278478622437,-1.2389925801806108,-188.16322853890213,19.852016539628345,3.2990896701812744,0.02230880968272686,0.5620200634002686,38.15932774185036,15.524149134319806,2.914231852549044,1,1,1,1,1,1,1
pi2_causal_upstream_000256,upstream,b9ef659a8569be217efb81aa519fd2066a56ebac08badfe00f6802fc833b0f65,6bfb8a7a4d0a9f08b88b3efbe469be200c93e4ce8061b220a4de119f7c69e7da,dense_v1_train_x2.88_family3,ec6378aaf9cd002a1e5a6931c5eee662f97a8cfbc2c449c2a53142887f1d106b,ba9870b2e833ab1811556e712a08a59842c4038ff9aeaa56ffef4f101385eadf,dense_v1_train_x2.88_family3/variant_8,26,-0.09543650507926942,-13.761078380279939,135.27531160668755,25.7475062745559,104.20497914778547,7.877625680954182,2.183490028381348,-1.0643972760549847,1.8605599403381348,0.12106122821569443,0.4898781478404999,-0.7321584995415202,-155.6589183543234,20.171056383306933,3.3368642330169678,0.024761708453297615,0.5750274062156677,38.44676600778659,16.628959553326048,3.3853144535511146,1,1,1,1,1,1,1
pi2_causal_upstream_000257,upstream,127ee12907491347563baa477dd44f7946a41eb6cf7f1e039e8057151d207fe8,f85ad59cc8daeea930b75f4a19367f2bad8aaa7e5f9a8db39dfa64c1509658db,dense_v1_train_x2.88_family3,86cba9cd15e73167c4f64f5c1c3735aa4825c5423abe8038f462dd0bc422efef,ddf0fd76866ac831db729213b116a84f2634dc429fd5aac0ddb1624d2c75a791,dense_v1_train_x2.88_family3/variant_8,27,-0.11150127530097963,-15.109986953617744,52.074974156821334,32.33202549295434,229.224727564753,6.233857298479708,2.163513469696045,-1.0218348118901885,1.9269661903381348,0.13079050183296204,0.4884921610355377,-0.641736773410042,-139.3224035955952,18.665585360040453,3.375546932220459,0.027379395440220833,0.5877910852432251,38.73345295291413,18.621969479548042,3.830068281565246,1,1,1,1,1,1,1
pi2_causal_upstream_000258,upstream,bdf9a212338ba6f7eee2e5731513cfeee5312bc11cfd5178e88efe5841d38593,aa165d143f86970a13237c7a7be3a6563a1ad2e51de4bfb5623882bd5384d48c,dense_v1_train_x2.88_family3,dc4aa9af075de4902d6bfb8c14a0f8902baf2714737e5ed8d76083d597938238,418c71c27c351707cd336fd9ff24967b93ca31cceae2ac611b831fa342696196,dense_v1_train_x2.88_family3/variant_8,29,-0.21482450962066652,-23.609018441654513,-177.37857840550544,50.761289722806936,430.26284902875085,5.434743108726605,2.039371376037598,-0.9805912474660946,2.010707378387451,0.14805780351161957,0.5688503384590149,-1.5222540787176737,-37.786276469762605,16.635130629241154,3.4554412364959717,0.03313937038183212,0.615087628364563,38.656070324712466,24.085528296647745,4.614756751402536,1,1,1,1,1,1,1
pi2_causal_upstream_000259,upstream,f259ef73bbc06556a2fa7069544eb5be2f729f2f71044599afaf3a27b566e64a,c30ea32519b18f13a049fa91e953e6a8019414cf1d2e308cc921c148ef359412,dense_v1_train_x2.88_family3,272d276e8a6273ad445e40d7e5da2a7fafde5a63c3f5240dcd57ad408c5d0a04,c00ca479648316b8f19bc208113ae0de366b48927de9d47c6ba2f3a5097dd4a6,dense_v1_train_x2.88_family3/variant_8,30,-0.2936968088150025,-32.56952824586861,-363.30237916085713,63.58530456877521,594.449613731672,7.272614297131071,1.9434443473815919,-0.9856944506705478,2.0733609199523926,0.16092528402805328,0.7899963855743408,-2.768705972523879,40.76033207968292,15.445958836248792,3.4967377185821533,0.03633565083146095,0.6329777240753174,38.51244510684544,23.44405229772578,4.942338886611896,1,1,1,1,1,1,1
pi2_causal_upstream_000260,upstream,2a352eb18f534db320463316cf9156992b571ca53d2dfa3c586e5fa46d4ff941,bcb7564dacd86226ffd6235bc13d345d94444efefe400412a46a25df9d15b012,dense_v1_train_x2.88_family3,3254ed4d9fd4d72a1b70e12efd90dc40c127112feb90660a5825ce9d87105470,1e7e5e179350f27916a87afa47c6f8eee388a546fe756e1ed9c1e3765ffa237d,dense_v1_train_x2.88_family3/variant_8,31,-0.29881000995635987,-43.07462556672585,-421.24336566369556,78.35643559238486,697.3500745593092,9.429336343588094,1.9458190345764161,-1.0165876987707876,2.1358425617218018,0.17276310920715332,0.9515358209609985,-4.263776325231725,38.801522618182474,12.755447430664159,3.539187431335449,0.03976690024137497,0.6542328000068665,37.77410165756706,29.42461886895501,5.216195466283381,1,1,1,1,1,1,1
pi2_causal_upstream_000261,upstream,4d99542a404a42d11aad90f494a6bf9ff886fad52f327ec622e74e3670ab602d,69aa409f4846cd5b4b44f7de447966103c3cdbc9e9c22a964af5b0a043f8deb4,dense_v1_train_x2.88_family3,f78adac7cd2fee07e7774bb0db0323ef0d4c9c1021696359a68a5c04e6111a28,fe8122618caba26a056d3da3c0926d9f2d2f2f6e709d17e3e229f82264e37341,dense_v1_train_x2.88_family3/variant_8,32,-0.16838267564773562,-51.36234295467347,-303.30536911406153,94.81023152935134,806.7564818166803,9.066409220166891,2.1149246406555178,-1.0785265775678388,2.2424557209014893,0.18700820207595825,1.0417174100875854,-5.568851732684149,-99.62686044147682,8.560899341538745,3.5834946632385254,0.04345671087503433,0.6768255233764648,37.178970199710925,22.689927696370088,5.442237590203064,1,1,1,1,1,1,1
pi2_causal_upstream_000262,upstream,b5545c93345bb982a2721e05a68a63ba01d64304498ec0822d63059c14ea73dd,d6b5f84560bb17e3f751592ee6cfed4c9afd91630382765711ebc96fabee7d44,dense_v1_train_x2.88_family3,50f5b1a13a3a71b857b685adef2720282dcdd33538491137c1f676a26ba40971,42ca44aca42cb782cfaa2b599fcaac2a4dbe435696d5aa863ba8015cb6bfd3cf,dense_v1_train_x2.88_family3/variant_8,33,-0.16688878297805787,-57.26866366207737,-218.58461789457212,109.52126371845407,643.8747203773385,7.499621583214546,2.1173692893981935,-1.1713332799362715,2.16721773147583,0.17704497277736664,0.6773367524147034,-6.696436990590977,-101.65212081341232,8.038716865339284,3.627451181411743,0.047105561941862106,0.6950679421424866,37.79940409334737,0.3785723327733746,5.644982021887999,1,1,1,1,1,1,1
pi2_causal_downstream_000263,downstream,440b82b8680de10e0463991da35409e431e7aadffd0b7cb228579245220c4981,e22454da3139b78832f0c3b94fd037a1a440db6ff8209791067753a090f4472c,dense_v1_train_x2.88_family3,30c141bc6c71c3d02341efcacf0ec0398b85559364a785bcbaff72a11b674297,0f667f465f8e4463e6e9a7089890ebb4653155e7ac6cc69185533dd427f5f1f5,dense_v1_train_x2.88_family3/variant_8,35,-0.2011755990982056,-64.89235005891635,-106.09604679309773,128.53346410339972,323.69228167325565,5.142965587696274,2.071937007904053,-1.4410459909218112,1.9999830722808838,0.1492777168750763,-0.2796388566493988,-8.906499229578573,-64.47900067072553,8.13949203767459,3.7100322246551514,0.053592488169670105,0.7040040493011475,39.28213912441417,0.657340927538318,6.0294961303175425,1,1,1,1,1,1,1
pi2_causal_downstream_000264,downstream,d61814c30cdf643b01aa886237d531b60988ddcab93ff66e38f3cad702007806,63cb4ea828981f050267981f8f2329c99fd12445bf5b635cbae4924c86004353,dense_v1_train_x2.88_family3,c822fe10f28aed483522a74fe40ff853ed01ca6cdc542bb543f30f3df6d3562f,310af782cd3cd6764c08e741dfecc30c2b2f631e3d5ad66a6fb1f0265651d145,dense_v1_train_x2.88_family3/variant_8,36,-0.2192172169685364,-67.1967329414736,-66.18453988761273,133.90976554630524,215.8746856998562,4.390614676990442,2.0583328247070316,-1.610702610330813,1.9462395906448364,0.13840417563915253,-0.704867422580719,-9.824675583287863,-53.34599722927984,8.043126606222172,3.7491753101348877,0.056452102959156036,0.6945451498031616,36.054441024570856,57.04731772164477,6.227732423156484,1,1,1,1,1,1,1
pi2_causal_downstream_000265,downstream,5b202fbd55ba68f9a1e5da2809ab3495071db55260395f7e638051a1831b7732,751b531847e4f8f82ad8c06462d851cded9dbc93edecb003e7f5ef9c1c16c536,dense_v1_train_x2.88_family3,608c43171b6539286875d6469a079d38bc908eb5ceadfb72250dd9b2192f94ab,ae07ed330c7c214cdbda940ab19e962b79f1afa02d092b0cc049fd3fea69dada,dense_v1_train_x2.88_family3/variant_8,37,-0.22897211313247684,-68.78776403692554,-36.051384514917274,137.4494291213943,139.22887098510105,3.801396749697474,2.0499421119689942,-1.7997976761201022,1.9103924036026,0.130116805434227,-1.0720301866531372,-10.521419765426279,-46.4701140937197,8.151126411152061,3.7874176502227783,0.0591176301240921,0.6771484017372131,35.47089698264164,25.80947828844272,6.416159779882968,1,1,1,1,1,1,1
pi2_causal_downstream_000266,downstream,95e0dfcc009c395a16183c3a2f8f77a67bda9e96fea3b287e2ed2ce92185a0bb,38e48bdc2c91c088504d0abdd98c72c1262343ba21c8a3095d8a9c106c10587f,dense_v1_train_x2.88_family3,aea3610ccd1018fb1c6def42047ff7a0af6709193900741748e0e06285c7a1d0,3aa23fd1bf78398a4da18bb32571753478885884778dbd45667dbd1749b19abb,dense_v1_train_x2.88_family3/variant_8,38,-0.2357948160171509,-69.86101215177715,-14.444550651087374,139.71157411412418,87.091919691751,3.314871116810657,2.0449303817749027,-2.002570281381505,1.8877735137939453,0.12415769696235657,-1.3873026371002197,-11.025475773342173,-42.380200233810655,8.143354509650232,3.825071096420288,0.061640575528144836,0.6529386639595032,34.54850384089352,24.831719633282468,6.603946943142507,1,1,1,1,1,1,1
pi2_causal_downstream_000267,downstream,9355eb3e58e1bb3c43cc8f453bfe40ac10158db3e8eb1d8e5e4e11813f49a784,934747e5fd8157aaabd3ed59d5935f2ad1d866292390076defac0e40dab6cd2e,dense_v1_train_x2.88_family3,b4ddf85e82e72b1fc3bbfa23b265b7fe2f6c3158619a4e9fe942e0bc5a44a80f,25da40f34f23582be83fa5dc4d4b7fdf939da800e04a21681692791b06543e79,dense_v1_train_x2.88_family3/variant_8,40,-0.24079200983047488,-70.8919335843422,14.907243033389669,141.9747572956079,31.262643265172954,2.40644539329706,2.04413143157959,-2.4353535154496475,1.8684343099594116,0.11751188337802887,-1.9104307889938354,-11.605352003687086,-41.68736633497207,8.059491739473524,3.8994884490966797,0.06642111390829086,0.5874626636505127,32.96438489688163,23.55793716439928,6.978910836113656,1,1,1,1,1,1,1
pi2_causal_downstream_000268,downstream,359b89488b0803a0e714efe94766d60c0bdf5b2e99ae8278c1f2cb9cfc8d64a8,e187a01cf1f464ce5b497f4b1e64f37ecef7df6574f062722d657d4c50318909,dense_v1_train_x2.88_family3,26b8eb4e0c7490d8b594424ed71d7a348659823648f06dcf1deed4eb5136c07c,f20371493ea9c8fd3340480a3e638f3d52612bc92d4ec500500a5ed2b6e4e8ee,dense_v1_train_x2.88_family3/variant_8,41,-0.24296035051345827,-71.06764020074077,23.33598162958325,142.48718540789895,17.879459614875955,1.951826708886381,2.0448998069763187,-2.660361324746946,1.8652279376983643,0.11594432592391968,-2.1372733116149902,-11.756721802299262,-42.31595547447751,7.997835621835819,3.9364936351776123,0.06873752176761627,0.5473980903625488,31.67049093598734,29.982618003388374,7.1689995896184975,1,1,1,1,1,1,1
pi2_causal_downstream_000269,downstream,9a212edcdcb6c7fde51a8c2934ca93a183b908e98c6cd7b6fe1e6b40c9160d97,b63bc824a74da9d86076863d17c376272985b6ff9311c377aee3abe8e7a09bf3,dense_v1_train_x2.88_family3,822cdf007afa415dad60467d702e3bfc0dcd7e58e6dd0953100541a9d13285ea,4c7e8354bb7c47e7176c7a17bfb47cbc704c6077af05a27bc6bffeb02fb4bdf8,dense_v1_train_x2.88_family3/variant_8,43,-0.2474277424812317,-71.03999159498056,33.338983206816394,142.96527132904316,4.9780514685354476,0.9979285474373084,2.046991176605225,-3.1211400705287113,1.8640296459197998,0.11472265422344208,-2.5565364360809326,-11.915456252384004,-44.000870935165864,7.902655228204398,4.0103960037231445,0.07331160455942154,0.45428434014320374,28.536890644791992,38.71976183872283,7.555892718023309,1,1,1,1,1,1,1
pi2_causal_downstream_000270,downstream,c71e3fa760bf55aba902693a6ba402e80dd9041c758064e18b06f776233fc775,4869d7d79de652e54a0ab352e0f3886386bda67c31e93bc2a3238d2e1b6ecee5,dense_v1_train_x2.88_family3,aeca748ed83f1cf30b0dd6d6b9641e5233a01b8d45f597600faca4f630858264,f592acf24a66278e5384c65445f3f224e099b60dca8dfe38e6d4dd30043381dc,dense_v1_train_x2.88_family3/variant_8,44,-0.2500722622871399,-70.90817577418848,36.43022437232661,143.06694552502796,2.1400709426849494,0.49745671003007963,2.048071575164795,-3.355533710176842,1.864612340927124,0.11468125879764557,-2.7570199966430664,-11.951453056857265,-44.882535658893204,7.861071328990068,4.047341346740723,0.07558933645486832,0.40157654881477356,26.49726467748466,44.60245692178766,7.753905618607177,1,1,1,1,1,1,1
pi2_causal_downstream_000271,downstream,ef9299cddf8cd5e839d6902bacc89ef78d906bcff12f85ac9b4ebdbc97e29382,a988c98537dd0a9b5c83c2f740108745991c7795a7dc993a1910ecbd8d4ae587,dense_v1_train_x2.88_family3,98400497e238bf61233c4f5e36882f2dc4ff249607fac3551798392bcdb9ee5c,51253b49ecc6b4888fd718233c85f61ec12e12b3462c444c53ef660a698fed37,dense_v1_train_x2.88_family3/variant_8,45,-0.2527297329902649,-70.72049583617488,38.95046172322377,143.12513873675647,0.4790173348314201,-0.020713462597736813,2.0492144584655763,-3.5921251063366744,1.8655563592910767,0.11485997587442398,-2.9545111656188965,-11.969246553418794,-45.81022219724809,7.829019812536137,4.084298610687256,0.07786892354488373,0.34488821029663086,24.2214934573606,49.41454717320967,7.9552608449611695,1,1,1,1,1,1,1
pi2_causal_upstream_000272,upstream,fbfa8b9d14849c4f7966cb531768d67da12a787869cefcd519143e0e54496b6e,92d817c1fbdb2c7dc9bdfb8fb00868c907a418cc0fd6c440b83f94615944d4f3,dense_v1_train_x2.88_family3,3cf038de6021b10984ceb75af8f839f5f1e0e7feb5deb651c069c0fb13cf0ca9,f7719d9b68de2a2c1004f14fce1c61b25badf7bea56d5d6635aff49aaea522c1,dense_v1_train_x2.88_family3/variant_13,7,1.1548899841308595,-67.35134110352601,317.51664319178354,139.11350909001953,-290.30366689683535,-0.23886659538514682,0.47277393817901614,-0.7145349000024876,1.0782127380371094,0.021981950849294662,0.00935642421245575,-0.9404938901006012,29.137470886058505,14.322789722527203,2.768869400024414,-0.002416769042611122,0.11795356124639511,2.8952322386906033,49.93557790876034,-0.8329679608995317,0,1,1,1,1,1,1
pi2_causal_upstream_000273,upstream,a467548478dcdeb1c265614abe40c22e587fa4807bde4feb8e7820c0e089c5ec,3cdef5fc87ec35201f920b3deaf4c66e0ec39fcd406f1ba0544392a5ecaf0717,dense_v1_train_x2.88_family3,a15b9e417c75385a7d09032def74fe4d18a1e8fb238bb2b10a8e9dff8cc1c957,97c516899b613f884a69de14bb51747db2008a107a88875d40de2e50e3715217,dense_v1_train_x2.88_family3/variant_13,8,0.8078738307952882,-57.28437651226299,608.2559941953957,131.24488527935472,-519.0949233361026,-0.04775346406787805,0.3570419836044312,-0.7753495493591687,0.43403857946395874,0.014279595576226711,0.061590392142534256,-3.656024812223521,17.102971266630348,6.064470322540961,2.7834510803222656,-0.0020927118603140116,0.119158536195755,-0.018543936916158174,49.456727006429084,-0.6661080589786639,0,1,1,1,1,1,1
pi2_causal_upstream_000274,upstream,33f861154eeb384a6404e1d92de55965fd7ba865173a437292ec2e06d40a93c0,7b5ab3b7a8d5a68960dd752c458268e1d8c3f8bf4c7776da462036b9ca78a4cc,dense_v1_train_x2.88_family3,a564019fed969f032923d3421bface524a8eb2708240b1c247f0b640afb9a554,aae2a1225b26b67cb5ba5374f6d31281dab7ab51b8ef3a60c88613461b889d52,dense_v1_train_x2.88_family3/variant_13,13,-1.2209590530395509,-42.98911842850646,-583.9194837675067,41.489236207528336,-255.24283056629918,34.52524141767337,-0.38879868507385257,-0.5437542905703823,1.5308865308761597,0.06800253689289093,3.099280834197998,-11.717467851365551,601.7604296532002,42.71692855989228,2.841844320297241,0.0006488566286861897,0.22422702610492706,-6.764556601617629,-30.242059323916724,0.9469596685902475,1,1,1,1,1,1,1
pi2_causal_upstream_000275,upstream,6c484bee81d813ab7c9e203f06d76990bc37bda5410053944571e8dbbe8a540c,f269f57ffc4f1c3640ec869e3b966367c4c0c08460b9c744f6b20cc5ccc0e239,dense_v1_train_x2.88_family3,39778cbc1f54a6b4da98b39430e53b045bbeb7f7a7155a8f19919c9fc66a79e3,307c980a923dc7103be391b01ea4a7feb9e0ca09be6bee5ab58155b4b542cafb,dense_v1_train_x2.88_family3/variant_13,14,-0.474635329246521,-52.701807937710086,-410.23916592961797,48.01427643108702,887.8612079461599,40.109201719973434,0.3703856468200684,-0.32979157608738896,2.168100118637085,0.0871584489941597,3.1806609630584717,-9.280953251767121,-19.652660393228597,22.884473682046853,2.8791182041168213,0.002188009675592184,0.2864589989185333,4.641535732091736,-21.32875637215117,1.626618664464139,1,1,1,1,1,1,1
pi2_causal_upstream_000276,upstream,531afaba7cc06e3425c197249d327a771cc19314016351c36fc9d2ffec67f0c3,98a0808e2a21a20037bcae4fbfbff18132d66e527afdec4cce5efdcf6f99664b,dense_v1_train_x2.88_family3,152689ea42e2f5ac01082ae27b36a3382719dbfdd1163d4d2d9c19597a80b55d,c0f6c634da884ec32f6fc44aa69cc88f62a2ae5cf27ce7fac96aaa81f2d8239b,dense_v1_train_x2.88_family3/variant_13,15,-0.0963781237602234,-58.58641205864793,-164.4585925715093,71.53442898899779,1200.8719480217294,35.40382709581722,0.7718264102935791,-0.2139802870493715,2.465736150741577,0.10318976640701294,3.3927881717681885,-4.398856122673421,-348.21481913337914,12.669196655598885,2.926711320877075,0.004153065383434296,0.353241890668869,22.38109557040608,232.48062410058472,1.9790178401325211,1,1,1,1,1,1,1
pi2_causal_upstream_000277,upstream,06adf96501e79c261b9a605eb1ef8c9b94904cd1892332ee3b5de78c524f9a7f,09322d140922fe78a45f2c3abec421fdc0e0a8cd02a9d47bbc3de7cb910defb8,dense_v1_train_x2.88_family3,f40b3f7a141567f26c7dc99775adab4281a709ae7affab635be08eabbcc8172a,8ca8fbb29bd48a549638346a645e60d58847d36ecef8612bf32ae3d3bbea8cef,dense_v1_train_x2.88_family3/variant_13,17,-0.5864399909973145,-62.42139252288084,-26.130374236028256,88.23339456622188,-166.6319997465424,32.633157863740905,0.2001771116256714,0.09883272182690023,1.4719493389129639,0.07122015953063965,1.6229095458984375,-3.4090020562667243,119.6792849766371,22.785837212695405,3.003702402114868,0.007634125184267759,0.45376989245414734,36.158188182968765,-25.44457030939291,2.8133795793304825,1,1,1,1,1,1,1
pi2_causal_upstream_000278,upstream,0e9d41fcdf31df333445c50d97be20f92bb092fdf1bbf05370be72afd3c57c19,4896eb497aaed19d8e65c6d83671d91b30fbd952f97aaeab8f97d30c297d4d3c,dense_v1_train_x2.88_family3,bee5abfb44fbf863388e39c1d5583fd618b4e40defbb5d875019b98a279ef1c9,5ccbf909c6b7370966fa11f3663dbd08dbaccdbce7b8b8be515132243c57c903,dense_v1_train_x2.88_family3/variant_13,18,-0.5932369422912598,-58.02714933921812,261.62938528934126,78.05787436338527,-732.5334171627987,34.05748499002144,0.19013450860977174,0.34376055653895976,1.0203006267547607,0.04979618266224861,0.6094034910202026,-4.159759801248423,127.91761326669636,26.5589583611628,3.0273284912109375,0.008801540359854698,0.47228628396987915,36.725886186023544,-7.384926035343785,3.384150785454715,1,1,1,1,1,1,1
pi2_causal_upstream_000279,upstream,f46dd606416cad105c5ad96f6f9964fdb7b7b2573857e251bb3858addc5022f4,2cfb35c6e787c1b1ff9ed3004f15962fa4fa722b84024f0a4b35279b3afc4b07,dense_v1_train_x2.88_family3,0869df95d4ece246333f3113b5513bb025665249a225a83f4a7fa596fa64b7ff,c1bf227e915cea059e3056a8c9dd8cdefdc683461a362520557accef62e75155,dense_v1_train_x2.88_family3/variant_13,21,-0.24382430553436282,-27.992068652814876,527.5635382842181,37.008116432717635,-444.80683528132255,28.43303928208526,0.6195053005218506,1.1614950194363558,1.374407410621643,0.058053791522979736,0.4582512080669403,-1.6335472087662712,-223.47529288748973,30.157382053681488,3.0946366786956787,0.011698718182742596,0.49676713347435,32.71194110515796,9.935467228040995,5.3275082460520675,1,1,1,1,1,1,1
pi2_causal_upstream_000280,upstream,c16d169f089021c96edaf5fc11a424fd6dc1af6aec0fd9d51adb823cdacdcd88,12e069e4dd4c1a41959d296d2f2265c2f95660e1e1ff30ed48ffd6ed283a29ae,dense_v1_train_x2.88_family3,89d0bab82203fb2a3909ca21eee0f3c26b9a96b9167a9acc49ccbaefb022982e,74427789bd864817442f109204a28deca60c06b38d621e31536a893c038380dc,dense_v1_train_x2.88_family3/variant_13,23,-0.17656203508377077,-11.455775129732038,416.66407899503884,29.291857066962887,-88.91263638861214,19.02253688340619,0.6891167068481446,1.647743617359794,1.6880601644515991,0.08293335884809494,0.4192160964012146,4.115175741441165,-280.5104050610877,30.08074391609936,3.1573264598846436,0.014562196098268032,0.5167860984802246,36.00569737955906,-7.10211564945706,6.401186858660955,1,1,1,1,1,1,1
pi2_causal_upstream_000281,upstream,5934d3efe6f8ddce9c3fe30cd9879eae0d21b8bf0df2282efeda2cc97e7561fc,686e0c6982cf3b397cc10284dce438a53cdb1f46d3553cc2c5e2ee7a1d59936a,dense_v1_train_x2.88_family3,2a431a31eb97f6d315fb32a5289cdb43e8f0841fc7d3a238b921b44d18102918,3351e860de60abc7a5b6e85fbb6f3f5ce3cbfb23171e9602b37218710c27ff20,dense_v1_train_x2.88_family3/variant_13,24,-0.19454033374786378,-7.250526695498152,300.3291278436068,32.37056825044072,86.79805763290038,14.78074799107965,0.6606292724609376,1.9016288180576082,1.8351538181304932,0.09657443314790726,0.4313136637210846,6.436748075705214,-257.198040518107,28.987794120586845,3.193974018096924,0.016431348398327827,0.527711033821106,36.824438985557656,7.43308228408696,6.898267764746102,1,1,1,1,1,1,1
pi2_causal_upstream_000282,upstream,168955b7bbc6f60922a6ad5376bb6c5cd2e687246c7a101401445ae6c2629d42,509a54cf1294540463009dcffdaa9c53ef91c0ad61ce065550bfeeb6b922d159,dense_v1_train_x2.88_family3,f2add53cc2e931c23a15d919a9df0363709bd7a458ed6000025c6650f09fa07e,fdcf794d0f2e4ef4c5063610404aa2dbb6f2730c4fa8f5dd2a8794e7c95d82f1,dense_v1_train_x2.88_family3/variant_13,25,-0.21837380647659305,-5.186090919804396,207.77163613649822,38.23205559613266,205.91736272024482,11.154556543504238,0.627001600265503,2.1575998250673156,1.9510622024536133,0.10778801888227463,0.427108496427536,8.034084289534722,-229.689426315124,27.068956633656605,3.2331464290618896,0.018538720905780792,0.538761556148529,37.49731165654688,15.137751672593845,7.365264562998547,1,1,1,1,1,1,1
pi2_causal_upstream_000283,upstream,aa27efecadf86a2e1f5d2af1e2be526f65fc8dfaa987ae5c875b825cc59db66b,c9329a3a613900b3320c238e28216834026c8461eae749804c4bf7c568a261ae,dense_v1_train_x2.88_family3,e08337e6e226f0ff196726851ca64779159fae201ce141bafb426d8839909b36,003bb54574cfa0f872777e5911485d499ff6ba6e48420062d4519099b401b7cf,dense_v1_train_x2.88_family3/variant_13,27,-0.25627812862396243,-6.745155449280208,32.367296589828285,57.47041378978121,495.3973361239333,5.569703866834294,0.5886256885528565,2.6273120070712257,2.2649497985839844,0.13417086005210876,0.5427156090736389,8.186210531597478,-198.24708760307718,19.747471956644837,3.319535732269287,0.023449627682566643,0.5630106925964355,37.28945192463046,32.52655952580006,8.150007683139533,1,1,1,1,1,1,1
pi2_causal_upstream_000284,upstream,eead4a5ee51c8f2b54aa4463a03d12b48160b4f8ec35b75a57d1f1e5f3c8c268,9e1db0e551312f5de2ac0586b1f2702d5b71c00519faca9ebfe65305aaf8f72f,dense_v1_train_x2.88_family3,97557f35e5e6d53a0cfccada99e19ac63b112422f41bd4470daffbd389100e96,4d90a6ae069096111b9c646812db8092dff5f246035c0edc7b8591d74cc296ea,dense_v1_train_x2.88_family3/variant_13,28,-0.30463447570800783,-11.450684931253086,-108.56438836668113,72.08773578347135,690.3341042438722,4.058465229485185,0.5360352659225465,2.824459966775809,2.496455192565918,0.1483118087053299,0.7691585421562195,7.238629359737636,-155.236908286265,16.45061819145514,3.368431806564331,0.026288075372576714,0.5796952843666077,36.90894550106364,33.982250422848196,8.481854555429681,1,1,1,1,1,1,1
pi2_causal_upstream_000285,upstream,235a85aa9c57575cc386ad97ff1e1de90cbcbd438365a412cde59414fb614e0b,cc39e90290fbcd6e99eea191d22cb97454702ba62ab89d3e47d823121b97f0b8,dense_v1_train_x2.88_family3,6bc610a56be20214c4bbebee05d96644169a90bea38925204076028aa5a381ee,a3eb7427d29b7f88419b91c7725244da756a6f707440d78690d8219898b2c435,dense_v1_train_x2.88_family3/variant_13,29,-0.4383977842330933,-20.77264066238144,-348.4609791510664,90.32716856572178,869.8979743535665,4.882997179638476,0.3813721799850464,3.009179392465739,2.714064121246338,0.15401917695999146,1.1024587154388428,6.236969311350572,-28.66999566378991,15.343956791183823,3.421719789505005,0.02927503176033497,0.6026789546012878,35.92391269443733,42.008337414638476,8.892050495955198,1,1,1,1,1,1,1
pi2_causal_upstream_000286,upstream,f5d2bb8a34b2f6b394d74f319002a3d5e50c1ac6fde962922ae34e4ca8b0ddcb,205068d7a139df72c333aed482f66ddffa6f41ca44d36a561f45e04ff9ca3aad,dense_v1_train_x2.88_family3,34ee1224ca650f30312dbf8519e4cf0d56789abb36ec300ae5b0902cbfca1321,f4f2e73f847c40682f03bab42ecde4c054c9be6aecf9fe8a08095f0d4cf66f30,dense_v1_train_x2.88_family3/variant_13,30,-0.7206333827972413,-33.282753674474264,-647.6494107617677,106.89873062435763,717.4711015144931,8.699634012012046,-0.7225703430175782,3.213561693478553,2.5026252269744873,0.12048539519309998,0.9708220362663269,6.20283629474708,245.0881424404311,17.698954790585443,3.4739859104156494,0.03194895386695862,0.6252299547195435,33.5311744847768,43.44885504644543,9.469966488240841,1,1,1,1,1,1,1
pi2_causal_upstream_000287,upstream,9d04785624c237c37e59fd9532ec00602b1b12f40d154806ff0c95e498dc855c,90772c94f0bad0eebb4ddc13f365c145795bc4c128ce6223a979125e5860d8c1,dense_v1_train_x2.88_family3,1a0c4f80fd48ddf82d81885f61cfeb5936a91f2c0110a53ea0a07609d3960ae5,3a610a0a27f55307f7af1b17cb4973c97490ca5d06961388c53c1a8636161f5b,dense_v1_train_x2.88_family3/variant_13,31,-0.6787539196014405,-44.02313735186011,-503.59083105228063,118.89205103327977,506.2666259615248,12.716591094527766,-0.6778864097595215,3.4413951548126342,2.310971736907959,0.10684451460838318,0.4961446225643158,5.354618580498468,208.4984092453226,16.115843299476133,3.5221686363220215,0.03426023945212364,0.6393557786941528,27.97208351930342,86.7654161588569,10.066469236727592,1,1,1,1,1,1,1
pi2_causal_upstream_000288,upstream,ca6d9300f3d180533a1ffd3b0b3f3e50827f9ec247c8e9c5b2b14dfb48b86aa8,604f8edbe551f67b29520d01dd98f084079b37813f244a3b8a108b54cbe92d03,dense_v1_train_x2.88_family3,dd21d920e7a01298c5fe9ba73e1c775b51b11d056d8950f02af0d7ef49772e6d,3aa142829b17d294e3efb1a70bf301aadcfc57eb0cafae9f31e6b16a925106ac,dense_v1_train_x2.88_family3/variant_13,32,-0.6278197765350343,-51.85554749954551,-371.21987980522255,127.25186106791688,349.78890452950026,15.850717400311872,-0.6267712211608887,3.679229227536339,2.1530864238739014,0.09824816137552261,0.026951100677251816,5.245077287250273,166.6667790697961,15.052770458940547,3.5668649673461914,0.0363629050552845,0.6438478827476501,23.645066472546546,77.64827474904877,10.600059011825309,1,1,1,1,1,1,1
pi2_causal_downstream_000289,downstream,e16220ac5014c3719ba9adda1f6915b081f11b06d512a4922514d52054cadded,d03583a28c5ea129fea850a636b60489f72858d8a227a30b7714563fba73c062,dense_v1_train_x2.88_family3,72661bd5429329dbd004e94ce57be110e8a8afc264542fcfe1b562dfdfc625a2,a94d14cd4803708b1920780692322d7d59d35e35ab9a76d2aeaa80a762cceb1e,dense_v1_train_x2.88_family3/variant_13,33,-0.5913957118988038,-57.4959245463312,-275.4378421305726,132.9588802704344,235.98238012578022,18.354433057576003,-0.5935499000549317,3.9386090724857974,2.0286471843719482,0.09242497384548187,-0.3927645981311798,5.631292041415937,139.47630141797393,14.290131173010787,3.6087398529052734,0.03832535073161125,0.6394544243812561,15.196622780597478,116.68615947855412,11.10626171726595,1,1,1,1,1,1,1
pi2_causal_downstream_000290,downstream,766543fb0976d3dcd3a737586cf1aafc1473ac0c0ee6f2098247b8badb0307ca,5e833f1f9e0d269a2c9792a455e805d6301648e75cf09a04a14ea553fe7e4759,dense_v1_train_x2.88_family3,790c03892569bbd2a89b2ead2dfe4c62aa97b9207dd744ee7972e481ce916e91,b2f0efde90e41008ae92c5b3c07907fc64be125502c6cc701012a82d87662766,dense_v1_train_x2.88_family3/variant_13,34,-0.563177309036255,-61.39155709039383,-198.12928050027278,136.74074235349212,155.03092344127575,20.34504682183583,-0.5650652027130127,4.236568078756433,1.9377068281173706,0.09007259458303452,-0.7639261484146118,6.520824289293486,116.14177974132576,14.425641272370193,3.648467540740967,0.040216512978076935,0.6271101236343384,-7.728832890243098,-93.73839043346875,11.623852136623759,1,1,1,1,1,1,1
pi2_causal_downstream_000291,downstream,27221478813320feb920b35cb35e6b8967decdaf9c2f200c366356651f2d300c,2b9806af72820906443fa827fcaef56a988e809003f9eb366a6ce7527c6c9092,dense_v1_train_x2.88_family3,d5fa6b348c8cfc16371b467bb2db741a3c2a77c4d2de767d7836623b7c4f2c79,1d585bf7d4f5be5d666dba1b201bb06b5c9360956ccd703069000a62ee86cbb7,dense_v1_train_x2.88_family3/variant_13,35,-0.5500021743774415,-64.06830139593265,-145.79867968357456,139.18982962380525,99.89284166813546,22.005958851410128,-0.5472216033935547,4.543920481794083,1.874648094177246,0.08843641728162766,-1.082432508468628,7.183074308576045,101.54254408855782,13.833638041153923,3.6866648197174072,0.04206647351384163,0.6079228520393372,-19.75093144745945,11.677329390934327,12.091886471010206,1,1,1,1,1,1,1
pi2_causal_downstream_000292,downstream,0783c8fb6760c7eb07f0e1b63d4d1b89c3d0ca82529dbbd9fc78f4d2da4041a7,d64d2423ceeb7df307ddf0b2e73a8b6cc119a31820ccccf7eca9d373994ae51f,dense_v1_train_x2.88_family3,1a4cf20ff5d94d1e77feef64668522c9c562f4977791d35fc08a137ee5a72a3e,e57e93f0e0551f1e0df0c057549bf2121a16a0f988401b38931b9c04bf92ed7c,dense_v1_train_x2.88_family3/variant_13,37,-0.5456375217437744,-66.92059522351916,-78.12636750038214,141.69536157741936,39.83226305073451,24.582869561258406,-0.5209945344924928,5.191666208945267,1.8074277639389038,0.08750379830598831,-1.6146172285079956,8.166145143363272,80.07295775345744,13.165116200666,3.7603161334991455,0.04571858420968056,0.5522555708885193,-31.78614311410858,77.7821737775377,12.950076123232048,1,1,1,1,1,1,1
pi2_causal_downstream_000293,downstream,f0494fe7cc1074f4a31d6f2815dc9b762626ef9ed0b56b159ec36dc12856392f,461e15349f5018943096432910e673fbc7a5953620b93eb985c92b1feaebb862,dense_v1_train_x2.88_family3,63dc44464add8173f4dcd839bc1f77bc7b396c725a25d48a5d34e27da07ed78a,32f6f3b23a9e3a6b561b0d684c6a47061646849a0cdf9bd85f0a234ea7fceea2,dense_v1_train_x2.88_family3/variant_13,38,-0.5455949306488037,-67.57649828951547,-58.34569570172917,142.28185626107003,25.076269433872895,25.626867005945453,-0.5124044847488404,5.529908371570746,1.7920966148376465,0.08757247030735016,-1.845353364944458,8.521976654779781,73.03425656846254,12.994294023297627,3.7963929176330566,0.04753851890563965,0.5169844627380371,-34.71000366381847,63.394530555067576,13.356306277566045,1,1,1,1,1,1,1
pi2_causal_downstream_000294,downstream,287984561238b7e20c2407e8ba8c77d29cb924a810055401bdf757a3fb1d8939,a4f71f362d403b5754175a043b380fbd8ff4b1c5aa71a3590f24db2ec55c5f1c,dense_v1_train_x2.88_family3,45a552746152461608c9b39ab0225f3bbb466cb76a0abeb19e0e00bcbdca2de5,81f70a818f1e259445b08ed5ca038721ab9251e405c7552c0705f3e676eec903,dense_v1_train_x2.88_family3/variant_13,39,-0.5290937185287476,-67.40454144697124,-18.99640557249002,142.60872179399016,15.628326594635427,26.24799917773201,-0.48648867130279544,5.85628077434651,1.7854403257369995,0.08958805352449417,-2.081172227859497,8.764280176906922,51.8145048928229,12.639987351613325,3.8322370052337646,0.04939545318484306,0.4768444299697876,-36.05841960976239,35.60284599212253,13.711908321714585,1,1,1,1,1,1,1
pi2_causal_downstream_000295,downstream,80ba5d05fb7da57a323705a1fc3a0a94a2e1478ca06888ff4c5ee8ca2e6c3941,cdc02d81dd1f0ea094d26590d2083df61adbc5aa3af74b524cb578e7dc7c0768,dense_v1_train_x2.88_family3,cb9351c063ad143aa3bbdcc8802a9327293d6506ce045981ed6543621b6f6b5d,f68b0fc91b7c0ee0720830b904c8fc2525d76efb5a1601697c599879ab9da1ff,dense_v1_train_x2.88_family3/variant_13,41,-0.5058160495758057,-63.19067672909938,70.86323995963897,141.82309977527694,-71.40063924353558,25.55624772058075,-0.4515626049041748,6.405455178483393,1.6644233465194702,0.08552757650613785,-2.6688284873962402,9.470883737112251,23.222815640319897,11.732098970341365,3.9022672176361084,0.05323995649814606,0.3800191879272461,-37.08307434376395,15.292072966701113,14.15452880582397,1,1,1,1,1,1,1
pi2_causal_downstream_000296,downstream,7d2bfe5dbe74dc644b5d5d57fc14d622388fbbcc7232a88a8e5b5a39066c4543,582addbe8cd06335e94330128c06040a48ea64bbd4d49fc73fb0708d9333a7b2,dense_v1_train_x2.88_family3,bd8129e1cd1c3824dab519a96ff44c1d8066bfc0a494cd2edbad23d2f6afbee8,aad2cb81016c0a188c6aa375dcbdee66b703ddeb1ab7ecf1919c6e5e50cc7c8d,dense_v1_train_x2.88_family3/variant_13,42,1.6783433532714844,-58.600495908716496,308.21206773077193,140.38716178530848,229.57118208021274,23.935408103388784,-0.17131516933441163,6.776121098193393,2.0481178760528564,0.049454763531684875,-1.2007883787155151,9.589374712607277,-206.14868756705482,18.026911446225483,3.9357616901397705,0.055419594049453735,0.32655978202819824,-48.493991352348274,-2361.5836951201045,14.354116962692226,1,1,1,1,1,1,1
pi2_causal_upstream_000297,upstream,bd29c8fbf969e0df57895fa209e88901bfe4f3d0ee698cc7816c351ca83cd424,68b80397983358432c318f6c72aeaca88addc07a50af3966fd6976ad47d5e454,dense_v1_train_x2.88_family4,7fa8d5c7bce066fb569bb6b960a9da7e18068885af5a794b297b2e3c4d81ded6,dc3f8f998b8c1b9a31ccfa1a6166d6235bebe375a45ebc1e7b0178694c3d81e4,dense_v1_train_x2.88_family4/variant_4,7,1.8574905776977542,-71.29449810383358,0.5127024937966007,139.5243176478391,-248.17746432278454,0.014925918658307778,0.07301433801651001,-0.6743331625525254,1.8988113403320312,0.02421707473695278,0.06729709357023239,1.4382698592397853,23.10226280146917,22.82875470634518,2.777003288269043,-0.002347920322790742,0.11875824630260468,2.8594166476737604,65.30786461707407,-0.7442120495585953,1,1,1,1,1,1,1
pi2_causal_upstream_000298,upstream,a3bbfae85ac5e8465a162196742ff409f0264356da048e8924b7910313b7f8fd,9092946467e21a28709cb3dcc88e0b6acd79168c9b903879d2667e43e3e1730c,dense_v1_train_x2.88_family4,85048565f08b4a4cab1b08e8439a6fd0fab638397f3cb21bcdfd3422a7c7b2da,cc5f754b7d032582ebfa34d86ec99ff5ef72d21e94600194678acfd2965d7313,dense_v1_train_x2.88_family4/variant_4,9,1.3479636955261232,-65.67417449245103,300.20992738221173,122.36532516963632,-603.8769686732038,0.02550078819367975,0.4701779174804688,-0.2493750009718179,1.382056474685669,0.061617717146873474,0.14838185906410217,4.495147275818614,50.142430187774174,29.373590525665847,2.852388620376587,0.0011746588861569762,0.11831098794937134,2.4688096549849554,77.22181822784069,1.4461403477712336,1,1,1,1,1,1,1
pi2_causal_upstream_000299,upstream,254be01d7fb369951d1b634096bd63a0a801739ac795d854d18c92caa7282315,21673bfee2dd71cc0129e34356d553a442c8dd00669063ac6c307e515908a506,dense_v1_train_x2.88_family4,f85ffea8cab0fcbd34983fe2a4e355f6e60045dd55a44f5aab254f7c54bb9c2e,9abc88cb31c412ac80396c02954ed74a605a774f6a791a5da40161863728a419,dense_v1_train_x2.88_family4/variant_4,11,0.858722324371338,-43.52524388212286,606.5881166415919,85.77770250298134,-1242.4745756147636,0.4940430506477669,1.1215439605712891,-0.2825626905760792,0.9471956491470337,-0.008306101895868778,0.1405581384897232,-3.805679806467201,44.88275764004123,-11.928212484432649,2.8919289112091064,0.0017561322310939431,0.11974633485078812,-6.126006911868191,79.97051174609642,1.52493836748502,1,1,1,1,1,1,1
pi2_causal_upstream_000300,upstream,24af754d70c05df1b3a17175670e731135ca48db9b37b8c04c5885ff359d103b,2d3e13bdd953c5624826d8cfbf4aac34ee391cb1c536ecfa725ff93640920ff6,dense_v1_train_x2.88_family4,7a4d32b6e19b7c1269198d310f5c437bf1c54ca5743aa64a3c0c3b232d31d921,accc9b13932cb3bd38885cbbd8a612d4cfa2c463f24e55cda032521ee4709480,dense_v1_train_x2.88_family4/variant_4,13,-0.34484567642211916,-35.51369836307553,-336.5515607859087,29.529667178389808,-1092.53738869043,16.035054879551332,0.3307885789871216,-0.3797603355249893,1.118587613105774,0.025524927303195,2.660229206085205,-4.506987835631654,692.1555790917312,12.450453017240056,2.932159900665283,0.00210760161280632,0.1684764325618744,-5.833626577180633,-11.725566748173895,1.4854882241609861,1,1,1,1,1,1,1
pi2_causal_upstream_000301,upstream,4890f5ee882c5a6987b61c72c6129401890d88c155b9cbf1a8e82d1ceef3ddf3,f5ca33c540177f0be96f5dc17fb59635ee8998a09f96b6b35248952f86710386,dense_v1_train_x2.88_family4,8465ca39bc585e8912e9855b7b469929883f0c3b6edb206838bff1fd418fa1ed,792041dcdf4139d24904c5c248d5da10a41b8a39aeb317d8237e9668568e538e,dense_v1_train_x2.88_family4/variant_4,15,0.611716537475586,-54.705047779761465,-227.16016628433326,35.45043715098287,588.4215619777856,27.886815854108,1.8486338996887208,-0.478280101328045,1.8690745830535889,0.05463483929634094,2.579024076461792,4.689901582265065,-101.60400896089875,-12.06967338610643,2.9981606006622314,0.004027168266475201,0.2859905958175659,10.8180395131543,201.27839385862055,1.1937401151027787,1,1,1,1,1,1,1
pi2_causal_upstream_000302,upstream,75cbdfb89ca3d25f867c93960eb6ee3a672f635c8ef4469a721d549db7da4ddc,50bde74e80ec504010fcb384880ac1cb17dd31386c7b5b654fcaba418247bb5a,dense_v1_train_x2.88_family4,f25c5359a0612a1be59568de65bb4b7d415a7cee56f65207e343e0d4574d6091,54f01c19f5b3d31d71a1bac3d88d6fd537afb91938edf770c61c18a2f9a76619,dense_v1_train_x2.88_family4/variant_4,16,1.0371135902404787,-59.45822423449753,-112.43846483372319,57.45342027912622,1237.2006860282734,21.581530655956232,2.310568771362305,-0.4873269366897535,2.1044819355010986,0.057931654155254364,2.995058059692383,5.719235422734905,-479.6962065429347,-19.060175633675843,3.038914203643799,0.005230422597378492,0.3434523344039917,24.94617140565708,49.092015395317915,0.8212222390377435,1,1,1,1,1,1,1
pi2_causal_upstream_000303,upstream,48b4edc3d501d3681e74df493a65f857479176fee75951e83b1564a7be8bf621,2bc6be14430c83e85d0a29573c79849aece17df4f90fb4dcd9d03594fe64b855,dense_v1_train_x2.88_family4,47a86926f4bfdfca1f6769504bd28badf94646873ed73d9c88e0270b10021638,f332c6bb0da131541229ba31f0b7d9e77684c05bc14882689ca578e4349df6ff,dense_v1_train_x2.88_family4/variant_4,17,0.6295366382598877,-61.73451454899851,-113.42058456466849,71.7565672313741,354.4069320311293,16.446949550408533,1.8539991760253909,-0.5012333328191949,1.798903465270996,0.04719051346182823,2.28503155708313,1.3792833850722033,-105.97594474673222,-8.511268625708492,3.0772793292999268,0.006260420195758343,0.3963218033313751,32.63849608101281,-123.65818435687135,0.5583291257861233,1,1,1,1,1,1,1
pi2_causal_upstream_000304,upstream,eb65eba9725cbbc0a62d80064cf2e794f062c60072906f99161a81c12797b58c,52185bf9ceffa87b36f0f7681082e4dd62946126bc74255228e0f86482ab295f,dense_v1_train_x2.88_family4,88abc07c4f2c439ba8696d38a942f7154a37d8080add0fa1dd8f31c90c1482ba,992ce7fed977407eeb5174450fa1200728a6c38c0c7cb9ceb5a96cb154ef767e,dense_v1_train_x2.88_family4/variant_4,19,0.44045280456542973,-64.34298428359389,5.260128035973219,70.36474543325475,-308.09606379790847,17.287055859735784,1.6238640022277833,-0.5299712841823083,1.6337707042694092,0.04135338217020035,1.1021662950515747,0.9563198652943439,82.40760520422701,-4.17311025975486,3.1448419094085693,0.008006212301552296,0.46196213364601135,32.91302528941772,34.75696804455148,0.3087062549363322,1,1,1,1,1,1,1
pi2_causal_upstream_000305,upstream,8bd45aa1f1687c299bc9618603121fe4c6feb960b79aaa4cd9243b91bf21ae45,dc57d3803bcfd03e248f05631a48ff0b1e22dc38c55a56a7ac7f2985b3747160,dense_v1_train_x2.88_family4,a330d02de40529414b2fe99c3ee2d4f7e53f062f9a094b4b22e8f794877ef785,2abdd8cef0c87b5801e41e301a9eb49bf23e6f0f2e18706f2a38f20ac26c5cbe,dense_v1_train_x2.88_family4/variant_4,20,0.6820425128936768,-58.59885666331569,338.9972329616368,62.21079047001267,-380.0951642165205,15.304317623305442,1.9114008903503419,-0.5256971774324325,1.706061840057373,0.039099812507629395,0.5182971954345703,2.263970360785569,-152.9402298570915,-7.855041979500239,3.1784844398498535,0.008782519027590752,0.4742739796638489,33.62133298182096,-4.430586620236361,0.18479438919180932,1,1,1,1,1,1,1
pi2_causal_upstream_000306,upstream,451fa0f54b25c7657e312c4c472f4cd95eb479b928669630df8dff055db72c1b,0eac52159eb83f0d933f411a3fb47c3565ecda317f6917a93d81cecda6a3ecd9,dense_v1_train_x2.88_family4,0b8826daf994b894ef83db99baad1ce8ec91d5d64438d6ea472b09c977bcac3e,d30f7bbc6cee449b5a7c3c04182531eae825cbf7e74182ee58dc8746d4779877,dense_v1_train_x2.88_family4/variant_4,22,0.6375416946411133,-41.63197008570868,396.34899270515655,38.255244088364854,-597.7545510257444,10.117801583308713,1.8582716369628909,-0.5002270152978031,1.6146199703216553,0.0407002717256546,0.1854369044303894,1.9296183002048701,-109.50695447214288,-7.618394707779515,3.24421763420105,0.01032664068043232,0.4820283353328705,33.544360164969504,-14.835399688604891,-0.07036423810583335,1,1,1,1,1,1,1
pi2_causal_upstream_000307,upstream,f23ac797b437b1d4684108974c83650c9eb2b5fd614935c5344cd47f7c39da9a,5f4f0e81790ea92b73f1ceb916cea962eed40a61434fd1ffe18dcba52eb54ea7,dense_v1_train_x2.88_family4,f55de493300bf3efea23a77e06f814855dbcf4143ca2dd0df83d3b5388df9b61,b8ed8b272f8353d54476df1aaf769e2a23312c428d61f5be0e11c0905205a396,dense_v1_train_x2.88_family4/variant_4,23,0.6445286369323731,-33.43023453412776,402.665578970341,25.478103123123088,-597.0628441081188,8.041094016344855,1.8666090774536135,-0.4849867173923549,1.5912550687789917,0.04288291186094284,0.15904347598552704,1.9787950218987274,-116.34133054811686,-8.514652984442234,3.2759439945220947,0.01115590799599886,0.48499423265457153,32.86597553132009,9.410883086574627,-0.20444851933982175,1,1,1,1,1,1,1
pi2_causal_upstream_000308,upstream,cf8fa98536308c12c5efaddcfac4870fc15aaacfe4e0a098e30a0c4cc7452b98,e2b89d74af665a002fdf0c685e8e1381bf5e284439de8fbeacb60340a892e843,dense_v1_train_x2.88_family4,7b069fa74b0e5d5aee227bc4545b0e80a0ae3f84351e8be2cd7881f759a0645e,b7630cc01cb6edff2ffd34a5f902e750b26ae717bbf9e58a9a38f8de208571e2,dense_v1_train_x2.88_family4/variant_4,25,0.6893339347839356,-24.014974150068806,271.3256311181181,13.30438375784256,-231.55379475097067,4.024248806205384,1.9208436965942384,-0.4400844499402091,1.6800181865692139,0.04733821749687195,0.14695656299591064,2.316075099199246,-160.72762905814653,-12.416240599687463,3.3414719104766846,0.01299350056797266,0.495502769947052,32.81907603738419,5.935385296756421,-0.5750676331808346,1,1,1,1,1,1,1
pi2_causal_upstream_000309,upstream,12ecf93afb1672ad8c810b668db470a8993f89392395f90d64de14eb785edfd1,69c54e0f5885782344520f63895ef4e3626d210bfd84cdf17d541b4f96604dc0,dense_v1_train_x2.88_family4,edb0afe3aa7b0df8ddd10e522f48c8f511e8164cc06f12bb54503f008307541e,241cd90cb7c1f856659f3e88caa91e01b4a662a6768b15d9bd2a19887402542d,dense_v1_train_x2.88_family4/variant_4,26,0.6854644203186036,-22.80576428959892,140.54045855104025,14.408664837188127,6.520515650120366,1.911158434148732,1.9099362373352053,-0.4075809693908199,1.7280157804489136,0.048412732779979706,0.18139895796775818,2.2483121521133147,-151.88314880000533,-13.701717206203357,3.375854969024658,0.01396703440696001,0.5011721849441528,33.76237638818173,-18.24473300904636,-0.8201886856097984,1,1,1,1,1,1,1
pi2_causal_upstream_000310,upstream,4c8db76fd6db6aba8b5f4dc437fd9013c8e507820f4c1fa246f1a3cfd0f45455,e224af630e9b17d1061bac9530e4ffb2e40243d4da7c1662d817a4a2f4ece4fd,dense_v1_train_x2.88_family4,9b58a01ecf1b8618906e1393de8aa61250fe4986a2501939b27342ad380408ad,bfd7fdb8e89f017b52b934c7c74e62a33aeaac8ad7c35466dd7d4dde0652cc68,dense_v1_train_x2.88_family4/variant_4,28,0.6360321140289307,-26.523890462416663,-24.170673434841124,25.32101389485467,189.32074069754418,-0.9267873969604143,1.839813270568848,-0.3314057030550476,1.7155367136001587,0.048692211508750916,0.1496371328830719,1.8629347364512125,-94.4816379585712,-13.173466106926341,3.445143938064575,0.015939222648739815,0.5135174989700317,34.92250792437049,-12.09724942110671,-1.3379063394932327,1,1,1,1,1,1,1
pi2_causal_upstream_000311,upstream,89534b894f2d1f659580999fa20fb98547f7e56abd0debd6aee630ef42ada0ce,90fd045df221d14578578f26c6203471074153fd0dcb7955e3ab273ab0ae6138,dense_v1_train_x2.88_family4,183d931a9b281029f57e3a20a3124cd4c15c81447f9828291d2842a8ac4e0668,41764becbc161cb37fe6352e18a472b948060ec890e0d07dbffcdee80ffaeed7,dense_v1_train_x2.88_family4/variant_4,29,0.6065399837493897,-31.35963536648172,-133.79843346283403,33.63227494487133,323.3279593829272,-1.1479986182812547,1.8007767295837405,-0.2929813739060433,1.7016950845718384,0.048837944865226746,0.19075897336006165,1.8554257972324297,-62.56258619340335,-12.487324085927076,3.479051113128662,0.0169354397803545,0.5205576419830322,35.25307883491535,-7.870703603267079,-1.579278992691116,1,1,1,1,1,1,1
pi2_causal_upstream_000312,upstream,e847ff165ebbe912be286862ee707f5b2efa28e239769164b95859758ca8edcc,165b52bede9dd4e2a46031a096a63424e3a8fe7bf4c6f470f0abe20101c168cc,dense_v1_train_x2.88_family4,8a4a78926f658b7574879463e8bd3d989566d0da0ac32a0f9da65ae1f9272a68,523e68187f96611cf2daa9dbac3c099e026fc0a86f93760d1a1916d65258bad8,dense_v1_train_x2.88_family4/variant_4,31,0.596153497695923,-48.65527943940896,-337.8325764251229,58.603576324032176,675.0601073728094,0.8551395639662733,1.7916104316711428,-0.2266111045515871,1.6317116022109985,0.04997563362121582,0.5051484107971191,2.1515672182751384,-55.15378096294755,-11.219499249547432,3.543914794921875,0.018995726481080055,0.5429130792617798,34.15165277464285,19.27605230013056,-1.9859028166838055,1,1,1,1,1,1,1
pi2_causal_upstream_000313,upstream,bbd65bfdeeb5ea435931f495e88a8b4205b491178908190b7105b9f385f1a533,6d6f6bff30d87a5f1cf4ffd823659441934ec5456cb10ef4a9c98c250f1aafe8,dense_v1_train_x2.88_family4,01e264610021402285bda4ae4cbb1993986fb6be26c56f06ca65bcf6dce98061,5f5fc85c63079ddb53b866d25c86d5b8b9ee9e44caeb5a18f661b6c8d2b0b606,dense_v1_train_x2.88_family4/variant_4,32,0.7525036048889161,-55.41797268004364,-242.35541107426567,75.91632319064112,844.7477425087188,-1.9108742520539643,1.9817082405090334,-0.18791149144123415,1.6254578828811646,0.04721673205494881,0.6637688875198364,1.6737109622417676,-210.7735589182322,-12.704326879821199,3.5763487815856934,0.019977960735559464,0.5574259161949158,31.725511524846375,45.58407804892355,-2.21162712199956,1,1,1,1,1,1,1
pi2_causal_upstream_000314,upstream,3feca84680bef28fe8bd53588a8c3cbf4f410b403708382db9cfb276f59a7719,f28f9d0df7ba079beb6f0d74546d2090bb5db920e2e971c47444e42e3c688b84,dense_v1_train_x2.88_family4,fc7d0aae7a5ff2258d250cbc9f580fcc2b68dcb93c623f18d70200cdc3e52d9f,f91dc1b97c5385235987451e7e3f0b4370a95db576b8da694e886ab92d19f59f,dense_v1_train_x2.88_family4/variant_4,34,0.7788706970214845,-63.949278519456016,-128.6134182978239,109.41886552241724,653.8432995087021,-11.458649081831698,2.015076427459717,-0.12403686350706322,1.5404340028762817,0.04619470238685608,0.3343522846698761,-0.3965496574731126,-238.05927672784102,-9.307284484791166,3.6384429931640625,0.02187531255185604,0.5849292874336243,31.159203465287696,12.641012733762473,-2.6323667691372927,1,1,1,1,1,1,1
pi2_causal_downstream_000315,downstream,4037d5ecbdfe2feb1930ab5a6932e416a5d542cc32a1cc097ae7f70cce8a01b9,aa14ca61fa6eb2696201004abebf20e4511d4a93891699f3dafe142668ca3e5f,dense_v1_train_x2.88_family4,c4558f49826ed0a8a92693b08724f15ab9c55adb6a0305358759700dada9b20d,6c585bede9deeabbc6c972bfd664d2db952d5451f866a1d8a5f9a12476cdeed6,dense_v1_train_x2.88_family4/variant_4,35,0.742954387664795,-66.65398561945688,-87.65625724173414,120.59521334433582,468.2939433840288,-15.452457824528514,1.9735235404968263,-0.09836855930043911,1.5562893152236938,0.045530468225479126,-0.1384042501449585,-0.5251731919214275,-204.04162884961923,-7.876181414981429,3.6689534187316895,0.02281787618994713,0.5872624516487122,29.06525529596396,34.39089722579547,-2.7861020588952385,1,1,1,1,1,1,1
pi2_causal_downstream_000316,downstream,4920ff7cf86932234efbd25913e055b3ce47d8bba99e6676b303b8f471daf98d,8eae8baf79848cea5acae64243452f8faa20db99467e21de6afc1e25bca5b043,dense_v1_train_x2.88_family4,c5e9beaa6cc34b031aba3614fc0bc317f40c6c46217b91ab4a4acf0ea6905ae5,bdf887d235f47f1237784226135a5f033309007d63e9297123b10d2d3e103196,dense_v1_train_x2.88_family4/variant_4,36,0.5970383644104005,-68.38401789470774,-42.53191922584415,125.51624169792494,28.583757695329325,-17.898564356026075,1.8137507247924807,-0.06578479419513937,1.6982309818267822,0.042337458580732346,-1.2067643404006958,0.6459511068496456,-73.25907224499352,-5.536115062879102,3.7010507583618164,0.02372441254556179,0.5740429759025574,23.7488494894376,90.88841204001089,-2.8966444860385034,1,1,1,1,1,1,1
pi2_causal_downstream_000317,downstream,03ccb3f6d53d053de2452b5486a8cb8da37228b86d03370c22a79d17f1651d01,de574cb68ce27d6ed8033fce9fe60371317c244434cca5856280f806b9952cbb,dense_v1_train_x2.88_family4,c01b9160ea0109367749d2a824e6cbe26eedea97b1c981ce32ceca95e2a2341e,a23a2983fdbbdaf7512b175385c2fe4b90b10f9159bd85c201d008a5450ddce4,dense_v1_train_x2.88_family4/variant_4,37,0.4196497249603272,-69.45024457509258,-14.587339170781075,121.7772732028549,-409.51642263240393,-17.50074696007707,1.6230443572998048,-0.01419348824323348,1.8733175992965698,0.038623835891485214,-2.2601561546325684,2.012503499556621,82.84191644298062,-2.734080755413322,3.736313819885254,0.024561217054724693,0.5396081805229187,22.871057482969654,32.005006280777884,-2.9738558242975044,1,1,1,1,1,1,1
pi2_causal_downstream_000318,downstream,f1eeacf4187f5fa53d1801977a5cfbf003ab80c6df1b105e9b20584fa064f06b,db4255eb503aebf53aac9e560a9b843967526ab65b283c7c3b43e59cee86905a,dense_v1_train_x2.88_family4,813700c59edd3e8d3e54693d400094189b8101fe63e14ae2d994dd75cadfcf4b,3766994ec5dfac1194a14a5171a9d865a31864741d647753e3f9bdb4e864c535,dense_v1_train_x2.88_family4/variant_4,38,0.18603092670440677,-69.82757154560076,17.08828635991482,108.6244325596747,-921.0600800674373,-13.571944658904624,1.3697739410400391,0.03695536759243164,2.041855812072754,0.03524482622742653,-3.263396739959717,2.3997690356374086,290.13905933783803,1.0935788132463913,3.7752373218536377,0.02531629055738449,0.4843002259731293,22.865101558013404,7.708885322772075,-2.987499528474796,1,1,1,1,1,1,1
pi2_causal_downstream_000319,downstream,7048783f2147c3ba04dd22dcf534e8b6fb136d55c1bfbd149afe3d756f0f78af,ea9b58ba82ee8c82ac82adfb01f229f6f8686fdf269ee286ee2fa1ea6a420001,dense_v1_train_x2.88_family4,9c8e08f202df4b2af13aeec62b4f08569879365e7d1d5345252a2384cac0ff23,abd2c2c6de53d17d4e716bf7dad5fb6256a9f58320c4e84572b8e6fdda248ef2,dense_v1_train_x2.88_family4/variant_4,40,0.5044868469238282,-69.92178717501193,24.963108567251417,88.41337688104089,-186.82574089563025,-7.566843375662095,1.7221420860290528,0.1160601314386084,1.7304621934890747,0.04280836507678032,-2.3416748046875,2.186084859906267,1.7180602342963067,-4.880130034612737,3.848381519317627,0.02696371078491211,0.3784322142601013,18.98443566596957,64.98532259389857,-3.0381655384215773,1,1,1,1,1,1,1
pi2_causal_downstream_000320,downstream,25b52a8ac825887e98b9d9370678af0ecdfc013023dc5446a29cac43b7170efe,25be79fdac18c44ae7c4af5280a047d0ff016ca8f5dd1d021b1896e1557f3562,dense_v1_train_x2.88_family4,b75a83bfbdff5c03e9c04f63dc465193620cbf3060977ce8c17788ce075f33ee,121f8f5a57af7856a079776cb93fde3080ae579d79f02c9c3d1ca191e8624c98,dense_v1_train_x2.88_family4/variant_4,41,0.503542799949646,-69.66185749595792,30.25991002331255,84.36504862789346,-189.53034554279355,-7.171869404964741,1.7227037811279298,0.16962459833895793,1.7261886596679688,0.0431799478828907,-2.527400255203247,2.3602691978935786,1.2543176036874153,-4.8293603847383855,3.8827402591705322,0.027838081121444702,0.3295951783657074,18.26948732214578,26.15448309625111,-3.1236950766112432,1,1,1,1,1,1,1
pi2_causal_upstream_000321,upstream,f5acd005f8d8d9ce23c839bdf0795740c8c8069a2ce373d18bc85d1fbe60c64b,31db9fbb9fd5146c976cfc05ba48e8ae321d4d2b53d53366144aebf6c548e069,dense_v1_train_x2.88_family4,6285b1821bb121793a2a3998d6c70dd33f48043354c2a2028c1463a6e7c76ad7,21ec38b54ea193e07549000f734dca82f72092131e8a13c14450f1043329002d,dense_v1_train_x2.88_family4/variant_9,7,1.708928565979004,-70.32753456265654,88.52421036070268,139.3852003548243,-255.76476630191488,0.09730746196897434,-0.019992993474006654,-0.5533632987329025,1.7264814376831055,0.08676861226558685,0.07491941750049591,14.321909481897917,23.300162410028413,67.61257534871149,2.775007486343384,-0.0017690384993329644,0.11866345256567001,12.524586182944082,-53.149680517060744,-0.31580775256603844,1,1,1,0,1,1,1
pi2_causal_upstream_000322,upstream,c8898312dd519bf2eabfe091bee4438fd08bf734632d1e15a1d0b9d159fced17,28a65fbae955d801f46edab9027a993ce5bac24e5d7fd7cbf7cd58f067eab48e,dense_v1_train_x2.88_family4,a62ae326ed5e833624f16f81955dba2cb1d311343a8f1278135c1deb8a8af1aa,58b212d8a25131a8baf346ba1c330afee6eb34b3fc45aa1373cd3f5d9565a04b,dense_v1_train_x2.88_family4/variant_9,9,1.0649958038330078,-58.96485234999083,549.366594945166,121.47163589787517,-667.3524301397468,0.03440949756819285,-0.027143524289131166,0.4214734820022546,0.9689794182777405,0.11863383650779724,-0.015756990760564804,21.766096799801673,-23.4808328664063,61.928334827075965,2.8352861404418945,0.0039599561132490635,0.11852710694074631,14.383227505171707,59.53711291941118,3.2459406659231287,1,1,0,1,1,0,1
pi2_causal_upstream_000323,upstream,ae89f00886fa0cffbb374d94daf6b4c68459a61102bbf53573d5ad616a3fda04,a4d2ff49d783b78226ffc9f45f65daf982808a593885b4ac48bbedc7c559faa4,dense_v1_train_x2.88_family4,c5834027590132a3def99b3f39fc8ce4cb9873e339570e488cc3f9aadd341648,4c1b59f12ed218a14785e3c56a0188d79956a680ca84a6bd5613b7728b96dc94,dense_v1_train_x2.88_family4/variant_14,7,1.7061126136779787,-70.30793874992777,87.43223386714689,139.3898448834599,-258.0096309160446,0.03329811949980935,0.0022327431291341783,-0.6853527433489445,1.7390644550323486,0.023203609511256218,0.06360822170972824,0.9762290129512848,22.62172825750751,20.407809522959795,2.775228977203369,-0.0023770767729729414,0.11862607300281525,2.849560684701432,70.88351879128474,-0.7764773360618944,1,1,1,1,1,1,1
pi2_causal_upstream_000324,upstream,68b629ca662dc5e8ef8ba5a8c342431ce15ede63115fbc494491a5f673ccce7b,ccdd19388e31e62a3f89ea0ea283d50613423164630465e135a7487c4f03e047,dense_v1_train_x2.88_family4,473024ed2b7a5e8bb78f6e361c71e2f55198fdc54a72ee8cd7ad85055bebcab9,48c3e6d6ba41d65214e8c3d72eb627da31ef6944ce418c4fb9079182ce8de91b,dense_v1_train_x2.88_family4/variant_14,9,1.5089349365234377,-57.47309122393585,580.3315580757422,121.11616553271102,-710.8631940208293,-0.08902427086725088,0.5077090167999269,-0.3805909485283085,0.7500385642051697,0.07640230655670166,-0.03415335342288017,12.466241853280186,23.154728899578625,47.66097465098435,2.8338189125061035,-2.6710342353908345e-05,0.11867014318704605,-0.3522025998939685,47.8829933650502,0.8595618788039849,1,1,0,1,1,1,1
pi2_causal_upstream_000325,upstream,1fd90c1804fce0cd9488eb22ca92ddab1c659e6c8d6686f38d60f3616d630660,11cb438d36f4782623b7f591feddf443f8ef14bde6e155a879f988f77935575a,dense_v1_train_x2.98_family0,906d99d3e8089c780ae32314805ea48e167c6c704e5e09bc2a7c4bac5c253a31,aa692151bae0a63376ab5d74d4925a74cea2e1d73769faf716ecce0ad9c67fc9,dense_v1_train_x2.98_family0/variant_0,10,0.5472058153152466,-45.79998374368224,657.6284264221831,104.46465610984018,-1024.6402813212742,0.14070426018472795,-0.6743446731567383,-0.26002691813826206,0.3721461594104767,-0.003596042050048709,0.061522096395492554,-1.6292131335727809,71.0121039325994,-5.3956970457142175,2.8494505882263184,0.0008304010843858123,0.11889367550611496,-11.175222548252824,67.85322340373854,1.3076188718509818,1,1,1,1,1,1,1
pi2_causal_upstream_000326,upstream,448cdba002865755ad33d8240c94b5049a7975c0dc8f32fbccac2a97b59e2439,ec212c74e9e388e095d9bcb81ab18a4e6cbbdad7f8418412f4a906c7d9d6ec06,dense_v1_train_x2.98_family0,f64d70c7637497fe01c883fce83c948423c4ea1a49d3f37b3977d9f54faa7192,4589f603ba5dfe941b0e3c805f95f30f8f38e34952f0659e6def639909565df5,dense_v1_train_x2.98_family0/variant_0,13,-1.128409538269043,-38.602965603915614,-637.9884633506215,32.207500899101255,-573.4618630915702,27.115424276057695,-1.5356949615478517,0.22577817491336732,1.2769407033920288,0.07181736826896667,3.4338502883911133,-12.298449718582361,776.0390447416253,63.66316189512418,2.8877358436584473,0.0028837521094828844,0.2042209804058075,-17.878305312906225,10.514761184759163,3.0874386376544996,1,1,1,1,1,1,1
pi2_causal_upstream_000327,upstream,4f0596e0f86b02192e96d18bad40b17b88118a0f593d3269bee456c57bab29d6,841f26b0fc3c0245bc072194a5dc814eb6eacbcd63597851954897a7eacf0ac0,dense_v1_train_x2.98_family0,b966a6324ede3557f776cfdfae2ec968e6ed50ddc7b6c85d1ae86ca84beccdc7,6e54edb2bc37225e3531c6c20c9671967947bed4050c62207c09e1cd6e609742,dense_v1_train_x2.98_family0/variant_0,15,0.2315904474258423,-57.64620236844983,-241.83134431962895,56.649267957194766,1389.5396953138636,33.007973029404496,-0.12777814149856567,0.8408891665237144,2.2763326168060303,0.1396651715040207,3.6145472526550293,-3.4865054934393283,-376.33823232393337,24.341935305637314,2.962705612182617,0.0071946498937904835,0.3418177366256714,9.609166039501037,173.40003419510802,4.896311295072483,1,1,1,1,1,1,1
pi2_causal_upstream_000328,upstream,71ecb069cfbbfdb4dac01f2131635c01504295fbc7955dca7c6d3c09df77b003,444b78d7e2077d13130c46fda2a6c527881c6d67d5550dee469146c876fdea7c,dense_v1_train_x2.98_family0,44996f676320562ebd251984deb90ce9c34c5abc679b674a7d32c609158c9099,326ce3e2769947662cf9ea7971ae596015eedc58b7623e716345360781a159e9,dense_v1_train_x2.98_family0/variant_0,16,-0.021663803160190585,-60.834295616390826,-174.46891781908002,76.79976717864726,795.7362721191882,27.425278371711844,-0.374465012550354,1.0432836097834255,2.0309998989105225,0.13162988424301147,3.3021600246429443,0.21076908567793434,-174.40948151292255,27.324993104883703,3.0051820278167725,0.009893590584397316,0.4097647964954376,22.26352069403348,-7.360015481667102,5.33711889499183,1,1,1,1,1,1,1
pi2_causal_upstream_000329,upstream,19779d0e3e9fb89c964eeedd403c7b6f9419951268c7aa77d2dcae5c782f6552,d0a89967bad1afc0d602bf19df2ade881ae572bd1e14fba63399f543bb87036f,dense_v1_train_x2.98_family0,7da2766844ebff06574eb7aad8db5bfc46b2251db2bbc79ca547486ce75d2c15,f744857e083da35e55889a6a9e17b59f3425ac5a50479050bcacf3d7fdc347fd,dense_v1_train_x2.98_family0/variant_0,17,-0.32979937076568605,-63.16226997234129,-122.78509493564697,85.03295233626149,58.910333780035785,26.24070797391705,-0.7033844566345215,1.3404961642752404,1.596173644065857,0.11552303284406662,2.285536766052246,1.6389573589191562,94.83191737996614,32.43440319842366,3.0414764881134033,0.012385595589876175,0.4651534855365753,30.478554623928414,-142.24870252283878,5.92769601862481,1,1,1,1,1,1,1
pi2_causal_upstream_000330,upstream,b003330a64acf71560671dfd78102c6d679c5c8c624921f6e805074507105cca,6df797e8d5c995af0f000a990d07abb5d2b1d34fc7d633855302369b81f64f40,dense_v1_train_x2.98_family0,903c2fa23687bf99aea06c1a94485f14e9ed9d48843607b1e8289b111f16e363,84574287453de7a3bed81212c5091fd2c022c2e06035395d6f771b0107eda285,dense_v1_train_x2.98_family0/variant_0,19,-0.2449883842468262,-57.35362438516316,285.16192781040644,70.2316728576554,-528.0745457171618,28.75482264811537,-0.608705587387085,2.117717966578277,1.2681033611297607,0.10187912732362747,0.9129443168640137,-1.0574625871843621,17.313882385558465,35.80415557262491,3.095612049102783,0.01671791821718216,0.5190631747245789,27.208825247480128,-21.414292538674534,7.54799716545827,1,1,1,1,1,1,1
pi2_causal_upstream_000331,upstream,bcddd1a285adc0622c2218fb6bcf01c9e0853b5d468a17d7e395dcf50150b7ba,9df4eb1f4404a21e7187db4b80a47ed1db6d9bf042d999e4328e69803e9c71c7,dense_v1_train_x2.98_family0,601319c8bbe477550b056f6d74716c32760ac5632d096ca223ac225ae1ab1c6d,f2078f24305251da84cb5315bd7637891711598a3e79f4ab9cf421db74922a98,dense_v1_train_x2.98_family0/variant_0,21,-0.0958395516872406,-36.32809255366742,448.67083721933886,44.3147966747034,-558.4399821631511,23.390188562958453,-0.4478856182098389,2.7324620142687905,1.3151264190673828,0.09327500313520432,0.6492092609405518,0.01802394540989798,-114.329996931899,43.12756294788803,3.1450624465942383,0.020718129351735115,0.5405237078666687,25.583277791057526,4.594245636712683,8.996197755389439,1,1,1,1,1,1,1
pi2_causal_upstream_000332,upstream,fda7f9e69dc2e43a239337ff886e3f191a47a6e5669f1f1958c843260cef905f,4d42d2cf6ed2e8c0679431c561f586fb266200a0512c06df4863592adf5cab1b,dense_v1_train_x2.98_family0,109b92e7aef2b86089916c7265ddd1e352532c730206bcdad848c1b138e477cd,88dea5f8c9db1adca1590fcdee7a826b3d68fa90a80c3b868d81a7e2950b996a,dense_v1_train_x2.98_family0/variant_0,23,-0.08704487442970277,-17.373737040802578,293.881238021818,24.977928370203053,-204.68169953711947,16.522843590921763,-0.41758135318756107,3.3541514266641523,1.5559905767440796,0.10182870179414749,0.7232903838157654,4.8224396955618705,-139.06027459562844,50.43917800154913,3.201057195663452,0.024549249559640884,0.5645068287849426,29.492917345560553,-67.49209764194163,10.559130282461913,1,1,1,1,1,1,1
pi2_causal_upstream_000333,upstream,b2e74f2411963c0338e566d4272c8cedacb6d0e965740aaf20d752d324c7672c,256753730c48d16ea39032b419780c7c9f20f96b6be7c41564312d040f940c5c,dense_v1_train_x2.98_family0,ef9b52eaa85aa098a36711c53950379ed8b9b9e66fc49fa183f5558f3290a0f1,76e7e3a1f08f04781fda05468d5749f0a776fcfe3d10d0b2b7a17b814a241722,dense_v1_train_x2.98_family0/variant_0,24,-0.033599139750003816,-11.297730528753466,226.2974997317823,24.547815990241716,83.44751516573979,12.043440686920308,-0.3422009563446045,3.6580244985230688,1.7206000089645386,0.12686380743980408,0.6673963665962219,9.035817762455364,-200.7457893675213,49.0942966785007,3.2344298362731934,0.026985498145222664,0.5777798891067505,32.818287150535056,-88.90430355782472,11.2311334996583,1,1,1,1,1,1,1
pi2_causal_upstream_000334,upstream,7290c87006d6bd5c70577730618231ffec00eca33092eaa37f613eb1ddebf583,f1f7e3b3e7adbdc7ba6f313df42aa18570a94aa877015495d8d26f827ec22197,dense_v1_train_x2.98_family0,73cee71808ebaa00367013dd25e23ce265a3b127f75a1efd90f45ec8dfd2beff,58a892e7666eb9d32260a9329581d2469e0c0329dff83b11869d861fa63839b0,dense_v1_train_x2.98_family0/variant_0,26,-0.038888673782348636,-10.110364467022926,-136.69185185941316,48.12166408031254,805.6984035519753,2.2206480958878383,-0.3537906074523926,4.299658519554151,2.1757726669311523,0.17898787558078766,1.1038827896118164,16.19077559731305,-191.2611974407448,35.922392977346995,3.3152520656585693,0.03368378058075905,0.6127732396125793,32.57084647237842,9.768515206611081,12.224425233861302,1,1,1,1,1,1,1
pi2_causal_upstream_000335,upstream,34c3f889494af63321813d64e8b86c87c881e6577b9b0574d591c0cc08b3e364,66e292ad24a01ce308c855d2a4b3b338b7ccabd254aa05ad124c26e1c16f88a0,dense_v1_train_x2.98_family0,e57b0e0a684a3be5e9c46ebfbc86376dff61fc30e3cea8658cd81bd6d73602b8,ea4c71286e9aee21aff997c99ce02d15c96ed7afbdb00af2420ddf0a12d10439,dense_v1_train_x2.98_family0/variant_0,27,-0.318357253074646,-21.26088136727417,-582.287123197387,69.59733269886881,1017.7249606734464,2.9218470068854354,-0.6858466720581056,4.6672555337976895,2.2842557430267334,0.149532750248909,1.6593915224075317,16.22008052394699,80.51293804922216,32.01115686612548,3.361083745956421,0.036920592188835144,0.6445447206497192,31.08533155431942,18.676969577839568,13.007300940327193,1,1,1,1,1,1,1
pi2_causal_upstream_000336,upstream,4af04fa01c0e7fa2330f74813e9e97ac735ca1b30441781c6e272e346cc1c06f,b1d84812e22892d9ff4aaadcc3dc37c1a7e5eff6ee640a7a76bbdd3013275643,dense_v1_train_x2.98_family0,0b2aff3ad0d0428a3c63456cb92f1064be6d98fffa527a32681039b99728cd6b,ec97ade14affde7194204f46cb6e11881829be418b03d67332bb3a9a6160185f,dense_v1_train_x2.98_family0/variant_0,28,-0.39781648159027105,-34.87907475143838,-639.2751617072252,90.2640712781692,943.037771005084,5.828538954401895,-0.7700389862060547,5.0557825697127585,2.2800991535186768,0.12651589512825012,1.7584877014160156,15.83996000606827,149.4065222069587,26.378591848202984,3.407356023788452,0.03964570537209511,0.680889368057251,26.140843208478593,80.5460234855617,13.874701366625827,1,1,1,1,1,1,1
pi2_causal_upstream_000337,upstream,a15e32944f5fca9ec7a04d873d1f62985ad220ea65b34424995c07627763d683,8304cf9f73ace302dbd560cc3372103fffc947d5f67fdc2345a74fbc7c6df9ef,dense_v1_train_x2.98_family0,86cddebcdb6a90e72a21a1f5fd0af2a797955eaab013b38074f12ae537910163,0af08af4ae8c00b6b9638affe4d440d0505ac459e5ec759ae0f597ac9782c5ec,dense_v1_train_x2.98_family0/variant_0,29,-0.35625174522399905,-45.30190244374282,-478.69708647114527,106.60174033886713,707.0964266558373,7.888741703761734,-0.7275736618041992,5.481986312173995,2.144726276397705,0.12010926008224487,1.3210601806640625,17.96346923411982,114.6516100493474,22.55768328120759,3.4518091678619385,0.04219098761677742,0.7113837599754333,14.979706217841628,7.5981893006673245,14.594133992047482,1,1,1,1,1,1,1
pi2_causal_upstream_000338,upstream,4798e9e4882ff007cc95465426977b683f1afc107670503e09fc39f385d0f04d,966a7e5fd20a114eb86a2ded79a5b889d34f432c8a45c85e4b55e148368fb686,dense_v1_train_x2.98_family0,763bb26c6539986b87a0d48d09f0b8ee67f47dcfaa788c30dbe1e10b2a733989,44e99aec1d37fa47f47a67eb7ffb741644fad8a492e3ddd27ca575e36abe0a80,dense_v1_train_x2.98_family0/variant_0,30,-0.3383516693115235,-53.00489416703482,-362.65607934083386,118.61716323994344,509.71068054861206,9.523581509654301,-0.7116872501373291,5.967825376258439,2.000098705291748,0.11890506744384766,0.8148550987243652,21.354832326854986,101.68116277776322,20.050372063314686,3.4934022426605225,0.044666700065135956,0.7322329878807068,9.106660484526735,91.42044279521987,15.207562131316292,1,1,1,1,1,1,1
pi2_causal_upstream_000339,upstream,c49a030f8346f5a97fd93091cd8b2776148b1a75ee822da2df402c5395fff4e2,8f211536eab5cc06deb373a7022b3c7315ffd4fda58b3719c4b2aeab66078245,dense_v1_train_x2.98_family0,1e7d43134c934593f8c111c2f532d178c2f95a5ba49769b37a970d1abbb47560,52e29ffee426932460226c1b0fd35e52b0a0a0f4eb8560a8b98d53539ba81b03,dense_v1_train_x2.98_family0/variant_0,31,-0.3289342308044434,-58.62826745788177,-272.435209009165,127.12401358703258,354.7212026952199,10.951841762247666,-0.7026700878143312,6.535926756722387,1.8747668266296387,0.1223091334104538,0.3244190812110901,25.285013675286827,94.27668447214663,18.684308616102747,3.532287359237671,0.04718071594834328,0.7429890036582947,4.0287337210791305,95.80149005340613,15.777195740341442,1,1,1,1,1,1,1
pi2_causal_downstream_000340,downstream,a98f87e4290df53f657d4cb848739a65fedcc64ec74f668ebbee17f3907e7531,b5dd2c0dda72fc162c8e32674e721247ff16c93d6f87982e32fbd969dc07c06f,dense_v1_train_x2.98_family0,76c19005208b1ba959f91af1a18f2559c7a4641b7f69f4e0ae7066c35e49df03,fca9e947b06bf7f5f648d608996da441c0a6b7cceb1ab52a427278efb431306b,dense_v1_train_x2.98_family0/variant_0,32,-0.3277378749847412,-62.692578353687026,-205.0111605419242,132.9416135522126,238.8597748985665,12.28068296350238,-0.6978858661651612,7.193930844217241,1.7759785652160645,0.12787362933158875,-0.11219958961009979,29.097633807724407,90.35232415243493,17.75516041726548,3.568934202194214,0.04979753494262695,0.7444403171539307,-2.923697052056631,127.18477494988902,16.336737751381882,1,1,1,1,1,1,1
pi2_causal_downstream_000341,downstream,3c99b9d389c7b332e5f9d46963b3d59104a1650fa27bf27b3695f044e6d16ea4,7a57daa52d6c85e7d0becefd0ca2d1064e0c36578c3dccb1468ddadb8d896f6b,dense_v1_train_x2.98_family0,cdcfbad6e443f564ef9dd4c7a3b2b9078c215905ba9885848f31b329c90d17bb,c360d162b69fb395b03c87b8827f8f77b983902102ca50eb1cfb82b620884470,dense_v1_train_x2.98_family0/variant_0,33,-0.33730975627899173,-65.504676518008,-149.9013967330828,136.78601284731096,156.0359174757514,13.48477544700258,-0.6902588558197023,7.947832439120298,1.704406976699829,0.13534265756607056,-0.49160081148147583,32.584923492257815,84.11163494930764,17.716151499368245,3.6038875579833984,0.05256745219230652,0.73769611120224,-26.047348164024875,-84.86172632395845,16.930969678061768,1,1,1,1,1,1,1
pi2_causal_downstream_000342,downstream,5a8e51d737b79692c3d7e86697173340bbb96eb6cb1c04ede9ba83a9b51845cd,ac723b7a657f8487cbfca63d6436d368ba6b61a66457e518428bcd30a3fc0d7c,dense_v1_train_x2.98_family0,978f566a9760f5de39dd5f4c01c9742628a52876f23877297453daa78e791b9f,13502a3832ea7f101175756861df6a6aac0119353915a1765eb570a396120fac,dense_v1_train_x2.98_family0/variant_0,34,-0.35366583824157716,-67.4654120928544,-113.79451693115918,139.25921068539424,99.58387123084077,14.637186865631039,-0.6869668579101563,8.762092723651707,1.654423475265503,0.14108434319496155,-0.8126748204231262,35.1602053376761,81.42654415260306,16.703468379434426,3.637629508972168,0.055466774851083755,0.7240023016929626,-35.57550815996956,110.10740323226787,17.48780188319488,1,1,1,1,1,1,1
pi2_causal_downstream_000343,downstream,da82f9e2f64ee1f18d8ab9ec9b29d9a94adb26f579ef439adf04e8fb944cabbe,2fe42f415fae036ae9c92a9f231f6f6550e3c5eb4e14c9d7428bab0b4548bdcd,dense_v1_train_x2.98_family0,2935fcde8f9d84216bdd29575f18491e156335614478e8249321caa3992ec0aa,4da10b5a07fc44eb9ea38bf99f4c0df0707199a2aeb9fba5efee801455800e64,dense_v1_train_x2.98_family0/variant_0,36,-0.46375216960906984,-69.32400218866324,-57.607379573207474,138.30831174914505,-279.7152344379148,17.70692647455139,-0.8073663425445557,10.586163483910042,1.2406688928604126,0.16103039681911469,-1.9485315084457397,36.589138968650715,179.99444523497195,18.533021633534258,3.6990561485290527,0.06175132468342781,0.6725305318832397,-41.27938889056345,42.55069541587251,18.770124200301055,1,1,1,1,1,1,1
pi2_causal_downstream_000344,downstream,7b2c9fdada64b0313806d4345a203dd7b2b75e9228dcdfb9b288fc49bc747eec,8318739f96ad976b21b43dd3ee7d8b2628d0c3753b4d5bdbaeb1dc2af4dee2b7,dense_v1_train_x2.98_family0,b58d413591bb529b6b16f9fb7748012bba9657e3fa26b3572116290f66768419,92a6f84d439b2d740b3ffe03823a35c134ac1b398a969af36aedd0d8d52b49e1,dense_v1_train_x2.98_family0/variant_0,37,-0.4238775253295899,-69.79378259977672,-48.2154015964818,133.71114364524126,-180.81645850158299,20.356422686858036,-0.7565685844421387,11.580552504807324,1.3682574033737183,0.1526479721069336,-1.9451311826705933,32.08926690947374,138.4150812662507,19.309074557220278,3.7253448963165283,0.06502117961645126,0.6331683397293091,-41.85371900730232,19.0854456260576,19.72806687837929,1,1,1,1,1,1,1
pi2_causal_downstream_000345,downstream,ca3c1790afea6f3b7140cd9bd903c9ef6b31476763f104735ed1e1ee56b68854,1ccd65ba2b54880bc7c3a3ee92d66c919cbc0d3c6514ede039f82984245beef1,dense_v1_train_x2.98_family0,b25343dd3809559bbd9ca10ef98a1dfa18a0eacf9ed494be4edd0939a7f55200,0468efc49fd27f82222ca0ca0cbaa743ee9a8054702c3a8089ff8ac551bd1dea,dense_v1_train_x2.98_family0/variant_0,39,-0.3180003690719605,-69.86299290663645,-22.08010962425113,129.4975316443687,63.249197789908045,23.213757589318437,-0.6223487567901612,13.321426673869114,1.6656851768493652,0.13593903183937073,-1.9101322889328003,28.07840395147113,28.539569786493928,18.189271872985856,3.784201145172119,0.07118481397628784,0.5518325567245483,-40.76046868346632,-16.174075784792368,21.23652280768816,1,1,1,1,1,1,1
pi2_causal_downstream_000346,downstream,50c17bf275e2ce40d99c33939e62650bb88bc142230c4bf109650de5bd7677f4,80f2f21256a35487eb5407dea366f36d1008f46293af706db1a1ad6a4e49e9eb,dense_v1_train_x2.98_family0,6cf8890e3fbb74d6963ce2f07d28467400dd424477772a7f82c331db764d36c7,c72b01aae01307eaf8538e5fba379cdd9961ddb429ef632d26a58bfb8dd16543,dense_v1_train_x2.98_family0/variant_0,41,-0.3286969089508057,-69.02720314846951,-2.1047334649100073,128.67349664176334,1.0793316789679794,24.192640597168797,-0.6339437484741212,14.88819123114309,1.6000580787658691,0.14188577234745026,-2.414996385574341,28.195142129670405,38.051434658626256,17.50302569160175,3.8472325801849365,0.07722150534391403,0.46059152483940125,-41.453664582330916,2.863484025324503,22.31334329842883,1,1,1,1,1,1,1
pi2_causal_downstream_000347,downstream,bb4edb979710e52f1bf662f7d9635a89513becdc5d3bd374ea18fd99cbf442b7,f06e5e1e1e512466afc00b14501d6e2371116166b2501dadfb777db0cd5a769a,dense_v1_train_x2.98_family0,f88d792a5978a91ad26083bf54cad504c594c750ddc05f35d2f60ea614ba0cc8,17f1d968591e1b328e90eab1013b12a883259b7a6e04c2f913d870230613ffaa,dense_v1_train_x2.98_family0/variant_0,42,-0.37712762355804447,-68.14255704716945,7.720007432061795,126.66828970523099,-153.72873421563446,24.931926670359303,-0.6957596492767335,15.710709985772601,1.4128612279891968,0.15494170784950256,-2.8689651489257812,27.634144542191407,88.65172316231765,18.075631185575183,3.876873731613159,0.08043479174375534,0.4062444865703583,-42.50501511070347,17.39939806151432,22.941185649748032,1,1,1,1,1,1,1
pi2_causal_upstream_000348,upstream,c1fb540c59fb076ab3284579bbd5964fbc8f3237e1a7d003045cd70de9b711c2,05208713289e4bf00259d0ad53c7d9acc3331ea553f68cf591a9ce1742c76938,dense_v1_train_x2.98_family0,111ca91cb3dd4dac31ec80fdf73da7c00be630a068fb2d837ee5f8ed8eaf7193,f488217f929ab4f51c8e036ed02e9db1ad1164cf2a5166f9799d9a298fa00681,dense_v1_train_x2.98_family0/variant_10,10,0.39612251758575445,-45.62442056125624,709.833911833665,104.5239626424034,-1021.7636242089183,0.10586584111765161,-0.3616961288452149,-0.24880242532361813,0.3517369329929352,0.002182113006711006,0.0378333143889904,-0.4080484943842406,30.365214464841223,-3.5783854115977514,2.848221778869629,0.0008424323168583214,0.11909777671098709,-5.846986000310355,69.32555264160483,1.3623758683547325,1,1,1,1,1,1,1
pi2_causal_upstream_000349,upstream,7f397f6563be4fe623d5b61a83905133a32b5111d1fe87e861c4e4ef5d0fb13f,db09ba1ca0351a39c014531f5344dcd001c25652396a73397c94c15f3f6c485b,dense_v1_train_x2.98_family0,9d14ae089b0414b5f2e5bc74e8e0600ca2646c12185caef95dd81315f8b6ab7a,6426b1ae86a045fef4aaf931e48904da792057bf9fbf1ae5ac0eaa3597717644,dense_v1_train_x2.98_family0/variant_10,13,-1.2594078636169435,-39.751574610974565,-624.691505715954,33.22770917995313,-565.8262580146295,27.748897099004807,-1.2563351631164552,0.15190999865914068,1.2380777597427368,0.05900515988469124,3.4469070434570312,-10.098313452006085,762.6375032503867,48.278857468965796,2.883892297744751,0.002583744004368782,0.20642518997192383,-11.430957637382797,30.991027132449055,2.812473771775387,1,1,1,1,1,1,1
pi2_causal_upstream_000350,upstream,fd7a9ace0b5a9882948c428eff636f74973c40e3bfe6af81f7f46d5078850a85,44c41935ca5cfc6d6438d82c4fe5191c295957f541b9e939fde92f2c78c0ff54,dense_v1_train_x2.98_family0,511e1b4556a2095b9bcc4f695cb3fede62ae3e91580d58b9e88f8862949ea163,859d672eae621f1cac17296eab11eaf32e527f64d436608e20f7cb9fed40b942,dense_v1_train_x2.98_family0/variant_10,15,0.12166911482810976,-58.26322116750127,-207.26982213817737,57.54677530470195,1374.7674714599868,33.268174617927286,0.39981095314025883,0.5544007949261398,2.2246527671813965,0.11668574064970016,3.611987352371216,-1.2302210164607277,-398.5262657672599,12.373309445659347,2.9569811820983887,0.006235614884644747,0.3449772000312805,16.62964257224305,175.41073260373307,3.9789167484120087,1,1,1,1,1,1,1
pi2_causal_upstream_000351,upstream,a56c13aa9380c1606f5c09edb075fb9cf4309b5f85cd26832b956a98d00aba4c,536cff09d3ac04ae73a0f1b39db2da923d3335bdeaa3d9d9a3b7eebf47a26d18,dense_v1_train_x2.98_family0,92b11fd4c7342671c454f86a61f272d741ea4294dceecc5085a24736c022229a,1cf62c565716269554b43cc7d1fb896901dd88f37b2f38ebdcaec9c7ccb98ae9,dense_v1_train_x2.98_family0/variant_10,16,-0.09232385873794556,-61.32173889669796,-123.06778280501545,78.04049153194758,823.3840036151861,27.470370633869422,0.1891183137893677,0.6644852846975333,2.0072989463806152,0.10902079194784164,3.3196427822113037,0.585072190034294,-226.10669156712882,15.677391258538213,2.998645544052124,0.00846316572278738,0.4140245020389557,32.041356547540694,112.12512990554885,4.183378229914149,1,1,1,1,1,1,1
pi2_causal_upstream_000352,upstream,0971d18287d42acddfd9c97bc53c6d508ad4a92cd4a2550771177bdea965cda2,1f8f32a49b3162f1d5bb9e0f531e44acbe669f3cad956a5d5af59e38141cfb3a,dense_v1_train_x2.98_family0,e493db1ec2e97c3be5c0a66a56e0fbbc02e2748359efa8a1fd6fed6b755c5750,4e7b5be2e388350db394ac9ba25d2ac0e64111157e7228fd141c0bdf7ad66ba6,dense_v1_train_x2.98_family0/variant_10,17,-0.3422740888595581,-63.426229463005605,-77.86379453811935,87.03629463115043,145.12540061632973,25.83500338126417,0.553454122543335,0.8585148095645334,1.6097670793533325,0.09626976400613785,2.3727893829345703,1.5807275416455644,24.060910587331726,21.00331834876757,3.0344154834747314,0.010497438721358776,0.47085076570510864,36.24061490587248,-40.47721390839672,4.561259638565824,1,1,1,1,1,1,1
pi2_causal_upstream_000353,upstream,31a7f3a86be4c051caa4fbbf27fbdcfda10acdb593d652de44ac375bac4ad0d8,4200d190449025a3fd4914e46072868ac6e51114be4358543b9c88327536bbfe,dense_v1_train_x2.98_family0,4c708975c5eac3e553c86e7a1c8fa42044b87088e9c8d187916bb8cc571b5e8c,cdc5c894d0056dd459d9d00cb8be4b2e95de6d5f7ed9f2c155504daced005b9f,dense_v1_train_x2.98_family0/variant_10,19,-0.291322021484375,-58.8903554767135,350.7149688979273,73.60866864747145,-533.7694481640916,28.874119243534842,0.6201177310943604,1.4139616811086335,1.2113330364227295,0.08290962129831314,0.8295603394508362,-0.16947201438810508,-30.51606260775554,23.80369420092551,3.0870139598846436,0.013949092477560043,0.5280126333236694,34.79458531140532,22.878797794846573,5.692795650765735,1,1,1,1,1,1,1
pi2_causal_upstream_000354,upstream,06327cb8527e553c91575d685dff75c57dceb46178121914e1a5a9e5aba2ad52,c5d3c20c55292dc13ad64f42c8932ef03831e09b76e716b2a551a2bb5fafa521,dense_v1_train_x2.98_family0,421d19337de01a1e91131b10c2e48aee00d78d9e96daeceea4f09fb528f573f3,3e85c2d9e1a857b06d2c8e666344bf155488f81751fd0aa7e5aeb54cb8deec66,dense_v1_train_x2.98_family0/variant_10,21,-0.1910052561759949,-37.876151513956216,513.1805259300053,44.660643303327,-643.6311831522926,24.899907648708798,0.7429636001586915,1.8803426188555856,1.2154860496520996,0.07242849469184875,0.559887707233429,-0.5153062899742565,-131.03685137761445,29.275679763913715,3.1320691108703613,0.016959771513938904,0.5472335815429688,32.51948344981992,25.02283857154318,6.770222647614786,1,1,1,1,1,1,1
pi2_causal_upstream_000355,upstream,a0e2216ccf8936d649b93de2f2a2ed11e4fb92ffbc2b7450f9db5496d11c9b8c,39836475921022d1057bb7c4ecedd9aa119f37cb9dcb523de0d5a109ca44c7a2,dense_v1_train_x2.98_family0,d846d78181f5daf2f6ef9ae03f37140871e5f8a0ff72ad08835e5e7e87d9c2f6,c31ede24b9ecf6d05c8043d6a7021cb8f706553dab25a1b59e13637c1877f3ef,dense_v1_train_x2.98_family0/variant_10,23,-0.12005161285400391,-18.516984349363067,467.5873739747693,22.48405896459673,-413.2844194314465,18.94113564906105,0.8219999885559083,2.3348675476828773,1.4226104021072388,0.07650259882211685,0.6037556529045105,2.310902938450254,-195.69750092931648,33.101651208631374,3.1841022968292236,0.019807102158665657,0.5710607767105103,34.53091268868615,-10.934358488493265,7.912838162237386,1,1,1,1,1,1,1
pi2_causal_upstream_000356,upstream,ef5e0036967c5d03ed306d30e07901671f96a803f3e5549ab13033131ee18861,a029782fa612a37042f212d3bc341b8311715391116a8d8615bafb860a42a7c2,dense_v1_train_x2.98_family0,0f62497c2791fc7231a2224294f34559a610079791a4e629808327d3a7f21ca3,5c8ab5aa8936169c04b0f6bb902a251d47d094b8f1c0a1ee7d7a3107a3c556bb,dense_v1_train_x2.98_family0/variant_10,25,-0.08125573992729188,-9.193946033251267,272.6695937807232,22.67576359157877,41.51006828449688,11.884532808008366,0.8550458049774171,2.784798905777309,1.7052769660949707,0.10337076336145401,0.5987056493759155,6.603660396660578,-222.77193366714013,31.017924417400565,3.249500274658203,0.023570314049720764,0.5994085073471069,36.40317340811878,-4.471547264688928,8.913955103950295,1,1,1,1,1,1,1
pi2_causal_upstream_000357,upstream,924d5972dd183d6cc864173fceabf2b3806ab23915d6c3343b2dc7f65595134b,3f70a0a8c853ab2bbd05cc0d9f337d3b88a7349ba8a436dfce18bc2e32fcb22e,dense_v1_train_x2.98_family0,a861c9f8e1c4d99f74172db5e12251743e64f6423f154a120508b08f9fe1d376,417aaf0eb28633aa662d9320a463fd8e914a75fe2984047aee982b20f8101da8,dense_v1_train_x2.98_family0/variant_10,26,-0.08777720093727112,-7.287599254765689,204.5404785458403,27.6123477010026,146.9116726692065,8.624105663643178,0.8395544624328614,3.021129705155557,1.7883737087249756,0.11168032139539719,0.5742142796516418,8.410625788288355,-210.05599290440898,29.895905336780476,3.285421371459961,0.025756359100341797,0.6133092045783997,37.311253888461145,4.085508387894392,9.379527471249686,1,1,1,1,1,1,1
pi2_causal_upstream_000358,upstream,7a8691a442cbe6ee64967cdf65160f47b9e0479f8748c6ba5c8a41b208787b9e,c4e1fa64dd296583eea198071089b17c5412285670cabdf0d39b8e49780863af,dense_v1_train_x2.98_family0,97c7d12ae43aa83c6b9463eaf4c077cfed6ad66af36640adfc70442dcec61d64,2540ada682584e0b8fffd0410dff047338412daa52e0def48a57a32626e838fe,dense_v1_train_x2.98_family0/variant_10,28,-0.13868038535118105,-7.908974860733952,68.61019277888354,42.06686189054173,302.9412107482731,3.8434425741925153,0.7810570621490479,3.510298547695743,1.921750783920288,0.12206193059682846,0.5354620218276978,10.066993619566992,-162.15341738700835,25.516116540948794,3.361254930496216,0.03041750378906727,0.6404518485069275,37.220579712134644,32.01527888528958,10.297236664484686,1,1,1,1,1,1,1
pi2_causal_upstream_000359,upstream,5124e886ec259a7cd5815a2af54c3d26fd7ee66557dbf630547e4b56240bc052,44786714662e7ec0206ab647d9ec6e8974ace923c345b0a6c96fe50cc4faf423,dense_v1_train_x2.98_family0,dfcce9925c54e8c83e7a02a0ed15cd4dc8cb5415e49672681a4e31aaa839a489,e882a717801f3613cb4ac8686db24ff2213facb4c0a7db359779f29236985587,dense_v1_train_x2.98_family0/variant_10,29,-0.18064465522766116,-10.710585269584367,-24.52754569633241,51.69026716691495,404.1330587738966,2.5099853523435978,0.7377304363250733,3.7448102700515054,2.0016140937805176,0.12514667212963104,0.567480206489563,9.936676171524086,-126.63633808029367,22.615704030659558,3.401258945465088,0.03283531591296196,0.6544943451881409,36.707113411089765,38.40147502340024,10.735691068646783,1,1,1,1,1,1,1
pi2_causal_upstream_000360,upstream,b438b402e4b39decfc71690cfc45559f47fc1ab56f216c359e7db5dee5a696de,1bf0c1d97a1d2e964c7238e5d169e2cfbd3ed85a665932b4ed5d11d11db62309,dense_v1_train_x2.98_family0,d08ac0a6698bf015b9586035b42ad13d9f5a68a4227e8b8ba58cd80773cfd610,6c73ac5e04ad84044c65ce777961f3fc86e27d009f156c1ce37b8ae716c36063,dense_v1_train_x2.98_family0/variant_10,30,-0.2267864489555359,-15.996236441825456,-146.50903301763424,63.80843318858118,552.7038253736342,2.188046252357683,0.6882955932617189,3.9654688114653553,2.1205883026123047,0.1274675577878952,0.7007949948310852,9.297531828430035,-86.20201434479004,19.45710866219655,3.4432599544525146,0.03526870161294937,0.670710563659668,36.358824989837885,34.220805024894645,11.176610679749478,1,1,1,1,1,1,1
pi2_causal_upstream_000361,upstream,ded70881a7bae520a61843830e22c002a2c56846e3ab67b22ad1afe2be5f0bc8,142ef1aedac0c950b3b65d9b766037b6d70a0c5817a8f5d5bc326b0f2f99dbac,dense_v1_train_x2.98_family0,9df4f38c5bd640744d82339c521ebdec7a12ad345d43185421efe04911067617,d66c95f124214e68ac225d8568147ad67e0fe14c18c950de01493196126cb52e,dense_v1_train_x2.98_family0/variant_10,31,-0.3333542585372925,-25.019051231648408,-347.86216280615304,78.87879479972909,707.6248100900294,3.6562296624790007,0.5680340957641602,4.181817230397298,2.23775577545166,0.1196223571896553,0.9532975554466248,8.588056173678716,12.237807884036403,17.59381256604956,3.4875707626342773,0.03758293762803078,0.6914674639701843,35.42054824317489,40.35579705061599,11.700084426401402,1,1,1,1,1,1,1
pi2_causal_upstream_000362,upstream,5e8842412f6fa5ceda82c2e96bb9607c64a83d0db4de180789e2d7e9745f5fec,4b48fab89b16b6d40b04743b2dc5a1d1d1b3ec3ae31a7b36e49afdf3f4c1a802,dense_v1_train_x2.98_family0,396df43bc95927af6090278175e951a8008057b36d87d7bf89f2215a586e3147,a73c95cb179d3b18548ced58ed223926206ea593214a97840e69ecea7169a499,dense_v1_train_x2.98_family0/variant_10,32,-0.42409118175506594,-37.29945132157536,-503.71705294814245,95.98149285879265,811.2795423680896,6.785972681878982,0.4747896051406861,4.409995679479194,2.340909481048584,0.10695897787809372,1.2096314430236816,7.906614176602067,88.55858670279535,15.88116824487825,3.533953905105591,0.03965330123901367,0.7173382043838501,33.769449049067276,50.80423453721339,12.315923193376388,1,1,1,1,1,1,1
pi2_causal_upstream_000363,upstream,3afead8a242ce9e20c4a92a4af231ce81965c3dc7869dc63d6f250b6c9b554e5,74ba848d07a5c46d4ce3b7434d201fec95a5aa02ed71702d4d8ecab697dca948,dense_v1_train_x2.98_family0,63fae31a32a0617dbcd5eb58ee64c3fd5a16cfe544dbb6bf0aab32fffb07d2b8,0830269e3bffad082dc69e7df5f4511e00114a025e2fe705d99ef03c074369de,dense_v1_train_x2.98_family0/variant_10,33,-0.4016797542572022,-46.90892642713634,-365.91093768791177,110.54237699937097,625.3871468225415,8.780255036303215,0.5179258394241334,4.641684248238211,2.2264349460601807,0.1022176519036293,0.7963955998420715,8.50942191331165,53.23125346631821,13.815809539872896,3.5795536041259766,0.041650157421827316,0.7384316325187683,31.028634154019144,64.43618221481871,12.796044468202885,1,1,1,1,1,1,1
pi2_causal_downstream_000364,downstream,bce9a4fda967f6f0ff441f0879f5665e33fd64e5ed65eebd99ec927de8f7178e,7cbf5d0427214f4b80060d6a5fad3e615782a05725f841354e46fe8a17f0ff91,dense_v1_train_x2.98_family0,35efa656151aa131ffce274e7986bf0f62bd8d146e07e44fd958e516533d5cfe,974abc489a07428f34b29a3322a9379945f9f43acafc590a7dcb8484e4e866a2,dense_v1_train_x2.98_family0/variant_10,35,-0.38785607337951666,-59.164567081322005,-184.11533058767242,129.0053208920209,311.5533962727422,11.518493552221795,0.5374607992172242,5.182746737912911,1.9714572429656982,0.10000333935022354,-0.16236989200115204,11.593853380219368,37.201557635296155,12.416863854449225,3.6629061698913574,0.045475102961063385,0.752144992351532,30.60089014215251,-3.5145274117263634,13.581304777373216,1,1,1,1,1,1,1
pi2_causal_downstream_000365,downstream,ac7c74f26def78493c317040126dfe3789142fdddb90f5261bd3cd21068efda2,98521228077da22a61bb8b1d43c900316b3815909e0c1163ffec1384e593b764,dense_v1_train_x2.98_family0,4ea69dd9aba3fdd186e6abc913dfe1a93c5896e2b1d60841745939848c446f7e,5d8342f050426967f90a25ff29c4071dae0df38ac9c6e92588db000f9f72b0da,dense_v1_train_x2.98_family0/variant_10,36,-0.40612084388732916,-62.813076551024395,-118.82232846223228,134.19435220826298,207.16189148891283,12.603885885600853,0.5451815700531006,5.516358442334605,1.8804324865341187,0.1029880940914154,-0.5840246081352234,13.256872108202305,30.88320918130582,11.807628055957013,3.7011895179748535,0.04741797223687172,0.7451255321502686,20.842018308875844,91.03857374891362,13.969238798188352,1,1,1,1,1,1,1
pi2_causal_downstream_000366,downstream,5ea19a4d12077cd6ab4de5ae5947826c84388036c6090db62cabbbfa843f848e,b44fd158f2b18df3c2b166306b52e4825ca490f80cf895bcbd24d85706b57b7f,dense_v1_train_x2.98_family0,ba11c7a4bcb6d05dab874939b6c92714c63ce129d76d2c18a5e8c65d9280cc61,c7885d272ab3176e468ceffa026d9fbfedf1d9e942b94319f725f769aff52b93,dense_v1_train_x2.98_family0/variant_10,37,-0.4071695995330811,-65.27434887881682,-69.32014313178217,137.60299909469288,133.37022158300925,13.538860057045529,0.5521650075912476,5.878387547132958,1.8156145811080933,0.10648386180400848,-0.9478824734687805,14.65717443994987,25.161201128654714,11.60246283366817,3.7379209995269775,0.0494234673678875,0.7302284240722656,17.72011300908685,73.14724155771289,14.323988929904802,1,1,1,1,1,1,1
pi2_causal_downstream_000367,downstream,4a2e31bde7b6ef017fcc69f9ff60695f969af17d5f1709cf213df49ee341b500,665faf9630c5f78d7bd4f31bb63b3612498909303b07de5d6cbd60fe5a29a1ec,dense_v1_train_x2.98_family0,993f924151b54e5a0a02e71a4930adc4729b77b822b900b20bffa702171942f3,cdbe6f836d733690e9381338f18041d9f2631747b218ebcd2caf0d63b595c143,dense_v1_train_x2.98_family0/variant_10,39,-0.4141086101531983,-67.81593057087028,-4.794482877515362,141.1354773107751,50.61012056100163,15.050418472174151,0.5655857753753663,6.685629384989601,1.7433059215545654,0.11359675973653793,-1.5362179279327393,16.656442526998887,14.163647168639551,11.065009762031853,3.8085052967071533,0.0536426417529583,0.6810528635978699,5.6211265854968415,126.76814707089657,15.018944830860372,1,1,1,1,1,1,1
pi2_causal_downstream_000368,downstream,87ce9120637bcd5b27b100ef65e0f1b59b2847aec62267f776b26c5fd386934c,1729027378f07e92ed433914b4360cacc7abdf5fd000075f60d96ccb8d2270b2,dense_v1_train_x2.98_family0,39b426d287ed068a35bbca1a6b75efb1e134f8cbc97c8cf1036176cb7ccc9d48,3f0aead01c8e98b60c49335424187210b6b717594cf3cd06a868b004482f72ef,dense_v1_train_x2.98_family0/variant_10,40,-0.4151086330413819,-68.2887299255969,13.296771512012581,141.96515404963486,29.999399778179093,15.638489663123401,0.5702354145050049,7.116851881277597,1.7255398035049438,0.11634711176156998,-1.781043291091919,17.331265216996147,10.36238820211264,10.842266194140336,3.8429930210113525,0.05584776774048805,0.6483421325683594,-1.147946051822635,135.84411610038785,15.35168844842683,1,1,1,1,1,1,1
pi2_causal_downstream_000369,downstream,918a8fa2360bc512e0b858863907b4464779ed16bb7e9ac9a3174778e7e6a55e,58cd6243b28cc4d205cf6448a12b02bea1dc62f6afce46e35f56a5492eff2657,dense_v1_train_x2.98_family0,007a68ae8af2bc970517ce759b5605b34d14c5196219faa6287145493a039253,996c21dcd03602f6338a0294f02dd29a7d05b264d2759d25b7646d0e8f6347d0,dense_v1_train_x2.98_family0/variant_10,41,-0.41244602203369146,-68.44322880462258,26.715069164832613,142.4651238968798,17.167070884443625,16.145224724416696,0.5747329807281495,7.562466382131304,1.715030312538147,0.11881906539201736,-2.0073535442352295,17.88989955902232,6.666270179461145,10.681757602418683,3.877207040786743,0.05810350179672241,0.6109298467636108,-9.564711753288009,113.46739868123976,15.679578068488151,1,1,1,1,1,1,1
pi2_causal_downstream_000370,downstream,c0deb0ce27d5e83df735c6306321509a6d0ee3bda9112065ec89c4beaeba486b,0cdbad0993e5277d0b5978d02983268e228a761842d2f0a96ab695020e240fa6,dense_v1_train_x2.98_family0,0481109cef3d07527ac5aebe88fc47c19c0ca065efa4fa8ec55aa68999262a19,dea3af27c75431293feea37687a795194ba2fc33d9b68135a072aaaa2edd1ba9,dense_v1_train_x2.98_family0/variant_10,43,-0.31398418903350833,-63.84593775731372,156.3204768169525,142.79922943032014,4.73635754079173,14.352961276646171,0.668470973968506,8.339359196679263,1.7315726280212402,0.1374138593673706,-2.497556447982788,18.303259192496906,-70.05132854281038,8.23570891251256,3.94596791267395,0.06329472362995148,0.5199739933013916,-24.036320198772387,135.63296763238608,15.864548519643161,1,1,1,1,1,1,1
pi2_causal_downstream_000371,downstream,1ebb99e180d22edb7983d3337ba6120835687fe2ed5ec5506e475d03dab9eb13,c030046adcf8021aaeb2e04f597baf3f2ce916893a621355053fe02c7548c2f4,dense_v1_train_x2.98_family0,2334cf8eac27c7ddcd7ac45b22e3386ab7ce178b04062d14252408ab28252833,8f2d54131dafc35010073d9f7cbde46a23cf613d9afbe070d7e0aaec8be0971d,dense_v1_train_x2.98_family0/variant_10,44,-0.3262814998626709,-61.688424432479266,127.49627255717661,142.95274476210534,3.8218656472528387,13.553412642322636,0.6460828781127931,8.728587554342457,1.7269095182418823,0.13394483923912048,-2.668667793273926,18.658671501053107,-51.72027901812799,7.753588057116162,3.9803802967071533,0.06588466465473175,0.4689022898674011,-28.958441382628717,105.39688813908771,15.931940171117535,1,1,1,1,1,1,1
pi2_causal_downstream_000372,downstream,9832e870314f56ecf3f2fd697bbf582b293c577cde61317a33cc7c92a4c3f11c,aac1169f8a267582a6ee4aa6eaebf67f90da3b35eef3e8818357b4f3b7517f69,dense_v1_train_x2.98_family0,7ab2458cb0aa04970d816de665b2a6c393ca810f50c14927b432e28a013bab65,49676366701f88e971bf67d53982df9744e167b70c94a68bfbfcec1785680425,dense_v1_train_x2.98_family0/variant_10,46,-0.3051754760742188,-57.17770261780573,138.7035338152787,143.0972032630511,-1.0400737793311559,11.870146793748463,1.179453296661377,9.497277377844219,1.732064127922058,0.13684001564979553,-3.0606813430786133,18.967821230813517,-58.374983552890185,6.232725202555056,4.049267292022705,0.07112330943346024,0.35500404238700867,-36.275421549882864,61.862314218558616,15.979606627039669,1,1,1,1,1,1,1
pi2_causal_upstream_000373,upstream,c7c9e23d385af245ef0ad00c5abbfcf7c866190544fcfb6c604ca4073620fcfc,926c242d7f9df854f05a5ef60c5f9d59f4bab8506407b8291807125a993b93e4,dense_v1_train_x2.98_family0,f3fbff5ad87e028cc0181724d37b98042d4acab6405b3bddfd9efa71cdf3d02b,af380d4d91aa0ed160151e76097213fbe6840dc6533fb5941ebfe4a509d0d732,dense_v1_train_x2.98_family0/variant_15,10,0.5176550054550172,-45.78037427057514,656.5907840834748,104.46830343085696,-1020.9224727522528,0.11905599193305268,-0.6699872970581056,-0.245892799874785,0.38118863105773926,0.0025366824120283127,0.0736471638083458,-0.4473030589677584,69.32385875469066,-2.6827055665803674,2.849513530731201,0.0008966834284365177,0.11889469623565674,-5.8247554421092556,57.729517015945646,1.35431170274816,1,1,1,1,1,1,1
pi2_causal_upstream_000374,upstream,a2b2e615c771557a229fb5a0d35a3a8177bb82554887edefbd886d6285025d6f,601db4cab4c17cf40037e80aa39107b7698cb6cb45d1de4f4464662d45c47086,dense_v1_train_x2.98_family0,324e7e7beda43b0ce11f87202630e29a60e904a5885cc1677cc4b28765b2b29c,3a235487a07fdd33acc8a482b3d95b6d07923d71a9dde2a697f14a80b0e9b3cb,dense_v1_train_x2.98_family0/variant_15,13,-0.8876849365234376,-44.549119974559034,-567.215791699377,46.33465778210001,-109.88878936750328,26.60763356802505,-1.2475903701782227,0.14225605709934794,1.3633877038955688,0.06991756707429886,3.111041307449341,-5.466493664008692,542.1245726889581,37.779576054186826,2.890955924987793,0.0029396554455161095,0.2071285992860794,-8.544700694148412,-28.333339054694566,2.66422097863017,1,1,1,1,1,1,1
pi2_causal_upstream_000375,upstream,b0d022f7273a03f3a6fb4838d0abb401ed6f345451f5f368720cb856aa1d52a8,09bcb91b91b1acdf6c5af84ee71ea95f15311190ebec8c48a7730f9d13bcac0e,dense_v1_train_x2.98_family0,db7a06dea192746dd3b764a80ee36ef216b361a035bafe8037c6438f7c9da0b2,72298ed9f36999324c929f8f2de56ffbdc6f16050d4c18819775729f7dc46876,dense_v1_train_x2.98_family0/variant_15,15,0.09150271177291872,-59.04771620500142,-199.22063544661412,77.47405711388926,1116.628831930899,26.7968962073008,-0.2646586108207703,0.5001059604624842,2.1202890872955322,0.10734913498163223,3.5919599533081055,1.7986513438605798,-262.40963877936684,12.64512023877459,2.966033935546875,0.006713606882840395,0.34163936972618103,15.252001954387941,210.2733978256905,3.5047285493000575,1,1,1,1,1,1,1
pi2_causal_upstream_000376,upstream,62f468fe91f678120e35f1447538d4646197dc11950758d011fcdaed4b7968fc,ac082513f9ffbacb583d80b78fdf3833f52fecde90a301461941273879df519c,dense_v1_train_x2.98_family0,b8b790f1ace3115c4d31bc9012ce22686677bcbaf8cf00bb3e92ff8733059999,c2c9af971ac14d4ed09bb3841b3c06d50c1e5ad486151986cb05da123757963f,dense_v1_train_x2.98_family0/variant_15,16,-0.031055333614349367,-62.00615117228992,-151.66316206721754,97.13167622445528,850.6297374973936,21.998768934349265,-0.37310480117797856,0.6492821419626502,2.013662099838257,0.10649134963750839,3.368269920349121,4.526583648360421,-173.6116607763517,14.234728947331874,3.0075876712799072,0.008861039765179157,0.4112081229686737,25.959583648284795,-93.40412097548833,3.6998384510423263,1,1,1,1,1,1,1
pi2_causal_upstream_000377,upstream,3bd06c0ae85b3704f9a904a1c83fb86ce736df2959ac64fa55b9b294057524f8,0136d649e400905ab6cec66c4ad31366e997e73ad7aba742597d93353b650a44,dense_v1_train_x2.98_family0,432ca7a6b0d47f0ce6a6341190b587bcfe46f655f983467a3af40b449ff44e9a,78a7a57a9f1dc0c8292d8a289b97d28312cd555e65ee4caa37193da92cf8d64f,dense_v1_train_x2.98_family0/variant_15,17,-0.25839453220367437,-64.00132456093151,-113.27952066774021,108.23398479577092,286.21424139545195,20.235042580216138,-0.6272154903411866,0.8806108623523077,1.609880805015564,0.09884373098611832,2.3766491413116455,7.687138854228401,34.38910771623293,16.86171020212528,3.0439231395721436,0.010925613343715668,0.46815016865730286,25.329444055837758,-12.627778388471926,4.002035824327508,1,1,1,1,1,1,1
pi2_causal_upstream_000378,upstream,df1e4d517bb06f2e03c4dbef3ee6169625d36a1d55589f0aefc98e75b90cd362,d61495ebeafef59577b572d89243e555863dcea9098f828c48da2457cac20ae2,dense_v1_train_x2.98_family0,81bb25d0cc4e1f05c88bfe07833d2a162b332daadc344fda71921aa86f430b44,b56a5d5ede58600c967e6bfeb0c33934f721aad687680da32d37a95326fcbb36,dense_v1_train_x2.98_family0/variant_15,19,-0.3430068159103394,-60.51964246170668,221.717666647992,100.19679874657938,-550.7711550460874,23.419930363674165,-0.7254846954345704,1.5502386764560343,0.96207195520401,0.08784075826406479,0.4486987292766571,8.065344357818578,114.85616055461094,20.055615941049965,3.0934765338897705,0.014692003838717937,0.5181218981742859,21.08122519398803,17.832013705806464,4.880675783776463,1,1,1,1,1,1,1
pi2_causal_downstream_000379,downstream,02b5d4f94dd3641fa70988e3eb05c0d486b45e21b5ad09d0d0cd25ffe4876a8f,3c883c012a24c745c01689c53bfac794134f0694ca9b40405ed47845ed502dfa,dense_v1_train_x2.98_family0,02e33517f3fc1bda89cd87139f5c37b4d75f05b78a75c8f7d4a179a592eb814c,407571bbd555a3294055974ba98b1fbf47a0f23bbb275159c880678488ddf924,dense_v1_train_x2.98_family0/variant_15,20,-0.31224773406982426,-51.66956827863523,379.23767494736046,84.7343228053702,-831.6195178673073,24.001591884599268,-0.6990889644622803,1.8918155517469613,0.7706649303436279,0.07920057326555252,-0.07164245843887329,6.59988458271003,93.26471681452837,22.537955987337302,3.109630584716797,0.01641666889190674,0.5168592929840088,16.731127230478393,69.32980784945775,5.362589856038322,1,1,1,1,1,1,1
pi2_causal_downstream_000380,downstream,8e1f3a04b7b690e97b1200f91c4d629ce364f668509d5abb208873cef8f430e3,c7ec54ceec477e8f13d5083f9179c98be7c696f446054f8ac90c4abaf70b0169,dense_v1_train_x2.98_family0,59eeb768849f20e0f299f5dc75326fc184312bddcf1857d9a1ecb179d0b17774,3ba5e2a5bb29f32c9df94f4d226a57798c80eda080b9ec5741458fdd4d474a76,dense_v1_train_x2.98_family0/variant_15,30,-0.41383941173553473,-61.171037602850795,-190.25795193469668,135.6991794862002,177.5431040022327,22.507550240108976,-0.7777961730957031,5.739632707540644,1.6308386325836182,0.1028561145067215,-0.15483404695987701,27.097341192299886,157.67442521612412,8.824565134068747,3.460625648498535,0.03617895394563675,0.6633791923522949,-32.850143152823996,53.798920733521726,9.024805310904163,1,1,1,1,1,1,1
pi2_causal_downstream_000381,downstream,97b2e7b1501159f35754b2ff68f27677f9dd76901b9a69aa4f59c07fb0ffd696,80bf251beafdbba4e84a786542214210db3761d9cb864a7ae58fad194ee5ae8a,dense_v1_train_x2.98_family0,c46983c8ffe7f119ba770c94fb28c3eff1ac83835e22cf4fa713164c27e7851f,7abd1e9d949beb35e59b70c7260884e8df2e5885e48176841e356f689501048a,dense_v1_train_x2.98_family0/variant_15,31,-0.4076585626602173,-63.65249996982979,-137.25116239016717,138.50895538620335,114.27111387106433,25.031146826184667,-0.7663561916351319,6.497629447955553,1.559049367904663,0.10750371217727661,-0.4777110815048218,29.475589155636232,148.3061650712913,7.956649581140641,3.4925625324249268,0.03835475072264671,0.6562913060188293,-33.276264994762755,17.69933557363167,9.502724218958098,1,1,1,1,1,1,1
pi2_causal_downstream_000382,downstream,f32e99c51283564b2b1058cfc8a6907aaf779bf11bb46c3ab898893340256dc0,02434e4f7d578debe896d22e8f939f3de635c4b94f756bf86c64536cda6b0bcd,dense_v1_train_x2.98_family0,66ed5fb6b6d186ccf88c5faf3484cf5ff2168039c51297f68dc39e2e842e7170,5cec4399d3916a0b1deb9d4c0f30110003e6863852d8f14b590dae289ecabbb7,dense_v1_train_x2.98_family0/variant_15,33,-0.28559245109558107,-62.69368484433257,102.44299524759728,141.1691638037616,41.660332446237156,27.504333922372286,-0.6159291172027589,7.9934472408383,1.491014838218689,0.1279812902212143,-1.1236414909362793,31.463126392785753,25.189355168413506,3.2369440415454025,3.5532212257385254,0.04323696345090866,0.6222126483917236,-33.829858657181454,-0.08131154110925723,10.102277822930859,1,1,1,1,1,1,1
pi2_causal_downstream_000383,downstream,8cf2e4828e4eda5fe2a59b618375c4795ce7f616652ae32e8a0f336022a55c9b,7ded834ed4a6def0f8951b6d9c67d3a20bd21d796488aef25a7eff4e28f4ec25,dense_v1_train_x2.98_family0,7711df741bc95f7e72d177e187ea7e6a15342a61c96097b713d1c4c861368ebd,cb6e9f94e47408f7af1f6680e33f2b6c6651e928ec2e347bf3ebb1a3109a7ea1,dense_v1_train_x2.98_family0/variant_15,34,-0.2656025075912476,-58.10976047722942,170.19998128593033,140.84621879942503,-37.54000375395404,26.75141538164228,-0.5931669139862061,8.572164430878876,1.374851942062378,0.13488022983074188,-1.4645919799804688,31.05170653303545,6.560766808672898,0.09332605063261462,3.5815353393554688,0.04605350270867348,0.5944812297821045,-33.644425851404776,-4.346229515118472,10.003584115486863,1,1,1,1,1,1,1
pi2_causal_downstream_000384,downstream,9e038e568c35e322f3b4cedf1ab24308c6ef07bd22ab5256fc8589b54d2bdce9,c924022908a37c03d595ce7c91e52a17c1553297b9f0925510c82e1e6b0b07ec,dense_v1_train_x2.98_family0,ca15014062ed0950dfa46be6f404a4b6eb0a67b4dfb070adb40321c4954ec979,2d1b2dfeb77e0c7a419ec1f4838dc489e0410b255deb0d7af25b668d54d93d44,dense_v1_train_x2.98_family0/variant_15,36,-0.24628485918045045,-44.51952817997995,277.338956984154,133.2739978779821,-230.42189580171618,24.191846863169747,-0.556592378616333,9.465652916550741,1.0724557638168335,0.13979561626911163,-2.113909959793091,25.508613578145532,-23.387645180465228,-4.25016247755542,3.6272311210632324,0.052082423120737076,0.5167105197906494,-36.44439701485439,31.10655295207065,9.42746652279384,1,1,1,1,1,1,1
pi2_causal_downstream_000385,downstream,470a88dcf371b6896c4324533317523d7aec810591944e11c6546ad439de6efc,84c1a1e805acc7b7e4d6b5cebe6b7b5c6c3a234589c2d7a8f1dab2da2a9151e0,dense_v1_train_x2.98_family0,5f5c260e5d912024fb3f16f7bc205e4b5a7a343d6f7575a8d0171c36fe7ba2be,e1c8cd9260911f68631f87039845ab733510002f751e0a1eaa9d79f5d7fce885,dense_v1_train_x2.98_family0/variant_15,38,-0.2169670653343201,-32.64422319463187,161.8495832519695,129.88623771003412,136.18738774769437,20.764602865107655,-0.5087522983551026,10.024811629716393,1.806551218032837,0.10570389032363892,-1.9106615781784058,21.172444077900842,-62.52818936074316,-8.004666664779478,3.682565689086914,0.05728479102253914,0.43327033519744873,-38.24389914415346,12.69276251578272,8.519868745429624,1,1,1,1,1,1,1
pi2_causal_downstream_000386,downstream,6f9d903060f07ee7b8fcdff07f1558d500e05fa71cf79781af1650dcb3e83e78,15f1eecc7befcd643a67d2dbaff1524a922ed1f936dfd6a53ec0750688b00f5d,dense_v1_train_x2.98_family0,007ddcbb8b4808f009dace62abb10c4f98f112109a9464dc426afdd1aa376a52,731907108eba114c1ae382814c3619402c09e062dd47e27607340bb4380f302a,dense_v1_train_x2.98_family0/variant_15,40,-0.37803144931793214,-30.31724946139481,-65.24532740503345,136.62557170370735,160.84270408528292,20.945942800874388,-0.6983765316009523,10.7823473570426,1.826177954673767,0.09031739830970764,-2.1840596199035645,23.716219968225154,92.67121435678928,-12.077551155540393,3.7571442127227783,0.061232030391693115,0.3521078824996948,-40.79118404416386,27.44914886852161,8.13003456489383,1,1,1,1,1,1,1
pi2_causal_upstream_000387,upstream,12369c6162597211472a11bf94eb41a06f39dedb0be31c924d8aa1d242a2b129,b35398ea31ee3f8b8a6d7fefed8b5134d7056887e4da50b77f6d646c5798bae1,dense_v1_train_x2.98_family1,5b2891e382a485e63caa37810549c40a846838e010f6b52e86aeb432d32aa02b,09b8fc3e0e144b17e9d5c2f3d89fb0042aee37ebb251ab14b974f1459de39560,dense_v1_train_x2.98_family1/variant_1,10,0.5207840156555176,-45.782242327313135,656.4928664915334,104.46716961945475,-1021.1314218993418,0.11843640366489343,-0.6707749652862549,-0.21227935966631217,0.3821529746055603,0.012566713616251945,0.07277962565422058,2.0530622300652146,69.37494856968236,5.729689881033256,2.849534511566162,0.0010538061615079641,0.1188884899020195,-0.41036563606016746,-23.395911416908238,1.4657215924419003,1,1,1,1,1,1,1
pi2_causal_upstream_000388,upstream,43eeb55ebbbbbc47d81543b5ada3aa1d1ea3936827bd27ca6adf9d5a33bf6587,483a18ff99bd20206183211fbe1db57a50a3a2a4940159eee998d0896ad15500,dense_v1_train_x2.98_family1,0cb796fddf281667a51b665d4f63f3778634861db9bdc98a96654cd64099177f,e8f67f0aac9240dc797b80c765a2c6e95ccdf67f325b0fd2cbfdb1b0a6a1c9f8,dense_v1_train_x2.98_family1/variant_1,13,-1.1905343246459963,-37.98659225774074,-648.559738374347,31.56194215460291,-609.9372042784593,26.95035321217682,-1.565783100128174,-0.01387380356161163,1.2360061407089233,0.025469545274972916,3.449577808380127,-7.912635842129079,801.9972060030154,29.24942793183877,2.8869357109069824,0.0016031416598707438,0.20348091423511505,-6.943799121572158,11.020788556024252,2.5034431492191356,1,1,1,1,1,1,1
pi2_causal_upstream_000389,upstream,0a13159512db4c55efb1576bcfc98d41d772481c5e3f80f734e8889668f6bc14,bdd72985fdead7bf0da33494f503cea4e81a716e25b8c41a914d73e668cb61b2,dense_v1_train_x2.98_family1,8da09df1974fb3ebd8a3f23cb951554a0a46303b279dd85d31b4d69776ffd868,fd962dfbf51443677f6c7612fa9b4ba142ec0ca293ec4d66a5d134e570f23711,dense_v1_train_x2.98_family1/variant_1,15,0.20355043649673463,-57.39502216172261,-245.43650940885843,54.919788927266666,1404.4004384193838,33.725937332797386,-0.12526162028312685,0.022191219043098776,2.2564663887023926,0.07581208646297455,3.5803604125976562,0.5928356605213655,-377.06559282902634,-4.916810711776644,2.9605162143707275,0.0038633618969470263,0.34076282382011414,22.205698020067448,165.2208963243961,2.7680180315348424,1,1,1,0,1,1,1
pi2_causal_upstream_000390,upstream,4ea7b0739016796ad7dd36318729ec78a62b5726e4a4ced45c83788597474b78,09d344e78752fc1b2c74038596bdc4187df9120e2428aac8d3ab51e27a7b2f1a,dense_v1_train_x2.98_family1,43daad2a7e117a88465ea65f28a87efceb51286428860fca425b7e22f433a0ea,63a9f83ba56c714d4daaf3d7125f3a28e455980689019664f331c726126d38ce,dense_v1_train_x2.98_family1/variant_1,16,-0.014036680161952973,-60.62843371480665,-170.55280153769652,76.75688725103791,896.6861948444099,27.534380672300248,-0.3217845678329468,-0.03620055096302028,2.0731098651885986,0.0656874030828476,3.409493923187256,-1.5494317215902718,-216.2001032326723,-0.3819518623499293,3.0034823417663574,0.0052649956196546555,0.4098760783672333,37.01025086683327,82.71114564113155,2.6435671941727152,1,1,1,1,1,1,1
pi2_causal_upstream_000391,upstream,8a3f0582b00ea22fa175b9abdae08d8679b45e9bab0eff60e901d8a389513c93,e56362ed33db829c05397b1d0c704ff179cd899d3d3b4252b3f490947f98690e,dense_v1_train_x2.98_family1,e9b0a354185f82425762dd50f29df4286672042ff82b231efd8f2d5675f123a2,bc1fde86e69b22c99376123148afc8a1f5cb9d224c8fb2960450827463bd27e9,dense_v1_train_x2.98_family1/variant_1,17,-0.2794663262367249,-62.95976852382876,-126.1580609138527,86.9273804346454,158.5403156179633,25.635170401032507,-0.6591351127624512,-0.0456649238906521,1.6356961727142334,0.048859741538763046,2.4201581478118896,-2.1848688727905934,59.92667275872285,5.85394638996142,3.04058837890625,0.006409238092601299,0.46776580810546875,35.5370507798478,37.230182958107676,2.714604068903555,1,1,1,1,1,1,1
pi2_causal_upstream_000392,upstream,03bda0d15c8b7d8da73fe00c4c45c4c0015b9bc64459e5a9c5034c1442ae316b,07daffb39d91b8ba7a5efcfd7791131e1950535598de92bee8b513a0dbb233e3,dense_v1_train_x2.98_family1,853f899ef0d7dafe4c183659b2a8c17e81e166baa7ec33b5666a7153c271435f,fef801ec60069e742a577d874fa06057195f64e8d66876474a8170d62f236c55,dense_v1_train_x2.98_family1/variant_1,19,-0.2559995675086975,-58.21392769226129,322.3672249742732,70.6433898306346,-662.1542190492602,29.812562047313637,-0.6447519397735596,0.04656955297030213,1.1582839488983154,0.026466330513358116,0.75515216588974,-2.524174741510256,48.179041084435234,9.055845584649134,3.0925796031951904,0.00777761684730649,0.5212454199790955,29.845338031260287,47.81098609572534,3.1246059515541917,1,1,1,1,1,1,1
pi2_causal_upstream_000393,upstream,228dc6971af0c7c0bae55b98db22003245d495b77822c6139059adb887ab67e2,ea2322cc75ca30b9b8ccd41f067d47770f8abd3958eebd79b8326b048204142e,dense_v1_train_x2.98_family1,8f1433f0b416abf9a953d33066b2a4227682325cf7c53c77bdb6cc62e0a3d041,b79f4a41d687d96b9c68c8db7ba882bd1181e35d4f6a65f3cc42811b53d72a08,dense_v1_train_x2.98_family1/variant_1,21,-0.06635874509811401,-38.14965277889104,446.42121879354676,41.06313485615709,-548.4668131446651,26.92160731081559,-0.44648054599761966,0.15339766464554438,1.2944891452789307,0.030148319900035858,0.6905717253684998,-1.8604867539639975,-114.12155321880856,8.357242737282828,3.138702869415283,0.00875144638121128,0.5421416759490967,25.849928376254827,29.346508825606744,3.543416225854422,1,1,1,0,1,1,1
pi2_causal_upstream_000394,upstream,65a2e90146ada621ecc7e53c5c1bcf85b3e191b60083d1415696b946f63efa9a,03b26c79e3f52076fa0e1a83c23b220584a2452ea21793e56e01df4da9e9b281,dense_v1_train_x2.98_family1,0ceafa25c337228fcf7d8910222bd89c5181843cf858c2f5735757ab70faa90e,a39b8bf0e09325a5b9fc237382b6bd675a98f59f43047ab20a63c053138b8fd0,dense_v1_train_x2.98_family1/variant_1,23,-0.04946381986141205,-17.87676681279568,314.37541187173804,21.245805432228657,-195.8635155072828,19.35945895351761,-0.3943289184570313,0.20262473014878518,1.54054594039917,0.04352616146206856,0.7290600538253784,-1.0020982477110023,-156.80961398417378,6.975743916320308,3.193556070327759,0.01013227179646492,0.5662510395050049,31.355291366169592,-81.67810684992381,3.781812415697816,1,1,1,1,1,1,1
pi2_causal_upstream_000395,upstream,7c8b3311cc74d6b3df97fdd469ca66b4d024f2b426d8e22bf404344b7fc8773a,29da1e67e2981c22450ded4dfd8a17e7f40e5596c73d96f51f79d34053e0d821,dense_v1_train_x2.98_family1,181922484acafdea9a964ad023ea8c5d8daf2c086c7e5453b2a36fbfd5024355,8982649c20e7726201d7b27123a8a2cf09f556168d8dd34d5171ea3482936e53,dense_v1_train_x2.98_family1/variant_1,24,-0.0566900658607483,-10.839121745801192,199.00731497845626,19.51203021331262,73.75582507313938,14.721573693161657,-0.3751323509216309,0.19542438828335923,1.6868654489517212,0.0531797856092453,0.6856724619865417,-0.7965446651348206,-172.48444733686782,4.675267048194667,3.2259273529052734,0.01112957764416933,0.578928530216217,34.723534268564265,-92.45673275647255,3.807906462435874,1,1,1,1,1,1,1
pi2_causal_upstream_000396,upstream,f3e636f7e09812b2f791c15a35fee92b4a6b60680a457cda31f4159eb3ae5c0d,754e396551b303f385ab58af1bf256e2efbbd357048ba0f6fd2f2ea0edd9f5e1,dense_v1_train_x2.98_family1,183152a833adf89f14a8fb31645e18d33c0d8d9c5a404ea801a811302e9ca37f,6ef1af14e02c1d4db0f6ef2d8eba55613245f2a7166926967cae8cf63e5ccee5,dense_v1_train_x2.98_family1/variant_1,26,-0.0713814401626587,-6.47106465364265,-46.33678538602647,37.2968012081774,537.3601605730374,4.803660989253048,-0.3936540699005127,0.13436861487635327,1.9773932695388794,0.07054933905601501,0.7711411714553833,-1.0959286117642872,-157.32301198332695,1.0295913599458903,3.302647829055786,0.013851228170096874,0.607134222984314,34.60071722200368,3.9369675682590706,3.7364533059642797,1,1,1,1,1,1,1
pi2_causal_upstream_000397,upstream,0adb5abfacd48c6f9a04f5c4d20b1b04dbe3ab5d0fe114ebea1cdc46f42675e7,6c6c1d32215721226b5aebfcb54f41cef59e4c2adc589cc0cc29950171fc09e5,dense_v1_train_x2.98_family1,5ba37161e9702f58e6902f48d504ad067438379b9ae24b0bf22da234bd89ee3e,3e0d3bf675cd61582af982c734169c10df54c36740d0424d4adaf9b3750cef4d,dense_v1_train_x2.98_family1/variant_1,27,-0.11099417924880982,-13.81525287945554,-370.2234098468311,57.983613713448456,1126.6600302365732,2.8941667121726096,-0.43306128025054935,0.09894869575379582,2.412759780883789,0.09373272210359573,1.5012444257736206,-2.0311695527846196,-125.07632287386276,0.0699770289446062,3.3483142852783203,0.015597944147884846,0.6328394412994385,37.93751393345961,-67.17779965709433,3.7251279843524223,1,1,1,1,1,1,1
pi2_causal_upstream_000398,upstream,90ff684eb248be0a34580f85dafcada9b08f0b1a60a65f09c3d68a9ca74b1549,833c863602cb00b17b50c2d57faa96ff55ed3e59da3f47021fd23d196adc00f1,dense_v1_train_x2.98_family1,fb4dcf29cfeafd36670d12c709fe3bc345379d7b59a640a99645b703793dea63,559fb9e37207258a8215463ccc5af7de7b0e4f8ae9b904986c3ea269ac53d302,dense_v1_train_x2.98_family1/variant_1,28,-0.4022945547103882,-28.374137482154342,-733.296103406279,82.09569095540004,1083.7589017200494,5.3884839269336355,-0.7996684360504152,0.08615492667760768,2.3736915588378906,0.09081320464611053,1.8861918449401855,-1.3200652180813695,175.01059280139705,6.0719677358155195,3.3968653678894043,0.01748254895210266,0.6704077124595642,36.13361316233506,8.880304600337928,3.8396681327091366,1,1,1,1,1,1,1
pi2_causal_upstream_000399,upstream,54912d6103cf170474ae9a753840d642e0c8941ee0c9f6dd989d98c1a2f5348a,dfb681d25d11037f486c43aa6eef433fa2996f93bd1504e9cd26b1906f2e1eaa,dense_v1_train_x2.98_family1,208b99ef759dc57985b5c82b92a9d4353d4def79700a9eb2affbab5872d91885,6af45a8f33ac7879af8f1824e84be4135db052523958d6606297785bfa303472,dense_v1_train_x2.98_family1/variant_1,29,-0.3623907041549683,-40.55255772513113,-558.1924561076297,100.71796950100803,803.8892230446223,8.104324378717966,-0.7624830055236818,0.0716042331352851,2.224972724914551,0.08194184303283691,1.4907164573669434,-2.0980955882538126,144.55419189604157,5.310347855619384,3.443026542663574,0.01922343112528324,0.7039467692375183,29.856440503756144,96.50609236818464,3.9790118488601,1,1,1,1,1,1,1
pi2_causal_upstream_000400,upstream,20f5c545e4d5ed5e392ca9ffa0f7a9458e4ac300383f2f759b768dab71892ce2,23e946a77aa5663a5fd7b82900673c87e3db2baef1c945897b9cda034d63eab5,dense_v1_train_x2.98_family1,e382db502ab55ae8e22b4a31010891ba5e4baaabff003b2ffa9c2b043a9cc9d8,76873725a4c8c82eb9989906ed65c0d49225202cb117cfc88c56a235a3025088,dense_v1_train_x2.98_family1/variant_1,30,-0.3293631458282471,-49.523703841430226,-417.0509682303851,114.39449440823144,582.8738637678478,10.241230253137779,-0.7339682006835938,0.044637559436541456,2.070753812789917,0.07259928435087204,0.985953688621521,-2.65716620861322,121.20801791666936,5.0720280413256535,3.486135244369507,0.020780211314558983,0.7282003164291382,25.467471933679963,83.80887315396849,4.100217948422359,1,1,1,1,1,1,1
pi2_causal_upstream_000401,upstream,b6746b79026a0f1e291443ed82e65f264250109a4fe966b34b3d47e4e5cd1c91,bf69c10e79c0024893fa0327d07f8799fbe2cf5ac26325b3c087d217c0d09d3b,dense_v1_train_x2.98_family1,b9039f431fb4b544981db673cafd372101c1604821a8f95e881b928090fa6faf,49e4619d89dcee51c88554bedc5895ce50a14208847153b6d5b2b4e27c8729d3,dense_v1_train_x2.98_family1/variant_1,31,-0.3190651798248291,-56.13882059976304,-315.9946311578946,124.17924582827328,410.3808513737607,12.10146705443007,-0.7227981185913087,0.005149889017177633,1.9315087795257568,0.06391960382461548,0.4835520386695862,-3.1000685446822276,112.04735454146991,5.239138010880124,3.526292324066162,0.022153224796056747,0.7422955632209778,26.198365354121147,-0.9203430177800653,4.200644140685508,1,1,1,1,1,1,1
pi2_causal_downstream_000402,downstream,e1f7e7911a7991f4b066156a1eaf5f7b4a23fefdfecae1be8d17d40a896559b1,3444167d3cc2a5b787796c2fc4ed737150f7a6b247e9ce1c5f9432d7a2630e60,dense_v1_train_x2.98_family1,583d3132a23acd3404cb6e65f734e49e3e46fd45daacd60b12fb85567c5ae164,7ac60bc0e9fab131c8b872780ad9be01fa8eb718f46d9bc1fdb53125c19c5fce,dense_v1_train_x2.98_family1/variant_1,33,-0.29659307003021246,-64.1847971024164,-171.80694721271593,135.47650165887944,184.78866429643062,15.285821392905884,-0.7045886230468751,-0.07984949726217508,1.7367075681686401,0.0511542446911335,-0.3803395926952362,-3.516118632359565,97.14766569730229,5.0207512499054285,3.599665403366089,0.02445664070546627,0.7423287034034729,21.768511271673272,30.65461982525842,4.412875309050426,1,1,1,1,1,1,1
pi2_causal_downstream_000403,downstream,f5481ed3aacf882c38a39fb28dd3260c5ad7f559cbf1b262dabc700714f8acb6,8aceb3c8fcf382a2ae9ed29f21d08f84d67cdcac9f8f3b8bd329957bb57a540b,dense_v1_train_x2.98_family1,430f4e383a3d2254e436d1bdaec3210f70c490ba4652aa0d205233fd2f475bf5,5b3a934981fc0f746535dc0842769f2446e1d7607c889de6b6ae2a6c60c257db,dense_v1_train_x2.98_family1/variant_1,34,-0.28262829780578613,-66.35353242805718,-121.85344347247889,138.41550473797923,118.95570839634429,16.657857530237692,-0.6949639701843262,-0.10642691658640317,1.6788992881774902,0.04756379872560501,-0.7271751761436462,-3.3449692462412663,89.27423343346179,5.642471780426778,3.6339831352233887,0.02545873448252678,0.7305101156234741,4.8195116788420505,-212.19462075618836,4.559452612869918,1,1,1,1,1,1,1
pi2_causal_downstream_000404,downstream,d077360a3a85f1b9f7bb179371247f42bb098d1231792015127040955b80978f,61f7ec2483e9148f81d234a0b62ca88c6294455561d695d6d607e87204645ea4,dense_v1_train_x2.98_family1,a28623881279a97d06c90edbe16427c29aea9ebcb2fe3758853618daf071a3c1,70fcd91aeb6e5f9e9adc4de878d690d9d1b0eb812f3f1dd2fd21db986a078e20,dense_v1_train_x2.98_family1/variant_1,36,-0.2707271242141724,-68.47628692020544,-61.79602723266365,141.42720835060467,46.912529351923524,19.068204677311517,-0.6814828872680665,-0.16331398489472274,1.6160603761672974,0.042808860540390015,-1.2860289812088013,-3.169911711257251,78.27036154846436,4.754515598700209,3.7000725269317627,0.027279406785964966,0.6884943246841431,-11.20433964468459,98.04707183739873,4.800705910074297,1,1,1,1,1,1,1
pi2_causal_downstream_000405,downstream,10032e1fe49aa30cac0cf6697a128243beb8cc94604cd5e008451a88fcaee92b,ad948186fcf67abe01d13d0d69b93757d5d1d454383c924be36fd99ee33efb19,dense_v1_train_x2.98_family1,c27ef76973f16b0bdc249fada91709ffa793047993976b0e3babf648ad7d12a5,b62a87d2678bfba2c3cd32d510ee551a58a4793e2cd1b8ad683b283460a880fc,dense_v1_train_x2.98_family1/variant_1,37,-0.2718471264839173,-68.93166246235937,-49.75825595262305,142.13308108056881,29.287567708164122,20.196298322076537,-0.680454626083374,-0.19104224328514222,1.6007593870162964,0.04161854833364487,-1.5180679559707642,-3.0608967694619698,77.42786454453245,4.9034858664795955,3.7324018478393555,0.028132565319538116,0.65982586145401,-13.721386443465702,57.53614753035341,4.906472288870838,1,1,1,1,1,1,1
pi2_causal_downstream_000406,downstream,95053ea149340dda664974855bc773ef01b91c704c61f11965fc1c10f5778adc,206ee39b7e6a3fd5969a8c47149a53465a474e18b9d60587bb07fbc3c431261c,dense_v1_train_x2.98_family1,a891c40817abcade1192fbb8897b0340c89b68a7af1d3253172d8f6e071ea998,5b72eb283844d2bc2b797e9189d07fb28103effcce6395a9b150927cf1b6680b,dense_v1_train_x2.98_family1/variant_1,39,-0.27061702489852907,-68.97864733365988,-26.27162254806412,142.79916112842844,11.709715586657587,22.197487586628373,-0.6706681537628174,-0.23059259679101643,1.5898345708847046,0.04065152257680893,-1.948171854019165,-2.8202004762238975,69.41920819550404,4.954468105991863,3.796483278274536,0.029790934175252914,0.5890451669692993,-21.237450403326438,46.252217398817955,5.127220172352545,1,1,1,1,1,1,1
pi2_causal_downstream_000407,downstream,94e459a7c77e27711e81204834178b36df797f543e9ce1a3ad9a46ef6510e9cd,df3bd6707dad39a813a0918de1de1067e79ff2dea8f28725b7d00e876d0ff7b5,dense_v1_train_x2.98_family1,ab0af603cc06c1b0ff35eb098de716515c3239ee079ef99d7042cfd16f2a3a05,ccde6a324d91412d92dcd897925ea4787a8603b1ffc266b6903c30e1d7eb63cb,dense_v1_train_x2.98_family1/variant_1,40,-0.2239959812164307,-67.4346147698868,46.57198978028503,142.87335064319313,6.676621758035123,22.3121233980241,-0.6170385551452637,-0.252107847902395,1.5979282855987549,0.040558766573667526,-2.1991868019104004,-2.8400808090202774,25.52586151334711,4.646330951775908,3.8285274505615234,0.030603734776377678,0.546349823474884,-22.816526960183566,32.41994368795074,5.227711373239324,1,1,1,1,1,1,1
pi2_causal_downstream_000408,downstream,95715a49e65bf3b250ddbda4bd41e0a6607dfe2a1b694f3c5bcfa0b3f87d8081,0a05d76c7dca95c6bb52d04484c941ae72bf9f51c5a913567a02123b09aaf6a8,dense_v1_train_x2.98_family1,a9f71680b64f91e29e9094a40e6da54adfef4fbb3b966cc48e7a13f321ca284c,707ce56a444bb0a28df7da1be65e1abdaa82ca3850adb033b23f91489f72f59e,dense_v1_train_x2.98_family1/variant_1,42,-0.19773588418960572,-61.701162735281336,92.03611604700482,142.93178974173176,7.744598674394779,20.90999195062232,-0.5814730548858643,-0.2936291373252929,1.6151344776153564,0.04164142161607742,-2.602529764175415,-2.542101640204012,-3.5849310807001507,4.763104988468323,3.8931427001953125,0.03224688023328781,0.44776520133018494,-25.33619228273773,18.264233199126746,5.426624856039585,1,1,1,1,1,1,1
pi2_causal_upstream_000409,upstream,c7c9e23d385af245ef0ad00c5abbfcf7c866190544fcfb6c604ca4073620fcfc,182aacd024d26fa5e0d2bb3fccf002796ae383b69b05f38b6bc39958d9aa3929,dense_v1_train_x2.98_family1,f3fbff5ad87e028cc0181724d37b98042d4acab6405b3bddfd9efa71cdf3d02b,af380d4d91aa0ed160151e76097213fbe6840dc6533fb5941ebfe4a509d0d732,dense_v1_train_x2.98_family1/variant_6,10,0.5176550054550172,-45.78037427057514,656.5907840834748,104.46830343085696,-1020.9224727522528,0.11905599193305268,-0.6699872970581056,-0.245892799874785,0.38118863105773926,0.0025366824120283127,0.0736471638083458,-0.4473030589677584,69.32385875469066,-2.6827055665803674,2.849513530731201,0.0008966834284365177,0.11889469623565674,-5.8247554421092556,57.729517015945646,1.35431170274816,1,1,1,0,1,1,1
pi2_causal_upstream_000410,upstream,c89aa983ce7cd8788257ffaae793b0d05cb10d15b1c285f05856e4c7e6777a58,7d4f00fdff3b2df69e749ac014591b6f57f35f24f600b8c7f0003c484468b6bc,dense_v1_train_x2.98_family1,1ea7e0e6c21b283e9144ede3d62684426849914c0804366130d554ea5792d87a,67ef29836179981cca18fa7b7edf4013adb77c7225d1c10c574cd19f2b1fbc9d,dense_v1_train_x2.98_family1/variant_6,13,-1.4631334877014162,-36.21847484767788,-634.6551671111152,25.694836978318637,-1071.4090454364527,27.905328235763804,-0.8288400650024415,0.16836056537193356,1.0778380632400513,0.04517035186290741,3.52729868888855,-13.671714746500431,980.8223774935946,60.166514851427856,2.8846476078033447,0.002423661993816495,0.20113205909729004,-13.785940268858784,41.85051564858158,2.939046974883517,1,1,1,1,1,1,1
pi2_causal_upstream_000411,upstream,a0b0b11be326968cc8b226e620a3cd3e6305be49ba05c4e6e59db624b6285a6f,f93b333ed1b93452cd06623c2c81e81499e2cbac0ed0a73b49d06bac69b14a22,dense_v1_train_x2.98_family1,16b4cf9fd5aa52fab92bd134c4ea468b883e787e90742d0e0a594d6aca664c22,150144c26b43357a9897df1a06e3f1fa44a45b57725b28f2b0c097c88acf74d1,dense_v1_train_x2.98_family1/variant_6,15,0.10416435837745668,-58.03363118874046,-219.64320159327573,39.567033144884576,1261.1405537106814,40.667097795745185,0.7896049880981446,0.7242207053058318,2.113473653793335,0.11432603746652603,3.025911808013916,-5.507687388666685,-343.8670212360725,17.46525474549158,2.9549033641815186,0.005786685273051262,0.33592045307159424,14.644745203207739,107.66909400046502,4.583535274067599,1,1,1,1,1,1,1
pi2_causal_upstream_000412,upstream,92dce0718b71ac1b9704ed04e75346b7f333954b4926d7fc524a0627c0a53556,709b5313f78b44f28be7af76da66725ea5c827568e21e4cc613da04d6ba067bc,dense_v1_train_x2.98_family1,accfb2fdbc6023485f9c16fe7df553b13490fb24b2319f12c4283f55df8e5ae3,ce4f9cac0810a641d7b3dd783233da193e868177400cafca689317de7abf521b,dense_v1_train_x2.98_family1/variant_6,16,-0.08206921815872194,-61.15305371476615,-129.85522865120225,58.08815658888467,749.8344502549811,35.63739840492242,0.6100780487060548,0.8556435224531121,1.951926589012146,0.10716381669044495,2.917598247528076,-3.800341586744013,-196.9221675078781,19.990901606211384,2.994947671890259,0.007980560883879662,0.3953501880168915,32.9493823863697,243.93930462203497,4.904084064120156,1,1,1,1,1,1,1
pi2_causal_upstream_000413,upstream,36fbccf4f3c03736b16662d2c862b6ff4e006fd5942726010e03210571159dc4,de9a7c70c1cd7cbaa1d638a23a607abb87be9a8ef934a298ad751e87168239a8,dense_v1_train_x2.98_family1,72192628529637d835dfa97893ec16bc2013cfc2dfd6a646d801a1fdeb7b93e6,5ef7e9e9d212beba9dc6c0d4cd44c14cdf389fb349f539e4ee856099f21cff82,dense_v1_train_x2.98_family1/variant_6,17,-0.29049570083618165,-63.222054618146416,-88.79926207857909,65.47629025181743,192.01044187193853,34.55035522313551,0.35748368263244634,1.0845764695737177,1.681479811668396,0.0940684899687767,2.3557510375976562,-4.391942263686075,9.839780546637346,25.368164398242563,3.030255079269409,0.009937548078596592,0.4469766616821289,36.78751839799915,-8.151407302681678,5.449877963855165,1,1,1,1,1,1,1
pi2_causal_upstream_000414,upstream,7ae8fd25afaa127c68741a86176f5d4dca8e759cac9e93953d5258a25e662856,9cfd06cf954b46b46d1ad66c66e497e3a47a2435aff93440aca8040c63d2aeed,dense_v1_train_x2.98_family1,3c606c1cb376697025b6f8ffb604ff77695edf7ac3178a055ea11ea64bdb9bc8,dc138052b5c25632d3f3c8ed7f40c4ab8951945f839e271ad6d9a63eefcab22b,dense_v1_train_x2.98_family1/variant_6,19,-0.20279664754867555,-58.23434995787962,358.79049279893013,54.94762877832364,-450.44665908278546,35.84880051023564,0.4664771986007691,1.679917526091594,1.3310538530349731,0.0774514302611351,1.0287116765975952,-5.692766732153813,-79.38939925151173,27.97848169900843,3.0875470638275146,0.01321500912308693,0.510286808013916,37.858765267423955,3.8539060646493684,6.837081506788685,1,1,1,1,1,1,1
pi2_causal_upstream_000415,upstream,5c38d2c9fa19acd060a25162a144aa47bbc6a00b04c18cf7226ac5f61dd43f09,cded124d8e63aa02964d4c7016e5af60b148633429767fc32f7878f1da1e6ce8,dense_v1_train_x2.98_family1,72c1f523434e544bb57f885c01b63708d9f70651310d79afc1ec30055414a355,805e56e837a9be5d01d08399e439e82f4b78508974ec07aa17a1f15947dd9b70,dense_v1_train_x2.98_family1/variant_6,21,-0.04963318288326264,-36.002879926526425,544.1145073225064,33.45010013932875,-463.99901115089807,27.50943548656634,0.6553438377380372,2.0716080903056726,1.3804372549057007,0.07781650871038437,0.6899053454399109,-2.4357233648717673,-233.9738673776896,31.32597960934648,3.1396541595458984,0.01625041291117668,0.5383481979370117,36.76206228296252,10.230757650201802,7.891012813253866,1,1,1,1,1,1,1
pi2_causal_upstream_000416,upstream,30736c648b64311195e58f8060fbbe4c2fe522e1ecfd01da45731a6a40265614,3cb366a83b43124aa3649dafdd52011840e264870276b461fcb0fb3fad6d2128,dense_v1_train_x2.98_family1,2b340cc3eed4c7c401544c4f166f7a6b1cc0328dab865f9ffd72aebcdf65dbe6,94a08b130b78d78b3163561ee9cf3d4f772a9056593aa5235c76bdad8b1da12e,dense_v1_train_x2.98_family1/variant_6,23,-0.04825355768203736,-16.240840883929245,469.23011643242745,17.31152426274752,-328.41347235210856,18.665405737075197,0.6535807132720948,2.501443135137706,1.5281729698181152,0.08356603980064392,0.6572295427322388,2.4263525587739214,-232.52253414133193,36.19926152554263,3.1974217891693115,0.019390752539038658,0.5656763911247253,37.53222758358398,9.760552913586137,9.009482317938435,1,1,1,1,1,1,1
pi2_causal_upstream_000417,upstream,ab5fa09077cde5e8d8f6181bed36fd7aeb910cb5c083773b20dfcbf76c91ba6d,8c6d2d9487cb7e9e7dfddf42d82026eda6db6007c773df1637e7294cdebb5ee4,dense_v1_train_x2.98_family1,80acdb6557625322bd21c964aa73addeed525a44d702cc18ca2e6d42ec34741a,94334d83bf5f7a7c4befd8beb8c1681d8039f3f2b1944d0ce2580e734f1c83b7,dense_v1_train_x2.98_family1/variant_6,24,-0.054366130828857426,-11.159448226364681,310.04220325849855,17.070515915241742,-20.960242053219595,14.917474087865198,0.6485558319091798,2.745231088712719,1.7017861604690552,0.10184706002473831,0.7078648805618286,4.823422389028706,-228.397974146858,35.38853856162963,3.2307839393615723,0.021313399076461792,0.581135094165802,37.19073861565086,27.890734258741276,9.596239504876305,1,1,1,1,1,1,1
pi2_causal_upstream_000418,upstream,f3aee9b222a8b7e7ccfc71c8513d323841919209036c8eacbfd8d2b515dc0450,f9d6750ae2766a3ce5166a01a3dc358c3f8273da8fca62768cbf87ec3ca1347b,dense_v1_train_x2.98_family1,32865e1b35bad959430b9ec2e7fe451f72046d4123b487974562d1b50c3a2ea6,11b511da652c6c49c14bfd0c69b035efedeeed6ba90cdac0c68fa72147c9dda7,dense_v1_train_x2.98_family1/variant_6,26,-0.08331495761871338,-6.4084262694249325,191.8720758997324,25.80838716572281,139.7028178116082,8.064303821807743,0.6108635139465333,3.255532819927172,1.8401155471801758,0.11800480633974075,0.6339597105979919,9.275857930646291,-197.55006679827738,34.790869688496834,3.3037149906158447,0.025857621803879738,0.6116249561309814,37.76865799679856,21.105523591960353,10.703943575947457,1,1,1,1,1,1,1
pi2_causal_upstream_000419,upstream,4b6fd2791e0b66bad6f57a78ca34d2fedc662aa12108dd70f9de2138fe0bc663,2de27b6d33ac86ae4b08e0f0c16a2970c6f6d334e573f8d03b55c096b105b012,dense_v1_train_x2.98_family1,790116e678335879b6a070844e4f8ccc86e9ca5baf25a3376ddf75ef7a791968,54b3c7f9571e87f357da1fcf6226b9f4bb07acd7e947eeabbf1d8fd304995820,dense_v1_train_x2.98_family1/variant_6,27,-0.07968523502349854,-6.2832792745837285,127.39559556881063,33.342067037226656,286.2600856251611,5.1823323525492055,0.6185604190826417,3.5184350668880233,1.9546295404434204,0.1319642812013626,0.6523400545120239,10.397938482968911,-203.86635253513836,31.187261882398108,3.342726707458496,0.028402220457792282,0.6269502639770508,37.756295354400834,28.596308167929227,11.22345612585256,1,1,1,1,1,1,1
pi2_causal_upstream_000420,upstream,241a9c9f21f7262d71c001a4278138d53eaa11df3b6841b0778a0f85e0cf5a50,8c39f79cfe59420a0a7eb9cae16506bc4304aa5ac4f7d4d34f2d9bd3b8241f88,dense_v1_train_x2.98_family1,d981cde71865e07f69b72f3e72e079b562150a455fc2c17a21046ef62d5d38e7,ad63b4af6088c15c7112c7dad364327ea08de0c7e307486499547d7fc39aff8f,dense_v1_train_x2.98_family1/variant_6,28,-0.14362144470214844,-7.6540021914700835,45.97030134082568,41.91682654013865,305.50832368744403,3.0925459624853504,0.5474269485473633,3.7815093987047463,1.976981282234192,0.13068756461143494,0.6198806166648865,11.187608242538996,-145.59134246112967,29.409291924457502,3.3828134536743164,0.031006209552288055,0.6423638463020325,37.11582168573957,42.10792157273726,11.739844746683227,1,1,1,1,1,1,1
pi2_causal_upstream_000421,upstream,15667791c21128b22a72a5e4068566294452c5ccc6025c3af40c558e27f94e62,d4fa04f0310227bb8aff40ac083939b8be0ab76855abcd3b6b09c968ac7b9790,dense_v1_train_x2.98_family1,f6c606da54cc18952574ca6defa3f589edae1b4dbc4a1df3514aa386b2c0d7f3,efb9c3d9a1605d98f8a57e28a5c93c02242925340542f58f81caaa50496202aa,dense_v1_train_x2.98_family1/variant_6,30,-0.23431579351425172,-16.547070707819472,-177.08363717676596,64.30378582794718,568.9244318221473,1.7887519951804163,0.453958854675293,4.271142672321413,2.1791064739227295,0.13815703988075256,0.8083169460296631,10.115242929637608,-69.05656613171139,22.243284551070026,3.4673163890838623,0.036288127303123474,0.6765226125717163,36.11902387826791,37.40090012131756,12.763226776653907,1,1,1,1,1,1,1
pi2_causal_upstream_000422,upstream,753976c6eb62004e879cbc74ca003874276052b828e3c26be191f9ccf6cbaee3,d581e46be946d1bc6169361fbdb4f5559963f18785e0b0f55d7875aade859feb,dense_v1_train_x2.98_family1,1927f0acc2aaa81b536bfc1a911bdc867238ecc9fe6bf192319bf63bb6ebdd89,8b439198fa2be41e684082ca3db3796f95124b7ff36185acb9f723995d0d54c3,dense_v1_train_x2.98_family1/variant_6,31,-0.3407981538772583,-26.340911402099316,-385.1531925044818,79.89509962747032,737.3408321497338,3.6276218018103727,0.598629322052002,4.502782740568441,2.305828094482422,0.13052107393741608,1.095774531364441,9.113685334088094,28.408259399700434,19.82467870747537,3.5128986835479736,0.03880394995212555,0.6999287009239197,35.12742042966004,41.39974706902283,13.37447825336755,1,1,1,1,1,1,1
pi2_causal_upstream_000423,upstream,0e795f91c36237d29cdf142c580a4f89fe10a351fa74c48792ec65b562c554f1,160f6f54770e74d3a44402b156ba07f5fc7b01ee1b9ac1a43c8bfd60bf656d04,dense_v1_train_x2.98_family1,37ac834ed79dfe733a52c962c811ccc08a3fa341b1a400afc31f936d95ef03c4,2e334b1c055a8f34b5b0ab1b387c2223db6a7f7990419ac5ef0afad5710c5ef9,dense_v1_train_x2.98_family1/variant_6,32,-0.41265473842620853,-38.4413428375856,-490.121479442962,96.95690534397299,800.6925852300296,6.59912262719604,0.5346056270599365,4.742213044352856,2.3832626342773438,0.11856043338775635,1.276496171951294,8.33884989162163,80.79880878674388,17.453607565409417,3.5602986812591553,0.04109916090965271,0.7275373339653015,32.79192262033881,61.89234656033916,14.032496312168162,1,1,1,1,1,1,1
pi2_causal_upstream_000424,upstream,e9f908836bad5d77a304529b980a41c02b431c78fc9c346c8dec975e244bcd4d,0675d6c5d3e4c5e99ee6b608d94dec5bd12328b7f604fd1c8bec7c316e847ee9,dense_v1_train_x2.98_family1,2f88a10d7a4810e2ec10b361c440ca29bd1702c8d28074fa4348bc4fd231aa68,96298a6d878960cdb853de7ab083923af61c71aad00e4214777d7fdcc938228d,dense_v1_train_x2.98_family1/variant_6,33,-0.3939752721786499,-47.80425152920371,-356.34531239682224,111.2856040339059,614.3738219557328,8.460374159035942,0.5737214088439941,4.9855910552950995,2.2675530910491943,0.11241194605827332,0.85359126329422,9.021903813342401,48.78615952428474,15.314573317374428,3.606715202331543,0.0433034747838974,0.7498406171798706,29.78911874420191,70.55946729630266,14.54529679432268,1,1,1,1,1,1,1
pi2_causal_upstream_000425,upstream,e8104168d4b9f5b9acf45a33ec8c475798551664934db01f21efb4ad59474c7f,0972188da3871f588b59407a30854525b23dfd98a23aad8a36ac89a5b3fba457,dense_v1_train_x2.98_family1,7a30c8a4d8442e220c572de0badb137ab05a3f51b5b89d167b6fc89580010980,8860418135902b932f23efa8fbed341ccd181e47174423cc4530fac528315d09,dense_v1_train_x2.98_family1/variant_6,34,-0.38663979053497316,-54.69835077928027,-255.1770421842136,121.89667856992506,441.9076385447056,9.845251719588756,0.5866004753112793,5.252287845934444,2.134686231613159,0.10881592333316803,0.3621777892112732,10.507538259711875,38.25901776788128,14.329455133383489,3.65053391456604,0.04540766403079033,0.7626679539680481,28.95068228773158,35.4142610540439,14.984102179456926,1,1,1,1,1,1,1
pi2_causal_downstream_000426,downstream,a82fa53dd9c88056a96d6b3614370353aeb8c5ad0ef315816ed027ff473aff96,bbfba4d49b27be54e6820934f58fb3e1a1fa7180d402c9b0f3a94ada2bb3e1ae,dense_v1_train_x2.98_family1,168c84e84f12b9ec9729828734b8d3a047073a25a7d7fd169475618456f111f8,b0a1cf8196f0a3472190e60e7ba502d0c0fd5d510fe7a28e92e3c8089ae34f9a,dense_v1_train_x2.98_family1/variant_6,35,-0.37771194934844976,-59.74142436805377,-178.18772359572017,129.3752166167121,304.4962262562316,11.035654031415994,0.5916827011108399,5.553956599234317,2.020456075668335,0.10821306705474854,-0.10636316239833832,12.238576280318028,34.08719627944544,13.829395639905698,3.6918506622314453,0.04746972396969795,0.7657599449157715,30.284560176027128,-7.335312394986459,15.387985507418607,1,1,1,1,1,1,1
pi2_causal_downstream_000427,downstream,b0e34177220e355b2b7b77b6e43e548d0075ad42b4e450f925a0ba0706d22bf8,e828a833860397e120ebd402b19c4cdd49eeaa53a688c02c9fc648acebdf652e,dense_v1_train_x2.98_family1,16b6c203c8ffb6fac0735b7b8e29df7d0581b083c448c010ebb4b80f4e9210f8,528ef27038acc14efd8b178cd0cf60bdd2c05863a32f4df4d8874baa9b89444e,dense_v1_train_x2.98_family1/variant_6,36,-0.3959503507614136,-63.284134207512665,-114.65115925686217,134.4415913958391,202.08081814269198,12.05592070128296,0.5987700462341309,5.9031050534371206,1.9333068132400513,0.11066050082445145,-0.525310218334198,13.942707624462564,28.28643102302221,13.185240499281797,3.7311508655548096,0.04956052079796791,0.7598816156387329,20.566855600425416,93.28571964622616,15.804434200409993,1,1,1,1,1,1,1
pi2_causal_downstream_000428,downstream,0f62ff56c8d574571a1f98a41ed25272990b57b5b0d3541192b7b558084612ac,c10078431d4f094688b472d0b1399d3eccafc922e101bffc511c8e7ae7285cdf,dense_v1_train_x2.98_family1,c220362039a998128fedcc97bed53f124ba530f18547eacd569e32f5979ea893,4bca104921a9884948cb8a1f50fb12d2aff62257f17426f44b8d99306edc8ba6,dense_v1_train_x2.98_family1/variant_6,38,-0.40381925582885747,-67.25444120977103,-33.21655889613309,139.8839680887753,81.08185865613837,13.72184691435803,0.6098164939880372,6.692037189105422,1.8293066024780273,0.11701003462076187,-1.1958255767822266,16.51836171519062,19.27273282819393,12.697085171753692,3.8057518005371094,0.053910452872514725,0.7258030772209167,11.740815999269595,112.71430202335415,16.57018468764951,1,1,1,1,1,1,1
pi2_causal_downstream_000429,downstream,033dee8787648f78705fe9eace34f526554e2bc5ec08eeca58260eb89df8e69d,582cebc3b548ff6d5a3540567ebfbe4e848f0af508e4180e8e977af299a875d5,dense_v1_train_x2.98_family1,b6da764edce6f405bc0780a792c8d05f418004625b74598a8ead7114c62d0208,7cb9013e19ef19ceead1c5fc02949d8844e3df6454ce7bcaacaed6a8ef36c8c8,dense_v1_train_x2.98_family1/variant_6,39,-0.40445455074310305,-68.15151825536051,-3.984199607030178,141.19936690027137,49.13092356792489,14.361668653408325,0.6181558704376221,7.123900295445395,1.8029379844665527,0.12070167809724808,-1.4707612991333008,17.395656825396443,12.442337898732434,12.44156437980893,3.841865301132202,0.05618879944086075,0.6995511054992676,5.388328979147066,127.18399630832363,16.939165494109975,1,1,1,1,1,1,1
pi2_causal_downstream_000430,downstream,07b3ab2e560a4bcdc19e67ba2d89b9c79e5ac392c5e8beff5712b349ded6d641,d64551ca1bd91fa90cec86b2a9e833e21d0d6dd78fe9d5b0efba006a087c5093,dense_v1_train_x2.98_family1,0abb05c405113216cf267eb81edd958d166ae655c4ea8375db9c9a57f672622f,e0e50e042ed0d04ad1fd431a1b4a6816b1163dd448a03c7dca5c491719b2c581,dense_v1_train_x2.98_family1/variant_6,40,-0.4059315538406372,-68.61912666631792,13.20371872230762,142.00493307136102,29.095673543432614,14.914273341548695,0.6223741245269776,7.573303515159461,1.7860829830169678,0.12336933612823486,-1.714155912399292,18.081631506761042,8.993319471665899,12.21799692034878,3.8775522708892822,0.05852343887090683,0.6681636571884155,-1.5622437690910405,138.76301110257114,17.300450744584296,1,1,1,1,1,1,1
pi2_causal_downstream_000431,downstream,52823a3f9b3d960521cab2e3266c370a312ab51b3a8bf42b1cfdb894ecafa2ff,820032594d0a452ec4e6b4b743bc653c42acca4e20086f9a7f6932d4b7dc2139,dense_v1_train_x2.98_family1,530db86c68b5d19a69b3c0932c4103cff994b24a38a20357776195c241f1cd6c,848536f71c6b51110fe8aadcf8881a274d3aa2b85c2d22144c969462b5d5a15d,dense_v1_train_x2.98_family1/variant_6,42,-0.3855019140243531,-68.4586240510118,49.52957097392727,142.76454572971483,8.767934328112878,15.638458790565927,0.6411063289642335,8.503340376390215,1.7731841802597046,0.12994536757469177,-2.1633167266845703,19.05981363364983,-6.340362580572109,11.610071664403565,3.948298931121826,0.0633724108338356,0.5914372801780701,-18.50397625408878,133.2614713110443,17.975969643497038,1,1,1,1,1,1,1
pi2_causal_downstream_000432,downstream,2497bca3f703d2b1294bdd36ecefb2dae88abd739352fac85293bfecbc35378c,4bff657cbc52f358ccda682dcb7cdf0860ff108daa7e1f75941cbf75aeab77bd,dense_v1_train_x2.98_family1,cb6b4dbdc99a43b1d226c6ac38f32fd83fb965f2806c3fe3e5c00ed346c6cbc0,7f516830fb33f5c8bff50380d57fed747c72fc993e9d52d88dc7dbd678db0398,dense_v1_train_x2.98_family1/variant_6,43,-0.3228337240219116,-66.45847145446525,132.70535730882187,142.85307864173652,2.8639217977616185,14.91493594724154,0.7022118663787843,8.924792282937927,1.7847914695739746,0.1431097686290741,-2.4219515323638916,19.18532006719611,-56.35458969073832,10.334159884046624,3.983769178390503,0.06609738618135452,0.545425534248352,-25.500625671911205,138.30876254163027,18.11713791214871,1,1,1,1,1,1,1
pi2_causal_downstream_000433,downstream,b4dda2753574bb9a3396f1af64d6febc232b702547a5a8980be1c93c88dc548b,3c70e194f58232acc15fc47348db521733d40060671ea4427bba3c9fcf892a8f,dense_v1_train_x2.98_family1,c500f3bae3b61a94ea47ff119c4ebd12b121a013db24923f1333d2ac3cd5c700,874867399523b05d2a4a4ac3926759f365a4e3a7e1394b361a6b1b7f78fd9e80,dense_v1_train_x2.98_family1/variant_6,45,-0.31616608142852787,-62.62123019761707,120.34346623190748,143.04114107034366,0.9005362162389688,13.569658197181731,0.691997413635254,9.76494660962813,1.7842762470245361,0.1420452892780304,-2.794947862625122,19.738529531474,-48.023777224222506,9.146347298699094,4.054816722869873,0.07154525816440582,0.44215938448905945,-34.37785839466992,80.21770995253752,18.340590441267075,1,1,1,1,1,1,1
pi2_causal_downstream_000434,downstream,8094a96c507a694030c38a9360c301ee53617808025ad5662d7bd3f67736d777,c19f415fe8692a94e1338dd3986e9a8b9bf414cd88449a5963f63a606608c3db,dense_v1_train_x2.98_family1,625f0b127d49c6bf70c537da21c756ce420664ea19501e0649d4fca2a0b5c40a,26f00d19a1f4efe92ca068fcb5793fc4e17f20e34f55239c5da3afd8d3b550b5,dense_v1_train_x2.98_family1/variant_6,46,-0.30330961227416997,-60.510332913867956,131.70463897276662,143.08152114871677,-0.9211823839960365,12.79815951360844,0.7000528049468995,10.176313271658028,1.7868963479995728,0.14395445585250854,-2.9934611320495605,19.877126022564607,-54.60996130123113,8.355553119236896,4.090381622314453,0.07430369406938553,0.3846275508403778,-37.26925847034932,61.6454352218432,18.398054379946917,1,1,1,1,1,1,1
pi2_causal_downstream_000435,downstream,74f47b12129b4556ab9ee8a4b0aeed528ef19c943245663545f06649095a37f0,8274d2a442dc1159cef1843f9d56957b6e4c73e6ad95f775c0c48e60bd1a6bbb,dense_v1_train_x2.98_family1,8ffbe540138e3a983fbf096b55ff0dd1ad613eefd6ed33aff45c053385858ca1,436398c8cd8c5b17648744bed63ad66e1355a9c54355334eca440749cc5524e8,dense_v1_train_x2.98_family1/variant_6,47,-0.30290980339050294,-58.52297326163686,124.81116126990453,143.12856749171982,-1.4063393652002105,12.08350558182655,1.1480812835693361,10.586656181091524,1.7900601625442505,0.1437920331954956,-3.1795718669891357,20.030747222281946,-51.17262420519261,7.716380601612518,4.126033782958984,0.07706089317798615,0.32338273525238037,-38.64639536175314,33.76487965251254,18.441030902597085,1,1,1,1,1,1,1
pi2_causal_upstream_000436,upstream,62a01622b23ce1786958504507d0fb55de98202d4c36f4d2d7498449835abece,2e86e99700fc62480966d1dbe4a6bceb31af6e6a85cf08416e8a42bc83b26216,dense_v1_train_x2.98_family1,73f9512f02103be3a4e5d4463fc735adec5c6a897140e1b74b9fc8107d269b50,ac4bd92dc99b57e66a1a9ba9b8cb221898b3883017b8b004c563ef98592c1a78,dense_v1_train_x2.98_family1/variant_11,10,0.6903957748413087,-45.90767875142042,680.4179263238209,104.49609547058975,-1011.2443679059115,0.09754269787196809,-0.10823056459426882,-0.21614532626613991,0.5322529077529907,0.010443712584674358,0.08302674442529678,0.32435517159588606,34.527077537467186,-2.68160932121858,2.850557327270508,0.0010724111925810575,0.11896506696939468,-5.817448847244634,57.11549666993984,1.4369775415374708,1,1,1,1,1,1,1
pi2_causal_upstream_000437,upstream,dba3ef03feaafa1b94b2459636a3853e612df99aa0a2ad32905ee77bf1c0639c,802be286df468b5a03add6daac57dcf38ab9ae77a18dbeaf441c8e39b5c3ac76,dense_v1_train_x2.98_family1,967d3961c5db53188fc12e5a2b5a31cc827074299e7b549fe5e3551b14385619,6cbb90eea65d1edee84b09b29d9ad96d1655721fb51a08f161fed897fec6e31a,dense_v1_train_x2.98_family1/variant_11,12,-0.8471206569671632,-28.20788214001977,32.71238506745401,52.94783476670853,-1602.5801803572447,9.472944285163782,-0.8336267566680909,-0.2183313791792085,0.6756948828697205,0.038909684866666794,1.7122843265533447,2.7905201026290185,628.3001405412818,30.71817815057997,2.87520694732666,0.001442834036424756,0.14517226815223694,-8.163133883712943,25.20524389597025,1.4790927984307196,1,1,1,1,1,1,1
pi2_causal_upstream_000438,upstream,20dae6877ea81e9cbba3e351e06d4e9036c274835824d84a1f6e4986fe852173,86b75e718ebaba659fa70f6e43f383684868d5a83aaeda731bb5cf8e79b6dea8,dense_v1_train_x2.98_family1,ea4220bc8614f5d784f085be4d5a0fe13f4d65430ef4a9ebd8d0d11d9394041b,7535adbf0a8a5dad048979fe1c798d6065440e0e4748a6cbcf93fa7f94cba8f5,dense_v1_train_x2.98_family1/variant_11,14,-0.2181114673614502,-50.226793269307585,-447.11322623949576,35.96285160289557,641.1922592034643,34.73175412475711,-0.19882370948791506,0.0672868755108504,1.9609127044677734,0.07540997862815857,3.2943150997161865,-3.306083912079326,108.65506595810221,10.271440818219336,2.930500030517578,0.0036379455123096704,0.27092933654785156,-2.469711453398809,-129.6801572423965,2.615900510472401,1,1,1,1,1,1,1
pi2_causal_upstream_000439,upstream,775c38ecb5f1fc0d8d84ed694568ebbfaa393955a6211eec8f974fcf4b8dd8dc,9ee8791625cbbd2ba59c7c2e5d915064601ad91992fbc1668b2ed1bcbb5ba9a9,dense_v1_train_x2.98_family1,1794e7018643049e4f7a39baf595787b8e6116cd7d5728bc58e28002dcb8f3ff,9c728ecb55a84efeaad3acc3fa340d0d45d8140f97a0bceab922499f806f9796,dense_v1_train_x2.98_family1/variant_11,16,0.13861473798751833,-60.627135978864345,-137.11543287098067,78.29171271980982,751.9083142530504,25.790845283015667,0.6302903938293458,0.07334089633324112,2.0920493602752686,0.08246107399463654,3.212833881378174,0.3305156287012673,-191.4148083951784,2.660995810303482,3.0183448791503906,0.007133300416171551,0.4077640771865845,32.1514591969613,118.33996684266765,2.504426380470916,1,1,1,1,1,1,1
pi2_causal_upstream_000440,upstream,69204b83767909b9a6b5325617db135214d40e8c193cefac1edde61f80f5757e,498277d182cbf6a8dbcc30df3285a88d8e8ccf079bc20688efc72ec89a4cc6ab,dense_v1_train_x2.98_family1,6fe88c0d49215e15d4341a9239390e41c94ec769d4a0ddb942fa98c4c7d829fe,fd1b0b953bf661725a50da25f91894f8eb8228cfd09100af0cc6d2c5c31e9ffc,dense_v1_train_x2.98_family1/variant_11,17,-0.10455468773841858,-62.97969901582685,-85.69295351575983,85.94829330769159,78.66559044478714,24.774237258412196,0.3344264459609986,0.12862308461934674,1.7041637897491455,0.07092785835266113,2.2384321689605713,0.02193400025857884,50.76508047779629,8.569052879860447,3.0559000968933105,0.008652736432850361,0.4621443748474121,35.57563793356379,-28.47743897070891,2.6242221543812962,1,1,1,1,1,1,1
pi2_causal_upstream_000441,upstream,4f020b70197ab61f0d1c87c89de7ec2ef835edd0fe6ca62527266ace4c10cbde,8972d5e6903d331061e0214dbecc100cb5c54d24593a0d7fdbef98f256d85afe,dense_v1_train_x2.98_family1,7b8ff9c32966f5f680c0e3116b5e7d46fbdcfe83879a3d8e090b636748ecf286,6955890f604c7d01cba7b013acfc999eeb2570f8d0a2e5c7acbd17c8007aaf3a,dense_v1_train_x2.98_family1/variant_11,18,-0.2477918362617493,-64.41777485500553,-47.025582643065576,82.11780710793253,-333.8322165905165,27.855991864657977,0.15891154766082766,0.23196473719901436,1.4681847095489502,0.06275525689125061,1.5314915180206299,-0.8810721514559895,194.44468031099606,11.863451192043527,3.0867180824279785,0.009964196011424065,0.49826666712760925,35.525760477149774,0.8955599965417914,2.875095366650948,1,1,1,1,1,1,1
pi2_causal_upstream_000442,upstream,30bafc71378b4912214be883e4de42bda61b3a82d5816ea862b683cbbb98ceb6,b4219060dbd3d559e1a90b9fd87f6f234f32bb397fd532cc16903656635384ec,dense_v1_train_x2.98_family1,abef6a89f0afca6e875ea356b850e3a7babd7c25e743e56eb0732bdf334574c8,04b5b035e1cd0c3467d559e88730e27ff8164d3cdd818128913284badb383f6c,dense_v1_train_x2.98_family1/variant_11,20,0.04413816392421723,-48.69464864978491,488.40622769707505,56.588390481122445,-668.2769645457997,26.750863948788584,0.5177954292297364,0.42267132965562776,1.326696515083313,0.05547608062624931,0.5130333304405212,-0.7459125795392219,-99.30201664455102,10.271694388992273,3.1393661499023438,0.01224425621330738,0.5249066352844238,33.43092779832852,36.26681551152865,3.3413286832610467,1,1,1,0,1,1,1
pi2_causal_upstream_000443,upstream,809a1403fe444bdbe41c17532d85dc1834451e5e9a1d471bc665b52af611aace,10f00ca49c81fc23e8b868138a7c397b5c87a9f361467f864a9b5b9670746125,dense_v1_train_x2.98_family1,96fd75dc6f8526e8ad248dec4481417731ff2d80f15c02766912b0050a0efe22,f4425c88a93a5064297e45aaea5054620c4fb4172021ad813dcf6a5d1ec11d34,dense_v1_train_x2.98_family1/variant_11,22,0.10841403007507325,-26.81386955872414,533.960693460852,28.615004103234842,-631.6551841031055,21.152534760716584,0.5956293869018555,0.5760868651054872,1.4277743101119995,0.05474482849240303,0.5223668813705444,-0.2501905496690811,-163.03201194070377,11.798293748682545,3.1932384967803955,0.014396767131984234,0.5433924198150635,34.18201296550356,-7.291157783323265,3.774061682448624,1,1,1,1,1,1,1
pi2_causal_upstream_000444,upstream,deac1c5ed69b027c7f215ae1b79ed917de8cbf61f5d2d82f41d02be35dcdb14a,674a6c19257bee0223dd93ca3d9261500d8712aea9f00d65ebe7a0aa248143e1,dense_v1_train_x2.98_family1,75fea7f41fad43ffb2e5c04222075123d12eed3df82871396031d3cfa34085e6,98986bc6fbf3b6046283ad9c9dd560ad6c1c4d60a950bcbdc623251252c69c57,dense_v1_train_x2.98_family1/variant_11,24,0.16729273080825807,-12.882641774709075,354.90416980270624,17.179776743847142,-152.6810105177112,14.967819186826503,0.6596255779266358,0.7073932752911742,1.7178837060928345,0.06951537728309631,0.5751298666000366,0.8929365102094189,-215.39403162758407,8.20906007569211,3.2575788497924805,0.01691318303346634,0.5692732334136963,35.774632079937525,3.4059607010953643,4.140067574706451,1,1,1,1,1,1,1
pi2_causal_upstream_000445,upstream,e6566116b460bf942b421a315e9e20a867608c46710a301d3cc5f50f7df6834d,272d326300d820bd2e69b78b8ce19b35f72c90515b31eeaf94220a04d87b13c8,dense_v1_train_x2.98_family1,c656cc694a901bc5b1b9beeb4d99d2562a702a33645b57a40f3eca66bca07d0f,e1b6be57a385440fa7bd2f3b2e187a32bd76d1b3339226664107060bcdbd5987,dense_v1_train_x2.98_family1/variant_11,25,0.1619753193855286,-9.533152010454318,241.04895981058232,19.161340980567488,46.57958836573667,11.667816601157929,0.6456352043151856,0.756216983685018,1.8357452154159546,0.07608383893966675,0.582634687423706,1.1712842746080396,-203.9151337461906,7.223281924672618,3.2940330505371094,0.01841045543551445,0.5825791954994202,36.8870205938279,-6.135966608338539,4.257764340707244,1,1,1,1,1,1,1
pi2_causal_upstream_000446,upstream,5cabd3b267f3308c69e13cb0887fbd2cbbadb5929120d236b2f5c926c87c3dae,dc6a7276c39e4aee51a98663c99164be2c47c41bc02d8c50ea238ee23ee7a0e3,dense_v1_train_x2.98_family1,a1f7af06cdf1af981db76a00e53f8c702e00eaf2449e84740e0638d48f27a3ce,0dcfdcabe3520be457bf03b59d2af4bbacf05a379e4239f44b9d543e2edcdf05,dense_v1_train_x2.98_family1/variant_11,26,0.17762627840042117,-7.8136373727516215,219.57495434308896,23.972119835668853,118.68282867862395,8.54295224657759,0.6597804546356202,0.7996112189515333,1.905282735824585,0.08029679954051971,0.5203996300697327,1.2642538213824912,-215.49860182377697,5.933764834375836,3.33237361907959,0.020011071115732193,0.5956690311431885,37.67566838634342,-1.9158499194985938,4.358302319304481,1,1,1,1,1,1,1
pi2_causal_upstream_000447,upstream,aa123027793d90583a60df998b26e743c976c53b924ea149eceea9341440ee24,4f300b39832dd04457e2afb4fa7376ccb366022d9285c64bf36094dd92fe95c7,dense_v1_train_x2.98_family1,8b2db41ad235183209947aa3f0b014c1543c6b5280b0788f66ec07da5d949c8d,9af94fe0c9abf0c0ff4e5b97ab9325d7d58b8b295a35fbb8b33fb635a8b3cce4,dense_v1_train_x2.98_family1/variant_11,28,0.13103212952613832,-8.457770315260722,72.12746699387331,37.9416393677183,298.56111971657066,3.8380698117906347,0.6022936916351319,0.8763221028344472,2.041478157043457,0.08627709001302719,0.504898190498352,0.856201511697269,-168.3969889299654,4.795489049757469,3.412689208984375,0.023367011919617653,0.6211280226707458,37.9928657864934,18.56380871121809,4.571110186603797,1,1,1,1,1,1,1
pi2_causal_upstream_000448,upstream,82c9553ba8c313131d98421d153295c768ac4f02a1112e79127fb0919c85ce97,c66cc08c781b1a5a1a34b38e17179f9ea3f0d04d39294610112c4e5b54d6b701,dense_v1_train_x2.98_family1,7973fe1ceb750e5a10e98a8e63bff2eb3bd0f966b1cdcd3a34eb73500d8464c2,c5e092574882f7658678dcdf930a6895ef1f734dc22f4cf61795626aca274474,dense_v1_train_x2.98_family1/variant_11,29,0.06806901037693025,-11.236923062120136,-28.026520126988423,46.986647149701916,352.9408455861644,2.6372051048134253,0.5302506875991821,0.9059830069333682,2.0755012035369873,0.08633768558502197,0.4990590214729309,0.6605173390283441,-109.43466374996747,5.351434858571596,3.4544870853424072,0.025093715637922287,0.6341168284416199,37.49141378819857,30.093236332091315,4.694170248957103,1,1,1,1,1,1,1
pi2_causal_upstream_000449,upstream,a5a4bbb76a3d57df72dc303c5ae2a1c11543bfae90b775ff2c19fa686497c20c,76e5138054df2e523b8a210bfc4ab32e2e5dff55d9ff1161e376456069c71a5e,dense_v1_train_x2.98_family1,9a91a0507481109e8223116efb7edb17de927c4a2e2bff9532f3bd4883179555,624964b3727c4e5c0432b2c991efba17d31bd8a73e35916ba47f7875e0d71f46,dense_v1_train_x2.98_family1/variant_11,30,0.04395310461521149,-16.485554609059754,-139.0989607870874,58.49020201399913,524.0392699555182,2.4354034329376053,0.503520302772522,0.9259608157729611,2.1973116397857666,0.0906815454363823,0.6303837895393372,0.031077677553622056,-87.5724918017531,4.4979877807396935,3.497954845428467,0.026863889768719673,0.649010419845581,37.556454264570014,20.325147158529713,4.826091618017312,1,1,1,1,1,1,1
pi2_causal_upstream_000450,upstream,b55e22892333f8d4cf01efa73b44814d378ec437c5ad0a29fe1b14399911e753,beefe94002d4fc59fab965b6aff02b30de6503513d238ac398aa8ab791e9a1d6,dense_v1_train_x2.98_family1,008d56b5f7b556608cfd8f16676341169133bc1666e9ce75cb06d6be36e628dd,3fbcb17f47fc94f08d16931e3ec8816c2ac89d0cb8e546f6f4d2b4a6b9db0b27,dense_v1_train_x2.98_family1/variant_11,31,-0.07369308352470398,-25.731574858316844,-366.35479070093584,73.20980609051021,683.5210725090544,4.109174426963453,0.36230906009674074,0.9422371710752436,2.288161277770996,0.0905027687549591,0.8915189504623413,-0.3575561075015098,28.029667136648506,5.753509738876852,3.543436050415039,0.02865600772202015,0.668639600276947,37.03995877462824,26.35620248810368,5.003566813725951,1,1,1,1,1,1,1
pi2_causal_upstream_000451,upstream,fc5720a988216dfd898e07d7df9c70bd57bd2526030903a9637b10c251e3dc1d,fba1fa27dcb48d69f8cf639721693807fbcfea57d5766978b2e5ed5b0d11199c,dense_v1_train_x2.98_family1,899451efaff76a006c71885b3f63506595736cedc489fa6a4fc888bec4178c0f,6c14cd2207435a0eccf68ccb8a0460ca54e82cd115c4520b22d6c814c61b5bbc,dense_v1_train_x2.98_family1/variant_11,32,-0.11102840065956117,-38.04477180909091,-501.1370992533319,90.85425426397167,863.0943409590467,6.937462951816602,1.0536193084716798,0.9477333477919078,2.4457619190216064,0.09348978847265244,1.2607171535491943,-1.510921194059036,57.96392910826048,5.164974109324833,3.591439723968506,0.03047839179635048,0.6946706175804138,36.07000019550014,30.482553699687458,5.19766140349417,1,1,1,1,1,1,1
pi2_causal_upstream_000452,upstream,7952d36ca1ec4da6a3d60fc185b35536c23a69045fac9a3e2d60328a0c384d6e,2e81cae3a64095e39ea9ec6d6328b5970622c72f1ad971c3e44c068c6323cbe0,dense_v1_train_x2.98_family1,2633590b7843b21ec7d3192eae5a8ce332dea3fb0ee99be5051821660fe188c9,7a8e6bd4a9e8597444da95412e5a1925524b6dd1a825b820a3d09d55b3fd2b5d,dense_v1_train_x2.98_family1/variant_11,33,-0.08513415813446046,-47.59468424999479,-364.6522704276618,106.61860407592789,686.5378304616656,8.280810520451691,1.100490942001343,0.9308796143177083,2.3562886714935303,0.08863914012908936,0.8973298072814941,-2.2830530555529385,19.588393435780656,4.449451602723936,3.639417886734009,0.032279081642627716,0.7174452543258667,33.43546304393741,55.839863219791575,5.337529458378706,1,1,1,1,1,1,1
pi2_causal_upstream_000453,upstream,32058e1c2fe4baee1a0d169b4f13fc62f22383acee2af4b4721c8023163dcbd3,94dc9fa5a309cb1d2c7673fa44d2a6e4e2ef8e46ea756f60db2f593c6ae9498d,dense_v1_train_x2.98_family1,a5605f57c3008f94e975ee255013c566c72b1693feb8c3947c7d71829f54d1fa,d72fbf1d12e4d87c32835ad322b8759cc7f8d37a15d32c101c4d8b0d00d9d5ec,dense_v1_train_x2.98_family1/variant_11,34,-0.08012529850006105,-54.63332396328716,-262.72175110367976,118.550937725751,501.39855889475996,9.144323501969367,1.1089139652252198,0.8993088179525704,2.2289016246795654,0.08278533071279526,0.40659239888191223,-2.7423320508175206,12.697463393478982,4.528301440936679,3.6850528717041016,0.03396563604474068,0.7312058806419373,33.3769966246421,17.482038227829594,5.452057682479098,1,1,1,1,1,1,1
pi2_causal_downstream_000454,downstream,713d770e2e36f8f80ca9447a189d6621a61af3909dcc5f1da3a21912b702b781,9cf771754878190f22492f066b22f7cd9faf76040ca2a2dc7776e262c9347be3,dense_v1_train_x2.98_family1,545722b6d93242cfdd91da5080cfca69eaf9b948453211469252c3d38a38a205,427c7ac7c55785ff96bb3d3231977f436c13f7c9f78032cbbf146891b7954718,dense_v1_train_x2.98_family1/variant_11,35,-0.07356136322021485,-59.822935845608704,-185.60634722310786,127.0733745645261,349.82357456972727,9.902797092101219,1.108599605560303,0.8589521253886588,2.115788459777832,0.07787095755338669,-0.08023304492235184,-3.0409349012823728,12.971597304685675,4.689585259129129,3.728239059448242,0.035542264580726624,0.73502117395401,35.82436268728439,-31.146215860580917,5.5556068873171265,1,1,1,1,1,1,1
pi2_causal_downstream_000455,downstream,dfee70a7c9fc858ae930e8d4672eefa35c16c03404dd2bca2722c4633e6692c3,69c21b460ba56feb29234d139a78a393d2ab6886c125bcd6078c7d1346dbb3f5,dense_v1_train_x2.98_family1,b5c81568e03fc274484a37816c06a6a9b85915632976980ea18bec9be62585cc,3b558d225cdf8a8369c77fbc5d85b5e1ee4032761cd6d0c17525be28bf329c33,dense_v1_train_x2.98_family1/variant_11,37,-0.08554835319519044,-66.0247202912236,-73.01791875596787,136.78508394158385,152.53149767677962,11.162823453715756,1.1144929313659668,0.7742797173209793,1.967165470123291,0.07179924100637436,-0.90583735704422,-3.391139404039848,8.15285786410666,4.514409689938519,3.8091211318969727,0.03847397863864899,0.715547502040863,30.461943603866942,25.269097626973405,5.786023592555869,1,1,1,1,1,1,1
pi2_causal_downstream_000456,downstream,955676d25d65b8b3f6c83c81f4f5cf37ccd9e56cea1d1c24b41c37cdb96510cf,8097f25ceb29acaf6dcb3ea7010b157dad5781909d205372165ccd1092f0def2,dense_v1_train_x2.98_family1,d5d11c7dd3acdb0723e83a94df0cbe2155a41d10658a133015b4fe9c37586984,5fb3be254ef614e30baabfd626457ca7211bedeb1377645713a01c56e9be2d3e,dense_v1_train_x2.98_family1/variant_11,38,-0.08773768901824952,-67.71881894125103,-38.803127712637426,139.27602661113082,96.12495415211959,11.705447546101375,1.1167152786254884,0.7289745871307795,1.924997091293335,0.0700022503733635,-1.2334613800048828,-3.443461427846496,6.322109326902074,4.491768893500397,3.847781181335449,0.03986555337905884,0.6945799589157104,28.96680836436198,32.6121452111949,5.895307303230822,1,1,1,1,1,1,1
pi2_causal_downstream_000457,downstream,afa87fd0b98f0e06d2bbd6fd52cbf87e2e5067ee0ad2ac493c93ca63fb1a4a11,882885588b8f981f36248d9613d78633322722ea50cb1900c65f082e879db5ba,dense_v1_train_x2.98_family1,3d75d7d28ae10fdbb86ca59404145e9f63691d675c16b67d6f9220b37d879bd4,e5ec82cbee57aa58faf8a25f6a893981f8eb492ec0dab958376ce2d9d11027ae,dense_v1_train_x2.98_family1/variant_11,39,-0.0869853186607361,-68.72972791954794,-9.558618370774711,140.83371955324392,58.8038033195511,12.144078034359364,1.1229653549194336,0.683692479494866,1.898982048034668,0.06894846260547638,-1.521620273590088,-3.4619428525234928,1.20731192165427,4.440341837918432,3.8857734203338623,0.04123009368777275,0.6674326658248901,27.05263418908757,40.53931398833048,6.003365537658978,1,1,1,1,1,1,1
pi2_causal_downstream_000458,downstream,c4aefe3bdb39e3a1607bc7bcdddc84e20fbed20bbe5bac77ec9e0b4f41024954,59171db18decdb1af162888918512ae3d791be15d80467462429a964953a4fb3,dense_v1_train_x2.98_family1,3881344d1091a8c3e57ec54b273f35a15be278115851fde5f1f4a22e10972f08,5ca9eba04173740ce29be542f6ad6c17667cb2d77ca0cd1fd034dbc7c21b15c6,dense_v1_train_x2.98_family1/variant_11,41,-0.08995661497116089,-69.50255699394572,22.919579146833424,142.36834011634073,20.326159734074167,12.80154578829421,1.1307911682128908,0.5955411367403387,1.8733137845993042,0.06790272146463394,-2.008291006088257,-3.421970237623051,-5.211347678694635,4.395069209665472,3.9606668949127197,0.04391412064433098,0.5975095629692078,22.334320727422543,57.93623269117608,6.218135058419967,1,1,1,1,1,1,1
pi2_causal_downstream_000459,downstream,7ea13515b78a435ac79e4b5b2fec4f78e79f5039de9fb61659b1194884af7917,26412263a5562f02b9cd92bc733a8e77943959e16d1c20741d15550612c9b9cf,dense_v1_train_x2.98_family1,efa67691098fd88150291807997f1be8e0fc71f48f97b4e3bf4c42653de50912,5d38525030b309e0bf5d3edd26c0e96947ee3b219259b039c2ac9cd4b2915b23,dense_v1_train_x2.98_family1/variant_11,42,-0.09269042253494264,-69.50026205038459,32.41757702740333,142.71274557504944,11.302901835728813,13.039982838527429,1.1339900398254397,0.5537289303784485,1.8681683540344238,0.06777527928352356,-2.226229429244995,-3.377843800490184,-7.837458511255687,4.390598850853698,3.9978463649749756,0.0452469177544117,0.555630624294281,19.143275130212803,65.58085361782115,6.326848298698363,1,1,1,1,1,1,1
pi2_causal_downstream_000460,downstream,0b6fbc2bf66aa7f2b3b54972c047f00f08120c8c9f6dcefa39cabfb8c5db3406,3ce8c2d2543e948f1181ac0057e64eb1fc2bca1140a76f31fdc0bcf9314edb19,dense_v1_train_x2.98_family1,e358dbda86f5e70fb72cc2f360003523c664281064a836d66d1401471aecfe89,0c70ed59473f9e008f8732925ddf323f28fea79e0e5d0c6bab6bb5b00d3b9c0b,dense_v1_train_x2.98_family1/variant_11,43,-0.09658433675765993,-69.36145211588241,38.0469608847199,142.91713215577292,5.886890099875684,13.244428366774978,1.1358433532714844,0.5139174427960239,1.8654048442840576,0.06778718531131744,-2.4340357780456543,-3.319828387123507,-9.349903157664754,4.39482588417629,4.034948348999023,0.04657882824540138,0.5095137357711792,15.398371200754022,75.81688929670408,6.437236859081168,1,1,1,1,1,1,1
pi2_causal_downstream_000461,downstream,b58421dde507a639a5bee8e2c8135697b8926cad89343298f31e5c0c19897eb1,4cafa01af9aee6cd9d335d20b9234d800e3f9d0bff4bf780a4e5df0bf4ca349c,dense_v1_train_x2.98_family1,b5f73072f75843f880ed1fd57c62ed9aa0069965ccd1b76ba6eba63c51a3eb93,80732805068155bde4768ff796a0b838cc35b98a952b0e856da911fb90499ede,dense_v1_train_x2.98_family1/variant_11,45,-0.026278300881385806,-65.74311842193315,143.37591596232267,142.9965126143068,-0.04474840789910836,11.682609932541421,1.2136972045898438,0.42634468189006686,1.890883445739746,0.0709172859787941,-2.8996927738189697,-3.2628251224144615,-73.05728113615466,3.9153137341560145,4.1097893714904785,0.049327004700899124,0.4027605950832367,6.471435618291947,91.7547327437678,6.628391337019904,1,1,1,1,1,1,1
pi2_causal_downstream_000462,downstream,b45d93eb3c3099e5b647c9afb1cef368f32ccbc16b2928a60f93893b0696e390,7756f62d6099d26e5332ca83acc910e9d2342c23f364f82c9e76940f7895cf05,dense_v1_train_x2.98_family1,2cf268ab90bd456a96511bdaddb79310ec874aa917900bba298899e5423ce649,c87bac964992ae437ad42ea9e3cc1203a4af04d0156d8a9114377a31f5db7c8a,dense_v1_train_x2.98_family1/variant_11,46,-0.01977539837360382,-63.09775200544136,153.1610771937147,143.0257321635761,0.04953421272779853,10.383933635008322,1.2211498451232912,0.38193097335200255,1.8963059186935425,0.07166750729084015,-3.0930445194244385,-3.1082498306474338,-79.16192663139364,4.0232998787075624,4.147486686706543,0.050734080374240875,0.34311655163764954,2.2648856061343507,87.82398619718215,6.71847516070649,1,1,1,1,1,1,1
pi2_causal_upstream_000463,upstream,78bbcec33e236d90a1a9214bd8c199ba1e7f4f6a7e0b59761cd8105da0b4b0fa,faa43c662939284eecb36c1ad61dc1e802709e132def5f1db971ecd31c98ec94,dense_v1_train_x2.98_family2,6389a45042afc9464a31080f8d6ead3abb0ffcd9c18bfe51eaa5b11f7198ea14,2d1802b59af8843ef8b77a066b8d2b29284f948ddc579b9ff1e4062ec1ca9fc8,dense_v1_train_x2.98_family2/variant_2,10,0.31449841976165777,-45.700058076124954,694.819352868036,104.56347528675192,-1009.504144988419,0.11739704983884973,0.7832112503051759,-0.24760160921945665,0.34622839093208313,0.002397301374003291,0.09567496180534363,-0.030888523335284353,39.146085171242106,0.10427208244800797,2.848527669906616,0.0008584404131397605,0.11924644559621811,-5.848611158445994,67.61217919773962,1.3639444598263615,1,1,1,1,1,1,1
pi2_causal_upstream_000464,upstream,257fe0c686b9f5ffb00533d5ac78681afd7280ae15c65f3837cfb4566131bb35,c5f496f099c20f9436f31bcfd034c89f010d0fc64c7267e354b86243f3232e4f,dense_v1_train_x2.98_family2,43fb74badb0450ec06fdc4afc133d607fbc2ac289b07dcedfb835d0a63301dc4,93f573c02b66201274187893418758fcb189f354a2980db8cfb08d10b80faa2f,dense_v1_train_x2.98_family2/variant_2,13,-1.3089601325988771,-42.50901418646251,-623.061986504529,35.086193407829846,-444.7977374693481,29.35488016811184,-0.13180934190750124,0.10764426682837563,1.2911041975021362,0.047400861978530884,3.49800181388855,-10.268596898203672,715.5623095282847,39.43849239979952,2.884016990661621,0.0021929340437054634,0.2117420732975006,-6.775661635434424,-9.439265937670616,2.781676938861813,1,1,1,1,1,1,1
pi2_causal_upstream_000465,upstream,cdec77ad0b660c02d8a21ed389d3e1a4955cfd49d5795be0f43c469f4525e13f,ea1d775fe0b0842c0e08e1b7ee7ee07fd7f0398b91e12b0b153368c8fa68b92c,dense_v1_train_x2.98_family2,d0f8371260b44278a51894e906efa6daad534add45e435531a0b134927617019,dcea5d869e1d5a43093b07e0fefdd9014c22b0d16ebebd69d94210a07566e212,dense_v1_train_x2.98_family2/variant_2,15,0.02792467325925827,-59.29720252481448,-156.76960273601586,63.167570199137224,1316.7125027602792,32.00257017371851,1.9809803199768068,0.35921097493716914,2.2064709663391113,0.09898338466882706,3.687948703765869,-0.7880596491949607,-410.22670766457185,7.469314730086586,2.958388090133667,0.00534892687574029,0.3527708053588867,22.255891372730577,174.02010608871848,3.5700472818566618,1,1,1,1,1,1,1
pi2_causal_upstream_000466,upstream,473847b03b5d9c75a2c4e80b275fb1f464fc914f8d3fd7f52e77ce9e5270f577,85ab3750cf9dadecf44032db09983240858fd15f073bbeaa486673bf29639343,dense_v1_train_x2.98_family2,ebc894119c26117a6c61de8fda09a89e8ffb23b51dd3b7b9b5ba69a5f5e3ef75,fb34b2fc4ac71c23b4e39c3c4ab4a88e944e56f201e2f0a3d64784d7312b3211,dense_v1_train_x2.98_family2/variant_2,16,-0.28049840927124026,-61.72548503891575,-106.52034497452809,80.3046787512393,582.1393179037478,27.213860429001777,1.6429892730712892,0.44153343918163707,1.852033019065857,0.08522085845470428,3.084027051925659,-0.5374575539479599,-133.5698953332054,14.172887560812933,2.9981203079223633,0.007150868885219097,0.4199131429195404,32.691139764040685,-89.80282177332907,3.752341016941536,1,1,1,1,1,1,1
pi2_causal_upstream_000467,upstream,536b7f2bf04a4da6762b62bf1f6e3da425a76acc52facd518ec5c553adcd0b97,3d5c85563725a7bd513b21f4d11a9e8e2dbf7821ecb9b603b899e06aa8b114d0,dense_v1_train_x2.98_family2,93edf386933a4f1b82aee2b031c1d8a1017f7a701275a1f0c1d55132a8fd3d77,b3c4fa71275ce3cf461a448358c0f83901d94fe6b37aa3b14e4d5cdc68d13e27,dense_v1_train_x2.98_family2/variant_2,17,-0.5234237957000732,-63.63629876111852,-59.841800828096275,84.75785963725006,-115.76960273345176,27.408560370624983,1.3291933059692385,0.6009574488929115,1.424620270729065,0.0692087784409523,2.0569043159484863,-0.5007140710602003,123.25753912053675,19.575474132965578,3.030708074569702,0.008688078261911869,0.47161927819252014,37.85412415388293,-95.27417212872446,4.106701105858499,1,1,1,1,1,1,1
pi2_causal_upstream_000468,upstream,560cbcacce4c2305da1b8035819aa4e3771834191491462426dd7ab917feb756,14614b4881f726f961d78e3c94df4314c7412550dd358d7cee4b737617231227,dense_v1_train_x2.98_family2,9c6e5b06eb1223887177f84c715c9f17d4a40221f224e7665bc1e528b5c574b8,5261e990eb5b50500ad56dd3856a9910df73aa061ff9cf176c2ee4333ff7bf40,dense_v1_train_x2.98_family2/variant_2,19,-0.42137519836425785,-51.00860404246392,425.98816147632004,58.75556852363247,-793.0796017396201,29.38486017942669,1.4637182807922364,1.0337402458548115,1.0601953268051147,0.04799630120396614,0.7429001927375793,-2.6063453323200942,13.147388444675231,23.769384453177242,3.0752007961273193,0.010915009304881096,0.5112569332122803,35.504983041694594,27.30863309427423,5.117072793600638,1,1,1,1,1,1,1
pi2_causal_upstream_000469,upstream,43f7a6b45961c65ba7864825d6d099a89fb616058a45d413059370ca44f54028,e427c48f0ebd923de21e2397c1d62dc6b97140182eccaba24a0896878e7e4688,dense_v1_train_x2.98_family2,bfc0b9083685fa49b266d411682d9846b3ce9501db950a9139ff1b2076c4dd00,b1adbfbb9462fcb877ef67ae8a79007bb673dafb59eb5ab0965681fec7235a3d,dense_v1_train_x2.98_family2/variant_2,22,-0.1830402708053589,-21.786563461649614,514.6968825672615,21.587765683214517,-433.60464202358463,22.310575722303817,1.7518566513061524,1.5873957805041246,1.38090181350708,0.0572945810854435,0.7505254149436951,0.10300669652277054,-222.72977773958283,25.019122948634692,3.148056983947754,0.01390247792005539,0.5577051043510437,34.99724385426877,-17.87681633166716,6.59774290936931,1,1,1,1,1,1,1
pi2_causal_upstream_000470,upstream,dcb7f5aba2c7fb139e99394a8cfc3e4e3de34da71ad229942ed0a389e445292d,09df300329b8140566a2adfc861652a6ebb2d0d65a583faa135a54e866ce84ef,dense_v1_train_x2.98_family2,80cecca36e0ee4c4215028514685c299ae3b38ccb1ed13ccd59bc5d47c61be74,82b20502e35d25a06e939d8b3e6e4818b13a4a2f7e27395c1ff15c978e1041a7,dense_v1_train_x2.98_family2/variant_2,23,-0.14187153816223147,-14.977032198781567,424.28427516521197,18.868430025558784,-168.8326866971205,18.252945499323896,1.7945322608947756,1.7458846036744304,1.5457680225372314,0.07169367372989655,0.7482218742370605,2.1523868409755402,-257.6501443996485,23.413871399330784,3.178569793701172,0.015266700647771358,0.5747853517532349,36.131905615042555,-8.389983249069283,6.9837807189130165,1,1,1,1,1,1,1
pi2_causal_upstream_000471,upstream,322a819633cd35db5b467f516d23782aeaf01ef3912f2dd6607d5f883241c130,0087ac26e46cc6786df6f89915f0f8909f6d3c2e57838c06aefc0af325aaf4cb,dense_v1_train_x2.98_family2,dd1fed25827387c73022cab5ceb4109cc76e411c78d509966ba44cff6c3fd109,085277faf5e61cf2697af6b7d6f056186d71212023811f2028d59c56871e8ba5,dense_v1_train_x2.98_family2/variant_2,25,-0.19298771142959598,-8.075557198175039,211.3818419053352,23.899887170101383,102.32678640905868,11.323278959194006,1.7181030082702637,2.0938474068240565,1.7322348356246948,0.08699443936347961,0.738053560256958,5.253358891618913,-195.06628216698059,23.552922098001197,3.246248960494995,0.018547462299466133,0.608618438243866,37.82477483101938,11.136237536017685,7.747942664236972,1,1,1,1,1,1,1
pi2_causal_upstream_000472,upstream,36f9a99575616c1d3e7102a94e0d29df40121abb0fe5276dbbe9891b4ec57919,9ee74396d3f78b691f203cbd378b0b89c32e309071d641cc53ce6eaf3a8e4dfe,dense_v1_train_x2.98_family2,96aa43199e58aced130d518e5470eb5dd221e48aa1c4eb53bd61aab2e7407240,c747e9807135377d4259c4742acda784b47b6d569c718ebcd8cc14314587c857,dense_v1_train_x2.98_family2/variant_2,26,-0.21286343336105348,-7.294786321319835,159.26008095269927,29.436762945299293,158.43506240285342,8.794329498565746,1.6940543937683108,2.281740695502024,1.788107991218567,0.09206295758485794,0.6861598491668701,6.177543677363699,-175.42829985027834,22.539310072340257,3.28238844871521,0.020372331142425537,0.6250967979431152,37.931889272678106,25.421361326593207,8.144240621697293,1,1,1,1,1,1,1
pi2_causal_upstream_000473,upstream,4a59b3106b0630572265b930c34e2a5862d92dcbc51d0c8144ffe82810a56506,acf84b3b502ca22c7455b5779d143531ec7b484115864c19b52b4b6ea53b524e,dense_v1_train_x2.98_family2,b85d09c4c512d89253b39f1de2932ebb7c989fae99078b089cfc3ce3d17922b8,a185f78a1c7440a9b1f2291ad3567a0a6c59ffaba28f8fe8f26969155ec708d8,dense_v1_train_x2.98_family2/variant_2,28,-0.26567652463912966,-9.598442642504116,32.690989499878945,43.558254186381525,303.0796723431276,5.62902913637104,1.6392490005493165,2.654843805311293,1.9138481616973877,0.10151352733373642,0.6174260377883911,6.58953684611746,-130.63632908468492,19.080859154029934,3.3577680587768555,0.024223580956459045,0.6560484170913696,37.58546207797506,36.64295061402666,8.9316498401015,1,1,1,1,1,1,1
pi2_causal_upstream_000474,upstream,8cecc32d1dd93c7baf5d41af4a697df51fadc0dc431d9478f4af641aeebfab3a,b668062387554dd6dde1f1d27a66758e42632d5c22dab2c38e16760a483a2956,dense_v1_train_x2.98_family2,ed9b3083e76ef745474425d81abbeea29ec180724924fa8b9ffe7ffa7e0eac23,ba6febce2a40a7391369e2c8f41689552256bb71a6b0abdf49665e44c967c48c,dense_v1_train_x2.98_family2/variant_2,29,-0.30578376770019533,-12.878234595147124,-49.04493490136902,52.75724858320308,381.50182801570634,4.910752344269281,1.5961573600769043,2.8269090238776204,1.979606032371521,0.10437414795160294,0.6153927445411682,6.364083400672741,-95.4205977241512,17.278262949036847,3.3974485397338867,0.026255635544657707,0.6713179349899292,37.302726397282385,36.474678658539645,9.300876168716554,1,1,1,1,1,1,1
pi2_causal_upstream_000475,upstream,4ac755d9f9cedeaf81412f3078db35b7a23c2d71273b350b3870c7d77ee3b5fd,cd2bdda4c588d72de1dc4f55e0b59d115ca267eda02dfaa63f13055ed92bcc03,dense_v1_train_x2.98_family2,7f5b84301a072346853ccc6536c73609a25e0aa76843be34eb880ebff542763e,e01434c6b870d85f9f90b06834c8ae47d18eefc8d913722cd896e71b428ded96,dense_v1_train_x2.98_family2/variant_2,30,-0.3372396612167359,-18.242333905100395,-153.32425041298632,64.24831103150834,527.2120294287726,4.960952722473988,1.562844047546387,2.9871747059127487,2.1038825511932373,0.1100272610783577,0.7255037426948547,5.747550825712839,-68.19956863617155,14.909715561869215,3.439120054244995,0.028358565643429756,0.6881633400917053,37.143080970717094,31.328172100070056,9.663197040989525,1,1,1,1,1,1,1
pi2_causal_upstream_000476,upstream,07d7315e3c85435096dc91fca066df3e81faa30e609a13224369593f4caac0e3,6b406d70655eefc4a9327d82dd2b60865868d1b32a77a81346afcc0c1186dbd5,dense_v1_train_x2.98_family2,0eea4fa5f1259a80c364b435297f878ccd762f5d01c02fc68c8f97919c454f41,7a796330cc127d3835db6f98e9705a659e246b26fa67715a7435decf54d8b12f,dense_v1_train_x2.98_family2/variant_2,31,-0.44149742126464847,-26.884237582648197,-337.63370863724884,78.13458421795367,642.25164886449,6.649385049188582,1.4408739662170411,3.148920253231979,2.1945698261260986,0.10596910864114761,0.90373295545578,5.2353468290039435,31.651636198783518,14.276470794670761,3.4828262329101562,0.030430108308792114,0.7083935141563416,36.59428893128491,34.85099925885504,10.090289745938854,1,1,1,1,1,1,1
pi2_causal_upstream_000477,upstream,cf0cdbbf532ffde35415a4cfb756727da134bd45133a814382a0b73f7974c01d,51f7c610ccd31e32bd21d0fc4f0a7451e0047ca510fb5886ad4fa5ef359a4bf3,dense_v1_train_x2.98_family2,f84809e819a4210543b9d1297cd1ad6dc6cc93154672a59da3ff56f789385a3d,e0b29c7a337253e170a55dc7dbe736b9b491d309bca0283929d4e56bf2c3f09d,dense_v1_train_x2.98_family2/variant_2,32,-0.5206045389175415,-38.56140390281609,-480.3815750450105,93.65311552168114,733.067592597407,9.983147384364688,1.3538260459899905,3.325180136864342,2.2915165424346924,0.10064740478992462,1.1020113229751587,4.476674175434669,102.88385663776492,13.344552100351406,3.5283308029174805,0.03238416463136673,0.7324619293212891,35.74522811556062,37.8931245340437,10.598109203893367,1,1,1,1,1,1,1
pi2_causal_upstream_000478,upstream,6b86b24622a24300bc341099689e4108e65a4a4569b66a0cfe0e11a97a3a987f,260c1081b38622a2f00436e54ad51394d0cf01ebd6133b7646b79a53a59a6d4a,dense_v1_train_x2.98_family2,ce4aac045aa1f3306bff651c38367afc20746b469c1e008df80feb6624fe9c2a,4bc062e2f2b746d904c348a7d323551de6a18f0fdbc23af6c64151453ed45811,dense_v1_train_x2.98_family2/variant_2,34,-0.4523851871490479,-54.50543208617326,-246.61343296512166,119.3091843462708,482.43713413610413,12.997363846384141,1.4496103477478028,3.6492087290663937,2.141153573989868,0.09535665065050125,0.39264678955078125,5.235469345522181,24.49571018461098,10.371353679171929,3.618138074874878,0.036244604736566544,0.7666081190109253,33.97007902574723,21.903673885158653,11.277339667982911,1,1,1,1,1,1,1
pi2_causal_downstream_000479,downstream,782aa47573e95da319200a1f4ce42416ca6881ef9d2d2f801a2934e95f580ea4,ed6d61e6d0ae2c6552ba427b5c3eb41e866abd1dbc42b84759b2b709b1c841b5,dense_v1_train_x2.98_family2,2ec506d7339ba9d55f3da5c25701a7af9b7f0f49b20d2c126ce2585c35e3a6ac,20db04593e56506f6b877c3d8ebf1d6f1f0643b37bfeed91dd2dec136ce4d091,dense_v1_train_x2.98_family2/variant_2,35,-0.4487605381011963,-59.40885562717668,-172.78404675462127,127.54603731546933,338.9348050326229,13.992708074535638,1.4471173667907715,3.8305509114018204,2.0139715671539307,0.09101526439189911,-0.07229743152856827,6.335518268903278,26.53545738777608,10.083427908483689,3.659489631652832,0.038036130368709564,0.7703902125358582,35.596210463343866,-13.52061474036047,11.555853787820608,1,1,1,1,1,1,1
pi2_causal_downstream_000480,downstream,f21f9e2ad380eef7e19c65a24b84c688117499e76df14c0648498c91dec7de3d,704853a88f9ad34fe88f812caaf94f3621b4033cbce1064a4c94a00bbdf5ff5b,dense_v1_train_x2.98_family2,1b52fd00fae420eca41ee33fa3b57d21018423e6e241b8d3e1fcb926c1f2d69e,e960cbcd345d61243280f4d05504df1550cc86da4d4bec38411d8a9426450413,dense_v1_train_x2.98_family2/variant_2,36,-0.4690769243240357,-62.85451530871886,-110.71792652141863,133.21408345858276,227.87407131676133,14.934189424030853,1.4476781272888184,4.045626209415281,1.9112026691436768,0.08929110318422318,-0.49945366382598877,7.479304735521375,26.068842769342904,9.48754769113979,3.698523998260498,0.03977391496300697,0.7651262879371643,29.027894161203992,109.7132193548881,11.852218169478956,1,1,1,1,1,1,1
pi2_causal_downstream_000481,downstream,f0309ecbc6315d47faf3dcb33770ab50f360733047b7a662fb78198419ad7ff0,11cc4275d4afe4ed250d0d0005124f338044a2bf02788ad9c52c8ecf87d41b60,dense_v1_train_x2.98_family2,9575f7d5e2fa8c54fc991a3149cc93cf71ceae6c91c7a410d5a7dc504816a375,1b5753a51a67514142a7db9179319aaa53275969310eae795b3f36cd7da35120,dense_v1_train_x2.98_family2/variant_2,37,-0.4721045637130738,-65.15423317207298,-62.54741634325675,136.9709060681432,147.8630360583192,15.819708246771597,1.4498760414123537,4.280457848814602,1.8357715606689453,0.08882096409797668,-0.871419370174408,8.498169176654056,24.281250782409046,9.442538452056699,3.735778570175171,0.04148809611797333,0.7518361210823059,27.806961988571068,48.057962321018415,12.128091093393296,1,1,1,1,1,1,1
pi2_causal_downstream_000482,downstream,938d470183882babfc18e426d58182a719250891068948b22c64e7fe5c920a7b,abdb3848ad2f2770e7ccdbfccba113da7836db041cc9884a88cd5392814215da,dense_v1_train_x2.98_family2,f2041499508eebb15b0e50e1a63940b9af51322d6348025e216a4a804c1de79a,c44ed4b40e6668578f2a5fa143c042850b4a544ad7b0239fdb331221cd30fc6f,dense_v1_train_x2.98_family2/variant_2,39,-0.48225976943969734,-67.4137963532966,1.4834444102451323,140.8949453689639,56.69346611131392,17.404640701912335,1.4582148170471192,4.814882048896764,1.7490290403366089,0.09017308801412582,-1.4724088907241821,10.009915436220487,17.45994768850648,8.967066785817307,3.806885004043579,0.044925540685653687,0.705435574054718,20.885292679909753,78.57871043854459,12.679736191191136,1,1,1,1,1,1,1
pi2_causal_downstream_000483,downstream,a173f773df001242ed312f77ca027b02caba7d29620b594403e52c4a15206a8d,5d5cba3f41e71d58a920a86cf5eb96f21819dba147329523ea09e153c6f0b109,dense_v1_train_x2.98_family2,899040dbce7b4fcf709ee0cf1d09e66d7a998fdfb871ea3f040d668d9abe4f16,91b4d54afd0b620b4b4ee9e0978d6a1840bf646f47e5a82d2473e6c36c2a27cd,dense_v1_train_x2.98_family2/variant_2,40,-0.4441673088073731,-66.64649290193736,76.86675084383756,141.76250233696058,32.5314704318133,17.40599268851303,1.5051252365112306,5.079166717429142,1.7367908954620361,0.096132293343544,-1.7627856731414795,10.427811169077609,-20.924108644962935,8.217384368743062,3.8416006565093994,0.04676254093647003,0.6730735301971436,17.333657490752945,76.6664896973728,12.875246099638565,1,1,1,1,1,1,1
pi2_causal_downstream_000484,downstream,beb099c3ed0e0d74801f36713f963735566a92a077904b5f4b842c99bc42dfec,961a9a7edd5f8f69b540a8dfac1f3c8ea9969145dd8a0818662610772416508f,dense_v1_train_x2.98_family2,8fed6b76bae4cdece37ee882493f38eff46e5e01815459d10762883dc77e0c64,98b61b8980d1fccba7dde7a847b8f7ab5eea33e4368d818adb54b05aa6c07c1e,dense_v1_train_x2.98_family2/variant_2,41,-0.37206085205078127,-63.49209297717204,189.15161155331634,142.1982001041157,17.073063575802156,16.07497284541272,1.5841072845458986,5.304508536934753,1.743892788887024,0.10628234595060349,-2.0538408756256104,10.660984435831734,-85.58468135703679,6.790647497360255,3.8763139247894287,0.04880424961447716,0.6344707012176514,12.277151481202969,99.04955919244901,12.922179462570346,1,1,1,1,1,1,1
pi2_causal_downstream_000485,downstream,13babf65bd3647420e3a7745a2306e7eff0d90ce5ceaed23589d4287ea657851,c90b68bcbaf6aa409db2e1e5d4ca097013e00b39b1c22dc3d68b560676e37a8e,dense_v1_train_x2.98_family2,ed6d95e2fe90e810c70c2643f57135d199f7f0e45f6482050021629bbda8e86f,5c2d429f6abbb100808e39ae08f57bb30c440783c382c0920c6d2b99885567d2,dense_v1_train_x2.98_family2/variant_2,43,-0.3773875427246094,-55.97182588965081,196.99217694687073,142.73125538770017,7.166712590419279,12.80053731089867,1.5853935623168947,5.740937247663678,1.7434625625610352,0.10795161873102188,-2.4402108192443848,11.374997897512882,-86.62179777117903,5.212655659920692,3.9458627700805664,0.0530218631029129,0.5448523163795471,1.6108303197519263,116.68299027077923,12.886504468582931,1,1,1,1,1,1,1
pi2_causal_downstream_000486,downstream,f569690b178d579734db670e525587c3e55b8223013ba7ee11a1dc8fd98aef8a,eaf7aed7fe3c9f0421bcc6f28eed9983905b8c1f4aa91545203906a75368775c,dense_v1_train_x2.98_family2,772231696964afde4f10d9594e6a3860c5db0b0ecad168714bdd5c247c20ce58,d28624c6cef576eff4bbda6aade5c40521a817573ed178c6d5e11763f25fdc5a,dense_v1_train_x2.98_family2/variant_2,44,-0.38518251419067384,-52.63354702714498,190.52788101069558,142.90266581511082,2.759910396420195,11.463119852932826,1.578778057098389,5.974669715831147,1.740638017654419,0.10786962509155273,-2.6268203258514404,11.738328956638064,-81.19885296643152,4.531020283113167,3.980560302734375,0.055104658007621765,0.49462890625,-6.313504142321504,137.23951008744314,12.877857544826464,1,1,1,1,1,1,1
pi2_causal_downstream_000487,downstream,0483301ffec92eafeb315b5f5b5cb518d56128e12bfba735327f142b560f8b89,6f35424e7f93d7cbe147d4ef873cb9d620ce90d3d9c95762b6e20b75167dfcf0,dense_v1_train_x2.98_family2,8dab49e256656f48ba3b63335a84ebf4650d71e1c6a5da8ca9eb0e0ecb6ffb52,ae456b321942cd51afc03f351eb8c08e4a2664d5dbbbb437d4e19efe5d99a500,dense_v1_train_x2.98_family2/variant_2,46,-0.39247720718383794,-47.066970174341265,166.84114013892818,143.11414213219274,-3.579333313788502,9.514189234698328,1.5590176582336428,6.469841600989698,1.7340495586395264,0.10640579462051392,-2.9928793907165527,12.35430785938837,-65.0111680297179,3.4844549425844433,4.049742221832275,0.059191446751356125,0.38345059752464294,-21.029090360053324,140.46995733842738,12.8896027627335,1,1,1,1,1,1,1
pi2_causal_downstream_000488,downstream,853fd30f86f606058f9d703b513707f0d463efdc8b8cc2665ae8c519aba3114e,43f0d97bad9d39448d21503cc5476cc270405774fc3587df3ef862cc0a5d3f1e,dense_v1_train_x2.98_family2,e9a3de3b43d9136f9ae09d5cd8f1fd7133e5643d4cea9772741e8f78ac98b962,f9129ffb384ed84f0aa9283d1ea22ffca1dd01c1174956d2aa718a67c2d10999,dense_v1_train_x2.98_family2/variant_2,47,-0.37429591655731204,-44.30555884385096,178.10334343871384,143.1305072654441,-6.736380363744034,8.573638257819178,1.566978054046631,6.719893806228139,1.7374348640441895,0.10755468159914017,-3.185245990753174,12.480437547696411,-71.53512566829312,2.8731850283800364,4.084327697753906,0.06123954802751541,0.32218819856643677,-26.70871538135721,118.15572931999571,12.870368642616874,1,1,1,1,1,1,1
pi2_causal_upstream_000489,upstream,b39f5cc777c836a627878c64216f6b2634df178de67e2dcfb9387d448a843a59,a7f811e8c6d1a48423a205ce14cbb08bacb9b60743cec21bc0875d2fcd11ba36,dense_v1_train_x2.98_family2,f3fbff5ad87e028cc0181724d37b98042d4acab6405b3bddfd9efa71cdf3d02b,af380d4d91aa0ed160151e76097213fbe6840dc6533fb5941ebfe4a509d0d732,dense_v1_train_x2.98_family2/variant_7,10,0.5176440238952638,-45.78020351584588,656.5889262720204,104.46828294028946,-1020.9218170540925,0.11904278451601825,-0.6699875640869142,-0.2458902796252382,0.38118866086006165,0.002537058899179101,0.07365357875823975,-0.44721733475758946,69.32461690568854,-2.6823962870770126,2.8495125770568848,0.0008966884925030172,0.11889474838972092,-5.82464957417712,57.72563746849708,1.3543195238691037,1,1,1,1,1,1,1
pi2_causal_upstream_000490,upstream,0d3baefa69eee49d45218f17b32286d5b60422eb67b9f69a53f7bed109140248,5c98b9b7067e23ff6277abd60b538cd0ecca7c6b5b7310db5a98412071494a2d,dense_v1_train_x2.98_family2,5c7239992d13e30bf5910752df20c7508648b20e6c57537df64e9931fe4c6499,60cfb36910c02d7c8bedf6cacb61cd67961269b9a0298c78be36daf3b3916a9f,dense_v1_train_x2.98_family2/variant_7,13,-1.0897430992126467,-41.37017576501126,-639.4506702481378,38.56226450665151,-256.1755885201128,26.901190437736823,-1.3805106353759766,0.13231085510173796,1.371739387512207,0.06743109226226807,3.3552775382995605,-8.053966116434983,650.9205249590702,44.41167949298545,2.889500617980957,0.002723284065723419,0.20617645978927612,-9.208807671111568,-20.93094054168024,2.7345121582767753,1,1,1,1,1,1,1
pi2_causal_upstream_000491,upstream,4a97dd4e61559bcdc5ce4cee81727e40c6ffbfec2484269381c1c8b24f35d62f,908aba6c262b1c829d3b942b5b14104957cbb18f66f28b1bb1bc8419c625b6df,dense_v1_train_x2.98_family2,2e5673609fee27d4560de85946af5c6ea3e880404c0ee84e716512cfadd19e76,836c041effaecc3a028e98fb56e8dbd81552ba9a5ca3186874717fd982eadb22,dense_v1_train_x2.98_family2/variant_7,15,0.08026830077171326,-58.15623991453136,-216.41366958764024,69.666440552891,1232.3351871126365,28.413038659954918,-0.19828204154968262,0.5004470856687769,2.2211766242980957,0.11451848596334457,3.7354001998901367,0.25937840808279117,-316.73188177690577,13.528062207876722,2.9667022228240967,0.006607517600059509,0.34601378440856934,15.688464702730096,191.2237816644715,3.733439130481166,1,1,1,1,1,1,1
pi2_causal_upstream_000492,upstream,b885ee3a9dc7bba0d536e44f405cf3b9cb28805714371142bb87645b40fa43cf,d56a56e7850f3ddf079d1436c76019e1452a38389cc17ead2d6f4612e93a8a45,dense_v1_train_x2.98_family2,588dec9448e01ebc01e3fb9a9aded55c53b0602915129bb84eb693f309016080,f95d9b58241822e673610ca65fa76207105af5e694a3b593455d4ea5aec74c5f,dense_v1_train_x2.98_family2/variant_7,16,-0.09979448199272156,-61.3386299545154,-166.89283101056685,89.73719731578359,834.8540222506585,23.172861442716446,-0.36515622138977055,0.6332870917390265,2.0484726428985596,0.11042161285877228,3.444476842880249,2.680330154853084,-180.13481928279404,15.857865346977459,3.0093040466308594,0.008857768028974533,0.4173009991645813,27.795340421698292,-33.21964272654335,3.9519506219442357,1,1,1,1,1,1,1
pi2_causal_upstream_000493,upstream,56a1dde633bc0d4a7a6f676c2c87b96ea47163a95eec20bbee349e306ce9c749,d9c61babad63d3b22b742cb5bc0f98cf5ba1de169f2d4dae2997252db0815ada,dense_v1_train_x2.98_family2,53c697dd5d00f6b2375203490505c16c7857ffa9223a74522ed775094adbdcea,3dd832748b5666fa07e06a45187b920bd346f2748378c4ca78a25b4a1bf34f65,dense_v1_train_x2.98_family2/variant_7,17,-0.34017834663391117,-63.576336530394975,-121.95854642342704,99.98692069376322,218.88331572735513,21.415145021079095,-0.636548547744751,0.8424907238033676,1.6440526247024536,0.1002814918756485,2.4328906536102295,5.007555324428964,42.00475839551339,19.316842189853872,3.0463013648986816,0.010976295918226242,0.47558075189590454,28.468822687070936,-22.244980145531482,4.297416188011921,1,1,1,1,1,1,1
pi2_causal_upstream_000494,upstream,68eb59c06a2cb18b437288813a81508f65e33ac9084016ea747e381b9b2a37c1,55816cd5689dc720a9e84443ee58fc6f0ad6b358bba49843fdf9509caf70f6fc,dense_v1_train_x2.98_family2,e3cf30ec1fec8caa70eb1b996a4eba5299fb477ddb6a06fca3167bf31b77e2a7,363ce336a48387593b0e08250a6da189e3acfa4fee64713b693f89f0af1eeb14,dense_v1_train_x2.98_family2/variant_7,18,-0.5259141063690186,-64.84235990438103,-78.31567302341823,98.93366454261223,-284.4306331163515,23.563993117025195,-0.8469752597808838,1.1382705741611416,1.2917591333389282,0.09013793617486954,1.4664570093154907,5.101568182599135,214.23625992175354,22.729831369048593,3.075523614883423,0.01290005724877119,0.5131945610046387,24.786778696091076,50.60640152299855,4.800986138510385,1,1,1,1,1,1,1
pi2_causal_upstream_000495,upstream,04feebb9b3f0362db8976fb3203672db6d7b9e9323732fe4b5608834b0f53a18,34d1c8d654a20960b4623fd81f3132732fa60fbaa74d18957bbd30c6d0440c4b,dense_v1_train_x2.98_family2,17d123334ef8b28f67f1f7edc3dfbb5ec9c889854b625f35e88d309e73019b87,497bfa3e766d0a83808c5aab5e4711ac86bd6b3fdc7d1f42c5f003271c5733a1,dense_v1_train_x2.98_family2/variant_7,21,-0.26793835878372196,-40.82694349956347,420.3276285412936,58.54780782945902,-735.0186224734429,23.35990104659917,-0.5764957714080811,2.001585419349902,1.0880179405212402,0.07355868071317673,0.3107900321483612,2.3886390289414616,-7.16949589250606,28.813272542009265,3.1403937339782715,0.018017271533608437,0.5372753143310547,19.774174581205003,35.464568812375624,6.367017255820731,1,1,1,1,1,1,1
pi2_causal_upstream_000496,upstream,fbb0a19db0504c3be02a48ecbf133bc804a4b7581c3dfc00a0977ee9a448bff1,0718a72e7c23f58badbd7b5984e9e7d36c6440e47da404b407fdc6009bd2a35c,dense_v1_train_x2.98_family2,312b728d1544a48d2c19b2401283800b54d87d56c897e1fac1da6a261e0b2f53,b8c08222785da352e49581d000e961c2c3fa3e2aa3e6e2442aa2fb5700f5ff7e,dense_v1_train_x2.98_family2/variant_7,23,-0.18645795583724978,-21.93158545320191,303.6836523110535,32.83692332168544,-340.792479883083,19.587467209680995,-0.48296659469604497,2.5391836885760695,1.4076489210128784,0.07636350393295288,0.5380275249481201,3.6222017154536177,-83.71848926068171,33.8518518663089,3.188619613647461,0.020959246903657913,0.5503331422805786,22.272348713535724,-59.88773385026461,7.523628582995957,1,1,1,1,1,1,1
pi2_causal_upstream_000497,upstream,28115997e83bb9193951a7d16e467b9d5a385f25ce89e5ebcfb93f83a5e79737,f8378aad9592c326f173204389700bba39c40c1c1b0a6756214f6d88cd1b2deb,dense_v1_train_x2.98_family2,2423a320d9193353d6b5da8390b310adf2582ccf0eb725865fb6e60b87846bca,2a27ab5485aa477dff2ad285b80d62670bfc71927df233d05a1c1d871d882a33,dense_v1_train_x2.98_family2/variant_7,25,-0.06552184760570527,-10.506694731349379,152.29779592413846,34.11714324386136,309.22815399245974,10.736613323130225,-0.31295409202575686,2.957179982922423,1.8227087259292603,0.11547509580850601,0.5436326861381531,8.456003857586627,-222.8908882417251,27.679090602024676,3.2546920776367188,0.025022365152835846,0.5704783201217651,31.225500696466423,-116.78321646666,8.198450584084675,1,1,1,1,1,1,1
pi2_causal_upstream_000498,upstream,2f08bdcccd7e33c6d178fce62efe20d78064d613c1afb54cdd86afc52a39410a,8fe5f3e587802505772816099f8c77e8474e71ed843f3b77ed13cc78a030b7ea,dense_v1_train_x2.98_family2,7cc1d3b098dbf39dda4961cffd75d57dd1811b31f28b12b203f3fc0a961bbc2e,4183015c8726c0c3a1fb4273a5af4909fb4e64ea42290b2ad8792f65107933b3,dense_v1_train_x2.98_family2/variant_7,26,-0.028865605592727665,-9.322987943466671,14.33665927541056,46.95037884520915,707.6262854108902,5.147050547674634,-0.26090612173080446,3.1531662147637007,2.135758876800537,0.13881726562976837,0.8211458921432495,10.04381366507126,-265.44713318629823,20.479538462075976,3.2959272861480713,0.02773198112845421,0.5852066278457642,32.58702719052218,-61.41404207314151,8.330009140125743,1,1,1,1,1,1,1
pi2_causal_upstream_000499,upstream,8aa697db1970f32027f55a1d6808e90168d8f4c24653be7966b426f195e0219c,11b4b083dcf5887e6ce190091726f59ac4d1cb9c7df16f5fde927864feb0910a,dense_v1_train_x2.98_family2,07dd08966ee38b8dfe166bdbfe5680e32d90cfb6399fd5a02cda38cd30dfe19c,69979736b6f8c8ae6ba3ccd2c2a49247a4b1fdb015c63b2236502388a0860b45,dense_v1_train_x2.98_family2/variant_7,27,-0.21080135345458986,-15.49955362311859,-344.0753693265146,67.15894150479592,1001.5353359630085,2.6524658826402834,-0.47872717857360847,3.386771498254503,2.3682472705841064,0.13433010876178741,1.3656247854232788,11.146171192391822,-87.08116214380824,17.9145941079665,3.3425769805908203,0.03050464391708374,0.610423743724823,31.663305576980484,-4.694831271298522,8.591610623930052,1,1,1,1,1,1,1
pi2_causal_upstream_000500,upstream,859f5acc80fab34fef2ee560f9ef3e30176d34dcb44693be8ad44129679a4d7f,e2cb57a5d06e5878a55e7fdffa78d45bce3a1df053debdb7ebb412b914314fca,dense_v1_train_x2.98_family2,7e52b4e24c1ad8727ae748a4e2de1341a9f27e7367c1d6cdaa05d2503ab02729,43478b080caa98cd7ee7ac5f45a7ac646afe7eeaa3f2584533156593268086bf,dense_v1_train_x2.98_family2/variant_7,28,-0.5204827404022218,-29.600824089163,-714.1677488243081,88.76929803869025,978.6545300925459,5.877624033355194,-0.8389587879180909,3.6749001741076244,2.3297576904296875,0.10256397724151611,1.645943522453308,11.929796234546446,207.790910930336,18.73685667648224,3.39021372795105,0.03277229145169258,0.6439993381500244,28.967416251198113,36.07627030915821,9.208978698097615,1,1,1,1,1,1,1
pi2_causal_upstream_000501,upstream,eca7508898b82c53a007616fd794c8d4282ee667db6204a6e33941eb6ef9a8af,d607e1f7f1670e591bd7dee0e4f6af767feebceee8810b6f7de019c4c59e499f,dense_v1_train_x2.98_family2,698ee7e2dddea79642f2e487522c7d86c4468ecea9572dd9e974cc5449b8c72f,712156153ac12914c0fb78a8be7c102e6acc7f89d5f8d65af8540f5a1292e1ed,dense_v1_train_x2.98_family2/variant_7,29,-0.4738654518127442,-41.36149117948159,-540.5140687241825,105.57621475574639,725.2733085656687,9.094316287614102,-0.7918406200408936,4.002944058450998,2.177739381790161,0.09642162919044495,1.218630313873291,12.90401002152746,169.21815525311933,15.432595571137663,3.4354588985443115,0.03481172397732735,0.6723177433013916,20.075350065109422,106.82081182630611,9.799245300993537,1,1,1,1,1,1,1
pi2_causal_upstream_000502,upstream,212d0d3b0a922aaaa31fa11358936c723453cc620237b7724cfd8e99b197fa03,93d66433ecaf19e11e6997b1100867fbd33be8d456037cf48adab96294dd93fd,dense_v1_train_x2.98_family2,a98220ccaf7c0de77e513ecdae14dbb91a2a3836b06cb2ac1671da583f018013,626f1fc5726afed6d715b900468c85c38a0fdca79668b1d6aaf9c77479033453,dense_v1_train_x2.98_family2/variant_7,30,-0.44033594608306886,-49.98285989328975,-402.9847127291207,117.86440809151634,522.2699777529181,11.646061916215036,-0.7597913551330567,4.378892385439475,2.019305944442749,0.09527460485696793,0.7169188857078552,15.20844583805077,142.98654053811856,13.655446943444753,3.4775593280792236,0.03679051250219345,0.6911007761955261,11.220212150542054,95.74665046456009,10.312931844627784,1,1,1,1,1,1,1
pi2_causal_downstream_000503,downstream,fc7a396406c5516bf792c4d3b29687440d4ec1b6ecc3715dd782d8780d0bd0a0,2c042f86f17ec31cb04d077c88f7cbc5773c96fb36bce98a50de47227d488813,dense_v1_train_x2.98_family2,f62a33183dbd6a06db3a6a2d18e80dbc429ffe132613a47cfd0552eea4fdc050,29e3ca815a08b7d57c23eb22de1635cad716e643603cc00c088bc621b957c4c6,dense_v1_train_x2.98_family2/variant_7,32,-0.4141680574417115,-60.90347177230472,-226.60392933870577,132.5580301284247,245.93254506714143,15.91052666853405,-0.7342350292205811,5.31828093260633,1.7653067111968994,0.09984725713729858,-0.20226415991783142,20.79663853203028,122.08827903652227,11.808830169250935,3.5531749725341797,0.04081046208739281,0.6995940804481506,3.059316434442758,113.94038245107397,11.230839922962323,1,1,1,1,1,1,1
pi2_causal_downstream_000504,downstream,a0be0fed074bda87139a4b1df01040e766cbc909af141c509796806c76ab6ddb,6ed9d345da344fc4042af4944793d8a27dfab5316859d742f01a48fcdedbed69,dense_v1_train_x2.98_family2,99135eef7501873b6116732e3df612377a9477fe9bf697e5a3bfacdc897287ff,65d1765537dcad5bc3bc79554b4da20757649b47417b1a0c26eb114c72bbbf76,dense_v1_train_x2.98_family2/variant_7,33,-0.40943563938140876,-63.98437203141154,-161.54744300384482,136.51284626164548,161.15209799430616,17.689929730228528,-0.7204983997344971,5.90821548906364,1.6829975843429565,0.10512015968561172,-0.5831900835037231,23.581658411386734,110.85244026693286,11.789373521626509,3.58777117729187,0.04295499250292778,0.6909738779067993,-19.152763970517242,-108.38799190117638,11.720736594236493,1,1,1,1,1,1,1
pi2_causal_downstream_000505,downstream,988a34aa1e9a460211970d25fe8556bb3c6ac539d0fee8897b2d29ef91e6a86b,eba5d374655cd845ded9218272079f14d7a2541efaef56a226a11265d7112ffe,dense_v1_train_x2.98_family2,a89f6e137b0ddfc626a38db0ca0adddfbf3b1709cee98bb29f423a986c97f859,bc4d3e28b69417ba3a681ec4add7fb8a839c684772490b40182e5eac31a6b0cc,dense_v1_train_x2.98_family2/variant_7,35,-0.4228351449966431,-67.42138469346449,-85.5189202957079,140.6682240696545,64.83201899797763,20.905824283738347,-0.705461540222168,7.226174396717137,1.5873584747314453,0.11256928741931915,-1.1860787868499756,27.159072442018463,98.54945274142068,10.042357127230755,3.6532044410705566,0.04749805107712746,0.6538078188896179,-34.917989754234526,109.35679959342933,12.614767783343616,1,1,1,1,1,1,1
pi2_causal_downstream_000506,downstream,9d1942118acdf351f08e925e47afee71cad0b5beaae1085ff3abf9014f1f1c11,47dd2fcfc25bdc4a00deacd4d881cbea4320b8bbc4e35026ce7ada7de437c6c1,dense_v1_train_x2.98_family2,1ce9fd3a513957f0067eb9a590a8ab2b4ac399180cbe2ae40e1a99696a6af6b0,b74e3af391f4b88e600650fa787704ffd77970ed7ed80e4cee6159bb5100a10a,dense_v1_train_x2.98_family2/variant_7,36,-0.43796840190887454,-68.21979282630396,-65.39291413261908,141.22421512847188,6.245402887428246,22.489729319514396,-0.7153412055969239,7.945863457454221,1.517892599105835,0.11485408246517181,-1.4938995838165283,28.105490774172107,106.65153924810569,9.843177711975782,3.6842541694641113,0.04987308382987976,0.6261670589447021,-36.9920449976006,55.49467911951747,13.06436263942293,1,1,1,1,1,1,1
pi2_causal_downstream_000507,downstream,bd36ada567b8bd3902089ab8747425f33457ae18c347a7764f5d6b51bcd9c17d,e3d2aa261a27f2ebfde8506639e3f788e3607741154c7a0f4d3a8a35e0f92e12,dense_v1_train_x2.98_family2,9f2993e2208660a435941f87cde9434f1ed912b71696dd88d31da18a69986c9c,7f9aac6c98323a25031b5f1009fe674cf790ae02eeb51ca66d4cb253044db6ec,dense_v1_train_x2.98_family2/variant_7,38,-0.4301764011383057,-68.69021527519942,-32.137016761961306,141.56502790767718,-7.966742039412981,25.22842659976456,-0.6962242126464845,9.431105559157723,1.511878252029419,0.11795847117900848,-1.9173541069030762,28.800028805208612,90.99477174576633,8.59967347168326,3.7457451820373535,0.054738301783800125,0.557427167892456,-39.212320930718306,16.91220920575377,13.929037051483439,1,1,1,1,1,1,1
pi2_causal_downstream_000508,downstream,6bb709564c762a1d05c3ffad12065a927cdffae7080a06f21eef4642f5443cbd,ec9b7fc93067d4d60cda0b2fcc8a159e6ff87786dfb767ebe016228463650606,dense_v1_train_x2.98_family2,c4d7bab3dbe1529a86a0e86f21affccc65f333103d2b314cd97acf3c75ee6d54,488759fc0f52f4d2688ad79bc39214b6aace389c603b8b36c3174def67be14a4,dense_v1_train_x2.98_family2/variant_7,39,-0.3701515626907349,-66.59383214343657,75.11556547272717,141.05414341813858,-24.862037135460863,25.374812664856645,-0.6195004272460938,10.078653669205003,1.500988483428955,0.12997794151306152,-2.209275484085083,28.272432550318268,28.19156481809261,6.629655669754823,3.7758536338806152,0.057444605976343155,0.5145850777626038,-39.0303339553779,1.0395894762303197,14.116504337730733,1,1,1,1,1,1,1
pi2_causal_downstream_000509,downstream,8356a09042d2429647a644cd6bab894a48012297e8b677dcc866a20e79964330,b7b911bc9e9fc2d0a1a461fb09e010bf5a970424d8ccc59ba7a583de7eb20a26,dense_v1_train_x2.98_family2,cad08eba1c84da3cb2515cc1790409342ea9314131f12a767494f609b8ee5b0d,538a79d07ec2ce7a0adc0d7f55d7165e77f66e45733c1c962095f488c9b43953,dense_v1_train_x2.98_family2/variant_7,41,-0.34493139266967776,-57.7371326768702,205.99488536732446,134.41300022397343,-227.7395848920038,24.405042642144583,-0.5859734916687013,11.158604251921869,1.2068729400634766,0.145025372505188,-2.980236768722534,24.615042127147568,0.7805645304370766,4.065948433658768,3.82806134223938,0.06347303092479706,0.4056628942489624,-39.79958742574517,5.376529827355869,14.134523879796268,1,1,1,1,1,1,1
pi2_causal_upstream_000510,upstream,af8f93e7347aefeeafc5ddb9b4b9f24d55dec0e1c26de3b21d44a3f7d72b6534,56a3f68b09c9968b3f6271420de2ebf81223b5f2fc7a1b5b29c9f8f4038f7929,dense_v1_train_x2.98_family2,44fcc8bf224779da484951c3722add2f9befa1346abe6c702a9383ab6525a417,10c13e5d6deec002d726ede7490691eeb395aba0d541d163084556a3a1f6237e,dense_v1_train_x2.98_family2/variant_12,10,0.8496049594879151,-48.50431176818417,486.10456322980747,105.55267109367736,-898.481277841316,0.554714377332419,0.22094944953918458,-0.28410042096450844,0.9417931437492371,-0.011045543476939201,0.16103705763816833,-4.46217069561897,52.441424051076275,-8.121549130724967,2.855222463607788,0.0007897848263382912,0.12004099041223526,-5.84822824096565,68.3915242726056,1.3104574418253092,1,1,1,1,1,1,1
pi2_causal_upstream_000511,upstream,445d295ba1febbcb49f370b655a11a3ee968ec9bff45f15c72d7148e83df91f3,031c024e0fb6ddb02355bd3636bce77cbbf253c026e4fc747812509b6fe1fad9,dense_v1_train_x2.98_family2,1afd85814e3b8289aa4fd90175e05256d59ff93dd46e7c2d7bbff80e4883023c,cd5f5e6699d59d8fb5d17d38e8cb0ba454a71758904f2ddc0182b4d63e3553cd,dense_v1_train_x2.98_family2/variant_12,11,0.6383963203430176,-41.52750917254251,269.2084090791975,85.93444851424397,-1099.3067072145595,3.4086966629656765,0.019971184730529785,-0.38015948265665056,1.1113405227661133,-0.007220464758574963,0.6155048608779907,-3.967510466680075,216.95503038125545,-6.639536392162893,2.87593936920166,0.0005748537369072437,0.12830261886119843,-5.521010953303264,14.21203479004086,1.1365137288593192,1,1,1,1,1,1,1
pi2_causal_upstream_000512,upstream,8205f87b58584f20362d7cc1b9db9bede0fbf224e77f402ca55b023ec5a977c4,d273522a62744e6326e314da014974e14e2ba7ecd8d79edba4c290374f189893,dense_v1_train_x2.98_family2,ae7cb9a96e01ebad64f4e84b679b915879e6a76b8eb3891d65c2b234d95200d7,685fcd87698963951845435038356bb704520ca0231968d1e8a478538a53d3a7,dense_v1_train_x2.98_family2/variant_12,13,-0.2597292256355286,-47.01615015182179,-435.7764236135952,40.10152959838393,-731.083449964275,24.73271491453845,-0.4658316898345948,-0.45960887371764225,1.6101033687591553,0.03308511897921562,2.836575746536255,-5.682372464897523,614.5199880039711,10.583144184955685,2.927854299545288,0.001261757337488234,0.19681639969348907,-11.834723416394453,94.30686707808891,1.3444376315768256,1,1,1,1,1,1,1
pi2_causal_upstream_000513,upstream,85a362a3f20f27ac997c8f86ac4c10269499f1ced63e1de1c52c0cd7d994effe,21acbc729eead12cbdf105cdcc0f4fc36fbe6e939dbf3f080fb52c094d21985a,dense_v1_train_x2.98_family2,61a881833c9a12d5dccc27ad596984c221e3c723c16213dc94551ac016f497df,d55d30a1222bf86952665b1af23d637ad1d84a65c627a95d6818dc4b1a044073,dense_v1_train_x2.98_family2/variant_12,15,0.9898885440826417,-61.36415437144374,-144.61060925858587,56.50667409789241,1146.3084627427056,27.438231208122186,0.8107441234588624,-0.5974339027621633,2.416267156600952,0.06001422926783562,3.1409332752227783,3.468672296403248,-430.3604114508553,-15.090416754098364,3.012094736099243,0.003332922700792551,0.31841588020324707,13.080156331353857,213.36280167031398,1.025562660071429,1,1,1,1,1,1,1
pi2_causal_upstream_000514,upstream,b6e4a9736e132e7047d332a50d06bdffeba9390cfd89e07b3c328eba194f767b,d364cb87c16fee876a435a36e46fb1dd4f60f1c362eaf03c7dce56cf1cd22036,dense_v1_train_x2.98_family2,5b7efc71c1b74d1887bca74d70c99b66d501f2fd0ebb34825ba04348642baa57,ea12226e83df923e3eaf4b0957290363ce299ecce8ed9b6fe0893498c3137a35,dense_v1_train_x2.98_family2/variant_12,16,0.7125862693786622,-63.366799987037325,-86.28138114294559,70.87737845122089,501.95322489687834,21.752081877931595,0.5358837938308716,-0.6453149410536919,2.1876883506774902,0.050554364919662476,2.6244072914123535,0.5122940698285752,-205.40091845672183,-9.27455763338305,3.0573248863220215,0.004417393822222948,0.3750554621219635,30.386531485240834,176.91004108882092,0.7797471037860843,1,1,1,1,1,1,1
pi2_causal_upstream_000515,upstream,376a423f409d65ffb40c6579069dd7a3fa98ed2437ddc8f5d5cadb3c82a9e1b5,b311d6325c0224ce8b58ef28ac9c9cbe9c1557b3f1ed1c70a46588efb73600d2,dense_v1_train_x2.98_family2,94dd49f73fd8fec1ef3405de2deab4544a6756908bf34c7357549db7eb47fb0e,69b1627177720aa4955733667091aad4c52798048786fcdfef3ba956e57405ce,dense_v1_train_x2.98_family2/variant_12,17,0.47412403583526613,-64.86258409451344,-58.271116866181806,73.42333829453231,-100.13570953464279,20.64650717611881,0.2509467148780823,-0.6922156639789064,1.9733490943908691,0.042398419231176376,1.811402440071106,-1.0195017831596065,27.844519491269676,-2.988439561425536,3.098280191421509,0.005326046608388424,0.4181489646434784,35.07562027499467,-43.460172669900146,0.663619980467254,1,1,1,1,1,1,1
pi2_causal_upstream_000516,upstream,e30f8dbbbb205996fe936eaf7abe9fae5daa50306bb3b2bee9bb60d0fcfd3791,8d8b8487092f752ffc411fbc72519a779aa7867d69a0b0d835f5923671d208a5,dense_v1_train_x2.98_family2,9d4a189629e773bd35b62eeff499b1689b8fbeac51e730beb7295a7db50f235a,ec6e6f181657fc2a60bb0110644b9dd434eba07cb0953eab65d74de7b2e131a3,dense_v1_train_x2.98_family2/variant_12,18,0.3911853551864624,-65.84765446718019,-30.985911320760717,67.60913293336979,-335.85135711295567,22.740368955340028,0.16801499366760256,-0.7407486439353416,1.900199055671692,0.03970356285572052,1.3959238529205322,-1.3075606358149572,110.94305638665142,-1.2770999131074043,3.136411666870117,0.006127116736024618,0.4487740397453308,34.96908981450998,-6.699330856364946,0.6036024190894326,1,1,1,1,1,1,1
pi2_causal_upstream_000517,upstream,eb2e25b7a88b83c7f43529ac481bd7f2c73d6e010ad7ffe2d9b9805be5227485,e1ed1b543ae3c8f58f3379fd0049513a6ea84bf7f4f84ed6c47bb23cded8d621,dense_v1_train_x2.98_family2,4687de19ae523ef9946f1cfa9ccf8f6e7fd9673cd3c4f54e4a27df9704100bc2,9d76cfe831dc8b6bc9340ef61b51313597827c5a1e0f05a42f381789d921a529,dense_v1_train_x2.98_family2/variant_12,20,0.7241150379180908,-50.506469025252095,475.62535915609374,46.82617185515247,-516.1178897637043,17.039670034181658,0.5713857078552247,-0.7731928150560718,1.9412001371383667,0.03512722998857498,0.47144901752471924,0.8594198114568143,-219.22087733651549,-6.506294769381577,3.2132461071014404,0.007493726909160614,0.4746858775615692,34.333547542429464,8.457332329380195,0.4842086922014445,1,1,1,1,1,1,1
pi2_causal_upstream_000518,upstream,c31df319f8412fcc807113edc85ce80ea87f64163223b3af2fcfadda325b0baf,b59d2909190e2e7428ed5172d0a970729505054a2d0fd31ca1059feea9be9484,dense_v1_train_x2.98_family2,29096ed7365693ba77f9da50cf6e2554f049cb9199826167a99a8505cd30693d,4f17bba4c0530e55e2ef9bc27ccfae9c3713410bed57f6bf15334ae4d2b16e3e,dense_v1_train_x2.98_family2/variant_12,21,0.6769086837768555,-40.25426628860375,465.5000135229001,33.74310500943854,-607.7816512179166,13.21359859550569,0.5154602956771851,-0.778503992841657,1.8897150754928589,0.03667522966861725,0.4255761206150055,0.4624452148317064,-173.4361385750607,-5.660477866626224,3.2510414123535156,0.00818543415516615,0.48186013102531433,35.48082124750567,-19.01381401713709,0.41384099107968897,1,1,1,1,1,1,1
pi2_causal_upstream_000519,upstream,059385fb4c67c0383d463241a0583d0d8e2c1c28ece67b06fe7129eacbb066a5,e9e06ca9b08b48acff8df842f1917d2f298e13fbdfb20dd1e295405015fb0172,dense_v1_train_x2.98_family2,5147d8d25f976ab82d7225ec9a66d7cb0a717eba1673174f014c57ab59b786a9,16e4a16514223a0c2627a1b9f98157b9fd7ee39a2f4283eec25896b5f31f86be,dense_v1_train_x2.98_family2/variant_12,22,0.6938967227935792,-30.306686573843383,502.264845447571,20.466699413983644,-642.0930245512056,9.686593329647843,0.5363299655914308,-0.7837154963687906,1.8700543642044067,0.03910906985402107,0.39459508657455444,0.4703207431098485,-190.548508181989,-6.44208330722064,3.2883212566375732,0.008933525532484055,0.489574670791626,35.66407180784253,-7.345226414566732,0.3427215244543388,1,1,1,1,1,1,1
pi2_causal_upstream_000520,upstream,2807d75ea53b03e14ab8ea39f5a618f9e5eccc10b91e11ec562a6437c2a63792,f588e8a889d9f51120556f7304b21f4c25d6a854b5229244c5bbcaea500c337d,dense_v1_train_x2.98_family2,0bf2ea24c1f0abe36e5d37846eb3ef854f9f5e89d9e89f47deedf4d522588e5b,efcf05d2a01e4cd96833cc3e9d300eac6904cd0d39b2dee0704717ad07a375be,dense_v1_train_x2.98_family2/variant_12,23,0.6902902984619141,-22.753562861319804,417.4688665245631,10.999465559209119,-485.8905870634893,6.527397724652832,0.5310963010787965,-0.7885623811668864,1.9000322818756104,0.04340194910764694,0.4593674838542938,0.43559488743074004,-186.28448938504175,-7.6081511315717885,3.3261847496032715,0.009777937084436417,0.4995696246623993,35.751272832976085,-6.105341747647494,0.2488797018468798,1,1,1,1,1,1,1
pi2_causal_upstream_000521,upstream,39fac679d17ed9bf7a15b35674112ef941cb7d95af6f8d1144a7f93a614ed2a2,3f8b59d4b4a543dfd9e2aece1061d5d8d6ef3e4bade78555d47bf05ca376f0c6,dense_v1_train_x2.98_family2,238bc477c483f5b52ad6954a0e168500df7c7b5a729c65a1ba7ce58c4f2478b5,7dfc6d2f1025feaa4a71abb4249981f2638b8ea685f63eaf11b77caab0d2ddcd,dense_v1_train_x2.98_family2/variant_12,25,0.6936336326599122,-16.419182245800155,160.39661077021103,8.64124627184019,46.58064704505802,0.5784471914967853,0.5405870056152344,-0.7943441104037154,2.0456807613372803,0.05150711536407471,0.5435841679573059,0.17647463915423423,-194.05255915074562,-12.083251802176415,3.4060888290405273,0.011730827391147614,0.5229052901268005,35.01862917656008,-0.42149049343381084,-0.04804340600256908,1,1,1,1,1,1,1
pi2_causal_upstream_000522,upstream,35cf710faab004156441af09fbcd1f68f377d63cb7610aa6a49e9bf4b6b8aef6,427ba97e0ad1d0f415793a1a48e5887e87c86fe9853b1fbcd7dce7e84603a565,dense_v1_train_x2.98_family2,73eb9d75dd6cfc2364f340717f9f33ef7e0abc91d50d135403d37bbb70d9d063,5ea92f9c4fb6e29727a1361444bf2ab5d9953054eec8f7e745e4923f4a9cd243,dense_v1_train_x2.98_family2/variant_12,26,0.715728063583374,-15.80275425811192,193.59571511792015,12.547471585531856,28.089410801318607,-2.3945142588034463,0.5645356178283691,-0.7920591899809852,2.0469536781311035,0.051852308213710785,0.42983636260032654,-0.15310218538170015,-213.66480531465527,-12.948312336031455,3.4472603797912598,0.012788847088813782,0.5346096158027649,35.621359219867855,-10.83696938243899,-0.24885483029208655,1,1,1,1,1,1,1
pi2_causal_upstream_000523,upstream,b350c982a07a191119216792dd5de3c9fb1e8b1d5d10154ebab447e98918b04e,73e190ffa591804761c4ec36a7cfb2fe928841d2800268168cc32d238e6f630a,dense_v1_train_x2.98_family2,71021b50b5eb8e188ada8728cd163bfea13e13a96f331ef371619fdf2e1045a4,463c5ee11d5dc35909d3459c32cc574dbb8e00f307d781abb77694afab57b1a4,dense_v1_train_x2.98_family2/variant_12,27,0.6692794704437256,-16.55085463261966,93.67090816446903,17.453197754059214,86.96379217311073,-4.678134511209313,0.49573337554931646,-0.7874513347112982,2.017138719558716,0.05377206206321716,0.46753227710723877,-0.5321083952499293,-157.284284810733,-11.762379760252971,3.488025665283203,0.013880517333745956,0.5464518666267395,36.845824307848964,-25.51655367305567,-0.457165725516227,1,1,1,1,1,1,1
pi2_causal_upstream_000524,upstream,8790a5752331288a8439c35757fd6d2c30611d0ad401ec94b936f0956a2640d1,5260ad4bf96aac386cd7716b8dbc42be8b724d36254d1521923a52fc5be91039,dense_v1_train_x2.98_family2,5ba34fe7fa2f9c2b7b734819493c67cefa3e08b0e11c209e0ad210500aa824cd,73dad532bdc94258d12f2f592e97bd008c395670a42d4028a08663e9263ac447,dense_v1_train_x2.98_family2/variant_12,28,0.5941743469238282,-19.416872017796003,-42.591451154649974,23.351142941993388,168.77133793799544,-5.674388733101869,0.4031521177291871,-0.7867824749486632,1.9756169319152832,0.056291643530130386,0.5160122513771057,-0.8339815189450424,-81.5269820843481,-10.29239925368752,3.5278706550598145,0.01501445472240448,0.5592485666275024,36.52141422793545,1.8740220544648474,-0.6430407072814859,1,1,1,1,1,1,1
pi2_causal_upstream_000525,upstream,c9c0b97b45728418d313783ab3c7be71a339928dfe8c516ae2729739cc1ff73d,a77e24c1a0a8f5822d08bd6d1a34638258c6fd316f1d9a20fd87716ab2c1970a,dense_v1_train_x2.98_family2,145088da7626863cad592f7d306e99c5bc7fcf4602bfbee087aa2c28944a931a,bc02f4ded8e016c83a95a28ef0f1ece51e44172d64296cc2fcdaef132f1dc64b,dense_v1_train_x2.98_family2/variant_12,30,0.46867935180664066,-31.8027199832242,-256.42699412308264,37.18476903031626,298.948254838727,-3.2606934133303853,0.8382573032379151,-0.8052367542185195,1.8948543071746826,0.06136467680335045,0.5261030793190002,-0.8810515008059208,32.88348472125741,-7.590343120858273,3.604048013687134,0.017443399876356125,0.5861256122589111,34.927449566235,22.32779789676518,-0.9528778238410803,1,1,1,1,1,1,1
pi2_causal_upstream_000526,upstream,549d890d55684e72b05ef4218c88569de049b77e56cbf6a17fa5fadec161dba3,dac5fdc6bc0fdd8d186e52f400b4870aaf05488f6f25c497fa9380c293351ec9,dense_v1_train_x2.98_family2,8899386b7205109d49c01544d4073f60c0016d85f5500edb011585e213dd9244,f8f00b6ac438804344c4bb434a3358eda80bb5ba1801a742ed045df9ae7f90b8,dense_v1_train_x2.98_family2/variant_12,31,0.412207899093628,-42.02004435887588,-432.54396828699504,48.03434352686851,495.37149068811397,-0.5448676280581931,0.7710297298431398,-0.8219910514244757,1.8388923406600952,0.06687991321086884,0.7273358702659607,-0.843136106866975,87.92188329855594,-6.575529408790234,3.64068865776062,0.01878960244357586,0.6029078960418701,34.861814863405755,9.234268055016438,-1.108993589252103,1,1,1,1,1,1,1
pi2_causal_upstream_000527,upstream,00522384fedeee1add092affc27eca07efd415e5f432c1d4b2f4403baa6135b6,cb4accd3d79dfd73a2cad66c45d0c47bd7b625f7b1e2ca217f70c54a84fdb0c2,dense_v1_train_x2.98_family2,08bbca3b71396121d75d55634841abcb82cc79ae032070f84f41b682707378bc,f75c476d0598199040f301ad9e8f2cfce8067f8f5e3ce70c822dde7c1d6bbcaa,dense_v1_train_x2.98_family2/variant_12,32,0.6134460163116455,-50.76329438332833,-319.1216830052232,62.91641048297752,736.0327689614064,-0.8665281218000881,1.0168507099151611,-0.8298823502944249,1.885094165802002,0.0680331140756607,0.833355188369751,-0.31278045555194744,-113.29366598951131,-10.395717817715012,3.6779205799102783,0.020180344581604004,0.6214486956596375,34.51797631039815,9.474087949606632,-1.285230222248673,1,1,1,1,1,1,1
pi2_causal_upstream_000528,upstream,b44ae7d55d5843f6ae845000ca6f9394a9a50d7df82df29244b274b915aa8d51,a3ed4416cd4ecb83ed38a72e6568c9804cce832995fcf7904087a7124b25a85b,dense_v1_train_x2.98_family2,e7d583f6d38ccef23cddb21eb4b38b55cff77244be603bb86e70dbdf64cf0c2b,87fa5d4df92151a8c1d58d418260467c865ac7d80a2e60ae11d4923c835670a4,dense_v1_train_x2.98_family2/variant_12,34,0.779846420288086,-61.71185881152158,-166.5389998908035,100.3166002646214,792.360191574721,-10.610635414887643,1.2222411918640137,-0.862982890569541,1.782397747039795,0.06981129944324493,0.9279242157936096,-3.0904522786610844,-281.3876472373274,-10.09587507447239,3.750744104385376,0.02305547706782818,0.6665935516357422,34.77795380077634,-19.954380584719328,-1.6048942429865765,1,1,1,1,1,1,1
pi2_causal_upstream_000529,upstream,70e594073428b2b4b8f2e13366dd047a82cfbbf9c9d2baa447e03bb7f639009a,4de3c2a48041713ed163fde6e4d5ce349b2a01886cf04a50754aa371b6e69cfc,dense_v1_train_x2.98_family2,82dc01530f5134383457ffc86d941fa21750010987136a889b2b8fcfd6fe108a,362635286b8ef88f072c4d3406895c2c691d1d65be7ac9113ae6e4407ba802fb,dense_v1_train_x2.98_family2/variant_12,35,0.7447749900817872,-65.08749539369279,-117.76881276389284,114.00488675759557,580.2984999601595,-15.462034245021346,1.1792980194091798,-0.9135918271625146,1.7813085317611694,0.06569517403841019,0.4820578992366791,-4.163256004329824,-246.24913799554986,-8.42065335976358,3.785892963409424,0.024434272199869156,0.6811765432357788,33.81036188219566,9.058974665062646,-1.7078761997801633,1,1,1,1,1,1,1
pi2_causal_downstream_000530,downstream,38e887d3f992b7cb99798db843749ae1a74e34380cd1cdf364658a87b45959be,bd8ed04465dc2e76144633db6c74579ae1a5061459eecd75a1c8145958d86396,dense_v1_train_x2.98_family2,7cce84f8e8501a97e134dac2e904bcf7cecfbe71dd82849749141d5aae63d269,d34bcbed1847e35855cf1b3ffe4cced4503ba16f1279263e1cf7c545a35b0efa,dense_v1_train_x2.98_family2/variant_12,37,0.7007162380218507,-69.36684113513756,-47.22725080849937,130.66558961508926,277.7353811635815,-23.571451610896577,1.12794584274292,-1.0530720153257607,1.8560738563537598,0.05622244253754616,-0.4072527289390564,-5.084289938433119,-204.20421467262221,-6.868221797745497,3.8576183319091797,0.02691839635372162,0.6827294826507568,30.683077808435275,12.060646437344612,-1.8569481043892169,1,1,1,1,1,1,1
pi2_causal_downstream_000531,downstream,756efc53166174d6a24d7b32fe66b0b708468281988b2f7ce3a82a55aa0a922b,e6e622887901b85e890929546f9c4913e6e8b75d9bcddb5e1aed2d993a89f766,dense_v1_train_x2.98_family2,256fe538371c80f1d6fd8afda4492eead5e778009c224c1115d51045cf7d26d0,66f7b5061b286f1e7ca4239b92cf64ac0b5e51b544b866f0424da51cace3808a,dense_v1_train_x2.98_family2/variant_12,38,0.5651236820220947,-70.36436294266124,-9.930019298404263,132.10542081288463,-133.72707164638572,-26.11590645788029,0.9742638206481935,-1.1141308297724133,2.1008119583129883,0.03773287683725357,-1.432600736618042,-3.5656953470066908,-78.40865921877878,-5.125324434306085,3.896693706512451,0.027886509895324707,0.6644775867462158,27.15864726274263,56.855447462575356,-1.919000295065239,1,1,1,1,1,1,1
pi2_causal_downstream_000532,downstream,c4c1f95f8b398976b07631621b05806b0bf8603f9540f1b22176109d7716b993,02925ea9129b96efddc5a9bfdcb73b2bd3f0d63d0445c9dd9470305d8c47d850,dense_v1_train_x2.98_family2,b9e8e7682bff4fe4bb73327e86d133d705b31ddf58e5c16cb9b24f3a08ce3732,b84a6f170e741660a324385fe5f6ce54b9545edd79524a546ed955ffafce2b61,dense_v1_train_x2.98_family2/variant_12,39,0.3813167381286621,-70.8680415826255,10.000800548773105,125.22037156345833,-565.0288197686522,-25.722645442520626,0.7682291316986085,-1.1245309479635432,2.385361909866333,0.017954817041754723,-2.432543992996216,-1.4780347937007765,90.24085546518033,-2.546968576874469,3.941052198410034,0.028472544625401497,0.6259818077087402,26.892317696436322,14.927356232948064,-2.007525891578131,1,1,1,1,1,1,1
pi2_causal_downstream_000533,downstream,7d35f198efaac59bf842f80d85a355d9c6bb237533c8024ea9f3890ebb06e5e9,b358f3e5d53673588157b7caa88b1a73cb3b1180053d0e69d0eb0e2fa6edff1f,dense_v1_train_x2.98_family2,8caf5e67b525e79dee45447270fd476d186fd03a9285d9ff02b8895b1cd14055,4c03c816f061cc2a347c824d30bb88d893c1da87bd9b604220987e9197863137,dense_v1_train_x2.98_family2/variant_12,40,0.12346940636634827,-70.86406641252854,36.68493237176015,108.82950898950433,-1105.7786666229836,-21.36977836420241,0.47726249217987066,-1.0981917402031254,2.657679319381714,-0.0015327702276408672,-3.390305280685425,-0.38809652464285493,328.3914245014677,1.6850408586926438,3.9912009239196777,0.02865542843937874,0.5678118467330933,27.141250770926607,0.11747602539261942,-2.1100114951632802,1,1,1,1,1,1,1
pi2_causal_downstream_000534,downstream,70e4f46e1f4f3e2b600234b7340947e407e6369ba9ce2a44290ddc8c804987d3,278c4fd43d3dee0ebb7c35bbb767e9ed72def5c0acccd7530c6ab851f51bfeaa,dense_v1_train_x2.98_family2,15a592d61ac2963d1c71be0ed7330ab65e39c45b71afdff0bb99a72c74920d55,f9e92d2f55a505433c3131a689490878d8bf6d05e2de8da909a3bb3d8259d344,dense_v1_train_x2.98_family2/variant_12,41,-0.1521190690994263,-69.78967765608553,80.97221362939216,79.79659463926039,-1668.7942198318829,-11.630055019693344,0.43775481224060064,-1.0947161342771334,2.550525426864624,0.0003536581643857062,-3.7319905757904053,-2.6697260727232273,582.6286872974009,7.123244839654495,4.044759273529053,0.028545571491122246,0.4932929575443268,27.42954451805638,-0.4203546809996053,-2.2023548106428974,1,1,1,1,1,1,1
pi2_causal_downstream_000535,downstream,9d9dec44fec731fcf40a546276b62c774deba342542302852bfaa63176b98cc4,1300d28bba34280eb255f64e799245182fee15c19add0b2a118c6dc2f6278c83,dense_v1_train_x2.98_family2,636665c4e8ef908facaecbae28fbf916a82aa052f42949d9404f7384b3377fd9,5aa00bd3d482e1e313e8c37019b9ef2a8c27fb7201235aafd507abe7baaed7e0,dense_v1_train_x2.98_family2/variant_12,42,0.1401966166496277,-66.92742541268916,122.16440832501122,51.59456597135932,-1015.6271636925253,-2.9722834499302935,1.4695297622680665,-1.158199710911123,2.000601291656494,0.03999098762869835,-2.7320380210876465,-1.7037390351540824,283.5156609751366,0.6204565186380739,4.090177059173584,0.028927288949489594,0.42828014492988586,19.58673199226505,131.76083776925748,-2.2543613156421567,1,1,1,1,1,1,1
pi2_causal_downstream_000536,downstream,9cbfc9b1d8fd25595e23e53cffe00fb6a0d1569263471ed36b99ca3a5c2624a8,a250df53c045f05cd712626abcaaeb84b5ecf2e884ebaf3e8234ce6d908815c4,dense_v1_train_x2.98_family2,30556cf6967dca292a4bba84f1455a2a8ae7a3c5b11aca5abb3831b0e1783092,6a69a3c5e317550dd2bdc141f652087d4d36f11999b9937c7ff604d1406b814b,dense_v1_train_x2.98_family2/variant_12,43,0.8340551376342774,-63.11157630832146,184.05593526265,42.87776243937316,225.714433803095,-3.490605569255511,2.1940542221069337,-1.145623215004038,2.046863079071045,0.05217677727341652,-2.2931041717529297,5.29658929331004,-309.48013333131985,-11.599985182546748,4.130526542663574,0.029828598722815514,0.3776165246963501,11.634194185004757,137.0940133977435,-2.311150160527304,1,1,1,1,1,1,1
pi2_causal_upstream_000537,upstream,a911fa6ee7e45ed883924a135aa87edcea8bb437f9bfafe3172283080f3bed46,b6cbea0005548a64559379c7fbc42f8b782dc3e4d9e586f2391a4611f27536a8,dense_v1_train_x2.98_family3,90a325c2bb1e3f39748d74714bcc06ffafc95834dbb6f4f419576b93588e34e0,cd7b2e0c6b38724ab2baea2b0d92d8c1f22fc41c4bfa04133bd5cd30999f6d49,dense_v1_train_x2.98_family3/variant_3,10,0.5483110809326173,-45.80276704576902,660.445305718923,104.55294313505176,-1015.1085064477112,0.04686354059786825,-0.5430974102020264,-0.24350849728164567,0.4213798940181732,0.004189392551779747,0.08563881367444992,-0.2587885038540842,60.88826777121227,-1.827720628968154,2.8500654697418213,0.0009263876127079129,0.11915761977434158,-5.831515621840276,59.76022104864964,1.3575642025537222,1,1,1,1,1,1,1
pi2_causal_upstream_000538,upstream,7103d1ad21b47256e76d89aacd9f32ed59588fb5c0dc7c334132353fb0c11cbb,2f6fded6b8047f3a61f1a68700f73a65cf5f366cf5e43201cc60fa3da9ecc3c3,dense_v1_train_x2.98_family3,14f70b62226ff9c0ea81920dd8498e7a9108056c2a164d86a7e4d221bf041749,f5609aa0b53942cf7869036e917a097d1898ea7d0f639d3ebcdb65bc6e254947,dense_v1_train_x2.98_family3/variant_3,13,-1.1699979400634766,-38.148351627854154,-646.5270194358378,32.03495666028839,-554.1641198181829,26.74777656262208,-1.4150111579895022,0.07763166339535695,1.2934186458587646,0.05531274899840355,3.44557785987854,-9.494784276565419,774.5439982945795,46.28692158999079,2.889190435409546,0.002354564145207405,0.20340609550476074,-11.994464465608127,32.99274384231552,2.660764978290601,1,1,1,1,1,1,1
pi2_causal_upstream_000539,upstream,61eb8e42097c19192e8ec1535c89c4719f5381ec7c51b6da29718585fd9f272b,bb4415b37c002bc527ac335be1fb1e79f3aa1e4c3db35b1ed146a516d3738a59,dense_v1_train_x2.98_family3,23a0d24ee5bfd0dd1af7d75d6250b27ba9f1df0ce8a5751f426e503bc0cd6ccc,e3a6e2b375a8055db5da27f8d6774088af35105fb6908ffe72d9f14568518d6c,dense_v1_train_x2.98_family3/variant_3,15,0.1961626172065735,-57.30774600450818,-241.34593643569448,57.07155464791456,1386.957009543385,32.493303886546364,-0.010489855408668518,0.41259498114818527,2.2908501625061035,0.11149373650550842,3.632849931716919,-1.0942638598758023,-375.07942845990004,10.061705345602109,2.964869737625122,0.005851991008967161,0.34154921770095825,16.423741397071137,165.7602080612603,3.6850843092069976,1,1,1,1,1,1,1
pi2_causal_upstream_000540,upstream,e3c9560b536e20c30c24034f58567a407c9c6a5787089ee232835fea33dcc84b,b481a172822ccca6996267aaef8c1e456cc130863ee2253f0b44c1417fa17152,dense_v1_train_x2.98_family3,6127d09e300599eeb22adad0a40f504c63b86cd99e89d5259f5cbd8055cdd755,f605ccbf36ecb2f44e79cec346d512a598500e474da2cf2970c42eee4ac92081,dense_v1_train_x2.98_family3/variant_3,16,-0.05376083910465241,-60.57088937104929,-177.47665992198682,77.50832417295521,814.4814804094781,26.865878121101005,-0.24956615924835207,0.4986644340029161,2.0563271045684814,0.10251735150814056,3.342299699783325,-0.15156189768258294,-179.3842634552797,14.144316025741123,3.0078063011169434,0.007975788787007332,0.4101988971233368,29.680122585426847,18.785491038467317,3.859137218858005,1,1,1,1,1,1,1
pi2_causal_upstream_000541,upstream,e175f2a8153326e5bea44b397b9c0c28aea6eae49c43c63500c31165e38e63d7,f250b06f518f37c9c7ea662ebbab84be06f6dadb9602dfd45fef96276eb52e26,dense_v1_train_x2.98_family3,49f142e14497b5e0cbf24d5ba8874311d7cec77198d5c11c55fa3b2a25ed56ac,d4c65e968ff280f2acc1aa15ab0fdd13ee8d5f394ff9251b84e90fb1b2e21b70,dense_v1_train_x2.98_family3/variant_3,17,-0.3382641839981079,-62.955977768839396,-125.85389892973369,86.19066257038949,86.15739954913153,25.5538173619098,-0.5736911010742188,0.6557856949482842,1.6247833967208862,0.087485671043396,2.3259811401367188,0.4684233379027601,85.9279734949108,19.550827395345586,3.0446434020996094,0.00988560076802969,0.46640148758888245,32.87151481473697,-53.52063833616789,4.198034878120649,1,1,1,1,1,1,1
pi2_causal_upstream_000542,upstream,68c6e6dbaa7d6fdda8850252f8c93caac36b509fff556713823e3b47cb9f4a90,8223266127b059b361045af507a5af5a1f810040f6ab812829b594ef1f54c901,dense_v1_train_x2.98_family3,e87773542354f9964f10a1c7966b4283e58bc89be64909b7186e8e79314ed2e8,9ff47deda4a1246abea15d1f28c26d1669901bf429061634c2b63b4664abd0ee,dense_v1_train_x2.98_family3/variant_3,19,-0.27234969139099124,-57.11593038695213,306.7299986431492,69.93764687426469,-597.3093319748863,28.684033136442782,-0.5043902492523193,1.118381183589706,1.2414649724960327,0.07105720043182373,0.8327922821044922,-1.3671043040084243,29.197484343200824,22.782746552095976,3.098386526107788,0.01298902090638876,0.5187371969223022,28.53126939910507,5.25959826942572,5.2308405430188385,1,1,1,1,1,1,1
pi2_causal_upstream_000543,upstream,78cb4a88b86b58f2181184400f8703bbdf5fc5bce7d871836bb31e931a5d6ad6,799f2a37fbf37c1a5da41f5480d836bb4d153c801d364f5e4fed0a11583cf26c,dense_v1_train_x2.98_family3,044eeec4ae624273d336d8d26812aeb995d575cf83dc0af1fad5def56bf880ef,2262bf3235c36b4846fb1da3880e12cb23cf2761d7bdfaaa28a55215dc8e1ea7,dense_v1_train_x2.98_family3/variant_3,21,-0.1146678948402405,-36.30937783534158,445.2988274676169,41.90625340730347,-566.8626435985306,24.394877478348022,-0.33612094402313236,1.5028445236650667,1.3274840116500854,0.0664510503411293,0.6767407655715942,-0.9974166866434875,-108.53147368507084,26.489380931635175,3.1472678184509277,0.01570429466664791,0.5397624969482422,26.115754216109845,10.734443974128869,6.199839211849692,1,1,1,1,1,1,1
pi2_causal_upstream_000544,upstream,7208391aa881a228dc5d46f0c734c706abcab65d44338bb68dcf12193d0036ca,1b37c1022b92412bf58be443d40f67cc3274ebadf5020720145118b956bfd4da,dense_v1_train_x2.98_family3,141bd96fba7647efb8a2b0c2f14bc7c94fc5f18dc8ad161da59a4e446c23d2ea,c65b958bf5789d711d4e06ce41fbceeaea94684134c626d9d5ce3f4ec9d7300a,dense_v1_train_x2.98_family3/variant_3,23,-0.09884490251541139,-17.073958330583427,295.46349232418646,22.440484065239342,-190.37678356587654,17.4006668298732,-0.29009642601013186,1.8485530318773218,1.5785578489303589,0.07764358818531036,0.7399703860282898,1.8632881987407606,-146.15160921836747,29.155519660940264,3.2038955688476562,0.018514100462198257,0.564536452293396,30.913869900490006,-77.55774742178941,7.1156039644690585,1,1,1,1,1,1,1
pi2_causal_upstream_000545,upstream,4548d46dbfc1f8dc19eacc8625eca159dd85220250f53b85a7bd8a15d5361b0e,882b99dccbb330367c2c963cc597aa945b3b7a48bd6e0a7beab8962a8eca9f8a,dense_v1_train_x2.98_family3,63f08e4f399e743c0055bfa03e16d4c23285847af1f470f100d4cfedfadb6ab8,d9e1fd57ff95e4d826e1ef6d677f507fdff76aa0372bb3ebb5800ed309249ee0,dense_v1_train_x2.98_family3/variant_3,24,-0.049377690553665164,-10.647012430110827,248.84895388046684,21.67305084028588,59.605585565840556,12.807117857815241,-0.2128570079803467,2.000779358867222,1.7267687320709229,0.09420506656169891,0.657117486000061,4.142916554755172,-209.37739994998987,26.822856380124584,3.2374167442321777,0.02032698690891266,0.5776538252830505,34.088429128590626,-89.0856382500994,7.46369840309911,1,1,1,1,1,1,1
pi2_causal_upstream_000546,upstream,1e68b3d7f89914bd1899aca88a92cb047d77e3dd665ef49544784f2010810b2a,bdf3e21c9c0bcf2d83691f2d07e94239cb4e4950cbaab918c5a821b73c734893,dense_v1_train_x2.98_family3,7cd29b412861a2467529ca8c4f36477bb9818d332df910905a33317efb7c5f11,cfb95727fa6a705397fbb5e689b9147526d33082fba8e91c50f5c24dfa8d8fae,dense_v1_train_x2.98_family3/variant_3,25,0.02783492654561997,-7.551231750123487,160.82971306548154,29.75490632664932,429.6950963841827,7.362197485913224,-0.120306875705719,2.143073012451271,1.9557876586914062,0.1198999285697937,0.6954650282859802,6.268922643835184,-285.12714848715274,21.151331963176332,3.2758185863494873,0.022638069465756416,0.5920552015304565,35.39179314676914,-45.81222685776949,7.697105614964767,1,1,1,1,1,1,1
pi2_causal_upstream_000547,upstream,2e649aeafa763b45d10a9c3382c8737ac604401542e56f0b81ceb8631b176c78,717b793fbae011117c15aafa7205ec4d8cf9d0000adbf9bd0932685b8da00054,dense_v1_train_x2.98_family3,28af61106bcbd7089ef008dd4a496d41098f5ffc4dc1c2ac006e6fa83dc5500b,68eb4370ef5446772440a2a4a177b8bdc9ddfd85cf974e215c9d795ebee6e135,dense_v1_train_x2.98_family3/variant_3,27,-0.228398551940918,-16.837517672085095,-440.98900542209554,60.763200177320165,1019.6692150018255,3.108349123887024,-0.4302337789535523,2.501104225371063,2.319481134414673,0.12953504920005798,1.4755940437316895,7.747057542495984,-31.460004996335055,18.209108449882866,3.3611252307891846,0.02762983925640583,0.6354002952575684,35.193697170271264,-48.19081291546975,8.391833285532078,1,1,1,1,1,1,1
pi2_causal_upstream_000548,upstream,cfcc3c10fd901b935ee67b35df97eaa92fe7035a492feb17c79ed037a56883be,8ebdd48e792582d06904b83854d108c438945dcd3f2330c420d15337abc9eadd,dense_v1_train_x2.98_family3,e338533c9699debda6db5515338c3c3faddadafb63598a5e2a44ea6a4a2122dc,5e66393d0d9021a9d045f2060305a9cbedb6e0ac33f8a5189fa28f43eefe36c0,dense_v1_train_x2.98_family3/variant_3,28,-0.4121288919448853,-31.032151701441702,-689.1822065007278,83.45019259989444,1047.7595427560402,5.746576130265244,-0.650876111984253,2.697398484205594,2.3603532314300537,0.11167905479669571,1.854922890663147,7.4466103275118165,149.13847826317073,17.046021149330784,3.4087941646575928,0.030014457181096077,0.6722380518913269,33.01761939127271,19.820447405284547,8.900244045292071,1,1,1,1,1,1,1
pi2_causal_upstream_000549,upstream,177c5fc1e35982a09c1c2756cfc4a42c2316d051d340663c218d457b296cee0f,1404ec8a6f230fdb7ed45cd63e41f4a3dc31bbb63abb331a7312ad00fd08b5c1,dense_v1_train_x2.98_family3,5d3181511b10f6c857b245a429ccafb9bb29a402cbc6856d4d8a098ff8bdb491,33e6df7dc8ac180a0fdcd8a655f9f9b02a8654aeb26d436cc2d8dcdd507a0864,dense_v1_train_x2.98_family3/variant_3,29,-0.3675489664077759,-42.414982972158946,-521.3672453106959,101.6158661692979,787.5654534188853,7.899199430590022,-0.6120674133300782,2.9065890529177825,2.2241759300231934,0.10279324650764465,1.4609730243682861,8.001222541890499,117.38270217011201,13.99307770827047,3.454850196838379,0.03220261260867119,0.7052008509635925,25.397896211699628,121.46022948196125,9.344109755908379,1,1,1,1,1,1,1
pi2_causal_upstream_000550,upstream,df7c56e9a46773e580ee2a59e86467e2cff39bd709cb113ec7349595e49347be,60094a499c64e40972067653b86eba1232c8faaf027835d6af023bcbbe6c3b1c,dense_v1_train_x2.98_family3,16343cd6fcc198e84c6788ca01c830741fd1ebdf79af0e528a9a9df202f29fcc,8c5ad912f5b95a4fd7125c4c671ac2a256c18ede3ddbd6253f3f29af23554df9,dense_v1_train_x2.98_family3/variant_3,30,-0.3422602701187134,-50.83498746395137,-393.3728060762152,115.04224222835877,571.9955034390384,9.587027279344616,-0.5931345367431641,3.139190860190169,2.074497699737549,0.09758224338293076,0.9572567939758301,9.511946834402368,101.87530407473167,12.661187405023398,3.497990846633911,0.034255266189575195,0.7289038896560669,20.871126867571146,91.56737382464519,9.719165594096708,1,1,1,1,1,1,1
pi2_causal_upstream_000551,upstream,a61ecdcbb65e67fad2cb5f1f1891a6dabb9746410131a9813bd9bedb389e6738,d55b81afd86b9ed375a8912a65649588ca127c93c88e6861a19de74e683ded09,dense_v1_train_x2.98_family3,26e8f9985e36349c317fde6f78aa020bfb79410f171fd31e784eb12809cf9b14,e9b0c5a472135784c22ba4ff3ab827953f7ece45cd1c6a650b5bcd141ec74610,dense_v1_train_x2.98_family3/variant_3,31,-0.3324164867401123,-57.060489741459136,-299.01997182501214,124.64225069173011,402.13918995138647,11.091540770772855,-0.586434850692749,3.4092505349231574,1.9404730796813965,0.09530560672283173,0.4550238251686096,11.427944670185175,96.40160413426179,12.008786518523998,3.5382800102233887,0.03623771294951439,0.7424342036247253,19.248205618884416,39.06087514625161,10.060795284722687,1,1,1,1,1,1,1
pi2_causal_upstream_000552,upstream,ab8b08bdd977d85ac2f963469ef79561489728fb726b107b70e5c722606bfc45,b9ed48e62374725d4239da0dadb6225f8d2a2d814859cb6664d4124ce2a206d8,dense_v1_train_x2.98_family3,54d56413e6a790bde68f629a175ab5918156741028c8dddf9dfbe523b42fe8b5,ec00ae35f01db3d0ac79eb249a03f4eaecb4f048db3decdc5da43126b904a5fb,dense_v1_train_x2.98_family3/variant_3,32,-0.3210938978195191,-61.538037327333925,-222.5044497988641,131.27002037550037,273.39408560636474,12.463606441055033,-0.5793968391418458,3.727661908519087,1.8338465690612793,0.09560775011777878,-0.004868743941187859,13.441611649778224,90.65317349480648,11.33320226243428,3.5761711597442627,0.03821203112602234,0.7462472319602966,14.188004476993463,84.2357804676618,10.399991289215968,1,1,1,1,1,1,1
pi2_causal_downstream_000553,downstream,b36b61cacd2d14a83925fb75598b9e1463665fb9af908cefed9e9d626e0502e4,fd582aacc0569fa7670e35d28be504eeb09f3e1ce4fa6a0024475ad29e59fbeb,dense_v1_train_x2.98_family3,74b86622ed43c73ce80523691b44b3948e30f5e1299bfb3f145e0c67a4b6ca88,8b4b47dd0f9fb56e6ed28194002d20354635e2c2763d85c6bf6abb619e9f66f1,dense_v1_train_x2.98_family3/variant_3,33,-0.3138138580322266,-64.70391880009404,-165.8304087455497,135.69972590133378,180.3554753741205,13.75624115330871,-0.5747514057159424,4.090704509506911,1.754469633102417,0.09705684334039688,-0.40315431356430054,15.26543352139077,86.87150948723469,10.971366160963687,3.6122114658355713,0.04020983725786209,0.7414731383323669,9.794739717929344,83.04570879724628,10.732641031482943,1,1,1,1,1,1,1
pi2_causal_downstream_000554,downstream,70f806eac718f6e8655bd1ac53890bca1e36411e69ea0bffc705504cc1abfade,f605bd04e5e8fa91af7f5bc19aa253efa27c1fbb42ea271e5bad5b6ab7e3d834,dense_v1_train_x2.98_family3,c5b48d8cf9f7c757a67b0e82fbd39368decb0ef526c254d97e7ed40bd0d9847a,50d7506894f98735e17eee289841983e37eb652a849cab5cd15c4089a0fcc78a,dense_v1_train_x2.98_family3/variant_3,34,-0.31002955913543706,-66.83286144363034,-120.36656593168047,138.56803652252395,115.83403873808166,14.94010512706734,-0.5676637935638428,4.510766805392886,1.6995105743408203,0.09983482211828232,-0.7465539574623108,16.98904029617995,81.07076642892626,11.195147063835398,3.6469199657440186,0.042265135794878006,0.7292678356170654,-12.548647231842743,-115.8961661387721,11.11198774154174,1,1,1,1,1,1,1
pi2_causal_downstream_000555,downstream,349f1bae55fe9df67aa86db17033fe969faedc560292b7e09738ea28394962e2,51c306171218a5ccf8f98901d235ae121d6beaf71e76b1fb229130fa50c2a740,dense_v1_train_x2.98_family3,a406eda0c406f1ae536c6e66f33450b07e7a7630d023f60b4a10fe378bfa7ed2,c1bda74d87dc81a194372972c4f78e099893786df55316bf5d1405289278253b,dense_v1_train_x2.98_family3/variant_3,35,-0.31479318618774416,-68.24507135642217,-89.92568321611925,140.38080970938037,73.00634841551387,16.055664075472073,-0.5632644271850586,4.957178841736403,1.662758231163025,0.1019284650683403,-1.040360450744629,18.203173015494126,77.47200805713825,10.558858593588058,3.680715560913086,0.0443667434155941,0.7107347846031189,-24.692061047775923,10.502500141425344,11.461410805854921,1,1,1,1,1,1,1
pi2_causal_downstream_000556,downstream,822f9f8fd0b8202f41cf21c07ff5b9b3344dbdd4396696fe0b154b0dbd718575,ae1fd0c9640cb5374c3da81944c3a41bc1478860fd1118a7896f52ea15782e5f,dense_v1_train_x2.98_family3,0886665260ec41be410de3b264f01dc0336ad3d33708e44388bc52d38e1c6654,ffee7a7a4374db4172de8be9d7728140562aefdc317e1e1deaa856aed6e152bb,dense_v1_train_x2.98_family3/variant_3,37,-0.33580571651458746,-69.6957967059437,-54.39872745586474,141.98875918340644,12.843688352098846,18.164446383918367,-0.5627093410491943,5.9121954148506015,1.607717752456665,0.10454493016004562,-1.5621744394302368,19.6564409029342,77.04953353621627,9.895427805352734,3.7465178966522217,0.048678092658519745,0.6573659181594849,-34.775911574214504,68.23453920472201,12.12471120941616,1,1,1,1,1,1,1
pi2_causal_downstream_000557,downstream,bcd39f16e42fd633fd3ddeceff81e8a842c60696a7a988b221d2fd312ab835c4,b72334bd2309744d0f31a198bf6d3e862acdc1ea7f2d0bea25d8b9c25e60e550,dense_v1_train_x2.98_family3,4685bdd0ba82ee7002010a7424b372af69117573b54246a92a1e86428b8d4db3,05342bde323bf1f30131445d8024f8cfd84638d4b833844cbef4e29402396145,dense_v1_train_x2.98_family3/variant_3,38,-0.34943059444427493,-69.96816415947632,-41.95162293886528,141.68873629392445,-28.66984881472275,19.324708698712286,-0.5707854270935059,6.419982447018955,1.5635664463043213,0.10525615513324738,-1.8399815559387207,19.881946428571343,83.65619793545119,9.84982007094362,3.778294086456299,0.05086955428123474,0.6225261092185974,-37.50300803431467,56.949038129677454,12.47410133702659,1,1,1,1,1,1,1
pi2_causal_downstream_000558,downstream,30262cbd72d99e072947a1c7808e9bdb6b4d7d40361f922ee13912bbf2fd6e80,ef334b3e7943ad530e5f325b16dbc0a76041fc9dcdaa71d8ca999935364e33f1,dense_v1_train_x2.98_family3,848fa6946116d9f6381702c114247c91825d0ab38da7b9e9f01a13e51cb4b12c,d3085dd7f6d624606beccb4fcf8f6af0511375af3739f5e043fedcd9f5757b04,dense_v1_train_x2.98_family3/variant_3,40,-0.35706908702850343,-69.87446079425291,-24.119880733078322,139.99754047429428,-72.19641092335542,21.59990214307738,-0.5747532081604004,7.454843987140141,1.5180302858352661,0.10605811327695847,-2.3120739459991455,19.480274956313938,86.88426828060427,9.739259798848623,3.84076189994812,0.05529150366783142,0.5389447808265686,-38.9409336093316,9.839938494761903,13.186903133916177,1,1,1,1,1,1,1
pi2_causal_downstream_000559,downstream,3edd0b7b9157147c9f3fd062c156d4f5cb35ca6710a423a9ef916a7f86f150e4,54f58eb5337530d6ced9d0e7c1e0ce50b66a50e9f9153db9229efc3e436ffeed,dense_v1_train_x2.98_family3,798b16dcdfbed4f9231b8bc05a0ee7bbd849888701f16fb5665622823d35cc10,8d351baa5a790f135cb44bbaa385b2e090e0e17598c71fa347e4a5187730862c,dense_v1_train_x2.98_family3/variant_3,42,-0.3139578199386597,-68.32013513540062,35.424035054746184,137.31816654592498,-55.804254028553714,23.224066746991173,-0.5186212158203125,8.450028127336948,1.551078200340271,0.11022146791219711,-2.704207420349121,18.178061825010573,40.94293035695404,8.742285260232189,3.9023537635803223,0.05981266126036644,0.43732693791389465,-39.36163569616395,4.358494827320523,13.829816884872477,1,1,1,1,1,1,1
pi2_causal_downstream_000560,downstream,d4b823811a08fb19c9a04ce414c6227724bcf53bb03cb10dddf189e1d06c98bc,bb7abd7712e3e6ba77e1aed9a12207e7af3d94e792da4f0f8f6743ee0687febf,dense_v1_train_x2.98_family3,48750f6b9b940788bedab18e6335130948285b6755012e4f70632a7007a16882,aaa24ae8ad1d33c2c97d1289c689028d839877ab8f36fff0d493e273a474c359,dense_v1_train_x2.98_family3/variant_3,43,-0.2807438755035401,-65.66844396373739,92.99353098372218,135.93103708776545,-65.7164328728459,22.818550069189715,-0.4753775024414063,8.845945540258812,1.5457350015640259,0.11571656167507172,-2.950565814971924,17.597432566309667,5.538143629062595,7.686250075862653,3.933328866958618,0.06225328892469406,0.3794291019439697,-39.517258141308105,2.7114948139319712,13.934180526536363,1,1,1,1,1,1,1
pi2_causal_upstream_000561,upstream,71b39981cec64084c19a0a1827198394dd9d1800172f601ea921bef002935f6d,0b9f238fee8f7df3fce0064d2ef91cd83e85577cd4882a5a6e047be0ce9273a5,dense_v1_train_x2.98_family3,dfc8a10cbaf15b756d1a575163c624d0d3c129abcaf091b6853929156817ad14,95aa5f025df51676478a170e19cf90c2b5f6e8d9a971a546e8023dee2cee56b3,dense_v1_train_x2.98_family3/variant_8,10,0.5331655073165894,-45.799877875750106,657.7986347362997,104.46688958169878,-1024.354834055481,0.1417495813210643,-0.6709559440612793,-0.2718287620207199,0.37023675441741943,-0.009232318960130215,0.06269077956676483,-2.7780296076277695,70.97118426928185,-8.084213609174384,2.8494248390197754,0.0007758301217108965,0.11890316009521484,-15.294079334769805,-88.31203053413624,1.2685140548171001,1,1,1,1,1,1,1
pi2_causal_upstream_000562,upstream,f09174259b4be63b6de413a6d4dc69219606a733fc4c670f2c6a094866fba6e0,d713d87a8fbb7bf776603c9c2a68bfd021a53dad4b19b9aa23532fab932a7f67,dense_v1_train_x2.98_family3,0a77111847819d7dc5ca6ed5a0027667c4eb046035b72c705f4f80e03909bb18,fd1d8f0992d709d802191d0540003e047bbd2a6cb1f86541d2793ab4539b8f52,dense_v1_train_x2.98_family3/variant_8,13,-1.1210216522216798,-38.61424566132989,-634.101593939264,32.22333327759734,-603.4707090213714,27.103905992802424,-1.5427871131896975,0.2585499101022237,1.2708157300949097,0.08210025727748871,3.4155333042144775,-13.342611472853475,784.6217511696366,71.69250005695939,2.887876510620117,0.003111413912847638,0.20401279628276825,-20.71574347904794,18.74898538490089,3.1606219264047266,1,1,1,1,1,1,1
pi2_causal_upstream_000563,upstream,2d37798b974d830bb1df787424d5c949d23f6a78b78be4934faeeaf8daed4c9d,d73aca045255829303a094262f7f1b832ee4c79786cf0ba0bfe8e15dd2672697,dense_v1_train_x2.98_family3,8e46b2e4bdc63bd54bfc572a44574b4099f328ef4cd0f581c78215d9f6073f42,7b16542170163af638bef8ae0300b009b76752e82f187b3fc24afd23dbbfeb1d,dense_v1_train_x2.98_family3/variant_8,15,0.2457614326477051,-57.73367660115018,-242.9340100592358,56.042631045681745,1395.202960324558,33.284606592764646,-0.12106300950050355,1.0114117366604307,2.2820310592651367,0.1541644036769867,3.5914223194122314,-4.516491616974904,-379.0851431628157,30.803620402002245,2.9628448486328125,0.00786401517689228,0.3409791588783264,4.220486586272184,176.80609927003164,5.343897770067001,1,1,1,1,1,1,1
pi2_causal_upstream_000564,upstream,51bb90bb29406bd394df995ff6acf54938cd5492b6c36da522e6e27977fa0e79,d4305dcd53c2d41670e7347ad0f80b6a538ff2a4a6230a60f665b510bbc98d7c,dense_v1_train_x2.98_family3,b34133c8e451224fd9abffcc64f3077ca3f250d95fb57529632c05b9b45594f4,3e1ae18989a1263eb4fdd9f5c9804a2b346d46bf4dec8ff64aedb31513765412,dense_v1_train_x2.98_family3/variant_8,16,0.011251752227544785,-60.92671490605027,-172.9619048806084,76.67508207534867,825.5009797672965,27.4733251747928,-0.35292767047882084,1.267321044127354,2.0548274517059326,0.14818446338176727,3.3212039470672607,0.6683934542758679,-189.30534545115498,32.95763666998166,3.005683660507202,0.0108795166015625,0.4089956283569336,16.32400697481061,-30.68042769503731,5.898651679867521,1,1,1,1,1,1,1
pi2_causal_upstream_000565,upstream,c3a0b9f1a87c4a69ccbf3e471a2e8ebf60f391f753a1106ff59f419d8f109820,ee7e7888eee8e48bef6f59d4ab83851e258fe1c3bc7da452b9981f0f559e86c2,dense_v1_train_x2.98_family3,51a593f3c9dbd10114203a2c6077a04cf5be5f813b2ef9c5b7420ae756adbbf0,3fc0b0f209bceff71aa91a017ec0ec6b3974aa00b1d05cea55aca600481828f2,dense_v1_train_x2.98_family3/variant_8,17,-0.30446010589599615,-63.276402433372205,-124.90980286189784,85.46854082038989,87.01989534695322,26.043426391386095,-0.6863246536254883,1.6256064184826005,1.6210651397705078,0.13254790008068085,2.313439130783081,2.9564371369562643,83.56881249521005,37.1275217997878,3.042462110519409,0.013710398226976395,0.4648939073085785,28.14344613538987,-1.154290657231342,6.580434181468138,1,1,1,1,1,1,1
pi2_causal_upstream_000566,upstream,1531be84846bef6c73a252e71035cb724a608a54961e663a7066fa50834794f0,00022e06c16163a7765ab9ab03188a72edbdbc6896225d924ef3602ecd078c22,dense_v1_train_x2.98_family3,c99ea945c9e901d78cf79b8149331dbf6b146b09e68d8d4b4b5f48727e31a887,10e69ab210751c73805f4b810154471ab149806bf37316fd3e38fe96ee5cd8ec,dense_v1_train_x2.98_family3/variant_8,19,-0.186728572845459,-58.61048164528306,284.9780864387064,73.41148108613318,-432.2040980738952,28.259437463917507,-0.556892786026001,2.5465714644647117,1.3297054767608643,0.1247357651591301,0.9664782285690308,0.380590093384158,-22.373326230225192,40.03419417845135,3.098498582839966,0.018813639879226685,0.5221510529518127,26.113711989548012,-23.869308413187234,8.420942345785772,1,1,1,1,1,1,1
pi2_causal_upstream_000567,upstream,2ef840be2127033f32d67b5779529d488d79158031b23ec827b875b63e620f41,d1fa0fe97af21d4e78735f8959106c3223ed446aba4c368deabb0f6198c21ac3,dense_v1_train_x2.98_family3,8afd8fa1e79e26c9e8d8bf1d152872c453342a365dd765fd4a5a5fea970797d4,f9b4b7c28ca6e33723eb5d25e88dfcff84b1be542527782215a2c399ad5923bb,dense_v1_train_x2.98_family3/variant_8,21,-0.08245000123977662,-37.79355403632326,455.01463495817666,48.418961724315686,-571.2031468538037,22.691854232686122,-0.44521449565887455,3.2720101070386027,1.307500958442688,0.11183624714612961,0.5804200172424316,1.323792260212375,-113.83333289621235,49.36952256620095,3.1485257148742676,0.023679006844758987,0.5423393845558167,24.95873212354073,3.524600019761428,10.034928732808671,1,1,1,1,1,1,1
pi2_causal_upstream_000568,upstream,c00db170943923952aafc9311ccb317e02dfde724ac2f5dfa1532e6a5526e3f9,3da2ae1dc7ef81e9d15215c55dc38c17a2fc376908a2b15b520a79d4196068c9,dense_v1_train_x2.98_family3,92c5a34ab6f472f8dc59388c4aa727da2c5d2039f15c03cca7dcabc955da0e5b,ccfaf187828797987a114ba35060712f9e98d46bb0f90c5e17e5800fb2a0c6e2,dense_v1_train_x2.98_family3/variant_8,23,-0.08175540089607239,-18.505058839072227,295.8659270700836,26.947553436254214,-245.92803714228924,16.38025330307485,-0.4319998741149903,4.032886868330117,1.5370118618011475,0.11303100734949112,0.6885462999343872,6.068731506809403,-124.65193589997318,59.89799279439797,3.203399181365967,0.028054524213075638,0.5635688304901123,27.814731328751957,-56.107804710742,11.915015207117456,1,1,1,1,1,1,1
pi2_causal_upstream_000569,upstream,069e3908cada05ae937a40acc1d26d220ecaa8158866cd5d6f3323ae4069a354,c44bf7214d42657fdcc0333f23eac60dfe7290b4c9b6f27f44113a8818f056fe,dense_v1_train_x2.98_family3,ae9f4de8d66445b83c3ac502d4b50e3e8ffa75050d0aa8703244fb8734d8bc1a,d9b8a3e45b99ec1871813ac007b256c67dd0e7c54f121bf87628993ea9283252,dense_v1_train_x2.98_family3/variant_8,24,-0.023326228559017184,-12.33033304162798,224.24709060332282,25.787789022733342,61.21184115295245,12.077747379949633,-0.3509444808959961,4.404717742094529,1.711633324623108,0.14098095893859863,0.6474974751472473,10.854795322399077,-191.0124556115513,59.05226511098865,3.2364675998687744,0.0307599063962698,0.5762608647346497,31.38701076467513,-91.16730232420086,12.743158852480391,1,1,1,1,1,1,1
pi2_causal_upstream_000570,upstream,099b671009c66ec961376953f14946b1dc1996d8ab402e568d3c9d4d01ce9079,45a4675e2cf0a3b155a17f88f1addfe379461bbbf826f907c947e831f68b995c,dense_v1_train_x2.98_family3,219c2c7fd1f5dfd9cfe9f60c1f6330fe880975bc1faec8f48d805bb831e404ea,8b45a0ed1a11975a72c490604173e6c76b21e5278c9462df8e4d1ea6db0cc148,dense_v1_train_x2.98_family3/variant_8,26,-0.007026537656784058,-10.194508128729252,-108.82974804612529,47.363058874861316,772.8702740988463,2.200099617501604,-0.33744397163391116,5.191167262232673,2.1572461128234863,0.19915732741355896,1.0392483472824097,19.890905929215105,-202.0171061381141,44.58353729778673,3.3163247108459473,0.03814784064888954,0.609234631061554,31.460401147306918,7.207754343368239,13.984800374576336,1,1,1,1,1,1,1
pi2_causal_upstream_000571,upstream,c7a003d1c3d3925e5ef28955469843d7a066e52e96b1e00a3cf47f47be7925ce,4eebc6d70909fca5e9ea920e13f77b081adf5ab73c19cf1b53fabc05bfd44281,dense_v1_train_x2.98_family3,7274093372fda31639e07d9c248fabacebe61cf3285bdc219f0dfbe5226c6570,705753eb5b5c896033680a43820d5ee73955557cb13876fe213e071f7a8c983d,dense_v1_train_x2.98_family3/variant_8,27,-0.28043312072753906,-20.416692183975396,-540.1074812232699,68.04087602099547,980.9270706331926,2.4263571992865316,-0.6580318832397462,5.63459652591436,2.2596566677093506,0.16441059112548828,1.5569123029708862,19.995469295218832,60.3861190936221,38.58756011224265,3.361703395843506,0.04172130674123764,0.6391321420669556,29.50691923335908,27.170248339047895,14.8879640988847,1,1,1,1,1,1,1
pi2_causal_upstream_000572,upstream,4d4d5e5edfdeea0f0319a5fa517c755011d78f32f2dfeae00e9e53bce83f9266,83cb9c51c42ab7f49676d2ee3c770073b1c1b0f526fa885863baed39ee799edc,dense_v1_train_x2.98_family3,5f19dceb60f0fef4d5b88b10a2295570211086bab59e1d6f09de336e39d008cd,814a4a7617be6237fab6501dd8e53dfad6d3f5d2930ddc5ed30112ab3111fa66,dense_v1_train_x2.98_family3/variant_8,28,-0.3862255620956421,-34.18434547510512,-648.9688393848741,88.85470272407208,960.3668898351335,5.333366281455068,-0.7656925582885743,6.1009973710124035,2.287860870361328,0.13468362390995026,1.7542710304260254,19.381578722807255,148.5191030488556,31.536383586728725,3.407925605773926,0.044637784361839294,0.6749287843704224,24.039294746155928,92.3844488644863,15.93244687078175,1,1,1,1,1,1,1
pi2_causal_upstream_000573,upstream,b6735ce9a600dcde358754c6af5323623178014b96ccbdbfab94aebfd0a5b0f3,a5da2abb2b8dc547d1e3257dc86024d8e19a7b4bd00960d5915304c5dcd8594f,dense_v1_train_x2.98_family3,2e6c89e92c0ca2c32897e70a81a68f8986e845770fc519388a9474e02db132cb,0e980eac4c86752c3faacb69d8343819e19b52ea4d77103d5053d7477e8a3540,dense_v1_train_x2.98_family3/variant_8,29,-0.3454785013198853,-44.79694997349836,-486.7876914298355,105.53868286625718,723.5024864006945,7.340919803810004,-0.721407699584961,6.61030231059026,2.156161069869995,0.1283068209886551,1.3299115896224976,21.91831610319187,112.29391071012904,26.93555791652438,3.452578067779541,0.04735856503248215,0.7055103778839111,11.706888742114849,-42.01193350923649,16.78512982526937,1,1,1,1,1,1,1
pi2_causal_upstream_000574,upstream,75205d23c67dd4ad71fdd76241d29e2aea763ec39bee683aa59ef3d4831bd326,ea49e3ae1ba14e21fa791b20561499e4ae0cec7c8f8e27dffd993139fccf4728,dense_v1_train_x2.98_family3,da577625fe1cd2c394373da07aa3a3c40de2545ffe010a1218b9b0ce2d84f167,8448832a4fdfa438fbc80b278a317a7a420781d206da8defd85168578e97d546,dense_v1_train_x2.98_family3/variant_8,30,-0.3290816974639893,-52.6413778390284,-368.62640233585535,117.85024227917773,522.9593897269825,8.895834818713638,-0.7043944931030274,7.192740084069354,2.0114145278930664,0.1286824494600296,0.8248302340507507,26.029558936331576,98.36809072838933,23.59803378992184,3.494398832321167,0.050029974430799484,0.7265626788139343,3.174142373117839,125.02370309649699,17.511604533695845,1,1,1,1,1,1,1
pi2_causal_upstream_000575,upstream,366151e35ccd3dced257dd18a45934d5e957d500b7ef0cbc74fe0e95c3b55b3d,f32befc37290b8aab752adf10b89e8b3b99b8798389cac914685bd604e856bf0,dense_v1_train_x2.98_family3,37f150e9786a3380c75a43ba79b440fbc151b7b238cf1d7bd3816cc2c6ba2f31,6a0b6192eb41137cfc7ace2f69a21f719222f679c32714c244320261c1ffdc72,dense_v1_train_x2.98_family3/variant_8,31,-0.32280471801757815,-58.368208005233534,-276.8161469843245,126.5901386807477,364.86859617905446,10.230205310946914,-0.6947124290466309,7.872332344900764,1.8847391605377197,0.13460515439510345,0.33134031295776367,30.827331403705944,90.45304895212512,21.9464616052142,3.5334951877593994,0.05278405547142029,0.737496018409729,-2.791443245384028,117.36102314968639,18.175328377608654,1,1,1,1,1,1,1
pi2_causal_downstream_000576,downstream,6b1754f00bb70c8b857f4d389069aa9252cbc30787acd51b921f5f09b2ee4b8a,567f6bf447301bcc0f0da381663fa66cd18765ab2273624508faa084779a71cc,dense_v1_train_x2.98_family3,2eacfadf10d3bd95acb8d45162e6c1b8cbaef551b04365b869c095519b9abc03,5c5dcec4c5f1bc90d54bae5f9dacb190d27ce4341a2acc170a9760d8c300a82c,dense_v1_train_x2.98_family3/variant_8,32,-0.32839076042175297,-62.539520644576214,-209.817195830647,132.58414877181082,246.28722313036187,11.476617951855347,-0.6908851051330567,8.659983740838454,1.7838650941848755,0.14266906678676605,-0.10846049338579178,35.49284921063406,87.3185521986012,20.909135162754975,3.5703160762786865,0.0556916780769825,0.7390719056129456,-10.761194410013223,131.43790642529927,18.826010054700596,1,1,1,1,1,1,1
pi2_causal_downstream_000577,downstream,4fe49e6b839abe67285d1537bbfd17090a0eea61991ef2933138d3ef86efbeec,9b8a183581d47c404a2f96947f28a9e668f51e4e17b488dfbc926f41334eafff,dense_v1_train_x2.98_family3,db897e6f9fc0d75ff85027cd840611ae0bb55202c5cda23bce13a2c21caaa579,c05a07d9e63c1d8721d1d3109864748abfa8a1470c0c8ea6f0aae4de7343f54b,dense_v1_train_x2.98_family3/variant_8,33,-0.3415053129196167,-65.43949602275856,-153.64250990755224,136.55321267964024,161.1560458436464,12.594431109104576,-0.6829732418060304,9.556692517402356,1.710588812828064,0.1528453379869461,-0.4920625388622284,39.68039379453928,80.84147697848894,20.885786161077284,3.6054067611694336,0.058808568865060806,0.7323670387268066,-32.24108493925021,-117.50408829204149,19.49964471892925,1,1,1,1,1,1,1
pi2_causal_downstream_000578,downstream,eeb16cdd0179893ae0b424af4f59f65ff8823720787087dd9494d2d9e96a7d9f,b0b1881004902d65e27d32e293361839b2f2957a7e6302ddca780163195a6062,dense_v1_train_x2.98_family3,e8f40d11ee49578cdc020b6c3e25e5a6ae3fe866115e08b2631e19f3501a1585,d42181ee385c6a221eaf864a0c284f6c0c91626570b90de4a3b3d48ab8bc0061,dense_v1_train_x2.98_family3/variant_8,34,-0.3563634300231934,-67.47561639547439,-117.03503188098003,139.11126878797177,102.97759415393418,13.660231676791541,-0.6797772407531739,10.526362874298483,1.6591721773147583,0.1606224924325943,-0.8162279725074768,42.77441143194711,78.21389637459586,19.80637721559432,3.6392550468444824,0.06210193410515785,0.718641996383667,-39.33082812791261,89.64966844156987,20.133131253531563,1,1,1,1,1,1,1
pi2_causal_downstream_000579,downstream,f66f685449eccb6ea09b1f9ba7a60866808e43625657069be2a5c179af39d290,0307f7cc484977a3276162884620c94b31a45d24285a48b660fb5bd4801bebfa,dense_v1_train_x2.98_family3,68e14a946f9d9e1d3af6125a7a792aecbf24db5dc8dec7b6fee29a35c5e6aed8,3f7e40d2b07427e515d8d30f084cb0f8f6ec06ea993c14954dcc72a4146de82a,dense_v1_train_x2.98_family3/variant_8,36,-0.5009263181686402,-69.26128056151501,-54.9910278003099,134.23802443781605,-422.0932324417419,17.795258765809397,-0.8616422843933106,12.73819664707076,1.103808879852295,0.1968638002872467,-2.2159440517425537,40.30934493407073,227.0803896748275,24.199611238807176,3.6965904235839844,0.06956042349338531,0.6592143774032593,-42.65078159287529,24.33676655998291,21.936775449879637,1,1,1,1,1,1,1
pi2_causal_downstream_000580,downstream,8f979c1a0dabf9c6e70ac4e5fcf07c24f3da501dcb0f522f8844299ce9fa2da2,d36e517ea54d254a8eeaae21190310c85faea3baa8701d2671af00046fea50a7,dense_v1_train_x2.98_family3,773da47c34dbd244d5219c8f86efd02fef2a46351f3392b5274c3f1766f7de57,94e7f20bb229af949dbb8ccd1a90853033dabed357e606fb6acd7303f6209dc5,dense_v1_train_x2.98_family3/variant_8,38,-0.36697972774505616,-69.84192177304696,-27.548432498296915,124.45302713096407,-95.59915935962285,22.7607104120293,-0.6908931827545167,14.927973788152935,1.4935307502746582,0.16345542669296265,-2.000181198120117,30.223556341455158,87.30165431059459,24.73720347554783,3.74963116645813,0.07697015255689621,0.5754854083061218,-42.28782534038081,-4.071017287796564,24.31606829118591,1,1,1,1,1,1,1
pi2_causal_downstream_000581,downstream,56574dcf2b808808b7cd572aebedce35b42b5ee0a57782ad140699fd70672bd7,90fea3fc8c4bfebeaf6cffc40b9515f6dacbdf10d2c181e2c586ef5a0580407b,dense_v1_train_x2.98_family3,2291d4948ddbe0dc66c9216615c804ba80a373a2745da8c4431ea7d995fc006d,b80742b33351c1e1d8ecb92e3e9c75af7ed5a48adb4be5cf9673e1c81cbdce3d,dense_v1_train_x2.98_family3/variant_8,39,-0.2884605407714844,-69.85004969815928,-21.3175429090813,125.11517298986179,109.81103449399185,22.97977370763963,-0.5893074131011964,15.755820987188782,1.723407506942749,0.14584283530712128,-1.8500080108642578,30.279140420920722,4.157583532224129,22.988053500810096,3.7824647426605225,0.08015505969524384,0.5374292135238647,-41.28835692894368,-16.85835145660093,24.907095513153568,1,1,1,1,1,1,1
pi2_causal_downstream_000582,downstream,3fa0559066d1d6a8d9e3f4c313d45620856dc3b1957f472a4c7d7a40c78729ed,86868af64d5761db67ba9f21581721c2c41e0582135b665dfabc5ff613c3f40d,dense_v1_train_x2.98_family3,14c4cbb41c34331304ae151b5fd41cbfe01a545788d73bc68213f0cf0a405ce3,93bcce66740a8a3b0a9ff909bf620e603cfaf398b21de693d1e4fa57546d43a8,dense_v1_train_x2.98_family3/variant_8,41,-0.3534621953964234,-69.38295355138962,-20.025870467214556,123.55659212315658,-70.02834495625329,24.14250573100807,-0.6719681835174561,17.562562421897695,1.5265607833862305,0.16103573143482208,-2.532824993133545,30.18353484801347,71.79891440422819,23.547953135380013,3.8449795246124268,0.08691748976707458,0.4446865916252136,-42.57284230425628,9.383274608175789,26.35510484302802,1,1,1,1,1,1,1
pi2_causal_upstream_000583,upstream,cd6214a3cb7ebf10645015931cbc6e357c88dbfa2c51747d5f3fc5c1a1808ef4,4b73335354bd520ff5891fa82e4de028584550d9c2a91ab8fcd60c94f248291a,dense_v1_train_x2.98_family4,c55f79f3a23b031c5961336d4efd3e2994d1e1d74436185d74b68ded7f5b8828,50e4df2c72267efd1bbe2d75e0374f24bf4525d435f655d51657f379d7cc027e,dense_v1_train_x2.98_family4/variant_4,10,0.7350012683868409,-47.123087008562095,612.0057134082193,105.05546747304628,-957.7340431553904,0.21484968345259223,0.09604068279266359,-0.26719902118809546,0.754336953163147,-0.003999616019427776,0.055378761142492294,-3.119002255948326,16.992318786981556,-9.38094209857423,2.852961778640747,0.0008575728861615062,0.11932051181793213,-5.839856136590507,66.76832298616289,1.3084760850460102,1,1,1,1,1,1,1
pi2_causal_upstream_000584,upstream,df62b44002fe263b3b8e6f9d97e312355a16cdcc9ea6ebbadb371ff7cf268312,d0fdf765ed57c8187e02564b9af2e14ee2dc519add2c72dfb7ebab8ec1eb9881,dense_v1_train_x2.98_family4,352cf197955015117db0675586e63c67dc4c22207c70100310321f27304cfb1a,4d2578066efaa11a9f2ac58c791932cee6e4e1cea16082e4023416847461390d,dense_v1_train_x2.98_family4/variant_4,12,-0.4257356119155884,-34.8120364447347,-36.291551041607846,58.27057728123737,-1517.5007212629246,10.19948486566586,-0.6306925392150879,-0.3626187610648523,0.965847909450531,0.03306204825639725,1.5593376159667969,-0.12697805916793686,611.8779069084701,18.085352252311406,2.888746738433838,0.0010697775287553668,0.14714942872524261,-8.357331529742039,0.8712996448575822,1.1207406566163076,1,1,1,1,1,1,1
pi2_causal_upstream_000585,upstream,59644150859074a392800c0ad8f33ec8a4b44f261609f2c51e172bb47dfe779e,2f154b18de18a5fbb5675794237b6e7abe45a0873adfaeb82aa8e989b1791d1c,dense_v1_train_x2.98_family4,af245e089bf5fc74f3fa2af05ea3126f9659b4c9a7a4c2df8cf87859b6c36f07,9aba914f6593d5dfeb7637dd98e7f5c4d11effdb00cfd1ef65aa4c49ba7b413b,dense_v1_train_x2.98_family4/variant_4,14,0.04844355702400208,-53.55701933878197,-394.6593131875221,36.5427005124838,459.38633851757834,33.29460536348272,-0.00891346126794815,-0.316679927589004,2.026656150817871,0.06651881337165833,3.097127914428711,-1.92308074195211,102.91917554596306,2.5369213686053804,2.9495506286621094,0.003114501480013132,0.26238638162612915,-3.9125445193343973,-138.2305841963903,1.6539898226753618,1,1,1,1,1,1,1
pi2_causal_upstream_000586,upstream,3be761cfdfe58f15ee8749b83e88a5d0f2716d466e49f7e49dfcef2580612502,16c837b573d481a27916bcf39c5c88ce21ba865d1c562fa948d737fd5a86bdce,dense_v1_train_x2.98_family4,e4f4979df7b37cf487d0e75eb0c1fe29404e68abb4aad34b7aa98499e18ad42e,110dee7235aef851d2dcc8c4f97c750fe410bcdd7a06f8abe5857e5f775b5d23,dense_v1_train_x2.98_family4/variant_4,15,0.7358313274383546,-60.124003754033694,-175.74569874100882,57.051624155916464,1351.0598302093592,29.337354024618804,0.7260349082946778,-0.35197794914720204,2.42098331451416,0.07971888780593872,3.4044013023376465,3.282007281811619,-466.44782521364436,-11.256392516349257,2.9947426319122314,0.004651261493563652,0.32743868231773376,14.703421650820026,175.450743851891,1.4583276352642403,1,1,1,1,1,1,1
pi2_causal_upstream_000587,upstream,0a5ba4df42fcd28b504b1e7ffba085bf1574d21e7ceb06ebcaf5fcc7fff87f8f,b8d11ca8b53450ff0e58804d2b8db9c33244c5cb88352ad5cbb62ea441ade665,dense_v1_train_x2.98_family4,c4cf7a9d522ffca450765ab8a1d1fe5f9a827ca533df9d74c18f7a18b9e5478b,85bf46d2a8de38eaf9f11315253b86e36444ce3f6518e08c6014c544a0c5e7ab,dense_v1_train_x2.98_family4/variant_4,16,0.4232493734359742,-62.501141811629914,-104.49840407452922,74.4975289754894,612.9001403404109,23.1808696903301,0.4134083604812622,-0.3820921332858602,2.1344501972198486,0.06906247138977051,2.877157688140869,0.3936610210627261,-210.55641354413913,-4.557012567999651,3.0394229888916016,0.006113014649599791,0.3893713355064392,31.46003573218632,163.7445372749195,1.2799668186477613,1,1,1,1,1,1,1
pi2_causal_upstream_000588,upstream,b77eb0206cefafb46a33a612a7e21f41650dc796d853a539ad1a1dbb21542049,fffb36e85c8fcabbcdc43c0f4c47a6c4aaba38114bd71e1f4ff643528c009d6e,dense_v1_train_x2.98_family4,1a57053ce63f3a70989d98f9931bbaea6f01e6939d21d4f6480f7cb202756b9a,cb4e778f4188fdab15bb8006532958adcfbabae6ee55203569c0a2352e6eaaab,dense_v1_train_x2.98_family4/variant_4,17,0.17428930282592775,-64.34380390629428,-69.47815272804125,79.20148025687718,-39.1654009462149,21.964391151572244,0.1118921720981598,-0.3944236239342747,1.8499702215194702,0.060474950820207596,1.9622746706008911,-0.886922368562664,36.2179455080172,1.9329098110545815,3.078702211380005,0.00739336758852005,0.4370623528957367,36.026297230095814,-41.277951135743166,1.258325659092468,1,1,1,1,1,1,1
pi2_causal_upstream_000589,upstream,07b587d9cb13dd521e92cb04fbba7d3eef7994838dcbd21203eb9475e2e5419c,81a51abc9e1cbedd25dc3332eb5d33ac7a295335d314e53cb82046f71ddfc055,dense_v1_train_x2.98_family4,4f670db03254bcf0bc47e0d905b6da0ff66d11cdf26219fea2bb5d965cb259b2,6d8837a02434714fb88c33b19943f3065484cb538a098a0fef5397e54e229dcb,dense_v1_train_x2.98_family4/variant_4,19,0.273409161567688,-60.47273272248703,306.1591041115629,63.77736265804679,-497.66812813615246,24.13739885556647,0.525491065979004,-0.3932547656301454,1.7159955501556396,0.052780017256736755,0.7761441469192505,-0.8564413687310127,-64.45970538632024,1.782763896964307,3.147817850112915,0.009596819058060646,0.48698899149894714,34.95921336097014,12.966121200518618,1.382070572534524,1,1,1,1,1,1,1
pi2_causal_upstream_000590,upstream,726dd41ae3294d3b8a0794e173f90bd621b8238bc4488135246e1d7b090a153c,f393a133697afefc2d2ca602124c17ae887f1af0bb50176f0653d9ccd01367c9,dense_v1_train_x2.98_family4,616be96a9fe73a67321b9c9872a8c4a5e12d468e10904f3d2840ddbb1e272368,8c4cc75e3789edbd3dc0eb00f01f38b71c65eda939ce1a0699c5099e61098b84,dense_v1_train_x2.98_family4/variant_4,20,0.39816705703735356,-50.77467689358016,477.47836215716154,51.918139353099505,-538.409222988038,20.768211746041313,0.6759485149383545,-0.3868652728913386,1.7278624773025513,0.05242927372455597,0.4919303357601166,-0.23636739404731244,-187.62673083997598,-0.10745431027099922,3.1818482875823975,0.010619989596307278,0.4963642656803131,33.900100322605866,21.96770007843835,1.422699409867447,1,1,1,1,1,1,1
pi2_causal_upstream_000591,upstream,89e42f5f46886097be1b31c7a7c0bc5469f28fb1a337b4d0462455c6a13f8199,55f4cf3d9057f2f9eee466bd2ba5c790372e9328f84fd2f3e77540e34e0f23b4,dense_v1_train_x2.98_family4,7484788bb030494356a011aadc3967c6d6ab1fa533262c5bb58cba7f74b2a053,8e3bcebfd6ebc3c17b000c38450fd71d430ce9fc1d1cb5fa639f77c7f9b204f1,dense_v1_train_x2.98_family4/variant_4,22,0.3860710191726685,-29.56529686019518,514.8330492185548,24.454619766564186,-649.0995418848314,13.93515660159371,0.6630659770965577,-0.3816748363327194,1.693655014038086,0.05255666747689247,0.4174194037914276,-0.5244124796026174,-177.14681642658857,0.8363799291999217,3.2487711906433105,0.012660852633416653,0.510999321937561,35.45241449074759,-9.687371705497682,1.504101033299153,1,1,1,1,1,1,1
pi2_causal_upstream_000592,upstream,4daa4d0833b1c797ce2cb7466b514cf524232a7534086151a73e3e6b3ea1c0b3,322e9890778cbf67b7ffcbf6367980d5c3ae54323ea348743b4a0497d8b5a07f,dense_v1_train_x2.98_family4,4b44cd5e2d59413c0945c108eee4e99aeb6108f423ff6e3d488e41a88cb97a23,be5ee660c424d36392819a619b1a08b35560a405a7bf794f1df751a352e783d4,dense_v1_train_x2.98_family4/variant_4,23,0.3919158792495728,-21.51327051748448,448.91899165226374,14.594548435450024,-511.14879053873653,10.938541562062605,0.6682074165344238,-0.3848300278152627,1.748003602027893,0.05563570559024811,0.47074639797210693,-0.4375636627785698,-181.35612540828402,-0.16566723883465098,3.283480167388916,0.01375916600227356,0.5213634967803955,35.95947407435099,-8.046121644173223,1.5336677184498415,1,1,1,1,1,1,1
pi2_causal_upstream_000593,upstream,0ecede270bb8eeba0795a948505b7bf24863cff672c0140d3d8f7fee07d4572a,ecf76daa2ca281c832bb9f925f34e752965f278d0d84f637a933efbf98e35a13,dense_v1_train_x2.98_family4,4f22e9b318f31d85b71b7324a6b9993f564a6d591b8fd35c9bc86a05aa045a23,1d9e5688016424c58fa8aed3c4a1cfa26163a4ac8d36d3eec65cab8cdfd920cb,dense_v1_train_x2.98_family4/variant_4,25,0.41132596969604496,-14.174803428875121,194.882058304687,12.191091951434453,45.863866502989374,4.989101432198508,0.6932352256774903,-0.4092735278558997,1.961637020111084,0.06581959128379822,0.538887619972229,-0.5746796303252965,-201.88518786448446,-5.042089614646195,3.3591222763061523,0.016254344955086708,0.5454578995704651,35.92860844949171,1.0430958178737693,1.481244861880463,1,1,1,1,1,1,1
pi2_causal_upstream_000594,upstream,571d411aec4b4c68807f915850c0c830f17c4c3e71e69e3657ced505984c7224,b7043bd46b46546c87d9a44348c152e7e3e6ef3db41deee7f8e902fe9661e64e,dense_v1_train_x2.98_family4,d3bbf39df1b2535a482b51394b6f3fe49e469496acef4ac691d5b97558269b01,07c374985f4bb847547118b9aabe67530914801619594809e72e59b9b385c186,dense_v1_train_x2.98_family4/variant_4,26,0.4347514390945435,-13.017451779678556,225.41975212154398,16.255713620846947,36.15900097547999,1.9100469734434071,0.7187896823883058,-0.42924317199403594,1.9777710437774658,0.06657572835683823,0.43401554226875305,-0.9133965019507508,-222.8445112572607,-6.022137663838869,3.398986339569092,0.0176023431122303,0.5572800040245056,36.604554705607434,-6.089374046028475,1.4040820789293376,1,1,1,1,1,1,1
pi2_causal_upstream_000595,upstream,dd159ac84bced1be099585eaa2bcaecee0780abe0de11161e61db3a399ea0591,7b12526444d1809e4b8cb6e055926cc8125f7e2c9ca2338c2174a46fc561a1a9,dense_v1_train_x2.98_family4,f46622df9cbe949622a4f7abb5e4a4339da664ee25b9962194b4f6ccedc4bfef,a0f41a9f56579699de46a5b24a65f7a07b03356850878d2f30320cf49bd62bdb,dense_v1_train_x2.98_family4/variant_4,27,0.3824810838699341,-13.066847707756088,96.46188738387632,21.43688168180706,143.0434360139048,-0.6544701727709125,0.6449199008941651,-0.4531092593291488,1.991821050643921,0.0678170770406723,0.48498648405075073,-1.3271430016087953,-162.32663098435987,-5.065930389944124,3.439107894897461,0.01897234469652176,0.5690603256225586,37.61404983474615,-12.1975387962373,1.3233621209263706,1,1,1,1,1,1,1
pi2_causal_upstream_000596,upstream,9269a4e2278ad14dbab8476ad59df7a3eead4afaa6f5fe6b6560229af7b0561f,2a876f8d4eaa0ce94d30cce330a6da707223b9e1d0400b4b74a738317aab0bf1,dense_v1_train_x2.98_family4,d3765fe66158d118e5f24afdf3b3bac30775cc54761a6072a5154687773a2793,e80abe1036eb04902ceae8398a357c048aa0239addf9e1aae884b6ca2225f7fa,dense_v1_train_x2.98_family4/variant_4,28,0.34976798534393316,-15.213920234670535,6.819524683397423,28.477413357499522,239.43148905285327,-2.2953472714137657,0.6052996349334717,-0.48278669579249356,2.0088298320770264,0.06912273913621902,0.5017234086990356,-1.781933708815033,-129.88030910583456,-5.052513763980103,3.4794270992279053,0.02036500908434391,0.5817599892616272,37.44798061526646,9.793593099922429,1.2571149615772585,1,1,1,1,1,1,1
pi2_causal_upstream_000597,upstream,da436604f1e562da89994817fd6f27d15f62c441e706c29595823d0237f9859f,fd1e43b7000cc25cfe4b396b921c9f741c6f408b2a80fc495441f2c58a0a8426,dense_v1_train_x2.98_family4,5bb3df4435c2f4fe17902c963fe982e4c222eaef95f514955209242b9862f889,116d777dde6ba79784f09edfef8b2fa85be927af78b852db5dee1b0ddb36cdef,dense_v1_train_x2.98_family4/variant_4,30,0.24763634204864504,-25.359093907024786,-194.46126401030085,44.91955186910009,391.9937089205196,-1.9280974445353154,0.48764009952545173,-0.5630331913604558,1.9972522258758545,0.07100658863782883,0.5268025398254395,-2.403548478125953,-33.53898480609271,-3.139911385988439,3.5587782859802246,0.02318350039422512,0.6078487038612366,36.76958573633328,15.091548857953294,1.1808290463525521,1,1,1,1,1,1,1
pi2_causal_upstream_000598,upstream,e9858f1bd2e4905d8e72db08069e9fe083aabb0ab1a928a889cd2b1cd709be8d,c258cdc19f3684ee8dde0f28ef73c8914e994927406b4f9b7c53f650384b7c09,dense_v1_train_x2.98_family4,c7a62edd119be231e3600dd0554a3171497ca3efc8f7bf930b4d9ef259a75aa1,28fb452cdf8773fd0fa0d897ac5bd84567e9a178d8f8f7e703209b1d084908dc,dense_v1_train_x2.98_family4/variant_4,31,0.1225241243839264,-35.753550701064285,-449.28315001805214,57.48649888527659,571.9787831359503,0.6380257859705606,0.6112224006652832,-0.6160857078019275,1.9630931615829468,0.0740412026643753,0.8052557706832886,-2.835208963151354,90.77298184303768,-0.8160180680670559,3.5980582237243652,0.024666301906108856,0.625914990901947,36.44067456175674,17.387494749338277,1.1558596697584276,1,1,1,1,1,1,1
pi2_causal_upstream_000599,upstream,719f43badad89f10b06d7dfea73b31b5a198f5a40d75125bd52124efa9295763,8baa739b591cbd275e7c70d63bdaf5423c79bc9e90fd76fc5eab1dab3f7ea110,dense_v1_train_x2.98_family4,e66e15299b40f4b80ef3d6887b09ec6d8df28eaf50a2c70dca4514abcf19924f,66725e9cf14c790baee63d32c9807d042284ae0b34ad14b985f15696064fff80,dense_v1_train_x2.98_family4/variant_4,32,0.26161232948303226,-45.95898713246555,-388.4437317597838,73.41212312391517,790.6833528127262,1.5177742576270372,0.789878158569336,-0.6808679045317634,2.0365748405456543,0.07809387892484665,1.0327870845794678,-3.3842853092077405,-55.4369776814092,-4.272324733864819,3.638193368911743,0.02622469700872898,0.6478800773620605,35.373723881319876,26.8254945406915,1.1032824521590034,1,1,1,1,1,1,1
pi2_causal_upstream_000600,upstream,e6be8fa538227c057eccf23c2f4b153f77a35e3de35219d53bd5d07942e1b304,2baaf8069f75a8ecd44645e00eb62e89f77b68a0af57e21aeb55c5c235f7a9ea,dense_v1_train_x2.98_family4,d4cbb9386d7bbc6d68a93794c7f025b51f9e8c55e683dc2d789f467d60d5f8ae,4408b456a18eaecad877ccbfadfa30576f9926cb9e853fd60da8061966df552c,dense_v1_train_x2.98_family4/variant_4,33,0.3904654121398926,-53.65718064786562,-281.95657467443283,91.77113202796501,890.0736428221104,-0.7632663682029845,0.9512779808044435,-0.762472801167034,2.061143159866333,0.0794546827673912,1.1779682636260986,-4.674817536369916,-187.55207687234773,-5.974392507106364,3.6791961193084717,0.027829695492982864,0.6727796196937561,33.73591965043168,35.25918160893876,1.0363551563204354,1,1,1,1,1,1,1
pi2_causal_upstream_000601,upstream,5cb9f474a0f867dddb3794b411e03624b83b41aba4e7ad59ef69dfb380883ee3,b029f78b4bf222bdeaa14735332af26590afa086a5327214a713c0a9a4d84598,dense_v1_train_x2.98_family4,597f325e96e70da1eaf1b51a6e25c58d2022249a294e6e7136af5d42cd03f994,113c12bfbbb018194f7baee3398c75fc712c38fc191c04f64c7e5fa14d497256,dense_v1_train_x2.98_family4/variant_4,35,0.3528367137908936,-63.26648499869735,-145.19512318737722,119.31045476145641,491.868751115678,-6.675823894695058,0.9062202739715577,-0.9949010861357852,1.96955406665802,0.07017543166875839,0.28435733914375305,-7.116719447676194,-150.68573467623204,-3.5690060677634428,3.7587597370147705,0.030836837366223335,0.7043748497962952,35.87911348367121,-8.839291021919294,0.9473714915518291,1,1,1,1,1,1,1
pi2_causal_downstream_000602,downstream,e64a844534aa22d23dc9b313bf71e66bc907e4cc87ffe05a681c5b6c8198808d,bda0b8012f353f675e8fb944d46c980975d529e18ffef8915f73dff870f46559,dense_v1_train_x2.98_family4,03ae15e1ff0988883aa502c875a26df7ebd828255a20886ba4f1d9ab98e0d98b,371e4c046efcef38a27c1b29dba130ab071eae04b95a3a54fc1df42df0e003d5,dense_v1_train_x2.98_family4/variant_4,36,0.3364490556716919,-66.26339442158053,-96.94751383386422,127.60308305541727,340.75734538999245,-9.106000730744539,0.8876124382019044,-1.144654972836375,1.9585082530975342,0.06550323963165283,-0.19661952555179596,-8.0786299295279,-135.45265063829774,-3.1528193763027055,3.7976315021514893,0.03219877928495407,0.7055950164794922,35.02649072429477,12.46556224945777,0.9335872065326961,1,1,1,1,1,1,1
pi2_causal_downstream_000603,downstream,1fc55ee69e361ce4d906866602dddd60cdaae15b7330884ae38fc6c940721e38,49bc6892206af0a3fe358ec62511e7eb6faf9d54bd462529a09ef042fac1588b,dense_v1_train_x2.98_family4,3f7cd534a8fcb53e28329a330eb20a25f12e6f020c29512cf249cee64b860130,f666db5c1b9f58b54817e5974a72649c0f73f168666f20084b2dad2257c740b0,dense_v1_train_x2.98_family4/variant_4,37,0.3083650350570679,-68.37493374311163,-60.153243793870516,132.8214158831987,193.8095546804549,-11.150478549727037,0.8591946315765382,-1.311262234487081,1.9603193998336792,0.060392946004867554,-0.69832843542099,-8.639689842483072,-112.20664821329295,-2.938552286614586,3.836409568786621,0.0334627591073513,0.6967078447341919,31.05831132596285,66.78119789274837,0.9356457294986945,1,1,1,1,1,1,1
pi2_causal_downstream_000604,downstream,8af63752f34caac5c50159611006438178a0dd14a83fa971c162ac384e865bc0,93241310a1386d5c312e0aa2ba06255baabd0330c16fbee85c76207cbf397b55,dense_v1_train_x2.98_family4,1e399d89d02ec2ec65581b737db2f691e3a5aa1fea5f633e82f8d66422309181,0df9a49b0accdacf73199f440169784233c332713ab1778088c80376e3a3b231,dense_v1_train_x2.98_family4/variant_4,38,0.17983532428741456,-69.5841914149057,-18.81637544634682,132.6978304403565,-205.55294480726795,-11.910987608990235,0.7125277900695801,-1.466587104575057,1.999964714050293,0.04634515196084976,-1.7618849277496338,-7.0604181983477785,7.828388873811557,-1.3175759342940172,3.8756139278411865,0.03453676402568817,0.6722893714904785,29.835758690949344,33.98118491333767,0.9205692455474095,1,1,1,1,1,1,1
pi2_causal_downstream_000605,downstream,32b5bb690c0f55026e6b249ff4cca0fd62b98a73dffc75afe5759535fdbe618e,6020e411b9d7c99065e15d688f52bd13cdbfb52c26b89c5061f3c1afb9dbfde0,dense_v1_train_x2.98_family4,20598ad3e1ba52e5ce460691afbb1159239cfabd2ab4df43c22e3d4c47bbc0bf,3a91fedce5925bf2b3b9c4af4b4ef47b0eaa6000fca5969707fffcc07f2b11eb,dense_v1_train_x2.98_family4/variant_4,40,0.07962103128433229,-70.86468112955384,3.8785703046291076,116.7788861267262,-411.4542839037199,-7.745607506982215,0.6028712749481202,-1.666129067005538,2.026742696762085,0.04205526411533356,-2.4949986934661865,-4.67318896313969,97.57869844525428,-0.3792064197882751,3.955883264541626,0.03617860749363899,0.580012321472168,28.09890134917034,16.55586116128128,0.8042949780083861,1,1,1,1,1,1,1
pi2_causal_downstream_000606,downstream,8572b06ce6ec6b920836956d1e52d5dd10688fc256a1e59de22933b2f36e22ce,b00e6ae78168c56cc066313119d2e2af6c5a8726d210056f9fc4b1a2b1a0fc34,dense_v1_train_x2.98_family4,3a9503bdea9b211da6b115f868c1a8bcc68f21d67d0b79e2b86671a319234731,e6a5d95c64cb92c9407207ba6c00a81ca0973b6a16044a5b8bc2f1bc555d1a09,dense_v1_train_x2.98_family4/variant_4,41,0.17133901834487916,-71.1163531099013,16.481183287990945,110.97155876605788,-197.14607476924945,-6.4310120801039865,0.711221685409546,-1.7529387773052312,1.9956681728363037,0.0516650527715683,-2.275604486465454,-4.569156644343933,8.899949931938178,-2.091183863700583,3.995713472366333,0.03713874891400337,0.5332285761833191,26.284442813136234,35.13984112866571,0.750149802830201,1,1,1,1,1,1,1
pi2_causal_downstream_000607,downstream,e56a09eae7fd0d845a363ad8d324455321c6f0d2da48fccdcc1496d803c66c26,8093efe5eca06f15d9d9d2f06731ae8074c41f6c83d27dc9a742b1357491a9d6,dense_v1_train_x2.98_family4,eaa41d8e0285583fd3e0eeab2eb55edfd615ef92bc80c3cd31218a4f4fb4e311,51565903c4b4b8fdc522b68a4cde829f3561ed7d1ec67297e5399d89926fc790,dense_v1_train_x2.98_family4/variant_4,42,0.26176865816116335,-71.17578258586958,25.192280196925562,109.4649283181798,-0.7041656629193106,-6.927314664879337,0.8154749393463135,-1.8431740842024718,1.9655672311782837,0.059961557388305664,-2.12473201751709,-4.651429687991322,-76.40908035812252,-3.7484577622613036,4.034888744354248,0.03828718513250351,0.49041852355003357,23.8624611485443,48.39249474128189,0.7190253507901782,1,1,1,1,1,1,1
pi2_causal_downstream_000608,downstream,5146c0631cb554b866813309f689137aa15e835c53c5c34cc503e472ac4467cd,d5f1448668a5740642de8447910e8d3855adaa93f7189cdf9a4862d0cad0693b,dense_v1_train_x2.98_family4,4b7576e30925fd6e4d17c8662ca7d553c119e2b5734d2cf3344d4f6cc391d339,5b0a2718a7a9d7c8e3ea2711c7f5cd466a6c825d2e47be995f6500febcdb3a76,dense_v1_train_x2.98_family4/variant_4,44,0.27937643766403203,-71.18178632215003,22.281946836866883,110.87156479660891,51.655047296459784,-9.804143069831955,0.8398547363281251,-2.0310149191335314,1.9489326477050781,0.06255818903446198,-2.405672073364258,-4.8436982324667115,-96.37239141518164,-4.333739233560634,4.112367630004883,0.04078172519803047,0.4011410176753998,18.708371372548704,62.64456895401101,0.6846621816875513,1,1,1,1,1,1,1
pi2_causal_downstream_000609,downstream,4850917b9ff9573d52a3c513434075bb59a279926027a9f7d88c29cba593f645,8f4717500c2ba5923147f852afa15e3c6caeab54ec8b88d51a9d00de31bb456d,dense_v1_train_x2.98_family4,bdcee9af6ab27b66bf614fbcdedc5d0fd2707599c38708b79c59c5fb8868f75c,6f63f8a1028a6b95bb0df45d410e8e93dfd4f519516bf65ea06feeac9b1a20a3,dense_v1_train_x2.98_family4/variant_4,45,0.23890016078948978,-71.18333677509162,22.00439697730154,110.9091923087465,-25.987092235167022,-10.982437687967876,0.8007570457458497,-2.126184397692901,1.9687767028808594,0.05885624140501022,-2.7295663356781006,-4.753638773165509,-64.38893096614056,-3.9261434259718926,4.151237964630127,0.04200013354420662,0.34969910979270935,14.54337153554641,82.40045399616601,0.6684353752484795,1,1,1,1,1,1,1
pi2_causal_upstream_000610,upstream,ba5803b88e8066cec116aa3f7101e5440dfc898ab879edc182b0a7702e96f240,a13407b77f7a811cfb97630988eff43407574cb40bba3b765bb6a89d8dc30db3,dense_v1_train_x2.98_family4,7548a784bf085bab90b1863448944e3315ad4aefcbda7f4b6db766a5ecfca957,ba202e5e7bf6f4659b57e689bd0c8b807d6e3d0791bcc132af303a5ec7e088a1,dense_v1_train_x2.98_family4/variant_9,10,0.5241552209854127,-45.781812025395425,656.4464212051773,104.46686909113126,-1021.2301044724702,0.11795789931861328,-0.6711460685729981,-0.18539453826127408,0.38259080052375793,0.020663883537054062,0.07231275737285614,4.069064707467587,69.38089766444945,12.506381167485058,2.8495397567749023,0.0011791782453656197,0.11888562142848969,3.9204099090504902,-88.33722027179525,1.5548227848903535,1,1,1,1,1,1,1
pi2_causal_upstream_000611,upstream,b911927ed10f8a454136fca094077d416e25b9c2cb09ceee33b6ca8340df2ba2,b0f7290d9a54b6d252d0711c56d27ee0e231e9cd8428c419312dff0a1bf85ff6,dense_v1_train_x2.98_family4,e9f1b9b9fa59957f2a0e9a2cf580e4bc2cae64a9e76900e00a32900fe353df4e,de470486e5afd1b7bdb45778c51ca912d642339b74a473d22a5feb1606c7496a,dense_v1_train_x2.98_family4/variant_9,13,-1.2020480728149414,-38.0865247554872,-648.1459928351843,31.707288580140784,-610.4188692187286,26.968984109159354,-1.5663510704040529,-0.12120552586422802,1.2352107763290405,0.0022524865344166756,3.445265054702759,-6.323695638336809,802.0605355169998,13.806357411835245,2.8870623111724854,0.0009135403670370579,0.20354196429252625,-1.858375585180229,15.989228667737022,2.2978749225388335,1,1,1,1,1,1,1
pi2_causal_upstream_000612,upstream,a8c995c24f53b3c1c2877709ffe63976425f406a7e331bb194666536819713d9,dba1cac083bebddf3744181d926998e6c3c6c10dbd03a2392e79e9f727581613,dense_v1_train_x2.98_family4,c7959f726bae8bf31fe250546fd400a1ac82e0a0c8e8c8374c11458382da79be,8cb876b8d2729cc7ceb3d0bc4277827d6aead769063f442957230503e95b13b7,dense_v1_train_x2.98_family4/variant_9,15,0.17960441112518313,-57.405472351152724,-243.58099289817608,54.86740137633267,1402.9631480519597,33.76031109818553,-0.12485338330268861,-0.35779488148004046,2.2551825046539307,0.04539688304066658,3.573117733001709,2.095279842768475,-377.7976251835116,-17.67252537359208,2.9605374336242676,0.0021747529972344637,0.3405812084674835,27.230589645270374,160.18677369852992,1.8787935127883681,1,1,1,1,1,1,1
pi2_causal_upstream_000613,upstream,1d8824450c2677507931a4fc14b3bc299fea72ea045894363b1b3e07f5735b68,7346b8e02ba465fd96ce6ac3afad7dee70a2071fc8e4ece0099882be792b82d4,dense_v1_train_x2.98_family4,160cd279d47ca18258981e776fd6130bc444fa045a7d535cbc7807e9b3784c1e,adc0519c658e236250f504a2222c4b147962bfe7ae9a23ce0487aef6058895d4,dense_v1_train_x2.98_family4/variant_9,16,-0.03492624998092652,-60.612696958958935,-168.3530298324672,76.94790032136649,911.7067643765084,27.4469895340597,-0.31284397602081304,-0.5331929314716674,2.0827672481536865,0.03311121463775635,3.4240756034851074,-2.925467351712134,-223.9175339758697,-12.161168038906983,3.0036404132843018,0.0029422701336443424,0.40984565019607544,42.62938944039481,108.01935293129245,1.5220920694055078,1,1,1,1,1,1,1
pi2_causal_upstream_000614,upstream,1ffa933c295e17b3d5ee3e1899737cf67d3dd76ae4b084ca63817fa65d6edbae,1e00590e2acddbe61e34c3f41e87c165080c011f37e96f88449905c88b9422e8,dense_v1_train_x2.98_family4,3f3682ceba8c32e7acab6da9e7779ec435e80c1d6b4edc12b79cd08e5dbb8fd4,451ae4b2f45ba6d5619e4064e527b4824b0d2a7c7383d697de86e044d740871c,dense_v1_train_x2.98_family4/variant_9,17,-0.28485802173614505,-62.92050859647952,-125.73407009093499,87.42646235729823,175.24339296906774,25.406381616075908,-0.6510735797882081,-0.6842860619348113,1.6461193561553955,0.014946477487683296,2.4394001960754395,-5.101765831198242,52.94536565332357,-4.509154286259018,3.0409481525421143,0.0034134096931666136,0.46808746457099915,37.34379290966709,-140.47775741445952,1.3804644307128493,1,1,1,1,1,1,1
pi2_causal_upstream_000615,upstream,7613f896dfaa7a2336a5696acfdc897db0f72ca112a1febf66c4c787e7e47c67,f36dced59b24a506786e7791ad203e8de9c6d06d702526e54a0ead3ce0cab8b1,dense_v1_train_x2.98_family4,6d31c4e6d71aee6799657a23da0f6d7eaf229b6e4e919e1797618c836fbf4668,a33c1823d8c5cc3ae10d6c233468d07e92f73984661a059ed3155184ef2c5045,dense_v1_train_x2.98_family4/variant_9,19,-0.3224468994140625,-58.20860697489785,314.1349345714402,69.90847513631957,-768.5762161299293,30.136507105158298,-0.7078184700012208,-0.9451859118518955,1.095950722694397,-0.012370414100587368,0.6757149696350098,-3.847776823642928,99.39949710438545,-1.6403855087859234,3.0921432971954346,0.0032812512945383787,0.5202385783195496,30.79395909942126,40.866599577884564,1.2260031870427264,1,1,1,1,1,1,1
pi2_causal_upstream_000616,upstream,c9546138d07e0b06c50ab29bb34887accb5e7a269a57bc95ca32e32f9d55f47f,0ab2ec9fa30276f1be86e5a2286af5b4e55a4f47408fde7324fb84be3cf87595,dense_v1_train_x2.98_family4,6e83e8f26b31e9fc6dff5f1031b57e2e83369bff312969bd5fb6bae7f630b2e7,dc1ad7d4abd73915f1489085ca86c7445d1bfbe06be1c874f575da10185494e5,dense_v1_train_x2.98_family4/variant_9,21,-0.08667334556579591,-38.54435916574232,433.8942966859065,39.25191895243145,-543.5460170175079,28.003936417912936,-0.45650380611419683,-1.120242411161817,1.2985897064208984,0.0007339760195463896,0.7191274166107178,-2.0863679400054895,-106.28645197659017,-6.595187120108354,3.1377573013305664,0.002874403726309538,0.541485071182251,26.335804128147437,31.821974286494466,1.1071698367876237,1,1,1,0,1,1,1
pi2_causal_upstream_000617,upstream,a5929c15128286b28a1bb4e502cd5f0c49d5539b68bfba8d52fb5504a5685fd6,3b90a8e083cda702a7d9c172355f9efe3d73292ad76c8fda465f5c3e0d3c547c,dense_v1_train_x2.98_family4,b5c7a83a3cb8264038180085a8017d4bbea7a26a45febe647aa92ac63f690eab,933819653842b70f456f97062c10248f99cbf3b1980b4791e387260666997463,dense_v1_train_x2.98_family4/variant_9,23,-0.058278073668479924,-18.059170429675454,325.9678548178938,20.244231614979867,-199.18850623675837,19.92271083723345,-0.38488037109375006,-1.325966559903846,1.5412176847457886,0.015487773343920708,0.7238826155662537,-3.137113356306261,-164.91723977427569,-11.969337907198943,3.193077802658081,0.0031072665005922318,0.5659040808677673,32.268924790307175,-86.48283757251512,0.7957226850818747,1,1,1,1,1,1,1
pi2_causal_upstream_000618,upstream,5bea13caf4da980c82c0848ec362ae03c5fa91590c7017adf8759ae811dba698,4ec28df42da1ab3384a43a6c125b0dce9252f432146e2e4b8ed3768ea4117f45,dense_v1_train_x2.98_family4,f8476c73c299e471b5c726aa57dcccaf9796b0c7e1415bdc37d0e0a7f8f9a9d4,ba90aed4b817ec96b078e27aba6908afe1e7f117c77b168980a24fdbd4e41db0,dense_v1_train_x2.98_family4/variant_9,24,-0.0777736008167267,-10.903456151367187,199.88450251318267,18.35912160217115,64.49633569083902,15.241370639265904,-0.3792876195907593,-1.4730180663632855,1.6818363666534424,0.02107374742627144,0.6833441853523254,-4.713328277344563,-169.53140138883447,-15.295115815976354,3.2253897190093994,0.0034626773558557034,0.5785139799118042,35.47586253016824,-90.03510967681203,0.5528680913699687,1,1,1,1,1,1,1
pi2_causal_upstream_000619,upstream,126668cfeefdb70b0e3cb90be278e310dc732646d7a06153c6b0d2642ae3543d,726a829685c1b6a59a1226354a04071df68d6e348df1f864924a6c5ce566c033,dense_v1_train_x2.98_family4,fa76fec7e6526c154e7fce1b572d7cec8ee7e878570a4dd14f9a854aaf95f48d,9f43b112e2c059d3770650a5b4a2093cdd18b1040b781c8988a8baa7e3eb28e3,dense_v1_train_x2.98_family4/variant_9,26,-0.20555709123611451,-5.229846392287968,-49.930496248017846,30.469484132710637,253.9754479846683,6.498845350779593,-0.5338937950134278,-1.8413280596946058,1.7665327787399292,0.024606121703982353,0.5778908133506775,-7.702125143041055,-42.93193608477511,-13.758843200874052,3.2986538410186768,0.004413333721458912,0.603365421295166,32.459968596487016,57.028391267454666,0.035508526135233386,1,1,1,1,1,1,1
pi2_causal_upstream_000620,upstream,b33d94f28b670d91a9bbed9d124f7afba643f1b314a6b91ac1c2b9205990a99f,eb214e7168688a71236b3ae18b65bbcf6c79f9bb390604036830f027b8bff37e,dense_v1_train_x2.98_family4,c51d722b0ee421a0c9422e758ad7afb551e3235aff64481bc90746b2f236d796,ed302a812e9f00a4aa32e90e7b8586ad4d1adc5f61664f844871a8fa9302ceac,dense_v1_train_x2.98_family4/variant_9,27,-0.10848073720932008,-10.266253289544713,-244.4648740182891,46.24348158686951,936.4531407961116,4.626924529931602,-0.3971725749969483,-2.058338692675006,2.2453958988189697,0.04109727591276169,1.0498318672180176,-10.009767733379686,-154.85021029621555,-16.537692858089045,3.3405683040618896,0.005140854511409998,0.6214079260826111,38.337199528215834,-106.54943475020318,-0.2712835773243003,1,1,1,1,1,1,1
pi2_causal_upstream_000621,upstream,ac4d5273516f060626497fcbdfe9c8abb6d1b642c1f31e0d8f2fe2a42f9a5d69,75c8ab753389dfd61c72c9594d1c8103be6daa277160d6ef82f06f5e0487f188,dense_v1_train_x2.98_family4,0c8c9d02d24ef2c2872f251341f24441d78f79779edbdabfdfbc7fc39f5964c5,efdb2c4c9aed6cc84741f3b473ed994edc67cc92ddf505e90a38df46d617c384,dense_v1_train_x2.98_family4/variant_9,28,-0.3652780866622925,-23.222059196869317,-658.0058899964746,69.7150441790248,1093.572845368604,6.06630771400782,-0.7235210990905763,-2.264093724328419,2.356231451034546,0.0658138170838356,1.6324549913406372,-9.146049331696553,112.29231927605242,-6.520148527452478,3.3878750801086426,0.006345713976770639,0.6523644328117371,38.39133219248277,-33.007845390570424,-0.5228887870415848,1,1,1,1,1,1,1
pi2_causal_upstream_000622,upstream,395f02b514df881fdb1ca14d745aa618b4a8b0c96f2d2fbad8d7ebdc03b7f5ae,8e245a89c4dbac15b186919a456d4a362dbb512a9971e7a084a2e5b85ba87127,dense_v1_train_x2.98_family4,771f4f5c763b24052dfbe2bc791f1102e88b678a27be107f6cdf02d3aef72d07,c723b8bb9f6dce949102627f3717af6c35bf82e8fe5ab1059ca7ae6089274015,dense_v1_train_x2.98_family4/variant_9,29,-0.3828225135803223,-36.406281144191134,-609.8519088761042,90.66684753352486,942.5380197238925,8.641859749914683,-0.7459681415557862,-2.4807941659885753,2.321920156478882,0.07105406373739243,1.6001845598220825,-10.558665640744005,130.69394856052315,-3.8694686506732423,3.435213565826416,0.00776195852085948,0.6860252618789673,34.90791522520876,43.387806815643856,-0.7146323759587837,1,1,1,1,1,1,1
pi2_causal_upstream_000623,upstream,74e6c5128414e990c4f6b52b1d304b0fb1ae4ec515bdcbea53ca30b1daf5b0ca,078cd9779b9189e98b388c7b82c11ad2f4ee6059adf301cf48d08a054ee75f90,dense_v1_train_x2.98_family4,669dc0175991e13827cca31d6970afb9e44f10bb24181c8754e15ef08e44401e,ed1a8d21947750aced594bef88f899508448ebc5426ddffa68d0e3c54ffa108a,dense_v1_train_x2.98_family4/variant_9,30,-0.35262712955474856,-46.387335616073734,-459.94340874628455,106.95929391172812,703.0840456882916,10.52445970490403,-0.7173927879333497,-2.7358858985541885,2.174097776412964,0.06062113493680954,1.157529354095459,-12.79536134862642,107.27004019820703,-2.577514676946647,3.4803621768951416,0.00906391255557537,0.7132919430732727,31.437028239967134,57.69395222093738,-0.8563274596237114,1,1,1,1,1,1,1
pi2_causal_upstream_000624,upstream,02fe8e1ce73204e1632437b7344fd7c40b1fde6c0475af8096e2c9d9863461cf,0e9af52aca58b4c0af40b3372a809aa45c18317ae840b50f5889705213373a53,dense_v1_train_x2.98_family4,34f40ed0926b19777ab1879a07095e7f05bb64dc5d425990b12ebcb407250917,a2b55340bd97d5699a32294ec047229f2ba3aa003aec54232450461d56b6daeb,dense_v1_train_x2.98_family4/variant_9,32,-0.3415558481216431,-59.14194549479092,-260.7137028084527,127.32352341268866,351.12740304076937,13.589188444756775,-0.7026236248016358,-3.4042925840264764,1.8913273811340332,0.03179531544446945,0.1646306812763214,-18.029295182245818,95.17900027282951,-0.8563525229109497,3.561721086502075,0.01085479836910963,0.7383832931518555,31.000179585936873,7.812168882080069,-1.0958617738099516,1,1,1,1,1,1,1
pi2_causal_downstream_000625,downstream,a7cc220fcd94966b00de727a4f39efc3f03296080fd746074a276bc2c69aba24,5418be9d18040b56f5be891a4fb77714ca034b7fed7e6b5ffbedf44592c6daa9,dense_v1_train_x2.98_family4,3139770ec153217fca2c125b33b70c201c212a99116ab172652037a68a8131a6,a3ed41426a5c50efcddf912980db79a224e29e6ce5dd8142a42f7c9b820971bb,dense_v1_train_x2.98_family4/variant_9,33,-0.33718542098999027,-62.933199087957405,-192.59593934797036,133.07555356183656,236.11423009751815,14.974106935544809,-0.6984722614288331,-3.8151745143643687,1.789618968963623,0.018351107835769653,-0.26998499035835266,-20.307820676152684,91.77513451881863,-0.4146584899947998,3.5986695289611816,0.011312272399663925,0.7366195321083069,29.897766563329306,13.45618556591974,-1.200912512623071,1,1,1,1,1,1,1
pi2_causal_downstream_000626,downstream,26f53a9290f4b0d93632c482cc072acb0096d3d02a83b249b25bcdf94c23f481,0354981df673decc92d127838b8b982f0a7e569e74616ffce4aafb92857497b8,dense_v1_train_x2.98_family4,439d2e8ace061a012d68312fe4572888c6ea1bd39961f6f1656f91ee81df3ff8,be4d68969320937b80104d6f14f139e986adefc889ae3692d78fafadc2267052,dense_v1_train_x2.98_family4/variant_9,34,-0.3191731929779053,-65.44980277821611,-136.78196937532232,136.8706662118841,154.1568641331892,16.248757895540518,-0.691102867126465,-4.255856949161853,1.716435194015503,0.007121853064745665,-0.6474660634994507,-21.952977605682392,85.75809986006341,0.019123115613434098,3.6338837146759033,0.011519765481352806,0.7266914248466492,17.934452882978313,-10.355625461060683,-1.2694791810699722,1,1,1,1,1,1,1
pi2_causal_downstream_000627,downstream,fa3d483a3fd56a30f5a345d50ebaebe199496bd8e3ea95e51679b7ceb78cc013,39a4226730dc38cca4baa39861e12718051e1e4876f18f91d73dbb5572780021,dense_v1_train_x2.98_family4,3a5b6d3e89c4b3c3455b5f60e01731453b1177cd353d0fa49e4f4b9ff65e9dcc,47598bed4796783db70a056cb3e6021551e9bf402c648573e96994a7c9f33f87,dense_v1_train_x2.98_family4/variant_9,36,-0.2996359968185425,-68.02038545348543,-70.20722078042675,140.83365125135222,61.742553681651614,18.577927861130448,-0.6815866947174073,-5.233596374000589,1.6330397129058838,-0.008106720633804798,-1.2466999292373657,-24.015580329357643,77.98012632006301,0.578112707517727,3.7010200023651123,0.011365117505192757,0.6869735717773438,9.262780679706657,72.0450402709696,-1.4421331873134717,1,1,1,1,1,1,1
pi2_causal_downstream_000628,downstream,8f7c5ad29769efa347dd59a45b7f3be1d34b606f7d09f9327105a2da0137b3f7,84042f5bb0d51e298589900e52dd669017282b950001b6f9722eafc1dcbca8d4,dense_v1_train_x2.98_family4,5fbb9514b8dbc95205001bcb425fd4cf657425f9ceefb68d4e405282e2a52df3,530838b6b077620d2c06609e1c90fa7cc119970db2f41f944b017b1a254108fa,dense_v1_train_x2.98_family4/variant_9,37,-0.2927463531494141,-68.50909231878902,-50.421593679530936,141.7691276204555,38.388760626260265,19.635842940822485,-0.6771560192108155,-5.748430776651704,1.6128358840942383,-0.012535505928099155,-1.4943475723266602,-24.527508130291977,74.37612236299242,1.093075086795103,3.733642816543579,0.011095783673226833,0.6588832139968872,6.9574193725508096,47.63917268715367,-1.5275701251495222,1,1,1,1,1,1,1
pi2_causal_downstream_000629,downstream,727f4358340e395f9aed359b378085f631488fc1bcbe33b7fb042ae06003a45f,865b02bf257074da638d5e31647ecbb47a8d327d7979fcc0873dabb99345631e,dense_v1_train_x2.98_family4,89b92e66b7e2ebd057dc8a65744c9565baab08edec6d4adeff6f12d686b11c4b,128054a934c1781da0f24aed660a8900f30f620cbd6fdf6ba4119e86c5da5f7f,dense_v1_train_x2.98_family4/variant_9,39,-0.23271246910095217,-67.32944351704694,37.18769576637561,142.59943273671894,14.002110633447812,20.7995925490823,-0.6211520671844483,-6.763938571865496,1.6051961183547974,-0.022481108084321022,-1.9805569648742676,-24.94022401843729,28.54202694704784,2.1974430376091756,3.7982017993927,0.010239060036838055,0.5878424048423767,2.356987718884211,30.913282504221385,-1.5878585533012881,1,1,1,1,1,1,1
pi2_causal_downstream_000630,downstream,8a349c3fe80cfbc62a0e27e8f43d60438a07891c55422824a1dc0902d47423f3,22bc9248a4d05bf60009f4498002a57656ee83081c82e3f3c25a6627db9b9431,dense_v1_train_x2.98_family4,e6d0ed86ad3ef829eefc5ae9d8972038de6f3a22b76bc4b350bc9732de19e78b,31e33e6eaa3eeb2cff965c784feef525f5a15918f20f8119b6a58199d57bd234,dense_v1_train_x2.98_family4/variant_9,40,-0.1815095114707947,-64.39363696647871,105.32806032282149,142.7061066311762,9.768882329278968,20.0345213324736,-0.5707271480560303,-7.211418859822033,1.6161293983459473,-0.028033139184117317,-2.220844268798828,-24.80090352729466,-12.727623801306466,3.3810926226575826,3.830606698989868,0.009576134383678436,0.5444961190223694,1.389523439463639,18.220881988464676,-1.4349363947511788,1,1,1,1,1,1,1
pi2_causal_downstream_000631,downstream,aeb2f6e71a8ca6b54d394d085192a33c4a1d3d1df7164a0fd3ca828437873223,73bf6612c0095008397fb0e91faf22b4208d153e604be47e1a1bbc98e4d0c851,dense_v1_train_x2.98_family4,57e3e10b4656570d0d22649a9ef829c1f7d1583ace48d30bb7e7b3a166a4546f,7b349c2b5a9f98b5eac38782b860905160f429cc92d1684fa0f9ddc751404c59,dense_v1_train_x2.98_family4/variant_9,42,-0.16927239894866944,-57.318469401505105,119.51649424795902,142.86149343479397,10.148240427291585,17.78928744139905,-0.5595213174819946,-8.022773484757026,1.6308021545410156,-0.026186786592006683,-2.5963451862335205,-23.873567036134737,-21.903673885158653,6.8767048926946535,3.8958992958068848,0.008209865540266037,0.4459982216358185,-0.15605899028165454,12.675833891924844,-0.9111924826662734,1,1,1,1,1,1,1
pi2_causal_downstream_000632,downstream,05ef646ed76fd7fb555b5755b87fe6491ba0a2470e34c7d5d926ee29172975c3,8c2a949107040f4ddfe9aa4b59733b86c2a6b580930f659e64c6024893ec3957,dense_v1_train_x2.98_family4,38b21e0186e868cb2b2764f4727b2ea2c4dae0cc5dcf3ff56d190e7b9fcd19c0,7061bd8e41fa0e6bdf94c7853d4e72127ef5d24365eddb12783115c01c883698,dense_v1_train_x2.98_family4/variant_9,43,-0.19028351068496707,-53.82837250922282,107.37876314941529,142.4647414062863,-26.323429532918666,16.838593755437124,-0.5810650348663331,-8.402177874698591,1.5771920680999756,-0.033062197268009186,-2.837034225463867,-22.777890287596094,-4.273654486318856,8.554123793882091,3.927997350692749,0.007455932442098856,0.39052098989486694,-1.263696734078312,16.605559325229585,-0.6081185962946273,1,1,1,1,1,1,1
pi2_causal_downstream_000633,downstream,7f988664cba86f4fe77536b051dc8998a3dd78fe39e81ffd495d94ed90090174,d8bce997bf52082e0b17fab3af46ad2817151ce677502ab8c6a3e750b0d2ae52,dense_v1_train_x2.98_family4,cfd52da36e858f488cb9aa36f1e5653c2611c5befed5c375e6a681309876039d,03791669b449ffdba723f6c92d0a3dfced9a9fdec139b34cb66f665e73dc06d9,dense_v1_train_x2.98_family4/variant_9,45,4.54023796081543,-40.337403351181145,631.7579101482225,144.29131157526612,250.64810767011824,8.535544693815798,0.11170143008232118,-10.042791167502326,2.761286973953247,-0.08916695415973663,-1.0853073596954346,-136.74867903330767,-571.2980591625102,-74.74260299309863,4.003536701202393,0.005806098226457834,0.288800448179245,-5.8950974259371005,149.41260107532,0.3272849375648281,1,1,1,1,1,1,1
pi2_causal_upstream_000634,upstream,c7c9e23d385af245ef0ad00c5abbfcf7c866190544fcfb6c604ca4073620fcfc,7da34ade0a1123f51dacb67f1d9cd9f9ee6241a421127473c1ab7c450d1288a3,dense_v1_train_x2.98_family4,f3fbff5ad87e028cc0181724d37b98042d4acab6405b3bddfd9efa71cdf3d02b,af380d4d91aa0ed160151e76097213fbe6840dc6533fb5941ebfe4a509d0d732,dense_v1_train_x2.98_family4/variant_14,10,0.5176550054550172,-45.78037427057514,656.5907840834748,104.46830343085696,-1020.9224727522528,0.11905599193305268,-0.6699872970581056,-0.245892799874785,0.38118863105773926,0.0025366824120283127,0.0736471638083458,-0.4473030589677584,69.32385875469066,-2.6827055665803674,2.849513530731201,0.0008966834284365177,0.11889469623565674,-5.8247554421092556,57.729517015945646,1.35431170274816,1,1,1,1,1,1,1
pi2_causal_upstream_000635,upstream,f8ef87ee94f965fec786c43674f42e40643c847751de4f4be5686cea299aadbe,e9ce71bee6fc2aabdea9a351c6a07a9d5a1191666831a74cd5d0728c4ea20c4a,dense_v1_train_x2.98_family4,8a3c2f8e6e90bdca67a026a210ddf3e006c8c3e3286463b1663fc37e09319116,ee424b570a7f8abb8781751854f98aff24bc71ea0b6a7f9c5bd2b08951b4542e,dense_v1_train_x2.98_family4/variant_14,13,-1.7260472488403322,-34.417630586206904,-536.0212249296615,20.445489969063463,-1454.6113993101953,28.559983539751954,1.9506403732299806,0.2812374920547215,0.981467068195343,0.04471354931592941,3.621131181716919,-18.612386724142514,1054.9105868925035,78.7393291670666,2.882779359817505,0.002574725542217493,0.19979269802570343,-13.690327865762361,11.904701265762172,3.3118477119446292,0,0,0,0,0,0,0
